solid OpenSCAD_Model
  facet normal 0 0.83152 -0.555495
    outer loop
      vertex 120.1 240.279 1.64523
      vertex 2 240.769 2.37871
      vertex 120.1 240.769 2.37871
    endloop
  endfacet
  facet normal 0 0.83152 -0.555495
    outer loop
      vertex 2 240.769 2.37871
      vertex 120.1 240.279 1.64523
      vertex 2 240.279 1.64523
    endloop
  endfacet
  facet normal 0.797529 0.240864 -0.553111
    outer loop
      vertex 123.992 237.574 2.37871
      vertex 123.512 237.479 1.64523
      vertex 123.767 238.319 2.37871
    endloop
  endfacet
  facet normal 0.9386 0.284932 -0.194534
    outer loop
      vertex 124.323 237.64 3.19372
      vertex 124.237 238.514 4.05892
      vertex 124.492 237.674 4.05892
    endloop
  endfacet
  facet normal 0.677806 0.205837 -0.70584
    outer loop
      vertex 123.512 237.479 1.64523
      vertex 122.737 237.892 1.02145
      vertex 123.314 238.131 1.64523
    endloop
  endfacet
  facet normal 0.0979252 0.995194 -0
    outer loop
      vertex 120.974 241.192 4.05892
      vertex 120.1 241.278 140
      vertex 120.974 241.192 140
    endloop
  endfacet
  facet normal 0.0979252 0.995194 0
    outer loop
      vertex 120.1 241.278 140
      vertex 120.974 241.192 4.05892
      vertex 120.1 241.278 4.05892
    endloop
  endfacet
  facet normal 0 0.555298 -0.831651
    outer loop
      vertex 2 238.921 0.531354
      vertex 120.1 239.655 1.02145
      vertex 120.1 238.921 0.531354
    endloop
  endfacet
  facet normal 0 0.555298 -0.831651
    outer loop
      vertex 120.1 239.655 1.02145
      vertex 2 238.921 0.531354
      vertex 2 239.655 1.02145
    endloop
  endfacet
  facet normal 0.462616 0.864789 -0.195262
    outer loop
      vertex 122.492 240.38 3.19372
      vertex 121.748 240.778 3.19372
      vertex 122.588 240.524 4.05892
    endloop
  endfacet
  facet normal 0.436259 0.815519 -0.380272
    outer loop
      vertex 122.305 240.1 2.37871
      vertex 121.748 240.778 3.19372
      vertex 122.492 240.38 3.19372
    endloop
  endfacet
  facet normal 0.924115 0 -0.382114
    outer loop
      vertex 124.406 19.5 3.19372
      vertex 124.069 236.8 2.37871
      vertex 124.406 236.8 3.19372
    endloop
  endfacet
  facet normal 0.924115 0 -0.382114
    outer loop
      vertex 124.069 236.8 2.37871
      vertex 124.406 19.5 3.19372
      vertex 124.069 19.5 2.37871
    endloop
  endfacet
  facet normal 0.206545 0.677925 -0.705519
    outer loop
      vertex 121.192 239.437 1.02145
      vertex 120.657 239.6 1.02145
      vertex 120.779 240.212 1.64523
    endloop
  endfacet
  facet normal 0.995194 0.0979252 0
    outer loop
      vertex 124.578 236.8 140
      vertex 124.492 237.674 4.05892
      vertex 124.492 237.674 140
    endloop
  endfacet
  facet normal 0.995194 0.0979252 0
    outer loop
      vertex 124.492 237.674 4.05892
      vertex 124.578 236.8 140
      vertex 124.578 236.8 4.05892
    endloop
  endfacet
  facet normal 0 1 0
    outer loop
      vertex 113.19 241.278 86.0596
      vertex 120.1 241.278 140
      vertex 113.6 241.278 86.1
    endloop
  endfacet
  facet normal 0 1 0
    outer loop
      vertex 120.1 241.278 140
      vertex 114.01 241.278 86.0596
      vertex 113.6 241.278 86.1
    endloop
  endfacet
  facet normal 0 1 0
    outer loop
      vertex 120.1 241.278 140
      vertex 114.404 241.278 85.9401
      vertex 114.01 241.278 86.0596
    endloop
  endfacet
  facet normal 0 1 0
    outer loop
      vertex 120.1 241.278 140
      vertex 114.767 241.278 85.7461
      vertex 114.404 241.278 85.9401
    endloop
  endfacet
  facet normal 0 1 0
    outer loop
      vertex 120.1 241.278 140
      vertex 115.085 241.278 85.4849
      vertex 114.767 241.278 85.7461
    endloop
  endfacet
  facet normal 0 1 0
    outer loop
      vertex 120.1 241.278 140
      vertex 115.346 241.278 85.1667
      vertex 115.085 241.278 85.4849
    endloop
  endfacet
  facet normal 0 1 0
    outer loop
      vertex 120.1 241.278 140
      vertex 115.54 241.278 84.8036
      vertex 115.346 241.278 85.1667
    endloop
  endfacet
  facet normal 0 1 0
    outer loop
      vertex 120.1 241.278 140
      vertex 115.66 241.278 84.4097
      vertex 115.54 241.278 84.8036
    endloop
  endfacet
  facet normal 0 1 0
    outer loop
      vertex 120.1 241.278 140
      vertex 115.7 241.278 84
      vertex 115.66 241.278 84.4097
    endloop
  endfacet
  facet normal 0 1 0
    outer loop
      vertex 114.01 241.278 81.9404
      vertex 107.6 241.278 77
      vertex 113.6 241.278 81.9
    endloop
  endfacet
  facet normal 0 1 0
    outer loop
      vertex 114.404 241.278 82.0599
      vertex 107.6 241.278 77
      vertex 114.01 241.278 81.9404
    endloop
  endfacet
  facet normal 0 1 0
    outer loop
      vertex 114.767 241.278 82.2539
      vertex 107.6 241.278 77
      vertex 114.404 241.278 82.0599
    endloop
  endfacet
  facet normal 0 1 -0
    outer loop
      vertex 114.767 241.278 21.7461
      vertex 107.6 241.278 77
      vertex 114.767 241.278 82.2539
    endloop
  endfacet
  facet normal 0 1 0
    outer loop
      vertex 114.767 241.278 21.7461
      vertex 114.767 241.278 82.2539
      vertex 115.085 241.278 82.5151
    endloop
  endfacet
  facet normal 0 1 0
    outer loop
      vertex 115.085 241.278 21.4849
      vertex 115.085 241.278 82.5151
      vertex 115.346 241.278 82.8333
    endloop
  endfacet
  facet normal 0 1 0
    outer loop
      vertex 115.346 241.278 21.1667
      vertex 115.346 241.278 82.8333
      vertex 115.54 241.278 83.1964
    endloop
  endfacet
  facet normal 0 1 0
    outer loop
      vertex 115.54 241.278 20.8036
      vertex 115.54 241.278 83.1964
      vertex 115.66 241.278 83.5903
    endloop
  endfacet
  facet normal 0 1 0
    outer loop
      vertex 120.1 241.278 4.05892
      vertex 115.66 241.278 83.5903
      vertex 115.7 241.278 84
    endloop
  endfacet
  facet normal 0 1 -0
    outer loop
      vertex 120.1 241.278 4.05892
      vertex 115.7 241.278 84
      vertex 120.1 241.278 140
    endloop
  endfacet
  facet normal 0 1 0
    outer loop
      vertex 107.6 241.278 77
      vertex 114.01 241.278 22.0596
      vertex 113.6 241.278 22.1
    endloop
  endfacet
  facet normal 0 1 0
    outer loop
      vertex 107.6 241.278 77
      vertex 114.404 241.278 21.9401
      vertex 114.01 241.278 22.0596
    endloop
  endfacet
  facet normal 0 1 0
    outer loop
      vertex 107.6 241.278 77
      vertex 114.767 241.278 21.7461
      vertex 114.404 241.278 21.9401
    endloop
  endfacet
  facet normal 0 1 0
    outer loop
      vertex 115.085 241.278 82.5151
      vertex 115.085 241.278 21.4849
      vertex 114.767 241.278 21.7461
    endloop
  endfacet
  facet normal 0 1 0
    outer loop
      vertex 115.346 241.278 82.8333
      vertex 115.346 241.278 21.1667
      vertex 115.085 241.278 21.4849
    endloop
  endfacet
  facet normal 0 1 0
    outer loop
      vertex 115.54 241.278 83.1964
      vertex 115.54 241.278 20.8036
      vertex 115.346 241.278 21.1667
    endloop
  endfacet
  facet normal 0 1 0
    outer loop
      vertex 115.66 241.278 83.5903
      vertex 115.66 241.278 20.4097
      vertex 115.54 241.278 20.8036
    endloop
  endfacet
  facet normal 0 1 0
    outer loop
      vertex 115.66 241.278 83.5903
      vertex 120.1 241.278 4.05892
      vertex 115.66 241.278 20.4097
    endloop
  endfacet
  facet normal 0 1 0
    outer loop
      vertex 120.1 241.278 4.05892
      vertex 113.6 241.278 17.9
      vertex 114.01 241.278 17.9403
    endloop
  endfacet
  facet normal 0 1 0
    outer loop
      vertex 120.1 241.278 4.05892
      vertex 114.01 241.278 17.9403
      vertex 114.404 241.278 18.0599
    endloop
  endfacet
  facet normal 0 1 0
    outer loop
      vertex 115.66 241.278 20.4097
      vertex 120.1 241.278 4.05892
      vertex 115.7 241.278 20
    endloop
  endfacet
  facet normal 0 1 0
    outer loop
      vertex 120.1 241.278 4.05892
      vertex 115.66 241.278 19.5903
      vertex 115.7 241.278 20
    endloop
  endfacet
  facet normal 0 1 0
    outer loop
      vertex 120.1 241.278 4.05892
      vertex 115.54 241.278 19.1964
      vertex 115.66 241.278 19.5903
    endloop
  endfacet
  facet normal 0 1 0
    outer loop
      vertex 120.1 241.278 4.05892
      vertex 115.346 241.278 18.8333
      vertex 115.54 241.278 19.1964
    endloop
  endfacet
  facet normal 0 1 0
    outer loop
      vertex 120.1 241.278 4.05892
      vertex 115.085 241.278 18.5151
      vertex 115.346 241.278 18.8333
    endloop
  endfacet
  facet normal 0 1 0
    outer loop
      vertex 120.1 241.278 4.05892
      vertex 114.767 241.278 18.2539
      vertex 115.085 241.278 18.5151
    endloop
  endfacet
  facet normal 0 1 0
    outer loop
      vertex 120.1 241.278 4.05892
      vertex 114.404 241.278 18.0599
      vertex 114.767 241.278 18.2539
    endloop
  endfacet
  facet normal 0 1 0
    outer loop
      vertex 113.6 241.278 17.9
      vertex 120.1 241.278 4.05892
      vertex 107.6 241.278 15
    endloop
  endfacet
  facet normal 0 1 0
    outer loop
      vertex 2 241.278 4.05892
      vertex 107.6 241.278 15
      vertex 120.1 241.278 4.05892
    endloop
  endfacet
  facet normal 0 1 0
    outer loop
      vertex 107.6 241.278 15
      vertex 2 241.278 4.05892
      vertex 2 241.278 15
    endloop
  endfacet
  facet normal 0 1 0
    outer loop
      vertex 112.796 241.278 85.9401
      vertex 120.1 241.278 140
      vertex 113.19 241.278 86.0596
    endloop
  endfacet
  facet normal 0 1 0
    outer loop
      vertex 112.433 241.278 85.7461
      vertex 120.1 241.278 140
      vertex 112.796 241.278 85.9401
    endloop
  endfacet
  facet normal 0 1 0
    outer loop
      vertex 112.115 241.278 85.4849
      vertex 120.1 241.278 140
      vertex 112.433 241.278 85.7461
    endloop
  endfacet
  facet normal 0 1 0
    outer loop
      vertex 111.854 241.278 85.1667
      vertex 120.1 241.278 140
      vertex 112.115 241.278 85.4849
    endloop
  endfacet
  facet normal 0 1 0
    outer loop
      vertex 120.1 241.278 140
      vertex 111.854 241.278 85.1667
      vertex 2 241.278 140
    endloop
  endfacet
  facet normal 0 1 -0
    outer loop
      vertex 111.66 241.278 84.8036
      vertex 2 241.278 140
      vertex 111.854 241.278 85.1667
    endloop
  endfacet
  facet normal 0 1 0
    outer loop
      vertex 107.6 241.278 77
      vertex 111.66 241.278 84.8036
      vertex 111.54 241.278 84.4097
    endloop
  endfacet
  facet normal 0 1 0
    outer loop
      vertex 107.6 241.278 77
      vertex 111.54 241.278 84.4097
      vertex 111.5 241.278 84
    endloop
  endfacet
  facet normal 0 1 0
    outer loop
      vertex 107.6 241.278 77
      vertex 111.5 241.278 84
      vertex 111.54 241.278 83.5903
    endloop
  endfacet
  facet normal 0 1 0
    outer loop
      vertex 107.6 241.278 77
      vertex 111.54 241.278 83.5903
      vertex 111.66 241.278 83.1964
    endloop
  endfacet
  facet normal 0 1 0
    outer loop
      vertex 107.6 241.278 77
      vertex 111.66 241.278 83.1964
      vertex 111.854 241.278 82.8333
    endloop
  endfacet
  facet normal 0 1 0
    outer loop
      vertex 107.6 241.278 77
      vertex 111.854 241.278 82.8333
      vertex 112.115 241.278 82.5151
    endloop
  endfacet
  facet normal 0 1 0
    outer loop
      vertex 107.6 241.278 77
      vertex 112.115 241.278 82.5151
      vertex 112.433 241.278 82.2539
    endloop
  endfacet
  facet normal 0 1 0
    outer loop
      vertex 107.6 241.278 77
      vertex 112.433 241.278 82.2539
      vertex 112.796 241.278 82.0599
    endloop
  endfacet
  facet normal 0 1 0
    outer loop
      vertex 107.6 241.278 77
      vertex 113.19 241.278 81.9404
      vertex 113.6 241.278 81.9
    endloop
  endfacet
  facet normal 0 1 0
    outer loop
      vertex 107.6 241.278 77
      vertex 112.796 241.278 82.0599
      vertex 113.19 241.278 81.9404
    endloop
  endfacet
  facet normal 0 1 0
    outer loop
      vertex 111.66 241.278 84.8036
      vertex 107.6 241.278 77
      vertex 2 241.278 140
    endloop
  endfacet
  facet normal 0 1 0
    outer loop
      vertex 2 241.278 140
      vertex 107.6 241.278 77
      vertex 2 241.278 77
    endloop
  endfacet
  facet normal 0 1 -0
    outer loop
      vertex 113.19 241.278 22.0596
      vertex 107.6 241.278 77
      vertex 113.6 241.278 22.1
    endloop
  endfacet
  facet normal 0 1 -0
    outer loop
      vertex 112.796 241.278 21.9401
      vertex 107.6 241.278 77
      vertex 113.19 241.278 22.0596
    endloop
  endfacet
  facet normal 0 1 -0
    outer loop
      vertex 112.433 241.278 21.7461
      vertex 107.6 241.278 77
      vertex 112.796 241.278 21.9401
    endloop
  endfacet
  facet normal 0 1 -0
    outer loop
      vertex 112.115 241.278 21.4849
      vertex 107.6 241.278 77
      vertex 112.433 241.278 21.7461
    endloop
  endfacet
  facet normal 0 1 -0
    outer loop
      vertex 111.854 241.278 21.1667
      vertex 107.6 241.278 77
      vertex 112.115 241.278 21.4849
    endloop
  endfacet
  facet normal 0 1 0
    outer loop
      vertex 107.6 241.278 15
      vertex 111.854 241.278 21.1667
      vertex 111.66 241.278 20.8036
    endloop
  endfacet
  facet normal 0 1 0
    outer loop
      vertex 107.6 241.278 15
      vertex 111.66 241.278 20.8036
      vertex 111.54 241.278 20.4097
    endloop
  endfacet
  facet normal 0 1 0
    outer loop
      vertex 107.6 241.278 15
      vertex 111.54 241.278 20.4097
      vertex 111.5 241.278 20
    endloop
  endfacet
  facet normal 0 1 0
    outer loop
      vertex 111.854 241.278 21.1667
      vertex 107.6 241.278 15
      vertex 107.6 241.278 77
    endloop
  endfacet
  facet normal 0 1 0
    outer loop
      vertex 111.54 241.278 19.5903
      vertex 107.6 241.278 15
      vertex 111.5 241.278 20
    endloop
  endfacet
  facet normal 0 1 0
    outer loop
      vertex 111.66 241.278 19.1964
      vertex 107.6 241.278 15
      vertex 111.54 241.278 19.5903
    endloop
  endfacet
  facet normal 0 1 0
    outer loop
      vertex 111.854 241.278 18.8333
      vertex 107.6 241.278 15
      vertex 111.66 241.278 19.1964
    endloop
  endfacet
  facet normal 0 1 0
    outer loop
      vertex 112.115 241.278 18.5151
      vertex 107.6 241.278 15
      vertex 111.854 241.278 18.8333
    endloop
  endfacet
  facet normal 0 1 0
    outer loop
      vertex 112.433 241.278 18.2539
      vertex 107.6 241.278 15
      vertex 112.115 241.278 18.5151
    endloop
  endfacet
  facet normal 0 1 0
    outer loop
      vertex 112.796 241.278 18.0599
      vertex 107.6 241.278 15
      vertex 112.433 241.278 18.2539
    endloop
  endfacet
  facet normal 0 1 0
    outer loop
      vertex 113.19 241.278 17.9403
      vertex 107.6 241.278 15
      vertex 112.796 241.278 18.0599
    endloop
  endfacet
  facet normal 0 1 0
    outer loop
      vertex 107.6 241.278 15
      vertex 113.19 241.278 17.9403
      vertex 113.6 241.278 17.9
    endloop
  endfacet
  facet normal 0.706982 0 -0.707231
    outer loop
      vertex 123.579 19.5 1.64523
      vertex 122.955 236.8 1.02145
      vertex 123.579 236.8 1.64523
    endloop
  endfacet
  facet normal 0.706982 0 -0.707231
    outer loop
      vertex 122.955 236.8 1.02145
      vertex 123.579 19.5 1.64523
      vertex 122.955 19.5 1.02145
    endloop
  endfacet
  facet normal 0.449448 0.5482 -0.705318
    outer loop
      vertex 122.119 238.819 1.02145
      vertex 121.686 239.174 1.02145
      vertex 122.56 239.26 1.64523
    endloop
  endfacet
  facet normal 0.705247 0.0695899 -0.705539
    outer loop
      vertex 123.579 236.8 1.64523
      vertex 122.9 237.357 1.02145
      vertex 123.512 237.479 1.64523
    endloop
  endfacet
  facet normal 1 0 0
    outer loop
      vertex 124.578 236.8 140
      vertex 124.578 64.6 68
      vertex 124.578 236.8 4.05892
    endloop
  endfacet
  facet normal 1 0 0
    outer loop
      vertex 124.578 236.8 140
      vertex 124.578 64.5693 68.3121
      vertex 124.578 64.6 68
    endloop
  endfacet
  facet normal 1 0 0
    outer loop
      vertex 124.578 236.8 140
      vertex 124.578 64.4782 68.6123
      vertex 124.578 64.5693 68.3121
    endloop
  endfacet
  facet normal 1 0 0
    outer loop
      vertex 124.578 236.8 140
      vertex 124.578 64.3304 68.8889
      vertex 124.578 64.4782 68.6123
    endloop
  endfacet
  facet normal 1 0 0
    outer loop
      vertex 124.578 236.8 140
      vertex 124.578 64.1314 69.1314
      vertex 124.578 64.3304 68.8889
    endloop
  endfacet
  facet normal 1 0 0
    outer loop
      vertex 124.578 236.8 140
      vertex 124.578 63.8889 69.3304
      vertex 124.578 64.1314 69.1314
    endloop
  endfacet
  facet normal 1 -0 0
    outer loop
      vertex 124.578 55.3107 76.3107
      vertex 124.578 63.8889 69.3304
      vertex 124.578 236.8 140
    endloop
  endfacet
  facet normal 1 0 0
    outer loop
      vertex 124.578 63.8889 69.3304
      vertex 124.578 55.3107 76.3107
      vertex 124.578 63.6123 69.4782
    endloop
  endfacet
  facet normal 1 -0 -0
    outer loop
      vertex 124.578 55.4972 76.0834
      vertex 124.578 63.6123 69.4782
      vertex 124.578 55.3107 76.3107
    endloop
  endfacet
  facet normal 1 0 0
    outer loop
      vertex 124.578 63.6123 69.4782
      vertex 124.578 55.4972 76.0834
      vertex 124.578 63.3121 69.5693
    endloop
  endfacet
  facet normal 1 -0 -0
    outer loop
      vertex 124.578 55.6358 75.824
      vertex 124.578 63.3121 69.5693
      vertex 124.578 55.4972 76.0834
    endloop
  endfacet
  facet normal 1 0 0
    outer loop
      vertex 124.578 61.4307 68.3121
      vertex 124.578 55.75 75.25
      vertex 124.578 61.4 68
    endloop
  endfacet
  facet normal 1 0 0
    outer loop
      vertex 124.578 61.5218 68.6123
      vertex 124.578 55.75 75.25
      vertex 124.578 61.4307 68.3121
    endloop
  endfacet
  facet normal 1 0 0
    outer loop
      vertex 124.578 61.6696 68.8889
      vertex 124.578 55.75 75.25
      vertex 124.578 61.5218 68.6123
    endloop
  endfacet
  facet normal 1 0 0
    outer loop
      vertex 124.578 61.8686 69.1314
      vertex 124.578 55.75 75.25
      vertex 124.578 61.6696 68.8889
    endloop
  endfacet
  facet normal 1 0 0
    outer loop
      vertex 124.578 62.1111 69.3304
      vertex 124.578 55.75 75.25
      vertex 124.578 61.8686 69.1314
    endloop
  endfacet
  facet normal 1 0 0
    outer loop
      vertex 124.578 62.3877 69.4782
      vertex 124.578 55.75 75.25
      vertex 124.578 62.1111 69.3304
    endloop
  endfacet
  facet normal 1 0 0
    outer loop
      vertex 124.578 63.3121 69.5693
      vertex 124.578 55.6358 75.824
      vertex 124.578 63 69.6
    endloop
  endfacet
  facet normal 1 0 0
    outer loop
      vertex 124.578 62.6879 69.5693
      vertex 124.578 55.75 75.25
      vertex 124.578 62.3877 69.4782
    endloop
  endfacet
  facet normal 1 -0 -0
    outer loop
      vertex 124.578 55.75 75.25
      vertex 124.578 62.6879 69.5693
      vertex 124.578 55.7212 75.5426
    endloop
  endfacet
  facet normal 1 0 0
    outer loop
      vertex 124.578 63 69.6
      vertex 124.578 55.7212 75.5426
      vertex 124.578 62.6879 69.5693
    endloop
  endfacet
  facet normal 1 -0 -0
    outer loop
      vertex 124.578 55.7212 75.5426
      vertex 124.578 63 69.6
      vertex 124.578 55.6358 75.824
    endloop
  endfacet
  facet normal 1 0 0
    outer loop
      vertex 124.578 236.8 140
      vertex 124.578 55.0834 76.4972
      vertex 124.578 55.3107 76.3107
    endloop
  endfacet
  facet normal 1 0 0
    outer loop
      vertex 124.578 236.8 140
      vertex 124.578 54.824 76.6358
      vertex 124.578 55.0834 76.4972
    endloop
  endfacet
  facet normal 1 -0 0
    outer loop
      vertex 124.578 -4 140
      vertex 124.578 54.824 76.6358
      vertex 124.578 236.8 140
    endloop
  endfacet
  facet normal 1 0 0
    outer loop
      vertex 124.578 54.824 76.6358
      vertex 124.578 -4 140
      vertex 124.578 54.5426 76.7212
    endloop
  endfacet
  facet normal 1 0 0
    outer loop
      vertex 124.578 54.5426 76.7212
      vertex 124.578 -4 140
      vertex 124.578 54.25 76.75
    endloop
  endfacet
  facet normal 1 0 0
    outer loop
      vertex 124.578 54.25 76.75
      vertex 124.578 -4 140
      vertex 124.578 41.75 76.75
    endloop
  endfacet
  facet normal 1 -0 -0
    outer loop
      vertex 124.578 9.28576 92.2858
      vertex 124.578 41.75 76.75
      vertex 124.578 -4 140
    endloop
  endfacet
  facet normal 1 0 0
    outer loop
      vertex 124.578 40.25 75.25
      vertex 124.578 34.6 68
      vertex 124.578 40.25 60.75
    endloop
  endfacet
  facet normal 1 0 0
    outer loop
      vertex 124.578 33.3121 69.5693
      vertex 124.578 40.25 75.25
      vertex 124.578 40.2788 75.5426
    endloop
  endfacet
  facet normal 1 0 0
    outer loop
      vertex 124.578 33 69.6
      vertex 124.578 40.2788 75.5426
      vertex 124.578 40.3642 75.824
    endloop
  endfacet
  facet normal 1 0 0
    outer loop
      vertex 124.578 32.6879 69.5693
      vertex 124.578 40.3642 75.824
      vertex 124.578 40.5028 76.0834
    endloop
  endfacet
  facet normal 1 0 0
    outer loop
      vertex 124.578 40.25 75.25
      vertex 124.578 34.5693 68.3121
      vertex 124.578 34.6 68
    endloop
  endfacet
  facet normal 1 0 0
    outer loop
      vertex 124.578 40.25 75.25
      vertex 124.578 34.4782 68.6123
      vertex 124.578 34.5693 68.3121
    endloop
  endfacet
  facet normal 1 0 0
    outer loop
      vertex 124.578 40.25 75.25
      vertex 124.578 34.3304 68.8889
      vertex 124.578 34.4782 68.6123
    endloop
  endfacet
  facet normal 1 0 0
    outer loop
      vertex 124.578 10.1704 89.3694
      vertex 124.578 40.5028 76.0834
      vertex 124.578 40.6893 76.3107
    endloop
  endfacet
  facet normal 1 0 0
    outer loop
      vertex 124.578 40.25 75.25
      vertex 124.578 34.1314 69.1314
      vertex 124.578 34.3304 68.8889
    endloop
  endfacet
  facet normal 1 0 0
    outer loop
      vertex 124.578 40.25 75.25
      vertex 124.578 33.8889 69.3304
      vertex 124.578 34.1314 69.1314
    endloop
  endfacet
  facet normal 1 0 0
    outer loop
      vertex 124.578 40.25 75.25
      vertex 124.578 33.6123 69.4782
      vertex 124.578 33.8889 69.3304
    endloop
  endfacet
  facet normal 1 0 0
    outer loop
      vertex 124.578 40.25 75.25
      vertex 124.578 33.3121 69.5693
      vertex 124.578 33.6123 69.4782
    endloop
  endfacet
  facet normal 1 0 0
    outer loop
      vertex 124.578 40.2788 75.5426
      vertex 124.578 33 69.6
      vertex 124.578 33.3121 69.5693
    endloop
  endfacet
  facet normal 1 0 0
    outer loop
      vertex 124.578 40.3642 75.824
      vertex 124.578 32.6879 69.5693
      vertex 124.578 33 69.6
    endloop
  endfacet
  facet normal 1 0 0
    outer loop
      vertex 124.578 40.5028 76.0834
      vertex 124.578 32.3877 69.4782
      vertex 124.578 32.6879 69.5693
    endloop
  endfacet
  facet normal 1 0 0
    outer loop
      vertex 124.578 40.5028 76.0834
      vertex 124.578 10.1704 89.3694
      vertex 124.578 32.3877 69.4782
    endloop
  endfacet
  facet normal 1 0 0
    outer loop
      vertex 124.578 10.2325 90
      vertex 124.578 40.6893 76.3107
      vertex 124.578 40.9166 76.4972
    endloop
  endfacet
  facet normal 1 0 0
    outer loop
      vertex 124.578 17.5001 62.1416
      vertex 124.578 31.4 68
      vertex 124.578 31.4307 68.3121
    endloop
  endfacet
  facet normal 1 0 0
    outer loop
      vertex 124.578 16.7221 62.5575
      vertex 124.578 31.4307 68.3121
      vertex 124.578 31.5218 68.6123
    endloop
  endfacet
  facet normal 1 0 0
    outer loop
      vertex 124.578 16.7221 62.5575
      vertex 124.578 31.5218 68.6123
      vertex 124.578 31.6696 68.8889
    endloop
  endfacet
  facet normal 1 0 0
    outer loop
      vertex 124.578 9.28576 87.7142
      vertex 124.578 31.6696 68.8889
      vertex 124.578 31.8686 69.1314
    endloop
  endfacet
  facet normal 1 0 0
    outer loop
      vertex 124.578 31.4 68
      vertex 124.578 19.4135 59.2779
      vertex 124.578 19.5 58.4
    endloop
  endfacet
  facet normal 1 0 0
    outer loop
      vertex 124.578 9.68776 88.2041
      vertex 124.578 31.8686 69.1314
      vertex 124.578 32.1111 69.3304
    endloop
  endfacet
  facet normal 1 -0 0
    outer loop
      vertex 124.578 10.1664 89.3559
      vertex 124.578 32.3877 69.4782
      vertex 124.578 10.1704 89.3694
    endloop
  endfacet
  facet normal 1 0 0
    outer loop
      vertex 124.578 31.4 68
      vertex 124.578 19.1575 60.1221
      vertex 124.578 19.4135 59.2779
    endloop
  endfacet
  facet normal 1 0 0
    outer loop
      vertex 124.578 31.4 68
      vertex 124.578 18.7416 60.9001
      vertex 124.578 19.1575 60.1221
    endloop
  endfacet
  facet normal 1 0 0
    outer loop
      vertex 124.578 31.4 68
      vertex 124.578 18.182 61.582
      vertex 124.578 18.7416 60.9001
    endloop
  endfacet
  facet normal 1 0 0
    outer loop
      vertex 124.578 31.4 68
      vertex 124.578 17.5001 62.1416
      vertex 124.578 18.182 61.582
    endloop
  endfacet
  facet normal 1 0 0
    outer loop
      vertex 124.578 31.4307 68.3121
      vertex 124.578 16.7221 62.5575
      vertex 124.578 17.5001 62.1416
    endloop
  endfacet
  facet normal 1 0 0
    outer loop
      vertex 124.578 31.8686 69.1314
      vertex 124.578 9.68776 88.2041
      vertex 124.578 9.29467 87.7251
    endloop
  endfacet
  facet normal 1 0 0
    outer loop
      vertex 124.578 31.8686 69.1314
      vertex 124.578 9.29467 87.7251
      vertex 124.578 9.28576 87.7142
    endloop
  endfacet
  facet normal 1 0 0
    outer loop
      vertex 124.578 10.1704 90.6306
      vertex 124.578 40.9166 76.4972
      vertex 124.578 41.176 76.6358
    endloop
  endfacet
  facet normal 1 0 0
    outer loop
      vertex 124.578 40.6893 76.3107
      vertex 124.578 10.2325 90
      vertex 124.578 10.1718 89.3833
    endloop
  endfacet
  facet normal 1 -0 -0
    outer loop
      vertex 124.578 9.29467 92.2749
      vertex 124.578 41.75 76.75
      vertex 124.578 9.28576 92.2858
    endloop
  endfacet
  facet normal 1 0 0
    outer loop
      vertex 124.578 40.9166 76.4972
      vertex 124.578 10.1718 90.6167
      vertex 124.578 10.2325 90
    endloop
  endfacet
  facet normal 1 0 0
    outer loop
      vertex 124.578 40.9166 76.4972
      vertex 124.578 10.1704 90.6306
      vertex 124.578 10.1718 90.6167
    endloop
  endfacet
  facet normal 1 0 0
    outer loop
      vertex 124.578 41.176 76.6358
      vertex 124.578 10.1664 90.6441
      vertex 124.578 10.1704 90.6306
    endloop
  endfacet
  facet normal 1 0 0
    outer loop
      vertex 124.578 41.176 76.6358
      vertex 124.578 9.98648 91.237
      vertex 124.578 10.1664 90.6441
    endloop
  endfacet
  facet normal 1 0 0
    outer loop
      vertex 124.578 41.4574 76.7212
      vertex 124.578 9.98648 91.237
      vertex 124.578 41.176 76.6358
    endloop
  endfacet
  facet normal 1 -0 -0
    outer loop
      vertex 124.578 9.98648 91.237
      vertex 124.578 41.4574 76.7212
      vertex 124.578 9.97986 91.2494
    endloop
  endfacet
  facet normal 1 -0 -0
    outer loop
      vertex 124.578 9.68776 91.7959
      vertex 124.578 41.75 76.75
      vertex 124.578 9.29467 92.2749
    endloop
  endfacet
  facet normal 1 -0 -0
    outer loop
      vertex 124.578 9.97986 91.2494
      vertex 124.578 41.4574 76.7212
      vertex 124.578 9.68776 91.7959
    endloop
  endfacet
  facet normal 1 0 0
    outer loop
      vertex 124.578 41.75 76.75
      vertex 124.578 9.68776 91.7959
      vertex 124.578 41.4574 76.7212
    endloop
  endfacet
  facet normal 1 0 0
    outer loop
      vertex 124.578 9.28576 92.2858
      vertex 124.578 -4 140
      vertex 124.578 9.27489 92.2947
    endloop
  endfacet
  facet normal 1 0 0
    outer loop
      vertex 124.578 9.27489 92.2947
      vertex 124.578 -4 140
      vertex 124.578 8.79591 92.6878
    endloop
  endfacet
  facet normal 1 0 0
    outer loop
      vertex 124.578 8.79591 92.6878
      vertex 124.578 -4 140
      vertex 124.578 8.24943 92.9799
    endloop
  endfacet
  facet normal 1 0 0
    outer loop
      vertex 124.578 8.24943 92.9799
      vertex 124.578 -4 140
      vertex 124.578 8.23704 92.9865
    endloop
  endfacet
  facet normal 1 0 0
    outer loop
      vertex 124.578 8.23704 92.9865
      vertex 124.578 -4 140
      vertex 124.578 7.64408 93.1664
    endloop
  endfacet
  facet normal 1 0 0
    outer loop
      vertex 124.578 7.64408 93.1664
      vertex 124.578 -4 140
      vertex 124.578 7.63064 93.1704
    endloop
  endfacet
  facet normal 1 0 0
    outer loop
      vertex 124.578 7.63064 93.1704
      vertex 124.578 -4 140
      vertex 124.578 7.61666 93.1718
    endloop
  endfacet
  facet normal 1 0 0
    outer loop
      vertex 124.578 7.61666 93.1718
      vertex 124.578 -4 140
      vertex 124.578 7 93.2325
    endloop
  endfacet
  facet normal 1 0 0
    outer loop
      vertex 124.578 7 93.2325
      vertex 124.578 -4 140
      vertex 124.578 6.38334 93.1718
    endloop
  endfacet
  facet normal 1 0 0
    outer loop
      vertex 124.578 -4 140
      vertex 124.578 4.7251 92.2947
      vertex 124.578 5.20409 92.6878
    endloop
  endfacet
  facet normal 1 0 0
    outer loop
      vertex 124.578 4.71424 92.2858
      vertex 124.578 4.31224 91.7959
      vertex 124.578 4.70533 92.2749
    endloop
  endfacet
  facet normal -1 0 0
    outer loop
      vertex 124.578 4.01352 91.237
      vertex 124.578 3.82957 90.6306
      vertex 124.578 3.83364 90.6441
    endloop
  endfacet
  facet normal -1 0 0
    outer loop
      vertex 124.578 3.82957 90.6306
      vertex 124.578 3.76745 90
      vertex 124.578 3.82819 90.6167
    endloop
  endfacet
  facet normal 1 0 0
    outer loop
      vertex 124.578 -4 64.0925
      vertex 124.578 3.82957 90.6306
      vertex 124.578 -4 140
    endloop
  endfacet
  facet normal 1 0 0
    outer loop
      vertex 124.578 4.01352 91.237
      vertex 124.578 -4 140
      vertex 124.578 3.82957 90.6306
    endloop
  endfacet
  facet normal 1 0 0
    outer loop
      vertex 124.578 4.02014 91.2494
      vertex 124.578 -4 140
      vertex 124.578 4.01352 91.237
    endloop
  endfacet
  facet normal 1 0 0
    outer loop
      vertex 124.578 4.31224 91.7959
      vertex 124.578 -4 140
      vertex 124.578 4.02014 91.2494
    endloop
  endfacet
  facet normal 1 0 0
    outer loop
      vertex 124.578 4.71424 92.2858
      vertex 124.578 -4 140
      vertex 124.578 4.31224 91.7959
    endloop
  endfacet
  facet normal 1 0 0
    outer loop
      vertex 124.578 4.7251 92.2947
      vertex 124.578 -4 140
      vertex 124.578 4.71424 92.2858
    endloop
  endfacet
  facet normal 1 0 0
    outer loop
      vertex 124.578 5.75057 92.9799
      vertex 124.578 -4 140
      vertex 124.578 5.20409 92.6878
    endloop
  endfacet
  facet normal 1 0 0
    outer loop
      vertex 124.578 5.76296 92.9865
      vertex 124.578 -4 140
      vertex 124.578 5.75057 92.9799
    endloop
  endfacet
  facet normal 1 0 0
    outer loop
      vertex 124.578 6.35592 93.1664
      vertex 124.578 -4 140
      vertex 124.578 5.76296 92.9865
    endloop
  endfacet
  facet normal 1 0 0
    outer loop
      vertex 124.578 6.36936 93.1704
      vertex 124.578 -4 140
      vertex 124.578 6.35592 93.1664
    endloop
  endfacet
  facet normal 1 0 0
    outer loop
      vertex 124.578 6.38334 93.1718
      vertex 124.578 -4 140
      vertex 124.578 6.36936 93.1704
    endloop
  endfacet
  facet normal 1 -0 0
    outer loop
      vertex 124.578 64.5693 67.6879
      vertex 124.578 236.8 4.05892
      vertex 124.578 64.6 68
    endloop
  endfacet
  facet normal 1 -0 0
    outer loop
      vertex 124.578 64.4782 67.3877
      vertex 124.578 236.8 4.05892
      vertex 124.578 64.5693 67.6879
    endloop
  endfacet
  facet normal 1 -0 0
    outer loop
      vertex 124.578 64.3304 67.1111
      vertex 124.578 236.8 4.05892
      vertex 124.578 64.4782 67.3877
    endloop
  endfacet
  facet normal 1 -0 0
    outer loop
      vertex 124.578 64.1314 66.8686
      vertex 124.578 236.8 4.05892
      vertex 124.578 64.3304 67.1111
    endloop
  endfacet
  facet normal 1 -0 0
    outer loop
      vertex 124.578 63.8889 66.6696
      vertex 124.578 236.8 4.05892
      vertex 124.578 64.1314 66.8686
    endloop
  endfacet
  facet normal 1 0 0
    outer loop
      vertex 124.578 55.3107 59.6893
      vertex 124.578 63.8889 66.6696
      vertex 124.578 63.6123 66.5218
    endloop
  endfacet
  facet normal 1 0 0
    outer loop
      vertex 124.578 55.4972 59.9166
      vertex 124.578 63.6123 66.5218
      vertex 124.578 63.3121 66.4307
    endloop
  endfacet
  facet normal 1 0 0
    outer loop
      vertex 124.578 55.6358 60.176
      vertex 124.578 63.3121 66.4307
      vertex 124.578 63 66.4
    endloop
  endfacet
  facet normal 1 0 0
    outer loop
      vertex 124.578 55.7212 60.4574
      vertex 124.578 63 66.4
      vertex 124.578 62.6879 66.4307
    endloop
  endfacet
  facet normal 1 0 0
    outer loop
      vertex 124.578 55.75 60.75
      vertex 124.578 62.6879 66.4307
      vertex 124.578 62.3877 66.5218
    endloop
  endfacet
  facet normal 1 0 0
    outer loop
      vertex 124.578 55.75 60.75
      vertex 124.578 61.4 68
      vertex 124.578 55.75 75.25
    endloop
  endfacet
  facet normal 1 0 0
    outer loop
      vertex 124.578 61.4 68
      vertex 124.578 55.75 60.75
      vertex 124.578 61.4307 67.6879
    endloop
  endfacet
  facet normal 1 0 0
    outer loop
      vertex 124.578 61.4307 67.6879
      vertex 124.578 55.75 60.75
      vertex 124.578 61.5218 67.3877
    endloop
  endfacet
  facet normal 1 0 0
    outer loop
      vertex 124.578 61.5218 67.3877
      vertex 124.578 55.75 60.75
      vertex 124.578 61.6696 67.1111
    endloop
  endfacet
  facet normal 1 0 0
    outer loop
      vertex 124.578 55.75 60.75
      vertex 124.578 61.8686 66.8686
      vertex 124.578 61.6696 67.1111
    endloop
  endfacet
  facet normal 1 0 0
    outer loop
      vertex 124.578 55.75 60.75
      vertex 124.578 62.1111 66.6696
      vertex 124.578 61.8686 66.8686
    endloop
  endfacet
  facet normal 1 0 0
    outer loop
      vertex 124.578 55.75 60.75
      vertex 124.578 62.3877 66.5218
      vertex 124.578 62.1111 66.6696
    endloop
  endfacet
  facet normal 1 0 0
    outer loop
      vertex 124.578 62.6879 66.4307
      vertex 124.578 55.75 60.75
      vertex 124.578 55.7212 60.4574
    endloop
  endfacet
  facet normal 1 0 0
    outer loop
      vertex 124.578 63 66.4
      vertex 124.578 55.7212 60.4574
      vertex 124.578 55.6358 60.176
    endloop
  endfacet
  facet normal 1 0 0
    outer loop
      vertex 124.578 63.3121 66.4307
      vertex 124.578 55.6358 60.176
      vertex 124.578 55.4972 59.9166
    endloop
  endfacet
  facet normal 1 0 0
    outer loop
      vertex 124.578 63.6123 66.5218
      vertex 124.578 55.4972 59.9166
      vertex 124.578 55.3107 59.6893
    endloop
  endfacet
  facet normal 1 0 0
    outer loop
      vertex 124.578 63.8889 66.6696
      vertex 124.578 55.3107 59.6893
      vertex 124.578 236.8 4.05892
    endloop
  endfacet
  facet normal 1 0 0
    outer loop
      vertex 124.578 19.5 4.05892
      vertex 124.578 55.3107 59.6893
      vertex 124.578 55.0834 59.5028
    endloop
  endfacet
  facet normal 1 0 0
    outer loop
      vertex 124.578 19.5 4.05892
      vertex 124.578 55.0834 59.5028
      vertex 124.578 54.824 59.3642
    endloop
  endfacet
  facet normal 1 0 0
    outer loop
      vertex 124.578 19.5 4.05892
      vertex 124.578 54.824 59.3642
      vertex 124.578 54.5426 59.2788
    endloop
  endfacet
  facet normal 1 0 0
    outer loop
      vertex 124.578 19.5 4.05892
      vertex 124.578 54.5426 59.2788
      vertex 124.578 54.25 59.25
    endloop
  endfacet
  facet normal 1 0 0
    outer loop
      vertex 124.578 19.5 4.05892
      vertex 124.578 54.25 59.25
      vertex 124.578 41.75 59.25
    endloop
  endfacet
  facet normal 1 0 0
    outer loop
      vertex 124.578 19.5 4.05892
      vertex 124.578 41.75 59.25
      vertex 124.578 41.4574 59.2788
    endloop
  endfacet
  facet normal 1 -0 0
    outer loop
      vertex 124.578 34.5693 67.6879
      vertex 124.578 40.25 60.75
      vertex 124.578 34.6 68
    endloop
  endfacet
  facet normal 1 -0 0
    outer loop
      vertex 124.578 34.4782 67.3877
      vertex 124.578 40.25 60.75
      vertex 124.578 34.5693 67.6879
    endloop
  endfacet
  facet normal 1 -0 0
    outer loop
      vertex 124.578 34.3304 67.1111
      vertex 124.578 40.25 60.75
      vertex 124.578 34.4782 67.3877
    endloop
  endfacet
  facet normal 1 -0 0
    outer loop
      vertex 124.578 34.1314 66.8686
      vertex 124.578 40.25 60.75
      vertex 124.578 34.3304 67.1111
    endloop
  endfacet
  facet normal 1 -0 0
    outer loop
      vertex 124.578 33.8889 66.6696
      vertex 124.578 40.25 60.75
      vertex 124.578 34.1314 66.8686
    endloop
  endfacet
  facet normal 1 -0 0
    outer loop
      vertex 124.578 33.6123 66.5218
      vertex 124.578 40.25 60.75
      vertex 124.578 33.8889 66.6696
    endloop
  endfacet
  facet normal 1 -0 0
    outer loop
      vertex 124.578 33.3121 66.4307
      vertex 124.578 40.25 60.75
      vertex 124.578 33.6123 66.5218
    endloop
  endfacet
  facet normal 1 0 0
    outer loop
      vertex 124.578 40.25 60.75
      vertex 124.578 33.3121 66.4307
      vertex 124.578 40.2788 60.4574
    endloop
  endfacet
  facet normal 1 -0 0
    outer loop
      vertex 124.578 33 66.4
      vertex 124.578 40.2788 60.4574
      vertex 124.578 33.3121 66.4307
    endloop
  endfacet
  facet normal 1 0 0
    outer loop
      vertex 124.578 40.2788 60.4574
      vertex 124.578 33 66.4
      vertex 124.578 40.3642 60.176
    endloop
  endfacet
  facet normal 1 0 0
    outer loop
      vertex 124.578 32.6879 66.4307
      vertex 124.578 40.3642 60.176
      vertex 124.578 33 66.4
    endloop
  endfacet
  facet normal 1 0 0
    outer loop
      vertex 124.578 19.5 58.4
      vertex 124.578 40.3642 60.176
      vertex 124.578 32.6879 66.4307
    endloop
  endfacet
  facet normal 1 0 0
    outer loop
      vertex 124.578 40.3642 60.176
      vertex 124.578 19.5 58.4
      vertex 124.578 40.5028 59.9166
    endloop
  endfacet
  facet normal 1 0 0
    outer loop
      vertex 124.578 19.5 58.4
      vertex 124.578 32.6879 66.4307
      vertex 124.578 32.3877 66.5218
    endloop
  endfacet
  facet normal 1 0 0
    outer loop
      vertex 124.578 19.5 58.4
      vertex 124.578 32.3877 66.5218
      vertex 124.578 32.1111 66.6696
    endloop
  endfacet
  facet normal 1 0 0
    outer loop
      vertex 124.578 40.5028 59.9166
      vertex 124.578 19.5 58.4
      vertex 124.578 40.6893 59.6893
    endloop
  endfacet
  facet normal 1 0 0
    outer loop
      vertex 124.578 19.5 58.4
      vertex 124.578 31.4307 67.6879
      vertex 124.578 31.4 68
    endloop
  endfacet
  facet normal 1 0 0
    outer loop
      vertex 124.578 19.5 58.4
      vertex 124.578 31.5218 67.3877
      vertex 124.578 31.4307 67.6879
    endloop
  endfacet
  facet normal 1 0 0
    outer loop
      vertex 124.578 19.5 58.4
      vertex 124.578 31.6696 67.1111
      vertex 124.578 31.5218 67.3877
    endloop
  endfacet
  facet normal 1 0 0
    outer loop
      vertex 124.578 19.5 58.4
      vertex 124.578 31.8686 66.8686
      vertex 124.578 31.6696 67.1111
    endloop
  endfacet
  facet normal 1 0 0
    outer loop
      vertex 124.578 19.5 58.4
      vertex 124.578 32.1111 66.6696
      vertex 124.578 31.8686 66.8686
    endloop
  endfacet
  facet normal 1 0 0
    outer loop
      vertex 124.578 40.6893 59.6893
      vertex 124.578 19.5 58.4
      vertex 124.578 40.9166 59.5028
    endloop
  endfacet
  facet normal 1 0 0
    outer loop
      vertex 124.578 19.5 58.4
      vertex 124.578 41.176 59.3642
      vertex 124.578 40.9166 59.5028
    endloop
  endfacet
  facet normal 1 0 0
    outer loop
      vertex 124.578 19.5 4.05892
      vertex 124.578 41.176 59.3642
      vertex 124.578 19.5 58.4
    endloop
  endfacet
  facet normal 1 0 0
    outer loop
      vertex 124.578 41.176 59.3642
      vertex 124.578 19.5 4.05892
      vertex 124.578 41.4574 59.2788
    endloop
  endfacet
  facet normal 1 0 0
    outer loop
      vertex 124.578 55.3107 59.6893
      vertex 124.578 19.5 4.05892
      vertex 124.578 236.8 4.05892
    endloop
  endfacet
  facet normal 1 0 0
    outer loop
      vertex 124.578 40.6893 76.3107
      vertex 124.578 10.1718 89.3833
      vertex 124.578 10.1704 89.3694
    endloop
  endfacet
  facet normal 1 -0 0
    outer loop
      vertex 124.578 9.98648 88.763
      vertex 124.578 32.3877 69.4782
      vertex 124.578 10.1664 89.3559
    endloop
  endfacet
  facet normal 1 0 0
    outer loop
      vertex 124.578 32.3877 69.4782
      vertex 124.578 9.98648 88.763
      vertex 124.578 32.1111 69.3304
    endloop
  endfacet
  facet normal 1 0 0
    outer loop
      vertex 124.578 32.1111 69.3304
      vertex 124.578 9.98648 88.763
      vertex 124.578 9.97986 88.7506
    endloop
  endfacet
  facet normal 1 0 0
    outer loop
      vertex 124.578 32.1111 69.3304
      vertex 124.578 9.97986 88.7506
      vertex 124.578 9.68776 88.2041
    endloop
  endfacet
  facet normal 1 0 0
    outer loop
      vertex 124.578 31.6696 68.8889
      vertex 124.578 9.28576 87.7142
      vertex 124.578 15.8779 62.8135
    endloop
  endfacet
  facet normal 1 0 0
    outer loop
      vertex 124.578 31.6696 68.8889
      vertex 124.578 15.8779 62.8135
      vertex 124.578 16.7221 62.5575
    endloop
  endfacet
  facet normal 1 -0 0
    outer loop
      vertex 124.578 9.27489 87.7053
      vertex 124.578 15.8779 62.8135
      vertex 124.578 9.28576 87.7142
    endloop
  endfacet
  facet normal 1 -0 0
    outer loop
      vertex 124.578 8.79591 87.3122
      vertex 124.578 15.8779 62.8135
      vertex 124.578 9.27489 87.7053
    endloop
  endfacet
  facet normal 1 0 0
    outer loop
      vertex 124.578 15.8779 62.8135
      vertex 124.578 8.79591 87.3122
      vertex 124.578 15 62.9
    endloop
  endfacet
  facet normal 1 -0 0
    outer loop
      vertex 124.578 8.24943 87.0201
      vertex 124.578 15 62.9
      vertex 124.578 8.79591 87.3122
    endloop
  endfacet
  facet normal 1 -0 0
    outer loop
      vertex 124.578 8.23704 87.0135
      vertex 124.578 15 62.9
      vertex 124.578 8.24943 87.0201
    endloop
  endfacet
  facet normal 1 0 0
    outer loop
      vertex 124.578 15 62.9
      vertex 124.578 8.23704 87.0135
      vertex 124.578 9.63051 62.9
    endloop
  endfacet
  facet normal 1 -0 0
    outer loop
      vertex 124.578 7.64408 86.8336
      vertex 124.578 9.63051 62.9
      vertex 124.578 8.23704 87.0135
    endloop
  endfacet
  facet normal 1 -0 0
    outer loop
      vertex 124.578 7.63064 86.8296
      vertex 124.578 9.63051 62.9
      vertex 124.578 7.64408 86.8336
    endloop
  endfacet
  facet normal 1 -0 0
    outer loop
      vertex 124.578 7.61666 86.8282
      vertex 124.578 9.63051 62.9
      vertex 124.578 7.63064 86.8296
    endloop
  endfacet
  facet normal 1 -0 0
    outer loop
      vertex 124.578 7 86.7675
      vertex 124.578 9.63051 62.9
      vertex 124.578 7.61666 86.8282
    endloop
  endfacet
  facet normal 1 0 0
    outer loop
      vertex 124.578 6.38334 86.8282
      vertex 124.578 9.63051 62.9
      vertex 124.578 7 86.7675
    endloop
  endfacet
  facet normal 1 0 0
    outer loop
      vertex 124.578 6.36936 86.8296
      vertex 124.578 9.63051 62.9
      vertex 124.578 6.38334 86.8282
    endloop
  endfacet
  facet normal 1 0 0
    outer loop
      vertex 124.578 -4 64.0925
      vertex 124.578 6.36936 86.8296
      vertex 124.578 6.35592 86.8336
    endloop
  endfacet
  facet normal 1 0 0
    outer loop
      vertex 124.578 -4 64.0925
      vertex 124.578 6.35592 86.8336
      vertex 124.578 5.76296 87.0135
    endloop
  endfacet
  facet normal 1 0 0
    outer loop
      vertex 124.578 -4 64.0925
      vertex 124.578 5.76296 87.0135
      vertex 124.578 5.75057 87.0201
    endloop
  endfacet
  facet normal 1 0 0
    outer loop
      vertex 124.578 -4 64.0925
      vertex 124.578 5.75057 87.0201
      vertex 124.578 5.20409 87.3122
    endloop
  endfacet
  facet normal 1 0 0
    outer loop
      vertex 124.578 -4 64.0925
      vertex 124.578 5.20409 87.3122
      vertex 124.578 4.7251 87.7053
    endloop
  endfacet
  facet normal 1 0 0
    outer loop
      vertex 124.578 -4 64.0925
      vertex 124.578 4.7251 87.7053
      vertex 124.578 4.71424 87.7142
    endloop
  endfacet
  facet normal 1 0 0
    outer loop
      vertex 124.578 -4 64.0925
      vertex 124.578 4.71424 87.7142
      vertex 124.578 4.70533 87.7251
    endloop
  endfacet
  facet normal 1 0 0
    outer loop
      vertex 124.578 -4 64.0925
      vertex 124.578 4.70533 87.7251
      vertex 124.578 4.31224 88.2041
    endloop
  endfacet
  facet normal 1 0 0
    outer loop
      vertex 124.578 -4 64.0925
      vertex 124.578 4.31224 88.2041
      vertex 124.578 4.02014 88.7506
    endloop
  endfacet
  facet normal 1 0 0
    outer loop
      vertex 124.578 -4 64.0925
      vertex 124.578 4.02014 88.7506
      vertex 124.578 4.01352 88.763
    endloop
  endfacet
  facet normal 1 0 0
    outer loop
      vertex 124.578 -4 64.0925
      vertex 124.578 4.01352 88.763
      vertex 124.578 3.83364 89.3559
    endloop
  endfacet
  facet normal 1 0 0
    outer loop
      vertex 124.578 -4 64.0925
      vertex 124.578 3.83364 89.3559
      vertex 124.578 3.82957 89.3694
    endloop
  endfacet
  facet normal -1 0 0
    outer loop
      vertex 124.578 3.76745 90
      vertex 124.578 3.82957 89.3694
      vertex 124.578 3.82819 89.3833
    endloop
  endfacet
  facet normal 1 0 0
    outer loop
      vertex 124.578 3.82957 90.6306
      vertex 124.578 -4 64.0925
      vertex 124.578 3.76745 90
    endloop
  endfacet
  facet normal 1 0 0
    outer loop
      vertex 124.578 6.36936 86.8296
      vertex 124.578 -4 64.0925
      vertex 124.578 9.63051 62.9
    endloop
  endfacet
  facet normal 1 0 0
    outer loop
      vertex 124.578 3.76745 90
      vertex 124.578 -4 64.0925
      vertex 124.578 3.82957 89.3694
    endloop
  endfacet
  facet normal 0.430294 0.353887 -0.830428
    outer loop
      vertex 121.864 237.979 0.531354
      vertex 121.6 238.3 0.531354
      vertex 122.119 238.819 1.02145
    endloop
  endfacet
  facet normal 0.865449 0.461796 -0.194273
    outer loop
      vertex 124.078 238.448 3.19372
      vertex 123.824 239.288 4.05892
      vertex 124.237 238.514 4.05892
    endloop
  endfacet
  facet normal 0.773145 0.634229 0
    outer loop
      vertex 123.824 239.288 140
      vertex 123.267 239.967 4.05892
      vertex 123.267 239.967 140
    endloop
  endfacet
  facet normal 0.773145 0.634229 0
    outer loop
      vertex 123.267 239.967 4.05892
      vertex 123.824 239.288 140
      vertex 123.824 239.288 4.05892
    endloop
  endfacet
  facet normal 0.75865 0.621558 -0.195233
    outer loop
      vertex 123.68 239.192 3.19372
      vertex 123.145 239.845 3.19372
      vertex 123.824 239.288 4.05892
    endloop
  endfacet
  facet normal 0.882258 0.470766 0
    outer loop
      vertex 124.237 238.514 140
      vertex 123.824 239.288 4.05892
      vertex 123.824 239.288 140
    endloop
  endfacet
  facet normal 0.882258 0.470766 0
    outer loop
      vertex 123.824 239.288 4.05892
      vertex 124.237 238.514 140
      vertex 124.237 238.514 4.05892
    endloop
  endfacet
  facet normal 0.082469 0.828974 -0.553174
    outer loop
      vertex 120.779 240.212 1.64523
      vertex 120.1 240.769 2.37871
      vertex 120.874 240.692 2.37871
    endloop
  endfacet
  facet normal 0 0.706982 -0.707231
    outer loop
      vertex 2 239.655 1.02145
      vertex 120.1 240.279 1.64523
      vertex 120.1 239.655 1.02145
    endloop
  endfacet
  facet normal 0 0.706982 -0.707231
    outer loop
      vertex 120.1 240.279 1.64523
      vertex 2 239.655 1.02145
      vertex 2 240.279 1.64523
    endloop
  endfacet
  facet normal 0.173237 0.0911775 -0.980651
    outer loop
      vertex 120.507 236.969 0.0216684
      vertex 120.467 237.045 0.0216684
      vertex 121.307 237.3 0.193768
    endloop
  endfacet
  facet normal 0.83152 0 -0.555495
    outer loop
      vertex 124.069 19.5 2.37871
      vertex 123.579 236.8 1.64523
      vertex 124.069 236.8 2.37871
    endloop
  endfacet
  facet normal 0.83152 0 -0.555495
    outer loop
      vertex 123.579 236.8 1.64523
      vertex 124.069 19.5 2.37871
      vertex 123.579 19.5 1.64523
    endloop
  endfacet
  facet normal 0.715422 0.586142 -0.380274
    outer loop
      vertex 123.4 239.005 2.37871
      vertex 123.145 239.845 3.19372
      vertex 123.68 239.192 3.19372
    endloop
  endfacet
  facet normal 0.864789 0.462616 -0.195262
    outer loop
      vertex 124.078 238.448 3.19372
      vertex 123.68 239.192 3.19372
      vertex 123.824 239.288 4.05892
    endloop
  endfacet
  facet normal 0.470766 0.882258 -0
    outer loop
      vertex 122.588 240.524 4.05892
      vertex 121.814 240.937 140
      vertex 122.588 240.524 140
    endloop
  endfacet
  facet normal 0.470766 0.882258 0
    outer loop
      vertex 121.814 240.937 140
      vertex 122.588 240.524 4.05892
      vertex 121.814 240.937 4.05892
    endloop
  endfacet
  facet normal 0.267298 0.885054 -0.381093
    outer loop
      vertex 121.619 240.467 2.37871
      vertex 120.874 240.692 2.37871
      vertex 120.94 241.023 3.19372
    endloop
  endfacet
  facet normal 0.12409 0.151666 -0.980612
    outer loop
      vertex 121.024 237.724 0.193768
      vertex 120.412 237.112 0.0216684
      vertex 120.826 237.886 0.193768
    endloop
  endfacet
  facet normal 0 0 -1
    outer loop
      vertex 85.4087 69.2592 0.0216684
      vertex 120.541 236.8 0.0216684
      vertex 120.541 19.5 0.0216684
    endloop
  endfacet
  facet normal 0 0 -1
    outer loop
      vertex 85.2978 69.4667 0.0216684
      vertex 120.541 236.8 0.0216684
      vertex 85.4087 69.2592 0.0216684
    endloop
  endfacet
  facet normal 0 0 -1
    outer loop
      vertex 85.1485 69.6485 0.0216684
      vertex 120.541 236.8 0.0216684
      vertex 85.2978 69.4667 0.0216684
    endloop
  endfacet
  facet normal 0 0 -1
    outer loop
      vertex 84.9667 69.7978 0.0216684
      vertex 120.541 236.8 0.0216684
      vertex 85.1485 69.6485 0.0216684
    endloop
  endfacet
  facet normal 0 0 -1
    outer loop
      vertex 84.7592 69.9087 0.0216684
      vertex 120.541 236.8 0.0216684
      vertex 84.9667 69.7978 0.0216684
    endloop
  endfacet
  facet normal 0 0 -1
    outer loop
      vertex 84.5341 69.9769 0.0216684
      vertex 120.541 236.8 0.0216684
      vertex 84.7592 69.9087 0.0216684
    endloop
  endfacet
  facet normal 0 0 -1
    outer loop
      vertex 84.3 70 0.0216684
      vertex 120.541 236.8 0.0216684
      vertex 84.5341 69.9769 0.0216684
    endloop
  endfacet
  facet normal 0 0 -1
    outer loop
      vertex 84.2 70 0.0216684
      vertex 120.541 236.8 0.0216684
      vertex 84.3 70 0.0216684
    endloop
  endfacet
  facet normal 0 0 -1
    outer loop
      vertex 85.5 68.8 0.0216684
      vertex 120.541 19.5 0.0216684
      vertex 85.5 31.2 0.0216684
    endloop
  endfacet
  facet normal 0 0 -1
    outer loop
      vertex 120.541 19.5 0.0216684
      vertex 85.4769 30.9659 0.0216684
      vertex 85.5 31.2 0.0216684
    endloop
  endfacet
  facet normal 0 0 -1
    outer loop
      vertex 120.541 19.5 0.0216684
      vertex 85.4087 30.7408 0.0216684
      vertex 85.4769 30.9659 0.0216684
    endloop
  endfacet
  facet normal 0 0 -1
    outer loop
      vertex 120.541 19.5 0.0216684
      vertex 85.2978 30.5333 0.0216684
      vertex 85.4087 30.7408 0.0216684
    endloop
  endfacet
  facet normal 0 0 -1
    outer loop
      vertex 120.541 19.5 0.0216684
      vertex 85.1485 30.3515 0.0216684
      vertex 85.2978 30.5333 0.0216684
    endloop
  endfacet
  facet normal 0 0 -1
    outer loop
      vertex 120.541 19.5 0.0216684
      vertex 84.9667 30.2022 0.0216684
      vertex 85.1485 30.3515 0.0216684
    endloop
  endfacet
  facet normal 0 0 -1
    outer loop
      vertex 120.541 19.5 0.0216684
      vertex 84.7592 30.0913 0.0216684
      vertex 84.9667 30.2022 0.0216684
    endloop
  endfacet
  facet normal 0 0 -1
    outer loop
      vertex 120.541 19.5 0.0216684
      vertex 84.5341 30.0231 0.0216684
      vertex 84.7592 30.0913 0.0216684
    endloop
  endfacet
  facet normal 0 0 -1
    outer loop
      vertex 120.541 19.5 0.0216684
      vertex 84.3 30 0.0216684
      vertex 84.5341 30.0231 0.0216684
    endloop
  endfacet
  facet normal 0 0 -1
    outer loop
      vertex 120.541 19.5 0.0216684
      vertex 84.2 30 0.0216684
      vertex 84.3 30 0.0216684
    endloop
  endfacet
  facet normal 0 0 -1
    outer loop
      vertex 76.3 30 0.0216684
      vertex 84.2 30 0.0216684
      vertex 120.541 19.5 0.0216684
    endloop
  endfacet
  facet normal 0 0 -1
    outer loop
      vertex 83 31.2 0.0216684
      vertex 77.5 31.2 0.0216684
      vertex 83 68.8 0.0216684
    endloop
  endfacet
  facet normal 0 0 -1
    outer loop
      vertex 83.0231 30.9659 0.0216684
      vertex 77.5 31.2 0.0216684
      vertex 83 31.2 0.0216684
    endloop
  endfacet
  facet normal 0 0 -1
    outer loop
      vertex 77.4769 30.9659 0.0216684
      vertex 83.0231 30.9659 0.0216684
      vertex 83.0913 30.7408 0.0216684
    endloop
  endfacet
  facet normal 0 0 -1
    outer loop
      vertex 77.4087 30.7408 0.0216684
      vertex 83.0913 30.7408 0.0216684
      vertex 83.2022 30.5333 0.0216684
    endloop
  endfacet
  facet normal 0 0 -1
    outer loop
      vertex 77.2978 30.5333 0.0216684
      vertex 83.2022 30.5333 0.0216684
      vertex 83.3515 30.3515 0.0216684
    endloop
  endfacet
  facet normal 0 0 -1
    outer loop
      vertex 77.1485 30.3515 0.0216684
      vertex 83.3515 30.3515 0.0216684
      vertex 83.5333 30.2022 0.0216684
    endloop
  endfacet
  facet normal 0 0 -1
    outer loop
      vertex 76.9667 30.2022 0.0216684
      vertex 83.5333 30.2022 0.0216684
      vertex 83.7408 30.0913 0.0216684
    endloop
  endfacet
  facet normal 0 0 -1
    outer loop
      vertex 76.7592 30.0913 0.0216684
      vertex 83.7408 30.0913 0.0216684
      vertex 83.9659 30.0231 0.0216684
    endloop
  endfacet
  facet normal 0 0 -1
    outer loop
      vertex 84.2 30 0.0216684
      vertex 76.3 30 0.0216684
      vertex 83.9659 30.0231 0.0216684
    endloop
  endfacet
  facet normal 0 0 -1
    outer loop
      vertex 83.0231 30.9659 0.0216684
      vertex 77.4769 30.9659 0.0216684
      vertex 77.5 31.2 0.0216684
    endloop
  endfacet
  facet normal 0 0 -1
    outer loop
      vertex 83.0913 30.7408 0.0216684
      vertex 77.4087 30.7408 0.0216684
      vertex 77.4769 30.9659 0.0216684
    endloop
  endfacet
  facet normal 0 0 -1
    outer loop
      vertex 83.2022 30.5333 0.0216684
      vertex 77.2978 30.5333 0.0216684
      vertex 77.4087 30.7408 0.0216684
    endloop
  endfacet
  facet normal 0 0 -1
    outer loop
      vertex 83.3515 30.3515 0.0216684
      vertex 77.1485 30.3515 0.0216684
      vertex 77.2978 30.5333 0.0216684
    endloop
  endfacet
  facet normal 0 0 -1
    outer loop
      vertex 83.5333 30.2022 0.0216684
      vertex 76.9667 30.2022 0.0216684
      vertex 77.1485 30.3515 0.0216684
    endloop
  endfacet
  facet normal 0 0 -1
    outer loop
      vertex 83.7408 30.0913 0.0216684
      vertex 76.7592 30.0913 0.0216684
      vertex 76.9667 30.2022 0.0216684
    endloop
  endfacet
  facet normal 0 0 -1
    outer loop
      vertex 83.9659 30.0231 0.0216684
      vertex 76.5341 30.0231 0.0216684
      vertex 76.7592 30.0913 0.0216684
    endloop
  endfacet
  facet normal -0 0 -1
    outer loop
      vertex 83.9659 30.0231 0.0216684
      vertex 76.3 30 0.0216684
      vertex 76.5341 30.0231 0.0216684
    endloop
  endfacet
  facet normal 0 0 -1
    outer loop
      vertex 120.541 19.5 0.0216684
      vertex 76.2 30 0.0216684
      vertex 76.3 30 0.0216684
    endloop
  endfacet
  facet normal 0 0 -1
    outer loop
      vertex 68.3 30 0.0216684
      vertex 76.2 30 0.0216684
      vertex 120.541 19.5 0.0216684
    endloop
  endfacet
  facet normal 0 0 -1
    outer loop
      vertex 75 31.2 0.0216684
      vertex 69.5 31.2 0.0216684
      vertex 75 68.8 0.0216684
    endloop
  endfacet
  facet normal 0 0 -1
    outer loop
      vertex 75.0231 30.9659 0.0216684
      vertex 69.5 31.2 0.0216684
      vertex 75 31.2 0.0216684
    endloop
  endfacet
  facet normal 0 0 -1
    outer loop
      vertex 69.4769 30.9659 0.0216684
      vertex 75.0231 30.9659 0.0216684
      vertex 75.0913 30.7408 0.0216684
    endloop
  endfacet
  facet normal 0 0 -1
    outer loop
      vertex 69.4087 30.7408 0.0216684
      vertex 75.0913 30.7408 0.0216684
      vertex 75.2022 30.5333 0.0216684
    endloop
  endfacet
  facet normal 0 0 -1
    outer loop
      vertex 69.2978 30.5333 0.0216684
      vertex 75.2022 30.5333 0.0216684
      vertex 75.3515 30.3515 0.0216684
    endloop
  endfacet
  facet normal 0 0 -1
    outer loop
      vertex 69.1485 30.3515 0.0216684
      vertex 75.3515 30.3515 0.0216684
      vertex 75.5333 30.2022 0.0216684
    endloop
  endfacet
  facet normal 0 0 -1
    outer loop
      vertex 68.9667 30.2022 0.0216684
      vertex 75.5333 30.2022 0.0216684
      vertex 75.7408 30.0913 0.0216684
    endloop
  endfacet
  facet normal 0 0 -1
    outer loop
      vertex 68.7592 30.0913 0.0216684
      vertex 75.7408 30.0913 0.0216684
      vertex 75.9659 30.0231 0.0216684
    endloop
  endfacet
  facet normal 0 0 -1
    outer loop
      vertex 76.2 30 0.0216684
      vertex 68.3 30 0.0216684
      vertex 75.9659 30.0231 0.0216684
    endloop
  endfacet
  facet normal 0 0 -1
    outer loop
      vertex 75.0231 30.9659 0.0216684
      vertex 69.4769 30.9659 0.0216684
      vertex 69.5 31.2 0.0216684
    endloop
  endfacet
  facet normal 0 0 -1
    outer loop
      vertex 75.0913 30.7408 0.0216684
      vertex 69.4087 30.7408 0.0216684
      vertex 69.4769 30.9659 0.0216684
    endloop
  endfacet
  facet normal 0 0 -1
    outer loop
      vertex 75.2022 30.5333 0.0216684
      vertex 69.2978 30.5333 0.0216684
      vertex 69.4087 30.7408 0.0216684
    endloop
  endfacet
  facet normal 0 0 -1
    outer loop
      vertex 75.3515 30.3515 0.0216684
      vertex 69.1485 30.3515 0.0216684
      vertex 69.2978 30.5333 0.0216684
    endloop
  endfacet
  facet normal 0 0 -1
    outer loop
      vertex 75.5333 30.2022 0.0216684
      vertex 68.9667 30.2022 0.0216684
      vertex 69.1485 30.3515 0.0216684
    endloop
  endfacet
  facet normal 0 0 -1
    outer loop
      vertex 75.7408 30.0913 0.0216684
      vertex 68.7592 30.0913 0.0216684
      vertex 68.9667 30.2022 0.0216684
    endloop
  endfacet
  facet normal 0 0 -1
    outer loop
      vertex 75.9659 30.0231 0.0216684
      vertex 68.5341 30.0231 0.0216684
      vertex 68.7592 30.0913 0.0216684
    endloop
  endfacet
  facet normal -0 0 -1
    outer loop
      vertex 75.9659 30.0231 0.0216684
      vertex 68.3 30 0.0216684
      vertex 68.5341 30.0231 0.0216684
    endloop
  endfacet
  facet normal 0 0 -1
    outer loop
      vertex 120.541 19.5 0.0216684
      vertex 68.2 30 0.0216684
      vertex 68.3 30 0.0216684
    endloop
  endfacet
  facet normal 0 0 -1
    outer loop
      vertex 60.3 30 0.0216684
      vertex 68.2 30 0.0216684
      vertex 120.541 19.5 0.0216684
    endloop
  endfacet
  facet normal 0 0 -1
    outer loop
      vertex 67 31.2 0.0216684
      vertex 61.5 31.2 0.0216684
      vertex 67 68.8 0.0216684
    endloop
  endfacet
  facet normal 0 0 -1
    outer loop
      vertex 67.0231 30.9659 0.0216684
      vertex 61.5 31.2 0.0216684
      vertex 67 31.2 0.0216684
    endloop
  endfacet
  facet normal 0 0 -1
    outer loop
      vertex 61.4769 30.9659 0.0216684
      vertex 67.0231 30.9659 0.0216684
      vertex 67.0913 30.7408 0.0216684
    endloop
  endfacet
  facet normal 0 0 -1
    outer loop
      vertex 61.4087 30.7408 0.0216684
      vertex 67.0913 30.7408 0.0216684
      vertex 67.2022 30.5333 0.0216684
    endloop
  endfacet
  facet normal 0 0 -1
    outer loop
      vertex 61.2978 30.5333 0.0216684
      vertex 67.2022 30.5333 0.0216684
      vertex 67.3515 30.3515 0.0216684
    endloop
  endfacet
  facet normal 0 0 -1
    outer loop
      vertex 61.1485 30.3515 0.0216684
      vertex 67.3515 30.3515 0.0216684
      vertex 67.5333 30.2022 0.0216684
    endloop
  endfacet
  facet normal 0 0 -1
    outer loop
      vertex 60.9667 30.2022 0.0216684
      vertex 67.5333 30.2022 0.0216684
      vertex 67.7408 30.0913 0.0216684
    endloop
  endfacet
  facet normal 0 0 -1
    outer loop
      vertex 60.7592 30.0913 0.0216684
      vertex 67.7408 30.0913 0.0216684
      vertex 67.9659 30.0231 0.0216684
    endloop
  endfacet
  facet normal 0 0 -1
    outer loop
      vertex 68.2 30 0.0216684
      vertex 60.3 30 0.0216684
      vertex 67.9659 30.0231 0.0216684
    endloop
  endfacet
  facet normal 0 0 -1
    outer loop
      vertex 67.0231 30.9659 0.0216684
      vertex 61.4769 30.9659 0.0216684
      vertex 61.5 31.2 0.0216684
    endloop
  endfacet
  facet normal 0 0 -1
    outer loop
      vertex 67.0913 30.7408 0.0216684
      vertex 61.4087 30.7408 0.0216684
      vertex 61.4769 30.9659 0.0216684
    endloop
  endfacet
  facet normal 0 0 -1
    outer loop
      vertex 67.2022 30.5333 0.0216684
      vertex 61.2978 30.5333 0.0216684
      vertex 61.4087 30.7408 0.0216684
    endloop
  endfacet
  facet normal 0 0 -1
    outer loop
      vertex 67.3515 30.3515 0.0216684
      vertex 61.1485 30.3515 0.0216684
      vertex 61.2978 30.5333 0.0216684
    endloop
  endfacet
  facet normal 0 0 -1
    outer loop
      vertex 67.5333 30.2022 0.0216684
      vertex 60.9667 30.2022 0.0216684
      vertex 61.1485 30.3515 0.0216684
    endloop
  endfacet
  facet normal 0 0 -1
    outer loop
      vertex 67.7408 30.0913 0.0216684
      vertex 60.7592 30.0913 0.0216684
      vertex 60.9667 30.2022 0.0216684
    endloop
  endfacet
  facet normal 0 0 -1
    outer loop
      vertex 67.9659 30.0231 0.0216684
      vertex 60.5341 30.0231 0.0216684
      vertex 60.7592 30.0913 0.0216684
    endloop
  endfacet
  facet normal -0 0 -1
    outer loop
      vertex 67.9659 30.0231 0.0216684
      vertex 60.3 30 0.0216684
      vertex 60.5341 30.0231 0.0216684
    endloop
  endfacet
  facet normal 0 0 -1
    outer loop
      vertex 120.541 19.5 0.0216684
      vertex 60.2 30 0.0216684
      vertex 60.3 30 0.0216684
    endloop
  endfacet
  facet normal 0 0 -1
    outer loop
      vertex 2 19.5 0.0216684
      vertex 60.2 30 0.0216684
      vertex 120.541 19.5 0.0216684
    endloop
  endfacet
  facet normal 0 0 -1
    outer loop
      vertex 59 31.2 0.0216684
      vertex 53.5 31.2 0.0216684
      vertex 59 68.8 0.0216684
    endloop
  endfacet
  facet normal 0 0 -1
    outer loop
      vertex 59.0231 30.9659 0.0216684
      vertex 53.5 31.2 0.0216684
      vertex 59 31.2 0.0216684
    endloop
  endfacet
  facet normal 0 0 -1
    outer loop
      vertex 53.4769 30.9659 0.0216684
      vertex 59.0231 30.9659 0.0216684
      vertex 59.0913 30.7408 0.0216684
    endloop
  endfacet
  facet normal 0 0 -1
    outer loop
      vertex 53.4087 30.7408 0.0216684
      vertex 59.0913 30.7408 0.0216684
      vertex 59.2022 30.5333 0.0216684
    endloop
  endfacet
  facet normal 0 0 -1
    outer loop
      vertex 53.2978 30.5333 0.0216684
      vertex 59.2022 30.5333 0.0216684
      vertex 59.3515 30.3515 0.0216684
    endloop
  endfacet
  facet normal 0 0 -1
    outer loop
      vertex 53.1485 30.3515 0.0216684
      vertex 59.3515 30.3515 0.0216684
      vertex 59.5333 30.2022 0.0216684
    endloop
  endfacet
  facet normal 0 0 -1
    outer loop
      vertex 52.9667 30.2022 0.0216684
      vertex 59.5333 30.2022 0.0216684
      vertex 59.7408 30.0913 0.0216684
    endloop
  endfacet
  facet normal 0 0 -1
    outer loop
      vertex 52.7592 30.0913 0.0216684
      vertex 59.7408 30.0913 0.0216684
      vertex 59.9659 30.0231 0.0216684
    endloop
  endfacet
  facet normal 0 0 -1
    outer loop
      vertex 59.0231 30.9659 0.0216684
      vertex 53.4769 30.9659 0.0216684
      vertex 53.5 31.2 0.0216684
    endloop
  endfacet
  facet normal 0 -0 -1
    outer loop
      vertex 52.3 30 0.0216684
      vertex 60.2 30 0.0216684
      vertex 2 19.5 0.0216684
    endloop
  endfacet
  facet normal 0 0 -1
    outer loop
      vertex 59.0913 30.7408 0.0216684
      vertex 53.4087 30.7408 0.0216684
      vertex 53.4769 30.9659 0.0216684
    endloop
  endfacet
  facet normal 0 0 -1
    outer loop
      vertex 59.2022 30.5333 0.0216684
      vertex 53.2978 30.5333 0.0216684
      vertex 53.4087 30.7408 0.0216684
    endloop
  endfacet
  facet normal 0 0 -1
    outer loop
      vertex 59.3515 30.3515 0.0216684
      vertex 53.1485 30.3515 0.0216684
      vertex 53.2978 30.5333 0.0216684
    endloop
  endfacet
  facet normal 0 0 -1
    outer loop
      vertex 59.5333 30.2022 0.0216684
      vertex 52.9667 30.2022 0.0216684
      vertex 53.1485 30.3515 0.0216684
    endloop
  endfacet
  facet normal 0 0 -1
    outer loop
      vertex 59.7408 30.0913 0.0216684
      vertex 52.7592 30.0913 0.0216684
      vertex 52.9667 30.2022 0.0216684
    endloop
  endfacet
  facet normal 0 0 -1
    outer loop
      vertex 59.9659 30.0231 0.0216684
      vertex 52.5341 30.0231 0.0216684
      vertex 52.7592 30.0913 0.0216684
    endloop
  endfacet
  facet normal -0 0 -1
    outer loop
      vertex 59.9659 30.0231 0.0216684
      vertex 52.3 30 0.0216684
      vertex 52.5341 30.0231 0.0216684
    endloop
  endfacet
  facet normal 0 0 -1
    outer loop
      vertex 60.2 30 0.0216684
      vertex 52.3 30 0.0216684
      vertex 59.9659 30.0231 0.0216684
    endloop
  endfacet
  facet normal -0 0 -1
    outer loop
      vertex 52.3 30 0.0216684
      vertex 2 19.5 0.0216684
      vertex 52.2 30 0.0216684
    endloop
  endfacet
  facet normal 0 0 -1
    outer loop
      vertex 51 31.2 0.0216684
      vertex 45.5 31.2 0.0216684
      vertex 51 68.8 0.0216684
    endloop
  endfacet
  facet normal 0 0 -1
    outer loop
      vertex 51.0231 30.9659 0.0216684
      vertex 45.5 31.2 0.0216684
      vertex 51 31.2 0.0216684
    endloop
  endfacet
  facet normal 0 0 -1
    outer loop
      vertex 45.4769 30.9659 0.0216684
      vertex 51.0231 30.9659 0.0216684
      vertex 51.0913 30.7408 0.0216684
    endloop
  endfacet
  facet normal 0 0 -1
    outer loop
      vertex 45.4087 30.7408 0.0216684
      vertex 51.0913 30.7408 0.0216684
      vertex 51.2022 30.5333 0.0216684
    endloop
  endfacet
  facet normal 0 0 -1
    outer loop
      vertex 45.2978 30.5333 0.0216684
      vertex 51.2022 30.5333 0.0216684
      vertex 51.3515 30.3515 0.0216684
    endloop
  endfacet
  facet normal 0 0 -1
    outer loop
      vertex 45.1485 30.3515 0.0216684
      vertex 51.3515 30.3515 0.0216684
      vertex 51.5333 30.2022 0.0216684
    endloop
  endfacet
  facet normal 0 0 -1
    outer loop
      vertex 44.9667 30.2022 0.0216684
      vertex 51.5333 30.2022 0.0216684
      vertex 51.7408 30.0913 0.0216684
    endloop
  endfacet
  facet normal 0 0 -1
    outer loop
      vertex 44.7592 30.0913 0.0216684
      vertex 51.7408 30.0913 0.0216684
      vertex 51.9659 30.0231 0.0216684
    endloop
  endfacet
  facet normal 0 0 -1
    outer loop
      vertex 51.0231 30.9659 0.0216684
      vertex 45.4769 30.9659 0.0216684
      vertex 45.5 31.2 0.0216684
    endloop
  endfacet
  facet normal 0 -0 -1
    outer loop
      vertex 44.3 30 0.0216684
      vertex 52.2 30 0.0216684
      vertex 2 19.5 0.0216684
    endloop
  endfacet
  facet normal 0 0 -1
    outer loop
      vertex 51.0913 30.7408 0.0216684
      vertex 45.4087 30.7408 0.0216684
      vertex 45.4769 30.9659 0.0216684
    endloop
  endfacet
  facet normal 0 0 -1
    outer loop
      vertex 51.2022 30.5333 0.0216684
      vertex 45.2978 30.5333 0.0216684
      vertex 45.4087 30.7408 0.0216684
    endloop
  endfacet
  facet normal 0 0 -1
    outer loop
      vertex 51.3515 30.3515 0.0216684
      vertex 45.1485 30.3515 0.0216684
      vertex 45.2978 30.5333 0.0216684
    endloop
  endfacet
  facet normal 0 0 -1
    outer loop
      vertex 51.5333 30.2022 0.0216684
      vertex 44.9667 30.2022 0.0216684
      vertex 45.1485 30.3515 0.0216684
    endloop
  endfacet
  facet normal 0 0 -1
    outer loop
      vertex 51.7408 30.0913 0.0216684
      vertex 44.7592 30.0913 0.0216684
      vertex 44.9667 30.2022 0.0216684
    endloop
  endfacet
  facet normal 0 0 -1
    outer loop
      vertex 51.9659 30.0231 0.0216684
      vertex 44.5341 30.0231 0.0216684
      vertex 44.7592 30.0913 0.0216684
    endloop
  endfacet
  facet normal -0 0 -1
    outer loop
      vertex 51.9659 30.0231 0.0216684
      vertex 44.3 30 0.0216684
      vertex 44.5341 30.0231 0.0216684
    endloop
  endfacet
  facet normal 0 0 -1
    outer loop
      vertex 52.2 30 0.0216684
      vertex 44.3 30 0.0216684
      vertex 51.9659 30.0231 0.0216684
    endloop
  endfacet
  facet normal -0 0 -1
    outer loop
      vertex 44.3 30 0.0216684
      vertex 2 19.5 0.0216684
      vertex 44.2 30 0.0216684
    endloop
  endfacet
  facet normal 0 0 -1
    outer loop
      vertex 43 31.2 0.0216684
      vertex 37.5 31.2 0.0216684
      vertex 43 68.8 0.0216684
    endloop
  endfacet
  facet normal 0 0 -1
    outer loop
      vertex 43.0231 30.9659 0.0216684
      vertex 37.5 31.2 0.0216684
      vertex 43 31.2 0.0216684
    endloop
  endfacet
  facet normal 0 0 -1
    outer loop
      vertex 37.4769 30.9659 0.0216684
      vertex 43.0231 30.9659 0.0216684
      vertex 43.0913 30.7408 0.0216684
    endloop
  endfacet
  facet normal 0 0 -1
    outer loop
      vertex 37.4087 30.7408 0.0216684
      vertex 43.0913 30.7408 0.0216684
      vertex 43.2022 30.5333 0.0216684
    endloop
  endfacet
  facet normal 0 0 -1
    outer loop
      vertex 37.2978 30.5333 0.0216684
      vertex 43.2022 30.5333 0.0216684
      vertex 43.3515 30.3515 0.0216684
    endloop
  endfacet
  facet normal 0 0 -1
    outer loop
      vertex 37.1485 30.3515 0.0216684
      vertex 43.3515 30.3515 0.0216684
      vertex 43.5333 30.2022 0.0216684
    endloop
  endfacet
  facet normal 0 0 -1
    outer loop
      vertex 36.9667 30.2022 0.0216684
      vertex 43.5333 30.2022 0.0216684
      vertex 43.7408 30.0913 0.0216684
    endloop
  endfacet
  facet normal 0 0 -1
    outer loop
      vertex 36.7592 30.0913 0.0216684
      vertex 43.7408 30.0913 0.0216684
      vertex 43.9659 30.0231 0.0216684
    endloop
  endfacet
  facet normal 0 0 -1
    outer loop
      vertex 43.0231 30.9659 0.0216684
      vertex 37.4769 30.9659 0.0216684
      vertex 37.5 31.2 0.0216684
    endloop
  endfacet
  facet normal 0 0 -1
    outer loop
      vertex 43.0913 30.7408 0.0216684
      vertex 37.4087 30.7408 0.0216684
      vertex 37.4769 30.9659 0.0216684
    endloop
  endfacet
  facet normal 0 -0 -1
    outer loop
      vertex 36.3 30 0.0216684
      vertex 44.2 30 0.0216684
      vertex 2 19.5 0.0216684
    endloop
  endfacet
  facet normal 0 0 -1
    outer loop
      vertex 43.2022 30.5333 0.0216684
      vertex 37.2978 30.5333 0.0216684
      vertex 37.4087 30.7408 0.0216684
    endloop
  endfacet
  facet normal 0 0 -1
    outer loop
      vertex 43.3515 30.3515 0.0216684
      vertex 37.1485 30.3515 0.0216684
      vertex 37.2978 30.5333 0.0216684
    endloop
  endfacet
  facet normal 0 0 -1
    outer loop
      vertex 43.5333 30.2022 0.0216684
      vertex 36.9667 30.2022 0.0216684
      vertex 37.1485 30.3515 0.0216684
    endloop
  endfacet
  facet normal 0 0 -1
    outer loop
      vertex 43.7408 30.0913 0.0216684
      vertex 36.7592 30.0913 0.0216684
      vertex 36.9667 30.2022 0.0216684
    endloop
  endfacet
  facet normal 0 0 -1
    outer loop
      vertex 43.9659 30.0231 0.0216684
      vertex 36.5341 30.0231 0.0216684
      vertex 36.7592 30.0913 0.0216684
    endloop
  endfacet
  facet normal 0 0 -1
    outer loop
      vertex 44.2 30 0.0216684
      vertex 36.3 30 0.0216684
      vertex 43.9659 30.0231 0.0216684
    endloop
  endfacet
  facet normal -0 0 -1
    outer loop
      vertex 43.9659 30.0231 0.0216684
      vertex 36.3 30 0.0216684
      vertex 36.5341 30.0231 0.0216684
    endloop
  endfacet
  facet normal -0 0 -1
    outer loop
      vertex 36.3 30 0.0216684
      vertex 2 19.5 0.0216684
      vertex 36.2 30 0.0216684
    endloop
  endfacet
  facet normal 0 0 -1
    outer loop
      vertex 35 31.2 0.0216684
      vertex 29.5 31.2 0.0216684
      vertex 35 68.8 0.0216684
    endloop
  endfacet
  facet normal 0 0 -1
    outer loop
      vertex 35.0231 30.9659 0.0216684
      vertex 29.5 31.2 0.0216684
      vertex 35 31.2 0.0216684
    endloop
  endfacet
  facet normal 0 0 -1
    outer loop
      vertex 29.4769 30.9659 0.0216684
      vertex 35.0231 30.9659 0.0216684
      vertex 35.0913 30.7408 0.0216684
    endloop
  endfacet
  facet normal 0 0 -1
    outer loop
      vertex 29.4087 30.7408 0.0216684
      vertex 35.0913 30.7408 0.0216684
      vertex 35.2022 30.5333 0.0216684
    endloop
  endfacet
  facet normal 0 0 -1
    outer loop
      vertex 29.2978 30.5333 0.0216684
      vertex 35.2022 30.5333 0.0216684
      vertex 35.3515 30.3515 0.0216684
    endloop
  endfacet
  facet normal 0 0 -1
    outer loop
      vertex 29.1485 30.3515 0.0216684
      vertex 35.3515 30.3515 0.0216684
      vertex 35.5333 30.2022 0.0216684
    endloop
  endfacet
  facet normal 0 0 -1
    outer loop
      vertex 28.9667 30.2022 0.0216684
      vertex 35.5333 30.2022 0.0216684
      vertex 35.7408 30.0913 0.0216684
    endloop
  endfacet
  facet normal 0 0 -1
    outer loop
      vertex 28.7592 30.0913 0.0216684
      vertex 35.7408 30.0913 0.0216684
      vertex 35.9659 30.0231 0.0216684
    endloop
  endfacet
  facet normal 0 0 -1
    outer loop
      vertex 35.0231 30.9659 0.0216684
      vertex 29.4769 30.9659 0.0216684
      vertex 29.5 31.2 0.0216684
    endloop
  endfacet
  facet normal 0 0 -1
    outer loop
      vertex 35.0913 30.7408 0.0216684
      vertex 29.4087 30.7408 0.0216684
      vertex 29.4769 30.9659 0.0216684
    endloop
  endfacet
  facet normal 0 -0 -1
    outer loop
      vertex 28.3 30 0.0216684
      vertex 36.2 30 0.0216684
      vertex 2 19.5 0.0216684
    endloop
  endfacet
  facet normal 0 0 -1
    outer loop
      vertex 35.2022 30.5333 0.0216684
      vertex 29.2978 30.5333 0.0216684
      vertex 29.4087 30.7408 0.0216684
    endloop
  endfacet
  facet normal 0 0 -1
    outer loop
      vertex 35.3515 30.3515 0.0216684
      vertex 29.1485 30.3515 0.0216684
      vertex 29.2978 30.5333 0.0216684
    endloop
  endfacet
  facet normal 0 0 -1
    outer loop
      vertex 35.5333 30.2022 0.0216684
      vertex 28.9667 30.2022 0.0216684
      vertex 29.1485 30.3515 0.0216684
    endloop
  endfacet
  facet normal 0 0 -1
    outer loop
      vertex 35.7408 30.0913 0.0216684
      vertex 28.7592 30.0913 0.0216684
      vertex 28.9667 30.2022 0.0216684
    endloop
  endfacet
  facet normal 0 0 -1
    outer loop
      vertex 35.9659 30.0231 0.0216684
      vertex 28.5341 30.0231 0.0216684
      vertex 28.7592 30.0913 0.0216684
    endloop
  endfacet
  facet normal 0 0 -1
    outer loop
      vertex 36.2 30 0.0216684
      vertex 28.3 30 0.0216684
      vertex 35.9659 30.0231 0.0216684
    endloop
  endfacet
  facet normal -0 0 -1
    outer loop
      vertex 35.9659 30.0231 0.0216684
      vertex 28.3 30 0.0216684
      vertex 28.5341 30.0231 0.0216684
    endloop
  endfacet
  facet normal -0 0 -1
    outer loop
      vertex 28.3 30 0.0216684
      vertex 2 19.5 0.0216684
      vertex 28.2 30 0.0216684
    endloop
  endfacet
  facet normal -0 0 -1
    outer loop
      vertex 27 31.2 0.0216684
      vertex 2 19.5 0.0216684
      vertex 27 68.8 0.0216684
    endloop
  endfacet
  facet normal -0 0 -1
    outer loop
      vertex 27.0231 30.9659 0.0216684
      vertex 2 19.5 0.0216684
      vertex 27 31.2 0.0216684
    endloop
  endfacet
  facet normal -0 0 -1
    outer loop
      vertex 27.0913 30.7408 0.0216684
      vertex 2 19.5 0.0216684
      vertex 27.0231 30.9659 0.0216684
    endloop
  endfacet
  facet normal -0 0 -1
    outer loop
      vertex 27.2022 30.5333 0.0216684
      vertex 2 19.5 0.0216684
      vertex 27.0913 30.7408 0.0216684
    endloop
  endfacet
  facet normal -0 0 -1
    outer loop
      vertex 27.3515 30.3515 0.0216684
      vertex 2 19.5 0.0216684
      vertex 27.2022 30.5333 0.0216684
    endloop
  endfacet
  facet normal -0 0 -1
    outer loop
      vertex 27.5333 30.2022 0.0216684
      vertex 2 19.5 0.0216684
      vertex 27.3515 30.3515 0.0216684
    endloop
  endfacet
  facet normal -0 0 -1
    outer loop
      vertex 27.7408 30.0913 0.0216684
      vertex 2 19.5 0.0216684
      vertex 27.5333 30.2022 0.0216684
    endloop
  endfacet
  facet normal -0 0 -1
    outer loop
      vertex 27.9659 30.0231 0.0216684
      vertex 2 19.5 0.0216684
      vertex 27.7408 30.0913 0.0216684
    endloop
  endfacet
  facet normal -0 0 -1
    outer loop
      vertex 28.2 30 0.0216684
      vertex 2 19.5 0.0216684
      vertex 27.9659 30.0231 0.0216684
    endloop
  endfacet
  facet normal 0 0 -1
    outer loop
      vertex 85.4769 69.0341 0.0216684
      vertex 120.541 19.5 0.0216684
      vertex 85.5 68.8 0.0216684
    endloop
  endfacet
  facet normal 0 0 -1
    outer loop
      vertex 85.4087 69.2592 0.0216684
      vertex 120.541 19.5 0.0216684
      vertex 85.4769 69.0341 0.0216684
    endloop
  endfacet
  facet normal 0 0 -1
    outer loop
      vertex 76.3 70 0.0216684
      vertex 120.541 236.8 0.0216684
      vertex 84.2 70 0.0216684
    endloop
  endfacet
  facet normal 0 0 -1
    outer loop
      vertex 76.2 70 0.0216684
      vertex 120.541 236.8 0.0216684
      vertex 76.3 70 0.0216684
    endloop
  endfacet
  facet normal 0 0 -1
    outer loop
      vertex 68.3 70 0.0216684
      vertex 120.541 236.8 0.0216684
      vertex 76.2 70 0.0216684
    endloop
  endfacet
  facet normal 0 0 -1
    outer loop
      vertex 120.412 237.112 0.0216684
      vertex 120.1 237.241 0.0216684
      vertex 120.345 237.167 0.0216684
    endloop
  endfacet
  facet normal 0 0 -1
    outer loop
      vertex 120.269 237.208 0.0216684
      vertex 120.1 237.241 0.0216684
      vertex 120.186 237.233 0.0216684
    endloop
  endfacet
  facet normal 0 0 -1
    outer loop
      vertex 120.345 237.167 0.0216684
      vertex 120.1 237.241 0.0216684
      vertex 120.269 237.208 0.0216684
    endloop
  endfacet
  facet normal 0 0 -1
    outer loop
      vertex 120.467 237.045 0.0216684
      vertex 120.1 237.241 0.0216684
      vertex 120.412 237.112 0.0216684
    endloop
  endfacet
  facet normal 0 0 -1
    outer loop
      vertex 68.2 70 0.0216684
      vertex 120.541 236.8 0.0216684
      vertex 68.3 70 0.0216684
    endloop
  endfacet
  facet normal 0 0 -1
    outer loop
      vertex 76.3 70 0.0216684
      vertex 84.2 70 0.0216684
      vertex 83.9659 69.9769 0.0216684
    endloop
  endfacet
  facet normal 0 0 -1
    outer loop
      vertex 76.5341 69.9769 0.0216684
      vertex 83.9659 69.9769 0.0216684
      vertex 83.7408 69.9087 0.0216684
    endloop
  endfacet
  facet normal 0 0 -1
    outer loop
      vertex 76.7592 69.9087 0.0216684
      vertex 83.7408 69.9087 0.0216684
      vertex 83.5333 69.7978 0.0216684
    endloop
  endfacet
  facet normal 0 0 -1
    outer loop
      vertex 76.9667 69.7978 0.0216684
      vertex 83.5333 69.7978 0.0216684
      vertex 83.3515 69.6485 0.0216684
    endloop
  endfacet
  facet normal 0 0 -1
    outer loop
      vertex 77.1485 69.6485 0.0216684
      vertex 83.3515 69.6485 0.0216684
      vertex 83.2022 69.4667 0.0216684
    endloop
  endfacet
  facet normal 0 0 -1
    outer loop
      vertex 77.2978 69.4667 0.0216684
      vertex 83.2022 69.4667 0.0216684
      vertex 83.0913 69.2592 0.0216684
    endloop
  endfacet
  facet normal 0 0 -1
    outer loop
      vertex 77.4087 69.2592 0.0216684
      vertex 83.0913 69.2592 0.0216684
      vertex 83.0231 69.0341 0.0216684
    endloop
  endfacet
  facet normal 0 0 -1
    outer loop
      vertex 77.5 68.8 0.0216684
      vertex 83 68.8 0.0216684
      vertex 77.5 31.2 0.0216684
    endloop
  endfacet
  facet normal 0 0 -1
    outer loop
      vertex 83 68.8 0.0216684
      vertex 77.5 68.8 0.0216684
      vertex 83.0231 69.0341 0.0216684
    endloop
  endfacet
  facet normal 0 0 -1
    outer loop
      vertex 77.4769 69.0341 0.0216684
      vertex 83.0231 69.0341 0.0216684
      vertex 77.5 68.8 0.0216684
    endloop
  endfacet
  facet normal 0 0 -1
    outer loop
      vertex 77.4087 69.2592 0.0216684
      vertex 83.0231 69.0341 0.0216684
      vertex 77.4769 69.0341 0.0216684
    endloop
  endfacet
  facet normal 0 0 -1
    outer loop
      vertex 83.0913 69.2592 0.0216684
      vertex 77.4087 69.2592 0.0216684
      vertex 77.2978 69.4667 0.0216684
    endloop
  endfacet
  facet normal 0 0 -1
    outer loop
      vertex 83.2022 69.4667 0.0216684
      vertex 77.2978 69.4667 0.0216684
      vertex 77.1485 69.6485 0.0216684
    endloop
  endfacet
  facet normal 0 0 -1
    outer loop
      vertex 83.3515 69.6485 0.0216684
      vertex 77.1485 69.6485 0.0216684
      vertex 76.9667 69.7978 0.0216684
    endloop
  endfacet
  facet normal 0 0 -1
    outer loop
      vertex 83.5333 69.7978 0.0216684
      vertex 76.9667 69.7978 0.0216684
      vertex 76.7592 69.9087 0.0216684
    endloop
  endfacet
  facet normal 0 0 -1
    outer loop
      vertex 83.7408 69.9087 0.0216684
      vertex 76.7592 69.9087 0.0216684
      vertex 76.5341 69.9769 0.0216684
    endloop
  endfacet
  facet normal 0 0 -1
    outer loop
      vertex 83.9659 69.9769 0.0216684
      vertex 76.5341 69.9769 0.0216684
      vertex 76.3 70 0.0216684
    endloop
  endfacet
  facet normal 0 0 -1
    outer loop
      vertex 120.507 236.969 0.0216684
      vertex 120.1 237.241 0.0216684
      vertex 120.467 237.045 0.0216684
    endloop
  endfacet
  facet normal 0 0 -1
    outer loop
      vertex 60.3 70 0.0216684
      vertex 120.541 236.8 0.0216684
      vertex 68.2 70 0.0216684
    endloop
  endfacet
  facet normal 0 0 -1
    outer loop
      vertex 68.3 70 0.0216684
      vertex 76.2 70 0.0216684
      vertex 75.9659 69.9769 0.0216684
    endloop
  endfacet
  facet normal 0 0 -1
    outer loop
      vertex 68.5341 69.9769 0.0216684
      vertex 75.9659 69.9769 0.0216684
      vertex 75.7408 69.9087 0.0216684
    endloop
  endfacet
  facet normal 0 0 -1
    outer loop
      vertex 68.7592 69.9087 0.0216684
      vertex 75.7408 69.9087 0.0216684
      vertex 75.5333 69.7978 0.0216684
    endloop
  endfacet
  facet normal 0 0 -1
    outer loop
      vertex 68.9667 69.7978 0.0216684
      vertex 75.5333 69.7978 0.0216684
      vertex 75.3515 69.6485 0.0216684
    endloop
  endfacet
  facet normal 0 0 -1
    outer loop
      vertex 69.1485 69.6485 0.0216684
      vertex 75.3515 69.6485 0.0216684
      vertex 75.2022 69.4667 0.0216684
    endloop
  endfacet
  facet normal 0 0 -1
    outer loop
      vertex 69.2978 69.4667 0.0216684
      vertex 75.2022 69.4667 0.0216684
      vertex 75.0913 69.2592 0.0216684
    endloop
  endfacet
  facet normal 0 0 -1
    outer loop
      vertex 69.4087 69.2592 0.0216684
      vertex 75.0913 69.2592 0.0216684
      vertex 75.0231 69.0341 0.0216684
    endloop
  endfacet
  facet normal 0 0 -1
    outer loop
      vertex 69.5 68.8 0.0216684
      vertex 75 68.8 0.0216684
      vertex 69.5 31.2 0.0216684
    endloop
  endfacet
  facet normal 0 0 -1
    outer loop
      vertex 75 68.8 0.0216684
      vertex 69.5 68.8 0.0216684
      vertex 75.0231 69.0341 0.0216684
    endloop
  endfacet
  facet normal 0 0 -1
    outer loop
      vertex 69.4769 69.0341 0.0216684
      vertex 75.0231 69.0341 0.0216684
      vertex 69.5 68.8 0.0216684
    endloop
  endfacet
  facet normal 0 0 -1
    outer loop
      vertex 69.4087 69.2592 0.0216684
      vertex 75.0231 69.0341 0.0216684
      vertex 69.4769 69.0341 0.0216684
    endloop
  endfacet
  facet normal 0 0 -1
    outer loop
      vertex 75.0913 69.2592 0.0216684
      vertex 69.4087 69.2592 0.0216684
      vertex 69.2978 69.4667 0.0216684
    endloop
  endfacet
  facet normal 0 0 -1
    outer loop
      vertex 75.2022 69.4667 0.0216684
      vertex 69.2978 69.4667 0.0216684
      vertex 69.1485 69.6485 0.0216684
    endloop
  endfacet
  facet normal 0 0 -1
    outer loop
      vertex 75.3515 69.6485 0.0216684
      vertex 69.1485 69.6485 0.0216684
      vertex 68.9667 69.7978 0.0216684
    endloop
  endfacet
  facet normal 0 0 -1
    outer loop
      vertex 75.5333 69.7978 0.0216684
      vertex 68.9667 69.7978 0.0216684
      vertex 68.7592 69.9087 0.0216684
    endloop
  endfacet
  facet normal 0 0 -1
    outer loop
      vertex 75.7408 69.9087 0.0216684
      vertex 68.7592 69.9087 0.0216684
      vertex 68.5341 69.9769 0.0216684
    endloop
  endfacet
  facet normal 0 0 -1
    outer loop
      vertex 75.9659 69.9769 0.0216684
      vertex 68.5341 69.9769 0.0216684
      vertex 68.3 70 0.0216684
    endloop
  endfacet
  facet normal 0 0 -1
    outer loop
      vertex 120.533 236.886 0.0216684
      vertex 120.1 237.241 0.0216684
      vertex 120.507 236.969 0.0216684
    endloop
  endfacet
  facet normal 0 0 -1
    outer loop
      vertex 60.2 70 0.0216684
      vertex 120.541 236.8 0.0216684
      vertex 60.3 70 0.0216684
    endloop
  endfacet
  facet normal 0 0 -1
    outer loop
      vertex 60.3 70 0.0216684
      vertex 68.2 70 0.0216684
      vertex 67.9659 69.9769 0.0216684
    endloop
  endfacet
  facet normal 0 0 -1
    outer loop
      vertex 60.5341 69.9769 0.0216684
      vertex 67.9659 69.9769 0.0216684
      vertex 67.7408 69.9087 0.0216684
    endloop
  endfacet
  facet normal 0 0 -1
    outer loop
      vertex 60.7592 69.9087 0.0216684
      vertex 67.7408 69.9087 0.0216684
      vertex 67.5333 69.7978 0.0216684
    endloop
  endfacet
  facet normal 0 0 -1
    outer loop
      vertex 60.9667 69.7978 0.0216684
      vertex 67.5333 69.7978 0.0216684
      vertex 67.3515 69.6485 0.0216684
    endloop
  endfacet
  facet normal 0 0 -1
    outer loop
      vertex 61.1485 69.6485 0.0216684
      vertex 67.3515 69.6485 0.0216684
      vertex 67.2022 69.4667 0.0216684
    endloop
  endfacet
  facet normal 0 0 -1
    outer loop
      vertex 61.2978 69.4667 0.0216684
      vertex 67.2022 69.4667 0.0216684
      vertex 67.0913 69.2592 0.0216684
    endloop
  endfacet
  facet normal 0 0 -1
    outer loop
      vertex 61.5 68.8 0.0216684
      vertex 67 68.8 0.0216684
      vertex 61.5 31.2 0.0216684
    endloop
  endfacet
  facet normal 0 0 -1
    outer loop
      vertex 67 68.8 0.0216684
      vertex 61.5 68.8 0.0216684
      vertex 67.0231 69.0341 0.0216684
    endloop
  endfacet
  facet normal 0 0 -1
    outer loop
      vertex 61.4769 69.0341 0.0216684
      vertex 67.0231 69.0341 0.0216684
      vertex 61.5 68.8 0.0216684
    endloop
  endfacet
  facet normal 0 0 -1
    outer loop
      vertex 67.0231 69.0341 0.0216684
      vertex 61.4769 69.0341 0.0216684
      vertex 67.0913 69.2592 0.0216684
    endloop
  endfacet
  facet normal 0 0 -1
    outer loop
      vertex 61.4087 69.2592 0.0216684
      vertex 67.0913 69.2592 0.0216684
      vertex 61.4769 69.0341 0.0216684
    endloop
  endfacet
  facet normal 0 0 -1
    outer loop
      vertex 61.2978 69.4667 0.0216684
      vertex 67.0913 69.2592 0.0216684
      vertex 61.4087 69.2592 0.0216684
    endloop
  endfacet
  facet normal 0 0 -1
    outer loop
      vertex 67.2022 69.4667 0.0216684
      vertex 61.2978 69.4667 0.0216684
      vertex 61.1485 69.6485 0.0216684
    endloop
  endfacet
  facet normal 0 0 -1
    outer loop
      vertex 67.3515 69.6485 0.0216684
      vertex 61.1485 69.6485 0.0216684
      vertex 60.9667 69.7978 0.0216684
    endloop
  endfacet
  facet normal 0 0 -1
    outer loop
      vertex 67.5333 69.7978 0.0216684
      vertex 60.9667 69.7978 0.0216684
      vertex 60.7592 69.9087 0.0216684
    endloop
  endfacet
  facet normal 0 0 -1
    outer loop
      vertex 67.7408 69.9087 0.0216684
      vertex 60.7592 69.9087 0.0216684
      vertex 60.5341 69.9769 0.0216684
    endloop
  endfacet
  facet normal 0 0 -1
    outer loop
      vertex 67.9659 69.9769 0.0216684
      vertex 60.5341 69.9769 0.0216684
      vertex 60.3 70 0.0216684
    endloop
  endfacet
  facet normal 0 0 -1
    outer loop
      vertex 120.541 236.8 0.0216684
      vertex 120.1 237.241 0.0216684
      vertex 120.533 236.886 0.0216684
    endloop
  endfacet
  facet normal 0 0 -1
    outer loop
      vertex 2 237.241 0.0216684
      vertex 120.541 236.8 0.0216684
      vertex 60.2 70 0.0216684
    endloop
  endfacet
  facet normal 0 0 -1
    outer loop
      vertex 52.3 70 0.0216684
      vertex 60.2 70 0.0216684
      vertex 59.9659 69.9769 0.0216684
    endloop
  endfacet
  facet normal 0 0 -1
    outer loop
      vertex 52.5341 69.9769 0.0216684
      vertex 59.9659 69.9769 0.0216684
      vertex 59.7408 69.9087 0.0216684
    endloop
  endfacet
  facet normal 0 0 -1
    outer loop
      vertex 52.7592 69.9087 0.0216684
      vertex 59.7408 69.9087 0.0216684
      vertex 59.5333 69.7978 0.0216684
    endloop
  endfacet
  facet normal 0 0 -1
    outer loop
      vertex 52.9667 69.7978 0.0216684
      vertex 59.5333 69.7978 0.0216684
      vertex 59.3515 69.6485 0.0216684
    endloop
  endfacet
  facet normal 0 0 -1
    outer loop
      vertex 53.1485 69.6485 0.0216684
      vertex 59.3515 69.6485 0.0216684
      vertex 59.2022 69.4667 0.0216684
    endloop
  endfacet
  facet normal 0 0 -1
    outer loop
      vertex 53.2978 69.4667 0.0216684
      vertex 59.2022 69.4667 0.0216684
      vertex 59.0913 69.2592 0.0216684
    endloop
  endfacet
  facet normal 0 0 -1
    outer loop
      vertex 53.5 68.8 0.0216684
      vertex 59 68.8 0.0216684
      vertex 53.5 31.2 0.0216684
    endloop
  endfacet
  facet normal 0 0 -1
    outer loop
      vertex 59 68.8 0.0216684
      vertex 53.5 68.8 0.0216684
      vertex 59.0231 69.0341 0.0216684
    endloop
  endfacet
  facet normal 0 0 -1
    outer loop
      vertex 53.4769 69.0341 0.0216684
      vertex 59.0231 69.0341 0.0216684
      vertex 53.5 68.8 0.0216684
    endloop
  endfacet
  facet normal 0 0 -1
    outer loop
      vertex 59.0231 69.0341 0.0216684
      vertex 53.4769 69.0341 0.0216684
      vertex 59.0913 69.2592 0.0216684
    endloop
  endfacet
  facet normal 0 0 -1
    outer loop
      vertex 53.4087 69.2592 0.0216684
      vertex 59.0913 69.2592 0.0216684
      vertex 53.4769 69.0341 0.0216684
    endloop
  endfacet
  facet normal 0 0 -1
    outer loop
      vertex 53.2978 69.4667 0.0216684
      vertex 59.0913 69.2592 0.0216684
      vertex 53.4087 69.2592 0.0216684
    endloop
  endfacet
  facet normal 0 0 -1
    outer loop
      vertex 59.2022 69.4667 0.0216684
      vertex 53.2978 69.4667 0.0216684
      vertex 53.1485 69.6485 0.0216684
    endloop
  endfacet
  facet normal 0 0 -1
    outer loop
      vertex 59.3515 69.6485 0.0216684
      vertex 53.1485 69.6485 0.0216684
      vertex 52.9667 69.7978 0.0216684
    endloop
  endfacet
  facet normal 0 0 -1
    outer loop
      vertex 59.5333 69.7978 0.0216684
      vertex 52.9667 69.7978 0.0216684
      vertex 52.7592 69.9087 0.0216684
    endloop
  endfacet
  facet normal 0 0 -1
    outer loop
      vertex 59.7408 69.9087 0.0216684
      vertex 52.7592 69.9087 0.0216684
      vertex 52.5341 69.9769 0.0216684
    endloop
  endfacet
  facet normal 0 0 -1
    outer loop
      vertex 59.9659 69.9769 0.0216684
      vertex 52.5341 69.9769 0.0216684
      vertex 52.3 70 0.0216684
    endloop
  endfacet
  facet normal 0 0 -1
    outer loop
      vertex 60.2 70 0.0216684
      vertex 52.3 70 0.0216684
      vertex 2 237.241 0.0216684
    endloop
  endfacet
  facet normal 0 0 -1
    outer loop
      vertex 2 237.241 0.0216684
      vertex 52.3 70 0.0216684
      vertex 52.2 70 0.0216684
    endloop
  endfacet
  facet normal 0 0 -1
    outer loop
      vertex 44.3 70 0.0216684
      vertex 52.2 70 0.0216684
      vertex 51.9659 69.9769 0.0216684
    endloop
  endfacet
  facet normal 0 0 -1
    outer loop
      vertex 44.5341 69.9769 0.0216684
      vertex 51.9659 69.9769 0.0216684
      vertex 51.7408 69.9087 0.0216684
    endloop
  endfacet
  facet normal 0 0 -1
    outer loop
      vertex 44.7592 69.9087 0.0216684
      vertex 51.7408 69.9087 0.0216684
      vertex 51.5333 69.7978 0.0216684
    endloop
  endfacet
  facet normal 0 0 -1
    outer loop
      vertex 44.9667 69.7978 0.0216684
      vertex 51.5333 69.7978 0.0216684
      vertex 51.3515 69.6485 0.0216684
    endloop
  endfacet
  facet normal 0 0 -1
    outer loop
      vertex 45.1485 69.6485 0.0216684
      vertex 51.3515 69.6485 0.0216684
      vertex 51.2022 69.4667 0.0216684
    endloop
  endfacet
  facet normal 0 0 -1
    outer loop
      vertex 45.2978 69.4667 0.0216684
      vertex 51.2022 69.4667 0.0216684
      vertex 51.0913 69.2592 0.0216684
    endloop
  endfacet
  facet normal 0 0 -1
    outer loop
      vertex 45.5 68.8 0.0216684
      vertex 51 68.8 0.0216684
      vertex 45.5 31.2 0.0216684
    endloop
  endfacet
  facet normal 0 0 -1
    outer loop
      vertex 51 68.8 0.0216684
      vertex 45.5 68.8 0.0216684
      vertex 51.0231 69.0341 0.0216684
    endloop
  endfacet
  facet normal 0 0 -1
    outer loop
      vertex 45.4769 69.0341 0.0216684
      vertex 51.0231 69.0341 0.0216684
      vertex 45.5 68.8 0.0216684
    endloop
  endfacet
  facet normal 0 0 -1
    outer loop
      vertex 51.0231 69.0341 0.0216684
      vertex 45.4769 69.0341 0.0216684
      vertex 51.0913 69.2592 0.0216684
    endloop
  endfacet
  facet normal 0 0 -1
    outer loop
      vertex 45.4087 69.2592 0.0216684
      vertex 51.0913 69.2592 0.0216684
      vertex 45.4769 69.0341 0.0216684
    endloop
  endfacet
  facet normal 0 0 -1
    outer loop
      vertex 45.2978 69.4667 0.0216684
      vertex 51.0913 69.2592 0.0216684
      vertex 45.4087 69.2592 0.0216684
    endloop
  endfacet
  facet normal 0 0 -1
    outer loop
      vertex 51.2022 69.4667 0.0216684
      vertex 45.2978 69.4667 0.0216684
      vertex 45.1485 69.6485 0.0216684
    endloop
  endfacet
  facet normal 0 0 -1
    outer loop
      vertex 51.3515 69.6485 0.0216684
      vertex 45.1485 69.6485 0.0216684
      vertex 44.9667 69.7978 0.0216684
    endloop
  endfacet
  facet normal 0 0 -1
    outer loop
      vertex 51.5333 69.7978 0.0216684
      vertex 44.9667 69.7978 0.0216684
      vertex 44.7592 69.9087 0.0216684
    endloop
  endfacet
  facet normal 0 0 -1
    outer loop
      vertex 51.7408 69.9087 0.0216684
      vertex 44.7592 69.9087 0.0216684
      vertex 44.5341 69.9769 0.0216684
    endloop
  endfacet
  facet normal 0 0 -1
    outer loop
      vertex 51.9659 69.9769 0.0216684
      vertex 44.5341 69.9769 0.0216684
      vertex 44.3 70 0.0216684
    endloop
  endfacet
  facet normal 0 0 -1
    outer loop
      vertex 52.2 70 0.0216684
      vertex 44.3 70 0.0216684
      vertex 2 237.241 0.0216684
    endloop
  endfacet
  facet normal 0 0 -1
    outer loop
      vertex 2 237.241 0.0216684
      vertex 44.3 70 0.0216684
      vertex 44.2 70 0.0216684
    endloop
  endfacet
  facet normal 0 0 -1
    outer loop
      vertex 36.3 70 0.0216684
      vertex 44.2 70 0.0216684
      vertex 43.9659 69.9769 0.0216684
    endloop
  endfacet
  facet normal 0 0 -1
    outer loop
      vertex 36.5341 69.9769 0.0216684
      vertex 43.9659 69.9769 0.0216684
      vertex 43.7408 69.9087 0.0216684
    endloop
  endfacet
  facet normal 0 0 -1
    outer loop
      vertex 36.7592 69.9087 0.0216684
      vertex 43.7408 69.9087 0.0216684
      vertex 43.5333 69.7978 0.0216684
    endloop
  endfacet
  facet normal 0 0 -1
    outer loop
      vertex 36.9667 69.7978 0.0216684
      vertex 43.5333 69.7978 0.0216684
      vertex 43.3515 69.6485 0.0216684
    endloop
  endfacet
  facet normal 0 0 -1
    outer loop
      vertex 37.1485 69.6485 0.0216684
      vertex 43.3515 69.6485 0.0216684
      vertex 43.2022 69.4667 0.0216684
    endloop
  endfacet
  facet normal 0 0 -1
    outer loop
      vertex 37.2978 69.4667 0.0216684
      vertex 43.2022 69.4667 0.0216684
      vertex 43.0913 69.2592 0.0216684
    endloop
  endfacet
  facet normal 0 0 -1
    outer loop
      vertex 37.5 68.8 0.0216684
      vertex 43 68.8 0.0216684
      vertex 37.5 31.2 0.0216684
    endloop
  endfacet
  facet normal 0 0 -1
    outer loop
      vertex 43 68.8 0.0216684
      vertex 37.5 68.8 0.0216684
      vertex 43.0231 69.0341 0.0216684
    endloop
  endfacet
  facet normal 0 0 -1
    outer loop
      vertex 37.4769 69.0341 0.0216684
      vertex 43.0231 69.0341 0.0216684
      vertex 37.5 68.8 0.0216684
    endloop
  endfacet
  facet normal 0 0 -1
    outer loop
      vertex 43.0231 69.0341 0.0216684
      vertex 37.4769 69.0341 0.0216684
      vertex 43.0913 69.2592 0.0216684
    endloop
  endfacet
  facet normal 0 0 -1
    outer loop
      vertex 37.4087 69.2592 0.0216684
      vertex 43.0913 69.2592 0.0216684
      vertex 37.4769 69.0341 0.0216684
    endloop
  endfacet
  facet normal 0 0 -1
    outer loop
      vertex 37.2978 69.4667 0.0216684
      vertex 43.0913 69.2592 0.0216684
      vertex 37.4087 69.2592 0.0216684
    endloop
  endfacet
  facet normal 0 0 -1
    outer loop
      vertex 43.2022 69.4667 0.0216684
      vertex 37.2978 69.4667 0.0216684
      vertex 37.1485 69.6485 0.0216684
    endloop
  endfacet
  facet normal 0 0 -1
    outer loop
      vertex 43.3515 69.6485 0.0216684
      vertex 37.1485 69.6485 0.0216684
      vertex 36.9667 69.7978 0.0216684
    endloop
  endfacet
  facet normal 0 0 -1
    outer loop
      vertex 43.5333 69.7978 0.0216684
      vertex 36.9667 69.7978 0.0216684
      vertex 36.7592 69.9087 0.0216684
    endloop
  endfacet
  facet normal 0 0 -1
    outer loop
      vertex 43.7408 69.9087 0.0216684
      vertex 36.7592 69.9087 0.0216684
      vertex 36.5341 69.9769 0.0216684
    endloop
  endfacet
  facet normal 0 0 -1
    outer loop
      vertex 43.9659 69.9769 0.0216684
      vertex 36.5341 69.9769 0.0216684
      vertex 36.3 70 0.0216684
    endloop
  endfacet
  facet normal 0 0 -1
    outer loop
      vertex 44.2 70 0.0216684
      vertex 36.3 70 0.0216684
      vertex 2 237.241 0.0216684
    endloop
  endfacet
  facet normal 0 0 -1
    outer loop
      vertex 2 237.241 0.0216684
      vertex 36.3 70 0.0216684
      vertex 36.2 70 0.0216684
    endloop
  endfacet
  facet normal 0 0 -1
    outer loop
      vertex 28.3 70 0.0216684
      vertex 36.2 70 0.0216684
      vertex 35.9659 69.9769 0.0216684
    endloop
  endfacet
  facet normal 0 0 -1
    outer loop
      vertex 28.5341 69.9769 0.0216684
      vertex 35.9659 69.9769 0.0216684
      vertex 35.7408 69.9087 0.0216684
    endloop
  endfacet
  facet normal 0 0 -1
    outer loop
      vertex 28.7592 69.9087 0.0216684
      vertex 35.7408 69.9087 0.0216684
      vertex 35.5333 69.7978 0.0216684
    endloop
  endfacet
  facet normal 0 0 -1
    outer loop
      vertex 28.9667 69.7978 0.0216684
      vertex 35.5333 69.7978 0.0216684
      vertex 35.3515 69.6485 0.0216684
    endloop
  endfacet
  facet normal 0 0 -1
    outer loop
      vertex 29.1485 69.6485 0.0216684
      vertex 35.3515 69.6485 0.0216684
      vertex 35.2022 69.4667 0.0216684
    endloop
  endfacet
  facet normal 0 0 -1
    outer loop
      vertex 29.2978 69.4667 0.0216684
      vertex 35.2022 69.4667 0.0216684
      vertex 35.0913 69.2592 0.0216684
    endloop
  endfacet
  facet normal 0 0 -1
    outer loop
      vertex 29.5 68.8 0.0216684
      vertex 35 68.8 0.0216684
      vertex 29.5 31.2 0.0216684
    endloop
  endfacet
  facet normal 0 0 -1
    outer loop
      vertex 35 68.8 0.0216684
      vertex 29.5 68.8 0.0216684
      vertex 35.0231 69.0341 0.0216684
    endloop
  endfacet
  facet normal 0 0 -1
    outer loop
      vertex 29.4769 69.0341 0.0216684
      vertex 35.0231 69.0341 0.0216684
      vertex 29.5 68.8 0.0216684
    endloop
  endfacet
  facet normal 0 0 -1
    outer loop
      vertex 35.0231 69.0341 0.0216684
      vertex 29.4769 69.0341 0.0216684
      vertex 35.0913 69.2592 0.0216684
    endloop
  endfacet
  facet normal 0 0 -1
    outer loop
      vertex 29.4087 69.2592 0.0216684
      vertex 35.0913 69.2592 0.0216684
      vertex 29.4769 69.0341 0.0216684
    endloop
  endfacet
  facet normal 0 0 -1
    outer loop
      vertex 29.2978 69.4667 0.0216684
      vertex 35.0913 69.2592 0.0216684
      vertex 29.4087 69.2592 0.0216684
    endloop
  endfacet
  facet normal 0 0 -1
    outer loop
      vertex 35.2022 69.4667 0.0216684
      vertex 29.2978 69.4667 0.0216684
      vertex 29.1485 69.6485 0.0216684
    endloop
  endfacet
  facet normal 0 0 -1
    outer loop
      vertex 35.3515 69.6485 0.0216684
      vertex 29.1485 69.6485 0.0216684
      vertex 28.9667 69.7978 0.0216684
    endloop
  endfacet
  facet normal 0 0 -1
    outer loop
      vertex 35.5333 69.7978 0.0216684
      vertex 28.9667 69.7978 0.0216684
      vertex 28.7592 69.9087 0.0216684
    endloop
  endfacet
  facet normal 0 0 -1
    outer loop
      vertex 35.7408 69.9087 0.0216684
      vertex 28.7592 69.9087 0.0216684
      vertex 28.5341 69.9769 0.0216684
    endloop
  endfacet
  facet normal 0 0 -1
    outer loop
      vertex 35.9659 69.9769 0.0216684
      vertex 28.5341 69.9769 0.0216684
      vertex 28.3 70 0.0216684
    endloop
  endfacet
  facet normal 0 0 -1
    outer loop
      vertex 36.2 70 0.0216684
      vertex 28.3 70 0.0216684
      vertex 2 237.241 0.0216684
    endloop
  endfacet
  facet normal 0 0 -1
    outer loop
      vertex 2 237.241 0.0216684
      vertex 28.3 70 0.0216684
      vertex 28.2 70 0.0216684
    endloop
  endfacet
  facet normal 0 0 -1
    outer loop
      vertex 2 237.241 0.0216684
      vertex 28.2 70 0.0216684
      vertex 27.9659 69.9769 0.0216684
    endloop
  endfacet
  facet normal 0 0 -1
    outer loop
      vertex 2 237.241 0.0216684
      vertex 27.9659 69.9769 0.0216684
      vertex 27.7408 69.9087 0.0216684
    endloop
  endfacet
  facet normal 0 0 -1
    outer loop
      vertex 2 237.241 0.0216684
      vertex 27.7408 69.9087 0.0216684
      vertex 27.5333 69.7978 0.0216684
    endloop
  endfacet
  facet normal 0 0 -1
    outer loop
      vertex 2 237.241 0.0216684
      vertex 27.5333 69.7978 0.0216684
      vertex 27.3515 69.6485 0.0216684
    endloop
  endfacet
  facet normal 0 0 -1
    outer loop
      vertex 2 237.241 0.0216684
      vertex 27.3515 69.6485 0.0216684
      vertex 27.2022 69.4667 0.0216684
    endloop
  endfacet
  facet normal 0 0 -1
    outer loop
      vertex 2 19.5 0.0216684
      vertex 27.0231 69.0341 0.0216684
      vertex 27 68.8 0.0216684
    endloop
  endfacet
  facet normal 0 0 -1
    outer loop
      vertex 2 19.5 0.0216684
      vertex 27.0913 69.2592 0.0216684
      vertex 27.0231 69.0341 0.0216684
    endloop
  endfacet
  facet normal 0 0 -1
    outer loop
      vertex 120.541 236.8 0.0216684
      vertex 2 237.241 0.0216684
      vertex 120.1 237.241 0.0216684
    endloop
  endfacet
  facet normal 0 0 -1
    outer loop
      vertex 27.0913 69.2592 0.0216684
      vertex 2 237.241 0.0216684
      vertex 27.2022 69.4667 0.0216684
    endloop
  endfacet
  facet normal 0 0 -1
    outer loop
      vertex 2 237.241 0.0216684
      vertex 27.0913 69.2592 0.0216684
      vertex 2 19.5 0.0216684
    endloop
  endfacet
  facet normal 0.976197 0.096056 -0.194456
    outer loop
      vertex 124.578 236.8 4.05892
      vertex 124.323 237.64 3.19372
      vertex 124.492 237.674 4.05892
    endloop
  endfacet
  facet normal 0.828974 0.082469 -0.553174
    outer loop
      vertex 124.069 236.8 2.37871
      vertex 123.512 237.479 1.64523
      vertex 123.992 237.574 2.37871
    endloop
  endfacet
  facet normal 0.956881 0.290482 0
    outer loop
      vertex 124.492 237.674 140
      vertex 124.237 238.514 4.05892
      vertex 124.237 238.514 140
    endloop
  endfacet
  facet normal 0.956881 0.290482 0
    outer loop
      vertex 124.237 238.514 4.05892
      vertex 124.492 237.674 140
      vertex 124.492 237.674 4.05892
    endloop
  endfacet
  facet normal 0.980807 0 -0.194982
    outer loop
      vertex 124.578 19.5 4.05892
      vertex 124.406 236.8 3.19372
      vertex 124.578 236.8 4.05892
    endloop
  endfacet
  facet normal 0.980807 0 -0.194982
    outer loop
      vertex 124.406 236.8 3.19372
      vertex 124.578 19.5 4.05892
      vertex 124.406 19.5 3.19372
    endloop
  endfacet
  facet normal 0.714088 0.586954 -0.381528
    outer loop
      vertex 123.4 239.005 2.37871
      vertex 122.906 239.606 2.37871
      vertex 123.145 239.845 3.19372
    endloop
  endfacet
  facet normal 0.634229 0.773145 -0
    outer loop
      vertex 123.267 239.967 4.05892
      vertex 122.588 240.524 140
      vertex 123.267 239.967 140
    endloop
  endfacet
  facet normal 0.634229 0.773145 0
    outer loop
      vertex 122.588 240.524 140
      vertex 123.267 239.967 4.05892
      vertex 122.588 240.524 4.05892
    endloop
  endfacet
  facet normal 0.0915256 0.920011 -0.381056
    outer loop
      vertex 120.874 240.692 2.37871
      vertex 120.1 240.769 2.37871
      vertex 120.94 241.023 3.19372
    endloop
  endfacet
  facet normal 0.920011 0.0915256 -0.381056
    outer loop
      vertex 124.069 236.8 2.37871
      vertex 123.992 237.574 2.37871
      vertex 124.323 237.64 3.19372
    endloop
  endfacet
  facet normal 0.0696402 0.705266 -0.705514
    outer loop
      vertex 120.657 239.6 1.02145
      vertex 120.1 239.655 1.02145
      vertex 120.1 240.279 1.64523
    endloop
  endfacet
  facet normal 0.643583 0.529001 -0.553136
    outer loop
      vertex 123.4 239.005 2.37871
      vertex 122.56 239.26 1.64523
      vertex 122.906 239.606 2.37871
    endloop
  endfacet
  facet normal 0.5482 0.449448 -0.705318
    outer loop
      vertex 122.474 238.386 1.02145
      vertex 122.119 238.819 1.02145
      vertex 122.56 239.26 1.64523
    endloop
  endfacet
  facet normal 0.492102 0.262812 -0.829919
    outer loop
      vertex 122.06 237.612 0.531354
      vertex 121.864 237.979 0.531354
      vertex 122.737 237.892 1.02145
    endloop
  endfacet
  facet normal 0.449424 0.548255 -0.705291
    outer loop
      vertex 122.56 239.26 1.64523
      vertex 121.686 239.174 1.02145
      vertex 122.033 239.692 1.64523
    endloop
  endfacet
  facet normal 0 0.924115 -0.382114
    outer loop
      vertex 120.1 240.769 2.37871
      vertex 2 241.106 3.19372
      vertex 120.1 241.106 3.19372
    endloop
  endfacet
  facet normal 0 0.924115 -0.382114
    outer loop
      vertex 2 241.106 3.19372
      vertex 120.1 240.769 2.37871
      vertex 2 240.769 2.37871
    endloop
  endfacet
  facet normal 0.677925 0.206545 -0.705519
    outer loop
      vertex 122.9 237.357 1.02145
      vertex 122.737 237.892 1.02145
      vertex 123.512 237.479 1.64523
    endloop
  endfacet
  facet normal 0.529001 0.643583 -0.553136
    outer loop
      vertex 122.56 239.26 1.64523
      vertex 122.305 240.1 2.37871
      vertex 122.906 239.606 2.37871
    endloop
  endfacet
  facet normal 0.815519 0.436259 -0.380272
    outer loop
      vertex 124.078 238.448 3.19372
      vertex 123.4 239.005 2.37871
      vertex 123.68 239.192 3.19372
    endloop
  endfacet
  facet normal 0.8851 0.268378 -0.380225
    outer loop
      vertex 124.323 237.64 3.19372
      vertex 123.767 238.319 2.37871
      vertex 124.078 238.448 3.19372
    endloop
  endfacet
  facet normal 0.885054 0.267298 -0.381093
    outer loop
      vertex 123.992 237.574 2.37871
      vertex 123.767 238.319 2.37871
      vertex 124.323 237.64 3.19372
    endloop
  endfacet
  facet normal 0.976233 0.0964611 -0.194073
    outer loop
      vertex 124.406 236.8 3.19372
      vertex 124.323 237.64 3.19372
      vertex 124.578 236.8 4.05892
    endloop
  endfacet
  facet normal 0.920287 0.0909331 -0.380531
    outer loop
      vertex 124.406 236.8 3.19372
      vertex 124.069 236.8 2.37871
      vertex 124.323 237.64 3.19372
    endloop
  endfacet
  facet normal 0.622098 0.758356 -0.194655
    outer loop
      vertex 123.145 239.845 3.19372
      vertex 122.588 240.524 4.05892
      vertex 123.267 239.967 4.05892
    endloop
  endfacet
  facet normal 0.758356 0.622098 -0.194655
    outer loop
      vertex 123.824 239.288 4.05892
      vertex 123.145 239.845 3.19372
      vertex 123.267 239.967 4.05892
    endloop
  endfacet
  facet normal 0.0964611 0.976233 -0.194073
    outer loop
      vertex 120.94 241.023 3.19372
      vertex 120.1 241.106 3.19372
      vertex 120.1 241.278 4.05892
    endloop
  endfacet
  facet normal 0.0909331 0.920287 -0.380531
    outer loop
      vertex 120.94 241.023 3.19372
      vertex 120.1 240.769 2.37871
      vertex 120.1 241.106 3.19372
    endloop
  endfacet
  facet normal 0.284932 0.9386 -0.194534
    outer loop
      vertex 121.814 240.937 4.05892
      vertex 120.94 241.023 3.19372
      vertex 120.974 241.192 4.05892
    endloop
  endfacet
  facet normal 0.240864 0.797529 -0.553111
    outer loop
      vertex 121.619 240.467 2.37871
      vertex 120.779 240.212 1.64523
      vertex 120.874 240.692 2.37871
    endloop
  endfacet
  facet normal 0.205837 0.677806 -0.70584
    outer loop
      vertex 121.192 239.437 1.02145
      vertex 120.779 240.212 1.64523
      vertex 121.431 240.014 1.64523
    endloop
  endfacet
  facet normal 0.353475 0.431141 -0.830164
    outer loop
      vertex 122.119 238.819 1.02145
      vertex 121.279 238.564 0.531354
      vertex 121.686 239.174 1.02145
    endloop
  endfacet
  facet normal 0.334115 0.624649 -0.705819
    outer loop
      vertex 122.033 239.692 1.64523
      vertex 121.192 239.437 1.02145
      vertex 121.431 240.014 1.64523
    endloop
  endfacet
  facet normal 0.241913 0.796602 -0.553989
    outer loop
      vertex 121.431 240.014 1.64523
      vertex 120.779 240.212 1.64523
      vertex 121.619 240.467 2.37871
    endloop
  endfacet
  facet normal 0.162572 0.533595 -0.829968
    outer loop
      vertex 120.912 238.76 0.531354
      vertex 120.657 239.6 1.02145
      vertex 121.192 239.437 1.02145
    endloop
  endfacet
  facet normal 0.367424 0.111704 -0.923321
    outer loop
      vertex 122.181 237.214 0.531354
      vertex 121.381 237.055 0.193768
      vertex 122.06 237.612 0.531354
    endloop
  endfacet
  facet normal 0.353887 0.430294 -0.830428
    outer loop
      vertex 121.6 238.3 0.531354
      vertex 121.279 238.564 0.531354
      vertex 122.119 238.819 1.02145
    endloop
  endfacet
  facet normal 0.643893 0.527821 -0.553901
    outer loop
      vertex 122.992 238.733 1.64523
      vertex 122.56 239.26 1.64523
      vertex 123.4 239.005 2.37871
    endloop
  endfacet
  facet normal 0.195134 0 -0.980777
    outer loop
      vertex 120.541 19.5 0.0216684
      vertex 121.406 236.8 0.193768
      vertex 121.406 19.5 0.193768
    endloop
  endfacet
  facet normal 0.195134 0 -0.980777
    outer loop
      vertex 121.406 236.8 0.193768
      vertex 120.541 19.5 0.0216684
      vertex 120.541 236.8 0.0216684
    endloop
  endfacet
  facet normal 0.734118 0.392668 -0.55397
    outer loop
      vertex 123.314 238.131 1.64523
      vertex 122.992 238.733 1.64523
      vertex 123.4 239.005 2.37871
    endloop
  endfacet
  facet normal 0.624649 0.334115 -0.705819
    outer loop
      vertex 123.314 238.131 1.64523
      vertex 122.737 237.892 1.02145
      vertex 122.992 238.733 1.64523
    endloop
  endfacet
  facet normal 0.796602 0.241913 -0.553989
    outer loop
      vertex 123.512 237.479 1.64523
      vertex 123.314 238.131 1.64523
      vertex 123.767 238.319 2.37871
    endloop
  endfacet
  facet normal 0.93875 0.284646 -0.19423
    outer loop
      vertex 124.323 237.64 3.19372
      vertex 124.078 238.448 3.19372
      vertex 124.237 238.514 4.05892
    endloop
  endfacet
  facet normal 0.828735 0.081775 -0.553635
    outer loop
      vertex 123.579 236.8 1.64523
      vertex 123.512 237.479 1.64523
      vertex 124.069 236.8 2.37871
    endloop
  endfacet
  facet normal 0.554465 0.0547497 -0.830404
    outer loop
      vertex 122.955 236.8 1.02145
      vertex 122.221 236.8 0.531354
      vertex 122.9 237.357 1.02145
    endloop
  endfacet
  facet normal 0.73406 0.392712 -0.554015
    outer loop
      vertex 123.767 238.319 2.37871
      vertex 123.314 238.131 1.64523
      vertex 123.4 239.005 2.37871
    endloop
  endfacet
  facet normal 0.815514 0.436288 -0.380248
    outer loop
      vertex 123.767 238.319 2.37871
      vertex 123.4 239.005 2.37871
      vertex 124.078 238.448 3.19372
    endloop
  endfacet
  facet normal 0.621558 0.75865 -0.195233
    outer loop
      vertex 123.145 239.845 3.19372
      vertex 122.492 240.38 3.19372
      vertex 122.588 240.524 4.05892
    endloop
  endfacet
  facet normal 0.527821 0.643893 -0.553901
    outer loop
      vertex 122.56 239.26 1.64523
      vertex 122.033 239.692 1.64523
      vertex 122.305 240.1 2.37871
    endloop
  endfacet
  facet normal 0.290482 0.956881 -0
    outer loop
      vertex 121.814 240.937 4.05892
      vertex 120.974 241.192 140
      vertex 121.814 240.937 140
    endloop
  endfacet
  facet normal 0.290482 0.956881 0
    outer loop
      vertex 120.974 241.192 140
      vertex 121.814 240.937 4.05892
      vertex 120.974 241.192 4.05892
    endloop
  endfacet
  facet normal 0.096056 0.976197 -0.194456
    outer loop
      vertex 120.94 241.023 3.19372
      vertex 120.1 241.278 4.05892
      vertex 120.974 241.192 4.05892
    endloop
  endfacet
  facet normal 0 0.980807 -0.194982
    outer loop
      vertex 120.1 241.106 3.19372
      vertex 2 241.278 4.05892
      vertex 120.1 241.278 4.05892
    endloop
  endfacet
  facet normal 0 0.980807 -0.194982
    outer loop
      vertex 2 241.278 4.05892
      vertex 120.1 241.106 3.19372
      vertex 2 241.106 3.19372
    endloop
  endfacet
  facet normal 0.0695899 0.705247 -0.705539
    outer loop
      vertex 120.657 239.6 1.02145
      vertex 120.1 240.279 1.64523
      vertex 120.779 240.212 1.64523
    endloop
  endfacet
  facet normal 0.081775 0.828735 -0.553635
    outer loop
      vertex 120.779 240.212 1.64523
      vertex 120.1 240.279 1.64523
      vertex 120.1 240.769 2.37871
    endloop
  endfacet
  facet normal 0.0374918 0.382416 -0.923229
    outer loop
      vertex 120.355 238.081 0.193768
      vertex 120.1 238.106 0.193768
      vertex 120.1 238.921 0.531354
    endloop
  endfacet
  facet normal 0.0536346 0.555118 -0.830041
    outer loop
      vertex 120.514 238.881 0.531354
      vertex 120.1 238.921 0.531354
      vertex 120.657 239.6 1.02145
    endloop
  endfacet
  facet normal 0.367861 0.111109 -0.923219
    outer loop
      vertex 121.381 237.055 0.193768
      vertex 121.307 237.3 0.193768
      vertex 122.06 237.612 0.531354
    endloop
  endfacet
  facet normal 0.548255 0.449424 -0.705291
    outer loop
      vertex 122.992 238.733 1.64523
      vertex 122.474 238.386 1.02145
      vertex 122.56 239.26 1.64523
    endloop
  endfacet
  facet normal 0.625902 0.333223 -0.70513
    outer loop
      vertex 122.737 237.892 1.02145
      vertex 122.474 238.386 1.02145
      vertex 122.992 238.733 1.64523
    endloop
  endfacet
  facet normal 0.262014 0.492148 -0.830144
    outer loop
      vertex 121.279 238.564 0.531354
      vertex 121.192 239.437 1.02145
      vertex 121.686 239.174 1.02145
    endloop
  endfacet
  facet normal 0.333223 0.625902 -0.70513
    outer loop
      vertex 121.686 239.174 1.02145
      vertex 121.192 239.437 1.02145
      vertex 122.033 239.692 1.64523
    endloop
  endfacet
  facet normal 0.382416 0.0374918 -0.923229
    outer loop
      vertex 121.406 236.8 0.193768
      vertex 121.381 237.055 0.193768
      vertex 122.221 236.8 0.531354
    endloop
  endfacet
  facet normal 0.586142 0.715422 -0.380274
    outer loop
      vertex 123.145 239.845 3.19372
      vertex 122.305 240.1 2.37871
      vertex 122.492 240.38 3.19372
    endloop
  endfacet
  facet normal 0.586954 0.714088 -0.381528
    outer loop
      vertex 122.906 239.606 2.37871
      vertex 122.305 240.1 2.37871
      vertex 123.145 239.845 3.19372
    endloop
  endfacet
  facet normal 0.284646 0.93875 -0.19423
    outer loop
      vertex 121.748 240.778 3.19372
      vertex 120.94 241.023 3.19372
      vertex 121.814 240.937 4.05892
    endloop
  endfacet
  facet normal 0.461796 0.865449 -0.194273
    outer loop
      vertex 122.588 240.524 4.05892
      vertex 121.748 240.778 3.19372
      vertex 121.814 240.937 4.05892
    endloop
  endfacet
  facet normal 0.392712 0.73406 -0.554015
    outer loop
      vertex 122.305 240.1 2.37871
      vertex 121.431 240.014 1.64523
      vertex 121.619 240.467 2.37871
    endloop
  endfacet
  facet normal 0.392668 0.734118 -0.55397
    outer loop
      vertex 122.033 239.692 1.64523
      vertex 121.431 240.014 1.64523
      vertex 122.305 240.1 2.37871
    endloop
  endfacet
  facet normal 0.262812 0.492102 -0.829919
    outer loop
      vertex 121.279 238.564 0.531354
      vertex 120.912 238.76 0.531354
      vertex 121.192 239.437 1.02145
    endloop
  endfacet
  facet normal 0.0547497 0.554465 -0.830404
    outer loop
      vertex 120.657 239.6 1.02145
      vertex 120.1 238.921 0.531354
      vertex 120.1 239.655 1.02145
    endloop
  endfacet
  facet normal 0 0.195134 -0.980777
    outer loop
      vertex 2 237.241 0.0216684
      vertex 120.1 238.106 0.193768
      vertex 120.1 237.241 0.0216684
    endloop
  endfacet
  facet normal 0 0.195134 -0.980777
    outer loop
      vertex 120.1 238.106 0.193768
      vertex 2 237.241 0.0216684
      vertex 2 238.106 0.193768
    endloop
  endfacet
  facet normal 0.162208 0.533545 -0.830071
    outer loop
      vertex 120.912 238.76 0.531354
      vertex 120.514 238.881 0.531354
      vertex 120.657 239.6 1.02145
    endloop
  endfacet
  facet normal 0 0.382685 -0.923879
    outer loop
      vertex 2 238.106 0.193768
      vertex 120.1 238.921 0.531354
      vertex 120.1 238.106 0.193768
    endloop
  endfacet
  facet normal 0 0.382685 -0.923879
    outer loop
      vertex 120.1 238.921 0.531354
      vertex 2 238.106 0.193768
      vertex 2 238.921 0.531354
    endloop
  endfacet
  facet normal 0.382685 0 -0.923879
    outer loop
      vertex 121.406 19.5 0.193768
      vertex 122.221 236.8 0.531354
      vertex 122.221 19.5 0.531354
    endloop
  endfacet
  facet normal 0.382685 0 -0.923879
    outer loop
      vertex 122.221 236.8 0.531354
      vertex 121.406 19.5 0.193768
      vertex 121.406 236.8 0.193768
    endloop
  endfacet
  facet normal 0.555298 0 -0.831651
    outer loop
      vertex 122.221 19.5 0.531354
      vertex 122.955 236.8 1.02145
      vertex 122.955 19.5 1.02145
    endloop
  endfacet
  facet normal 0.555298 0 -0.831651
    outer loop
      vertex 122.955 236.8 1.02145
      vertex 122.221 19.5 0.531354
      vertex 122.221 236.8 0.531354
    endloop
  endfacet
  facet normal 0.195099 0.0191273 -0.980597
    outer loop
      vertex 121.406 236.8 0.193768
      vertex 120.541 236.8 0.0216684
      vertex 121.381 237.055 0.193768
    endloop
  endfacet
  facet normal 0.29724 0.243197 -0.923311
    outer loop
      vertex 121.186 237.526 0.193768
      vertex 121.024 237.724 0.193768
      vertex 121.864 237.979 0.531354
    endloop
  endfacet
  facet normal 0.296887 0.244169 -0.923168
    outer loop
      vertex 121.864 237.979 0.531354
      vertex 121.024 237.724 0.193768
      vertex 121.6 238.3 0.531354
    endloop
  endfacet
  facet normal 0.555118 0.0536346 -0.830041
    outer loop
      vertex 122.221 236.8 0.531354
      vertex 122.181 237.214 0.531354
      vertex 122.9 237.357 1.02145
    endloop
  endfacet
  facet normal 0.19538 0.0181749 -0.980559
    outer loop
      vertex 120.541 236.8 0.0216684
      vertex 120.533 236.886 0.0216684
      vertex 121.381 237.055 0.193768
    endloop
  endfacet
  facet normal 0.436288 0.815514 -0.380248
    outer loop
      vertex 122.305 240.1 2.37871
      vertex 121.619 240.467 2.37871
      vertex 121.748 240.778 3.19372
    endloop
  endfacet
  facet normal 0.268378 0.8851 -0.380225
    outer loop
      vertex 121.619 240.467 2.37871
      vertex 120.94 241.023 3.19372
      vertex 121.748 240.778 3.19372
    endloop
  endfacet
  facet normal 0.244169 0.296887 -0.923168
    outer loop
      vertex 121.6 238.3 0.531354
      vertex 121.024 237.724 0.193768
      vertex 121.279 238.564 0.531354
    endloop
  endfacet
  facet normal 0.092526 0.172817 -0.980598
    outer loop
      vertex 120.826 237.886 0.193768
      vertex 120.345 237.167 0.0216684
      vertex 120.6 238.007 0.193768
    endloop
  endfacet
  facet normal 0.382279 0.0369352 -0.923308
    outer loop
      vertex 122.221 236.8 0.531354
      vertex 121.381 237.055 0.193768
      vertex 122.181 237.214 0.531354
    endloop
  endfacet
  facet normal 0.705266 0.0696402 -0.705514
    outer loop
      vertex 122.955 236.8 1.02145
      vertex 122.9 237.357 1.02145
      vertex 123.579 236.8 1.64523
    endloop
  endfacet
  facet normal 0.431141 0.353475 -0.830164
    outer loop
      vertex 122.474 238.386 1.02145
      vertex 121.864 237.979 0.531354
      vertex 122.119 238.819 1.02145
    endloop
  endfacet
  facet normal 0.492148 0.262014 -0.830144
    outer loop
      vertex 122.737 237.892 1.02145
      vertex 121.864 237.979 0.531354
      vertex 122.474 238.386 1.02145
    endloop
  endfacet
  facet normal 0.0369352 0.382279 -0.923308
    outer loop
      vertex 120.355 238.081 0.193768
      vertex 120.1 238.921 0.531354
      vertex 120.514 238.881 0.531354
    endloop
  endfacet
  facet normal 0.243197 0.29724 -0.923311
    outer loop
      vertex 121.024 237.724 0.193768
      vertex 120.826 237.886 0.193768
      vertex 121.279 238.564 0.531354
    endloop
  endfacet
  facet normal 0.111704 0.367424 -0.923321
    outer loop
      vertex 120.912 238.76 0.531354
      vertex 120.355 238.081 0.193768
      vertex 120.514 238.881 0.531354
    endloop
  endfacet
  facet normal 0.151511 0.124375 -0.980599
    outer loop
      vertex 120.467 237.045 0.0216684
      vertex 120.412 237.112 0.0216684
      vertex 121.186 237.526 0.193768
    endloop
  endfacet
  facet normal 0.151666 0.12409 -0.980612
    outer loop
      vertex 121.186 237.526 0.193768
      vertex 120.412 237.112 0.0216684
      vertex 121.024 237.724 0.193768
    endloop
  endfacet
  facet normal 0.533545 0.162208 -0.830071
    outer loop
      vertex 122.181 237.214 0.531354
      vertex 122.06 237.612 0.531354
      vertex 122.9 237.357 1.02145
    endloop
  endfacet
  facet normal 0.533595 0.162572 -0.829968
    outer loop
      vertex 122.9 237.357 1.02145
      vertex 122.06 237.612 0.531354
      vertex 122.737 237.892 1.02145
    endloop
  endfacet
  facet normal 0.187306 0.0586743 -0.980548
    outer loop
      vertex 120.533 236.886 0.0216684
      vertex 120.507 236.969 0.0216684
      vertex 121.381 237.055 0.193768
    endloop
  endfacet
  facet normal 0.187522 0.0566393 -0.980626
    outer loop
      vertex 121.381 237.055 0.193768
      vertex 120.507 236.969 0.0216684
      vertex 121.307 237.3 0.193768
    endloop
  endfacet
  facet normal 0.111109 0.367861 -0.923219
    outer loop
      vertex 120.6 238.007 0.193768
      vertex 120.355 238.081 0.193768
      vertex 120.912 238.76 0.531354
    endloop
  endfacet
  facet normal 0.0191273 0.195099 -0.980597
    outer loop
      vertex 120.355 238.081 0.193768
      vertex 120.1 237.241 0.0216684
      vertex 120.1 238.106 0.193768
    endloop
  endfacet
  facet normal 0.338818 0.180949 -0.923287
    outer loop
      vertex 122.06 237.612 0.531354
      vertex 121.186 237.526 0.193768
      vertex 121.864 237.979 0.531354
    endloop
  endfacet
  facet normal 0.338754 0.181369 -0.923229
    outer loop
      vertex 121.307 237.3 0.193768
      vertex 121.186 237.526 0.193768
      vertex 122.06 237.612 0.531354
    endloop
  endfacet
  facet normal 0.172817 0.092526 -0.980598
    outer loop
      vertex 121.307 237.3 0.193768
      vertex 120.467 237.045 0.0216684
      vertex 121.186 237.526 0.193768
    endloop
  endfacet
  facet normal 0.124375 0.151511 -0.980599
    outer loop
      vertex 120.412 237.112 0.0216684
      vertex 120.345 237.167 0.0216684
      vertex 120.826 237.886 0.193768
    endloop
  endfacet
  facet normal 0.181369 0.338754 -0.923229
    outer loop
      vertex 120.826 237.886 0.193768
      vertex 120.6 238.007 0.193768
      vertex 120.912 238.76 0.531354
    endloop
  endfacet
  facet normal 0.180949 0.338818 -0.923287
    outer loop
      vertex 121.279 238.564 0.531354
      vertex 120.826 237.886 0.193768
      vertex 120.912 238.76 0.531354
    endloop
  endfacet
  facet normal 0.0565478 0.187739 -0.98059
    outer loop
      vertex 120.269 237.208 0.0216684
      vertex 120.186 237.233 0.0216684
      vertex 120.355 238.081 0.193768
    endloop
  endfacet
  facet normal 0.0566999 0.187723 -0.980584
    outer loop
      vertex 120.6 238.007 0.193768
      vertex 120.269 237.208 0.0216684
      vertex 120.355 238.081 0.193768
    endloop
  endfacet
  facet normal 0.0931289 0.172629 -0.980574
    outer loop
      vertex 120.345 237.167 0.0216684
      vertex 120.269 237.208 0.0216684
      vertex 120.6 238.007 0.193768
    endloop
  endfacet
  facet normal 0.0181749 0.19538 -0.980559
    outer loop
      vertex 120.186 237.233 0.0216684
      vertex 120.1 237.241 0.0216684
      vertex 120.355 238.081 0.193768
    endloop
  endfacet
  facet normal -0.631749 -0.775173 0
    outer loop
      vertex 120.929 238.041 4.35297
      vertex 121.156 237.856 134
      vertex 120.929 238.041 134
    endloop
  endfacet
  facet normal -0.631749 -0.775173 -0
    outer loop
      vertex 121.156 237.856 134
      vertex 120.929 238.041 4.35297
      vertex 121.156 237.856 4.35297
    endloop
  endfacet
  facet normal -1 0 0
    outer loop
      vertex 121.593 31.4 68
      vertex 121.593 8.66733 89.6684
      vertex 121.593 8.7 90
    endloop
  endfacet
  facet normal -1 0 0
    outer loop
      vertex 121.593 15 62.9
      vertex 121.593 8.57059 89.3494
      vertex 121.593 8.66733 89.6684
    endloop
  endfacet
  facet normal -1 0 0
    outer loop
      vertex 121.593 15 62.9
      vertex 121.593 8.4135 89.0555
      vertex 121.593 8.57059 89.3494
    endloop
  endfacet
  facet normal -1 0 0
    outer loop
      vertex 121.593 15 62.9
      vertex 121.593 8.20208 88.7979
      vertex 121.593 8.4135 89.0555
    endloop
  endfacet
  facet normal -1 0 0
    outer loop
      vertex 121.593 15 62.9
      vertex 121.593 7.94447 88.5865
      vertex 121.593 8.20208 88.7979
    endloop
  endfacet
  facet normal -1 0 0
    outer loop
      vertex 121.593 15 62.9
      vertex 121.593 7.65056 88.4294
      vertex 121.593 7.94447 88.5865
    endloop
  endfacet
  facet normal -1 0 0
    outer loop
      vertex 121.593 9.63051 62.9
      vertex 121.593 7.33165 88.3327
      vertex 121.593 7.65056 88.4294
    endloop
  endfacet
  facet normal -1 0 0
    outer loop
      vertex 121.593 9.63051 62.9
      vertex 121.593 7 88.3
      vertex 121.593 7.33165 88.3327
    endloop
  endfacet
  facet normal -1 0 0
    outer loop
      vertex 121.593 9.63051 62.9
      vertex 121.593 6.66835 88.3327
      vertex 121.593 7 88.3
    endloop
  endfacet
  facet normal -1 0 0
    outer loop
      vertex 121.593 -4 64.0925
      vertex 121.593 6.66835 88.3327
      vertex 121.593 9.63051 62.9
    endloop
  endfacet
  facet normal -1 -0 0
    outer loop
      vertex 121.593 6.66835 88.3327
      vertex 121.593 -4 64.0925
      vertex 121.593 6.34944 88.4294
    endloop
  endfacet
  facet normal -1 -0 0
    outer loop
      vertex 121.593 6.34944 88.4294
      vertex 121.593 -4 64.0925
      vertex 121.593 6.05553 88.5865
    endloop
  endfacet
  facet normal -1 -0 0
    outer loop
      vertex 121.593 6.05553 88.5865
      vertex 121.593 -4 64.0925
      vertex 121.593 5.79792 88.7979
    endloop
  endfacet
  facet normal -1 -0 0
    outer loop
      vertex 121.593 5.79792 88.7979
      vertex 121.593 -4 64.0925
      vertex 121.593 5.5865 89.0555
    endloop
  endfacet
  facet normal -1 -0 0
    outer loop
      vertex 121.593 5.5865 89.0555
      vertex 121.593 -4 64.0925
      vertex 121.593 5.42941 89.3494
    endloop
  endfacet
  facet normal -1 0 0
    outer loop
      vertex 121.593 -4 64.0925
      vertex 121.593 5.3 90
      vertex 121.593 5.33267 89.6684
    endloop
  endfacet
  facet normal -1 -0 0
    outer loop
      vertex 121.593 5.42941 89.3494
      vertex 121.593 -4 64.0925
      vertex 121.593 5.33267 89.6684
    endloop
  endfacet
  facet normal -1 -0 0
    outer loop
      vertex 121.593 5.3 90
      vertex 121.593 -4 64.0925
      vertex 121.593 -2.10201 134
    endloop
  endfacet
  facet normal -1 0 0
    outer loop
      vertex 121.593 -2.10201 134
      vertex 121.593 -4 140
      vertex 121.593 -1.57708 140
    endloop
  endfacet
  facet normal -1 0 0
    outer loop
      vertex 121.593 -4 140
      vertex 121.593 -2.10201 134
      vertex 121.593 -4 64.0925
    endloop
  endfacet
  facet normal -1 0 0
    outer loop
      vertex 121.593 202.5 125.258
      vertex 121.593 236.8 134
      vertex 121.593 236.8 4.35297
    endloop
  endfacet
  facet normal -1 0 0
    outer loop
      vertex 121.593 236.8 134
      vertex 121.593 204.414 128.122
      vertex 121.593 204.5 129
    endloop
  endfacet
  facet normal -1 0 0
    outer loop
      vertex 121.593 236.8 134
      vertex 121.593 204.157 127.278
      vertex 121.593 204.414 128.122
    endloop
  endfacet
  facet normal -1 0 0
    outer loop
      vertex 121.593 236.8 134
      vertex 121.593 203.742 126.5
      vertex 121.593 204.157 127.278
    endloop
  endfacet
  facet normal -1 0 0
    outer loop
      vertex 121.593 236.8 134
      vertex 121.593 203.182 125.818
      vertex 121.593 203.742 126.5
    endloop
  endfacet
  facet normal -1 0 0
    outer loop
      vertex 121.593 236.8 134
      vertex 121.593 202.5 125.258
      vertex 121.593 203.182 125.818
    endloop
  endfacet
  facet normal -1 0 0
    outer loop
      vertex 121.593 236.8 4.35297
      vertex 121.593 201.722 124.843
      vertex 121.593 202.5 125.258
    endloop
  endfacet
  facet normal -1 0 0
    outer loop
      vertex 121.593 236.8 4.35297
      vertex 121.593 200.878 124.586
      vertex 121.593 201.722 124.843
    endloop
  endfacet
  facet normal -1 0 0
    outer loop
      vertex 121.593 236.8 4.35297
      vertex 121.593 200 124.5
      vertex 121.593 200.878 124.586
    endloop
  endfacet
  facet normal -1 0 0
    outer loop
      vertex 121.593 236.8 4.35297
      vertex 121.593 199.122 124.586
      vertex 121.593 200 124.5
    endloop
  endfacet
  facet normal -1 0 0
    outer loop
      vertex 121.593 236.8 4.35297
      vertex 121.593 198.278 124.843
      vertex 121.593 199.122 124.586
    endloop
  endfacet
  facet normal -1 0 0
    outer loop
      vertex 121.593 236.8 4.35297
      vertex 121.593 197.5 125.258
      vertex 121.593 198.278 124.843
    endloop
  endfacet
  facet normal -1 0 0
    outer loop
      vertex 121.593 64.5693 67.6879
      vertex 121.593 197.5 125.258
      vertex 121.593 236.8 4.35297
    endloop
  endfacet
  facet normal -1 0 -0
    outer loop
      vertex 121.593 64.6 68
      vertex 121.593 197.5 125.258
      vertex 121.593 64.5693 67.6879
    endloop
  endfacet
  facet normal -1 -0 0
    outer loop
      vertex 121.593 197.5 125.258
      vertex 121.593 64.6 68
      vertex 121.593 196.818 125.818
    endloop
  endfacet
  facet normal -1 -0 0
    outer loop
      vertex 121.593 196.258 126.5
      vertex 121.593 64.4782 68.6123
      vertex 121.593 195.843 127.278
    endloop
  endfacet
  facet normal -1 0 0
    outer loop
      vertex 121.593 64.4782 68.6123
      vertex 121.593 196.258 126.5
      vertex 121.593 64.5693 68.3121
    endloop
  endfacet
  facet normal -1 0 0
    outer loop
      vertex 121.593 64.5693 68.3121
      vertex 121.593 196.818 125.818
      vertex 121.593 64.6 68
    endloop
  endfacet
  facet normal -1 -0 0
    outer loop
      vertex 121.593 196.818 125.818
      vertex 121.593 64.5693 68.3121
      vertex 121.593 196.258 126.5
    endloop
  endfacet
  facet normal -1 0 0
    outer loop
      vertex 121.593 236.8 4.35297
      vertex 121.593 64.4782 67.3877
      vertex 121.593 64.5693 67.6879
    endloop
  endfacet
  facet normal -1 0 0
    outer loop
      vertex 121.593 236.8 4.35297
      vertex 121.593 64.3304 67.1111
      vertex 121.593 64.4782 67.3877
    endloop
  endfacet
  facet normal -1 0 0
    outer loop
      vertex 121.593 236.8 4.35297
      vertex 121.593 64.1314 66.8686
      vertex 121.593 64.3304 67.1111
    endloop
  endfacet
  facet normal -1 0 0
    outer loop
      vertex 121.593 236.8 4.35297
      vertex 121.593 63.8889 66.6696
      vertex 121.593 64.1314 66.8686
    endloop
  endfacet
  facet normal -1 0 0
    outer loop
      vertex 121.593 55.3107 59.6893
      vertex 121.593 63.8889 66.6696
      vertex 121.593 236.8 4.35297
    endloop
  endfacet
  facet normal -1 0 0
    outer loop
      vertex 121.593 63.8889 66.6696
      vertex 121.593 55.3107 59.6893
      vertex 121.593 63.6123 66.5218
    endloop
  endfacet
  facet normal -1 0 -0
    outer loop
      vertex 121.593 55.4972 59.9166
      vertex 121.593 63.6123 66.5218
      vertex 121.593 55.3107 59.6893
    endloop
  endfacet
  facet normal -1 0 0
    outer loop
      vertex 121.593 63.6123 66.5218
      vertex 121.593 55.4972 59.9166
      vertex 121.593 63.3121 66.4307
    endloop
  endfacet
  facet normal -1 0 -0
    outer loop
      vertex 121.593 55.6358 60.176
      vertex 121.593 63.3121 66.4307
      vertex 121.593 55.4972 59.9166
    endloop
  endfacet
  facet normal -1 -0 0
    outer loop
      vertex 121.593 61.4307 67.6879
      vertex 121.593 55.75 60.75
      vertex 121.593 61.4 68
    endloop
  endfacet
  facet normal -1 -0 0
    outer loop
      vertex 121.593 61.5218 67.3877
      vertex 121.593 55.75 60.75
      vertex 121.593 61.4307 67.6879
    endloop
  endfacet
  facet normal -1 -0 0
    outer loop
      vertex 121.593 61.6696 67.1111
      vertex 121.593 55.75 60.75
      vertex 121.593 61.5218 67.3877
    endloop
  endfacet
  facet normal -1 -0 0
    outer loop
      vertex 121.593 61.8686 66.8686
      vertex 121.593 55.75 60.75
      vertex 121.593 61.6696 67.1111
    endloop
  endfacet
  facet normal -1 -0 0
    outer loop
      vertex 121.593 62.1111 66.6696
      vertex 121.593 55.75 60.75
      vertex 121.593 61.8686 66.8686
    endloop
  endfacet
  facet normal -1 -0 0
    outer loop
      vertex 121.593 62.3877 66.5218
      vertex 121.593 55.75 60.75
      vertex 121.593 62.1111 66.6696
    endloop
  endfacet
  facet normal -1 0 0
    outer loop
      vertex 121.593 63.3121 66.4307
      vertex 121.593 55.6358 60.176
      vertex 121.593 63 66.4
    endloop
  endfacet
  facet normal -1 -0 0
    outer loop
      vertex 121.593 62.6879 66.4307
      vertex 121.593 55.75 60.75
      vertex 121.593 62.3877 66.5218
    endloop
  endfacet
  facet normal -1 0 -0
    outer loop
      vertex 121.593 55.75 60.75
      vertex 121.593 62.6879 66.4307
      vertex 121.593 55.7212 60.4574
    endloop
  endfacet
  facet normal -1 -0 0
    outer loop
      vertex 121.593 63 66.4
      vertex 121.593 55.7212 60.4574
      vertex 121.593 62.6879 66.4307
    endloop
  endfacet
  facet normal -1 0 -0
    outer loop
      vertex 121.593 55.7212 60.4574
      vertex 121.593 63 66.4
      vertex 121.593 55.6358 60.176
    endloop
  endfacet
  facet normal -1 0 0
    outer loop
      vertex 121.593 19.5 4.35297
      vertex 121.593 55.3107 59.6893
      vertex 121.593 236.8 4.35297
    endloop
  endfacet
  facet normal -1 0 0
    outer loop
      vertex 121.593 55.3107 59.6893
      vertex 121.593 19.5 4.35297
      vertex 121.593 55.0834 59.5028
    endloop
  endfacet
  facet normal -1 0 0
    outer loop
      vertex 121.593 55.0834 59.5028
      vertex 121.593 19.5 4.35297
      vertex 121.593 54.824 59.3642
    endloop
  endfacet
  facet normal -1 0 0
    outer loop
      vertex 121.593 54.824 59.3642
      vertex 121.593 19.5 4.35297
      vertex 121.593 54.5426 59.2788
    endloop
  endfacet
  facet normal -1 0 0
    outer loop
      vertex 121.593 54.5426 59.2788
      vertex 121.593 19.5 4.35297
      vertex 121.593 54.25 59.25
    endloop
  endfacet
  facet normal -1 -0 0
    outer loop
      vertex 121.593 54.25 59.25
      vertex 121.593 19.5 4.35297
      vertex 121.593 41.75 59.25
    endloop
  endfacet
  facet normal -1 0 0
    outer loop
      vertex 121.593 40.25 60.75
      vertex 121.593 34.6 68
      vertex 121.593 40.25 75.25
    endloop
  endfacet
  facet normal -1 0 0
    outer loop
      vertex 121.593 33.3121 66.4307
      vertex 121.593 40.25 60.75
      vertex 121.593 40.2788 60.4574
    endloop
  endfacet
  facet normal -1 0 0
    outer loop
      vertex 121.593 33 66.4
      vertex 121.593 40.2788 60.4574
      vertex 121.593 40.3642 60.176
    endloop
  endfacet
  facet normal -1 0 0
    outer loop
      vertex 121.593 19.5 58.4
      vertex 121.593 40.3642 60.176
      vertex 121.593 40.5028 59.9166
    endloop
  endfacet
  facet normal -1 0 0
    outer loop
      vertex 121.593 40.25 60.75
      vertex 121.593 34.5693 67.6879
      vertex 121.593 34.6 68
    endloop
  endfacet
  facet normal -1 0 0
    outer loop
      vertex 121.593 40.25 60.75
      vertex 121.593 34.4782 67.3877
      vertex 121.593 34.5693 67.6879
    endloop
  endfacet
  facet normal -1 0 0
    outer loop
      vertex 121.593 40.25 60.75
      vertex 121.593 34.3304 67.1111
      vertex 121.593 34.4782 67.3877
    endloop
  endfacet
  facet normal -1 0 0
    outer loop
      vertex 121.593 19.5 58.4
      vertex 121.593 40.5028 59.9166
      vertex 121.593 40.6893 59.6893
    endloop
  endfacet
  facet normal -1 0 0
    outer loop
      vertex 121.593 40.25 60.75
      vertex 121.593 34.1314 66.8686
      vertex 121.593 34.3304 67.1111
    endloop
  endfacet
  facet normal -1 0 0
    outer loop
      vertex 121.593 40.25 60.75
      vertex 121.593 33.8889 66.6696
      vertex 121.593 34.1314 66.8686
    endloop
  endfacet
  facet normal -1 0 0
    outer loop
      vertex 121.593 40.25 60.75
      vertex 121.593 33.6123 66.5218
      vertex 121.593 33.8889 66.6696
    endloop
  endfacet
  facet normal -1 0 0
    outer loop
      vertex 121.593 40.25 60.75
      vertex 121.593 33.3121 66.4307
      vertex 121.593 33.6123 66.5218
    endloop
  endfacet
  facet normal -1 0 0
    outer loop
      vertex 121.593 40.2788 60.4574
      vertex 121.593 33 66.4
      vertex 121.593 33.3121 66.4307
    endloop
  endfacet
  facet normal -1 0 0
    outer loop
      vertex 121.593 40.3642 60.176
      vertex 121.593 32.6879 66.4307
      vertex 121.593 33 66.4
    endloop
  endfacet
  facet normal -1 -0 0
    outer loop
      vertex 121.593 40.3642 60.176
      vertex 121.593 19.5 58.4
      vertex 121.593 32.6879 66.4307
    endloop
  endfacet
  facet normal -1 -0 0
    outer loop
      vertex 121.593 32.6879 66.4307
      vertex 121.593 19.5 58.4
      vertex 121.593 32.3877 66.5218
    endloop
  endfacet
  facet normal -1 0 0
    outer loop
      vertex 121.593 19.5 58.4
      vertex 121.593 40.6893 59.6893
      vertex 121.593 40.9166 59.5028
    endloop
  endfacet
  facet normal -1 0 0
    outer loop
      vertex 121.593 18.182 61.582
      vertex 121.593 31.4 68
      vertex 121.593 31.4307 67.6879
    endloop
  endfacet
  facet normal -1 0 0
    outer loop
      vertex 121.593 31.4 68
      vertex 121.593 24.4135 128.122
      vertex 121.593 24.5 129
    endloop
  endfacet
  facet normal -1 0 0
    outer loop
      vertex 121.593 31.4 68
      vertex 121.593 24.1575 127.278
      vertex 121.593 24.4135 128.122
    endloop
  endfacet
  facet normal -1 0 0
    outer loop
      vertex 121.593 31.4 68
      vertex 121.593 23.7416 126.5
      vertex 121.593 24.1575 127.278
    endloop
  endfacet
  facet normal -1 0 0
    outer loop
      vertex 121.593 31.4 68
      vertex 121.593 23.182 125.818
      vertex 121.593 23.7416 126.5
    endloop
  endfacet
  facet normal -1 0 0
    outer loop
      vertex 121.593 31.4 68
      vertex 121.593 22.5001 125.258
      vertex 121.593 23.182 125.818
    endloop
  endfacet
  facet normal -1 0 0
    outer loop
      vertex 121.593 31.4 68
      vertex 121.593 8.66733 90.3316
      vertex 121.593 22.5001 125.258
    endloop
  endfacet
  facet normal -1 0 0
    outer loop
      vertex 121.593 8.57059 90.6506
      vertex 121.593 22.5001 125.258
      vertex 121.593 8.66733 90.3316
    endloop
  endfacet
  facet normal -1 0 0
    outer loop
      vertex 121.593 22.5001 125.258
      vertex 121.593 8.57059 90.6506
      vertex 121.593 21.7221 124.843
    endloop
  endfacet
  facet normal -1 -0 0
    outer loop
      vertex 121.593 41.75 59.25
      vertex 121.593 19.5 4.35297
      vertex 121.593 41.4574 59.2788
    endloop
  endfacet
  facet normal -1 0 0
    outer loop
      vertex 121.593 19.5 4.35297
      vertex 121.593 41.176 59.3642
      vertex 121.593 41.4574 59.2788
    endloop
  endfacet
  facet normal -1 0 0
    outer loop
      vertex 121.593 19.5 58.4
      vertex 121.593 41.176 59.3642
      vertex 121.593 19.5 4.35297
    endloop
  endfacet
  facet normal -1 -0 0
    outer loop
      vertex 121.593 41.176 59.3642
      vertex 121.593 19.5 58.4
      vertex 121.593 40.9166 59.5028
    endloop
  endfacet
  facet normal -1 -0 0
    outer loop
      vertex 121.593 32.3877 66.5218
      vertex 121.593 19.5 58.4
      vertex 121.593 32.1111 66.6696
    endloop
  endfacet
  facet normal -1 0 0
    outer loop
      vertex 121.593 19.4135 59.2779
      vertex 121.593 32.1111 66.6696
      vertex 121.593 19.5 58.4
    endloop
  endfacet
  facet normal -1 -0 0
    outer loop
      vertex 121.593 32.1111 66.6696
      vertex 121.593 19.4135 59.2779
      vertex 121.593 31.8686 66.8686
    endloop
  endfacet
  facet normal -1 0 0
    outer loop
      vertex 121.593 19.1575 60.1221
      vertex 121.593 31.8686 66.8686
      vertex 121.593 19.4135 59.2779
    endloop
  endfacet
  facet normal -1 -0 0
    outer loop
      vertex 121.593 31.8686 66.8686
      vertex 121.593 19.1575 60.1221
      vertex 121.593 31.6696 67.1111
    endloop
  endfacet
  facet normal -1 -0 0
    outer loop
      vertex 121.593 31.6696 67.1111
      vertex 121.593 19.1575 60.1221
      vertex 121.593 31.5218 67.3877
    endloop
  endfacet
  facet normal -1 0 0
    outer loop
      vertex 121.593 18.7416 60.9001
      vertex 121.593 31.5218 67.3877
      vertex 121.593 19.1575 60.1221
    endloop
  endfacet
  facet normal -1 -0 0
    outer loop
      vertex 121.593 31.5218 67.3877
      vertex 121.593 18.7416 60.9001
      vertex 121.593 31.4307 67.6879
    endloop
  endfacet
  facet normal -1 0 0
    outer loop
      vertex 121.593 18.182 61.582
      vertex 121.593 31.4307 67.6879
      vertex 121.593 18.7416 60.9001
    endloop
  endfacet
  facet normal -1 0 0
    outer loop
      vertex 121.593 31.4 68
      vertex 121.593 8.7 90
      vertex 121.593 8.66733 90.3316
    endloop
  endfacet
  facet normal -1 0 0
    outer loop
      vertex 121.593 8.4135 90.9445
      vertex 121.593 21.7221 124.843
      vertex 121.593 8.57059 90.6506
    endloop
  endfacet
  facet normal -1 0 0
    outer loop
      vertex 121.593 31.4 68
      vertex 121.593 18.182 61.582
      vertex 121.593 17.5001 62.1416
    endloop
  endfacet
  facet normal -1 0 0
    outer loop
      vertex 121.593 31.4 68
      vertex 121.593 17.5001 62.1416
      vertex 121.593 16.7221 62.5575
    endloop
  endfacet
  facet normal -1 0 0
    outer loop
      vertex 121.593 21.7221 124.843
      vertex 121.593 8.4135 90.9445
      vertex 121.593 20.8779 124.586
    endloop
  endfacet
  facet normal -1 0 0
    outer loop
      vertex 121.593 8.20208 91.2021
      vertex 121.593 20.8779 124.586
      vertex 121.593 8.4135 90.9445
    endloop
  endfacet
  facet normal -1 0 0
    outer loop
      vertex 121.593 31.4 68
      vertex 121.593 16.7221 62.5575
      vertex 121.593 15.8779 62.8135
    endloop
  endfacet
  facet normal -1 0 0
    outer loop
      vertex 121.593 20.8779 124.586
      vertex 121.593 8.20208 91.2021
      vertex 121.593 20 124.5
    endloop
  endfacet
  facet normal -1 0 0
    outer loop
      vertex 121.593 8.66733 89.6684
      vertex 121.593 31.4 68
      vertex 121.593 15.8779 62.8135
    endloop
  endfacet
  facet normal -1 0 0
    outer loop
      vertex 121.593 7.94447 91.4135
      vertex 121.593 20 124.5
      vertex 121.593 8.20208 91.2021
    endloop
  endfacet
  facet normal -1 -0 0
    outer loop
      vertex 121.593 20 124.5
      vertex 121.593 7.94447 91.4135
      vertex 121.593 19.1221 124.586
    endloop
  endfacet
  facet normal -1 0 0
    outer loop
      vertex 121.593 7.65056 91.5706
      vertex 121.593 19.1221 124.586
      vertex 121.593 7.94447 91.4135
    endloop
  endfacet
  facet normal -1 0 0
    outer loop
      vertex 121.593 8.66733 89.6684
      vertex 121.593 15.8779 62.8135
      vertex 121.593 15 62.9
    endloop
  endfacet
  facet normal -1 0 0
    outer loop
      vertex 121.593 204.414 129.878
      vertex 121.593 236.8 134
      vertex 121.593 204.5 129
    endloop
  endfacet
  facet normal -1 0 0
    outer loop
      vertex 121.593 204.157 130.722
      vertex 121.593 236.8 134
      vertex 121.593 204.414 129.878
    endloop
  endfacet
  facet normal -1 0 0
    outer loop
      vertex 121.593 203.742 131.5
      vertex 121.593 236.8 134
      vertex 121.593 204.157 130.722
    endloop
  endfacet
  facet normal -1 0 0
    outer loop
      vertex 121.593 203.182 132.182
      vertex 121.593 236.8 134
      vertex 121.593 203.742 131.5
    endloop
  endfacet
  facet normal -1 0 0
    outer loop
      vertex 121.593 202.5 132.742
      vertex 121.593 236.8 134
      vertex 121.593 203.182 132.182
    endloop
  endfacet
  facet normal -1 0 0
    outer loop
      vertex 121.593 201.722 133.157
      vertex 121.593 236.8 134
      vertex 121.593 202.5 132.742
    endloop
  endfacet
  facet normal -1 0 0
    outer loop
      vertex 121.593 200.878 133.414
      vertex 121.593 236.8 134
      vertex 121.593 201.722 133.157
    endloop
  endfacet
  facet normal -1 0 0
    outer loop
      vertex 121.593 200 133.5
      vertex 121.593 236.8 134
      vertex 121.593 200.878 133.414
    endloop
  endfacet
  facet normal -1 0 0
    outer loop
      vertex 121.593 64.3304 68.8889
      vertex 121.593 195.843 127.278
      vertex 121.593 64.4782 68.6123
    endloop
  endfacet
  facet normal -1 -0 0
    outer loop
      vertex 121.593 195.843 127.278
      vertex 121.593 64.3304 68.8889
      vertex 121.593 195.586 128.122
    endloop
  endfacet
  facet normal -1 0 0
    outer loop
      vertex 121.593 64.1314 69.1314
      vertex 121.593 195.586 128.122
      vertex 121.593 64.3304 68.8889
    endloop
  endfacet
  facet normal -1 -0 0
    outer loop
      vertex 121.593 195.586 128.122
      vertex 121.593 64.1314 69.1314
      vertex 121.593 195.5 129
    endloop
  endfacet
  facet normal -1 0 0
    outer loop
      vertex 121.593 63.8889 69.3304
      vertex 121.593 195.5 129
      vertex 121.593 64.1314 69.1314
    endloop
  endfacet
  facet normal -1 -0 0
    outer loop
      vertex 121.593 195.5 129
      vertex 121.593 63.8889 69.3304
      vertex 121.593 195.586 129.878
    endloop
  endfacet
  facet normal -1 0 0
    outer loop
      vertex 121.593 55.3107 76.3107
      vertex 121.593 195.586 129.878
      vertex 121.593 63.8889 69.3304
    endloop
  endfacet
  facet normal -1 0 0
    outer loop
      vertex 121.593 55.0834 76.4972
      vertex 121.593 195.586 129.878
      vertex 121.593 55.3107 76.3107
    endloop
  endfacet
  facet normal -1 0 0
    outer loop
      vertex 121.593 24.4135 129.878
      vertex 121.593 195.586 129.878
      vertex 121.593 55.0834 76.4972
    endloop
  endfacet
  facet normal -1 0 0
    outer loop
      vertex 121.593 195.586 129.878
      vertex 121.593 24.4135 129.878
      vertex 121.593 195.843 130.722
    endloop
  endfacet
  facet normal -1 0 0
    outer loop
      vertex 121.593 24.1575 130.722
      vertex 121.593 195.843 130.722
      vertex 121.593 24.4135 129.878
    endloop
  endfacet
  facet normal -1 0 0
    outer loop
      vertex 121.593 55.3107 76.3107
      vertex 121.593 63.8889 69.3304
      vertex 121.593 63.6123 69.4782
    endloop
  endfacet
  facet normal -1 0 0
    outer loop
      vertex 121.593 55.4972 76.0834
      vertex 121.593 63.6123 69.4782
      vertex 121.593 63.3121 69.5693
    endloop
  endfacet
  facet normal -1 0 0
    outer loop
      vertex 121.593 55.6358 75.824
      vertex 121.593 63.3121 69.5693
      vertex 121.593 63 69.6
    endloop
  endfacet
  facet normal -1 0 0
    outer loop
      vertex 121.593 55.7212 75.5426
      vertex 121.593 63 69.6
      vertex 121.593 62.6879 69.5693
    endloop
  endfacet
  facet normal -1 0 0
    outer loop
      vertex 121.593 55.75 75.25
      vertex 121.593 62.6879 69.5693
      vertex 121.593 62.3877 69.4782
    endloop
  endfacet
  facet normal -1 0 0
    outer loop
      vertex 121.593 55.75 75.25
      vertex 121.593 61.4 68
      vertex 121.593 55.75 60.75
    endloop
  endfacet
  facet normal -1 0 0
    outer loop
      vertex 121.593 61.4 68
      vertex 121.593 55.75 75.25
      vertex 121.593 61.4307 68.3121
    endloop
  endfacet
  facet normal -1 0 0
    outer loop
      vertex 121.593 61.4307 68.3121
      vertex 121.593 55.75 75.25
      vertex 121.593 61.5218 68.6123
    endloop
  endfacet
  facet normal -1 0 0
    outer loop
      vertex 121.593 61.5218 68.6123
      vertex 121.593 55.75 75.25
      vertex 121.593 61.6696 68.8889
    endloop
  endfacet
  facet normal -1 0 0
    outer loop
      vertex 121.593 55.75 75.25
      vertex 121.593 61.8686 69.1314
      vertex 121.593 61.6696 68.8889
    endloop
  endfacet
  facet normal -1 0 0
    outer loop
      vertex 121.593 55.75 75.25
      vertex 121.593 62.1111 69.3304
      vertex 121.593 61.8686 69.1314
    endloop
  endfacet
  facet normal -1 0 0
    outer loop
      vertex 121.593 55.75 75.25
      vertex 121.593 62.3877 69.4782
      vertex 121.593 62.1111 69.3304
    endloop
  endfacet
  facet normal -1 0 0
    outer loop
      vertex 121.593 62.6879 69.5693
      vertex 121.593 55.75 75.25
      vertex 121.593 55.7212 75.5426
    endloop
  endfacet
  facet normal -1 0 0
    outer loop
      vertex 121.593 63 69.6
      vertex 121.593 55.7212 75.5426
      vertex 121.593 55.6358 75.824
    endloop
  endfacet
  facet normal -1 0 0
    outer loop
      vertex 121.593 63.3121 69.5693
      vertex 121.593 55.6358 75.824
      vertex 121.593 55.4972 76.0834
    endloop
  endfacet
  facet normal -1 0 0
    outer loop
      vertex 121.593 63.6123 69.4782
      vertex 121.593 55.4972 76.0834
      vertex 121.593 55.3107 76.3107
    endloop
  endfacet
  facet normal -1 0 0
    outer loop
      vertex 121.593 195.843 130.722
      vertex 121.593 24.1575 130.722
      vertex 121.593 196.258 131.5
    endloop
  endfacet
  facet normal -1 0 0
    outer loop
      vertex 121.593 23.7416 131.5
      vertex 121.593 196.258 131.5
      vertex 121.593 24.1575 130.722
    endloop
  endfacet
  facet normal -1 0 0
    outer loop
      vertex 121.593 24.5 129
      vertex 121.593 55.0834 76.4972
      vertex 121.593 54.824 76.6358
    endloop
  endfacet
  facet normal -1 0 0
    outer loop
      vertex 121.593 24.5 129
      vertex 121.593 54.824 76.6358
      vertex 121.593 54.5426 76.7212
    endloop
  endfacet
  facet normal -1 0 0
    outer loop
      vertex 121.593 24.5 129
      vertex 121.593 54.5426 76.7212
      vertex 121.593 54.25 76.75
    endloop
  endfacet
  facet normal -1 0 0
    outer loop
      vertex 121.593 24.5 129
      vertex 121.593 54.25 76.75
      vertex 121.593 41.75 76.75
    endloop
  endfacet
  facet normal -1 0 0
    outer loop
      vertex 121.593 24.5 129
      vertex 121.593 41.75 76.75
      vertex 121.593 41.4574 76.7212
    endloop
  endfacet
  facet normal -1 0 0
    outer loop
      vertex 121.593 24.5 129
      vertex 121.593 41.4574 76.7212
      vertex 121.593 41.176 76.6358
    endloop
  endfacet
  facet normal -1 0 0
    outer loop
      vertex 121.593 34.5693 68.3121
      vertex 121.593 40.25 75.25
      vertex 121.593 34.6 68
    endloop
  endfacet
  facet normal -1 0 0
    outer loop
      vertex 121.593 34.4782 68.6123
      vertex 121.593 40.25 75.25
      vertex 121.593 34.5693 68.3121
    endloop
  endfacet
  facet normal -1 0 0
    outer loop
      vertex 121.593 34.3304 68.8889
      vertex 121.593 40.25 75.25
      vertex 121.593 34.4782 68.6123
    endloop
  endfacet
  facet normal -1 0 0
    outer loop
      vertex 121.593 34.1314 69.1314
      vertex 121.593 40.25 75.25
      vertex 121.593 34.3304 68.8889
    endloop
  endfacet
  facet normal -1 0 0
    outer loop
      vertex 121.593 33.8889 69.3304
      vertex 121.593 40.25 75.25
      vertex 121.593 34.1314 69.1314
    endloop
  endfacet
  facet normal -1 0 0
    outer loop
      vertex 121.593 33.6123 69.4782
      vertex 121.593 40.25 75.25
      vertex 121.593 33.8889 69.3304
    endloop
  endfacet
  facet normal -1 0 0
    outer loop
      vertex 121.593 33.3121 69.5693
      vertex 121.593 40.25 75.25
      vertex 121.593 33.6123 69.4782
    endloop
  endfacet
  facet normal -1 -0 0
    outer loop
      vertex 121.593 40.25 75.25
      vertex 121.593 33.3121 69.5693
      vertex 121.593 40.2788 75.5426
    endloop
  endfacet
  facet normal -1 0 0
    outer loop
      vertex 121.593 33 69.6
      vertex 121.593 40.2788 75.5426
      vertex 121.593 33.3121 69.5693
    endloop
  endfacet
  facet normal -1 -0 0
    outer loop
      vertex 121.593 40.2788 75.5426
      vertex 121.593 33 69.6
      vertex 121.593 40.3642 75.824
    endloop
  endfacet
  facet normal -1 0 0
    outer loop
      vertex 121.593 32.6879 69.5693
      vertex 121.593 40.3642 75.824
      vertex 121.593 33 69.6
    endloop
  endfacet
  facet normal -1 -0 0
    outer loop
      vertex 121.593 40.3642 75.824
      vertex 121.593 32.6879 69.5693
      vertex 121.593 40.5028 76.0834
    endloop
  endfacet
  facet normal -1 0 0
    outer loop
      vertex 121.593 32.3877 69.4782
      vertex 121.593 40.5028 76.0834
      vertex 121.593 32.6879 69.5693
    endloop
  endfacet
  facet normal -1 -0 0
    outer loop
      vertex 121.593 40.5028 76.0834
      vertex 121.593 32.3877 69.4782
      vertex 121.593 40.6893 76.3107
    endloop
  endfacet
  facet normal -1 0 0
    outer loop
      vertex 121.593 32.1111 69.3304
      vertex 121.593 40.6893 76.3107
      vertex 121.593 32.3877 69.4782
    endloop
  endfacet
  facet normal -1 0 0
    outer loop
      vertex 121.593 24.5 129
      vertex 121.593 40.6893 76.3107
      vertex 121.593 32.1111 69.3304
    endloop
  endfacet
  facet normal -1 0 0
    outer loop
      vertex 121.593 24.5 129
      vertex 121.593 31.4307 68.3121
      vertex 121.593 31.4 68
    endloop
  endfacet
  facet normal -1 0 0
    outer loop
      vertex 121.593 24.5 129
      vertex 121.593 31.5218 68.6123
      vertex 121.593 31.4307 68.3121
    endloop
  endfacet
  facet normal -1 0 0
    outer loop
      vertex 121.593 24.5 129
      vertex 121.593 31.6696 68.8889
      vertex 121.593 31.5218 68.6123
    endloop
  endfacet
  facet normal -1 0 0
    outer loop
      vertex 121.593 24.5 129
      vertex 121.593 31.8686 69.1314
      vertex 121.593 31.6696 68.8889
    endloop
  endfacet
  facet normal -1 0 0
    outer loop
      vertex 121.593 24.5 129
      vertex 121.593 32.1111 69.3304
      vertex 121.593 31.8686 69.1314
    endloop
  endfacet
  facet normal -1 0 0
    outer loop
      vertex 121.593 40.6893 76.3107
      vertex 121.593 24.5 129
      vertex 121.593 40.9166 76.4972
    endloop
  endfacet
  facet normal -1 0 0
    outer loop
      vertex 121.593 24.5 129
      vertex 121.593 41.176 76.6358
      vertex 121.593 40.9166 76.4972
    endloop
  endfacet
  facet normal -1 0 0
    outer loop
      vertex 121.593 55.0834 76.4972
      vertex 121.593 24.5 129
      vertex 121.593 24.4135 129.878
    endloop
  endfacet
  facet normal -1 0 0
    outer loop
      vertex 121.593 196.258 131.5
      vertex 121.593 23.7416 131.5
      vertex 121.593 196.818 132.182
    endloop
  endfacet
  facet normal -1 0 0
    outer loop
      vertex 121.593 23.182 132.182
      vertex 121.593 196.818 132.182
      vertex 121.593 23.7416 131.5
    endloop
  endfacet
  facet normal -1 0 0
    outer loop
      vertex 121.593 196.818 132.182
      vertex 121.593 23.182 132.182
      vertex 121.593 197.5 132.742
    endloop
  endfacet
  facet normal -1 0 0
    outer loop
      vertex 121.593 22.5001 132.742
      vertex 121.593 197.5 132.742
      vertex 121.593 23.182 132.182
    endloop
  endfacet
  facet normal -1 0 0
    outer loop
      vertex 121.593 197.5 132.742
      vertex 121.593 22.5001 132.742
      vertex 121.593 198.278 133.157
    endloop
  endfacet
  facet normal -1 0 0
    outer loop
      vertex 121.593 21.7221 133.157
      vertex 121.593 198.278 133.157
      vertex 121.593 22.5001 132.742
    endloop
  endfacet
  facet normal -1 0 0
    outer loop
      vertex 121.593 198.278 133.157
      vertex 121.593 21.7221 133.157
      vertex 121.593 199.122 133.414
    endloop
  endfacet
  facet normal -1 0 0
    outer loop
      vertex 121.593 20.8779 133.414
      vertex 121.593 199.122 133.414
      vertex 121.593 21.7221 133.157
    endloop
  endfacet
  facet normal -1 0 0
    outer loop
      vertex 121.593 199.122 133.414
      vertex 121.593 20.8779 133.414
      vertex 121.593 200 133.5
    endloop
  endfacet
  facet normal -1 0 0
    outer loop
      vertex 121.593 20 133.5
      vertex 121.593 200 133.5
      vertex 121.593 20.8779 133.414
    endloop
  endfacet
  facet normal -1 0 0
    outer loop
      vertex 121.593 200 133.5
      vertex 121.593 20 133.5
      vertex 121.593 236.8 134
    endloop
  endfacet
  facet normal -1 0 0
    outer loop
      vertex 121.593 7.65056 88.4294
      vertex 121.593 15 62.9
      vertex 121.593 9.63051 62.9
    endloop
  endfacet
  facet normal -1 -0 0
    outer loop
      vertex 121.593 19.1221 124.586
      vertex 121.593 7.65056 91.5706
      vertex 121.593 18.2779 124.843
    endloop
  endfacet
  facet normal -1 0 0
    outer loop
      vertex 121.593 7.33165 91.6673
      vertex 121.593 18.2779 124.843
      vertex 121.593 7.65056 91.5706
    endloop
  endfacet
  facet normal -1 -0 0
    outer loop
      vertex 121.593 18.2779 124.843
      vertex 121.593 7.33165 91.6673
      vertex 121.593 17.4999 125.258
    endloop
  endfacet
  facet normal -1 0 0
    outer loop
      vertex 121.593 7 91.7
      vertex 121.593 17.4999 125.258
      vertex 121.593 7.33165 91.6673
    endloop
  endfacet
  facet normal -1 -0 0
    outer loop
      vertex 121.593 17.4999 125.258
      vertex 121.593 7 91.7
      vertex 121.593 16.818 125.818
    endloop
  endfacet
  facet normal -1 0 0
    outer loop
      vertex 121.593 6.66835 91.6673
      vertex 121.593 16.818 125.818
      vertex 121.593 7 91.7
    endloop
  endfacet
  facet normal -1 0 0
    outer loop
      vertex 121.593 6.34944 91.5706
      vertex 121.593 16.818 125.818
      vertex 121.593 6.66835 91.6673
    endloop
  endfacet
  facet normal -1 -0 0
    outer loop
      vertex 121.593 16.818 125.818
      vertex 121.593 6.34944 91.5706
      vertex 121.593 16.2584 126.5
    endloop
  endfacet
  facet normal -1 0 0
    outer loop
      vertex 121.593 16.2584 126.5
      vertex 121.593 -2.10201 134
      vertex 121.593 15.8425 127.278
    endloop
  endfacet
  facet normal -1 0 0
    outer loop
      vertex 121.593 15.8425 127.278
      vertex 121.593 -2.10201 134
      vertex 121.593 15.5865 128.122
    endloop
  endfacet
  facet normal -1 0 0
    outer loop
      vertex 121.593 15.5865 128.122
      vertex 121.593 -2.10201 134
      vertex 121.593 15.5 129
    endloop
  endfacet
  facet normal -1 -0 0
    outer loop
      vertex 121.593 16.2584 126.5
      vertex 121.593 6.34944 91.5706
      vertex 121.593 -2.10201 134
    endloop
  endfacet
  facet normal -1 0 0
    outer loop
      vertex 121.593 -2.10201 134
      vertex 121.593 6.34944 91.5706
      vertex 121.593 6.05553 91.4135
    endloop
  endfacet
  facet normal -1 0 0
    outer loop
      vertex 121.593 -2.10201 134
      vertex 121.593 6.05553 91.4135
      vertex 121.593 5.79792 91.2021
    endloop
  endfacet
  facet normal -1 0 0
    outer loop
      vertex 121.593 -2.10201 134
      vertex 121.593 5.79792 91.2021
      vertex 121.593 5.5865 90.9445
    endloop
  endfacet
  facet normal -1 0 0
    outer loop
      vertex 121.593 -2.10201 134
      vertex 121.593 5.5865 90.9445
      vertex 121.593 5.42941 90.6506
    endloop
  endfacet
  facet normal -1 0 0
    outer loop
      vertex 121.593 -2.10201 134
      vertex 121.593 5.42941 90.6506
      vertex 121.593 5.33267 90.3316
    endloop
  endfacet
  facet normal -1 0 0
    outer loop
      vertex 121.593 20 133.5
      vertex 121.593 -2.10201 134
      vertex 121.593 236.8 134
    endloop
  endfacet
  facet normal -1 0 0
    outer loop
      vertex 121.593 19.1221 133.414
      vertex 121.593 -2.10201 134
      vertex 121.593 20 133.5
    endloop
  endfacet
  facet normal -1 0 0
    outer loop
      vertex 121.593 18.2779 133.157
      vertex 121.593 -2.10201 134
      vertex 121.593 19.1221 133.414
    endloop
  endfacet
  facet normal -1 0 0
    outer loop
      vertex 121.593 17.4999 132.742
      vertex 121.593 -2.10201 134
      vertex 121.593 18.2779 133.157
    endloop
  endfacet
  facet normal -1 0 0
    outer loop
      vertex 121.593 16.818 132.182
      vertex 121.593 -2.10201 134
      vertex 121.593 17.4999 132.742
    endloop
  endfacet
  facet normal -1 0 0
    outer loop
      vertex 121.593 16.2584 131.5
      vertex 121.593 -2.10201 134
      vertex 121.593 16.818 132.182
    endloop
  endfacet
  facet normal -1 0 0
    outer loop
      vertex 121.593 15.8425 130.722
      vertex 121.593 -2.10201 134
      vertex 121.593 16.2584 131.5
    endloop
  endfacet
  facet normal -1 0 0
    outer loop
      vertex 121.593 15.5865 129.878
      vertex 121.593 -2.10201 134
      vertex 121.593 15.8425 130.722
    endloop
  endfacet
  facet normal -1 0 0
    outer loop
      vertex 121.593 15.5 129
      vertex 121.593 -2.10201 134
      vertex 121.593 15.5865 129.878
    endloop
  endfacet
  facet normal -1 0 0
    outer loop
      vertex 121.593 -2.10201 134
      vertex 121.593 5.33267 90.3316
      vertex 121.593 5.3 90
    endloop
  endfacet
  facet normal -0.244172 -0.29689 0.923166
    outer loop
      vertex 120.6 237.3 3.17712
      vertex 120.493 237.388 3.17712
      vertex 120.408 237.108 3.06459
    endloop
  endfacet
  facet normal 0 -0.980371 0.197162
    outer loop
      vertex 2 238.235 4.06457
      vertex 120.1 238.293 4.35297
      vertex 2 238.293 4.35297
    endloop
  endfacet
  facet normal 0 -0.980371 0.197162
    outer loop
      vertex 120.1 238.293 4.35297
      vertex 2 238.235 4.06457
      vertex 120.1 238.235 4.06457
    endloop
  endfacet
  facet normal -0.71396 -0.586233 0.382874
    outer loop
      vertex 121.294 237.597 4.06457
      vertex 121.115 237.815 4.06457
      vertex 121.035 237.735 3.7929
    endloop
  endfacet
  facet normal -0.462668 -0.864988 0.194255
    outer loop
      vertex 120.929 238.041 4.35297
      vertex 120.671 238.179 4.35297
      vertex 120.649 238.126 4.06457
    endloop
  endfacet
  facet normal -0.0521891 -0.554007 0.830875
    outer loop
      vertex 120.238 237.494 3.17712
      vertex 120.1 237.752 3.34048
      vertex 120.1 237.507 3.17712
    endloop
  endfacet
  facet normal -0.529678 -0.642034 0.554286
    outer loop
      vertex 121.035 237.735 3.7929
      vertex 120.835 237.9 3.7929
      vertex 120.744 237.764 3.54841
    endloop
  endfacet
  facet normal 0 -0.706988 0.707226
    outer loop
      vertex 2 237.96 3.54841
      vertex 120.1 237.752 3.34048
      vertex 120.1 237.96 3.54841
    endloop
  endfacet
  facet normal 0 -0.706988 0.707226
    outer loop
      vertex 120.1 237.752 3.34048
      vertex 2 237.96 3.54841
      vertex 2 237.752 3.34048
    endloop
  endfacet
  facet normal -0.706988 0 0.707226
    outer loop
      vertex 121.052 19.5 3.34048
      vertex 121.26 236.8 3.54841
      vertex 121.052 236.8 3.34048
    endloop
  endfacet
  facet normal -0.706988 0 0.707226
    outer loop
      vertex 121.26 236.8 3.54841
      vertex 121.052 19.5 3.34048
      vertex 121.26 19.5 3.54841
    endloop
  endfacet
  facet normal -0.980371 0 0.197162
    outer loop
      vertex 121.535 19.5 4.06457
      vertex 121.593 236.8 4.35297
      vertex 121.535 236.8 4.06457
    endloop
  endfacet
  facet normal -0.980371 0 0.197162
    outer loop
      vertex 121.593 236.8 4.35297
      vertex 121.535 19.5 4.06457
      vertex 121.593 19.5 4.35297
    endloop
  endfacet
  facet normal -0.75783 -0.622255 0.196198
    outer loop
      vertex 121.294 237.597 4.06457
      vertex 121.156 237.856 4.35297
      vertex 121.115 237.815 4.06457
    endloop
  endfacet
  facet normal -0.471652 -0.881785 0
    outer loop
      vertex 120.671 238.179 4.35297
      vertex 120.929 238.041 134
      vertex 120.671 238.179 134
    endloop
  endfacet
  facet normal -0.471652 -0.881785 -0
    outer loop
      vertex 120.929 238.041 134
      vertex 120.671 238.179 4.35297
      vertex 120.929 238.041 4.35297
    endloop
  endfacet
  facet normal -0.430284 -0.353879 0.830437
    outer loop
      vertex 120.688 237.193 3.17712
      vertex 120.773 237.473 3.34048
      vertex 120.6 237.3 3.17712
    endloop
  endfacet
  facet normal -0.83204 0 0.554716
    outer loop
      vertex 121.26 19.5 3.54841
      vertex 121.423 236.8 3.7929
      vertex 121.26 236.8 3.54841
    endloop
  endfacet
  facet normal -0.83204 0 0.554716
    outer loop
      vertex 121.423 236.8 3.7929
      vertex 121.26 19.5 3.54841
      vertex 121.423 19.5 3.7929
    endloop
  endfacet
  facet normal -0.924515 0 0.381145
    outer loop
      vertex 121.423 19.5 3.7929
      vertex 121.535 236.8 4.06457
      vertex 121.423 236.8 3.7929
    endloop
  endfacet
  facet normal -0.924515 0 0.381145
    outer loop
      vertex 121.535 236.8 4.06457
      vertex 121.423 19.5 3.7929
      vertex 121.535 19.5 4.06457
    endloop
  endfacet
  facet normal -0.956881 -0.290482 0
    outer loop
      vertex 121.564 237.091 4.35297
      vertex 121.479 237.371 134
      vertex 121.479 237.371 4.35297
    endloop
  endfacet
  facet normal -0.956881 -0.290482 0
    outer loop
      vertex 121.479 237.371 134
      vertex 121.564 237.091 4.35297
      vertex 121.564 237.091 134
    endloop
  endfacet
  facet normal -0.353879 -0.430284 0.830437
    outer loop
      vertex 120.6 237.3 3.17712
      vertex 120.773 237.473 3.34048
      vertex 120.493 237.388 3.17712
    endloop
  endfacet
  facet normal 0 -1 0
    outer loop
      vertex 2 238.293 15
      vertex 2 238.293 4.35297
      vertex 107.6 238.293 15
    endloop
  endfacet
  facet normal 0 -1 0
    outer loop
      vertex 17.5307 238.293 112.766
      vertex 2 238.293 134
      vertex 16.7804 238.293 112.993
    endloop
  endfacet
  facet normal 0 -1 0
    outer loop
      vertex 2 238.293 134
      vertex 91.8196 238.293 112.993
      vertex 92.6 238.293 113.07
    endloop
  endfacet
  facet normal 0 -1 0
    outer loop
      vertex 18.2223 238.293 112.396
      vertex 2 238.293 134
      vertex 17.5307 238.293 112.766
    endloop
  endfacet
  facet normal 0 -1 0
    outer loop
      vertex 2 238.293 134
      vertex 91.0693 238.293 112.766
      vertex 91.8196 238.293 112.993
    endloop
  endfacet
  facet normal 0 -1 0
    outer loop
      vertex 90.3777 238.293 112.396
      vertex 2 238.293 134
      vertex 18.2223 238.293 112.396
    endloop
  endfacet
  facet normal 0 -1 0
    outer loop
      vertex 2 238.293 134
      vertex 90.3777 238.293 112.396
      vertex 91.0693 238.293 112.766
    endloop
  endfacet
  facet normal 0 -1 0
    outer loop
      vertex 18.8284 238.293 111.898
      vertex 90.3777 238.293 112.396
      vertex 18.2223 238.293 112.396
    endloop
  endfacet
  facet normal 0 -1 0
    outer loop
      vertex 18.8284 238.293 111.898
      vertex 89.7716 238.293 111.898
      vertex 90.3777 238.293 112.396
    endloop
  endfacet
  facet normal 0 -1 0
    outer loop
      vertex 19.3259 238.293 111.292
      vertex 89.7716 238.293 111.898
      vertex 18.8284 238.293 111.898
    endloop
  endfacet
  facet normal 0 -1 0
    outer loop
      vertex 19.3259 238.293 111.292
      vertex 89.2741 238.293 111.292
      vertex 89.7716 238.293 111.898
    endloop
  endfacet
  facet normal 0 -1 0
    outer loop
      vertex 19.6955 238.293 110.601
      vertex 89.2741 238.293 111.292
      vertex 19.3259 238.293 111.292
    endloop
  endfacet
  facet normal 0 -1 0
    outer loop
      vertex 19.6955 238.293 110.601
      vertex 88.9045 238.293 110.601
      vertex 89.2741 238.293 111.292
    endloop
  endfacet
  facet normal 0 -1 0
    outer loop
      vertex 19.9231 238.293 109.85
      vertex 88.9045 238.293 110.601
      vertex 19.6955 238.293 110.601
    endloop
  endfacet
  facet normal 0 -1 0
    outer loop
      vertex 19.9231 238.293 109.85
      vertex 88.6769 238.293 109.85
      vertex 88.9045 238.293 110.601
    endloop
  endfacet
  facet normal 0 -1 0
    outer loop
      vertex 20 238.293 109.07
      vertex 88.6769 238.293 109.85
      vertex 19.9231 238.293 109.85
    endloop
  endfacet
  facet normal 0 -1 0
    outer loop
      vertex 20 238.293 109.07
      vertex 88.6 238.293 109.07
      vertex 88.6769 238.293 109.85
    endloop
  endfacet
  facet normal 0 -1 0
    outer loop
      vertex 19.9231 238.293 108.29
      vertex 88.6 238.293 109.07
      vertex 20 238.293 109.07
    endloop
  endfacet
  facet normal 0 -1 0
    outer loop
      vertex 19.9231 238.293 108.29
      vertex 88.6769 238.293 108.29
      vertex 88.6 238.293 109.07
    endloop
  endfacet
  facet normal 0 -1 0
    outer loop
      vertex 19.6955 238.293 107.539
      vertex 88.6769 238.293 108.29
      vertex 19.9231 238.293 108.29
    endloop
  endfacet
  facet normal 0 -1 0
    outer loop
      vertex 19.6955 238.293 107.539
      vertex 88.9045 238.293 107.539
      vertex 88.6769 238.293 108.29
    endloop
  endfacet
  facet normal 0 -1 0
    outer loop
      vertex 19.3259 238.293 106.848
      vertex 88.9045 238.293 107.539
      vertex 19.6955 238.293 107.539
    endloop
  endfacet
  facet normal 0 -1 0
    outer loop
      vertex 19.3259 238.293 106.848
      vertex 89.2741 238.293 106.848
      vertex 88.9045 238.293 107.539
    endloop
  endfacet
  facet normal 0 -1 0
    outer loop
      vertex 18.8284 238.293 106.242
      vertex 89.2741 238.293 106.848
      vertex 19.3259 238.293 106.848
    endloop
  endfacet
  facet normal 0 -1 0
    outer loop
      vertex 18.8284 238.293 106.242
      vertex 89.7716 238.293 106.242
      vertex 89.2741 238.293 106.848
    endloop
  endfacet
  facet normal 0 -1 0
    outer loop
      vertex 2 238.293 77
      vertex 18.8284 238.293 106.242
      vertex 18.2223 238.293 105.744
    endloop
  endfacet
  facet normal 0 -1 -0
    outer loop
      vertex 18.8284 238.293 106.242
      vertex 2 238.293 77
      vertex 89.7716 238.293 106.242
    endloop
  endfacet
  facet normal 0 -1 0
    outer loop
      vertex 6 238.293 90
      vertex 18.2223 238.293 105.744
      vertex 17.5307 238.293 105.374
    endloop
  endfacet
  facet normal 0 -1 0
    outer loop
      vertex 107.6 238.293 77
      vertex 89.7716 238.293 106.242
      vertex 2 238.293 77
    endloop
  endfacet
  facet normal 0 -1 0
    outer loop
      vertex 6 238.293 90
      vertex 17.5307 238.293 105.374
      vertex 16.7804 238.293 105.147
    endloop
  endfacet
  facet normal 0 -1 0
    outer loop
      vertex 89.7716 238.293 106.242
      vertex 107.6 238.293 77
      vertex 90.3777 238.293 105.744
    endloop
  endfacet
  facet normal 0 -1 0
    outer loop
      vertex 6 238.293 90
      vertex 16.7804 238.293 105.147
      vertex 16 238.293 105.07
    endloop
  endfacet
  facet normal 0 -1 0
    outer loop
      vertex 18.2223 238.293 105.744
      vertex 6 238.293 90
      vertex 2 238.293 77
    endloop
  endfacet
  facet normal 0 -1 0
    outer loop
      vertex 16.7804 238.293 112.993
      vertex 2 238.293 134
      vertex 16 238.293 113.07
    endloop
  endfacet
  facet normal 0 -1 0
    outer loop
      vertex 2 238.293 134
      vertex 15.2196 238.293 112.993
      vertex 16 238.293 113.07
    endloop
  endfacet
  facet normal 0 -1 0
    outer loop
      vertex 2 238.293 134
      vertex 14.4693 238.293 112.766
      vertex 15.2196 238.293 112.993
    endloop
  endfacet
  facet normal 0 -1 0
    outer loop
      vertex 2 238.293 134
      vertex 13.7777 238.293 112.396
      vertex 14.4693 238.293 112.766
    endloop
  endfacet
  facet normal 0 -1 0
    outer loop
      vertex 2 238.293 134
      vertex 13.1716 238.293 111.898
      vertex 13.7777 238.293 112.396
    endloop
  endfacet
  facet normal 0 -1 0
    outer loop
      vertex 2 238.293 134
      vertex 12.6741 238.293 111.292
      vertex 13.1716 238.293 111.898
    endloop
  endfacet
  facet normal 0 -1 0
    outer loop
      vertex 2 238.293 104
      vertex 12.6741 238.293 111.292
      vertex 2 238.293 134
    endloop
  endfacet
  facet normal 0 -1 0
    outer loop
      vertex 12.6741 238.293 111.292
      vertex 2 238.293 104
      vertex 12.3045 238.293 110.601
    endloop
  endfacet
  facet normal 0 -1 0
    outer loop
      vertex 12.3045 238.293 110.601
      vertex 2 238.293 104
      vertex 12.0769 238.293 109.85
    endloop
  endfacet
  facet normal 0 -1 0
    outer loop
      vertex 6 238.293 104
      vertex 12.0769 238.293 109.85
      vertex 2 238.293 104
    endloop
  endfacet
  facet normal 0 -1 0
    outer loop
      vertex 12.0769 238.293 109.85
      vertex 6 238.293 104
      vertex 12 238.293 109.07
    endloop
  endfacet
  facet normal 0 -1 -0
    outer loop
      vertex 14.4693 238.293 105.374
      vertex 6 238.293 90
      vertex 15.2196 238.293 105.147
    endloop
  endfacet
  facet normal 0 -1 0
    outer loop
      vertex 6 238.293 90
      vertex 14.4693 238.293 105.374
      vertex 6 238.293 104
    endloop
  endfacet
  facet normal 0 -1 -0
    outer loop
      vertex 13.7777 238.293 105.744
      vertex 6 238.293 104
      vertex 14.4693 238.293 105.374
    endloop
  endfacet
  facet normal 0 -1 -0
    outer loop
      vertex 13.1716 238.293 106.242
      vertex 6 238.293 104
      vertex 13.7777 238.293 105.744
    endloop
  endfacet
  facet normal 0 -1 -0
    outer loop
      vertex 12.6741 238.293 106.848
      vertex 6 238.293 104
      vertex 13.1716 238.293 106.242
    endloop
  endfacet
  facet normal 0 -1 -0
    outer loop
      vertex 12.3045 238.293 107.539
      vertex 6 238.293 104
      vertex 12.6741 238.293 106.848
    endloop
  endfacet
  facet normal 0 -1 -0
    outer loop
      vertex 12.0769 238.293 108.29
      vertex 6 238.293 104
      vertex 12.3045 238.293 107.539
    endloop
  endfacet
  facet normal 0 -1 -0
    outer loop
      vertex 12 238.293 109.07
      vertex 6 238.293 104
      vertex 12.0769 238.293 108.29
    endloop
  endfacet
  facet normal 0 -1 0
    outer loop
      vertex 2 238.293 134
      vertex 92.6 238.293 113.07
      vertex 120.1 238.293 134
    endloop
  endfacet
  facet normal 0 -1 0
    outer loop
      vertex 93.3804 238.293 112.993
      vertex 120.1 238.293 134
      vertex 92.6 238.293 113.07
    endloop
  endfacet
  facet normal 0 -1 0
    outer loop
      vertex 94.1307 238.293 112.766
      vertex 120.1 238.293 134
      vertex 93.3804 238.293 112.993
    endloop
  endfacet
  facet normal 0 -1 0
    outer loop
      vertex 94.8223 238.293 112.396
      vertex 120.1 238.293 134
      vertex 94.1307 238.293 112.766
    endloop
  endfacet
  facet normal 0 -1 0
    outer loop
      vertex 95.4284 238.293 111.898
      vertex 120.1 238.293 134
      vertex 94.8223 238.293 112.396
    endloop
  endfacet
  facet normal 0 -1 0
    outer loop
      vertex 95.9259 238.293 111.292
      vertex 120.1 238.293 134
      vertex 95.4284 238.293 111.898
    endloop
  endfacet
  facet normal 0 -1 0
    outer loop
      vertex 96.2955 238.293 110.601
      vertex 120.1 238.293 134
      vertex 95.9259 238.293 111.292
    endloop
  endfacet
  facet normal 0 -1 0
    outer loop
      vertex 96.5231 238.293 109.85
      vertex 120.1 238.293 134
      vertex 96.2955 238.293 110.601
    endloop
  endfacet
  facet normal 0 -1 0
    outer loop
      vertex 96.6 238.293 109.07
      vertex 120.1 238.293 134
      vertex 96.5231 238.293 109.85
    endloop
  endfacet
  facet normal 0 -1 0
    outer loop
      vertex 114.01 238.293 86.0596
      vertex 96.6 238.293 109.07
      vertex 96.5231 238.293 108.29
    endloop
  endfacet
  facet normal 0 -1 0
    outer loop
      vertex 113.6 238.293 86.1
      vertex 96.5231 238.293 108.29
      vertex 96.2955 238.293 107.539
    endloop
  endfacet
  facet normal 0 -1 0
    outer loop
      vertex 113.19 238.293 86.0596
      vertex 96.2955 238.293 107.539
      vertex 95.9259 238.293 106.848
    endloop
  endfacet
  facet normal 0 -1 0
    outer loop
      vertex 113.19 238.293 86.0596
      vertex 95.9259 238.293 106.848
      vertex 95.4284 238.293 106.242
    endloop
  endfacet
  facet normal 0 -1 -0
    outer loop
      vertex 15.2196 238.293 105.147
      vertex 6 238.293 90
      vertex 16 238.293 105.07
    endloop
  endfacet
  facet normal 0 -1 0
    outer loop
      vertex 90.3777 238.293 105.744
      vertex 107.6 238.293 77
      vertex 91.0693 238.293 105.374
    endloop
  endfacet
  facet normal 0 -1 0
    outer loop
      vertex 91.0693 238.293 105.374
      vertex 107.6 238.293 77
      vertex 91.8196 238.293 105.147
    endloop
  endfacet
  facet normal 0 -1 0
    outer loop
      vertex 92.6 238.293 105.07
      vertex 107.6 238.293 77
      vertex 93.3804 238.293 105.147
    endloop
  endfacet
  facet normal 0 -1 0
    outer loop
      vertex 113.19 238.293 86.0596
      vertex 94.1307 238.293 105.374
      vertex 93.3804 238.293 105.147
    endloop
  endfacet
  facet normal 0 -1 0
    outer loop
      vertex 113.19 238.293 86.0596
      vertex 94.8223 238.293 105.744
      vertex 94.1307 238.293 105.374
    endloop
  endfacet
  facet normal 0 -1 0
    outer loop
      vertex 113.19 238.293 86.0596
      vertex 95.4284 238.293 106.242
      vertex 94.8223 238.293 105.744
    endloop
  endfacet
  facet normal 0 -1 0
    outer loop
      vertex 96.5231 238.293 108.29
      vertex 113.6 238.293 86.1
      vertex 114.01 238.293 86.0596
    endloop
  endfacet
  facet normal 0 -1 0
    outer loop
      vertex 96.6 238.293 109.07
      vertex 114.01 238.293 86.0596
      vertex 120.1 238.293 134
    endloop
  endfacet
  facet normal 0 -1 0
    outer loop
      vertex 114.404 238.293 85.9401
      vertex 120.1 238.293 134
      vertex 114.01 238.293 86.0596
    endloop
  endfacet
  facet normal 0 -1 0
    outer loop
      vertex 114.767 238.293 85.7461
      vertex 120.1 238.293 134
      vertex 114.404 238.293 85.9401
    endloop
  endfacet
  facet normal 0 -1 0
    outer loop
      vertex 115.085 238.293 85.4849
      vertex 120.1 238.293 134
      vertex 114.767 238.293 85.7461
    endloop
  endfacet
  facet normal 0 -1 0
    outer loop
      vertex 115.346 238.293 85.1667
      vertex 120.1 238.293 134
      vertex 115.085 238.293 85.4849
    endloop
  endfacet
  facet normal 0 -1 0
    outer loop
      vertex 115.54 238.293 84.8036
      vertex 120.1 238.293 134
      vertex 115.346 238.293 85.1667
    endloop
  endfacet
  facet normal 0 -1 0
    outer loop
      vertex 115.66 238.293 84.4097
      vertex 120.1 238.293 134
      vertex 115.54 238.293 84.8036
    endloop
  endfacet
  facet normal 0 -1 0
    outer loop
      vertex 115.7 238.293 84
      vertex 120.1 238.293 134
      vertex 115.66 238.293 84.4097
    endloop
  endfacet
  facet normal 0 -1 -0
    outer loop
      vertex 113.19 238.293 81.9404
      vertex 107.6 238.293 77
      vertex 113.6 238.293 81.9
    endloop
  endfacet
  facet normal 0 -1 0
    outer loop
      vertex 107.6 238.293 77
      vertex 114.01 238.293 81.9404
      vertex 113.6 238.293 81.9
    endloop
  endfacet
  facet normal 0 -1 0
    outer loop
      vertex 107.6 238.293 77
      vertex 114.404 238.293 82.0599
      vertex 114.01 238.293 81.9404
    endloop
  endfacet
  facet normal 0 -1 0
    outer loop
      vertex 107.6 238.293 77
      vertex 114.767 238.293 82.2539
      vertex 114.404 238.293 82.0599
    endloop
  endfacet
  facet normal 0 -1 0
    outer loop
      vertex 114.01 238.293 22.0596
      vertex 107.6 238.293 77
      vertex 113.6 238.293 22.1
    endloop
  endfacet
  facet normal 0 -1 0
    outer loop
      vertex 114.404 238.293 21.9401
      vertex 107.6 238.293 77
      vertex 114.01 238.293 22.0596
    endloop
  endfacet
  facet normal 0 -1 0
    outer loop
      vertex 114.767 238.293 21.7461
      vertex 107.6 238.293 77
      vertex 114.404 238.293 21.9401
    endloop
  endfacet
  facet normal 0 -1 0
    outer loop
      vertex 107.6 238.293 77
      vertex 114.767 238.293 21.7461
      vertex 114.767 238.293 82.2539
    endloop
  endfacet
  facet normal 0 -1 0
    outer loop
      vertex 114.767 238.293 82.2539
      vertex 114.767 238.293 21.7461
      vertex 115.085 238.293 82.5151
    endloop
  endfacet
  facet normal 0 -1 0
    outer loop
      vertex 115.085 238.293 21.4849
      vertex 115.085 238.293 82.5151
      vertex 114.767 238.293 21.7461
    endloop
  endfacet
  facet normal 0 -1 0
    outer loop
      vertex 115.085 238.293 82.5151
      vertex 115.085 238.293 21.4849
      vertex 115.346 238.293 82.8333
    endloop
  endfacet
  facet normal 0 -1 0
    outer loop
      vertex 115.346 238.293 21.1667
      vertex 115.346 238.293 82.8333
      vertex 115.085 238.293 21.4849
    endloop
  endfacet
  facet normal 0 -1 0
    outer loop
      vertex 115.346 238.293 82.8333
      vertex 115.346 238.293 21.1667
      vertex 115.54 238.293 83.1964
    endloop
  endfacet
  facet normal 0 -1 0
    outer loop
      vertex 115.54 238.293 20.8036
      vertex 115.54 238.293 83.1964
      vertex 115.346 238.293 21.1667
    endloop
  endfacet
  facet normal 0 -1 0
    outer loop
      vertex 115.54 238.293 83.1964
      vertex 115.54 238.293 20.8036
      vertex 115.66 238.293 83.5903
    endloop
  endfacet
  facet normal 0 -1 0
    outer loop
      vertex 115.66 238.293 20.4097
      vertex 115.66 238.293 83.5903
      vertex 115.54 238.293 20.8036
    endloop
  endfacet
  facet normal 0 -1 0
    outer loop
      vertex 120.1 238.293 4.35297
      vertex 115.66 238.293 83.5903
      vertex 115.66 238.293 20.4097
    endloop
  endfacet
  facet normal 0 -1 0
    outer loop
      vertex 115.66 238.293 83.5903
      vertex 120.1 238.293 4.35297
      vertex 115.7 238.293 84
    endloop
  endfacet
  facet normal 0 -1 0
    outer loop
      vertex 120.1 238.293 4.35297
      vertex 115.66 238.293 20.4097
      vertex 115.7 238.293 20
    endloop
  endfacet
  facet normal 0 -1 0
    outer loop
      vertex 120.1 238.293 4.35297
      vertex 113.6 238.293 17.9
      vertex 107.6 238.293 15
    endloop
  endfacet
  facet normal 0 -1 0
    outer loop
      vertex 113.6 238.293 17.9
      vertex 120.1 238.293 4.35297
      vertex 114.01 238.293 17.9403
    endloop
  endfacet
  facet normal 0 -1 0
    outer loop
      vertex 115.7 238.293 84
      vertex 120.1 238.293 4.35297
      vertex 120.1 238.293 134
    endloop
  endfacet
  facet normal 0 -1 0
    outer loop
      vertex 115.66 238.293 19.5903
      vertex 120.1 238.293 4.35297
      vertex 115.7 238.293 20
    endloop
  endfacet
  facet normal 0 -1 0
    outer loop
      vertex 115.54 238.293 19.1964
      vertex 120.1 238.293 4.35297
      vertex 115.66 238.293 19.5903
    endloop
  endfacet
  facet normal 0 -1 0
    outer loop
      vertex 115.346 238.293 18.8333
      vertex 120.1 238.293 4.35297
      vertex 115.54 238.293 19.1964
    endloop
  endfacet
  facet normal 0 -1 0
    outer loop
      vertex 115.085 238.293 18.5151
      vertex 120.1 238.293 4.35297
      vertex 115.346 238.293 18.8333
    endloop
  endfacet
  facet normal 0 -1 0
    outer loop
      vertex 114.767 238.293 18.2539
      vertex 120.1 238.293 4.35297
      vertex 115.085 238.293 18.5151
    endloop
  endfacet
  facet normal 0 -1 0
    outer loop
      vertex 114.404 238.293 18.0599
      vertex 120.1 238.293 4.35297
      vertex 114.767 238.293 18.2539
    endloop
  endfacet
  facet normal 0 -1 0
    outer loop
      vertex 114.01 238.293 17.9403
      vertex 120.1 238.293 4.35297
      vertex 114.404 238.293 18.0599
    endloop
  endfacet
  facet normal 0 -1 0
    outer loop
      vertex 120.1 238.293 4.35297
      vertex 107.6 238.293 15
      vertex 2 238.293 4.35297
    endloop
  endfacet
  facet normal 0 -1 0
    outer loop
      vertex 107.6 238.293 77
      vertex 113.19 238.293 22.0596
      vertex 113.6 238.293 22.1
    endloop
  endfacet
  facet normal 0 -1 0
    outer loop
      vertex 107.6 238.293 77
      vertex 112.796 238.293 21.9401
      vertex 113.19 238.293 22.0596
    endloop
  endfacet
  facet normal 0 -1 0
    outer loop
      vertex 107.6 238.293 77
      vertex 112.433 238.293 21.7461
      vertex 112.796 238.293 21.9401
    endloop
  endfacet
  facet normal 0 -1 0
    outer loop
      vertex 107.6 238.293 77
      vertex 112.115 238.293 21.4849
      vertex 112.433 238.293 21.7461
    endloop
  endfacet
  facet normal 0 -1 0
    outer loop
      vertex 107.6 238.293 77
      vertex 111.854 238.293 21.1667
      vertex 112.115 238.293 21.4849
    endloop
  endfacet
  facet normal 0 -1 0
    outer loop
      vertex 107.6 238.293 15
      vertex 111.854 238.293 21.1667
      vertex 107.6 238.293 77
    endloop
  endfacet
  facet normal 0 -1 0
    outer loop
      vertex 111.854 238.293 21.1667
      vertex 107.6 238.293 15
      vertex 111.66 238.293 20.8036
    endloop
  endfacet
  facet normal 0 -1 0
    outer loop
      vertex 111.66 238.293 20.8036
      vertex 107.6 238.293 15
      vertex 111.54 238.293 20.4097
    endloop
  endfacet
  facet normal 0 -1 -0
    outer loop
      vertex 113.19 238.293 17.9403
      vertex 107.6 238.293 15
      vertex 113.6 238.293 17.9
    endloop
  endfacet
  facet normal 0 -1 -0
    outer loop
      vertex 112.796 238.293 18.0599
      vertex 107.6 238.293 15
      vertex 113.19 238.293 17.9403
    endloop
  endfacet
  facet normal 0 -1 -0
    outer loop
      vertex 112.433 238.293 18.2539
      vertex 107.6 238.293 15
      vertex 112.796 238.293 18.0599
    endloop
  endfacet
  facet normal 0 -1 -0
    outer loop
      vertex 112.115 238.293 18.5151
      vertex 107.6 238.293 15
      vertex 112.433 238.293 18.2539
    endloop
  endfacet
  facet normal 0 -1 -0
    outer loop
      vertex 111.854 238.293 18.8333
      vertex 107.6 238.293 15
      vertex 112.115 238.293 18.5151
    endloop
  endfacet
  facet normal 0 -1 -0
    outer loop
      vertex 111.66 238.293 19.1964
      vertex 107.6 238.293 15
      vertex 111.854 238.293 18.8333
    endloop
  endfacet
  facet normal 0 -1 -0
    outer loop
      vertex 111.54 238.293 19.5903
      vertex 107.6 238.293 15
      vertex 111.66 238.293 19.1964
    endloop
  endfacet
  facet normal 0 -1 -0
    outer loop
      vertex 111.5 238.293 20
      vertex 107.6 238.293 15
      vertex 111.54 238.293 19.5903
    endloop
  endfacet
  facet normal 0 -1 0
    outer loop
      vertex 111.54 238.293 20.4097
      vertex 107.6 238.293 15
      vertex 111.5 238.293 20
    endloop
  endfacet
  facet normal 0 -1 0
    outer loop
      vertex 2 238.293 77
      vertex 6 238.293 90
      vertex 2 238.293 90
    endloop
  endfacet
  facet normal 0 -1 0
    outer loop
      vertex 96.2955 238.293 107.539
      vertex 113.19 238.293 86.0596
      vertex 113.6 238.293 86.1
    endloop
  endfacet
  facet normal 0 -1 0
    outer loop
      vertex 93.3804 238.293 105.147
      vertex 112.796 238.293 85.9401
      vertex 113.19 238.293 86.0596
    endloop
  endfacet
  facet normal 0 -1 0
    outer loop
      vertex 93.3804 238.293 105.147
      vertex 112.433 238.293 85.7461
      vertex 112.796 238.293 85.9401
    endloop
  endfacet
  facet normal 0 -1 0
    outer loop
      vertex 93.3804 238.293 105.147
      vertex 112.115 238.293 85.4849
      vertex 112.433 238.293 85.7461
    endloop
  endfacet
  facet normal 0 -1 0
    outer loop
      vertex 93.3804 238.293 105.147
      vertex 111.854 238.293 85.1667
      vertex 112.115 238.293 85.4849
    endloop
  endfacet
  facet normal 0 -1 0
    outer loop
      vertex 93.3804 238.293 105.147
      vertex 111.66 238.293 84.8036
      vertex 111.854 238.293 85.1667
    endloop
  endfacet
  facet normal -0 -1 0
    outer loop
      vertex 111.54 238.293 84.4097
      vertex 93.3804 238.293 105.147
      vertex 107.6 238.293 77
    endloop
  endfacet
  facet normal 0 -1 0
    outer loop
      vertex 93.3804 238.293 105.147
      vertex 111.54 238.293 84.4097
      vertex 111.66 238.293 84.8036
    endloop
  endfacet
  facet normal 0 -1 0
    outer loop
      vertex 91.8196 238.293 105.147
      vertex 107.6 238.293 77
      vertex 92.6 238.293 105.07
    endloop
  endfacet
  facet normal 0 -1 0
    outer loop
      vertex 111.54 238.293 84.4097
      vertex 107.6 238.293 77
      vertex 111.5 238.293 84
    endloop
  endfacet
  facet normal 0 -1 -0
    outer loop
      vertex 111.5 238.293 84
      vertex 107.6 238.293 77
      vertex 111.54 238.293 83.5903
    endloop
  endfacet
  facet normal 0 -1 -0
    outer loop
      vertex 111.54 238.293 83.5903
      vertex 107.6 238.293 77
      vertex 111.66 238.293 83.1964
    endloop
  endfacet
  facet normal 0 -1 -0
    outer loop
      vertex 111.66 238.293 83.1964
      vertex 107.6 238.293 77
      vertex 111.854 238.293 82.8333
    endloop
  endfacet
  facet normal 0 -1 -0
    outer loop
      vertex 111.854 238.293 82.8333
      vertex 107.6 238.293 77
      vertex 112.115 238.293 82.5151
    endloop
  endfacet
  facet normal 0 -1 -0
    outer loop
      vertex 112.115 238.293 82.5151
      vertex 107.6 238.293 77
      vertex 112.433 238.293 82.2539
    endloop
  endfacet
  facet normal 0 -1 -0
    outer loop
      vertex 112.433 238.293 82.2539
      vertex 107.6 238.293 77
      vertex 112.796 238.293 82.0599
    endloop
  endfacet
  facet normal 0 -1 -0
    outer loop
      vertex 112.796 238.293 82.0599
      vertex 107.6 238.293 77
      vertex 113.19 238.293 81.9404
    endloop
  endfacet
  facet normal -0.0941161 -0.976019 0.196287
    outer loop
      vertex 120.38 238.208 4.06457
      vertex 120.1 238.293 4.35297
      vertex 120.1 238.235 4.06457
    endloop
  endfacet
  facet normal -0.995071 -0.0991652 0
    outer loop
      vertex 121.593 236.8 4.35297
      vertex 121.564 237.091 134
      vertex 121.564 237.091 4.35297
    endloop
  endfacet
  facet normal -0.995071 -0.0991652 0
    outer loop
      vertex 121.564 237.091 134
      vertex 121.593 236.8 4.35297
      vertex 121.593 236.8 134
    endloop
  endfacet
  facet normal -0.975725 -0.0972372 0.196228
    outer loop
      vertex 121.593 236.8 4.35297
      vertex 121.564 237.091 4.35297
      vertex 121.535 236.8 4.06457
    endloop
  endfacet
  facet normal -0.678549 -0.205432 0.705244
    outer loop
      vertex 121.237 237.026 3.54841
      vertex 121.171 237.244 3.54841
      vertex 121.033 236.986 3.34048
    endloop
  endfacet
  facet normal -0.0991652 -0.995071 0
    outer loop
      vertex 120.1 238.293 4.35297
      vertex 120.391 238.264 134
      vertex 120.1 238.293 134
    endloop
  endfacet
  facet normal -0.0991652 -0.995071 -0
    outer loop
      vertex 120.391 238.264 134
      vertex 120.1 238.293 4.35297
      vertex 120.391 238.264 4.35297
    endloop
  endfacet
  facet normal -0.290482 -0.956881 0
    outer loop
      vertex 120.391 238.264 4.35297
      vertex 120.671 238.179 134
      vertex 120.391 238.264 134
    endloop
  endfacet
  facet normal -0.290482 -0.956881 -0
    outer loop
      vertex 120.671 238.179 134
      vertex 120.391 238.264 4.35297
      vertex 120.671 238.179 4.35297
    endloop
  endfacet
  facet normal -0.449506 -0.54855 0.705008
    outer loop
      vertex 120.773 237.473 3.34048
      vertex 120.744 237.764 3.54841
      vertex 120.629 237.591 3.34048
    endloop
  endfacet
  facet normal -0.448923 -0.548683 0.705276
    outer loop
      vertex 120.773 237.473 3.34048
      vertex 120.92 237.62 3.54841
      vertex 120.744 237.764 3.54841
    endloop
  endfacet
  facet normal -0.91953 -0.088669 0.382886
    outer loop
      vertex 121.535 236.8 4.06457
      vertex 121.508 237.08 4.06457
      vertex 121.397 237.058 3.7929
    endloop
  endfacet
  facet normal -0.775173 -0.631749 0
    outer loop
      vertex 121.341 237.629 4.35297
      vertex 121.156 237.856 134
      vertex 121.156 237.856 4.35297
    endloop
  endfacet
  facet normal -0.775173 -0.631749 0
    outer loop
      vertex 121.156 237.856 134
      vertex 121.341 237.629 4.35297
      vertex 121.341 237.629 134
    endloop
  endfacet
  facet normal -0.881785 -0.471652 0
    outer loop
      vertex 121.479 237.371 4.35297
      vertex 121.341 237.629 134
      vertex 121.341 237.629 4.35297
    endloop
  endfacet
  facet normal -0.881785 -0.471652 0
    outer loop
      vertex 121.341 237.629 134
      vertex 121.479 237.371 4.35297
      vertex 121.479 237.371 134
    endloop
  endfacet
  facet normal -0.0183674 -0.195154 0.980601
    outer loop
      vertex 120.129 236.944 3.00722
      vertex 120.185 237.227 3.06459
      vertex 120.1 237.235 3.06459
    endloop
  endfacet
  facet normal -0.286032 -0.938323 0.194257
    outer loop
      vertex 120.649 238.126 4.06457
      vertex 120.671 238.179 4.35297
      vertex 120.38 238.208 4.06457
    endloop
  endfacet
  facet normal -0.391351 -0.734585 0.554282
    outer loop
      vertex 120.744 237.764 3.54841
      vertex 120.835 237.9 3.7929
      vertex 120.606 238.022 3.7929
    endloop
  endfacet
  facet normal -0.548683 -0.448923 0.705276
    outer loop
      vertex 121.064 237.444 3.54841
      vertex 120.92 237.62 3.54841
      vertex 120.773 237.473 3.34048
    endloop
  endfacet
  facet normal -0.463517 -0.864302 0.195281
    outer loop
      vertex 120.897 237.993 4.06457
      vertex 120.929 238.041 4.35297
      vertex 120.649 238.126 4.06457
    endloop
  endfacet
  facet normal -0.705151 -0.0720316 0.705389
    outer loop
      vertex 121.052 236.8 3.34048
      vertex 121.26 236.8 3.54841
      vertex 121.033 236.986 3.34048
    endloop
  endfacet
  facet normal -0.533858 -0.164573 0.829404
    outer loop
      vertex 120.794 236.938 3.17712
      vertex 121.033 236.986 3.34048
      vertex 120.753 237.071 3.17712
    endloop
  endfacet
  facet normal 0 -0.554763 0.832008
    outer loop
      vertex 2 237.752 3.34048
      vertex 120.1 237.507 3.17712
      vertex 120.1 237.752 3.34048
    endloop
  endfacet
  facet normal 0 -0.554763 0.832008
    outer loop
      vertex 120.1 237.507 3.17712
      vertex 2 237.752 3.34048
      vertex 2 237.507 3.17712
    endloop
  endfacet
  facet normal -0.269569 -0.884318 0.3812
    outer loop
      vertex 120.606 238.022 3.7929
      vertex 120.649 238.126 4.06457
      vertex 120.38 238.208 4.06457
    endloop
  endfacet
  facet normal -0.267407 -0.884225 0.382935
    outer loop
      vertex 120.606 238.022 3.7929
      vertex 120.38 238.208 4.06457
      vertex 120.358 238.097 3.7929
    endloop
  endfacet
  facet normal -0.619479 -0.760118 0.196129
    outer loop
      vertex 121.115 237.815 4.06457
      vertex 121.156 237.856 4.35297
      vertex 120.929 238.041 4.35297
    endloop
  endfacet
  facet normal -0.735135 -0.391644 0.553345
    outer loop
      vertex 121.322 237.306 3.7929
      vertex 121.2 237.535 3.7929
      vertex 121.171 237.244 3.54841
    endloop
  endfacet
  facet normal -0.0359582 -0.382056 0.923439
    outer loop
      vertex 120.185 237.227 3.06459
      vertex 120.238 237.494 3.17712
      vertex 120.1 237.235 3.06459
    endloop
  endfacet
  facet normal -0.705045 -0.0717524 0.705523
    outer loop
      vertex 121.26 236.8 3.54841
      vertex 121.237 237.026 3.54841
      vertex 121.033 236.986 3.34048
    endloop
  endfacet
  facet normal -0.554763 0 0.832008
    outer loop
      vertex 120.807 236.8 3.17712
      vertex 121.052 19.5 3.34048
      vertex 121.052 236.8 3.34048
    endloop
  endfacet
  facet normal -0.554763 0 0.832008
    outer loop
      vertex 121.052 19.5 3.34048
      vertex 120.807 236.8 3.17712
      vertex 120.807 19.5 3.17712
    endloop
  endfacet
  facet normal -0.382289 0 0.924043
    outer loop
      vertex 120.535 236.8 3.06459
      vertex 120.807 19.5 3.17712
      vertex 120.807 236.8 3.17712
    endloop
  endfacet
  facet normal -0.382289 0 0.924043
    outer loop
      vertex 120.807 19.5 3.17712
      vertex 120.535 236.8 3.06459
      vertex 120.535 19.5 3.06459
    endloop
  endfacet
  facet normal -0.241119 -0.7973 0.553331
    outer loop
      vertex 120.606 238.022 3.7929
      vertex 120.358 238.097 3.7929
      vertex 120.326 237.937 3.54841
    endloop
  endfacet
  facet normal -0.553874 -0.0565786 0.830676
    outer loop
      vertex 121.052 236.8 3.34048
      vertex 121.033 236.986 3.34048
      vertex 120.807 236.8 3.17712
    endloop
  endfacet
  facet normal 0 -0.83204 0.554716
    outer loop
      vertex 2 237.96 3.54841
      vertex 120.1 238.123 3.7929
      vertex 2 238.123 3.7929
    endloop
  endfacet
  facet normal 0 -0.83204 0.554716
    outer loop
      vertex 120.1 238.123 3.7929
      vertex 2 237.96 3.54841
      vertex 120.1 237.96 3.54841
    endloop
  endfacet
  facet normal -0.262198 -0.492126 0.830099
    outer loop
      vertex 120.493 237.388 3.17712
      vertex 120.464 237.679 3.34048
      vertex 120.371 237.453 3.17712
    endloop
  endfacet
  facet normal -0.556322 -0.0524071 0.829313
    outer loop
      vertex 120.807 236.8 3.17712
      vertex 121.033 236.986 3.34048
      vertex 120.794 236.938 3.17712
    endloop
  endfacet
  facet normal -0.195363 0 0.980731
    outer loop
      vertex 120.247 236.8 3.00722
      vertex 120.535 19.5 3.06459
      vertex 120.535 236.8 3.06459
    endloop
  endfacet
  facet normal -0.195363 0 0.980731
    outer loop
      vertex 120.535 19.5 3.06459
      vertex 120.247 236.8 3.00722
      vertex 120.247 19.5 3.00722
    endloop
  endfacet
  facet normal 0 0 1
    outer loop
      vertex 27.3515 69.6485 3.00722
      vertex 12.5001 84.2584 3.00722
      vertex 27.2022 69.4667 3.00722
    endloop
  endfacet
  facet normal 0 0 1
    outer loop
      vertex 27 68.8 3.00722
      vertex 14.4135 26.8779 3.00722
      vertex 14.5 26 3.00722
    endloop
  endfacet
  facet normal 0 0 1
    outer loop
      vertex 27.2022 69.4667 3.00722
      vertex 12.5001 84.2584 3.00722
      vertex 27.0913 69.2592 3.00722
    endloop
  endfacet
  facet normal 0 0 1
    outer loop
      vertex 27 68.8 3.00722
      vertex 14.1575 27.7221 3.00722
      vertex 14.4135 26.8779 3.00722
    endloop
  endfacet
  facet normal -0 0 1
    outer loop
      vertex 11.7221 83.8425 3.00722
      vertex 27.0913 69.2592 3.00722
      vertex 12.5001 84.2584 3.00722
    endloop
  endfacet
  facet normal 0 0 1
    outer loop
      vertex 27 68.8 3.00722
      vertex 13.7416 28.5001 3.00722
      vertex 14.1575 27.7221 3.00722
    endloop
  endfacet
  facet normal 0 0 1
    outer loop
      vertex 27.0913 69.2592 3.00722
      vertex 11.7221 83.8425 3.00722
      vertex 27.0231 69.0341 3.00722
    endloop
  endfacet
  facet normal 0 0 1
    outer loop
      vertex 27 68.8 3.00722
      vertex 13.182 29.182 3.00722
      vertex 13.7416 28.5001 3.00722
    endloop
  endfacet
  facet normal -0 0 1
    outer loop
      vertex 10.8779 83.5865 3.00722
      vertex 27.0231 69.0341 3.00722
      vertex 11.7221 83.8425 3.00722
    endloop
  endfacet
  facet normal 0 0 1
    outer loop
      vertex 27 68.8 3.00722
      vertex 12.5001 29.7416 3.00722
      vertex 13.182 29.182 3.00722
    endloop
  endfacet
  facet normal 0 0 1
    outer loop
      vertex 27.0231 69.0341 3.00722
      vertex 10.8779 83.5865 3.00722
      vertex 27 68.8 3.00722
    endloop
  endfacet
  facet normal 0 0 1
    outer loop
      vertex 27 68.8 3.00722
      vertex 11.7221 30.1575 3.00722
      vertex 12.5001 29.7416 3.00722
    endloop
  endfacet
  facet normal -0 0 1
    outer loop
      vertex 10 83.5 3.00722
      vertex 27 68.8 3.00722
      vertex 10.8779 83.5865 3.00722
    endloop
  endfacet
  facet normal 0 0 1
    outer loop
      vertex 27 68.8 3.00722
      vertex 10.8779 30.4135 3.00722
      vertex 11.7221 30.1575 3.00722
    endloop
  endfacet
  facet normal 0 0 1
    outer loop
      vertex 9.12209 83.5865 3.00722
      vertex 27 68.8 3.00722
      vertex 10 83.5 3.00722
    endloop
  endfacet
  facet normal 0 0 1
    outer loop
      vertex 27 68.8 3.00722
      vertex 10 30.5 3.00722
      vertex 10.8779 30.4135 3.00722
    endloop
  endfacet
  facet normal 0 0 1
    outer loop
      vertex 9.12209 30.4135 3.00722
      vertex 27 68.8 3.00722
      vertex 9.12209 83.5865 3.00722
    endloop
  endfacet
  facet normal 0 0 1
    outer loop
      vertex 27 68.8 3.00722
      vertex 9.12209 30.4135 3.00722
      vertex 10 30.5 3.00722
    endloop
  endfacet
  facet normal 0 0 1
    outer loop
      vertex 8.27792 83.8425 3.00722
      vertex 9.12209 30.4135 3.00722
      vertex 9.12209 83.5865 3.00722
    endloop
  endfacet
  facet normal 0 0 1
    outer loop
      vertex 8.27792 83.8425 3.00722
      vertex 8.27792 30.1575 3.00722
      vertex 9.12209 30.4135 3.00722
    endloop
  endfacet
  facet normal 0 0 1
    outer loop
      vertex 7.49993 84.2584 3.00722
      vertex 8.27792 30.1575 3.00722
      vertex 8.27792 83.8425 3.00722
    endloop
  endfacet
  facet normal 0 0 1
    outer loop
      vertex 7.49993 84.2584 3.00722
      vertex 7.49993 29.7416 3.00722
      vertex 8.27792 30.1575 3.00722
    endloop
  endfacet
  facet normal 0 0 1
    outer loop
      vertex 6.81802 84.818 3.00722
      vertex 7.49993 29.7416 3.00722
      vertex 7.49993 84.2584 3.00722
    endloop
  endfacet
  facet normal 0 0 1
    outer loop
      vertex 6.81802 84.818 3.00722
      vertex 6.81802 29.182 3.00722
      vertex 7.49993 29.7416 3.00722
    endloop
  endfacet
  facet normal 0 0 1
    outer loop
      vertex 6.25839 85.4999 3.00722
      vertex 6.81802 29.182 3.00722
      vertex 6.81802 84.818 3.00722
    endloop
  endfacet
  facet normal 0 0 1
    outer loop
      vertex 6.25839 85.4999 3.00722
      vertex 6.25839 28.5001 3.00722
      vertex 6.81802 29.182 3.00722
    endloop
  endfacet
  facet normal 0 0 1
    outer loop
      vertex 5.84254 86.2779 3.00722
      vertex 6.25839 28.5001 3.00722
      vertex 6.25839 85.4999 3.00722
    endloop
  endfacet
  facet normal 0 0 1
    outer loop
      vertex 5.84254 86.2779 3.00722
      vertex 5.84254 27.7221 3.00722
      vertex 6.25839 28.5001 3.00722
    endloop
  endfacet
  facet normal 0 0 1
    outer loop
      vertex 2 93.8 3.00722
      vertex 5.84254 86.2779 3.00722
      vertex 5.58647 87.1221 3.00722
    endloop
  endfacet
  facet normal 0 0 1
    outer loop
      vertex 5.84254 86.2779 3.00722
      vertex 2 93.8 3.00722
      vertex 5.84254 27.7221 3.00722
    endloop
  endfacet
  facet normal 0 0 1
    outer loop
      vertex 2 93.8 3.00722
      vertex 5.58647 87.1221 3.00722
      vertex 5.5 88 3.00722
    endloop
  endfacet
  facet normal 0 0 1
    outer loop
      vertex 2 19.5 3.00722
      vertex 5.84254 27.7221 3.00722
      vertex 2 93.8 3.00722
    endloop
  endfacet
  facet normal 0 0 1
    outer loop
      vertex 97.7416 85.4999 3.00722
      vertex 104.6 93.8 3.00722
      vertex 98.1575 86.2779 3.00722
    endloop
  endfacet
  facet normal 0 0 1
    outer loop
      vertex 107 40 3.00722
      vertex 98.4135 26.8779 3.00722
      vertex 98.5 26 3.00722
    endloop
  endfacet
  facet normal 0 0 1
    outer loop
      vertex 104.6 93.8 3.00722
      vertex 97.7416 85.4999 3.00722
      vertex 107 40 3.00722
    endloop
  endfacet
  facet normal 0 0 1
    outer loop
      vertex 107 40 3.00722
      vertex 98.1575 27.7221 3.00722
      vertex 98.4135 26.8779 3.00722
    endloop
  endfacet
  facet normal -0 0 1
    outer loop
      vertex 97.182 84.818 3.00722
      vertex 107 40 3.00722
      vertex 97.7416 85.4999 3.00722
    endloop
  endfacet
  facet normal 0 0 1
    outer loop
      vertex 107 40 3.00722
      vertex 97.7416 28.5001 3.00722
      vertex 98.1575 27.7221 3.00722
    endloop
  endfacet
  facet normal -0 0 1
    outer loop
      vertex 96.5001 84.2584 3.00722
      vertex 107 40 3.00722
      vertex 97.182 84.818 3.00722
    endloop
  endfacet
  facet normal 0 0 1
    outer loop
      vertex 107 40 3.00722
      vertex 97.182 29.182 3.00722
      vertex 97.7416 28.5001 3.00722
    endloop
  endfacet
  facet normal -0 0 1
    outer loop
      vertex 85.5 68.8 3.00722
      vertex 107 40 3.00722
      vertex 96.5001 84.2584 3.00722
    endloop
  endfacet
  facet normal 0 0 1
    outer loop
      vertex 107 40 3.00722
      vertex 96.5001 29.7416 3.00722
      vertex 97.182 29.182 3.00722
    endloop
  endfacet
  facet normal 0 0 1
    outer loop
      vertex 85.5 68.8 3.00722
      vertex 96.5001 84.2584 3.00722
      vertex 95.7221 83.8425 3.00722
    endloop
  endfacet
  facet normal 0 0 1
    outer loop
      vertex 85.5 31.2 3.00722
      vertex 107 40 3.00722
      vertex 85.5 68.8 3.00722
    endloop
  endfacet
  facet normal 0 0 1
    outer loop
      vertex 85.5 68.8 3.00722
      vertex 95.7221 83.8425 3.00722
      vertex 94.8779 83.5865 3.00722
    endloop
  endfacet
  facet normal 0 0 1
    outer loop
      vertex 107 40 3.00722
      vertex 95.7221 30.1575 3.00722
      vertex 96.5001 29.7416 3.00722
    endloop
  endfacet
  facet normal 0 0 1
    outer loop
      vertex 85.4087 69.2592 3.00722
      vertex 94.8779 83.5865 3.00722
      vertex 94 83.5 3.00722
    endloop
  endfacet
  facet normal 0 0 1
    outer loop
      vertex 107 40 3.00722
      vertex 94.8779 30.4135 3.00722
      vertex 95.7221 30.1575 3.00722
    endloop
  endfacet
  facet normal 0 0 1
    outer loop
      vertex 85.2978 69.4667 3.00722
      vertex 94 83.5 3.00722
      vertex 93.1221 83.5865 3.00722
    endloop
  endfacet
  facet normal 0 0 1
    outer loop
      vertex 107 40 3.00722
      vertex 94 30.5 3.00722
      vertex 94.8779 30.4135 3.00722
    endloop
  endfacet
  facet normal 0 0 1
    outer loop
      vertex 85.1485 69.6485 3.00722
      vertex 93.1221 83.5865 3.00722
      vertex 92.2779 83.8425 3.00722
    endloop
  endfacet
  facet normal 0 0 1
    outer loop
      vertex 107 40 3.00722
      vertex 93.1221 30.4135 3.00722
      vertex 94 30.5 3.00722
    endloop
  endfacet
  facet normal 0 0 1
    outer loop
      vertex 84.7592 69.9087 3.00722
      vertex 92.2779 83.8425 3.00722
      vertex 91.4999 84.2584 3.00722
    endloop
  endfacet
  facet normal 0 0 1
    outer loop
      vertex 107 40 3.00722
      vertex 85.5 31.2 3.00722
      vertex 93.1221 30.4135 3.00722
    endloop
  endfacet
  facet normal 0 0 1
    outer loop
      vertex 84.5341 69.9769 3.00722
      vertex 91.4999 84.2584 3.00722
      vertex 90.818 84.818 3.00722
    endloop
  endfacet
  facet normal 0 0 1
    outer loop
      vertex 93.1221 30.4135 3.00722
      vertex 85.5 31.2 3.00722
      vertex 92.2779 30.1575 3.00722
    endloop
  endfacet
  facet normal 0 0 1
    outer loop
      vertex 84.2 70 3.00722
      vertex 90.818 84.818 3.00722
      vertex 90.2584 85.4999 3.00722
    endloop
  endfacet
  facet normal 0 0 1
    outer loop
      vertex 92.2779 30.1575 3.00722
      vertex 85.5 31.2 3.00722
      vertex 91.4999 29.7416 3.00722
    endloop
  endfacet
  facet normal 0 0 1
    outer loop
      vertex 83.7408 69.9087 3.00722
      vertex 90.2584 85.4999 3.00722
      vertex 89.8425 86.2779 3.00722
    endloop
  endfacet
  facet normal 0 0 1
    outer loop
      vertex 91.4999 29.7416 3.00722
      vertex 85.5 31.2 3.00722
      vertex 90.818 29.182 3.00722
    endloop
  endfacet
  facet normal 0 0 1
    outer loop
      vertex 76.3 70 3.00722
      vertex 89.8425 86.2779 3.00722
      vertex 89.5865 87.1221 3.00722
    endloop
  endfacet
  facet normal -0 0 1
    outer loop
      vertex 85.4769 30.9659 3.00722
      vertex 90.818 29.182 3.00722
      vertex 85.5 31.2 3.00722
    endloop
  endfacet
  facet normal 0 0 1
    outer loop
      vertex 75.9659 69.9769 3.00722
      vertex 89.5865 87.1221 3.00722
      vertex 89.5 88 3.00722
    endloop
  endfacet
  facet normal 0 0 1
    outer loop
      vertex 90.818 29.182 3.00722
      vertex 85.4769 30.9659 3.00722
      vertex 90.2584 28.5001 3.00722
    endloop
  endfacet
  facet normal 0 0 1
    outer loop
      vertex 104.6 93.8 3.00722
      vertex 98.4135 88.8779 3.00722
      vertex 98.5 88 3.00722
    endloop
  endfacet
  facet normal 0 0 1
    outer loop
      vertex 104.6 93.8 3.00722
      vertex 98.1575 89.7221 3.00722
      vertex 98.4135 88.8779 3.00722
    endloop
  endfacet
  facet normal 0 0 1
    outer loop
      vertex 104.6 93.8 3.00722
      vertex 97.7416 90.5001 3.00722
      vertex 98.1575 89.7221 3.00722
    endloop
  endfacet
  facet normal 0 0 1
    outer loop
      vertex 104.6 93.8 3.00722
      vertex 97.182 91.182 3.00722
      vertex 97.7416 90.5001 3.00722
    endloop
  endfacet
  facet normal 0 0 1
    outer loop
      vertex 104.6 93.8 3.00722
      vertex 96.5001 91.7416 3.00722
      vertex 97.182 91.182 3.00722
    endloop
  endfacet
  facet normal 0 0 1
    outer loop
      vertex 104.6 93.8 3.00722
      vertex 95.7221 92.1575 3.00722
      vertex 96.5001 91.7416 3.00722
    endloop
  endfacet
  facet normal 0 0 1
    outer loop
      vertex 104.6 93.8 3.00722
      vertex 94.8779 92.4135 3.00722
      vertex 95.7221 92.1575 3.00722
    endloop
  endfacet
  facet normal 0 0 1
    outer loop
      vertex 104.6 93.8 3.00722
      vertex 94 92.5 3.00722
      vertex 94.8779 92.4135 3.00722
    endloop
  endfacet
  facet normal 0 0 1
    outer loop
      vertex 104.6 93.8 3.00722
      vertex 93.1221 92.4135 3.00722
      vertex 94 92.5 3.00722
    endloop
  endfacet
  facet normal -0 0 1
    outer loop
      vertex 85.4087 30.7408 3.00722
      vertex 90.2584 28.5001 3.00722
      vertex 85.4769 30.9659 3.00722
    endloop
  endfacet
  facet normal 0 0 1
    outer loop
      vertex 68.3 70 3.00722
      vertex 89.5 88 3.00722
      vertex 89.5865 88.8779 3.00722
    endloop
  endfacet
  facet normal 0 0 1
    outer loop
      vertex 94.8779 83.5865 3.00722
      vertex 85.4769 69.0341 3.00722
      vertex 85.5 68.8 3.00722
    endloop
  endfacet
  facet normal 0 0 1
    outer loop
      vertex 94.8779 83.5865 3.00722
      vertex 85.4087 69.2592 3.00722
      vertex 85.4769 69.0341 3.00722
    endloop
  endfacet
  facet normal 0 0 1
    outer loop
      vertex 94 83.5 3.00722
      vertex 85.2978 69.4667 3.00722
      vertex 85.4087 69.2592 3.00722
    endloop
  endfacet
  facet normal 0 0 1
    outer loop
      vertex 93.1221 83.5865 3.00722
      vertex 85.1485 69.6485 3.00722
      vertex 85.2978 69.4667 3.00722
    endloop
  endfacet
  facet normal 0 0 1
    outer loop
      vertex 92.2779 83.8425 3.00722
      vertex 84.9667 69.7978 3.00722
      vertex 85.1485 69.6485 3.00722
    endloop
  endfacet
  facet normal 0 0 1
    outer loop
      vertex 92.2779 83.8425 3.00722
      vertex 84.7592 69.9087 3.00722
      vertex 84.9667 69.7978 3.00722
    endloop
  endfacet
  facet normal 0 0 1
    outer loop
      vertex 91.4999 84.2584 3.00722
      vertex 84.5341 69.9769 3.00722
      vertex 84.7592 69.9087 3.00722
    endloop
  endfacet
  facet normal 0 0 1
    outer loop
      vertex 90.818 84.818 3.00722
      vertex 84.3 70 3.00722
      vertex 84.5341 69.9769 3.00722
    endloop
  endfacet
  facet normal 0 0 1
    outer loop
      vertex 90.818 84.818 3.00722
      vertex 84.2 70 3.00722
      vertex 84.3 70 3.00722
    endloop
  endfacet
  facet normal 0 0 1
    outer loop
      vertex 90.2584 85.4999 3.00722
      vertex 83.9659 69.9769 3.00722
      vertex 84.2 70 3.00722
    endloop
  endfacet
  facet normal 0 0 1
    outer loop
      vertex 90.2584 85.4999 3.00722
      vertex 83.7408 69.9087 3.00722
      vertex 83.9659 69.9769 3.00722
    endloop
  endfacet
  facet normal 0 0 1
    outer loop
      vertex 60.5341 69.9769 3.00722
      vertex 89.5865 88.8779 3.00722
      vertex 89.8425 89.7221 3.00722
    endloop
  endfacet
  facet normal 0 0 1
    outer loop
      vertex 89.8425 86.2779 3.00722
      vertex 76.7592 69.9087 3.00722
      vertex 83.7408 69.9087 3.00722
    endloop
  endfacet
  facet normal 0 0 1
    outer loop
      vertex 83.7408 69.9087 3.00722
      vertex 76.7592 69.9087 3.00722
      vertex 83.5333 69.7978 3.00722
    endloop
  endfacet
  facet normal 0 -0 1
    outer loop
      vertex 76.9667 69.7978 3.00722
      vertex 83.5333 69.7978 3.00722
      vertex 76.7592 69.9087 3.00722
    endloop
  endfacet
  facet normal 0 0 1
    outer loop
      vertex 83.5333 69.7978 3.00722
      vertex 76.9667 69.7978 3.00722
      vertex 83.3515 69.6485 3.00722
    endloop
  endfacet
  facet normal 0 0 1
    outer loop
      vertex 83 68.8 3.00722
      vertex 77.5 68.8 3.00722
      vertex 83 31.2 3.00722
    endloop
  endfacet
  facet normal 0 0 1
    outer loop
      vertex 83.0231 69.0341 3.00722
      vertex 77.5 68.8 3.00722
      vertex 83 68.8 3.00722
    endloop
  endfacet
  facet normal 0 0 1
    outer loop
      vertex 77.4769 69.0341 3.00722
      vertex 83.0231 69.0341 3.00722
      vertex 83.0913 69.2592 3.00722
    endloop
  endfacet
  facet normal 0 -0 1
    outer loop
      vertex 77.1485 69.6485 3.00722
      vertex 83.3515 69.6485 3.00722
      vertex 76.9667 69.7978 3.00722
    endloop
  endfacet
  facet normal 0 0 1
    outer loop
      vertex 60.2 70 3.00722
      vertex 89.8425 89.7221 3.00722
      vertex 90.2584 90.5001 3.00722
    endloop
  endfacet
  facet normal 0 0 1
    outer loop
      vertex 83.0231 69.0341 3.00722
      vertex 77.4769 69.0341 3.00722
      vertex 77.5 68.8 3.00722
    endloop
  endfacet
  facet normal 0 0 1
    outer loop
      vertex 83.0913 69.2592 3.00722
      vertex 77.4087 69.2592 3.00722
      vertex 77.4769 69.0341 3.00722
    endloop
  endfacet
  facet normal 0 0 1
    outer loop
      vertex 83.0913 69.2592 3.00722
      vertex 77.2978 69.4667 3.00722
      vertex 77.4087 69.2592 3.00722
    endloop
  endfacet
  facet normal 0 0 1
    outer loop
      vertex 83.2022 69.4667 3.00722
      vertex 77.2978 69.4667 3.00722
      vertex 83.0913 69.2592 3.00722
    endloop
  endfacet
  facet normal 0 -0 1
    outer loop
      vertex 77.2978 69.4667 3.00722
      vertex 83.2022 69.4667 3.00722
      vertex 77.1485 69.6485 3.00722
    endloop
  endfacet
  facet normal 0 0 1
    outer loop
      vertex 83.3515 69.6485 3.00722
      vertex 77.1485 69.6485 3.00722
      vertex 83.2022 69.4667 3.00722
    endloop
  endfacet
  facet normal 0 0 1
    outer loop
      vertex 89.8425 86.2779 3.00722
      vertex 76.5341 69.9769 3.00722
      vertex 76.7592 69.9087 3.00722
    endloop
  endfacet
  facet normal 0 0 1
    outer loop
      vertex 89.8425 86.2779 3.00722
      vertex 76.3 70 3.00722
      vertex 76.5341 69.9769 3.00722
    endloop
  endfacet
  facet normal 0 0 1
    outer loop
      vertex 89.5865 87.1221 3.00722
      vertex 76.2 70 3.00722
      vertex 76.3 70 3.00722
    endloop
  endfacet
  facet normal 0 0 1
    outer loop
      vertex 89.5865 87.1221 3.00722
      vertex 75.9659 69.9769 3.00722
      vertex 76.2 70 3.00722
    endloop
  endfacet
  facet normal 0 0 1
    outer loop
      vertex 89.5 88 3.00722
      vertex 68.5341 69.9769 3.00722
      vertex 75.9659 69.9769 3.00722
    endloop
  endfacet
  facet normal 0 0 1
    outer loop
      vertex 75.9659 69.9769 3.00722
      vertex 68.5341 69.9769 3.00722
      vertex 75.7408 69.9087 3.00722
    endloop
  endfacet
  facet normal 0 -0 1
    outer loop
      vertex 68.7592 69.9087 3.00722
      vertex 75.7408 69.9087 3.00722
      vertex 68.5341 69.9769 3.00722
    endloop
  endfacet
  facet normal 0 0 1
    outer loop
      vertex 75.7408 69.9087 3.00722
      vertex 68.7592 69.9087 3.00722
      vertex 75.5333 69.7978 3.00722
    endloop
  endfacet
  facet normal 0 0 1
    outer loop
      vertex 75 68.8 3.00722
      vertex 69.5 68.8 3.00722
      vertex 75 31.2 3.00722
    endloop
  endfacet
  facet normal 0 0 1
    outer loop
      vertex 75.0231 69.0341 3.00722
      vertex 69.5 68.8 3.00722
      vertex 75 68.8 3.00722
    endloop
  endfacet
  facet normal 0 0 1
    outer loop
      vertex 69.4769 69.0341 3.00722
      vertex 75.0231 69.0341 3.00722
      vertex 75.0913 69.2592 3.00722
    endloop
  endfacet
  facet normal 0 0 1
    outer loop
      vertex 69.4087 69.2592 3.00722
      vertex 75.0913 69.2592 3.00722
      vertex 75.2022 69.4667 3.00722
    endloop
  endfacet
  facet normal 0 -0 1
    outer loop
      vertex 68.9667 69.7978 3.00722
      vertex 75.5333 69.7978 3.00722
      vertex 68.7592 69.9087 3.00722
    endloop
  endfacet
  facet normal 0 0 1
    outer loop
      vertex 13.7416 90.5001 3.00722
      vertex 90.2584 90.5001 3.00722
      vertex 90.818 91.182 3.00722
    endloop
  endfacet
  facet normal 0 0 1
    outer loop
      vertex 75.0231 69.0341 3.00722
      vertex 69.4769 69.0341 3.00722
      vertex 69.5 68.8 3.00722
    endloop
  endfacet
  facet normal 0 0 1
    outer loop
      vertex 75.0913 69.2592 3.00722
      vertex 69.4087 69.2592 3.00722
      vertex 69.4769 69.0341 3.00722
    endloop
  endfacet
  facet normal 0 0 1
    outer loop
      vertex 75.2022 69.4667 3.00722
      vertex 69.2978 69.4667 3.00722
      vertex 69.4087 69.2592 3.00722
    endloop
  endfacet
  facet normal 0 0 1
    outer loop
      vertex 75.2022 69.4667 3.00722
      vertex 69.1485 69.6485 3.00722
      vertex 69.2978 69.4667 3.00722
    endloop
  endfacet
  facet normal 0 0 1
    outer loop
      vertex 75.3515 69.6485 3.00722
      vertex 69.1485 69.6485 3.00722
      vertex 75.2022 69.4667 3.00722
    endloop
  endfacet
  facet normal 0 -0 1
    outer loop
      vertex 69.1485 69.6485 3.00722
      vertex 75.3515 69.6485 3.00722
      vertex 68.9667 69.7978 3.00722
    endloop
  endfacet
  facet normal 0 0 1
    outer loop
      vertex 75.5333 69.7978 3.00722
      vertex 68.9667 69.7978 3.00722
      vertex 75.3515 69.6485 3.00722
    endloop
  endfacet
  facet normal 0 0 1
    outer loop
      vertex 89.5 88 3.00722
      vertex 68.3 70 3.00722
      vertex 68.5341 69.9769 3.00722
    endloop
  endfacet
  facet normal 0 0 1
    outer loop
      vertex 89.5865 88.8779 3.00722
      vertex 68.2 70 3.00722
      vertex 68.3 70 3.00722
    endloop
  endfacet
  facet normal 0 0 1
    outer loop
      vertex 89.5865 88.8779 3.00722
      vertex 67.9659 69.9769 3.00722
      vertex 68.2 70 3.00722
    endloop
  endfacet
  facet normal 0 0 1
    outer loop
      vertex 89.5865 88.8779 3.00722
      vertex 60.5341 69.9769 3.00722
      vertex 67.9659 69.9769 3.00722
    endloop
  endfacet
  facet normal 0 0 1
    outer loop
      vertex 67.9659 69.9769 3.00722
      vertex 60.5341 69.9769 3.00722
      vertex 67.7408 69.9087 3.00722
    endloop
  endfacet
  facet normal 0 -0 1
    outer loop
      vertex 60.7592 69.9087 3.00722
      vertex 67.7408 69.9087 3.00722
      vertex 60.5341 69.9769 3.00722
    endloop
  endfacet
  facet normal 0 0 1
    outer loop
      vertex 67 68.8 3.00722
      vertex 61.5 68.8 3.00722
      vertex 67 31.2 3.00722
    endloop
  endfacet
  facet normal 0 0 1
    outer loop
      vertex 67.0231 69.0341 3.00722
      vertex 61.5 68.8 3.00722
      vertex 67 68.8 3.00722
    endloop
  endfacet
  facet normal 0 0 1
    outer loop
      vertex 61.4769 69.0341 3.00722
      vertex 67.0231 69.0341 3.00722
      vertex 67.0913 69.2592 3.00722
    endloop
  endfacet
  facet normal 0 0 1
    outer loop
      vertex 61.4087 69.2592 3.00722
      vertex 67.0913 69.2592 3.00722
      vertex 67.2022 69.4667 3.00722
    endloop
  endfacet
  facet normal 0 0 1
    outer loop
      vertex 61.2978 69.4667 3.00722
      vertex 67.2022 69.4667 3.00722
      vertex 67.3515 69.6485 3.00722
    endloop
  endfacet
  facet normal 0 0 1
    outer loop
      vertex 67.7408 69.9087 3.00722
      vertex 60.7592 69.9087 3.00722
      vertex 67.5333 69.7978 3.00722
    endloop
  endfacet
  facet normal 0 0 1
    outer loop
      vertex 13.182 91.182 3.00722
      vertex 90.818 91.182 3.00722
      vertex 91.4999 91.7416 3.00722
    endloop
  endfacet
  facet normal 0 0 1
    outer loop
      vertex 67.0231 69.0341 3.00722
      vertex 61.4769 69.0341 3.00722
      vertex 61.5 68.8 3.00722
    endloop
  endfacet
  facet normal 0 0 1
    outer loop
      vertex 67.0913 69.2592 3.00722
      vertex 61.4087 69.2592 3.00722
      vertex 61.4769 69.0341 3.00722
    endloop
  endfacet
  facet normal 0 0 1
    outer loop
      vertex 67.2022 69.4667 3.00722
      vertex 61.2978 69.4667 3.00722
      vertex 61.4087 69.2592 3.00722
    endloop
  endfacet
  facet normal 0 0 1
    outer loop
      vertex 67.3515 69.6485 3.00722
      vertex 61.1485 69.6485 3.00722
      vertex 61.2978 69.4667 3.00722
    endloop
  endfacet
  facet normal 0 0 1
    outer loop
      vertex 67.3515 69.6485 3.00722
      vertex 60.9667 69.7978 3.00722
      vertex 61.1485 69.6485 3.00722
    endloop
  endfacet
  facet normal 0 0 1
    outer loop
      vertex 67.5333 69.7978 3.00722
      vertex 60.9667 69.7978 3.00722
      vertex 67.3515 69.6485 3.00722
    endloop
  endfacet
  facet normal 0 -0 1
    outer loop
      vertex 60.9667 69.7978 3.00722
      vertex 67.5333 69.7978 3.00722
      vertex 60.7592 69.9087 3.00722
    endloop
  endfacet
  facet normal 0 0 1
    outer loop
      vertex 89.8425 89.7221 3.00722
      vertex 60.3 70 3.00722
      vertex 60.5341 69.9769 3.00722
    endloop
  endfacet
  facet normal 0 0 1
    outer loop
      vertex 89.8425 89.7221 3.00722
      vertex 60.2 70 3.00722
      vertex 60.3 70 3.00722
    endloop
  endfacet
  facet normal 0 0 1
    outer loop
      vertex 90.2584 90.5001 3.00722
      vertex 59.9659 69.9769 3.00722
      vertex 60.2 70 3.00722
    endloop
  endfacet
  facet normal 0 0 1
    outer loop
      vertex 90.2584 90.5001 3.00722
      vertex 52.5341 69.9769 3.00722
      vertex 59.9659 69.9769 3.00722
    endloop
  endfacet
  facet normal 0 0 1
    outer loop
      vertex 59.9659 69.9769 3.00722
      vertex 52.5341 69.9769 3.00722
      vertex 59.7408 69.9087 3.00722
    endloop
  endfacet
  facet normal 0 0 1
    outer loop
      vertex 59 68.8 3.00722
      vertex 53.5 68.8 3.00722
      vertex 59 31.2 3.00722
    endloop
  endfacet
  facet normal 0 0 1
    outer loop
      vertex 59.0231 69.0341 3.00722
      vertex 53.5 68.8 3.00722
      vertex 59 68.8 3.00722
    endloop
  endfacet
  facet normal 0 0 1
    outer loop
      vertex 53.4769 69.0341 3.00722
      vertex 59.0231 69.0341 3.00722
      vertex 59.0913 69.2592 3.00722
    endloop
  endfacet
  facet normal 0 0 1
    outer loop
      vertex 53.4087 69.2592 3.00722
      vertex 59.0913 69.2592 3.00722
      vertex 59.2022 69.4667 3.00722
    endloop
  endfacet
  facet normal 0 0 1
    outer loop
      vertex 53.2978 69.4667 3.00722
      vertex 59.2022 69.4667 3.00722
      vertex 59.3515 69.6485 3.00722
    endloop
  endfacet
  facet normal 0 0 1
    outer loop
      vertex 53.1485 69.6485 3.00722
      vertex 59.3515 69.6485 3.00722
      vertex 59.5333 69.7978 3.00722
    endloop
  endfacet
  facet normal 0 -0 1
    outer loop
      vertex 52.7592 69.9087 3.00722
      vertex 59.7408 69.9087 3.00722
      vertex 52.5341 69.9769 3.00722
    endloop
  endfacet
  facet normal 0 0 1
    outer loop
      vertex 59.0231 69.0341 3.00722
      vertex 53.4769 69.0341 3.00722
      vertex 53.5 68.8 3.00722
    endloop
  endfacet
  facet normal 0 0 1
    outer loop
      vertex 59.0913 69.2592 3.00722
      vertex 53.4087 69.2592 3.00722
      vertex 53.4769 69.0341 3.00722
    endloop
  endfacet
  facet normal 0 0 1
    outer loop
      vertex 59.2022 69.4667 3.00722
      vertex 53.2978 69.4667 3.00722
      vertex 53.4087 69.2592 3.00722
    endloop
  endfacet
  facet normal 0 0 1
    outer loop
      vertex 59.3515 69.6485 3.00722
      vertex 53.1485 69.6485 3.00722
      vertex 53.2978 69.4667 3.00722
    endloop
  endfacet
  facet normal 0 0 1
    outer loop
      vertex 59.5333 69.7978 3.00722
      vertex 52.9667 69.7978 3.00722
      vertex 53.1485 69.6485 3.00722
    endloop
  endfacet
  facet normal 0 0 1
    outer loop
      vertex 59.5333 69.7978 3.00722
      vertex 52.7592 69.9087 3.00722
      vertex 52.9667 69.7978 3.00722
    endloop
  endfacet
  facet normal 0 0 1
    outer loop
      vertex 59.7408 69.9087 3.00722
      vertex 52.7592 69.9087 3.00722
      vertex 59.5333 69.7978 3.00722
    endloop
  endfacet
  facet normal 0 0 1
    outer loop
      vertex 90.2584 90.5001 3.00722
      vertex 52.3 70 3.00722
      vertex 52.5341 69.9769 3.00722
    endloop
  endfacet
  facet normal 0 0 1
    outer loop
      vertex 90.2584 90.5001 3.00722
      vertex 52.2 70 3.00722
      vertex 52.3 70 3.00722
    endloop
  endfacet
  facet normal 0 0 1
    outer loop
      vertex 90.2584 90.5001 3.00722
      vertex 13.7416 90.5001 3.00722
      vertex 52.2 70 3.00722
    endloop
  endfacet
  facet normal 0 0 1
    outer loop
      vertex 52.2 70 3.00722
      vertex 13.7416 90.5001 3.00722
      vertex 51.9659 69.9769 3.00722
    endloop
  endfacet
  facet normal 0 -0 1
    outer loop
      vertex 44.5341 69.9769 3.00722
      vertex 51.9659 69.9769 3.00722
      vertex 13.7416 90.5001 3.00722
    endloop
  endfacet
  facet normal 0 0 1
    outer loop
      vertex 51 68.8 3.00722
      vertex 45.5 68.8 3.00722
      vertex 51 31.2 3.00722
    endloop
  endfacet
  facet normal 0 0 1
    outer loop
      vertex 51.0231 69.0341 3.00722
      vertex 45.5 68.8 3.00722
      vertex 51 68.8 3.00722
    endloop
  endfacet
  facet normal 0 0 1
    outer loop
      vertex 45.4769 69.0341 3.00722
      vertex 51.0231 69.0341 3.00722
      vertex 51.0913 69.2592 3.00722
    endloop
  endfacet
  facet normal 0 0 1
    outer loop
      vertex 45.4087 69.2592 3.00722
      vertex 51.0913 69.2592 3.00722
      vertex 51.2022 69.4667 3.00722
    endloop
  endfacet
  facet normal 0 0 1
    outer loop
      vertex 45.2978 69.4667 3.00722
      vertex 51.2022 69.4667 3.00722
      vertex 51.3515 69.6485 3.00722
    endloop
  endfacet
  facet normal 0 0 1
    outer loop
      vertex 45.1485 69.6485 3.00722
      vertex 51.3515 69.6485 3.00722
      vertex 51.5333 69.7978 3.00722
    endloop
  endfacet
  facet normal 0 0 1
    outer loop
      vertex 51.9659 69.9769 3.00722
      vertex 44.5341 69.9769 3.00722
      vertex 51.7408 69.9087 3.00722
    endloop
  endfacet
  facet normal 0 0 1
    outer loop
      vertex 12.5001 91.7416 3.00722
      vertex 91.4999 91.7416 3.00722
      vertex 92.2779 92.1575 3.00722
    endloop
  endfacet
  facet normal 0 0 1
    outer loop
      vertex 51.0231 69.0341 3.00722
      vertex 45.4769 69.0341 3.00722
      vertex 45.5 68.8 3.00722
    endloop
  endfacet
  facet normal 0 0 1
    outer loop
      vertex 51.0913 69.2592 3.00722
      vertex 45.4087 69.2592 3.00722
      vertex 45.4769 69.0341 3.00722
    endloop
  endfacet
  facet normal 0 0 1
    outer loop
      vertex 51.2022 69.4667 3.00722
      vertex 45.2978 69.4667 3.00722
      vertex 45.4087 69.2592 3.00722
    endloop
  endfacet
  facet normal 0 0 1
    outer loop
      vertex 51.3515 69.6485 3.00722
      vertex 45.1485 69.6485 3.00722
      vertex 45.2978 69.4667 3.00722
    endloop
  endfacet
  facet normal 0 0 1
    outer loop
      vertex 51.5333 69.7978 3.00722
      vertex 44.9667 69.7978 3.00722
      vertex 45.1485 69.6485 3.00722
    endloop
  endfacet
  facet normal 0 0 1
    outer loop
      vertex 51.5333 69.7978 3.00722
      vertex 44.7592 69.9087 3.00722
      vertex 44.9667 69.7978 3.00722
    endloop
  endfacet
  facet normal 0 0 1
    outer loop
      vertex 51.7408 69.9087 3.00722
      vertex 44.7592 69.9087 3.00722
      vertex 51.5333 69.7978 3.00722
    endloop
  endfacet
  facet normal 0 -0 1
    outer loop
      vertex 44.7592 69.9087 3.00722
      vertex 51.7408 69.9087 3.00722
      vertex 44.5341 69.9769 3.00722
    endloop
  endfacet
  facet normal 0 0 1
    outer loop
      vertex 44.5341 69.9769 3.00722
      vertex 13.7416 90.5001 3.00722
      vertex 44.3 70 3.00722
    endloop
  endfacet
  facet normal -0 -0 1
    outer loop
      vertex 14.1575 89.7221 3.00722
      vertex 44.3 70 3.00722
      vertex 13.7416 90.5001 3.00722
    endloop
  endfacet
  facet normal 0 0 1
    outer loop
      vertex 44.3 70 3.00722
      vertex 14.1575 89.7221 3.00722
      vertex 44.2 70 3.00722
    endloop
  endfacet
  facet normal 0 0 1
    outer loop
      vertex 43 68.8 3.00722
      vertex 37.5 68.8 3.00722
      vertex 43 31.2 3.00722
    endloop
  endfacet
  facet normal 0 0 1
    outer loop
      vertex 43.0231 69.0341 3.00722
      vertex 37.5 68.8 3.00722
      vertex 43 68.8 3.00722
    endloop
  endfacet
  facet normal 0 0 1
    outer loop
      vertex 37.4769 69.0341 3.00722
      vertex 43.0231 69.0341 3.00722
      vertex 43.0913 69.2592 3.00722
    endloop
  endfacet
  facet normal 0 0 1
    outer loop
      vertex 37.4087 69.2592 3.00722
      vertex 43.0913 69.2592 3.00722
      vertex 43.2022 69.4667 3.00722
    endloop
  endfacet
  facet normal 0 0 1
    outer loop
      vertex 37.2978 69.4667 3.00722
      vertex 43.2022 69.4667 3.00722
      vertex 43.3515 69.6485 3.00722
    endloop
  endfacet
  facet normal 0 0 1
    outer loop
      vertex 37.1485 69.6485 3.00722
      vertex 43.3515 69.6485 3.00722
      vertex 43.5333 69.7978 3.00722
    endloop
  endfacet
  facet normal 0 0 1
    outer loop
      vertex 36.9667 69.7978 3.00722
      vertex 43.5333 69.7978 3.00722
      vertex 43.7408 69.9087 3.00722
    endloop
  endfacet
  facet normal 0 0 1
    outer loop
      vertex 44.2 70 3.00722
      vertex 14.1575 89.7221 3.00722
      vertex 43.9659 69.9769 3.00722
    endloop
  endfacet
  facet normal 0 0 1
    outer loop
      vertex 43.0231 69.0341 3.00722
      vertex 37.4769 69.0341 3.00722
      vertex 37.5 68.8 3.00722
    endloop
  endfacet
  facet normal 0 0 1
    outer loop
      vertex 43.0913 69.2592 3.00722
      vertex 37.4087 69.2592 3.00722
      vertex 37.4769 69.0341 3.00722
    endloop
  endfacet
  facet normal 0 0 1
    outer loop
      vertex 43.2022 69.4667 3.00722
      vertex 37.2978 69.4667 3.00722
      vertex 37.4087 69.2592 3.00722
    endloop
  endfacet
  facet normal 0 0 1
    outer loop
      vertex 43.3515 69.6485 3.00722
      vertex 37.1485 69.6485 3.00722
      vertex 37.2978 69.4667 3.00722
    endloop
  endfacet
  facet normal 0 0 1
    outer loop
      vertex 43.5333 69.7978 3.00722
      vertex 36.9667 69.7978 3.00722
      vertex 37.1485 69.6485 3.00722
    endloop
  endfacet
  facet normal 0 0 1
    outer loop
      vertex 43.7408 69.9087 3.00722
      vertex 36.7592 69.9087 3.00722
      vertex 36.9667 69.7978 3.00722
    endloop
  endfacet
  facet normal 0 -0 1
    outer loop
      vertex 36.5341 69.9769 3.00722
      vertex 43.9659 69.9769 3.00722
      vertex 14.4135 88.8779 3.00722
    endloop
  endfacet
  facet normal 0 0 1
    outer loop
      vertex 43.7408 69.9087 3.00722
      vertex 36.5341 69.9769 3.00722
      vertex 36.7592 69.9087 3.00722
    endloop
  endfacet
  facet normal 0 0 1
    outer loop
      vertex 43.9659 69.9769 3.00722
      vertex 36.5341 69.9769 3.00722
      vertex 43.7408 69.9087 3.00722
    endloop
  endfacet
  facet normal 0 0 1
    outer loop
      vertex 36.5341 69.9769 3.00722
      vertex 14.4135 88.8779 3.00722
      vertex 36.3 70 3.00722
    endloop
  endfacet
  facet normal 0 0 1
    outer loop
      vertex 36.3 70 3.00722
      vertex 14.4135 88.8779 3.00722
      vertex 36.2 70 3.00722
    endloop
  endfacet
  facet normal 0 0 1
    outer loop
      vertex 35 68.8 3.00722
      vertex 29.5 68.8 3.00722
      vertex 35 31.2 3.00722
    endloop
  endfacet
  facet normal 0 0 1
    outer loop
      vertex 35.0231 69.0341 3.00722
      vertex 29.5 68.8 3.00722
      vertex 35 68.8 3.00722
    endloop
  endfacet
  facet normal 0 0 1
    outer loop
      vertex 29.4769 69.0341 3.00722
      vertex 35.0231 69.0341 3.00722
      vertex 35.0913 69.2592 3.00722
    endloop
  endfacet
  facet normal 0 0 1
    outer loop
      vertex 29.4087 69.2592 3.00722
      vertex 35.0913 69.2592 3.00722
      vertex 35.2022 69.4667 3.00722
    endloop
  endfacet
  facet normal 0 0 1
    outer loop
      vertex 29.2978 69.4667 3.00722
      vertex 35.2022 69.4667 3.00722
      vertex 35.3515 69.6485 3.00722
    endloop
  endfacet
  facet normal 0 0 1
    outer loop
      vertex 29.1485 69.6485 3.00722
      vertex 35.3515 69.6485 3.00722
      vertex 35.5333 69.7978 3.00722
    endloop
  endfacet
  facet normal 0 0 1
    outer loop
      vertex 28.9667 69.7978 3.00722
      vertex 35.5333 69.7978 3.00722
      vertex 35.7408 69.9087 3.00722
    endloop
  endfacet
  facet normal -0 -0 1
    outer loop
      vertex 14.5 88 3.00722
      vertex 36.2 70 3.00722
      vertex 14.4135 88.8779 3.00722
    endloop
  endfacet
  facet normal 0 0 1
    outer loop
      vertex 35.0231 69.0341 3.00722
      vertex 29.4769 69.0341 3.00722
      vertex 29.5 68.8 3.00722
    endloop
  endfacet
  facet normal 0 0 1
    outer loop
      vertex 35.0913 69.2592 3.00722
      vertex 29.4087 69.2592 3.00722
      vertex 29.4769 69.0341 3.00722
    endloop
  endfacet
  facet normal 0 0 1
    outer loop
      vertex 35.2022 69.4667 3.00722
      vertex 29.2978 69.4667 3.00722
      vertex 29.4087 69.2592 3.00722
    endloop
  endfacet
  facet normal 0 0 1
    outer loop
      vertex 35.3515 69.6485 3.00722
      vertex 29.1485 69.6485 3.00722
      vertex 29.2978 69.4667 3.00722
    endloop
  endfacet
  facet normal 0 0 1
    outer loop
      vertex 35.5333 69.7978 3.00722
      vertex 28.9667 69.7978 3.00722
      vertex 29.1485 69.6485 3.00722
    endloop
  endfacet
  facet normal 0 0 1
    outer loop
      vertex 36.2 70 3.00722
      vertex 14.5 88 3.00722
      vertex 35.9659 69.9769 3.00722
    endloop
  endfacet
  facet normal 0 -0 1
    outer loop
      vertex 28.5341 69.9769 3.00722
      vertex 35.9659 69.9769 3.00722
      vertex 14.5 88 3.00722
    endloop
  endfacet
  facet normal 0 0 1
    outer loop
      vertex 35.7408 69.9087 3.00722
      vertex 28.7592 69.9087 3.00722
      vertex 28.9667 69.7978 3.00722
    endloop
  endfacet
  facet normal 0 0 1
    outer loop
      vertex 35.9659 69.9769 3.00722
      vertex 28.5341 69.9769 3.00722
      vertex 35.7408 69.9087 3.00722
    endloop
  endfacet
  facet normal 0 0 1
    outer loop
      vertex 35.7408 69.9087 3.00722
      vertex 28.5341 69.9769 3.00722
      vertex 28.7592 69.9087 3.00722
    endloop
  endfacet
  facet normal -0 0 1
    outer loop
      vertex 14.4135 87.1221 3.00722
      vertex 28.5341 69.9769 3.00722
      vertex 14.5 88 3.00722
    endloop
  endfacet
  facet normal -0 0 1
    outer loop
      vertex 12.5001 84.2584 3.00722
      vertex 27.3515 69.6485 3.00722
      vertex 13.182 84.818 3.00722
    endloop
  endfacet
  facet normal 0 0 1
    outer loop
      vertex 27.5333 69.7978 3.00722
      vertex 13.182 84.818 3.00722
      vertex 27.3515 69.6485 3.00722
    endloop
  endfacet
  facet normal -0 0 1
    outer loop
      vertex 13.182 84.818 3.00722
      vertex 27.5333 69.7978 3.00722
      vertex 13.7416 85.4999 3.00722
    endloop
  endfacet
  facet normal 0 0 1
    outer loop
      vertex 27.7408 69.9087 3.00722
      vertex 13.7416 85.4999 3.00722
      vertex 27.5333 69.7978 3.00722
    endloop
  endfacet
  facet normal -0 0 1
    outer loop
      vertex 13.7416 85.4999 3.00722
      vertex 27.7408 69.9087 3.00722
      vertex 14.1575 86.2779 3.00722
    endloop
  endfacet
  facet normal 0 0 1
    outer loop
      vertex 27.9659 69.9769 3.00722
      vertex 14.1575 86.2779 3.00722
      vertex 27.7408 69.9087 3.00722
    endloop
  endfacet
  facet normal -0 0 1
    outer loop
      vertex 14.1575 86.2779 3.00722
      vertex 27.9659 69.9769 3.00722
      vertex 14.4135 87.1221 3.00722
    endloop
  endfacet
  facet normal 0 0 1
    outer loop
      vertex 28.5341 69.9769 3.00722
      vertex 14.4135 87.1221 3.00722
      vertex 28.3 70 3.00722
    endloop
  endfacet
  facet normal 0 0 1
    outer loop
      vertex 11.7221 92.1575 3.00722
      vertex 92.2779 92.1575 3.00722
      vertex 93.1221 92.4135 3.00722
    endloop
  endfacet
  facet normal -0 0 1
    outer loop
      vertex 2 93.8 3.00722
      vertex 93.1221 92.4135 3.00722
      vertex 104.6 93.8 3.00722
    endloop
  endfacet
  facet normal 0 0 1
    outer loop
      vertex 28.2 70 3.00722
      vertex 14.4135 87.1221 3.00722
      vertex 27.9659 69.9769 3.00722
    endloop
  endfacet
  facet normal 0 0 1
    outer loop
      vertex 28.3 70 3.00722
      vertex 14.4135 87.1221 3.00722
      vertex 28.2 70 3.00722
    endloop
  endfacet
  facet normal -0 -0 1
    outer loop
      vertex 14.4135 88.8779 3.00722
      vertex 43.9659 69.9769 3.00722
      vertex 14.1575 89.7221 3.00722
    endloop
  endfacet
  facet normal 0 0 1
    outer loop
      vertex 90.818 91.182 3.00722
      vertex 13.182 91.182 3.00722
      vertex 13.7416 90.5001 3.00722
    endloop
  endfacet
  facet normal 0 0 1
    outer loop
      vertex 91.4999 91.7416 3.00722
      vertex 12.5001 91.7416 3.00722
      vertex 13.182 91.182 3.00722
    endloop
  endfacet
  facet normal 0 0 1
    outer loop
      vertex 92.2779 92.1575 3.00722
      vertex 11.7221 92.1575 3.00722
      vertex 12.5001 91.7416 3.00722
    endloop
  endfacet
  facet normal 0 0 1
    outer loop
      vertex 93.1221 92.4135 3.00722
      vertex 10.8779 92.4135 3.00722
      vertex 11.7221 92.1575 3.00722
    endloop
  endfacet
  facet normal 0 0 1
    outer loop
      vertex 93.1221 92.4135 3.00722
      vertex 2 93.8 3.00722
      vertex 10.8779 92.4135 3.00722
    endloop
  endfacet
  facet normal 0 0 1
    outer loop
      vertex 5.84254 27.7221 3.00722
      vertex 2 19.5 3.00722
      vertex 5.58647 26.8779 3.00722
    endloop
  endfacet
  facet normal 0 0 1
    outer loop
      vertex 5.58647 88.8779 3.00722
      vertex 2 93.8 3.00722
      vertex 5.5 88 3.00722
    endloop
  endfacet
  facet normal 0 0 1
    outer loop
      vertex 5.84254 89.7221 3.00722
      vertex 2 93.8 3.00722
      vertex 5.58647 88.8779 3.00722
    endloop
  endfacet
  facet normal 0 0 1
    outer loop
      vertex 6.25839 90.5001 3.00722
      vertex 2 93.8 3.00722
      vertex 5.84254 89.7221 3.00722
    endloop
  endfacet
  facet normal 0 0 1
    outer loop
      vertex 6.81802 91.182 3.00722
      vertex 2 93.8 3.00722
      vertex 6.25839 90.5001 3.00722
    endloop
  endfacet
  facet normal 0 0 1
    outer loop
      vertex 7.49993 91.7416 3.00722
      vertex 2 93.8 3.00722
      vertex 6.81802 91.182 3.00722
    endloop
  endfacet
  facet normal 0 0 1
    outer loop
      vertex 8.27792 92.1575 3.00722
      vertex 2 93.8 3.00722
      vertex 7.49993 91.7416 3.00722
    endloop
  endfacet
  facet normal 0 0 1
    outer loop
      vertex 9.12209 92.4135 3.00722
      vertex 2 93.8 3.00722
      vertex 8.27792 92.1575 3.00722
    endloop
  endfacet
  facet normal 0 0 1
    outer loop
      vertex 10 92.5 3.00722
      vertex 2 93.8 3.00722
      vertex 9.12209 92.4135 3.00722
    endloop
  endfacet
  facet normal 0 0 1
    outer loop
      vertex 10.8779 92.4135 3.00722
      vertex 2 93.8 3.00722
      vertex 10 92.5 3.00722
    endloop
  endfacet
  facet normal 0 0 1
    outer loop
      vertex 120.247 236.8 3.00722
      vertex 107 40 3.00722
      vertex 117 40 3.00722
    endloop
  endfacet
  facet normal -0 0 1
    outer loop
      vertex 104.6 93.8 3.00722
      vertex 107 40 3.00722
      vertex 104.6 96.8 3.00722
    endloop
  endfacet
  facet normal 0 0 1
    outer loop
      vertex 120.247 236.8 3.00722
      vertex 104.6 96.8 3.00722
      vertex 107 40 3.00722
    endloop
  endfacet
  facet normal 0 0 1
    outer loop
      vertex 120.247 236.8 3.00722
      vertex 2 236.947 3.00722
      vertex 104.6 96.8 3.00722
    endloop
  endfacet
  facet normal 0 0 1
    outer loop
      vertex 104.6 96.8 3.00722
      vertex 2 236.947 3.00722
      vertex 2 96.8 3.00722
    endloop
  endfacet
  facet normal 0 0 1
    outer loop
      vertex 120.1 236.947 3.00722
      vertex 120.247 236.8 3.00722
      vertex 120.244 236.829 3.00722
    endloop
  endfacet
  facet normal 0 0 1
    outer loop
      vertex 120.1 236.947 3.00722
      vertex 120.244 236.829 3.00722
      vertex 120.236 236.856 3.00722
    endloop
  endfacet
  facet normal 0 0 1
    outer loop
      vertex 120.1 236.947 3.00722
      vertex 120.236 236.856 3.00722
      vertex 120.222 236.882 3.00722
    endloop
  endfacet
  facet normal 0 0 1
    outer loop
      vertex 120.1 236.947 3.00722
      vertex 120.222 236.882 3.00722
      vertex 120.204 236.904 3.00722
    endloop
  endfacet
  facet normal 0 0 1
    outer loop
      vertex 120.1 236.947 3.00722
      vertex 120.204 236.904 3.00722
      vertex 120.182 236.922 3.00722
    endloop
  endfacet
  facet normal 0 0 1
    outer loop
      vertex 120.1 236.947 3.00722
      vertex 120.182 236.922 3.00722
      vertex 120.156 236.936 3.00722
    endloop
  endfacet
  facet normal 0 0 1
    outer loop
      vertex 120.1 236.947 3.00722
      vertex 120.156 236.936 3.00722
      vertex 120.129 236.944 3.00722
    endloop
  endfacet
  facet normal -0 0 1
    outer loop
      vertex 2 236.947 3.00722
      vertex 120.247 236.8 3.00722
      vertex 120.1 236.947 3.00722
    endloop
  endfacet
  facet normal 0 0 1
    outer loop
      vertex 120.247 236.8 3.00722
      vertex 117 40 3.00722
      vertex 120.247 19.5 3.00722
    endloop
  endfacet
  facet normal -0 0 1
    outer loop
      vertex 117 22 3.00722
      vertex 120.247 19.5 3.00722
      vertex 117 40 3.00722
    endloop
  endfacet
  facet normal -0 0 1
    outer loop
      vertex 107 22 3.00722
      vertex 120.247 19.5 3.00722
      vertex 117 22 3.00722
    endloop
  endfacet
  facet normal 0 0 1
    outer loop
      vertex 98.4135 87.1221 3.00722
      vertex 104.6 93.8 3.00722
      vertex 98.5 88 3.00722
    endloop
  endfacet
  facet normal 0 0 1
    outer loop
      vertex 98.1575 86.2779 3.00722
      vertex 104.6 93.8 3.00722
      vertex 98.4135 87.1221 3.00722
    endloop
  endfacet
  facet normal 0 0 1
    outer loop
      vertex 107 40 3.00722
      vertex 98.5 26 3.00722
      vertex 107 22 3.00722
    endloop
  endfacet
  facet normal -0 0 1
    outer loop
      vertex 98.4135 25.1221 3.00722
      vertex 107 22 3.00722
      vertex 98.5 26 3.00722
    endloop
  endfacet
  facet normal -0 0 1
    outer loop
      vertex 98.1575 24.2779 3.00722
      vertex 107 22 3.00722
      vertex 98.4135 25.1221 3.00722
    endloop
  endfacet
  facet normal -0 0 1
    outer loop
      vertex 97.7416 23.4999 3.00722
      vertex 107 22 3.00722
      vertex 98.1575 24.2779 3.00722
    endloop
  endfacet
  facet normal -0 0 1
    outer loop
      vertex 97.182 22.818 3.00722
      vertex 107 22 3.00722
      vertex 97.7416 23.4999 3.00722
    endloop
  endfacet
  facet normal -0 0 1
    outer loop
      vertex 96.5001 22.2584 3.00722
      vertex 107 22 3.00722
      vertex 97.182 22.818 3.00722
    endloop
  endfacet
  facet normal 0 0 1
    outer loop
      vertex 95.7221 21.8425 3.00722
      vertex 107 22 3.00722
      vertex 96.5001 22.2584 3.00722
    endloop
  endfacet
  facet normal 0 0 1
    outer loop
      vertex 94.8779 21.5865 3.00722
      vertex 107 22 3.00722
      vertex 95.7221 21.8425 3.00722
    endloop
  endfacet
  facet normal 0 0 1
    outer loop
      vertex 107 22 3.00722
      vertex 94.8779 21.5865 3.00722
      vertex 120.247 19.5 3.00722
    endloop
  endfacet
  facet normal -0 0 1
    outer loop
      vertex 94 21.5 3.00722
      vertex 120.247 19.5 3.00722
      vertex 94.8779 21.5865 3.00722
    endloop
  endfacet
  facet normal 0 0 1
    outer loop
      vertex 90.2584 28.5001 3.00722
      vertex 85.4087 30.7408 3.00722
      vertex 89.8425 27.7221 3.00722
    endloop
  endfacet
  facet normal -0 0 1
    outer loop
      vertex 85.2978 30.5333 3.00722
      vertex 89.8425 27.7221 3.00722
      vertex 85.4087 30.7408 3.00722
    endloop
  endfacet
  facet normal -0 0 1
    outer loop
      vertex 85.1485 30.3515 3.00722
      vertex 89.8425 27.7221 3.00722
      vertex 85.2978 30.5333 3.00722
    endloop
  endfacet
  facet normal 0 0 1
    outer loop
      vertex 89.8425 27.7221 3.00722
      vertex 85.1485 30.3515 3.00722
      vertex 89.5865 26.8779 3.00722
    endloop
  endfacet
  facet normal -0 0 1
    outer loop
      vertex 84.9667 30.2022 3.00722
      vertex 89.5865 26.8779 3.00722
      vertex 85.1485 30.3515 3.00722
    endloop
  endfacet
  facet normal -0 0 1
    outer loop
      vertex 84.7592 30.0913 3.00722
      vertex 89.5865 26.8779 3.00722
      vertex 84.9667 30.2022 3.00722
    endloop
  endfacet
  facet normal 0 0 1
    outer loop
      vertex 89.5865 26.8779 3.00722
      vertex 84.7592 30.0913 3.00722
      vertex 89.5 26 3.00722
    endloop
  endfacet
  facet normal -0 0 1
    outer loop
      vertex 84.5341 30.0231 3.00722
      vertex 89.5 26 3.00722
      vertex 84.7592 30.0913 3.00722
    endloop
  endfacet
  facet normal -0 0 1
    outer loop
      vertex 84.3 30 3.00722
      vertex 89.5 26 3.00722
      vertex 84.5341 30.0231 3.00722
    endloop
  endfacet
  facet normal 0 0 1
    outer loop
      vertex 89.5 26 3.00722
      vertex 84.3 30 3.00722
      vertex 89.5865 25.1221 3.00722
    endloop
  endfacet
  facet normal -0 0 1
    outer loop
      vertex 84.2 30 3.00722
      vertex 89.5865 25.1221 3.00722
      vertex 84.3 30 3.00722
    endloop
  endfacet
  facet normal 0 0 1
    outer loop
      vertex 83.9659 30.0231 3.00722
      vertex 89.5865 25.1221 3.00722
      vertex 84.2 30 3.00722
    endloop
  endfacet
  facet normal 0 0 1
    outer loop
      vertex 89.5865 25.1221 3.00722
      vertex 83.9659 30.0231 3.00722
      vertex 89.8425 24.2779 3.00722
    endloop
  endfacet
  facet normal 0 0 1
    outer loop
      vertex 83.7408 30.0913 3.00722
      vertex 89.8425 24.2779 3.00722
      vertex 83.9659 30.0231 3.00722
    endloop
  endfacet
  facet normal -0 0 1
    outer loop
      vertex 76.7592 30.0913 3.00722
      vertex 89.8425 24.2779 3.00722
      vertex 83.7408 30.0913 3.00722
    endloop
  endfacet
  facet normal -0 0 1
    outer loop
      vertex 76.5341 30.0231 3.00722
      vertex 89.8425 24.2779 3.00722
      vertex 76.7592 30.0913 3.00722
    endloop
  endfacet
  facet normal 0 0 1
    outer loop
      vertex 76.7592 30.0913 3.00722
      vertex 83.7408 30.0913 3.00722
      vertex 83.5333 30.2022 3.00722
    endloop
  endfacet
  facet normal 0 0 1
    outer loop
      vertex 76.9667 30.2022 3.00722
      vertex 83.5333 30.2022 3.00722
      vertex 83.3515 30.3515 3.00722
    endloop
  endfacet
  facet normal 0 0 1
    outer loop
      vertex 77.5 31.2 3.00722
      vertex 83 31.2 3.00722
      vertex 77.5 68.8 3.00722
    endloop
  endfacet
  facet normal 0 0 1
    outer loop
      vertex 83 31.2 3.00722
      vertex 77.5 31.2 3.00722
      vertex 83.0231 30.9659 3.00722
    endloop
  endfacet
  facet normal 0 0 1
    outer loop
      vertex 77.4769 30.9659 3.00722
      vertex 83.0231 30.9659 3.00722
      vertex 77.5 31.2 3.00722
    endloop
  endfacet
  facet normal 0 0 1
    outer loop
      vertex 83.0231 30.9659 3.00722
      vertex 77.4769 30.9659 3.00722
      vertex 83.0913 30.7408 3.00722
    endloop
  endfacet
  facet normal 0 0 1
    outer loop
      vertex 77.4087 30.7408 3.00722
      vertex 83.0913 30.7408 3.00722
      vertex 77.4769 30.9659 3.00722
    endloop
  endfacet
  facet normal 0 0 1
    outer loop
      vertex 83.0913 30.7408 3.00722
      vertex 77.4087 30.7408 3.00722
      vertex 83.2022 30.5333 3.00722
    endloop
  endfacet
  facet normal 0 0 1
    outer loop
      vertex 77.2978 30.5333 3.00722
      vertex 83.2022 30.5333 3.00722
      vertex 77.4087 30.7408 3.00722
    endloop
  endfacet
  facet normal 0 0 1
    outer loop
      vertex 83.2022 30.5333 3.00722
      vertex 77.2978 30.5333 3.00722
      vertex 83.3515 30.3515 3.00722
    endloop
  endfacet
  facet normal 0 0 1
    outer loop
      vertex 77.1485 30.3515 3.00722
      vertex 83.3515 30.3515 3.00722
      vertex 77.2978 30.5333 3.00722
    endloop
  endfacet
  facet normal 0 0 1
    outer loop
      vertex 76.9667 30.2022 3.00722
      vertex 83.3515 30.3515 3.00722
      vertex 77.1485 30.3515 3.00722
    endloop
  endfacet
  facet normal 0 0 1
    outer loop
      vertex 83.5333 30.2022 3.00722
      vertex 76.9667 30.2022 3.00722
      vertex 76.7592 30.0913 3.00722
    endloop
  endfacet
  facet normal 0 0 1
    outer loop
      vertex 89.8425 24.2779 3.00722
      vertex 76.5341 30.0231 3.00722
      vertex 90.2584 23.4999 3.00722
    endloop
  endfacet
  facet normal -0 0 1
    outer loop
      vertex 76.3 30 3.00722
      vertex 90.2584 23.4999 3.00722
      vertex 76.5341 30.0231 3.00722
    endloop
  endfacet
  facet normal 0 0 1
    outer loop
      vertex 90.2584 23.4999 3.00722
      vertex 76.3 30 3.00722
      vertex 90.818 22.818 3.00722
    endloop
  endfacet
  facet normal -0 0 1
    outer loop
      vertex 76.2 30 3.00722
      vertex 90.818 22.818 3.00722
      vertex 76.3 30 3.00722
    endloop
  endfacet
  facet normal 0 0 1
    outer loop
      vertex 75.9659 30.0231 3.00722
      vertex 90.818 22.818 3.00722
      vertex 76.2 30 3.00722
    endloop
  endfacet
  facet normal -0 0 1
    outer loop
      vertex 68.5341 30.0231 3.00722
      vertex 90.818 22.818 3.00722
      vertex 75.9659 30.0231 3.00722
    endloop
  endfacet
  facet normal -0 0 1
    outer loop
      vertex 68.3 30 3.00722
      vertex 90.818 22.818 3.00722
      vertex 68.5341 30.0231 3.00722
    endloop
  endfacet
  facet normal 0 0 1
    outer loop
      vertex 68.5341 30.0231 3.00722
      vertex 75.9659 30.0231 3.00722
      vertex 75.7408 30.0913 3.00722
    endloop
  endfacet
  facet normal 0 0 1
    outer loop
      vertex 69.5 31.2 3.00722
      vertex 75 31.2 3.00722
      vertex 69.5 68.8 3.00722
    endloop
  endfacet
  facet normal 0 0 1
    outer loop
      vertex 75 31.2 3.00722
      vertex 69.5 31.2 3.00722
      vertex 75.0231 30.9659 3.00722
    endloop
  endfacet
  facet normal 0 0 1
    outer loop
      vertex 69.4769 30.9659 3.00722
      vertex 75.0231 30.9659 3.00722
      vertex 69.5 31.2 3.00722
    endloop
  endfacet
  facet normal 0 0 1
    outer loop
      vertex 75.0231 30.9659 3.00722
      vertex 69.4769 30.9659 3.00722
      vertex 75.0913 30.7408 3.00722
    endloop
  endfacet
  facet normal 0 0 1
    outer loop
      vertex 69.4087 30.7408 3.00722
      vertex 75.0913 30.7408 3.00722
      vertex 69.4769 30.9659 3.00722
    endloop
  endfacet
  facet normal 0 0 1
    outer loop
      vertex 75.0913 30.7408 3.00722
      vertex 69.4087 30.7408 3.00722
      vertex 75.2022 30.5333 3.00722
    endloop
  endfacet
  facet normal 0 0 1
    outer loop
      vertex 69.2978 30.5333 3.00722
      vertex 75.2022 30.5333 3.00722
      vertex 69.4087 30.7408 3.00722
    endloop
  endfacet
  facet normal 0 0 1
    outer loop
      vertex 75.2022 30.5333 3.00722
      vertex 69.2978 30.5333 3.00722
      vertex 75.3515 30.3515 3.00722
    endloop
  endfacet
  facet normal 0 0 1
    outer loop
      vertex 69.1485 30.3515 3.00722
      vertex 75.3515 30.3515 3.00722
      vertex 69.2978 30.5333 3.00722
    endloop
  endfacet
  facet normal 0 0 1
    outer loop
      vertex 75.3515 30.3515 3.00722
      vertex 69.1485 30.3515 3.00722
      vertex 75.5333 30.2022 3.00722
    endloop
  endfacet
  facet normal 0 0 1
    outer loop
      vertex 68.9667 30.2022 3.00722
      vertex 75.5333 30.2022 3.00722
      vertex 69.1485 30.3515 3.00722
    endloop
  endfacet
  facet normal 0 0 1
    outer loop
      vertex 75.5333 30.2022 3.00722
      vertex 68.9667 30.2022 3.00722
      vertex 75.7408 30.0913 3.00722
    endloop
  endfacet
  facet normal 0 0 1
    outer loop
      vertex 68.7592 30.0913 3.00722
      vertex 75.7408 30.0913 3.00722
      vertex 68.9667 30.2022 3.00722
    endloop
  endfacet
  facet normal 0 0 1
    outer loop
      vertex 68.5341 30.0231 3.00722
      vertex 75.7408 30.0913 3.00722
      vertex 68.7592 30.0913 3.00722
    endloop
  endfacet
  facet normal 0 0 1
    outer loop
      vertex 90.818 22.818 3.00722
      vertex 68.3 30 3.00722
      vertex 91.4999 22.2584 3.00722
    endloop
  endfacet
  facet normal -0 0 1
    outer loop
      vertex 68.2 30 3.00722
      vertex 91.4999 22.2584 3.00722
      vertex 68.3 30 3.00722
    endloop
  endfacet
  facet normal -0 0 1
    outer loop
      vertex 60.3 30 3.00722
      vertex 91.4999 22.2584 3.00722
      vertex 68.2 30 3.00722
    endloop
  endfacet
  facet normal 0 0 1
    outer loop
      vertex 60.3 30 3.00722
      vertex 68.2 30 3.00722
      vertex 67.9659 30.0231 3.00722
    endloop
  endfacet
  facet normal 0 0 1
    outer loop
      vertex 60.5341 30.0231 3.00722
      vertex 67.9659 30.0231 3.00722
      vertex 67.7408 30.0913 3.00722
    endloop
  endfacet
  facet normal 0 0 1
    outer loop
      vertex 61.5 31.2 3.00722
      vertex 67 31.2 3.00722
      vertex 61.5 68.8 3.00722
    endloop
  endfacet
  facet normal 0 0 1
    outer loop
      vertex 67 31.2 3.00722
      vertex 61.5 31.2 3.00722
      vertex 67.0231 30.9659 3.00722
    endloop
  endfacet
  facet normal 0 0 1
    outer loop
      vertex 61.4769 30.9659 3.00722
      vertex 67.0231 30.9659 3.00722
      vertex 61.5 31.2 3.00722
    endloop
  endfacet
  facet normal 0 0 1
    outer loop
      vertex 67.0231 30.9659 3.00722
      vertex 61.4769 30.9659 3.00722
      vertex 67.0913 30.7408 3.00722
    endloop
  endfacet
  facet normal 0 0 1
    outer loop
      vertex 61.4087 30.7408 3.00722
      vertex 67.0913 30.7408 3.00722
      vertex 61.4769 30.9659 3.00722
    endloop
  endfacet
  facet normal 0 0 1
    outer loop
      vertex 67.0913 30.7408 3.00722
      vertex 61.4087 30.7408 3.00722
      vertex 67.2022 30.5333 3.00722
    endloop
  endfacet
  facet normal 0 0 1
    outer loop
      vertex 61.2978 30.5333 3.00722
      vertex 67.2022 30.5333 3.00722
      vertex 61.4087 30.7408 3.00722
    endloop
  endfacet
  facet normal 0 0 1
    outer loop
      vertex 67.2022 30.5333 3.00722
      vertex 61.2978 30.5333 3.00722
      vertex 67.3515 30.3515 3.00722
    endloop
  endfacet
  facet normal 0 0 1
    outer loop
      vertex 61.1485 30.3515 3.00722
      vertex 67.3515 30.3515 3.00722
      vertex 61.2978 30.5333 3.00722
    endloop
  endfacet
  facet normal 0 0 1
    outer loop
      vertex 67.3515 30.3515 3.00722
      vertex 61.1485 30.3515 3.00722
      vertex 67.5333 30.2022 3.00722
    endloop
  endfacet
  facet normal 0 0 1
    outer loop
      vertex 60.9667 30.2022 3.00722
      vertex 67.5333 30.2022 3.00722
      vertex 61.1485 30.3515 3.00722
    endloop
  endfacet
  facet normal 0 0 1
    outer loop
      vertex 67.5333 30.2022 3.00722
      vertex 60.9667 30.2022 3.00722
      vertex 67.7408 30.0913 3.00722
    endloop
  endfacet
  facet normal 0 0 1
    outer loop
      vertex 60.7592 30.0913 3.00722
      vertex 67.7408 30.0913 3.00722
      vertex 60.9667 30.2022 3.00722
    endloop
  endfacet
  facet normal 0 0 1
    outer loop
      vertex 60.5341 30.0231 3.00722
      vertex 67.7408 30.0913 3.00722
      vertex 60.7592 30.0913 3.00722
    endloop
  endfacet
  facet normal 0 0 1
    outer loop
      vertex 67.9659 30.0231 3.00722
      vertex 60.5341 30.0231 3.00722
      vertex 60.3 30 3.00722
    endloop
  endfacet
  facet normal 0 0 1
    outer loop
      vertex 91.4999 22.2584 3.00722
      vertex 60.3 30 3.00722
      vertex 92.2779 21.8425 3.00722
    endloop
  endfacet
  facet normal -0 0 1
    outer loop
      vertex 60.2 30 3.00722
      vertex 92.2779 21.8425 3.00722
      vertex 60.3 30 3.00722
    endloop
  endfacet
  facet normal -0 0 1
    outer loop
      vertex 52.3 30 3.00722
      vertex 92.2779 21.8425 3.00722
      vertex 60.2 30 3.00722
    endloop
  endfacet
  facet normal 0 0 1
    outer loop
      vertex 52.3 30 3.00722
      vertex 60.2 30 3.00722
      vertex 59.9659 30.0231 3.00722
    endloop
  endfacet
  facet normal 0 0 1
    outer loop
      vertex 53.5 31.2 3.00722
      vertex 59 31.2 3.00722
      vertex 53.5 68.8 3.00722
    endloop
  endfacet
  facet normal 0 0 1
    outer loop
      vertex 59 31.2 3.00722
      vertex 53.5 31.2 3.00722
      vertex 59.0231 30.9659 3.00722
    endloop
  endfacet
  facet normal 0 0 1
    outer loop
      vertex 53.4769 30.9659 3.00722
      vertex 59.0231 30.9659 3.00722
      vertex 53.5 31.2 3.00722
    endloop
  endfacet
  facet normal 0 0 1
    outer loop
      vertex 59.0231 30.9659 3.00722
      vertex 53.4769 30.9659 3.00722
      vertex 59.0913 30.7408 3.00722
    endloop
  endfacet
  facet normal 0 0 1
    outer loop
      vertex 53.4087 30.7408 3.00722
      vertex 59.0913 30.7408 3.00722
      vertex 53.4769 30.9659 3.00722
    endloop
  endfacet
  facet normal 0 0 1
    outer loop
      vertex 59.0913 30.7408 3.00722
      vertex 53.4087 30.7408 3.00722
      vertex 59.2022 30.5333 3.00722
    endloop
  endfacet
  facet normal 0 0 1
    outer loop
      vertex 53.2978 30.5333 3.00722
      vertex 59.2022 30.5333 3.00722
      vertex 53.4087 30.7408 3.00722
    endloop
  endfacet
  facet normal 0 0 1
    outer loop
      vertex 59.2022 30.5333 3.00722
      vertex 53.2978 30.5333 3.00722
      vertex 59.3515 30.3515 3.00722
    endloop
  endfacet
  facet normal 0 0 1
    outer loop
      vertex 53.1485 30.3515 3.00722
      vertex 59.3515 30.3515 3.00722
      vertex 53.2978 30.5333 3.00722
    endloop
  endfacet
  facet normal 0 0 1
    outer loop
      vertex 59.3515 30.3515 3.00722
      vertex 53.1485 30.3515 3.00722
      vertex 59.5333 30.2022 3.00722
    endloop
  endfacet
  facet normal 0 0 1
    outer loop
      vertex 52.9667 30.2022 3.00722
      vertex 59.5333 30.2022 3.00722
      vertex 53.1485 30.3515 3.00722
    endloop
  endfacet
  facet normal 0 0 1
    outer loop
      vertex 59.5333 30.2022 3.00722
      vertex 52.9667 30.2022 3.00722
      vertex 59.7408 30.0913 3.00722
    endloop
  endfacet
  facet normal 0 0 1
    outer loop
      vertex 52.7592 30.0913 3.00722
      vertex 59.7408 30.0913 3.00722
      vertex 52.9667 30.2022 3.00722
    endloop
  endfacet
  facet normal 0 0 1
    outer loop
      vertex 59.7408 30.0913 3.00722
      vertex 52.7592 30.0913 3.00722
      vertex 59.9659 30.0231 3.00722
    endloop
  endfacet
  facet normal 0 0 1
    outer loop
      vertex 52.5341 30.0231 3.00722
      vertex 59.9659 30.0231 3.00722
      vertex 52.7592 30.0913 3.00722
    endloop
  endfacet
  facet normal 0 0 1
    outer loop
      vertex 52.3 30 3.00722
      vertex 59.9659 30.0231 3.00722
      vertex 52.5341 30.0231 3.00722
    endloop
  endfacet
  facet normal -0 0 1
    outer loop
      vertex 52.2 30 3.00722
      vertex 92.2779 21.8425 3.00722
      vertex 52.3 30 3.00722
    endloop
  endfacet
  facet normal 0 0 1
    outer loop
      vertex 11.7221 21.8425 3.00722
      vertex 92.2779 21.8425 3.00722
      vertex 52.2 30 3.00722
    endloop
  endfacet
  facet normal 0 0 1
    outer loop
      vertex 44.3 30 3.00722
      vertex 52.2 30 3.00722
      vertex 51.9659 30.0231 3.00722
    endloop
  endfacet
  facet normal 0 0 1
    outer loop
      vertex 45.5 31.2 3.00722
      vertex 51 31.2 3.00722
      vertex 45.5 68.8 3.00722
    endloop
  endfacet
  facet normal 0 0 1
    outer loop
      vertex 51 31.2 3.00722
      vertex 45.5 31.2 3.00722
      vertex 51.0231 30.9659 3.00722
    endloop
  endfacet
  facet normal 0 0 1
    outer loop
      vertex 45.4769 30.9659 3.00722
      vertex 51.0231 30.9659 3.00722
      vertex 45.5 31.2 3.00722
    endloop
  endfacet
  facet normal 0 0 1
    outer loop
      vertex 51.0231 30.9659 3.00722
      vertex 45.4769 30.9659 3.00722
      vertex 51.0913 30.7408 3.00722
    endloop
  endfacet
  facet normal 0 0 1
    outer loop
      vertex 45.4087 30.7408 3.00722
      vertex 51.0913 30.7408 3.00722
      vertex 45.4769 30.9659 3.00722
    endloop
  endfacet
  facet normal 0 0 1
    outer loop
      vertex 51.0913 30.7408 3.00722
      vertex 45.4087 30.7408 3.00722
      vertex 51.2022 30.5333 3.00722
    endloop
  endfacet
  facet normal 0 0 1
    outer loop
      vertex 45.2978 30.5333 3.00722
      vertex 51.2022 30.5333 3.00722
      vertex 45.4087 30.7408 3.00722
    endloop
  endfacet
  facet normal 0 0 1
    outer loop
      vertex 51.2022 30.5333 3.00722
      vertex 45.2978 30.5333 3.00722
      vertex 51.3515 30.3515 3.00722
    endloop
  endfacet
  facet normal 0 0 1
    outer loop
      vertex 45.1485 30.3515 3.00722
      vertex 51.3515 30.3515 3.00722
      vertex 45.2978 30.5333 3.00722
    endloop
  endfacet
  facet normal 0 0 1
    outer loop
      vertex 51.3515 30.3515 3.00722
      vertex 45.1485 30.3515 3.00722
      vertex 51.5333 30.2022 3.00722
    endloop
  endfacet
  facet normal 0 0 1
    outer loop
      vertex 44.9667 30.2022 3.00722
      vertex 51.5333 30.2022 3.00722
      vertex 45.1485 30.3515 3.00722
    endloop
  endfacet
  facet normal 0 0 1
    outer loop
      vertex 51.5333 30.2022 3.00722
      vertex 44.9667 30.2022 3.00722
      vertex 51.7408 30.0913 3.00722
    endloop
  endfacet
  facet normal 0 0 1
    outer loop
      vertex 44.7592 30.0913 3.00722
      vertex 51.7408 30.0913 3.00722
      vertex 44.9667 30.2022 3.00722
    endloop
  endfacet
  facet normal 0 0 1
    outer loop
      vertex 51.7408 30.0913 3.00722
      vertex 44.7592 30.0913 3.00722
      vertex 51.9659 30.0231 3.00722
    endloop
  endfacet
  facet normal 0 0 1
    outer loop
      vertex 44.5341 30.0231 3.00722
      vertex 51.9659 30.0231 3.00722
      vertex 44.7592 30.0913 3.00722
    endloop
  endfacet
  facet normal 0 0 1
    outer loop
      vertex 44.3 30 3.00722
      vertex 51.9659 30.0231 3.00722
      vertex 44.5341 30.0231 3.00722
    endloop
  endfacet
  facet normal 0 0 1
    outer loop
      vertex 52.2 30 3.00722
      vertex 44.3 30 3.00722
      vertex 11.7221 21.8425 3.00722
    endloop
  endfacet
  facet normal 0 0 1
    outer loop
      vertex 11.7221 21.8425 3.00722
      vertex 44.3 30 3.00722
      vertex 44.2 30 3.00722
    endloop
  endfacet
  facet normal 0 0 1
    outer loop
      vertex 36.3 30 3.00722
      vertex 44.2 30 3.00722
      vertex 43.9659 30.0231 3.00722
    endloop
  endfacet
  facet normal 0 0 1
    outer loop
      vertex 37.5 31.2 3.00722
      vertex 43 31.2 3.00722
      vertex 37.5 68.8 3.00722
    endloop
  endfacet
  facet normal 0 0 1
    outer loop
      vertex 43 31.2 3.00722
      vertex 37.5 31.2 3.00722
      vertex 43.0231 30.9659 3.00722
    endloop
  endfacet
  facet normal 0 0 1
    outer loop
      vertex 37.4769 30.9659 3.00722
      vertex 43.0231 30.9659 3.00722
      vertex 37.5 31.2 3.00722
    endloop
  endfacet
  facet normal 0 0 1
    outer loop
      vertex 43.0231 30.9659 3.00722
      vertex 37.4769 30.9659 3.00722
      vertex 43.0913 30.7408 3.00722
    endloop
  endfacet
  facet normal 0 0 1
    outer loop
      vertex 37.4087 30.7408 3.00722
      vertex 43.0913 30.7408 3.00722
      vertex 37.4769 30.9659 3.00722
    endloop
  endfacet
  facet normal 0 0 1
    outer loop
      vertex 43.0913 30.7408 3.00722
      vertex 37.4087 30.7408 3.00722
      vertex 43.2022 30.5333 3.00722
    endloop
  endfacet
  facet normal 0 0 1
    outer loop
      vertex 37.2978 30.5333 3.00722
      vertex 43.2022 30.5333 3.00722
      vertex 37.4087 30.7408 3.00722
    endloop
  endfacet
  facet normal 0 0 1
    outer loop
      vertex 43.2022 30.5333 3.00722
      vertex 37.2978 30.5333 3.00722
      vertex 43.3515 30.3515 3.00722
    endloop
  endfacet
  facet normal 0 0 1
    outer loop
      vertex 37.1485 30.3515 3.00722
      vertex 43.3515 30.3515 3.00722
      vertex 37.2978 30.5333 3.00722
    endloop
  endfacet
  facet normal 0 0 1
    outer loop
      vertex 43.3515 30.3515 3.00722
      vertex 37.1485 30.3515 3.00722
      vertex 43.5333 30.2022 3.00722
    endloop
  endfacet
  facet normal 0 0 1
    outer loop
      vertex 36.9667 30.2022 3.00722
      vertex 43.5333 30.2022 3.00722
      vertex 37.1485 30.3515 3.00722
    endloop
  endfacet
  facet normal 0 0 1
    outer loop
      vertex 43.5333 30.2022 3.00722
      vertex 36.9667 30.2022 3.00722
      vertex 43.7408 30.0913 3.00722
    endloop
  endfacet
  facet normal 0 0 1
    outer loop
      vertex 36.7592 30.0913 3.00722
      vertex 43.7408 30.0913 3.00722
      vertex 36.9667 30.2022 3.00722
    endloop
  endfacet
  facet normal 0 0 1
    outer loop
      vertex 43.7408 30.0913 3.00722
      vertex 36.7592 30.0913 3.00722
      vertex 43.9659 30.0231 3.00722
    endloop
  endfacet
  facet normal 0 0 1
    outer loop
      vertex 36.5341 30.0231 3.00722
      vertex 43.9659 30.0231 3.00722
      vertex 36.7592 30.0913 3.00722
    endloop
  endfacet
  facet normal 0 0 1
    outer loop
      vertex 36.3 30 3.00722
      vertex 43.9659 30.0231 3.00722
      vertex 36.5341 30.0231 3.00722
    endloop
  endfacet
  facet normal 0 0 1
    outer loop
      vertex 44.2 30 3.00722
      vertex 36.3 30 3.00722
      vertex 12.5001 22.2584 3.00722
    endloop
  endfacet
  facet normal 0 0 1
    outer loop
      vertex 12.5001 22.2584 3.00722
      vertex 36.3 30 3.00722
      vertex 36.2 30 3.00722
    endloop
  endfacet
  facet normal 0 0 1
    outer loop
      vertex 13.182 22.818 3.00722
      vertex 36.2 30 3.00722
      vertex 35.9659 30.0231 3.00722
    endloop
  endfacet
  facet normal 0 0 1
    outer loop
      vertex 29.5 31.2 3.00722
      vertex 35 31.2 3.00722
      vertex 29.5 68.8 3.00722
    endloop
  endfacet
  facet normal 0 0 1
    outer loop
      vertex 35 31.2 3.00722
      vertex 29.5 31.2 3.00722
      vertex 35.0231 30.9659 3.00722
    endloop
  endfacet
  facet normal 0 0 1
    outer loop
      vertex 29.4769 30.9659 3.00722
      vertex 35.0231 30.9659 3.00722
      vertex 29.5 31.2 3.00722
    endloop
  endfacet
  facet normal 0 0 1
    outer loop
      vertex 35.0231 30.9659 3.00722
      vertex 29.4769 30.9659 3.00722
      vertex 35.0913 30.7408 3.00722
    endloop
  endfacet
  facet normal 0 0 1
    outer loop
      vertex 29.4087 30.7408 3.00722
      vertex 35.0913 30.7408 3.00722
      vertex 29.4769 30.9659 3.00722
    endloop
  endfacet
  facet normal 0 0 1
    outer loop
      vertex 35.0913 30.7408 3.00722
      vertex 29.4087 30.7408 3.00722
      vertex 35.2022 30.5333 3.00722
    endloop
  endfacet
  facet normal 0 0 1
    outer loop
      vertex 29.2978 30.5333 3.00722
      vertex 35.2022 30.5333 3.00722
      vertex 29.4087 30.7408 3.00722
    endloop
  endfacet
  facet normal 0 0 1
    outer loop
      vertex 35.2022 30.5333 3.00722
      vertex 29.2978 30.5333 3.00722
      vertex 35.3515 30.3515 3.00722
    endloop
  endfacet
  facet normal 0 0 1
    outer loop
      vertex 29.1485 30.3515 3.00722
      vertex 35.3515 30.3515 3.00722
      vertex 29.2978 30.5333 3.00722
    endloop
  endfacet
  facet normal 0 0 1
    outer loop
      vertex 35.3515 30.3515 3.00722
      vertex 29.1485 30.3515 3.00722
      vertex 35.5333 30.2022 3.00722
    endloop
  endfacet
  facet normal 0 0 1
    outer loop
      vertex 28.9667 30.2022 3.00722
      vertex 35.5333 30.2022 3.00722
      vertex 29.1485 30.3515 3.00722
    endloop
  endfacet
  facet normal 0 0 1
    outer loop
      vertex 35.5333 30.2022 3.00722
      vertex 28.9667 30.2022 3.00722
      vertex 35.7408 30.0913 3.00722
    endloop
  endfacet
  facet normal 0 0 1
    outer loop
      vertex 28.7592 30.0913 3.00722
      vertex 35.7408 30.0913 3.00722
      vertex 28.9667 30.2022 3.00722
    endloop
  endfacet
  facet normal 0 0 1
    outer loop
      vertex 35.7408 30.0913 3.00722
      vertex 28.7592 30.0913 3.00722
      vertex 35.9659 30.0231 3.00722
    endloop
  endfacet
  facet normal 0 0 1
    outer loop
      vertex 28.5341 30.0231 3.00722
      vertex 35.9659 30.0231 3.00722
      vertex 28.7592 30.0913 3.00722
    endloop
  endfacet
  facet normal 0 0 1
    outer loop
      vertex 13.182 22.818 3.00722
      vertex 35.9659 30.0231 3.00722
      vertex 28.5341 30.0231 3.00722
    endloop
  endfacet
  facet normal 0 0 1
    outer loop
      vertex 13.182 22.818 3.00722
      vertex 28.5341 30.0231 3.00722
      vertex 28.3 30 3.00722
    endloop
  endfacet
  facet normal 0 0 1
    outer loop
      vertex 13.182 22.818 3.00722
      vertex 28.3 30 3.00722
      vertex 28.2 30 3.00722
    endloop
  endfacet
  facet normal 0 0 1
    outer loop
      vertex 13.7416 23.4999 3.00722
      vertex 28.2 30 3.00722
      vertex 27.9659 30.0231 3.00722
    endloop
  endfacet
  facet normal 0 0 1
    outer loop
      vertex 27 68.8 3.00722
      vertex 14.5 26 3.00722
      vertex 27 31.2 3.00722
    endloop
  endfacet
  facet normal 0 0 1
    outer loop
      vertex 27 31.2 3.00722
      vertex 14.5 26 3.00722
      vertex 27.0231 30.9659 3.00722
    endloop
  endfacet
  facet normal 0 0 1
    outer loop
      vertex 14.5 26 3.00722
      vertex 27.0913 30.7408 3.00722
      vertex 27.0231 30.9659 3.00722
    endloop
  endfacet
  facet normal 0 0 1
    outer loop
      vertex 14.5 26 3.00722
      vertex 27.2022 30.5333 3.00722
      vertex 27.0913 30.7408 3.00722
    endloop
  endfacet
  facet normal 0 0 1
    outer loop
      vertex 14.5 26 3.00722
      vertex 27.3515 30.3515 3.00722
      vertex 27.2022 30.5333 3.00722
    endloop
  endfacet
  facet normal 0 0 1
    outer loop
      vertex 14.4135 25.1221 3.00722
      vertex 27.3515 30.3515 3.00722
      vertex 14.5 26 3.00722
    endloop
  endfacet
  facet normal 0 0 1
    outer loop
      vertex 27.3515 30.3515 3.00722
      vertex 14.4135 25.1221 3.00722
      vertex 27.5333 30.2022 3.00722
    endloop
  endfacet
  facet normal 0 0 1
    outer loop
      vertex 14.1575 24.2779 3.00722
      vertex 27.5333 30.2022 3.00722
      vertex 14.4135 25.1221 3.00722
    endloop
  endfacet
  facet normal 0 0 1
    outer loop
      vertex 27.5333 30.2022 3.00722
      vertex 14.1575 24.2779 3.00722
      vertex 27.7408 30.0913 3.00722
    endloop
  endfacet
  facet normal 0 0 1
    outer loop
      vertex 27.7408 30.0913 3.00722
      vertex 14.1575 24.2779 3.00722
      vertex 27.9659 30.0231 3.00722
    endloop
  endfacet
  facet normal 0 0 1
    outer loop
      vertex 13.7416 23.4999 3.00722
      vertex 27.9659 30.0231 3.00722
      vertex 14.1575 24.2779 3.00722
    endloop
  endfacet
  facet normal 0 0 1
    outer loop
      vertex 28.2 30 3.00722
      vertex 13.7416 23.4999 3.00722
      vertex 13.182 22.818 3.00722
    endloop
  endfacet
  facet normal 0 0 1
    outer loop
      vertex 36.2 30 3.00722
      vertex 13.182 22.818 3.00722
      vertex 12.5001 22.2584 3.00722
    endloop
  endfacet
  facet normal 0 0 1
    outer loop
      vertex 44.2 30 3.00722
      vertex 12.5001 22.2584 3.00722
      vertex 11.7221 21.8425 3.00722
    endloop
  endfacet
  facet normal 0 0 1
    outer loop
      vertex 92.2779 21.8425 3.00722
      vertex 11.7221 21.8425 3.00722
      vertex 93.1221 21.5865 3.00722
    endloop
  endfacet
  facet normal 0 0 1
    outer loop
      vertex 10.8779 21.5865 3.00722
      vertex 93.1221 21.5865 3.00722
      vertex 11.7221 21.8425 3.00722
    endloop
  endfacet
  facet normal 0 0 1
    outer loop
      vertex 2 19.5 3.00722
      vertex 93.1221 21.5865 3.00722
      vertex 10.8779 21.5865 3.00722
    endloop
  endfacet
  facet normal 0 0 1
    outer loop
      vertex 93.1221 21.5865 3.00722
      vertex 2 19.5 3.00722
      vertex 94 21.5 3.00722
    endloop
  endfacet
  facet normal 0 0 1
    outer loop
      vertex 2 19.5 3.00722
      vertex 10.8779 21.5865 3.00722
      vertex 10 21.5 3.00722
    endloop
  endfacet
  facet normal 0 0 1
    outer loop
      vertex 94 21.5 3.00722
      vertex 2 19.5 3.00722
      vertex 120.247 19.5 3.00722
    endloop
  endfacet
  facet normal 0 0 1
    outer loop
      vertex 9.12209 21.5865 3.00722
      vertex 2 19.5 3.00722
      vertex 10 21.5 3.00722
    endloop
  endfacet
  facet normal 0 0 1
    outer loop
      vertex 8.27792 21.8425 3.00722
      vertex 2 19.5 3.00722
      vertex 9.12209 21.5865 3.00722
    endloop
  endfacet
  facet normal 0 0 1
    outer loop
      vertex 7.49993 22.2584 3.00722
      vertex 2 19.5 3.00722
      vertex 8.27792 21.8425 3.00722
    endloop
  endfacet
  facet normal 0 0 1
    outer loop
      vertex 6.81802 22.818 3.00722
      vertex 2 19.5 3.00722
      vertex 7.49993 22.2584 3.00722
    endloop
  endfacet
  facet normal 0 0 1
    outer loop
      vertex 6.25839 23.4999 3.00722
      vertex 2 19.5 3.00722
      vertex 6.81802 22.818 3.00722
    endloop
  endfacet
  facet normal 0 0 1
    outer loop
      vertex 5.84254 24.2779 3.00722
      vertex 2 19.5 3.00722
      vertex 6.25839 23.4999 3.00722
    endloop
  endfacet
  facet normal 0 0 1
    outer loop
      vertex 5.58647 25.1221 3.00722
      vertex 2 19.5 3.00722
      vertex 5.84254 24.2779 3.00722
    endloop
  endfacet
  facet normal 0 0 1
    outer loop
      vertex 5.5 26 3.00722
      vertex 2 19.5 3.00722
      vertex 5.58647 25.1221 3.00722
    endloop
  endfacet
  facet normal 0 0 1
    outer loop
      vertex 5.58647 26.8779 3.00722
      vertex 2 19.5 3.00722
      vertex 5.5 26 3.00722
    endloop
  endfacet
  facet normal -0.865925 -0.460896 0.194292
    outer loop
      vertex 121.426 237.349 4.06457
      vertex 121.479 237.371 4.35297
      vertex 121.294 237.597 4.06457
    endloop
  endfacet
  facet normal -0.82913 -0.0835558 0.552776
    outer loop
      vertex 121.423 236.8 3.7929
      vertex 121.397 237.058 3.7929
      vertex 121.26 236.8 3.54841
    endloop
  endfacet
  facet normal -0.0972952 -0.976307 0.193285
    outer loop
      vertex 120.38 238.208 4.06457
      vertex 120.391 238.264 4.35297
      vertex 120.1 238.293 4.35297
    endloop
  endfacet
  facet normal -0.28501 -0.938857 0.193173
    outer loop
      vertex 120.671 238.179 4.35297
      vertex 120.391 238.264 4.35297
      vertex 120.38 238.208 4.06457
    endloop
  endfacet
  facet normal -0.760638 -0.619903 0.192742
    outer loop
      vertex 121.294 237.597 4.06457
      vertex 121.341 237.629 4.35297
      vertex 121.156 237.856 4.35297
    endloop
  endfacet
  facet normal -0.920529 -0.0927664 0.379502
    outer loop
      vertex 121.423 236.8 3.7929
      vertex 121.535 236.8 4.06457
      vertex 121.397 237.058 3.7929
    endloop
  endfacet
  facet normal -0.20538 -0.678377 0.705424
    outer loop
      vertex 120.464 237.679 3.34048
      vertex 120.544 237.871 3.54841
      vertex 120.326 237.937 3.54841
    endloop
  endfacet
  facet normal -0.33369 -0.625668 0.705117
    outer loop
      vertex 120.629 237.591 3.34048
      vertex 120.744 237.764 3.54841
      vertex 120.464 237.679 3.34048
    endloop
  endfacet
  facet normal -0.339029 -0.18063 0.923272
    outer loop
      vertex 120.753 237.071 3.17712
      vertex 120.688 237.193 3.17712
      vertex 120.462 237.042 3.06459
    endloop
  endfacet
  facet normal 0 -0.195363 0.980731
    outer loop
      vertex 2 237.235 3.06459
      vertex 120.1 236.947 3.00722
      vertex 120.1 237.235 3.06459
    endloop
  endfacet
  facet normal 0 -0.195363 0.980731
    outer loop
      vertex 120.1 236.947 3.00722
      vertex 2 237.235 3.06459
      vertex 2 236.947 3.00722
    endloop
  endfacet
  facet normal -0.180768 -0.33894 0.923278
    outer loop
      vertex 120.342 237.162 3.06459
      vertex 120.493 237.388 3.17712
      vertex 120.267 237.202 3.06459
    endloop
  endfacet
  facet normal 0 -0.382289 0.924043
    outer loop
      vertex 2 237.507 3.17712
      vertex 120.1 237.235 3.06459
      vertex 120.1 237.507 3.17712
    endloop
  endfacet
  facet normal 0 -0.382289 0.924043
    outer loop
      vertex 120.1 237.235 3.06459
      vertex 2 237.507 3.17712
      vertex 2 237.235 3.06459
    endloop
  endfacet
  facet normal -0.38205 -0.0359902 0.923441
    outer loop
      vertex 120.807 236.8 3.17712
      vertex 120.794 236.938 3.17712
      vertex 120.527 236.885 3.06459
    endloop
  endfacet
  facet normal -0.678241 -0.205759 0.705444
    outer loop
      vertex 121.033 236.986 3.34048
      vertex 121.171 237.244 3.54841
      vertex 120.979 237.164 3.34048
    endloop
  endfacet
  facet normal -0.54855 -0.449506 0.705008
    outer loop
      vertex 120.891 237.329 3.34048
      vertex 121.064 237.444 3.54841
      vertex 120.773 237.473 3.34048
    endloop
  endfacet
  facet normal -0.366746 -0.113057 0.923426
    outer loop
      vertex 120.794 236.938 3.17712
      vertex 120.753 237.071 3.17712
      vertex 120.527 236.885 3.06459
    endloop
  endfacet
  facet normal -0.151675 -0.124098 0.980609
    outer loop
      vertex 120.222 236.882 3.00722
      vertex 120.408 237.108 3.06459
      vertex 120.204 236.904 3.00722
    endloop
  endfacet
  facet normal 0 -0.924515 0.381145
    outer loop
      vertex 2 238.123 3.7929
      vertex 120.1 238.235 4.06457
      vertex 2 238.235 4.06457
    endloop
  endfacet
  facet normal 0 -0.924515 0.381145
    outer loop
      vertex 120.1 238.235 4.06457
      vertex 2 238.123 3.7929
      vertex 120.1 238.123 3.7929
    endloop
  endfacet
  facet normal -0.938857 -0.28501 0.193173
    outer loop
      vertex 121.508 237.08 4.06457
      vertex 121.564 237.091 4.35297
      vertex 121.479 237.371 4.35297
    endloop
  endfacet
  facet normal -0.976624 -0.0941744 0.193228
    outer loop
      vertex 121.535 236.8 4.06457
      vertex 121.564 237.091 4.35297
      vertex 121.508 237.08 4.06457
    endloop
  endfacet
  facet normal -0.713179 -0.588373 0.381043
    outer loop
      vertex 121.2 237.535 3.7929
      vertex 121.294 237.597 4.06457
      vertex 121.035 237.735 3.7929
    endloop
  endfacet
  facet normal -0.828674 -0.0843341 0.553342
    outer loop
      vertex 121.26 236.8 3.54841
      vertex 121.397 237.058 3.7929
      vertex 121.237 237.026 3.54841
    endloop
  endfacet
  facet normal -0.528045 -0.645388 0.551944
    outer loop
      vertex 120.92 237.62 3.54841
      vertex 121.035 237.735 3.7929
      vertex 120.744 237.764 3.54841
    endloop
  endfacet
  facet normal -0.437359 -0.815527 0.37899
    outer loop
      vertex 120.835 237.9 3.7929
      vertex 120.897 237.993 4.06457
      vertex 120.649 238.126 4.06457
    endloop
  endfacet
  facet normal -0.865314 -0.462843 0.192374
    outer loop
      vertex 121.479 237.371 4.35297
      vertex 121.341 237.629 4.35297
      vertex 121.294 237.597 4.06457
    endloop
  endfacet
  facet normal -0.938323 -0.286032 0.194257
    outer loop
      vertex 121.508 237.08 4.06457
      vertex 121.479 237.371 4.35297
      vertex 121.426 237.349 4.06457
    endloop
  endfacet
  facet normal -0.16213 -0.534427 0.829519
    outer loop
      vertex 120.464 237.679 3.34048
      vertex 120.286 237.733 3.34048
      vertex 120.238 237.494 3.17712
    endloop
  endfacet
  facet normal -0.241328 -0.797115 0.553506
    outer loop
      vertex 120.544 237.871 3.54841
      vertex 120.606 238.022 3.7929
      vertex 120.326 237.937 3.54841
    endloop
  endfacet
  facet normal -0.0202058 -0.195323 0.980531
    outer loop
      vertex 120.129 236.944 3.00722
      vertex 120.1 237.235 3.06459
      vertex 120.1 236.947 3.00722
    endloop
  endfacet
  facet normal -0.180651 -0.339068 0.923254
    outer loop
      vertex 120.493 237.388 3.17712
      vertex 120.371 237.453 3.17712
      vertex 120.267 237.202 3.06459
    endloop
  endfacet
  facet normal -0.243199 -0.297243 0.92331
    outer loop
      vertex 120.408 237.108 3.06459
      vertex 120.493 237.388 3.17712
      vertex 120.342 237.162 3.06459
    endloop
  endfacet
  facet normal -0.0557659 -0.18821 0.980544
    outer loop
      vertex 120.156 236.936 3.00722
      vertex 120.267 237.202 3.06459
      vertex 120.129 236.944 3.00722
    endloop
  endfacet
  facet normal -0.382042 -0.0359569 0.923445
    outer loop
      vertex 120.535 236.8 3.06459
      vertex 120.807 236.8 3.17712
      vertex 120.527 236.885 3.06459
    endloop
  endfacet
  facet normal -0.29689 -0.244172 0.923166
    outer loop
      vertex 120.688 237.193 3.17712
      vertex 120.6 237.3 3.17712
      vertex 120.408 237.108 3.06459
    endloop
  endfacet
  facet normal -0.492029 -0.262415 0.830088
    outer loop
      vertex 120.979 237.164 3.34048
      vertex 120.891 237.329 3.34048
      vertex 120.753 237.071 3.17712
    endloop
  endfacet
  facet normal -0.815826 -0.434632 0.381473
    outer loop
      vertex 121.322 237.306 3.7929
      vertex 121.294 237.597 4.06457
      vertex 121.2 237.535 3.7929
    endloop
  endfacet
  facet normal -0.625226 -0.333454 0.705621
    outer loop
      vertex 120.979 237.164 3.34048
      vertex 121.171 237.244 3.54841
      vertex 120.891 237.329 3.34048
    endloop
  endfacet
  facet normal -0.19533 -0.018384 0.980565
    outer loop
      vertex 120.535 236.8 3.06459
      vertex 120.527 236.885 3.06459
      vertex 120.247 236.8 3.00722
    endloop
  endfacet
  facet normal -0.187785 -0.0556399 0.980633
    outer loop
      vertex 120.244 236.829 3.00722
      vertex 120.527 236.885 3.06459
      vertex 120.236 236.856 3.00722
    endloop
  endfacet
  facet normal -0.0887975 -0.920863 0.37964
    outer loop
      vertex 120.38 238.208 4.06457
      vertex 120.1 238.235 4.06457
      vertex 120.1 238.123 3.7929
    endloop
  endfacet
  facet normal -0.0926208 -0.919084 0.383023
    outer loop
      vertex 120.358 238.097 3.7929
      vertex 120.38 238.208 4.06457
      vertex 120.1 238.123 3.7929
    endloop
  endfacet
  facet normal -0.88494 -0.267623 0.38113
    outer loop
      vertex 121.397 237.058 3.7929
      vertex 121.426 237.349 4.06457
      vertex 121.322 237.306 3.7929
    endloop
  endfacet
  facet normal -0.883661 -0.269369 0.382863
    outer loop
      vertex 121.508 237.08 4.06457
      vertex 121.426 237.349 4.06457
      vertex 121.397 237.058 3.7929
    endloop
  endfacet
  facet normal -0.533483 -0.161843 0.830182
    outer loop
      vertex 121.033 236.986 3.34048
      vertex 120.979 237.164 3.34048
      vertex 120.753 237.071 3.17712
    endloop
  endfacet
  facet normal -0.625196 -0.33448 0.705161
    outer loop
      vertex 121.171 237.244 3.54841
      vertex 121.064 237.444 3.54841
      vertex 120.891 237.329 3.34048
    endloop
  endfacet
  facet normal -0.620289 -0.75968 0.195263
    outer loop
      vertex 121.115 237.815 4.06457
      vertex 120.929 238.041 4.35297
      vertex 120.897 237.993 4.06457
    endloop
  endfacet
  facet normal -0.434693 -0.815941 0.38116
    outer loop
      vertex 120.835 237.9 3.7929
      vertex 120.649 238.126 4.06457
      vertex 120.606 238.022 3.7929
    endloop
  endfacet
  facet normal -0.816103 -0.434377 0.381172
    outer loop
      vertex 121.322 237.306 3.7929
      vertex 121.426 237.349 4.06457
      vertex 121.294 237.597 4.06457
    endloop
  endfacet
  facet normal -0.73386 -0.392615 0.554349
    outer loop
      vertex 121.171 237.244 3.54841
      vertex 121.2 237.535 3.7929
      vertex 121.064 237.444 3.54841
    endloop
  endfacet
  facet normal -0.0843747 -0.829073 0.552738
    outer loop
      vertex 120.326 237.937 3.54841
      vertex 120.1 238.123 3.7929
      vertex 120.1 237.96 3.54841
    endloop
  endfacet
  facet normal -0.0835205 -0.828781 0.553305
    outer loop
      vertex 120.326 237.937 3.54841
      vertex 120.358 238.097 3.7929
      vertex 120.1 238.123 3.7929
    endloop
  endfacet
  facet normal -0.353401 -0.431269 0.83013
    outer loop
      vertex 120.773 237.473 3.34048
      vertex 120.629 237.591 3.34048
      vertex 120.493 237.388 3.17712
    endloop
  endfacet
  facet normal -0.262459 -0.492111 0.830025
    outer loop
      vertex 120.493 237.388 3.17712
      vertex 120.629 237.591 3.34048
      vertex 120.464 237.679 3.34048
    endloop
  endfacet
  facet normal -0.0359894 -0.382041 0.923444
    outer loop
      vertex 120.238 237.494 3.17712
      vertex 120.1 237.507 3.17712
      vertex 120.1 237.235 3.06459
    endloop
  endfacet
  facet normal -0.0717646 -0.705165 0.705402
    outer loop
      vertex 120.326 237.937 3.54841
      vertex 120.1 237.96 3.54841
      vertex 120.1 237.752 3.34048
    endloop
  endfacet
  facet normal -0.0567537 -0.555589 0.829518
    outer loop
      vertex 120.238 237.494 3.17712
      vertex 120.286 237.733 3.34048
      vertex 120.1 237.752 3.34048
    endloop
  endfacet
  facet normal -0.111889 -0.366996 0.923469
    outer loop
      vertex 120.267 237.202 3.06459
      vertex 120.238 237.494 3.17712
      vertex 120.185 237.227 3.06459
    endloop
  endfacet
  facet normal -0.0571581 -0.187478 0.980604
    outer loop
      vertex 120.267 237.202 3.06459
      vertex 120.185 237.227 3.06459
      vertex 120.129 236.944 3.00722
    endloop
  endfacet
  facet normal -0.0922254 -0.172923 0.980608
    outer loop
      vertex 120.342 237.162 3.06459
      vertex 120.267 237.202 3.06459
      vertex 120.182 236.922 3.00722
    endloop
  endfacet
  facet normal -0.124098 -0.151675 0.980609
    outer loop
      vertex 120.204 236.904 3.00722
      vertex 120.408 237.108 3.06459
      vertex 120.182 236.922 3.00722
    endloop
  endfacet
  facet normal -0.124098 -0.151675 0.980609
    outer loop
      vertex 120.408 237.108 3.06459
      vertex 120.342 237.162 3.06459
      vertex 120.182 236.922 3.00722
    endloop
  endfacet
  facet normal -0.297243 -0.243199 0.92331
    outer loop
      vertex 120.462 237.042 3.06459
      vertex 120.688 237.193 3.17712
      vertex 120.408 237.108 3.06459
    endloop
  endfacet
  facet normal -0.431269 -0.353401 0.83013
    outer loop
      vertex 120.891 237.329 3.34048
      vertex 120.773 237.473 3.34048
      vertex 120.688 237.193 3.17712
    endloop
  endfacet
  facet normal -0.492237 -0.262257 0.830014
    outer loop
      vertex 120.753 237.071 3.17712
      vertex 120.891 237.329 3.34048
      vertex 120.688 237.193 3.17712
    endloop
  endfacet
  facet normal -0.797195 -0.241087 0.553495
    outer loop
      vertex 121.397 237.058 3.7929
      vertex 121.322 237.306 3.7929
      vertex 121.171 237.244 3.54841
    endloop
  endfacet
  facet normal -0.797233 -0.241364 0.553319
    outer loop
      vertex 121.237 237.026 3.54841
      vertex 121.397 237.058 3.7929
      vertex 121.171 237.244 3.54841
    endloop
  endfacet
  facet normal -0.644106 -0.526996 0.55444
    outer loop
      vertex 121.064 237.444 3.54841
      vertex 121.2 237.535 3.7929
      vertex 120.92 237.62 3.54841
    endloop
  endfacet
  facet normal -0.643155 -0.530603 0.552097
    outer loop
      vertex 121.2 237.535 3.7929
      vertex 121.035 237.735 3.7929
      vertex 120.92 237.62 3.54841
    endloop
  endfacet
  facet normal -0.172686 -0.0929847 0.980578
    outer loop
      vertex 120.236 236.856 3.00722
      vertex 120.502 236.967 3.06459
      vertex 120.222 236.882 3.00722
    endloop
  endfacet
  facet normal -0.172923 -0.0922254 0.980608
    outer loop
      vertex 120.502 236.967 3.06459
      vertex 120.462 237.042 3.06459
      vertex 120.222 236.882 3.00722
    endloop
  endfacet
  facet normal -0.194807 -0.0201525 0.980634
    outer loop
      vertex 120.247 236.8 3.00722
      vertex 120.527 236.885 3.06459
      vertex 120.244 236.829 3.00722
    endloop
  endfacet
  facet normal -0.58529 -0.716816 0.378959
    outer loop
      vertex 121.115 237.815 4.06457
      vertex 120.897 237.993 4.06457
      vertex 120.835 237.9 3.7929
    endloop
  endfacet
  facet normal -0.587871 -0.712571 0.382948
    outer loop
      vertex 121.035 237.735 3.7929
      vertex 121.115 237.815 4.06457
      vertex 120.835 237.9 3.7929
    endloop
  endfacet
  facet normal -0.392951 -0.734489 0.553277
    outer loop
      vertex 120.744 237.764 3.54841
      vertex 120.606 238.022 3.7929
      vertex 120.544 237.871 3.54841
    endloop
  endfacet
  facet normal -0.334285 -0.624832 0.705577
    outer loop
      vertex 120.744 237.764 3.54841
      vertex 120.544 237.871 3.54841
      vertex 120.464 237.679 3.34048
    endloop
  endfacet
  facet normal -0.113152 -0.367053 0.923292
    outer loop
      vertex 120.267 237.202 3.06459
      vertex 120.371 237.453 3.17712
      vertex 120.238 237.494 3.17712
    endloop
  endfacet
  facet normal -0.164184 -0.532598 0.830291
    outer loop
      vertex 120.371 237.453 3.17712
      vertex 120.464 237.679 3.34048
      vertex 120.238 237.494 3.17712
    endloop
  endfacet
  facet normal -0.0720168 -0.705006 0.705535
    outer loop
      vertex 120.286 237.733 3.34048
      vertex 120.326 237.937 3.54841
      vertex 120.1 237.752 3.34048
    endloop
  endfacet
  facet normal -0.205823 -0.678452 0.705223
    outer loop
      vertex 120.464 237.679 3.34048
      vertex 120.326 237.937 3.54841
      vertex 120.286 237.733 3.34048
    endloop
  endfacet
  facet normal -0.0929847 -0.172686 0.980578
    outer loop
      vertex 120.182 236.922 3.00722
      vertex 120.267 237.202 3.06459
      vertex 120.156 236.936 3.00722
    endloop
  endfacet
  facet normal -0.151675 -0.124098 0.980609
    outer loop
      vertex 120.462 237.042 3.06459
      vertex 120.408 237.108 3.06459
      vertex 120.222 236.882 3.00722
    endloop
  endfacet
  facet normal -0.339003 -0.180802 0.923248
    outer loop
      vertex 120.502 236.967 3.06459
      vertex 120.753 237.071 3.17712
      vertex 120.462 237.042 3.06459
    endloop
  endfacet
  facet normal -0.367495 -0.112041 0.923252
    outer loop
      vertex 120.527 236.885 3.06459
      vertex 120.753 237.071 3.17712
      vertex 120.502 236.967 3.06459
    endloop
  endfacet
  facet normal -0.187618 -0.0572006 0.980575
    outer loop
      vertex 120.527 236.885 3.06459
      vertex 120.502 236.967 3.06459
      vertex 120.236 236.856 3.00722
    endloop
  endfacet
  facet normal 0 -0.0871546 -0.996195
    outer loop
      vertex 121.593 -4 64.0925
      vertex 121.6 9.63051 62.9
      vertex 121.6 -4 64.0925
    endloop
  endfacet
  facet normal -0 -0.0871546 -0.996195
    outer loop
      vertex 121.6 9.63051 62.9
      vertex 121.593 -4 64.0925
      vertex 121.593 9.63051 62.9
    endloop
  endfacet
  facet normal 0 -0.0871546 -0.996195
    outer loop
      vertex 123.1 -4 64.0925
      vertex 124.578 9.63051 62.9
      vertex 124.578 -4 64.0925
    endloop
  endfacet
  facet normal -0 -0.0871546 -0.996195
    outer loop
      vertex 124.578 9.63051 62.9
      vertex 123.1 -4 64.0925
      vertex 123.1 9.63051 62.9
    endloop
  endfacet
  facet normal 0 -1 0
    outer loop
      vertex 120.541 19.5 0.0216684
      vertex 123.1 19.5 1.5
      vertex 2 19.5 1.5
    endloop
  endfacet
  facet normal -0 -1 0
    outer loop
      vertex 121.406 19.5 0.193768
      vertex 123.1 19.5 1.5
      vertex 120.541 19.5 0.0216684
    endloop
  endfacet
  facet normal 0 -1 0
    outer loop
      vertex 123.1 19.5 1.5
      vertex 122.221 19.5 0.531354
      vertex 122.955 19.5 1.02145
    endloop
  endfacet
  facet normal 0 -1 0
    outer loop
      vertex 120.541 19.5 0.0216684
      vertex 2 19.5 1.5
      vertex 2 19.5 0.0216684
    endloop
  endfacet
  facet normal 0 -1 0
    outer loop
      vertex 123.1 19.5 1.5
      vertex 121.406 19.5 0.193768
      vertex 122.221 19.5 0.531354
    endloop
  endfacet
  facet normal 0 -1 0
    outer loop
      vertex 123.1 19.5 58.4
      vertex 124.578 19.5 4.05892
      vertex 124.578 19.5 58.4
    endloop
  endfacet
  facet normal 0 -1 0
    outer loop
      vertex 123.1 19.5 1.5
      vertex 124.578 19.5 4.05892
      vertex 123.1 19.5 58.4
    endloop
  endfacet
  facet normal 0 -1 0
    outer loop
      vertex 124.578 19.5 4.05892
      vertex 123.1 19.5 1.5
      vertex 124.406 19.5 3.19372
    endloop
  endfacet
  facet normal 0 -1 0
    outer loop
      vertex 124.406 19.5 3.19372
      vertex 123.1 19.5 1.5
      vertex 124.069 19.5 2.37871
    endloop
  endfacet
  facet normal 0 -1 0
    outer loop
      vertex 124.069 19.5 2.37871
      vertex 123.1 19.5 1.5
      vertex 123.579 19.5 1.64523
    endloop
  endfacet
  facet normal 0 -1 0
    outer loop
      vertex 123.579 19.5 1.64523
      vertex 123.1 19.5 1.5
      vertex 122.955 19.5 1.02145
    endloop
  endfacet
  facet normal 0 -1 0
    outer loop
      vertex 2 19.5 3.00722
      vertex 2 19.5 3
      vertex 120.247 19.5 3.00722
    endloop
  endfacet
  facet normal 0 -1 0
    outer loop
      vertex 121.593 19.5 4.35297
      vertex 121.6 19.5 58.4
      vertex 121.593 19.5 58.4
    endloop
  endfacet
  facet normal 0 -1 0
    outer loop
      vertex 121.593 19.5 4.35297
      vertex 121.6 19.5 3
      vertex 121.6 19.5 58.4
    endloop
  endfacet
  facet normal 0 -1 0
    outer loop
      vertex 121.535 19.5 4.06457
      vertex 121.6 19.5 3
      vertex 121.593 19.5 4.35297
    endloop
  endfacet
  facet normal 0 -1 0
    outer loop
      vertex 121.423 19.5 3.7929
      vertex 121.6 19.5 3
      vertex 121.535 19.5 4.06457
    endloop
  endfacet
  facet normal 0 -1 0
    outer loop
      vertex 121.26 19.5 3.54841
      vertex 121.6 19.5 3
      vertex 121.423 19.5 3.7929
    endloop
  endfacet
  facet normal 0 -1 0
    outer loop
      vertex 121.052 19.5 3.34048
      vertex 121.6 19.5 3
      vertex 121.26 19.5 3.54841
    endloop
  endfacet
  facet normal 0 -1 0
    outer loop
      vertex 120.807 19.5 3.17712
      vertex 121.6 19.5 3
      vertex 121.052 19.5 3.34048
    endloop
  endfacet
  facet normal 0 -1 0
    outer loop
      vertex 120.535 19.5 3.06459
      vertex 121.6 19.5 3
      vertex 120.807 19.5 3.17712
    endloop
  endfacet
  facet normal 0 -1 0
    outer loop
      vertex 120.247 19.5 3.00722
      vertex 121.6 19.5 3
      vertex 120.535 19.5 3.06459
    endloop
  endfacet
  facet normal 0 -1 0
    outer loop
      vertex 121.6 19.5 3
      vertex 120.247 19.5 3.00722
      vertex 2 19.5 3
    endloop
  endfacet
  facet normal 0 -0.0980558 -0.995181
    outer loop
      vertex 121.593 15 62.9
      vertex 121.6 15.8779 62.8135
      vertex 121.6 15 62.9
    endloop
  endfacet
  facet normal -0 -0.0980558 -0.995181
    outer loop
      vertex 121.6 15.8779 62.8135
      vertex 121.593 15 62.9
      vertex 121.593 15.8779 62.8135
    endloop
  endfacet
  facet normal 0 -0.0980558 -0.995181
    outer loop
      vertex 123.1 15 62.9
      vertex 124.578 15.8779 62.8135
      vertex 124.578 15 62.9
    endloop
  endfacet
  facet normal -0 -0.0980558 -0.995181
    outer loop
      vertex 124.578 15.8779 62.8135
      vertex 123.1 15 62.9
      vertex 123.1 15.8779 62.8135
    endloop
  endfacet
  facet normal 0 -0.881898 -0.471441
    outer loop
      vertex 121.593 19.1575 60.1221
      vertex 121.6 18.7416 60.9001
      vertex 121.593 18.7416 60.9001
    endloop
  endfacet
  facet normal 0 -0.881898 -0.471441
    outer loop
      vertex 121.6 18.7416 60.9001
      vertex 121.593 19.1575 60.1221
      vertex 121.6 19.1575 60.1221
    endloop
  endfacet
  facet normal 0 -0.881898 -0.471441
    outer loop
      vertex 123.1 19.1575 60.1221
      vertex 124.578 18.7416 60.9001
      vertex 123.1 18.7416 60.9001
    endloop
  endfacet
  facet normal 0 -0.881898 -0.471441
    outer loop
      vertex 124.578 18.7416 60.9001
      vertex 123.1 19.1575 60.1221
      vertex 124.578 19.1575 60.1221
    endloop
  endfacet
  facet normal 0 -0.956967 -0.290196
    outer loop
      vertex 121.593 19.4135 59.2779
      vertex 121.6 19.1575 60.1221
      vertex 121.593 19.1575 60.1221
    endloop
  endfacet
  facet normal 0 -0.956967 -0.290196
    outer loop
      vertex 121.6 19.1575 60.1221
      vertex 121.593 19.4135 59.2779
      vertex 121.6 19.4135 59.2779
    endloop
  endfacet
  facet normal 0 -0.956967 -0.290196
    outer loop
      vertex 123.1 19.4135 59.2779
      vertex 124.578 19.1575 60.1221
      vertex 123.1 19.1575 60.1221
    endloop
  endfacet
  facet normal 0 -0.956967 -0.290196
    outer loop
      vertex 124.578 19.1575 60.1221
      vertex 123.1 19.4135 59.2779
      vertex 124.578 19.4135 59.2779
    endloop
  endfacet
  facet normal 0 0 -1
    outer loop
      vertex 121.593 9.63051 62.9
      vertex 121.6 15 62.9
      vertex 121.6 9.63051 62.9
    endloop
  endfacet
  facet normal -0 0 -1
    outer loop
      vertex 121.6 15 62.9
      vertex 121.593 9.63051 62.9
      vertex 121.593 15 62.9
    endloop
  endfacet
  facet normal 0 0 -1
    outer loop
      vertex 123.1 9.63051 62.9
      vertex 124.578 15 62.9
      vertex 124.578 9.63051 62.9
    endloop
  endfacet
  facet normal -0 0 -1
    outer loop
      vertex 124.578 15 62.9
      vertex 123.1 9.63051 62.9
      vertex 123.1 15 62.9
    endloop
  endfacet
  facet normal 0 -0.634379 -0.773022
    outer loop
      vertex 121.593 17.5001 62.1416
      vertex 121.6 18.182 61.582
      vertex 121.6 17.5001 62.1416
    endloop
  endfacet
  facet normal -0 -0.634379 -0.773022
    outer loop
      vertex 121.6 18.182 61.582
      vertex 121.593 17.5001 62.1416
      vertex 121.593 18.182 61.582
    endloop
  endfacet
  facet normal 0 -0.634379 -0.773022
    outer loop
      vertex 123.1 17.5001 62.1416
      vertex 124.578 18.182 61.582
      vertex 124.578 17.5001 62.1416
    endloop
  endfacet
  facet normal -0 -0.634379 -0.773022
    outer loop
      vertex 124.578 18.182 61.582
      vertex 123.1 17.5001 62.1416
      vertex 123.1 18.182 61.582
    endloop
  endfacet
  facet normal 0 -0.995181 -0.0980558
    outer loop
      vertex 121.593 19.5 58.4
      vertex 121.6 19.4135 59.2779
      vertex 121.593 19.4135 59.2779
    endloop
  endfacet
  facet normal 0 -0.995181 -0.0980558
    outer loop
      vertex 121.6 19.4135 59.2779
      vertex 121.593 19.5 58.4
      vertex 121.6 19.5 58.4
    endloop
  endfacet
  facet normal 0 -0.995181 -0.0980558
    outer loop
      vertex 123.1 19.5 58.4
      vertex 124.578 19.4135 59.2779
      vertex 123.1 19.4135 59.2779
    endloop
  endfacet
  facet normal 0 -0.995181 -0.0980558
    outer loop
      vertex 124.578 19.4135 59.2779
      vertex 123.1 19.5 58.4
      vertex 124.578 19.5 58.4
    endloop
  endfacet
  facet normal 0 -0.773022 -0.634379
    outer loop
      vertex 121.593 18.7416 60.9001
      vertex 121.6 18.182 61.582
      vertex 121.593 18.182 61.582
    endloop
  endfacet
  facet normal 0 -0.773022 -0.634379
    outer loop
      vertex 121.6 18.182 61.582
      vertex 121.593 18.7416 60.9001
      vertex 121.6 18.7416 60.9001
    endloop
  endfacet
  facet normal 0 -0.773022 -0.634379
    outer loop
      vertex 123.1 18.7416 60.9001
      vertex 124.578 18.182 61.582
      vertex 123.1 18.182 61.582
    endloop
  endfacet
  facet normal 0 -0.773022 -0.634379
    outer loop
      vertex 124.578 18.182 61.582
      vertex 123.1 18.7416 60.9001
      vertex 124.578 18.7416 60.9001
    endloop
  endfacet
  facet normal 0 -0.471441 -0.881898
    outer loop
      vertex 121.593 16.7221 62.5575
      vertex 121.6 17.5001 62.1416
      vertex 121.6 16.7221 62.5575
    endloop
  endfacet
  facet normal -0 -0.471441 -0.881898
    outer loop
      vertex 121.6 17.5001 62.1416
      vertex 121.593 16.7221 62.5575
      vertex 121.593 17.5001 62.1416
    endloop
  endfacet
  facet normal 0 -0.471441 -0.881898
    outer loop
      vertex 123.1 16.7221 62.5575
      vertex 124.578 17.5001 62.1416
      vertex 124.578 16.7221 62.5575
    endloop
  endfacet
  facet normal -0 -0.471441 -0.881898
    outer loop
      vertex 124.578 17.5001 62.1416
      vertex 123.1 16.7221 62.5575
      vertex 123.1 17.5001 62.1416
    endloop
  endfacet
  facet normal 0 -0.290196 -0.956967
    outer loop
      vertex 121.593 15.8779 62.8135
      vertex 121.6 16.7221 62.5575
      vertex 121.6 15.8779 62.8135
    endloop
  endfacet
  facet normal -0 -0.290196 -0.956967
    outer loop
      vertex 121.6 16.7221 62.5575
      vertex 121.593 15.8779 62.8135
      vertex 121.593 16.7221 62.5575
    endloop
  endfacet
  facet normal 0 -0.290196 -0.956967
    outer loop
      vertex 123.1 15.8779 62.8135
      vertex 124.578 16.7221 62.5575
      vertex 124.578 15.8779 62.8135
    endloop
  endfacet
  facet normal -0 -0.290196 -0.956967
    outer loop
      vertex 124.578 16.7221 62.5575
      vertex 123.1 15.8779 62.8135
      vertex 123.1 16.7221 62.5575
    endloop
  endfacet
  facet normal -1 0 0
    outer loop
      vertex 123.1 19.5 58.4
      vertex 123.1 24.5 63.4
      vertex 123.1 24.5 1.5
    endloop
  endfacet
  facet normal -1 0 0
    outer loop
      vertex 123.1 19.4135 59.2779
      vertex 123.1 24.5 63.4
      vertex 123.1 19.5 58.4
    endloop
  endfacet
  facet normal -1 0 0
    outer loop
      vertex 123.1 19.1575 60.1221
      vertex 123.1 24.5 63.4
      vertex 123.1 19.4135 59.2779
    endloop
  endfacet
  facet normal -1 0 0
    outer loop
      vertex 123.1 18.7416 60.9001
      vertex 123.1 24.5 63.4
      vertex 123.1 19.1575 60.1221
    endloop
  endfacet
  facet normal -1 0 0
    outer loop
      vertex 123.1 18.182 61.582
      vertex 123.1 24.5 63.4
      vertex 123.1 18.7416 60.9001
    endloop
  endfacet
  facet normal -1 -0 0
    outer loop
      vertex 123.1 24.5 63.4
      vertex 123.1 18.182 61.582
      vertex 123.1 24.4135 64.2779
    endloop
  endfacet
  facet normal -1 -0 0
    outer loop
      vertex 123.1 24.4135 64.2779
      vertex 123.1 18.182 61.582
      vertex 123.1 24.1575 65.1221
    endloop
  endfacet
  facet normal -1 -0 0
    outer loop
      vertex 123.1 24.1575 65.1221
      vertex 123.1 18.182 61.582
      vertex 123.1 23.7416 65.9001
    endloop
  endfacet
  facet normal -1 0 0
    outer loop
      vertex 123.1 19.5 58.4
      vertex 123.1 24.5 1.5
      vertex 123.1 19.5 1.5
    endloop
  endfacet
  facet normal -1 -0 0
    outer loop
      vertex 123.1 23.7416 65.9001
      vertex 123.1 18.182 61.582
      vertex 123.1 23.182 66.582
    endloop
  endfacet
  facet normal -1 -0 0
    outer loop
      vertex 123.1 23.182 66.582
      vertex 123.1 18.182 61.582
      vertex 123.1 22.5001 67.1416
    endloop
  endfacet
  facet normal -1 -0 0
    outer loop
      vertex 123.1 22.5001 67.1416
      vertex 123.1 18.182 61.582
      vertex 123.1 21.7221 67.5575
    endloop
  endfacet
  facet normal -1 -0 0
    outer loop
      vertex 123.1 21.7221 67.5575
      vertex 123.1 18.182 61.582
      vertex 123.1 20.8779 67.8135
    endloop
  endfacet
  facet normal -1 -0 0
    outer loop
      vertex 123.1 20.8779 67.8135
      vertex 123.1 18.182 61.582
      vertex 123.1 20 67.9
    endloop
  endfacet
  facet normal -1 0 0
    outer loop
      vertex 123.1 17.5001 62.1416
      vertex 123.1 20 67.9
      vertex 123.1 18.182 61.582
    endloop
  endfacet
  facet normal -1 0 0
    outer loop
      vertex 123.1 16.7221 62.5575
      vertex 123.1 20 67.9
      vertex 123.1 17.5001 62.1416
    endloop
  endfacet
  facet normal -1 0 0
    outer loop
      vertex 123.1 14.6305 67.9
      vertex 123.1 16.7221 62.5575
      vertex 123.1 15.8779 62.8135
    endloop
  endfacet
  facet normal -1 0 0
    outer loop
      vertex 123.1 14.6305 67.9
      vertex 123.1 15.8779 62.8135
      vertex 123.1 15 62.9
    endloop
  endfacet
  facet normal -1 0 0
    outer loop
      vertex 123.1 16.7221 62.5575
      vertex 123.1 14.6305 67.9
      vertex 123.1 20 67.9
    endloop
  endfacet
  facet normal -1 0 0
    outer loop
      vertex 123.1 9.63051 62.9
      vertex 123.1 14.6305 67.9
      vertex 123.1 15 62.9
    endloop
  endfacet
  facet normal -1 0 0
    outer loop
      vertex 123.1 -4 69.53
      vertex 123.1 9.63051 62.9
      vertex 123.1 -4 64.0925
    endloop
  endfacet
  facet normal -1 0 0
    outer loop
      vertex 123.1 9.63051 62.9
      vertex 123.1 -4 69.53
      vertex 123.1 14.6305 67.9
    endloop
  endfacet
  facet normal -1 0 0
    outer loop
      vertex 123.1 -4 140
      vertex 123.1 0.247942 140
      vertex 123.1 -4 91.4458
    endloop
  endfacet
  facet normal 0 0 1
    outer loop
      vertex 11.9616 26.3902 1.5
      vertex 11.9616 25.6098 1.5
      vertex 12 26 1.5
    endloop
  endfacet
  facet normal 0 0 1
    outer loop
      vertex 11.8478 26.7654 1.5
      vertex 11.9616 25.6098 1.5
      vertex 11.9616 26.3902 1.5
    endloop
  endfacet
  facet normal 0 0 1
    outer loop
      vertex 11.8478 26.7654 1.5
      vertex 11.8478 25.2346 1.5
      vertex 11.9616 25.6098 1.5
    endloop
  endfacet
  facet normal 0 0 1
    outer loop
      vertex 11.6629 27.1111 1.5
      vertex 11.8478 25.2346 1.5
      vertex 11.8478 26.7654 1.5
    endloop
  endfacet
  facet normal 0 0 1
    outer loop
      vertex 11.3097 24.5 1.5
      vertex 11.8478 25.2346 1.5
      vertex 11.6629 27.1111 1.5
    endloop
  endfacet
  facet normal 0 0 1
    outer loop
      vertex 11.3097 24.5 1.5
      vertex 11.6629 27.1111 1.5
      vertex 11.4142 27.4142 1.5
    endloop
  endfacet
  facet normal 0 0 1
    outer loop
      vertex 11.8478 25.2346 1.5
      vertex 11.3097 24.5 1.5
      vertex 11.6629 24.8889 1.5
    endloop
  endfacet
  facet normal 0 0 1
    outer loop
      vertex 11.6629 24.8889 1.5
      vertex 11.3097 24.5 1.5
      vertex 11.4142 24.5858 1.5
    endloop
  endfacet
  facet normal 0 -0 1
    outer loop
      vertex 11.3097 24.5 1.5
      vertex 11.4142 27.4142 1.5
      vertex 11.1111 27.6629 1.5
    endloop
  endfacet
  facet normal 0 0 1
    outer loop
      vertex 95.9616 26.3902 1.5
      vertex 95.9616 25.6098 1.5
      vertex 96 26 1.5
    endloop
  endfacet
  facet normal 0 0 1
    outer loop
      vertex 95.8478 26.7654 1.5
      vertex 95.9616 25.6098 1.5
      vertex 95.9616 26.3902 1.5
    endloop
  endfacet
  facet normal 0 0 1
    outer loop
      vertex 95.8478 26.7654 1.5
      vertex 95.8478 25.2346 1.5
      vertex 95.9616 25.6098 1.5
    endloop
  endfacet
  facet normal 0 0 1
    outer loop
      vertex 95.6629 27.1111 1.5
      vertex 95.8478 25.2346 1.5
      vertex 95.8478 26.7654 1.5
    endloop
  endfacet
  facet normal 0 0 1
    outer loop
      vertex 95.3097 24.5 1.5
      vertex 95.8478 25.2346 1.5
      vertex 95.6629 27.1111 1.5
    endloop
  endfacet
  facet normal 0 0 1
    outer loop
      vertex 95.3097 24.5 1.5
      vertex 95.6629 27.1111 1.5
      vertex 95.4142 27.4142 1.5
    endloop
  endfacet
  facet normal 0 0 1
    outer loop
      vertex 95.8478 25.2346 1.5
      vertex 95.3097 24.5 1.5
      vertex 95.6629 24.8889 1.5
    endloop
  endfacet
  facet normal 0 0 1
    outer loop
      vertex 95.6629 24.8889 1.5
      vertex 95.3097 24.5 1.5
      vertex 95.4142 24.5858 1.5
    endloop
  endfacet
  facet normal 0 -0 1
    outer loop
      vertex 95.3097 24.5 1.5
      vertex 95.4142 27.4142 1.5
      vertex 95.1111 27.6629 1.5
    endloop
  endfacet
  facet normal -0 0 1
    outer loop
      vertex 95.3097 24.5 1.5
      vertex 123.1 19.5 1.5
      vertex 123.1 24.5 1.5
    endloop
  endfacet
  facet normal 0 0 1
    outer loop
      vertex 94.7654 27.8478 1.5
      vertex 95.3097 24.5 1.5
      vertex 95.1111 27.6629 1.5
    endloop
  endfacet
  facet normal 0 0 1
    outer loop
      vertex 94.3902 27.9616 1.5
      vertex 95.3097 24.5 1.5
      vertex 94.7654 27.8478 1.5
    endloop
  endfacet
  facet normal 0 0 1
    outer loop
      vertex 94 28 1.5
      vertex 95.3097 24.5 1.5
      vertex 94.3902 27.9616 1.5
    endloop
  endfacet
  facet normal -0 0 1
    outer loop
      vertex 93.6098 27.9616 1.5
      vertex 95.3097 24.5 1.5
      vertex 94 28 1.5
    endloop
  endfacet
  facet normal -0 0 1
    outer loop
      vertex 93.2346 27.8478 1.5
      vertex 95.3097 24.5 1.5
      vertex 93.6098 27.9616 1.5
    endloop
  endfacet
  facet normal -0 0 1
    outer loop
      vertex 92.8889 27.6629 1.5
      vertex 95.3097 24.5 1.5
      vertex 93.2346 27.8478 1.5
    endloop
  endfacet
  facet normal 0 0 1
    outer loop
      vertex 92.6903 24.5 1.5
      vertex 95.3097 24.5 1.5
      vertex 92.8889 27.6629 1.5
    endloop
  endfacet
  facet normal -0 0 1
    outer loop
      vertex 92.6903 24.5 1.5
      vertex 123.1 19.5 1.5
      vertex 95.3097 24.5 1.5
    endloop
  endfacet
  facet normal 0 0 1
    outer loop
      vertex 2 19.5 1.5
      vertex 92.6903 24.5 1.5
      vertex 11.3097 24.5 1.5
    endloop
  endfacet
  facet normal 0 0 1
    outer loop
      vertex 10.7654 27.8478 1.5
      vertex 11.3097 24.5 1.5
      vertex 11.1111 27.6629 1.5
    endloop
  endfacet
  facet normal 0 0 1
    outer loop
      vertex 10.3902 27.9616 1.5
      vertex 11.3097 24.5 1.5
      vertex 10.7654 27.8478 1.5
    endloop
  endfacet
  facet normal 0 0 1
    outer loop
      vertex 10 28 1.5
      vertex 11.3097 24.5 1.5
      vertex 10.3902 27.9616 1.5
    endloop
  endfacet
  facet normal -0 0 1
    outer loop
      vertex 9.60982 27.9616 1.5
      vertex 11.3097 24.5 1.5
      vertex 10 28 1.5
    endloop
  endfacet
  facet normal -0 0 1
    outer loop
      vertex 9.23463 27.8478 1.5
      vertex 11.3097 24.5 1.5
      vertex 9.60982 27.9616 1.5
    endloop
  endfacet
  facet normal -0 0 1
    outer loop
      vertex 8.88886 27.6629 1.5
      vertex 11.3097 24.5 1.5
      vertex 9.23463 27.8478 1.5
    endloop
  endfacet
  facet normal 0 0 1
    outer loop
      vertex 8.69032 24.5 1.5
      vertex 11.3097 24.5 1.5
      vertex 8.88886 27.6629 1.5
    endloop
  endfacet
  facet normal 0 0 1
    outer loop
      vertex 2 19.5 1.5
      vertex 11.3097 24.5 1.5
      vertex 8.69032 24.5 1.5
    endloop
  endfacet
  facet normal 0 0 1
    outer loop
      vertex 2 19.5 1.5
      vertex 8.69032 24.5 1.5
      vertex 2 24.5 1.5
    endloop
  endfacet
  facet normal 0 0 1
    outer loop
      vertex 92.6903 24.5 1.5
      vertex 2 19.5 1.5
      vertex 123.1 19.5 1.5
    endloop
  endfacet
  facet normal -0 0 1
    outer loop
      vertex 92.5858 27.4142 1.5
      vertex 92.6903 24.5 1.5
      vertex 92.8889 27.6629 1.5
    endloop
  endfacet
  facet normal -0 0 1
    outer loop
      vertex 92.3371 27.1111 1.5
      vertex 92.6903 24.5 1.5
      vertex 92.5858 27.4142 1.5
    endloop
  endfacet
  facet normal -0 0 1
    outer loop
      vertex 92.1522 26.7654 1.5
      vertex 92.6903 24.5 1.5
      vertex 92.3371 27.1111 1.5
    endloop
  endfacet
  facet normal 0 0 1
    outer loop
      vertex 92.6903 24.5 1.5
      vertex 92.3371 24.8889 1.5
      vertex 92.5858 24.5858 1.5
    endloop
  endfacet
  facet normal -0 0 1
    outer loop
      vertex 92.1522 25.2346 1.5
      vertex 92.6903 24.5 1.5
      vertex 92.1522 26.7654 1.5
    endloop
  endfacet
  facet normal 0 0 1
    outer loop
      vertex 92.6903 24.5 1.5
      vertex 92.1522 25.2346 1.5
      vertex 92.3371 24.8889 1.5
    endloop
  endfacet
  facet normal -0 0 1
    outer loop
      vertex 92.0384 26.3902 1.5
      vertex 92.1522 25.2346 1.5
      vertex 92.1522 26.7654 1.5
    endloop
  endfacet
  facet normal 0 0 1
    outer loop
      vertex 92.0384 26.3902 1.5
      vertex 92.0384 25.6098 1.5
      vertex 92.1522 25.2346 1.5
    endloop
  endfacet
  facet normal 0 -0 1
    outer loop
      vertex 92.0384 25.6098 1.5
      vertex 92.0384 26.3902 1.5
      vertex 92 26 1.5
    endloop
  endfacet
  facet normal -0 0 1
    outer loop
      vertex 8.58579 27.4142 1.5
      vertex 8.69032 24.5 1.5
      vertex 8.88886 27.6629 1.5
    endloop
  endfacet
  facet normal -0 0 1
    outer loop
      vertex 8.33706 27.1111 1.5
      vertex 8.69032 24.5 1.5
      vertex 8.58579 27.4142 1.5
    endloop
  endfacet
  facet normal -0 0 1
    outer loop
      vertex 8.15224 26.7654 1.5
      vertex 8.69032 24.5 1.5
      vertex 8.33706 27.1111 1.5
    endloop
  endfacet
  facet normal 0 0 1
    outer loop
      vertex 8.69032 24.5 1.5
      vertex 8.33706 24.8889 1.5
      vertex 8.58579 24.5858 1.5
    endloop
  endfacet
  facet normal -0 0 1
    outer loop
      vertex 8.15224 25.2346 1.5
      vertex 8.69032 24.5 1.5
      vertex 8.15224 26.7654 1.5
    endloop
  endfacet
  facet normal 0 0 1
    outer loop
      vertex 8.69032 24.5 1.5
      vertex 8.15224 25.2346 1.5
      vertex 8.33706 24.8889 1.5
    endloop
  endfacet
  facet normal -0 0 1
    outer loop
      vertex 8.03843 26.3902 1.5
      vertex 8.15224 25.2346 1.5
      vertex 8.15224 26.7654 1.5
    endloop
  endfacet
  facet normal 0 0 1
    outer loop
      vertex 8.03843 26.3902 1.5
      vertex 8.03843 25.6098 1.5
      vertex 8.15224 25.2346 1.5
    endloop
  endfacet
  facet normal 0 -0 1
    outer loop
      vertex 8.03843 25.6098 1.5
      vertex 8.03843 26.3902 1.5
      vertex 8 26 1.5
    endloop
  endfacet
  facet normal 1 0 0
    outer loop
      vertex 121.6 24.5 63.4
      vertex 121.6 19.4135 59.2779
      vertex 121.6 19.5 58.4
    endloop
  endfacet
  facet normal 1 0 0
    outer loop
      vertex 121.6 21.7221 67.5575
      vertex 121.6 19.1575 60.1221
      vertex 121.6 19.4135 59.2779
    endloop
  endfacet
  facet normal 1 0 0
    outer loop
      vertex 121.6 21.7221 67.5575
      vertex 121.6 18.7416 60.9001
      vertex 121.6 19.1575 60.1221
    endloop
  endfacet
  facet normal 1 0 0
    outer loop
      vertex 121.6 21.7221 67.5575
      vertex 121.6 18.182 61.582
      vertex 121.6 18.7416 60.9001
    endloop
  endfacet
  facet normal 1 0 0
    outer loop
      vertex 121.6 20 67.9
      vertex 121.6 17.5001 62.1416
      vertex 121.6 18.182 61.582
    endloop
  endfacet
  facet normal 1 0 0
    outer loop
      vertex 121.6 20 67.9
      vertex 121.6 16.7221 62.5575
      vertex 121.6 17.5001 62.1416
    endloop
  endfacet
  facet normal 1 -0 0
    outer loop
      vertex 121.6 14.6305 67.9
      vertex 121.6 16.7221 62.5575
      vertex 121.6 20 67.9
    endloop
  endfacet
  facet normal 1 0 0
    outer loop
      vertex 121.6 16.7221 62.5575
      vertex 121.6 14.6305 67.9
      vertex 121.6 15.8779 62.8135
    endloop
  endfacet
  facet normal 1 0 0
    outer loop
      vertex 121.6 15.8779 62.8135
      vertex 121.6 14.6305 67.9
      vertex 121.6 15 62.9
    endloop
  endfacet
  facet normal 1 0 0
    outer loop
      vertex 121.6 14.6305 67.9
      vertex 121.6 9.63051 62.9
      vertex 121.6 15 62.9
    endloop
  endfacet
  facet normal 1 0 0
    outer loop
      vertex 121.6 -4 69.53
      vertex 121.6 9.63051 62.9
      vertex 121.6 14.6305 67.9
    endloop
  endfacet
  facet normal 1 0 0
    outer loop
      vertex 121.6 9.63051 62.9
      vertex 121.6 -4 69.53
      vertex 121.6 -4 64.0925
    endloop
  endfacet
  facet normal 1 0 0
    outer loop
      vertex 121.6 24.1575 65.1221
      vertex 121.6 19.4135 59.2779
      vertex 121.6 24.4135 64.2779
    endloop
  endfacet
  facet normal 1 0 0
    outer loop
      vertex 121.6 23.7416 65.9001
      vertex 121.6 19.4135 59.2779
      vertex 121.6 24.1575 65.1221
    endloop
  endfacet
  facet normal 1 0 0
    outer loop
      vertex 121.6 23.182 66.582
      vertex 121.6 19.4135 59.2779
      vertex 121.6 23.7416 65.9001
    endloop
  endfacet
  facet normal 1 0 0
    outer loop
      vertex 121.6 22.5001 67.1416
      vertex 121.6 19.4135 59.2779
      vertex 121.6 23.182 66.582
    endloop
  endfacet
  facet normal 1 0 0
    outer loop
      vertex 121.6 21.7221 67.5575
      vertex 121.6 19.4135 59.2779
      vertex 121.6 22.5001 67.1416
    endloop
  endfacet
  facet normal 1 0 0
    outer loop
      vertex 121.6 20.8779 67.8135
      vertex 121.6 18.182 61.582
      vertex 121.6 21.7221 67.5575
    endloop
  endfacet
  facet normal 1 0 0
    outer loop
      vertex 121.6 18.182 61.582
      vertex 121.6 20.8779 67.8135
      vertex 121.6 20 67.9
    endloop
  endfacet
  facet normal 1 0 0
    outer loop
      vertex 121.6 24.4135 64.2779
      vertex 121.6 19.4135 59.2779
      vertex 121.6 24.5 63.4
    endloop
  endfacet
  facet normal 1 0 0
    outer loop
      vertex 121.6 24.5 63.4
      vertex 121.6 19.5 58.4
      vertex 121.6 24.5 3
    endloop
  endfacet
  facet normal 1 0 0
    outer loop
      vertex 121.6 24.5 3
      vertex 121.6 19.5 58.4
      vertex 121.6 19.5 3
    endloop
  endfacet
  facet normal 1 0 0
    outer loop
      vertex 121.6 -1.57708 140
      vertex 121.6 -4 140
      vertex 121.6 -2.10201 134
    endloop
  endfacet
  facet normal 1 -0 0
    outer loop
      vertex 121.6 -2.10201 134
      vertex 121.6 -4 91.4458
      vertex 121.6 -0.27699 134
    endloop
  endfacet
  facet normal 1 0 0
    outer loop
      vertex 121.6 -4 91.4458
      vertex 121.6 -2.10201 134
      vertex 121.6 -4 140
    endloop
  endfacet
  facet normal 0 0 -1
    outer loop
      vertex 121.6 19.5 3
      vertex 117 22 3
      vertex 121.6 24.5 3
    endloop
  endfacet
  facet normal 0 0 -1
    outer loop
      vertex 121.6 19.5 3
      vertex 107 22 3
      vertex 117 22 3
    endloop
  endfacet
  facet normal 0 0 -1
    outer loop
      vertex 107 22 3
      vertex 98.2248 24.5 3
      vertex 107 24.5 3
    endloop
  endfacet
  facet normal 0 0 -1
    outer loop
      vertex 107 22 3
      vertex 98.1575 24.2779 3
      vertex 98.2248 24.5 3
    endloop
  endfacet
  facet normal 0 0 -1
    outer loop
      vertex 107 22 3
      vertex 97.7416 23.4999 3
      vertex 98.1575 24.2779 3
    endloop
  endfacet
  facet normal 0 0 -1
    outer loop
      vertex 94.8779 21.5865 3
      vertex 107 22 3
      vertex 121.6 19.5 3
    endloop
  endfacet
  facet normal 0 0 -1
    outer loop
      vertex 107 22 3
      vertex 97.182 22.818 3
      vertex 97.7416 23.4999 3
    endloop
  endfacet
  facet normal 0 0 -1
    outer loop
      vertex 107 22 3
      vertex 96.5001 22.2584 3
      vertex 97.182 22.818 3
    endloop
  endfacet
  facet normal -0 0 -1
    outer loop
      vertex 107 22 3
      vertex 95.7221 21.8425 3
      vertex 96.5001 22.2584 3
    endloop
  endfacet
  facet normal 0 0 -1
    outer loop
      vertex 107 22 3
      vertex 94.8779 21.5865 3
      vertex 95.7221 21.8425 3
    endloop
  endfacet
  facet normal 0 0 -1
    outer loop
      vertex 121.6 19.5 3
      vertex 94 21.5 3
      vertex 94.8779 21.5865 3
    endloop
  endfacet
  facet normal 0 0 -1
    outer loop
      vertex 89.8425 24.2779 3
      vertex 14.2248 24.5 3
      vertex 89.7752 24.5 3
    endloop
  endfacet
  facet normal 0 0 -1
    outer loop
      vertex 14.1575 24.2779 3
      vertex 89.8425 24.2779 3
      vertex 90.2584 23.4999 3
    endloop
  endfacet
  facet normal 0 0 -1
    outer loop
      vertex 13.7416 23.4999 3
      vertex 90.2584 23.4999 3
      vertex 90.818 22.818 3
    endloop
  endfacet
  facet normal 0 0 -1
    outer loop
      vertex 13.182 22.818 3
      vertex 90.818 22.818 3
      vertex 91.4999 22.2584 3
    endloop
  endfacet
  facet normal 0 0 -1
    outer loop
      vertex 12.5001 22.2584 3
      vertex 91.4999 22.2584 3
      vertex 92.2779 21.8425 3
    endloop
  endfacet
  facet normal 0 0 -1
    outer loop
      vertex 11.7221 21.8425 3
      vertex 92.2779 21.8425 3
      vertex 93.1221 21.5865 3
    endloop
  endfacet
  facet normal 0 0 -1
    outer loop
      vertex 2 19.5 3
      vertex 93.1221 21.5865 3
      vertex 94 21.5 3
    endloop
  endfacet
  facet normal 0 0 -1
    outer loop
      vertex 2 19.5 3
      vertex 94 21.5 3
      vertex 121.6 19.5 3
    endloop
  endfacet
  facet normal 0 0 -1
    outer loop
      vertex 89.8425 24.2779 3
      vertex 14.1575 24.2779 3
      vertex 14.2248 24.5 3
    endloop
  endfacet
  facet normal 0 0 -1
    outer loop
      vertex 90.2584 23.4999 3
      vertex 13.7416 23.4999 3
      vertex 14.1575 24.2779 3
    endloop
  endfacet
  facet normal 0 0 -1
    outer loop
      vertex 90.818 22.818 3
      vertex 13.182 22.818 3
      vertex 13.7416 23.4999 3
    endloop
  endfacet
  facet normal 0 0 -1
    outer loop
      vertex 91.4999 22.2584 3
      vertex 12.5001 22.2584 3
      vertex 13.182 22.818 3
    endloop
  endfacet
  facet normal 0 0 -1
    outer loop
      vertex 92.2779 21.8425 3
      vertex 11.7221 21.8425 3
      vertex 12.5001 22.2584 3
    endloop
  endfacet
  facet normal 0 0 -1
    outer loop
      vertex 93.1221 21.5865 3
      vertex 10.8779 21.5865 3
      vertex 11.7221 21.8425 3
    endloop
  endfacet
  facet normal -0 0 -1
    outer loop
      vertex 93.1221 21.5865 3
      vertex 2 19.5 3
      vertex 10.8779 21.5865 3
    endloop
  endfacet
  facet normal 0 0 -1
    outer loop
      vertex 10.8779 21.5865 3
      vertex 2 19.5 3
      vertex 10 21.5 3
    endloop
  endfacet
  facet normal 0 0 -1
    outer loop
      vertex 2 19.5 3
      vertex 9.12209 21.5865 3
      vertex 10 21.5 3
    endloop
  endfacet
  facet normal 0 0 -1
    outer loop
      vertex 2 19.5 3
      vertex 8.27792 21.8425 3
      vertex 9.12209 21.5865 3
    endloop
  endfacet
  facet normal 0 0 -1
    outer loop
      vertex 2 19.5 3
      vertex 7.49993 22.2584 3
      vertex 8.27792 21.8425 3
    endloop
  endfacet
  facet normal 0 0 -1
    outer loop
      vertex 2 19.5 3
      vertex 6.81802 22.818 3
      vertex 7.49993 22.2584 3
    endloop
  endfacet
  facet normal 0 0 -1
    outer loop
      vertex 2 19.5 3
      vertex 6.25839 23.4999 3
      vertex 6.81802 22.818 3
    endloop
  endfacet
  facet normal 0 0 -1
    outer loop
      vertex 2 24.5 3
      vertex 6.25839 23.4999 3
      vertex 2 19.5 3
    endloop
  endfacet
  facet normal 0 0 -1
    outer loop
      vertex 6.25839 23.4999 3
      vertex 2 24.5 3
      vertex 5.84254 24.2779 3
    endloop
  endfacet
  facet normal 0 0 -1
    outer loop
      vertex 5.84254 24.2779 3
      vertex 2 24.5 3
      vertex 5.77518 24.5 3
    endloop
  endfacet
  facet normal -0 0 -1
    outer loop
      vertex 121.6 24.5 3
      vertex 117 22 3
      vertex 117 24.5 3
    endloop
  endfacet
  facet normal 0 -0.087158 -0.996195
    outer loop
      vertex 121.6 -4 69.53
      vertex 123.1 14.6305 67.9
      vertex 123.1 -4 69.53
    endloop
  endfacet
  facet normal -0 -0.087158 -0.996195
    outer loop
      vertex 123.1 14.6305 67.9
      vertex 121.6 -4 69.53
      vertex 121.6 14.6305 67.9
    endloop
  endfacet
  facet normal 0 -0.996195 0.0871557
    outer loop
      vertex 121.6 -0.27699 134
      vertex 121.6 -4 91.4458
      vertex 122.09 -0.27699 134
    endloop
  endfacet
  facet normal 0 -0.996195 0.0871557
    outer loop
      vertex 122.09 -0.27699 134
      vertex 123.1 0.247942 140
      vertex 122.09 0.247942 140
    endloop
  endfacet
  facet normal 0 -0.996195 0.0871557
    outer loop
      vertex 123.1 -4 91.4458
      vertex 122.09 -0.27699 134
      vertex 121.6 -4 91.4458
    endloop
  endfacet
  facet normal 2.67008e-08 -0.996195 0.0871557
    outer loop
      vertex 122.09 -0.27699 134
      vertex 123.1 -4 91.4458
      vertex 123.1 0.247942 140
    endloop
  endfacet
  facet normal 0 -1 0
    outer loop
      vertex 95.3097 24.5 1.5
      vertex 98.2248 24.5 2.9
      vertex 95.3097 24.5 2.9
    endloop
  endfacet
  facet normal 0 -1 0
    outer loop
      vertex 123.1 24.5 1.5
      vertex 107 24.5 2.8
      vertex 95.3097 24.5 1.5
    endloop
  endfacet
  facet normal 0 -1 -0
    outer loop
      vertex 98.2248 24.5 2.9
      vertex 95.3097 24.5 1.5
      vertex 107 24.5 2.8
    endloop
  endfacet
  facet normal 0 -1 0
    outer loop
      vertex 98.2248 24.5 2.9
      vertex 107 24.5 3
      vertex 98.2248 24.5 3
    endloop
  endfacet
  facet normal 0 -1 -0
    outer loop
      vertex 107 24.5 3
      vertex 98.2248 24.5 2.9
      vertex 107 24.5 2.8
    endloop
  endfacet
  facet normal 0 -1 0
    outer loop
      vertex 117 24.5 3
      vertex 117 24.5 2.8
      vertex 121.6 24.5 3
    endloop
  endfacet
  facet normal 0 -1 0
    outer loop
      vertex 121.6 24.5 3
      vertex 123.1 24.5 63.4
      vertex 121.6 24.5 63.4
    endloop
  endfacet
  facet normal 0 -1 0
    outer loop
      vertex 107 24.5 2.8
      vertex 123.1 24.5 1.5
      vertex 117 24.5 2.8
    endloop
  endfacet
  facet normal 0 -1 0
    outer loop
      vertex 121.6 24.5 3
      vertex 123.1 24.5 1.5
      vertex 123.1 24.5 63.4
    endloop
  endfacet
  facet normal 0 -1 0
    outer loop
      vertex 117 24.5 2.8
      vertex 123.1 24.5 1.5
      vertex 121.6 24.5 3
    endloop
  endfacet
  facet normal 0 -1 0
    outer loop
      vertex 2 24.5 3
      vertex 5.77518 24.5 2.9
      vertex 5.77518 24.5 3
    endloop
  endfacet
  facet normal 0 -1 0
    outer loop
      vertex 2 24.5 1.5
      vertex 5.77518 24.5 2.9
      vertex 2 24.5 3
    endloop
  endfacet
  facet normal 0 -1 0
    outer loop
      vertex 8.69032 24.5 1.5
      vertex 5.77518 24.5 2.9
      vertex 2 24.5 1.5
    endloop
  endfacet
  facet normal 0 -1 0
    outer loop
      vertex 5.77518 24.5 2.9
      vertex 8.69032 24.5 1.5
      vertex 8.69032 24.5 2.9
    endloop
  endfacet
  facet normal 0 -1 0
    outer loop
      vertex 11.3097 24.5 1.5
      vertex 14.2248 24.5 2.9
      vertex 11.3097 24.5 2.9
    endloop
  endfacet
  facet normal 0 -1 -0
    outer loop
      vertex 14.2248 24.5 2.9
      vertex 11.3097 24.5 1.5
      vertex 89.7752 24.5 2.9
    endloop
  endfacet
  facet normal 0 -1 0
    outer loop
      vertex 92.6903 24.5 1.5
      vertex 89.7752 24.5 2.9
      vertex 11.3097 24.5 1.5
    endloop
  endfacet
  facet normal 0 -1 0
    outer loop
      vertex 89.7752 24.5 2.9
      vertex 92.6903 24.5 1.5
      vertex 92.6903 24.5 2.9
    endloop
  endfacet
  facet normal 0 -1 0
    outer loop
      vertex 14.2248 24.5 2.9
      vertex 89.7752 24.5 3
      vertex 14.2248 24.5 3
    endloop
  endfacet
  facet normal 0 -1 -0
    outer loop
      vertex 89.7752 24.5 3
      vertex 14.2248 24.5 2.9
      vertex 89.7752 24.5 2.9
    endloop
  endfacet
  facet normal 0 -0.0980558 -0.995181
    outer loop
      vertex 121.6 20 67.9
      vertex 123.1 20.8779 67.8135
      vertex 123.1 20 67.9
    endloop
  endfacet
  facet normal -0 -0.0980558 -0.995181
    outer loop
      vertex 123.1 20.8779 67.8135
      vertex 121.6 20 67.9
      vertex 121.6 20.8779 67.8135
    endloop
  endfacet
  facet normal 0 -0.881898 -0.471441
    outer loop
      vertex 121.6 24.1575 65.1221
      vertex 123.1 23.7416 65.9001
      vertex 121.6 23.7416 65.9001
    endloop
  endfacet
  facet normal 0 -0.881898 -0.471441
    outer loop
      vertex 123.1 23.7416 65.9001
      vertex 121.6 24.1575 65.1221
      vertex 123.1 24.1575 65.1221
    endloop
  endfacet
  facet normal 0 -0.956967 -0.290196
    outer loop
      vertex 121.6 24.4135 64.2779
      vertex 123.1 24.1575 65.1221
      vertex 121.6 24.1575 65.1221
    endloop
  endfacet
  facet normal 0 -0.956967 -0.290196
    outer loop
      vertex 123.1 24.1575 65.1221
      vertex 121.6 24.4135 64.2779
      vertex 123.1 24.4135 64.2779
    endloop
  endfacet
  facet normal 0 0 -1
    outer loop
      vertex 121.6 14.6305 67.9
      vertex 123.1 20 67.9
      vertex 123.1 14.6305 67.9
    endloop
  endfacet
  facet normal -0 0 -1
    outer loop
      vertex 123.1 20 67.9
      vertex 121.6 14.6305 67.9
      vertex 121.6 20 67.9
    endloop
  endfacet
  facet normal 0 -0.634379 -0.773022
    outer loop
      vertex 121.6 22.5001 67.1416
      vertex 123.1 23.182 66.582
      vertex 123.1 22.5001 67.1416
    endloop
  endfacet
  facet normal -0 -0.634379 -0.773022
    outer loop
      vertex 123.1 23.182 66.582
      vertex 121.6 22.5001 67.1416
      vertex 121.6 23.182 66.582
    endloop
  endfacet
  facet normal 0 -0.995181 -0.0980558
    outer loop
      vertex 121.6 24.5 63.4
      vertex 123.1 24.4135 64.2779
      vertex 121.6 24.4135 64.2779
    endloop
  endfacet
  facet normal 0 -0.995181 -0.0980558
    outer loop
      vertex 123.1 24.4135 64.2779
      vertex 121.6 24.5 63.4
      vertex 123.1 24.5 63.4
    endloop
  endfacet
  facet normal 0 -0.773022 -0.634379
    outer loop
      vertex 121.6 23.7416 65.9001
      vertex 123.1 23.182 66.582
      vertex 121.6 23.182 66.582
    endloop
  endfacet
  facet normal 0 -0.773022 -0.634379
    outer loop
      vertex 123.1 23.182 66.582
      vertex 121.6 23.7416 65.9001
      vertex 123.1 23.7416 65.9001
    endloop
  endfacet
  facet normal 0 -0.471441 -0.881898
    outer loop
      vertex 121.6 21.7221 67.5575
      vertex 123.1 22.5001 67.1416
      vertex 123.1 21.7221 67.5575
    endloop
  endfacet
  facet normal -0 -0.471441 -0.881898
    outer loop
      vertex 123.1 22.5001 67.1416
      vertex 121.6 21.7221 67.5575
      vertex 121.6 22.5001 67.1416
    endloop
  endfacet
  facet normal 0 -0.290196 -0.956967
    outer loop
      vertex 121.6 20.8779 67.8135
      vertex 123.1 21.7221 67.5575
      vertex 123.1 20.8779 67.8135
    endloop
  endfacet
  facet normal -0 -0.290196 -0.956967
    outer loop
      vertex 123.1 21.7221 67.5575
      vertex 121.6 20.8779 67.8135
      vertex 121.6 21.7221 67.5575
    endloop
  endfacet
  facet normal -0 0 1
    outer loop
      vertex 2 96.8 10.9
      vertex 104.6 93.8 10.9
      vertex 104.6 96.8 10.9
    endloop
  endfacet
  facet normal 0 0 1
    outer loop
      vertex 104.6 93.8 10.9
      vertex 2 96.8 10.9
      vertex 2 93.8 10.9
    endloop
  endfacet
  facet normal 1 -0 0
    outer loop
      vertex 104.6 93.8 10.9
      vertex 104.6 96.8 3.00722
      vertex 104.6 96.8 10.9
    endloop
  endfacet
  facet normal 1 0 0
    outer loop
      vertex 104.6 96.8 3.00722
      vertex 104.6 93.8 10.9
      vertex 104.6 93.8 3.00722
    endloop
  endfacet
  facet normal 0 1 -0
    outer loop
      vertex 104.6 96.8 3.00722
      vertex 2 96.8 10.9
      vertex 104.6 96.8 10.9
    endloop
  endfacet
  facet normal 0 1 0
    outer loop
      vertex 2 96.8 10.9
      vertex 104.6 96.8 3.00722
      vertex 2 96.8 3.00722
    endloop
  endfacet
  facet normal 0 -1 0
    outer loop
      vertex 2 93.8 3.00722
      vertex 104.6 93.8 10.9
      vertex 2 93.8 10.9
    endloop
  endfacet
  facet normal 0 -1 -0
    outer loop
      vertex 104.6 93.8 10.9
      vertex 2 93.8 3.00722
      vertex 104.6 93.8 3.00722
    endloop
  endfacet
  facet normal 0.995181 0.0980558 0
    outer loop
      vertex 14.5 26 7.5
      vertex 14.4135 26.8779 3.00722
      vertex 14.4135 26.8779 7.5
    endloop
  endfacet
  facet normal 0.995181 0.0980558 0
    outer loop
      vertex 14.4135 26.8779 3.00722
      vertex 14.5 26 7.5
      vertex 14.5 26 3.00722
    endloop
  endfacet
  facet normal -0.0980547 0.995181 0
    outer loop
      vertex 10 30.5 3.00722
      vertex 9.12209 30.4135 7.5
      vertex 10 30.5 7.5
    endloop
  endfacet
  facet normal -0.0980547 0.995181 0
    outer loop
      vertex 9.12209 30.4135 7.5
      vertex 10 30.5 3.00722
      vertex 9.12209 30.4135 3.00722
    endloop
  endfacet
  facet normal 0.634379 0.773022 -0
    outer loop
      vertex 13.182 29.182 3.00722
      vertex 12.5001 29.7416 7.5
      vertex 13.182 29.182 7.5
    endloop
  endfacet
  facet normal 0.634379 0.773022 0
    outer loop
      vertex 12.5001 29.7416 7.5
      vertex 13.182 29.182 3.00722
      vertex 12.5001 29.7416 3.00722
    endloop
  endfacet
  facet normal -0.773005 0.634399 0
    outer loop
      vertex 6.25839 28.5001 3.00722
      vertex 6.81802 29.182 7.5
      vertex 6.81802 29.182 3.00722
    endloop
  endfacet
  facet normal -0.773005 0.634399 0
    outer loop
      vertex 6.81802 29.182 7.5
      vertex 6.25839 28.5001 3.00722
      vertex 6.25839 28.5001 7.5
    endloop
  endfacet
  facet normal -0.471446 0.881895 0
    outer loop
      vertex 8.27792 30.1575 3.00722
      vertex 7.49993 29.7416 7.5
      vertex 8.27792 30.1575 7.5
    endloop
  endfacet
  facet normal -0.471446 0.881895 0
    outer loop
      vertex 7.49993 29.7416 7.5
      vertex 8.27792 30.1575 3.00722
      vertex 7.49993 29.7416 3.00722
    endloop
  endfacet
  facet normal -0.634374 -0.773027 0
    outer loop
      vertex 6.81802 22.818 2.9
      vertex 7.49993 22.2584 3
      vertex 6.81802 22.818 3
    endloop
  endfacet
  facet normal -0.634374 -0.773027 -0
    outer loop
      vertex 7.49993 22.2584 3
      vertex 6.81802 22.818 2.9
      vertex 7.49993 22.2584 2.9
    endloop
  endfacet
  facet normal -0.634374 -0.773027 0
    outer loop
      vertex 6.81802 22.818 3.00722
      vertex 7.49993 22.2584 7.5
      vertex 6.81802 22.818 7.5
    endloop
  endfacet
  facet normal -0.634374 -0.773027 -0
    outer loop
      vertex 7.49993 22.2584 7.5
      vertex 6.81802 22.818 3.00722
      vertex 7.49993 22.2584 3.00722
    endloop
  endfacet
  facet normal 0.881898 0.471441 0
    outer loop
      vertex 14.1575 27.7221 7.5
      vertex 13.7416 28.5001 3.00722
      vertex 13.7416 28.5001 7.5
    endloop
  endfacet
  facet normal 0.881898 0.471441 0
    outer loop
      vertex 13.7416 28.5001 3.00722
      vertex 14.1575 27.7221 7.5
      vertex 14.1575 27.7221 3.00722
    endloop
  endfacet
  facet normal 0.956967 0.290196 0
    outer loop
      vertex 14.4135 26.8779 7.5
      vertex 14.1575 27.7221 3.00722
      vertex 14.1575 27.7221 7.5
    endloop
  endfacet
  facet normal 0.956967 0.290196 0
    outer loop
      vertex 14.1575 27.7221 3.00722
      vertex 14.4135 26.8779 7.5
      vertex 14.4135 26.8779 3.00722
    endloop
  endfacet
  facet normal 0.773022 0.634379 0
    outer loop
      vertex 13.7416 28.5001 7.5
      vertex 13.182 29.182 3.00722
      vertex 13.182 29.182 7.5
    endloop
  endfacet
  facet normal 0.773022 0.634379 0
    outer loop
      vertex 13.182 29.182 3.00722
      vertex 13.7416 28.5001 7.5
      vertex 13.7416 28.5001 3.00722
    endloop
  endfacet
  facet normal 0.290196 0.956967 -0
    outer loop
      vertex 11.7221 30.1575 3.00722
      vertex 10.8779 30.4135 7.5
      vertex 11.7221 30.1575 7.5
    endloop
  endfacet
  facet normal 0.290196 0.956967 0
    outer loop
      vertex 10.8779 30.4135 7.5
      vertex 11.7221 30.1575 3.00722
      vertex 10.8779 30.4135 3.00722
    endloop
  endfacet
  facet normal 0.0980558 0.995181 -0
    outer loop
      vertex 10.8779 30.4135 3.00722
      vertex 10 30.5 7.5
      vertex 10.8779 30.4135 7.5
    endloop
  endfacet
  facet normal 0.0980558 0.995181 0
    outer loop
      vertex 10 30.5 7.5
      vertex 10.8779 30.4135 3.00722
      vertex 10 30.5 3.00722
    endloop
  endfacet
  facet normal 0.471441 0.881898 -0
    outer loop
      vertex 12.5001 29.7416 3.00722
      vertex 11.7221 30.1575 7.5
      vertex 12.5001 29.7416 7.5
    endloop
  endfacet
  facet normal 0.471441 0.881898 0
    outer loop
      vertex 11.7221 30.1575 7.5
      vertex 12.5001 29.7416 3.00722
      vertex 11.7221 30.1575 3.00722
    endloop
  endfacet
  facet normal -0.956945 0.290269 0
    outer loop
      vertex 5.58647 26.8779 3.00722
      vertex 5.84254 27.7221 7.5
      vertex 5.84254 27.7221 3.00722
    endloop
  endfacet
  facet normal -0.956945 0.290269 0
    outer loop
      vertex 5.84254 27.7221 7.5
      vertex 5.58647 26.8779 3.00722
      vertex 5.58647 26.8779 7.5
    endloop
  endfacet
  facet normal 0 0 -1
    outer loop
      vertex 11.3097 24.5 2.9
      vertex 14.1575 24.2779 2.9
      vertex 13.7416 23.4999 2.9
    endloop
  endfacet
  facet normal 0 0 -1
    outer loop
      vertex 11.3097 24.5 2.9
      vertex 13.7416 23.4999 2.9
      vertex 13.182 22.818 2.9
    endloop
  endfacet
  facet normal 0 0 -1
    outer loop
      vertex 11.3097 24.5 2.9
      vertex 13.182 22.818 2.9
      vertex 12.5001 22.2584 2.9
    endloop
  endfacet
  facet normal 0 0 -1
    outer loop
      vertex 11.1111 24.3371 2.9
      vertex 12.5001 22.2584 2.9
      vertex 11.7221 21.8425 2.9
    endloop
  endfacet
  facet normal 0 0 -1
    outer loop
      vertex 14.1575 24.2779 2.9
      vertex 11.3097 24.5 2.9
      vertex 14.2248 24.5 2.9
    endloop
  endfacet
  facet normal 0 0 -1
    outer loop
      vertex 12.5001 22.2584 2.9
      vertex 11.1111 24.3371 2.9
      vertex 11.3097 24.5 2.9
    endloop
  endfacet
  facet normal 0 0 -1
    outer loop
      vertex 10.7654 24.1522 2.9
      vertex 11.7221 21.8425 2.9
      vertex 10.8779 21.5865 2.9
    endloop
  endfacet
  facet normal 0 0 -1
    outer loop
      vertex 11.7221 21.8425 2.9
      vertex 10.7654 24.1522 2.9
      vertex 11.1111 24.3371 2.9
    endloop
  endfacet
  facet normal 0 0 -1
    outer loop
      vertex 10.8779 21.5865 2.9
      vertex 10.3902 24.0384 2.9
      vertex 10.7654 24.1522 2.9
    endloop
  endfacet
  facet normal 0 0 -1
    outer loop
      vertex 10 21.5 2.9
      vertex 10.3902 24.0384 2.9
      vertex 10.8779 21.5865 2.9
    endloop
  endfacet
  facet normal 0 0 -1
    outer loop
      vertex 10 21.5 2.9
      vertex 10 24 2.9
      vertex 10.3902 24.0384 2.9
    endloop
  endfacet
  facet normal 0 0 -1
    outer loop
      vertex 10 21.5 2.9
      vertex 9.60982 24.0384 2.9
      vertex 10 24 2.9
    endloop
  endfacet
  facet normal 0 0 -1
    outer loop
      vertex 9.12209 21.5865 2.9
      vertex 9.60982 24.0384 2.9
      vertex 10 21.5 2.9
    endloop
  endfacet
  facet normal -0 0 -1
    outer loop
      vertex 9.60982 24.0384 2.9
      vertex 9.12209 21.5865 2.9
      vertex 9.23463 24.1522 2.9
    endloop
  endfacet
  facet normal 0 0 -1
    outer loop
      vertex 8.27792 21.8425 2.9
      vertex 9.23463 24.1522 2.9
      vertex 9.12209 21.5865 2.9
    endloop
  endfacet
  facet normal -0 0 -1
    outer loop
      vertex 9.23463 24.1522 2.9
      vertex 8.27792 21.8425 2.9
      vertex 8.88886 24.3371 2.9
    endloop
  endfacet
  facet normal 0 0 -1
    outer loop
      vertex 7.49993 22.2584 2.9
      vertex 8.88886 24.3371 2.9
      vertex 8.27792 21.8425 2.9
    endloop
  endfacet
  facet normal -0 0 -1
    outer loop
      vertex 8.88886 24.3371 2.9
      vertex 7.49993 22.2584 2.9
      vertex 8.69032 24.5 2.9
    endloop
  endfacet
  facet normal 0 0 -1
    outer loop
      vertex 6.81802 22.818 2.9
      vertex 8.69032 24.5 2.9
      vertex 7.49993 22.2584 2.9
    endloop
  endfacet
  facet normal 0 0 -1
    outer loop
      vertex 6.25839 23.4999 2.9
      vertex 8.69032 24.5 2.9
      vertex 6.81802 22.818 2.9
    endloop
  endfacet
  facet normal 0 0 -1
    outer loop
      vertex 5.84254 24.2779 2.9
      vertex 8.69032 24.5 2.9
      vertex 6.25839 23.4999 2.9
    endloop
  endfacet
  facet normal -0 0 -1
    outer loop
      vertex 8.69032 24.5 2.9
      vertex 5.84254 24.2779 2.9
      vertex 5.77518 24.5 2.9
    endloop
  endfacet
  facet normal -0.881921 0.471397 0
    outer loop
      vertex 5.84254 27.7221 3.00722
      vertex 6.25839 28.5001 7.5
      vertex 6.25839 28.5001 3.00722
    endloop
  endfacet
  facet normal -0.881921 0.471397 0
    outer loop
      vertex 6.25839 28.5001 7.5
      vertex 5.84254 27.7221 3.00722
      vertex 5.84254 27.7221 7.5
    endloop
  endfacet
  facet normal -0.995184 0.0980221 0
    outer loop
      vertex 5.5 26 3.00722
      vertex 5.58647 26.8779 7.5
      vertex 5.58647 26.8779 3.00722
    endloop
  endfacet
  facet normal -0.995184 0.0980221 0
    outer loop
      vertex 5.58647 26.8779 7.5
      vertex 5.5 26 3.00722
      vertex 5.5 26 7.5
    endloop
  endfacet
  facet normal 0 0 1
    outer loop
      vertex 12 26 7.5
      vertex 14.5 26 7.5
      vertex 14.4135 26.8779 7.5
    endloop
  endfacet
  facet normal 0 0 1
    outer loop
      vertex 11.9616 26.3902 7.5
      vertex 14.4135 26.8779 7.5
      vertex 14.1575 27.7221 7.5
    endloop
  endfacet
  facet normal 0 0 1
    outer loop
      vertex 14.5 26 7.5
      vertex 12 26 7.5
      vertex 14.4135 25.1221 7.5
    endloop
  endfacet
  facet normal 0 0 1
    outer loop
      vertex 11.8478 26.7654 7.5
      vertex 14.1575 27.7221 7.5
      vertex 13.7416 28.5001 7.5
    endloop
  endfacet
  facet normal -0 0 1
    outer loop
      vertex 11.9616 25.6098 7.5
      vertex 14.4135 25.1221 7.5
      vertex 12 26 7.5
    endloop
  endfacet
  facet normal 0 0 1
    outer loop
      vertex 11.6629 27.1111 7.5
      vertex 13.7416 28.5001 7.5
      vertex 13.182 29.182 7.5
    endloop
  endfacet
  facet normal 0 0 1
    outer loop
      vertex 14.4135 25.1221 7.5
      vertex 11.9616 25.6098 7.5
      vertex 14.1575 24.2779 7.5
    endloop
  endfacet
  facet normal 0 0 1
    outer loop
      vertex 11.4142 27.4142 7.5
      vertex 13.182 29.182 7.5
      vertex 12.5001 29.7416 7.5
    endloop
  endfacet
  facet normal -0 0 1
    outer loop
      vertex 11.8478 25.2346 7.5
      vertex 14.1575 24.2779 7.5
      vertex 11.9616 25.6098 7.5
    endloop
  endfacet
  facet normal 0 0 1
    outer loop
      vertex 14.1575 24.2779 7.5
      vertex 11.8478 25.2346 7.5
      vertex 13.7416 23.4999 7.5
    endloop
  endfacet
  facet normal 0 0 1
    outer loop
      vertex 14.4135 26.8779 7.5
      vertex 11.9616 26.3902 7.5
      vertex 12 26 7.5
    endloop
  endfacet
  facet normal 0 0 1
    outer loop
      vertex 14.1575 27.7221 7.5
      vertex 11.8478 26.7654 7.5
      vertex 11.9616 26.3902 7.5
    endloop
  endfacet
  facet normal 0 0 1
    outer loop
      vertex 11.1111 27.6629 7.5
      vertex 12.5001 29.7416 7.5
      vertex 11.7221 30.1575 7.5
    endloop
  endfacet
  facet normal 0 0 1
    outer loop
      vertex 13.7416 28.5001 7.5
      vertex 11.6629 27.1111 7.5
      vertex 11.8478 26.7654 7.5
    endloop
  endfacet
  facet normal 0 0 1
    outer loop
      vertex 13.182 29.182 7.5
      vertex 11.4142 27.4142 7.5
      vertex 11.6629 27.1111 7.5
    endloop
  endfacet
  facet normal 0 0 1
    outer loop
      vertex 12.5001 29.7416 7.5
      vertex 11.1111 27.6629 7.5
      vertex 11.4142 27.4142 7.5
    endloop
  endfacet
  facet normal 0 0 1
    outer loop
      vertex 10.7654 27.8478 7.5
      vertex 11.7221 30.1575 7.5
      vertex 10.8779 30.4135 7.5
    endloop
  endfacet
  facet normal 0 0 1
    outer loop
      vertex 11.7221 30.1575 7.5
      vertex 10.7654 27.8478 7.5
      vertex 11.1111 27.6629 7.5
    endloop
  endfacet
  facet normal 0 0 1
    outer loop
      vertex 10.8779 30.4135 7.5
      vertex 10.3902 27.9616 7.5
      vertex 10.7654 27.8478 7.5
    endloop
  endfacet
  facet normal 0 0 1
    outer loop
      vertex 10 30.5 7.5
      vertex 10.3902 27.9616 7.5
      vertex 10.8779 30.4135 7.5
    endloop
  endfacet
  facet normal 0 0 1
    outer loop
      vertex 10 30.5 7.5
      vertex 10 28 7.5
      vertex 10.3902 27.9616 7.5
    endloop
  endfacet
  facet normal 0 0 1
    outer loop
      vertex 10 30.5 7.5
      vertex 9.60982 27.9616 7.5
      vertex 10 28 7.5
    endloop
  endfacet
  facet normal -0 0 1
    outer loop
      vertex 9.12209 30.4135 7.5
      vertex 9.60982 27.9616 7.5
      vertex 10 30.5 7.5
    endloop
  endfacet
  facet normal 0 0 1
    outer loop
      vertex 9.60982 27.9616 7.5
      vertex 9.12209 30.4135 7.5
      vertex 9.23463 27.8478 7.5
    endloop
  endfacet
  facet normal -0 0 1
    outer loop
      vertex 8.27792 30.1575 7.5
      vertex 9.23463 27.8478 7.5
      vertex 9.12209 30.4135 7.5
    endloop
  endfacet
  facet normal 0 0 1
    outer loop
      vertex 9.23463 27.8478 7.5
      vertex 8.27792 30.1575 7.5
      vertex 8.88886 27.6629 7.5
    endloop
  endfacet
  facet normal -0 0 1
    outer loop
      vertex 7.49993 29.7416 7.5
      vertex 8.88886 27.6629 7.5
      vertex 8.27792 30.1575 7.5
    endloop
  endfacet
  facet normal 0 0 1
    outer loop
      vertex 8.88886 27.6629 7.5
      vertex 7.49993 29.7416 7.5
      vertex 8.58579 27.4142 7.5
    endloop
  endfacet
  facet normal -0 0 1
    outer loop
      vertex 6.81802 29.182 7.5
      vertex 8.58579 27.4142 7.5
      vertex 7.49993 29.7416 7.5
    endloop
  endfacet
  facet normal 0 0 1
    outer loop
      vertex 8.58579 27.4142 7.5
      vertex 6.81802 29.182 7.5
      vertex 8.33706 27.1111 7.5
    endloop
  endfacet
  facet normal -0 0 1
    outer loop
      vertex 6.25839 28.5001 7.5
      vertex 8.33706 27.1111 7.5
      vertex 6.81802 29.182 7.5
    endloop
  endfacet
  facet normal 0 0 1
    outer loop
      vertex 8.33706 27.1111 7.5
      vertex 6.25839 28.5001 7.5
      vertex 8.15224 26.7654 7.5
    endloop
  endfacet
  facet normal -0 0 1
    outer loop
      vertex 11.6629 24.8889 7.5
      vertex 13.7416 23.4999 7.5
      vertex 11.8478 25.2346 7.5
    endloop
  endfacet
  facet normal 0 0 1
    outer loop
      vertex 13.7416 23.4999 7.5
      vertex 11.6629 24.8889 7.5
      vertex 13.182 22.818 7.5
    endloop
  endfacet
  facet normal -0 0 1
    outer loop
      vertex 11.4142 24.5858 7.5
      vertex 13.182 22.818 7.5
      vertex 11.6629 24.8889 7.5
    endloop
  endfacet
  facet normal 0 0 1
    outer loop
      vertex 13.182 22.818 7.5
      vertex 11.4142 24.5858 7.5
      vertex 12.5001 22.2584 7.5
    endloop
  endfacet
  facet normal -0 0 1
    outer loop
      vertex 11.1111 24.3371 7.5
      vertex 12.5001 22.2584 7.5
      vertex 11.4142 24.5858 7.5
    endloop
  endfacet
  facet normal 0 0 1
    outer loop
      vertex 12.5001 22.2584 7.5
      vertex 11.1111 24.3371 7.5
      vertex 11.7221 21.8425 7.5
    endloop
  endfacet
  facet normal -0 0 1
    outer loop
      vertex 10.7654 24.1522 7.5
      vertex 11.7221 21.8425 7.5
      vertex 11.1111 24.3371 7.5
    endloop
  endfacet
  facet normal 0 0 1
    outer loop
      vertex 11.7221 21.8425 7.5
      vertex 10.7654 24.1522 7.5
      vertex 10.8779 21.5865 7.5
    endloop
  endfacet
  facet normal -0 0 1
    outer loop
      vertex 10.3902 24.0384 7.5
      vertex 10.8779 21.5865 7.5
      vertex 10.7654 24.1522 7.5
    endloop
  endfacet
  facet normal -0 0 1
    outer loop
      vertex 10 24 7.5
      vertex 10.8779 21.5865 7.5
      vertex 10.3902 24.0384 7.5
    endloop
  endfacet
  facet normal 0 0 1
    outer loop
      vertex 10 24 7.5
      vertex 10 21.5 7.5
      vertex 10.8779 21.5865 7.5
    endloop
  endfacet
  facet normal 0 0 1
    outer loop
      vertex 9.60982 24.0384 7.5
      vertex 10 21.5 7.5
      vertex 10 24 7.5
    endloop
  endfacet
  facet normal 0 0 1
    outer loop
      vertex 9.12209 21.5865 7.5
      vertex 9.60982 24.0384 7.5
      vertex 9.23463 24.1522 7.5
    endloop
  endfacet
  facet normal 0 0 1
    outer loop
      vertex 9.60982 24.0384 7.5
      vertex 9.12209 21.5865 7.5
      vertex 10 21.5 7.5
    endloop
  endfacet
  facet normal 0 0 1
    outer loop
      vertex 8.27792 21.8425 7.5
      vertex 9.23463 24.1522 7.5
      vertex 8.88886 24.3371 7.5
    endloop
  endfacet
  facet normal 0 0 1
    outer loop
      vertex 7.49993 22.2584 7.5
      vertex 8.88886 24.3371 7.5
      vertex 8.58579 24.5858 7.5
    endloop
  endfacet
  facet normal 0 0 1
    outer loop
      vertex 6.81802 22.818 7.5
      vertex 8.58579 24.5858 7.5
      vertex 8.33706 24.8889 7.5
    endloop
  endfacet
  facet normal 0 0 1
    outer loop
      vertex 9.23463 24.1522 7.5
      vertex 8.27792 21.8425 7.5
      vertex 9.12209 21.5865 7.5
    endloop
  endfacet
  facet normal 0 0 1
    outer loop
      vertex 6.25839 23.4999 7.5
      vertex 8.33706 24.8889 7.5
      vertex 8.15224 25.2346 7.5
    endloop
  endfacet
  facet normal 0 0 1
    outer loop
      vertex 5.84254 24.2779 7.5
      vertex 8.15224 25.2346 7.5
      vertex 8.03843 25.6098 7.5
    endloop
  endfacet
  facet normal 0 0 1
    outer loop
      vertex 5.58647 25.1221 7.5
      vertex 8.03843 25.6098 7.5
      vertex 8 26 7.5
    endloop
  endfacet
  facet normal -0 0 1
    outer loop
      vertex 5.84254 27.7221 7.5
      vertex 8.15224 26.7654 7.5
      vertex 6.25839 28.5001 7.5
    endloop
  endfacet
  facet normal 0 0 1
    outer loop
      vertex 8.88886 24.3371 7.5
      vertex 7.49993 22.2584 7.5
      vertex 8.27792 21.8425 7.5
    endloop
  endfacet
  facet normal 0 0 1
    outer loop
      vertex 8.15224 26.7654 7.5
      vertex 5.84254 27.7221 7.5
      vertex 8.03843 26.3902 7.5
    endloop
  endfacet
  facet normal 0 0 1
    outer loop
      vertex 8.58579 24.5858 7.5
      vertex 6.81802 22.818 7.5
      vertex 7.49993 22.2584 7.5
    endloop
  endfacet
  facet normal -0 0 1
    outer loop
      vertex 5.58647 26.8779 7.5
      vertex 8.03843 26.3902 7.5
      vertex 5.84254 27.7221 7.5
    endloop
  endfacet
  facet normal 0 0 1
    outer loop
      vertex 8.33706 24.8889 7.5
      vertex 6.25839 23.4999 7.5
      vertex 6.81802 22.818 7.5
    endloop
  endfacet
  facet normal 0 0 1
    outer loop
      vertex 8.03843 26.3902 7.5
      vertex 5.58647 26.8779 7.5
      vertex 8 26 7.5
    endloop
  endfacet
  facet normal 0 0 1
    outer loop
      vertex 8.15224 25.2346 7.5
      vertex 5.84254 24.2779 7.5
      vertex 6.25839 23.4999 7.5
    endloop
  endfacet
  facet normal 0 0 1
    outer loop
      vertex 5.5 26 7.5
      vertex 8 26 7.5
      vertex 5.58647 26.8779 7.5
    endloop
  endfacet
  facet normal 0 0 1
    outer loop
      vertex 8.03843 25.6098 7.5
      vertex 5.58647 25.1221 7.5
      vertex 5.84254 24.2779 7.5
    endloop
  endfacet
  facet normal 0 0 1
    outer loop
      vertex 8 26 7.5
      vertex 5.5 26 7.5
      vertex 5.58647 25.1221 7.5
    endloop
  endfacet
  facet normal -0.634374 0.773027 0
    outer loop
      vertex 7.49993 29.7416 3.00722
      vertex 6.81802 29.182 7.5
      vertex 7.49993 29.7416 7.5
    endloop
  endfacet
  facet normal -0.634374 0.773027 0
    outer loop
      vertex 6.81802 29.182 7.5
      vertex 7.49993 29.7416 3.00722
      vertex 6.81802 29.182 3.00722
    endloop
  endfacet
  facet normal -0.290206 0.956964 0
    outer loop
      vertex 9.12209 30.4135 3.00722
      vertex 8.27792 30.1575 7.5
      vertex 9.12209 30.4135 7.5
    endloop
  endfacet
  facet normal -0.290206 0.956964 0
    outer loop
      vertex 8.27792 30.1575 7.5
      vertex 9.12209 30.4135 3.00722
      vertex 8.27792 30.1575 3.00722
    endloop
  endfacet
  facet normal 0.995181 -0.0980558 0
    outer loop
      vertex 14.4135 25.1221 7.5
      vertex 14.5 26 3.00722
      vertex 14.5 26 7.5
    endloop
  endfacet
  facet normal 0.995181 -0.0980558 0
    outer loop
      vertex 14.5 26 3.00722
      vertex 14.4135 25.1221 7.5
      vertex 14.4135 25.1221 3.00722
    endloop
  endfacet
  facet normal 0.290196 -0.956967 0
    outer loop
      vertex 10.8779 21.5865 2.9
      vertex 11.7221 21.8425 3
      vertex 10.8779 21.5865 3
    endloop
  endfacet
  facet normal 0.290196 -0.956967 0
    outer loop
      vertex 11.7221 21.8425 3
      vertex 10.8779 21.5865 2.9
      vertex 11.7221 21.8425 2.9
    endloop
  endfacet
  facet normal 0.290196 -0.956967 0
    outer loop
      vertex 10.8779 21.5865 3.00722
      vertex 11.7221 21.8425 7.5
      vertex 10.8779 21.5865 7.5
    endloop
  endfacet
  facet normal 0.290196 -0.956967 0
    outer loop
      vertex 11.7221 21.8425 7.5
      vertex 10.8779 21.5865 3.00722
      vertex 11.7221 21.8425 3.00722
    endloop
  endfacet
  facet normal 0.634379 -0.773022 0
    outer loop
      vertex 12.5001 22.2584 2.9
      vertex 13.182 22.818 3
      vertex 12.5001 22.2584 3
    endloop
  endfacet
  facet normal 0.634379 -0.773022 0
    outer loop
      vertex 13.182 22.818 3
      vertex 12.5001 22.2584 2.9
      vertex 13.182 22.818 2.9
    endloop
  endfacet
  facet normal 0.634379 -0.773022 0
    outer loop
      vertex 12.5001 22.2584 3.00722
      vertex 13.182 22.818 7.5
      vertex 12.5001 22.2584 7.5
    endloop
  endfacet
  facet normal 0.634379 -0.773022 0
    outer loop
      vertex 13.182 22.818 7.5
      vertex 12.5001 22.2584 3.00722
      vertex 13.182 22.818 3.00722
    endloop
  endfacet
  facet normal -0.471446 -0.881895 0
    outer loop
      vertex 7.49993 22.2584 2.9
      vertex 8.27792 21.8425 3
      vertex 7.49993 22.2584 3
    endloop
  endfacet
  facet normal -0.471446 -0.881895 -0
    outer loop
      vertex 8.27792 21.8425 3
      vertex 7.49993 22.2584 2.9
      vertex 8.27792 21.8425 2.9
    endloop
  endfacet
  facet normal -0.471446 -0.881895 0
    outer loop
      vertex 7.49993 22.2584 3.00722
      vertex 8.27792 21.8425 7.5
      vertex 7.49993 22.2584 7.5
    endloop
  endfacet
  facet normal -0.471446 -0.881895 -0
    outer loop
      vertex 8.27792 21.8425 7.5
      vertex 7.49993 22.2584 3.00722
      vertex 8.27792 21.8425 3.00722
    endloop
  endfacet
  facet normal -0.0980547 -0.995181 0
    outer loop
      vertex 9.12209 21.5865 2.9
      vertex 10 21.5 3
      vertex 9.12209 21.5865 3
    endloop
  endfacet
  facet normal -0.0980547 -0.995181 -0
    outer loop
      vertex 10 21.5 3
      vertex 9.12209 21.5865 2.9
      vertex 10 21.5 2.9
    endloop
  endfacet
  facet normal -0.0980547 -0.995181 0
    outer loop
      vertex 9.12209 21.5865 3.00722
      vertex 10 21.5 7.5
      vertex 9.12209 21.5865 7.5
    endloop
  endfacet
  facet normal -0.0980547 -0.995181 -0
    outer loop
      vertex 10 21.5 7.5
      vertex 9.12209 21.5865 3.00722
      vertex 10 21.5 3.00722
    endloop
  endfacet
  facet normal -0.956945 -0.290269 0
    outer loop
      vertex 5.84254 24.2779 3.00722
      vertex 5.58647 25.1221 7.5
      vertex 5.58647 25.1221 3.00722
    endloop
  endfacet
  facet normal -0.956945 -0.290269 0
    outer loop
      vertex 5.58647 25.1221 7.5
      vertex 5.84254 24.2779 3.00722
      vertex 5.84254 24.2779 7.5
    endloop
  endfacet
  facet normal -0.956956 -0.290232 0
    outer loop
      vertex 5.84254 24.2779 2.9
      vertex 5.77518 24.5 3
      vertex 5.77518 24.5 2.9
    endloop
  endfacet
  facet normal -0.956956 -0.290232 0
    outer loop
      vertex 5.77518 24.5 3
      vertex 5.84254 24.2779 2.9
      vertex 5.84254 24.2779 3
    endloop
  endfacet
  facet normal -0.773005 -0.634399 0
    outer loop
      vertex 6.81802 22.818 2.9
      vertex 6.25839 23.4999 3
      vertex 6.25839 23.4999 2.9
    endloop
  endfacet
  facet normal -0.773005 -0.634399 0
    outer loop
      vertex 6.25839 23.4999 3
      vertex 6.81802 22.818 2.9
      vertex 6.81802 22.818 3
    endloop
  endfacet
  facet normal -0.773005 -0.634399 0
    outer loop
      vertex 6.81802 22.818 3.00722
      vertex 6.25839 23.4999 7.5
      vertex 6.25839 23.4999 3.00722
    endloop
  endfacet
  facet normal -0.773005 -0.634399 0
    outer loop
      vertex 6.25839 23.4999 7.5
      vertex 6.81802 22.818 3.00722
      vertex 6.81802 22.818 7.5
    endloop
  endfacet
  facet normal -0.881921 -0.471397 0
    outer loop
      vertex 6.25839 23.4999 3.00722
      vertex 5.84254 24.2779 7.5
      vertex 5.84254 24.2779 3.00722
    endloop
  endfacet
  facet normal -0.881921 -0.471397 0
    outer loop
      vertex 5.84254 24.2779 7.5
      vertex 6.25839 23.4999 3.00722
      vertex 6.25839 23.4999 7.5
    endloop
  endfacet
  facet normal -0.881921 -0.471397 0
    outer loop
      vertex 6.25839 23.4999 2.9
      vertex 5.84254 24.2779 3
      vertex 5.84254 24.2779 2.9
    endloop
  endfacet
  facet normal -0.881921 -0.471397 0
    outer loop
      vertex 5.84254 24.2779 3
      vertex 6.25839 23.4999 2.9
      vertex 6.25839 23.4999 3
    endloop
  endfacet
  facet normal -0.995184 -0.0980221 0
    outer loop
      vertex 5.58647 25.1221 3.00722
      vertex 5.5 26 7.5
      vertex 5.5 26 3.00722
    endloop
  endfacet
  facet normal -0.995184 -0.0980221 0
    outer loop
      vertex 5.5 26 7.5
      vertex 5.58647 25.1221 3.00722
      vertex 5.58647 25.1221 7.5
    endloop
  endfacet
  facet normal 0.471441 -0.881898 0
    outer loop
      vertex 11.7221 21.8425 2.9
      vertex 12.5001 22.2584 3
      vertex 11.7221 21.8425 3
    endloop
  endfacet
  facet normal 0.471441 -0.881898 0
    outer loop
      vertex 12.5001 22.2584 3
      vertex 11.7221 21.8425 2.9
      vertex 12.5001 22.2584 2.9
    endloop
  endfacet
  facet normal 0.471441 -0.881898 0
    outer loop
      vertex 11.7221 21.8425 3.00722
      vertex 12.5001 22.2584 7.5
      vertex 11.7221 21.8425 7.5
    endloop
  endfacet
  facet normal 0.471441 -0.881898 0
    outer loop
      vertex 12.5001 22.2584 7.5
      vertex 11.7221 21.8425 3.00722
      vertex 12.5001 22.2584 3.00722
    endloop
  endfacet
  facet normal 0.773022 -0.634379 0
    outer loop
      vertex 13.182 22.818 3
      vertex 13.7416 23.4999 2.9
      vertex 13.7416 23.4999 3
    endloop
  endfacet
  facet normal 0.773022 -0.634379 0
    outer loop
      vertex 13.7416 23.4999 2.9
      vertex 13.182 22.818 3
      vertex 13.182 22.818 2.9
    endloop
  endfacet
  facet normal 0.773022 -0.634379 0
    outer loop
      vertex 13.182 22.818 7.5
      vertex 13.7416 23.4999 3.00722
      vertex 13.7416 23.4999 7.5
    endloop
  endfacet
  facet normal 0.773022 -0.634379 0
    outer loop
      vertex 13.7416 23.4999 3.00722
      vertex 13.182 22.818 7.5
      vertex 13.182 22.818 3.00722
    endloop
  endfacet
  facet normal 0.957028 -0.289995 0
    outer loop
      vertex 14.1575 24.2779 3
      vertex 14.2248 24.5 2.9
      vertex 14.2248 24.5 3
    endloop
  endfacet
  facet normal 0.957028 -0.289995 0
    outer loop
      vertex 14.2248 24.5 2.9
      vertex 14.1575 24.2779 3
      vertex 14.1575 24.2779 2.9
    endloop
  endfacet
  facet normal 0.956967 -0.290196 0
    outer loop
      vertex 14.1575 24.2779 7.5
      vertex 14.4135 25.1221 3.00722
      vertex 14.4135 25.1221 7.5
    endloop
  endfacet
  facet normal 0.956967 -0.290196 0
    outer loop
      vertex 14.4135 25.1221 3.00722
      vertex 14.1575 24.2779 7.5
      vertex 14.1575 24.2779 3.00722
    endloop
  endfacet
  facet normal 0.881898 -0.471441 0
    outer loop
      vertex 13.7416 23.4999 3
      vertex 14.1575 24.2779 2.9
      vertex 14.1575 24.2779 3
    endloop
  endfacet
  facet normal 0.881898 -0.471441 0
    outer loop
      vertex 14.1575 24.2779 2.9
      vertex 13.7416 23.4999 3
      vertex 13.7416 23.4999 2.9
    endloop
  endfacet
  facet normal 0.881898 -0.471441 0
    outer loop
      vertex 13.7416 23.4999 7.5
      vertex 14.1575 24.2779 3.00722
      vertex 14.1575 24.2779 7.5
    endloop
  endfacet
  facet normal 0.881898 -0.471441 0
    outer loop
      vertex 14.1575 24.2779 3.00722
      vertex 13.7416 23.4999 7.5
      vertex 13.7416 23.4999 3.00722
    endloop
  endfacet
  facet normal -0.290206 -0.956964 0
    outer loop
      vertex 8.27792 21.8425 2.9
      vertex 9.12209 21.5865 3
      vertex 8.27792 21.8425 3
    endloop
  endfacet
  facet normal -0.290206 -0.956964 -0
    outer loop
      vertex 9.12209 21.5865 3
      vertex 8.27792 21.8425 2.9
      vertex 9.12209 21.5865 2.9
    endloop
  endfacet
  facet normal -0.290206 -0.956964 0
    outer loop
      vertex 8.27792 21.8425 3.00722
      vertex 9.12209 21.5865 7.5
      vertex 8.27792 21.8425 7.5
    endloop
  endfacet
  facet normal -0.290206 -0.956964 -0
    outer loop
      vertex 9.12209 21.5865 7.5
      vertex 8.27792 21.8425 3.00722
      vertex 9.12209 21.5865 3.00722
    endloop
  endfacet
  facet normal 0.0980558 -0.995181 0
    outer loop
      vertex 10 21.5 2.9
      vertex 10.8779 21.5865 3
      vertex 10 21.5 3
    endloop
  endfacet
  facet normal 0.0980558 -0.995181 0
    outer loop
      vertex 10.8779 21.5865 3
      vertex 10 21.5 2.9
      vertex 10.8779 21.5865 2.9
    endloop
  endfacet
  facet normal 0.0980558 -0.995181 0
    outer loop
      vertex 10 21.5 3.00722
      vertex 10.8779 21.5865 7.5
      vertex 10 21.5 7.5
    endloop
  endfacet
  facet normal 0.0980558 -0.995181 0
    outer loop
      vertex 10.8779 21.5865 7.5
      vertex 10 21.5 3.00722
      vertex 10.8779 21.5865 3.00722
    endloop
  endfacet
  facet normal 0.995181 0.0980558 0
    outer loop
      vertex 14.5 88 7.5
      vertex 14.4135 88.8779 3.00722
      vertex 14.4135 88.8779 7.5
    endloop
  endfacet
  facet normal 0.995181 0.0980558 0
    outer loop
      vertex 14.4135 88.8779 3.00722
      vertex 14.5 88 7.5
      vertex 14.5 88 3.00722
    endloop
  endfacet
  facet normal -0.0980547 0.995181 0
    outer loop
      vertex 10 92.5 3.00722
      vertex 9.12209 92.4135 7.5
      vertex 10 92.5 7.5
    endloop
  endfacet
  facet normal -0.0980547 0.995181 0
    outer loop
      vertex 9.12209 92.4135 7.5
      vertex 10 92.5 3.00722
      vertex 9.12209 92.4135 3.00722
    endloop
  endfacet
  facet normal 0.634379 0.773022 -0
    outer loop
      vertex 13.182 91.182 3.00722
      vertex 12.5001 91.7416 7.5
      vertex 13.182 91.182 7.5
    endloop
  endfacet
  facet normal 0.634379 0.773022 0
    outer loop
      vertex 12.5001 91.7416 7.5
      vertex 13.182 91.182 3.00722
      vertex 12.5001 91.7416 3.00722
    endloop
  endfacet
  facet normal -0.773005 0.634399 0
    outer loop
      vertex 6.25839 90.5001 3.00722
      vertex 6.81802 91.182 7.5
      vertex 6.81802 91.182 3.00722
    endloop
  endfacet
  facet normal -0.773005 0.634399 0
    outer loop
      vertex 6.81802 91.182 7.5
      vertex 6.25839 90.5001 3.00722
      vertex 6.25839 90.5001 7.5
    endloop
  endfacet
  facet normal -0.471446 0.881895 0
    outer loop
      vertex 8.27792 92.1575 3.00722
      vertex 7.49993 91.7416 7.5
      vertex 8.27792 92.1575 7.5
    endloop
  endfacet
  facet normal -0.471446 0.881895 0
    outer loop
      vertex 7.49993 91.7416 7.5
      vertex 8.27792 92.1575 3.00722
      vertex 7.49993 91.7416 3.00722
    endloop
  endfacet
  facet normal 0.773022 -0.634379 0
    outer loop
      vertex 13.182 84.818 7.5
      vertex 13.7416 85.4999 3.00722
      vertex 13.7416 85.4999 7.5
    endloop
  endfacet
  facet normal 0.773022 -0.634379 0
    outer loop
      vertex 13.7416 85.4999 3.00722
      vertex 13.182 84.818 7.5
      vertex 13.182 84.818 3.00722
    endloop
  endfacet
  facet normal 0.881898 -0.471441 0
    outer loop
      vertex 13.7416 85.4999 7.5
      vertex 14.1575 86.2779 3.00722
      vertex 14.1575 86.2779 7.5
    endloop
  endfacet
  facet normal 0.881898 -0.471441 0
    outer loop
      vertex 14.1575 86.2779 3.00722
      vertex 13.7416 85.4999 7.5
      vertex 13.7416 85.4999 3.00722
    endloop
  endfacet
  facet normal -0.634374 -0.773027 0
    outer loop
      vertex 6.81802 84.818 3.00722
      vertex 7.49993 84.2584 7.5
      vertex 6.81802 84.818 7.5
    endloop
  endfacet
  facet normal -0.634374 -0.773027 -0
    outer loop
      vertex 7.49993 84.2584 7.5
      vertex 6.81802 84.818 3.00722
      vertex 7.49993 84.2584 3.00722
    endloop
  endfacet
  facet normal 0.881898 0.471441 0
    outer loop
      vertex 14.1575 89.7221 7.5
      vertex 13.7416 90.5001 3.00722
      vertex 13.7416 90.5001 7.5
    endloop
  endfacet
  facet normal 0.881898 0.471441 0
    outer loop
      vertex 13.7416 90.5001 3.00722
      vertex 14.1575 89.7221 7.5
      vertex 14.1575 89.7221 3.00722
    endloop
  endfacet
  facet normal 0.956967 0.290196 0
    outer loop
      vertex 14.4135 88.8779 7.5
      vertex 14.1575 89.7221 3.00722
      vertex 14.1575 89.7221 7.5
    endloop
  endfacet
  facet normal 0.956967 0.290196 0
    outer loop
      vertex 14.1575 89.7221 3.00722
      vertex 14.4135 88.8779 7.5
      vertex 14.4135 88.8779 3.00722
    endloop
  endfacet
  facet normal 0.773022 0.634379 0
    outer loop
      vertex 13.7416 90.5001 7.5
      vertex 13.182 91.182 3.00722
      vertex 13.182 91.182 7.5
    endloop
  endfacet
  facet normal 0.773022 0.634379 0
    outer loop
      vertex 13.182 91.182 3.00722
      vertex 13.7416 90.5001 7.5
      vertex 13.7416 90.5001 3.00722
    endloop
  endfacet
  facet normal 0.290196 0.956967 -0
    outer loop
      vertex 11.7221 92.1575 3.00722
      vertex 10.8779 92.4135 7.5
      vertex 11.7221 92.1575 7.5
    endloop
  endfacet
  facet normal 0.290196 0.956967 0
    outer loop
      vertex 10.8779 92.4135 7.5
      vertex 11.7221 92.1575 3.00722
      vertex 10.8779 92.4135 3.00722
    endloop
  endfacet
  facet normal 0.0980558 0.995181 -0
    outer loop
      vertex 10.8779 92.4135 3.00722
      vertex 10 92.5 7.5
      vertex 10.8779 92.4135 7.5
    endloop
  endfacet
  facet normal 0.0980558 0.995181 0
    outer loop
      vertex 10 92.5 7.5
      vertex 10.8779 92.4135 3.00722
      vertex 10 92.5 3.00722
    endloop
  endfacet
  facet normal 0.471441 0.881898 -0
    outer loop
      vertex 12.5001 91.7416 3.00722
      vertex 11.7221 92.1575 7.5
      vertex 12.5001 91.7416 7.5
    endloop
  endfacet
  facet normal 0.471441 0.881898 0
    outer loop
      vertex 11.7221 92.1575 7.5
      vertex 12.5001 91.7416 3.00722
      vertex 11.7221 92.1575 3.00722
    endloop
  endfacet
  facet normal -0.956945 0.290269 0
    outer loop
      vertex 5.58647 88.8779 3.00722
      vertex 5.84254 89.7221 7.5
      vertex 5.84254 89.7221 3.00722
    endloop
  endfacet
  facet normal -0.956945 0.290269 0
    outer loop
      vertex 5.84254 89.7221 7.5
      vertex 5.58647 88.8779 3.00722
      vertex 5.58647 88.8779 7.5
    endloop
  endfacet
  facet normal -0.881921 0.471397 0
    outer loop
      vertex 5.84254 89.7221 3.00722
      vertex 6.25839 90.5001 7.5
      vertex 6.25839 90.5001 3.00722
    endloop
  endfacet
  facet normal -0.881921 0.471397 0
    outer loop
      vertex 6.25839 90.5001 7.5
      vertex 5.84254 89.7221 3.00722
      vertex 5.84254 89.7221 7.5
    endloop
  endfacet
  facet normal -0.995184 0.0980221 0
    outer loop
      vertex 5.5 88 3.00722
      vertex 5.58647 88.8779 7.5
      vertex 5.58647 88.8779 3.00722
    endloop
  endfacet
  facet normal -0.995184 0.0980221 0
    outer loop
      vertex 5.58647 88.8779 7.5
      vertex 5.5 88 3.00722
      vertex 5.5 88 7.5
    endloop
  endfacet
  facet normal 0 0 1
    outer loop
      vertex 12 88 7.5
      vertex 14.5 88 7.5
      vertex 14.4135 88.8779 7.5
    endloop
  endfacet
  facet normal 0 0 1
    outer loop
      vertex 11.9616 88.3902 7.5
      vertex 14.4135 88.8779 7.5
      vertex 14.1575 89.7221 7.5
    endloop
  endfacet
  facet normal 0 0 1
    outer loop
      vertex 14.5 88 7.5
      vertex 12 88 7.5
      vertex 14.4135 87.1221 7.5
    endloop
  endfacet
  facet normal 0 0 1
    outer loop
      vertex 11.8478 88.7654 7.5
      vertex 14.1575 89.7221 7.5
      vertex 13.7416 90.5001 7.5
    endloop
  endfacet
  facet normal -0 0 1
    outer loop
      vertex 11.9616 87.6098 7.5
      vertex 14.4135 87.1221 7.5
      vertex 12 88 7.5
    endloop
  endfacet
  facet normal 0 0 1
    outer loop
      vertex 11.6629 89.1111 7.5
      vertex 13.7416 90.5001 7.5
      vertex 13.182 91.182 7.5
    endloop
  endfacet
  facet normal 0 0 1
    outer loop
      vertex 14.4135 87.1221 7.5
      vertex 11.9616 87.6098 7.5
      vertex 14.1575 86.2779 7.5
    endloop
  endfacet
  facet normal 0 0 1
    outer loop
      vertex 11.4142 89.4142 7.5
      vertex 13.182 91.182 7.5
      vertex 12.5001 91.7416 7.5
    endloop
  endfacet
  facet normal -0 0 1
    outer loop
      vertex 11.8478 87.2346 7.5
      vertex 14.1575 86.2779 7.5
      vertex 11.9616 87.6098 7.5
    endloop
  endfacet
  facet normal 0 0 1
    outer loop
      vertex 14.1575 86.2779 7.5
      vertex 11.8478 87.2346 7.5
      vertex 13.7416 85.4999 7.5
    endloop
  endfacet
  facet normal 0 0 1
    outer loop
      vertex 14.4135 88.8779 7.5
      vertex 11.9616 88.3902 7.5
      vertex 12 88 7.5
    endloop
  endfacet
  facet normal 0 0 1
    outer loop
      vertex 14.1575 89.7221 7.5
      vertex 11.8478 88.7654 7.5
      vertex 11.9616 88.3902 7.5
    endloop
  endfacet
  facet normal 0 0 1
    outer loop
      vertex 11.1111 89.6629 7.5
      vertex 12.5001 91.7416 7.5
      vertex 11.7221 92.1575 7.5
    endloop
  endfacet
  facet normal 0 0 1
    outer loop
      vertex 13.7416 90.5001 7.5
      vertex 11.6629 89.1111 7.5
      vertex 11.8478 88.7654 7.5
    endloop
  endfacet
  facet normal 0 0 1
    outer loop
      vertex 13.182 91.182 7.5
      vertex 11.4142 89.4142 7.5
      vertex 11.6629 89.1111 7.5
    endloop
  endfacet
  facet normal 0 0 1
    outer loop
      vertex 12.5001 91.7416 7.5
      vertex 11.1111 89.6629 7.5
      vertex 11.4142 89.4142 7.5
    endloop
  endfacet
  facet normal 0 0 1
    outer loop
      vertex 10.7654 89.8478 7.5
      vertex 11.7221 92.1575 7.5
      vertex 10.8779 92.4135 7.5
    endloop
  endfacet
  facet normal 0 0 1
    outer loop
      vertex 11.7221 92.1575 7.5
      vertex 10.7654 89.8478 7.5
      vertex 11.1111 89.6629 7.5
    endloop
  endfacet
  facet normal 0 0 1
    outer loop
      vertex 10.8779 92.4135 7.5
      vertex 10.3902 89.9616 7.5
      vertex 10.7654 89.8478 7.5
    endloop
  endfacet
  facet normal 0 0 1
    outer loop
      vertex 10 92.5 7.5
      vertex 10.3902 89.9616 7.5
      vertex 10.8779 92.4135 7.5
    endloop
  endfacet
  facet normal 0 0 1
    outer loop
      vertex 10 92.5 7.5
      vertex 10 90 7.5
      vertex 10.3902 89.9616 7.5
    endloop
  endfacet
  facet normal 0 0 1
    outer loop
      vertex 10 92.5 7.5
      vertex 9.60982 89.9616 7.5
      vertex 10 90 7.5
    endloop
  endfacet
  facet normal -0 0 1
    outer loop
      vertex 9.12209 92.4135 7.5
      vertex 9.60982 89.9616 7.5
      vertex 10 92.5 7.5
    endloop
  endfacet
  facet normal 0 0 1
    outer loop
      vertex 9.60982 89.9616 7.5
      vertex 9.12209 92.4135 7.5
      vertex 9.23463 89.8478 7.5
    endloop
  endfacet
  facet normal -0 0 1
    outer loop
      vertex 8.27792 92.1575 7.5
      vertex 9.23463 89.8478 7.5
      vertex 9.12209 92.4135 7.5
    endloop
  endfacet
  facet normal 0 0 1
    outer loop
      vertex 9.23463 89.8478 7.5
      vertex 8.27792 92.1575 7.5
      vertex 8.88886 89.6629 7.5
    endloop
  endfacet
  facet normal -0 0 1
    outer loop
      vertex 7.49993 91.7416 7.5
      vertex 8.88886 89.6629 7.5
      vertex 8.27792 92.1575 7.5
    endloop
  endfacet
  facet normal 0 0 1
    outer loop
      vertex 8.88886 89.6629 7.5
      vertex 7.49993 91.7416 7.5
      vertex 8.58579 89.4142 7.5
    endloop
  endfacet
  facet normal -0 0 1
    outer loop
      vertex 6.81802 91.182 7.5
      vertex 8.58579 89.4142 7.5
      vertex 7.49993 91.7416 7.5
    endloop
  endfacet
  facet normal 0 0 1
    outer loop
      vertex 8.58579 89.4142 7.5
      vertex 6.81802 91.182 7.5
      vertex 8.33706 89.1111 7.5
    endloop
  endfacet
  facet normal -0 0 1
    outer loop
      vertex 6.25839 90.5001 7.5
      vertex 8.33706 89.1111 7.5
      vertex 6.81802 91.182 7.5
    endloop
  endfacet
  facet normal 0 0 1
    outer loop
      vertex 8.33706 89.1111 7.5
      vertex 6.25839 90.5001 7.5
      vertex 8.15224 88.7654 7.5
    endloop
  endfacet
  facet normal -0 0 1
    outer loop
      vertex 11.6629 86.8889 7.5
      vertex 13.7416 85.4999 7.5
      vertex 11.8478 87.2346 7.5
    endloop
  endfacet
  facet normal 0 0 1
    outer loop
      vertex 13.7416 85.4999 7.5
      vertex 11.6629 86.8889 7.5
      vertex 13.182 84.818 7.5
    endloop
  endfacet
  facet normal -0 0 1
    outer loop
      vertex 11.4142 86.5858 7.5
      vertex 13.182 84.818 7.5
      vertex 11.6629 86.8889 7.5
    endloop
  endfacet
  facet normal 0 0 1
    outer loop
      vertex 13.182 84.818 7.5
      vertex 11.4142 86.5858 7.5
      vertex 12.5001 84.2584 7.5
    endloop
  endfacet
  facet normal -0 0 1
    outer loop
      vertex 11.1111 86.3371 7.5
      vertex 12.5001 84.2584 7.5
      vertex 11.4142 86.5858 7.5
    endloop
  endfacet
  facet normal 0 0 1
    outer loop
      vertex 12.5001 84.2584 7.5
      vertex 11.1111 86.3371 7.5
      vertex 11.7221 83.8425 7.5
    endloop
  endfacet
  facet normal -0 0 1
    outer loop
      vertex 10.7654 86.1522 7.5
      vertex 11.7221 83.8425 7.5
      vertex 11.1111 86.3371 7.5
    endloop
  endfacet
  facet normal 0 0 1
    outer loop
      vertex 11.7221 83.8425 7.5
      vertex 10.7654 86.1522 7.5
      vertex 10.8779 83.5865 7.5
    endloop
  endfacet
  facet normal -0 0 1
    outer loop
      vertex 10.3902 86.0384 7.5
      vertex 10.8779 83.5865 7.5
      vertex 10.7654 86.1522 7.5
    endloop
  endfacet
  facet normal -0 0 1
    outer loop
      vertex 10 86 7.5
      vertex 10.8779 83.5865 7.5
      vertex 10.3902 86.0384 7.5
    endloop
  endfacet
  facet normal 0 0 1
    outer loop
      vertex 10 86 7.5
      vertex 10 83.5 7.5
      vertex 10.8779 83.5865 7.5
    endloop
  endfacet
  facet normal 0 0 1
    outer loop
      vertex 9.60982 86.0384 7.5
      vertex 10 83.5 7.5
      vertex 10 86 7.5
    endloop
  endfacet
  facet normal 0 0 1
    outer loop
      vertex 9.12209 83.5865 7.5
      vertex 9.60982 86.0384 7.5
      vertex 9.23463 86.1522 7.5
    endloop
  endfacet
  facet normal 0 0 1
    outer loop
      vertex 9.60982 86.0384 7.5
      vertex 9.12209 83.5865 7.5
      vertex 10 83.5 7.5
    endloop
  endfacet
  facet normal 0 0 1
    outer loop
      vertex 8.27792 83.8425 7.5
      vertex 9.23463 86.1522 7.5
      vertex 8.88886 86.3371 7.5
    endloop
  endfacet
  facet normal 0 0 1
    outer loop
      vertex 7.49993 84.2584 7.5
      vertex 8.88886 86.3371 7.5
      vertex 8.58579 86.5858 7.5
    endloop
  endfacet
  facet normal 0 0 1
    outer loop
      vertex 6.81802 84.818 7.5
      vertex 8.58579 86.5858 7.5
      vertex 8.33706 86.8889 7.5
    endloop
  endfacet
  facet normal 0 0 1
    outer loop
      vertex 9.23463 86.1522 7.5
      vertex 8.27792 83.8425 7.5
      vertex 9.12209 83.5865 7.5
    endloop
  endfacet
  facet normal 0 0 1
    outer loop
      vertex 6.25839 85.4999 7.5
      vertex 8.33706 86.8889 7.5
      vertex 8.15224 87.2346 7.5
    endloop
  endfacet
  facet normal 0 0 1
    outer loop
      vertex 5.84254 86.2779 7.5
      vertex 8.15224 87.2346 7.5
      vertex 8.03843 87.6098 7.5
    endloop
  endfacet
  facet normal 0 0 1
    outer loop
      vertex 5.58647 87.1221 7.5
      vertex 8.03843 87.6098 7.5
      vertex 8 88 7.5
    endloop
  endfacet
  facet normal -0 0 1
    outer loop
      vertex 5.84254 89.7221 7.5
      vertex 8.15224 88.7654 7.5
      vertex 6.25839 90.5001 7.5
    endloop
  endfacet
  facet normal 0 0 1
    outer loop
      vertex 8.88886 86.3371 7.5
      vertex 7.49993 84.2584 7.5
      vertex 8.27792 83.8425 7.5
    endloop
  endfacet
  facet normal 0 0 1
    outer loop
      vertex 8.15224 88.7654 7.5
      vertex 5.84254 89.7221 7.5
      vertex 8.03843 88.3902 7.5
    endloop
  endfacet
  facet normal 0 0 1
    outer loop
      vertex 8.58579 86.5858 7.5
      vertex 6.81802 84.818 7.5
      vertex 7.49993 84.2584 7.5
    endloop
  endfacet
  facet normal -0 0 1
    outer loop
      vertex 5.58647 88.8779 7.5
      vertex 8.03843 88.3902 7.5
      vertex 5.84254 89.7221 7.5
    endloop
  endfacet
  facet normal 0 0 1
    outer loop
      vertex 8.33706 86.8889 7.5
      vertex 6.25839 85.4999 7.5
      vertex 6.81802 84.818 7.5
    endloop
  endfacet
  facet normal 0 0 1
    outer loop
      vertex 8.03843 88.3902 7.5
      vertex 5.58647 88.8779 7.5
      vertex 8 88 7.5
    endloop
  endfacet
  facet normal 0 0 1
    outer loop
      vertex 8.15224 87.2346 7.5
      vertex 5.84254 86.2779 7.5
      vertex 6.25839 85.4999 7.5
    endloop
  endfacet
  facet normal 0 0 1
    outer loop
      vertex 5.5 88 7.5
      vertex 8 88 7.5
      vertex 5.58647 88.8779 7.5
    endloop
  endfacet
  facet normal 0 0 1
    outer loop
      vertex 8.03843 87.6098 7.5
      vertex 5.58647 87.1221 7.5
      vertex 5.84254 86.2779 7.5
    endloop
  endfacet
  facet normal 0 0 1
    outer loop
      vertex 8 88 7.5
      vertex 5.5 88 7.5
      vertex 5.58647 87.1221 7.5
    endloop
  endfacet
  facet normal -0.634374 0.773027 0
    outer loop
      vertex 7.49993 91.7416 3.00722
      vertex 6.81802 91.182 7.5
      vertex 7.49993 91.7416 7.5
    endloop
  endfacet
  facet normal -0.634374 0.773027 0
    outer loop
      vertex 6.81802 91.182 7.5
      vertex 7.49993 91.7416 3.00722
      vertex 6.81802 91.182 3.00722
    endloop
  endfacet
  facet normal -0.290206 0.956964 0
    outer loop
      vertex 9.12209 92.4135 3.00722
      vertex 8.27792 92.1575 7.5
      vertex 9.12209 92.4135 7.5
    endloop
  endfacet
  facet normal -0.290206 0.956964 0
    outer loop
      vertex 8.27792 92.1575 7.5
      vertex 9.12209 92.4135 3.00722
      vertex 8.27792 92.1575 3.00722
    endloop
  endfacet
  facet normal 0.290196 -0.956967 0
    outer loop
      vertex 10.8779 83.5865 3.00722
      vertex 11.7221 83.8425 7.5
      vertex 10.8779 83.5865 7.5
    endloop
  endfacet
  facet normal 0.290196 -0.956967 0
    outer loop
      vertex 11.7221 83.8425 7.5
      vertex 10.8779 83.5865 3.00722
      vertex 11.7221 83.8425 3.00722
    endloop
  endfacet
  facet normal 0.634379 -0.773022 0
    outer loop
      vertex 12.5001 84.2584 3.00722
      vertex 13.182 84.818 7.5
      vertex 12.5001 84.2584 7.5
    endloop
  endfacet
  facet normal 0.634379 -0.773022 0
    outer loop
      vertex 13.182 84.818 7.5
      vertex 12.5001 84.2584 3.00722
      vertex 13.182 84.818 3.00722
    endloop
  endfacet
  facet normal -0.471446 -0.881895 0
    outer loop
      vertex 7.49993 84.2584 3.00722
      vertex 8.27792 83.8425 7.5
      vertex 7.49993 84.2584 7.5
    endloop
  endfacet
  facet normal -0.471446 -0.881895 -0
    outer loop
      vertex 8.27792 83.8425 7.5
      vertex 7.49993 84.2584 3.00722
      vertex 8.27792 83.8425 3.00722
    endloop
  endfacet
  facet normal -0.0980547 -0.995181 0
    outer loop
      vertex 9.12209 83.5865 3.00722
      vertex 10 83.5 7.5
      vertex 9.12209 83.5865 7.5
    endloop
  endfacet
  facet normal -0.0980547 -0.995181 -0
    outer loop
      vertex 10 83.5 7.5
      vertex 9.12209 83.5865 3.00722
      vertex 10 83.5 3.00722
    endloop
  endfacet
  facet normal -0.956945 -0.290269 0
    outer loop
      vertex 5.84254 86.2779 3.00722
      vertex 5.58647 87.1221 7.5
      vertex 5.58647 87.1221 3.00722
    endloop
  endfacet
  facet normal -0.956945 -0.290269 0
    outer loop
      vertex 5.58647 87.1221 7.5
      vertex 5.84254 86.2779 3.00722
      vertex 5.84254 86.2779 7.5
    endloop
  endfacet
  facet normal -0.773005 -0.634399 0
    outer loop
      vertex 6.81802 84.818 3.00722
      vertex 6.25839 85.4999 7.5
      vertex 6.25839 85.4999 3.00722
    endloop
  endfacet
  facet normal -0.773005 -0.634399 0
    outer loop
      vertex 6.25839 85.4999 7.5
      vertex 6.81802 84.818 3.00722
      vertex 6.81802 84.818 7.5
    endloop
  endfacet
  facet normal -0.995184 -0.0980221 0
    outer loop
      vertex 5.58647 87.1221 3.00722
      vertex 5.5 88 7.5
      vertex 5.5 88 3.00722
    endloop
  endfacet
  facet normal -0.995184 -0.0980221 0
    outer loop
      vertex 5.5 88 7.5
      vertex 5.58647 87.1221 3.00722
      vertex 5.58647 87.1221 7.5
    endloop
  endfacet
  facet normal 0.471441 -0.881898 0
    outer loop
      vertex 11.7221 83.8425 3.00722
      vertex 12.5001 84.2584 7.5
      vertex 11.7221 83.8425 7.5
    endloop
  endfacet
  facet normal 0.471441 -0.881898 0
    outer loop
      vertex 12.5001 84.2584 7.5
      vertex 11.7221 83.8425 3.00722
      vertex 12.5001 84.2584 3.00722
    endloop
  endfacet
  facet normal 0.956967 -0.290196 0
    outer loop
      vertex 14.1575 86.2779 7.5
      vertex 14.4135 87.1221 3.00722
      vertex 14.4135 87.1221 7.5
    endloop
  endfacet
  facet normal 0.956967 -0.290196 0
    outer loop
      vertex 14.4135 87.1221 3.00722
      vertex 14.1575 86.2779 7.5
      vertex 14.1575 86.2779 3.00722
    endloop
  endfacet
  facet normal 0.995181 -0.0980558 0
    outer loop
      vertex 14.4135 87.1221 7.5
      vertex 14.5 88 3.00722
      vertex 14.5 88 7.5
    endloop
  endfacet
  facet normal 0.995181 -0.0980558 0
    outer loop
      vertex 14.5 88 3.00722
      vertex 14.4135 87.1221 7.5
      vertex 14.4135 87.1221 3.00722
    endloop
  endfacet
  facet normal -0.290206 -0.956964 0
    outer loop
      vertex 8.27792 83.8425 3.00722
      vertex 9.12209 83.5865 7.5
      vertex 8.27792 83.8425 7.5
    endloop
  endfacet
  facet normal -0.290206 -0.956964 -0
    outer loop
      vertex 9.12209 83.5865 7.5
      vertex 8.27792 83.8425 3.00722
      vertex 9.12209 83.5865 3.00722
    endloop
  endfacet
  facet normal 0.0980558 -0.995181 0
    outer loop
      vertex 10 83.5 3.00722
      vertex 10.8779 83.5865 7.5
      vertex 10 83.5 7.5
    endloop
  endfacet
  facet normal 0.0980558 -0.995181 0
    outer loop
      vertex 10.8779 83.5865 7.5
      vertex 10 83.5 3.00722
      vertex 10.8779 83.5865 3.00722
    endloop
  endfacet
  facet normal -0.881921 -0.471397 0
    outer loop
      vertex 6.25839 85.4999 3.00722
      vertex 5.84254 86.2779 7.5
      vertex 5.84254 86.2779 3.00722
    endloop
  endfacet
  facet normal -0.881921 -0.471397 0
    outer loop
      vertex 5.84254 86.2779 7.5
      vertex 6.25839 85.4999 3.00722
      vertex 6.25839 85.4999 7.5
    endloop
  endfacet
  facet normal 0.995181 0.0980558 0
    outer loop
      vertex 98.5 26 7.5
      vertex 98.4135 26.8779 3.00722
      vertex 98.4135 26.8779 7.5
    endloop
  endfacet
  facet normal 0.995181 0.0980558 0
    outer loop
      vertex 98.4135 26.8779 3.00722
      vertex 98.5 26 7.5
      vertex 98.5 26 3.00722
    endloop
  endfacet
  facet normal -0.0980558 0.995181 0
    outer loop
      vertex 94 30.5 3.00722
      vertex 93.1221 30.4135 7.5
      vertex 94 30.5 7.5
    endloop
  endfacet
  facet normal -0.0980558 0.995181 0
    outer loop
      vertex 93.1221 30.4135 7.5
      vertex 94 30.5 3.00722
      vertex 93.1221 30.4135 3.00722
    endloop
  endfacet
  facet normal 0.634379 0.773022 -0
    outer loop
      vertex 97.182 29.182 3.00722
      vertex 96.5001 29.7416 7.5
      vertex 97.182 29.182 7.5
    endloop
  endfacet
  facet normal 0.634379 0.773022 0
    outer loop
      vertex 96.5001 29.7416 7.5
      vertex 97.182 29.182 3.00722
      vertex 96.5001 29.7416 3.00722
    endloop
  endfacet
  facet normal -0.773022 0.634379 0
    outer loop
      vertex 90.2584 28.5001 3.00722
      vertex 90.818 29.182 7.5
      vertex 90.818 29.182 3.00722
    endloop
  endfacet
  facet normal -0.773022 0.634379 0
    outer loop
      vertex 90.818 29.182 7.5
      vertex 90.2584 28.5001 3.00722
      vertex 90.2584 28.5001 7.5
    endloop
  endfacet
  facet normal -0.471441 0.881898 0
    outer loop
      vertex 92.2779 30.1575 3.00722
      vertex 91.4999 29.7416 7.5
      vertex 92.2779 30.1575 7.5
    endloop
  endfacet
  facet normal -0.471441 0.881898 0
    outer loop
      vertex 91.4999 29.7416 7.5
      vertex 92.2779 30.1575 3.00722
      vertex 91.4999 29.7416 3.00722
    endloop
  endfacet
  facet normal -0.634379 -0.773022 0
    outer loop
      vertex 90.818 22.818 2.9
      vertex 91.4999 22.2584 3
      vertex 90.818 22.818 3
    endloop
  endfacet
  facet normal -0.634379 -0.773022 -0
    outer loop
      vertex 91.4999 22.2584 3
      vertex 90.818 22.818 2.9
      vertex 91.4999 22.2584 2.9
    endloop
  endfacet
  facet normal -0.634379 -0.773022 0
    outer loop
      vertex 90.818 22.818 3.00722
      vertex 91.4999 22.2584 7.5
      vertex 90.818 22.818 7.5
    endloop
  endfacet
  facet normal -0.634379 -0.773022 -0
    outer loop
      vertex 91.4999 22.2584 7.5
      vertex 90.818 22.818 3.00722
      vertex 91.4999 22.2584 3.00722
    endloop
  endfacet
  facet normal 0.881898 0.471441 0
    outer loop
      vertex 98.1575 27.7221 7.5
      vertex 97.7416 28.5001 3.00722
      vertex 97.7416 28.5001 7.5
    endloop
  endfacet
  facet normal 0.881898 0.471441 0
    outer loop
      vertex 97.7416 28.5001 3.00722
      vertex 98.1575 27.7221 7.5
      vertex 98.1575 27.7221 3.00722
    endloop
  endfacet
  facet normal 0.956967 0.290196 0
    outer loop
      vertex 98.4135 26.8779 7.5
      vertex 98.1575 27.7221 3.00722
      vertex 98.1575 27.7221 7.5
    endloop
  endfacet
  facet normal 0.956967 0.290196 0
    outer loop
      vertex 98.1575 27.7221 3.00722
      vertex 98.4135 26.8779 7.5
      vertex 98.4135 26.8779 3.00722
    endloop
  endfacet
  facet normal 0.773022 0.634379 0
    outer loop
      vertex 97.7416 28.5001 7.5
      vertex 97.182 29.182 3.00722
      vertex 97.182 29.182 7.5
    endloop
  endfacet
  facet normal 0.773022 0.634379 0
    outer loop
      vertex 97.182 29.182 3.00722
      vertex 97.7416 28.5001 7.5
      vertex 97.7416 28.5001 3.00722
    endloop
  endfacet
  facet normal 0.290196 0.956967 -0
    outer loop
      vertex 95.7221 30.1575 3.00722
      vertex 94.8779 30.4135 7.5
      vertex 95.7221 30.1575 7.5
    endloop
  endfacet
  facet normal 0.290196 0.956967 0
    outer loop
      vertex 94.8779 30.4135 7.5
      vertex 95.7221 30.1575 3.00722
      vertex 94.8779 30.4135 3.00722
    endloop
  endfacet
  facet normal 0.0980558 0.995181 -0
    outer loop
      vertex 94.8779 30.4135 3.00722
      vertex 94 30.5 7.5
      vertex 94.8779 30.4135 7.5
    endloop
  endfacet
  facet normal 0.0980558 0.995181 0
    outer loop
      vertex 94 30.5 7.5
      vertex 94.8779 30.4135 3.00722
      vertex 94 30.5 3.00722
    endloop
  endfacet
  facet normal 0.471441 0.881898 -0
    outer loop
      vertex 96.5001 29.7416 3.00722
      vertex 95.7221 30.1575 7.5
      vertex 96.5001 29.7416 7.5
    endloop
  endfacet
  facet normal 0.471441 0.881898 0
    outer loop
      vertex 95.7221 30.1575 7.5
      vertex 96.5001 29.7416 3.00722
      vertex 95.7221 30.1575 3.00722
    endloop
  endfacet
  facet normal -0.956967 0.290196 0
    outer loop
      vertex 89.5865 26.8779 3.00722
      vertex 89.8425 27.7221 7.5
      vertex 89.8425 27.7221 3.00722
    endloop
  endfacet
  facet normal -0.956967 0.290196 0
    outer loop
      vertex 89.8425 27.7221 7.5
      vertex 89.5865 26.8779 3.00722
      vertex 89.5865 26.8779 7.5
    endloop
  endfacet
  facet normal 0 0 -1
    outer loop
      vertex 95.3097 24.5 2.9
      vertex 98.1575 24.2779 2.9
      vertex 97.7416 23.4999 2.9
    endloop
  endfacet
  facet normal 0 0 -1
    outer loop
      vertex 95.3097 24.5 2.9
      vertex 97.7416 23.4999 2.9
      vertex 97.182 22.818 2.9
    endloop
  endfacet
  facet normal 0 0 -1
    outer loop
      vertex 95.3097 24.5 2.9
      vertex 97.182 22.818 2.9
      vertex 96.5001 22.2584 2.9
    endloop
  endfacet
  facet normal 0 0 -1
    outer loop
      vertex 95.1111 24.3371 2.9
      vertex 96.5001 22.2584 2.9
      vertex 95.7221 21.8425 2.9
    endloop
  endfacet
  facet normal 0 0 -1
    outer loop
      vertex 98.1575 24.2779 2.9
      vertex 95.3097 24.5 2.9
      vertex 98.2248 24.5 2.9
    endloop
  endfacet
  facet normal 0 0 -1
    outer loop
      vertex 96.5001 22.2584 2.9
      vertex 95.1111 24.3371 2.9
      vertex 95.3097 24.5 2.9
    endloop
  endfacet
  facet normal 0 0 -1
    outer loop
      vertex 94.7654 24.1522 2.9
      vertex 95.7221 21.8425 2.9
      vertex 94.8779 21.5865 2.9
    endloop
  endfacet
  facet normal 0 0 -1
    outer loop
      vertex 95.7221 21.8425 2.9
      vertex 94.7654 24.1522 2.9
      vertex 95.1111 24.3371 2.9
    endloop
  endfacet
  facet normal 0 0 -1
    outer loop
      vertex 94.8779 21.5865 2.9
      vertex 94.3902 24.0384 2.9
      vertex 94.7654 24.1522 2.9
    endloop
  endfacet
  facet normal 0 0 -1
    outer loop
      vertex 94 21.5 2.9
      vertex 94.3902 24.0384 2.9
      vertex 94.8779 21.5865 2.9
    endloop
  endfacet
  facet normal 0 0 -1
    outer loop
      vertex 94 21.5 2.9
      vertex 94 24 2.9
      vertex 94.3902 24.0384 2.9
    endloop
  endfacet
  facet normal 0 0 -1
    outer loop
      vertex 94 21.5 2.9
      vertex 93.6098 24.0384 2.9
      vertex 94 24 2.9
    endloop
  endfacet
  facet normal 0 0 -1
    outer loop
      vertex 93.1221 21.5865 2.9
      vertex 93.6098 24.0384 2.9
      vertex 94 21.5 2.9
    endloop
  endfacet
  facet normal -0 0 -1
    outer loop
      vertex 93.6098 24.0384 2.9
      vertex 93.1221 21.5865 2.9
      vertex 93.2346 24.1522 2.9
    endloop
  endfacet
  facet normal 0 0 -1
    outer loop
      vertex 92.2779 21.8425 2.9
      vertex 93.2346 24.1522 2.9
      vertex 93.1221 21.5865 2.9
    endloop
  endfacet
  facet normal -0 0 -1
    outer loop
      vertex 93.2346 24.1522 2.9
      vertex 92.2779 21.8425 2.9
      vertex 92.8889 24.3371 2.9
    endloop
  endfacet
  facet normal 0 0 -1
    outer loop
      vertex 91.4999 22.2584 2.9
      vertex 92.8889 24.3371 2.9
      vertex 92.2779 21.8425 2.9
    endloop
  endfacet
  facet normal -0 0 -1
    outer loop
      vertex 92.8889 24.3371 2.9
      vertex 91.4999 22.2584 2.9
      vertex 92.6903 24.5 2.9
    endloop
  endfacet
  facet normal 0 0 -1
    outer loop
      vertex 90.818 22.818 2.9
      vertex 92.6903 24.5 2.9
      vertex 91.4999 22.2584 2.9
    endloop
  endfacet
  facet normal 0 0 -1
    outer loop
      vertex 90.2584 23.4999 2.9
      vertex 92.6903 24.5 2.9
      vertex 90.818 22.818 2.9
    endloop
  endfacet
  facet normal 0 0 -1
    outer loop
      vertex 89.8425 24.2779 2.9
      vertex 92.6903 24.5 2.9
      vertex 90.2584 23.4999 2.9
    endloop
  endfacet
  facet normal -0 0 -1
    outer loop
      vertex 92.6903 24.5 2.9
      vertex 89.8425 24.2779 2.9
      vertex 89.7752 24.5 2.9
    endloop
  endfacet
  facet normal -0.881898 0.471441 0
    outer loop
      vertex 89.8425 27.7221 3.00722
      vertex 90.2584 28.5001 7.5
      vertex 90.2584 28.5001 3.00722
    endloop
  endfacet
  facet normal -0.881898 0.471441 0
    outer loop
      vertex 90.2584 28.5001 7.5
      vertex 89.8425 27.7221 3.00722
      vertex 89.8425 27.7221 7.5
    endloop
  endfacet
  facet normal -0.995181 0.0980558 0
    outer loop
      vertex 89.5 26 3.00722
      vertex 89.5865 26.8779 7.5
      vertex 89.5865 26.8779 3.00722
    endloop
  endfacet
  facet normal -0.995181 0.0980558 0
    outer loop
      vertex 89.5865 26.8779 7.5
      vertex 89.5 26 3.00722
      vertex 89.5 26 7.5
    endloop
  endfacet
  facet normal 0 0 1
    outer loop
      vertex 96 26 7.5
      vertex 98.5 26 7.5
      vertex 98.4135 26.8779 7.5
    endloop
  endfacet
  facet normal 0 0 1
    outer loop
      vertex 95.9616 26.3902 7.5
      vertex 98.4135 26.8779 7.5
      vertex 98.1575 27.7221 7.5
    endloop
  endfacet
  facet normal 0 0 1
    outer loop
      vertex 98.5 26 7.5
      vertex 96 26 7.5
      vertex 98.4135 25.1221 7.5
    endloop
  endfacet
  facet normal 0 0 1
    outer loop
      vertex 95.8478 26.7654 7.5
      vertex 98.1575 27.7221 7.5
      vertex 97.7416 28.5001 7.5
    endloop
  endfacet
  facet normal -0 0 1
    outer loop
      vertex 95.9616 25.6098 7.5
      vertex 98.4135 25.1221 7.5
      vertex 96 26 7.5
    endloop
  endfacet
  facet normal 0 0 1
    outer loop
      vertex 95.6629 27.1111 7.5
      vertex 97.7416 28.5001 7.5
      vertex 97.182 29.182 7.5
    endloop
  endfacet
  facet normal 0 0 1
    outer loop
      vertex 98.4135 25.1221 7.5
      vertex 95.9616 25.6098 7.5
      vertex 98.1575 24.2779 7.5
    endloop
  endfacet
  facet normal 0 0 1
    outer loop
      vertex 95.4142 27.4142 7.5
      vertex 97.182 29.182 7.5
      vertex 96.5001 29.7416 7.5
    endloop
  endfacet
  facet normal -0 0 1
    outer loop
      vertex 95.8478 25.2346 7.5
      vertex 98.1575 24.2779 7.5
      vertex 95.9616 25.6098 7.5
    endloop
  endfacet
  facet normal 0 0 1
    outer loop
      vertex 98.1575 24.2779 7.5
      vertex 95.8478 25.2346 7.5
      vertex 97.7416 23.4999 7.5
    endloop
  endfacet
  facet normal 0 0 1
    outer loop
      vertex 98.4135 26.8779 7.5
      vertex 95.9616 26.3902 7.5
      vertex 96 26 7.5
    endloop
  endfacet
  facet normal 0 0 1
    outer loop
      vertex 98.1575 27.7221 7.5
      vertex 95.8478 26.7654 7.5
      vertex 95.9616 26.3902 7.5
    endloop
  endfacet
  facet normal 0 0 1
    outer loop
      vertex 95.1111 27.6629 7.5
      vertex 96.5001 29.7416 7.5
      vertex 95.7221 30.1575 7.5
    endloop
  endfacet
  facet normal 0 0 1
    outer loop
      vertex 97.7416 28.5001 7.5
      vertex 95.6629 27.1111 7.5
      vertex 95.8478 26.7654 7.5
    endloop
  endfacet
  facet normal 0 0 1
    outer loop
      vertex 97.182 29.182 7.5
      vertex 95.4142 27.4142 7.5
      vertex 95.6629 27.1111 7.5
    endloop
  endfacet
  facet normal 0 0 1
    outer loop
      vertex 96.5001 29.7416 7.5
      vertex 95.1111 27.6629 7.5
      vertex 95.4142 27.4142 7.5
    endloop
  endfacet
  facet normal 0 0 1
    outer loop
      vertex 94.7654 27.8478 7.5
      vertex 95.7221 30.1575 7.5
      vertex 94.8779 30.4135 7.5
    endloop
  endfacet
  facet normal 0 0 1
    outer loop
      vertex 95.7221 30.1575 7.5
      vertex 94.7654 27.8478 7.5
      vertex 95.1111 27.6629 7.5
    endloop
  endfacet
  facet normal 0 0 1
    outer loop
      vertex 94.8779 30.4135 7.5
      vertex 94.3902 27.9616 7.5
      vertex 94.7654 27.8478 7.5
    endloop
  endfacet
  facet normal 0 0 1
    outer loop
      vertex 94 30.5 7.5
      vertex 94.3902 27.9616 7.5
      vertex 94.8779 30.4135 7.5
    endloop
  endfacet
  facet normal 0 0 1
    outer loop
      vertex 94 30.5 7.5
      vertex 94 28 7.5
      vertex 94.3902 27.9616 7.5
    endloop
  endfacet
  facet normal 0 0 1
    outer loop
      vertex 94 30.5 7.5
      vertex 93.6098 27.9616 7.5
      vertex 94 28 7.5
    endloop
  endfacet
  facet normal -0 0 1
    outer loop
      vertex 93.1221 30.4135 7.5
      vertex 93.6098 27.9616 7.5
      vertex 94 30.5 7.5
    endloop
  endfacet
  facet normal 0 0 1
    outer loop
      vertex 93.6098 27.9616 7.5
      vertex 93.1221 30.4135 7.5
      vertex 93.2346 27.8478 7.5
    endloop
  endfacet
  facet normal -0 0 1
    outer loop
      vertex 92.2779 30.1575 7.5
      vertex 93.2346 27.8478 7.5
      vertex 93.1221 30.4135 7.5
    endloop
  endfacet
  facet normal 0 0 1
    outer loop
      vertex 93.2346 27.8478 7.5
      vertex 92.2779 30.1575 7.5
      vertex 92.8889 27.6629 7.5
    endloop
  endfacet
  facet normal -0 0 1
    outer loop
      vertex 91.4999 29.7416 7.5
      vertex 92.8889 27.6629 7.5
      vertex 92.2779 30.1575 7.5
    endloop
  endfacet
  facet normal 0 0 1
    outer loop
      vertex 92.8889 27.6629 7.5
      vertex 91.4999 29.7416 7.5
      vertex 92.5858 27.4142 7.5
    endloop
  endfacet
  facet normal -0 0 1
    outer loop
      vertex 90.818 29.182 7.5
      vertex 92.5858 27.4142 7.5
      vertex 91.4999 29.7416 7.5
    endloop
  endfacet
  facet normal 0 0 1
    outer loop
      vertex 92.5858 27.4142 7.5
      vertex 90.818 29.182 7.5
      vertex 92.3371 27.1111 7.5
    endloop
  endfacet
  facet normal -0 0 1
    outer loop
      vertex 90.2584 28.5001 7.5
      vertex 92.3371 27.1111 7.5
      vertex 90.818 29.182 7.5
    endloop
  endfacet
  facet normal 0 0 1
    outer loop
      vertex 92.3371 27.1111 7.5
      vertex 90.2584 28.5001 7.5
      vertex 92.1522 26.7654 7.5
    endloop
  endfacet
  facet normal -0 0 1
    outer loop
      vertex 95.6629 24.8889 7.5
      vertex 97.7416 23.4999 7.5
      vertex 95.8478 25.2346 7.5
    endloop
  endfacet
  facet normal 0 0 1
    outer loop
      vertex 97.7416 23.4999 7.5
      vertex 95.6629 24.8889 7.5
      vertex 97.182 22.818 7.5
    endloop
  endfacet
  facet normal -0 0 1
    outer loop
      vertex 95.4142 24.5858 7.5
      vertex 97.182 22.818 7.5
      vertex 95.6629 24.8889 7.5
    endloop
  endfacet
  facet normal 0 0 1
    outer loop
      vertex 97.182 22.818 7.5
      vertex 95.4142 24.5858 7.5
      vertex 96.5001 22.2584 7.5
    endloop
  endfacet
  facet normal -0 0 1
    outer loop
      vertex 95.1111 24.3371 7.5
      vertex 96.5001 22.2584 7.5
      vertex 95.4142 24.5858 7.5
    endloop
  endfacet
  facet normal 0 0 1
    outer loop
      vertex 96.5001 22.2584 7.5
      vertex 95.1111 24.3371 7.5
      vertex 95.7221 21.8425 7.5
    endloop
  endfacet
  facet normal -0 0 1
    outer loop
      vertex 94.7654 24.1522 7.5
      vertex 95.7221 21.8425 7.5
      vertex 95.1111 24.3371 7.5
    endloop
  endfacet
  facet normal 0 0 1
    outer loop
      vertex 95.7221 21.8425 7.5
      vertex 94.7654 24.1522 7.5
      vertex 94.8779 21.5865 7.5
    endloop
  endfacet
  facet normal -0 0 1
    outer loop
      vertex 94.3902 24.0384 7.5
      vertex 94.8779 21.5865 7.5
      vertex 94.7654 24.1522 7.5
    endloop
  endfacet
  facet normal -0 0 1
    outer loop
      vertex 94 24 7.5
      vertex 94.8779 21.5865 7.5
      vertex 94.3902 24.0384 7.5
    endloop
  endfacet
  facet normal 0 0 1
    outer loop
      vertex 94 24 7.5
      vertex 94 21.5 7.5
      vertex 94.8779 21.5865 7.5
    endloop
  endfacet
  facet normal 0 0 1
    outer loop
      vertex 93.6098 24.0384 7.5
      vertex 94 21.5 7.5
      vertex 94 24 7.5
    endloop
  endfacet
  facet normal 0 0 1
    outer loop
      vertex 93.1221 21.5865 7.5
      vertex 93.6098 24.0384 7.5
      vertex 93.2346 24.1522 7.5
    endloop
  endfacet
  facet normal 0 0 1
    outer loop
      vertex 93.6098 24.0384 7.5
      vertex 93.1221 21.5865 7.5
      vertex 94 21.5 7.5
    endloop
  endfacet
  facet normal 0 0 1
    outer loop
      vertex 92.2779 21.8425 7.5
      vertex 93.2346 24.1522 7.5
      vertex 92.8889 24.3371 7.5
    endloop
  endfacet
  facet normal 0 0 1
    outer loop
      vertex 91.4999 22.2584 7.5
      vertex 92.8889 24.3371 7.5
      vertex 92.5858 24.5858 7.5
    endloop
  endfacet
  facet normal 0 0 1
    outer loop
      vertex 90.818 22.818 7.5
      vertex 92.5858 24.5858 7.5
      vertex 92.3371 24.8889 7.5
    endloop
  endfacet
  facet normal 0 0 1
    outer loop
      vertex 93.2346 24.1522 7.5
      vertex 92.2779 21.8425 7.5
      vertex 93.1221 21.5865 7.5
    endloop
  endfacet
  facet normal 0 0 1
    outer loop
      vertex 90.2584 23.4999 7.5
      vertex 92.3371 24.8889 7.5
      vertex 92.1522 25.2346 7.5
    endloop
  endfacet
  facet normal 0 0 1
    outer loop
      vertex 89.8425 24.2779 7.5
      vertex 92.1522 25.2346 7.5
      vertex 92.0384 25.6098 7.5
    endloop
  endfacet
  facet normal 0 0 1
    outer loop
      vertex 89.5865 25.1221 7.5
      vertex 92.0384 25.6098 7.5
      vertex 92 26 7.5
    endloop
  endfacet
  facet normal -0 0 1
    outer loop
      vertex 89.8425 27.7221 7.5
      vertex 92.1522 26.7654 7.5
      vertex 90.2584 28.5001 7.5
    endloop
  endfacet
  facet normal 0 0 1
    outer loop
      vertex 92.8889 24.3371 7.5
      vertex 91.4999 22.2584 7.5
      vertex 92.2779 21.8425 7.5
    endloop
  endfacet
  facet normal 0 0 1
    outer loop
      vertex 92.1522 26.7654 7.5
      vertex 89.8425 27.7221 7.5
      vertex 92.0384 26.3902 7.5
    endloop
  endfacet
  facet normal 0 0 1
    outer loop
      vertex 92.5858 24.5858 7.5
      vertex 90.818 22.818 7.5
      vertex 91.4999 22.2584 7.5
    endloop
  endfacet
  facet normal -0 0 1
    outer loop
      vertex 89.5865 26.8779 7.5
      vertex 92.0384 26.3902 7.5
      vertex 89.8425 27.7221 7.5
    endloop
  endfacet
  facet normal 0 0 1
    outer loop
      vertex 92.3371 24.8889 7.5
      vertex 90.2584 23.4999 7.5
      vertex 90.818 22.818 7.5
    endloop
  endfacet
  facet normal 0 0 1
    outer loop
      vertex 92.0384 26.3902 7.5
      vertex 89.5865 26.8779 7.5
      vertex 92 26 7.5
    endloop
  endfacet
  facet normal 0 0 1
    outer loop
      vertex 92.1522 25.2346 7.5
      vertex 89.8425 24.2779 7.5
      vertex 90.2584 23.4999 7.5
    endloop
  endfacet
  facet normal 0 0 1
    outer loop
      vertex 89.5 26 7.5
      vertex 92 26 7.5
      vertex 89.5865 26.8779 7.5
    endloop
  endfacet
  facet normal 0 0 1
    outer loop
      vertex 92.0384 25.6098 7.5
      vertex 89.5865 25.1221 7.5
      vertex 89.8425 24.2779 7.5
    endloop
  endfacet
  facet normal 0 0 1
    outer loop
      vertex 92 26 7.5
      vertex 89.5 26 7.5
      vertex 89.5865 25.1221 7.5
    endloop
  endfacet
  facet normal -0.634379 0.773022 0
    outer loop
      vertex 91.4999 29.7416 3.00722
      vertex 90.818 29.182 7.5
      vertex 91.4999 29.7416 7.5
    endloop
  endfacet
  facet normal -0.634379 0.773022 0
    outer loop
      vertex 90.818 29.182 7.5
      vertex 91.4999 29.7416 3.00722
      vertex 90.818 29.182 3.00722
    endloop
  endfacet
  facet normal -0.290196 0.956967 0
    outer loop
      vertex 93.1221 30.4135 3.00722
      vertex 92.2779 30.1575 7.5
      vertex 93.1221 30.4135 7.5
    endloop
  endfacet
  facet normal -0.290196 0.956967 0
    outer loop
      vertex 92.2779 30.1575 7.5
      vertex 93.1221 30.4135 3.00722
      vertex 92.2779 30.1575 3.00722
    endloop
  endfacet
  facet normal 0.995181 -0.0980558 0
    outer loop
      vertex 98.4135 25.1221 7.5
      vertex 98.5 26 3.00722
      vertex 98.5 26 7.5
    endloop
  endfacet
  facet normal 0.995181 -0.0980558 0
    outer loop
      vertex 98.5 26 3.00722
      vertex 98.4135 25.1221 7.5
      vertex 98.4135 25.1221 3.00722
    endloop
  endfacet
  facet normal 0.290196 -0.956967 0
    outer loop
      vertex 94.8779 21.5865 2.9
      vertex 95.7221 21.8425 3
      vertex 94.8779 21.5865 3
    endloop
  endfacet
  facet normal 0.290196 -0.956967 0
    outer loop
      vertex 95.7221 21.8425 3
      vertex 94.8779 21.5865 2.9
      vertex 95.7221 21.8425 2.9
    endloop
  endfacet
  facet normal 0.290196 -0.956967 0
    outer loop
      vertex 94.8779 21.5865 3.00722
      vertex 95.7221 21.8425 7.5
      vertex 94.8779 21.5865 7.5
    endloop
  endfacet
  facet normal 0.290196 -0.956967 0
    outer loop
      vertex 95.7221 21.8425 7.5
      vertex 94.8779 21.5865 3.00722
      vertex 95.7221 21.8425 3.00722
    endloop
  endfacet
  facet normal 0.634379 -0.773022 0
    outer loop
      vertex 96.5001 22.2584 2.9
      vertex 97.182 22.818 3
      vertex 96.5001 22.2584 3
    endloop
  endfacet
  facet normal 0.634379 -0.773022 0
    outer loop
      vertex 97.182 22.818 3
      vertex 96.5001 22.2584 2.9
      vertex 97.182 22.818 2.9
    endloop
  endfacet
  facet normal 0.634379 -0.773022 0
    outer loop
      vertex 96.5001 22.2584 3.00722
      vertex 97.182 22.818 7.5
      vertex 96.5001 22.2584 7.5
    endloop
  endfacet
  facet normal 0.634379 -0.773022 0
    outer loop
      vertex 97.182 22.818 7.5
      vertex 96.5001 22.2584 3.00722
      vertex 97.182 22.818 3.00722
    endloop
  endfacet
  facet normal -0.471441 -0.881898 0
    outer loop
      vertex 91.4999 22.2584 2.9
      vertex 92.2779 21.8425 3
      vertex 91.4999 22.2584 3
    endloop
  endfacet
  facet normal -0.471441 -0.881898 -0
    outer loop
      vertex 92.2779 21.8425 3
      vertex 91.4999 22.2584 2.9
      vertex 92.2779 21.8425 2.9
    endloop
  endfacet
  facet normal -0.471441 -0.881898 0
    outer loop
      vertex 91.4999 22.2584 3.00722
      vertex 92.2779 21.8425 7.5
      vertex 91.4999 22.2584 7.5
    endloop
  endfacet
  facet normal -0.471441 -0.881898 -0
    outer loop
      vertex 92.2779 21.8425 7.5
      vertex 91.4999 22.2584 3.00722
      vertex 92.2779 21.8425 3.00722
    endloop
  endfacet
  facet normal -0.0980558 -0.995181 0
    outer loop
      vertex 93.1221 21.5865 2.9
      vertex 94 21.5 3
      vertex 93.1221 21.5865 3
    endloop
  endfacet
  facet normal -0.0980558 -0.995181 -0
    outer loop
      vertex 94 21.5 3
      vertex 93.1221 21.5865 2.9
      vertex 94 21.5 2.9
    endloop
  endfacet
  facet normal -0.0980558 -0.995181 0
    outer loop
      vertex 93.1221 21.5865 3.00722
      vertex 94 21.5 7.5
      vertex 93.1221 21.5865 7.5
    endloop
  endfacet
  facet normal -0.0980558 -0.995181 -0
    outer loop
      vertex 94 21.5 7.5
      vertex 93.1221 21.5865 3.00722
      vertex 94 21.5 3.00722
    endloop
  endfacet
  facet normal -0.956967 -0.290196 0
    outer loop
      vertex 89.8425 24.2779 3.00722
      vertex 89.5865 25.1221 7.5
      vertex 89.5865 25.1221 3.00722
    endloop
  endfacet
  facet normal -0.956967 -0.290196 0
    outer loop
      vertex 89.5865 25.1221 7.5
      vertex 89.8425 24.2779 3.00722
      vertex 89.8425 24.2779 7.5
    endloop
  endfacet
  facet normal -0.957028 -0.289995 0
    outer loop
      vertex 89.8425 24.2779 2.9
      vertex 89.7752 24.5 3
      vertex 89.7752 24.5 2.9
    endloop
  endfacet
  facet normal -0.957028 -0.289995 0
    outer loop
      vertex 89.7752 24.5 3
      vertex 89.8425 24.2779 2.9
      vertex 89.8425 24.2779 3
    endloop
  endfacet
  facet normal -0.773022 -0.634379 0
    outer loop
      vertex 90.818 22.818 2.9
      vertex 90.2584 23.4999 3
      vertex 90.2584 23.4999 2.9
    endloop
  endfacet
  facet normal -0.773022 -0.634379 0
    outer loop
      vertex 90.2584 23.4999 3
      vertex 90.818 22.818 2.9
      vertex 90.818 22.818 3
    endloop
  endfacet
  facet normal -0.773022 -0.634379 0
    outer loop
      vertex 90.818 22.818 3.00722
      vertex 90.2584 23.4999 7.5
      vertex 90.2584 23.4999 3.00722
    endloop
  endfacet
  facet normal -0.773022 -0.634379 0
    outer loop
      vertex 90.2584 23.4999 7.5
      vertex 90.818 22.818 3.00722
      vertex 90.818 22.818 7.5
    endloop
  endfacet
  facet normal -0.881898 -0.471441 0
    outer loop
      vertex 90.2584 23.4999 3.00722
      vertex 89.8425 24.2779 7.5
      vertex 89.8425 24.2779 3.00722
    endloop
  endfacet
  facet normal -0.881898 -0.471441 0
    outer loop
      vertex 89.8425 24.2779 7.5
      vertex 90.2584 23.4999 3.00722
      vertex 90.2584 23.4999 7.5
    endloop
  endfacet
  facet normal -0.881898 -0.471441 0
    outer loop
      vertex 90.2584 23.4999 2.9
      vertex 89.8425 24.2779 3
      vertex 89.8425 24.2779 2.9
    endloop
  endfacet
  facet normal -0.881898 -0.471441 0
    outer loop
      vertex 89.8425 24.2779 3
      vertex 90.2584 23.4999 2.9
      vertex 90.2584 23.4999 3
    endloop
  endfacet
  facet normal -0.995181 -0.0980558 0
    outer loop
      vertex 89.5865 25.1221 3.00722
      vertex 89.5 26 7.5
      vertex 89.5 26 3.00722
    endloop
  endfacet
  facet normal -0.995181 -0.0980558 0
    outer loop
      vertex 89.5 26 7.5
      vertex 89.5865 25.1221 3.00722
      vertex 89.5865 25.1221 7.5
    endloop
  endfacet
  facet normal 0.471441 -0.881898 0
    outer loop
      vertex 95.7221 21.8425 2.9
      vertex 96.5001 22.2584 3
      vertex 95.7221 21.8425 3
    endloop
  endfacet
  facet normal 0.471441 -0.881898 0
    outer loop
      vertex 96.5001 22.2584 3
      vertex 95.7221 21.8425 2.9
      vertex 96.5001 22.2584 2.9
    endloop
  endfacet
  facet normal 0.471441 -0.881898 0
    outer loop
      vertex 95.7221 21.8425 3.00722
      vertex 96.5001 22.2584 7.5
      vertex 95.7221 21.8425 7.5
    endloop
  endfacet
  facet normal 0.471441 -0.881898 0
    outer loop
      vertex 96.5001 22.2584 7.5
      vertex 95.7221 21.8425 3.00722
      vertex 96.5001 22.2584 3.00722
    endloop
  endfacet
  facet normal 0.773022 -0.634379 0
    outer loop
      vertex 97.182 22.818 3
      vertex 97.7416 23.4999 2.9
      vertex 97.7416 23.4999 3
    endloop
  endfacet
  facet normal 0.773022 -0.634379 0
    outer loop
      vertex 97.7416 23.4999 2.9
      vertex 97.182 22.818 3
      vertex 97.182 22.818 2.9
    endloop
  endfacet
  facet normal 0.773022 -0.634379 0
    outer loop
      vertex 97.182 22.818 7.5
      vertex 97.7416 23.4999 3.00722
      vertex 97.7416 23.4999 7.5
    endloop
  endfacet
  facet normal 0.773022 -0.634379 0
    outer loop
      vertex 97.7416 23.4999 3.00722
      vertex 97.182 22.818 7.5
      vertex 97.182 22.818 3.00722
    endloop
  endfacet
  facet normal 0.957028 -0.289995 0
    outer loop
      vertex 98.1575 24.2779 3
      vertex 98.2248 24.5 2.9
      vertex 98.2248 24.5 3
    endloop
  endfacet
  facet normal 0.957028 -0.289995 0
    outer loop
      vertex 98.2248 24.5 2.9
      vertex 98.1575 24.2779 3
      vertex 98.1575 24.2779 2.9
    endloop
  endfacet
  facet normal 0.956967 -0.290196 0
    outer loop
      vertex 98.1575 24.2779 7.5
      vertex 98.4135 25.1221 3.00722
      vertex 98.4135 25.1221 7.5
    endloop
  endfacet
  facet normal 0.956967 -0.290196 0
    outer loop
      vertex 98.4135 25.1221 3.00722
      vertex 98.1575 24.2779 7.5
      vertex 98.1575 24.2779 3.00722
    endloop
  endfacet
  facet normal 0.881898 -0.471441 0
    outer loop
      vertex 97.7416 23.4999 3
      vertex 98.1575 24.2779 2.9
      vertex 98.1575 24.2779 3
    endloop
  endfacet
  facet normal 0.881898 -0.471441 0
    outer loop
      vertex 98.1575 24.2779 2.9
      vertex 97.7416 23.4999 3
      vertex 97.7416 23.4999 2.9
    endloop
  endfacet
  facet normal 0.881898 -0.471441 0
    outer loop
      vertex 97.7416 23.4999 7.5
      vertex 98.1575 24.2779 3.00722
      vertex 98.1575 24.2779 7.5
    endloop
  endfacet
  facet normal 0.881898 -0.471441 0
    outer loop
      vertex 98.1575 24.2779 3.00722
      vertex 97.7416 23.4999 7.5
      vertex 97.7416 23.4999 3.00722
    endloop
  endfacet
  facet normal -0.290196 -0.956967 0
    outer loop
      vertex 92.2779 21.8425 2.9
      vertex 93.1221 21.5865 3
      vertex 92.2779 21.8425 3
    endloop
  endfacet
  facet normal -0.290196 -0.956967 -0
    outer loop
      vertex 93.1221 21.5865 3
      vertex 92.2779 21.8425 2.9
      vertex 93.1221 21.5865 2.9
    endloop
  endfacet
  facet normal -0.290196 -0.956967 0
    outer loop
      vertex 92.2779 21.8425 3.00722
      vertex 93.1221 21.5865 7.5
      vertex 92.2779 21.8425 7.5
    endloop
  endfacet
  facet normal -0.290196 -0.956967 -0
    outer loop
      vertex 93.1221 21.5865 7.5
      vertex 92.2779 21.8425 3.00722
      vertex 93.1221 21.5865 3.00722
    endloop
  endfacet
  facet normal 0.0980558 -0.995181 0
    outer loop
      vertex 94 21.5 2.9
      vertex 94.8779 21.5865 3
      vertex 94 21.5 3
    endloop
  endfacet
  facet normal 0.0980558 -0.995181 0
    outer loop
      vertex 94.8779 21.5865 3
      vertex 94 21.5 2.9
      vertex 94.8779 21.5865 2.9
    endloop
  endfacet
  facet normal 0.0980558 -0.995181 0
    outer loop
      vertex 94 21.5 3.00722
      vertex 94.8779 21.5865 7.5
      vertex 94 21.5 7.5
    endloop
  endfacet
  facet normal 0.0980558 -0.995181 0
    outer loop
      vertex 94.8779 21.5865 7.5
      vertex 94 21.5 3.00722
      vertex 94.8779 21.5865 3.00722
    endloop
  endfacet
  facet normal 0.995181 0.0980558 0
    outer loop
      vertex 98.5 88 7.5
      vertex 98.4135 88.8779 3.00722
      vertex 98.4135 88.8779 7.5
    endloop
  endfacet
  facet normal 0.995181 0.0980558 0
    outer loop
      vertex 98.4135 88.8779 3.00722
      vertex 98.5 88 7.5
      vertex 98.5 88 3.00722
    endloop
  endfacet
  facet normal -0.0980558 0.995181 0
    outer loop
      vertex 94 92.5 3.00722
      vertex 93.1221 92.4135 7.5
      vertex 94 92.5 7.5
    endloop
  endfacet
  facet normal -0.0980558 0.995181 0
    outer loop
      vertex 93.1221 92.4135 7.5
      vertex 94 92.5 3.00722
      vertex 93.1221 92.4135 3.00722
    endloop
  endfacet
  facet normal -0.634379 -0.773022 0
    outer loop
      vertex 90.818 84.818 3.00722
      vertex 91.4999 84.2584 7.5
      vertex 90.818 84.818 7.5
    endloop
  endfacet
  facet normal -0.634379 -0.773022 -0
    outer loop
      vertex 91.4999 84.2584 7.5
      vertex 90.818 84.818 3.00722
      vertex 91.4999 84.2584 3.00722
    endloop
  endfacet
  facet normal 0.634379 0.773022 -0
    outer loop
      vertex 97.182 91.182 3.00722
      vertex 96.5001 91.7416 7.5
      vertex 97.182 91.182 7.5
    endloop
  endfacet
  facet normal 0.634379 0.773022 0
    outer loop
      vertex 96.5001 91.7416 7.5
      vertex 97.182 91.182 3.00722
      vertex 96.5001 91.7416 3.00722
    endloop
  endfacet
  facet normal -0.773022 0.634379 0
    outer loop
      vertex 90.2584 90.5001 3.00722
      vertex 90.818 91.182 7.5
      vertex 90.818 91.182 3.00722
    endloop
  endfacet
  facet normal -0.773022 0.634379 0
    outer loop
      vertex 90.818 91.182 7.5
      vertex 90.2584 90.5001 3.00722
      vertex 90.2584 90.5001 7.5
    endloop
  endfacet
  facet normal -0.471441 0.881898 0
    outer loop
      vertex 92.2779 92.1575 3.00722
      vertex 91.4999 91.7416 7.5
      vertex 92.2779 92.1575 7.5
    endloop
  endfacet
  facet normal -0.471441 0.881898 0
    outer loop
      vertex 91.4999 91.7416 7.5
      vertex 92.2779 92.1575 3.00722
      vertex 91.4999 91.7416 3.00722
    endloop
  endfacet
  facet normal 0.881898 -0.471441 0
    outer loop
      vertex 97.7416 85.4999 7.5
      vertex 98.1575 86.2779 3.00722
      vertex 98.1575 86.2779 7.5
    endloop
  endfacet
  facet normal 0.881898 -0.471441 0
    outer loop
      vertex 98.1575 86.2779 3.00722
      vertex 97.7416 85.4999 7.5
      vertex 97.7416 85.4999 3.00722
    endloop
  endfacet
  facet normal 0.881898 0.471441 0
    outer loop
      vertex 98.1575 89.7221 7.5
      vertex 97.7416 90.5001 3.00722
      vertex 97.7416 90.5001 7.5
    endloop
  endfacet
  facet normal 0.881898 0.471441 0
    outer loop
      vertex 97.7416 90.5001 3.00722
      vertex 98.1575 89.7221 7.5
      vertex 98.1575 89.7221 3.00722
    endloop
  endfacet
  facet normal 0.956967 0.290196 0
    outer loop
      vertex 98.4135 88.8779 7.5
      vertex 98.1575 89.7221 3.00722
      vertex 98.1575 89.7221 7.5
    endloop
  endfacet
  facet normal 0.956967 0.290196 0
    outer loop
      vertex 98.1575 89.7221 3.00722
      vertex 98.4135 88.8779 7.5
      vertex 98.4135 88.8779 3.00722
    endloop
  endfacet
  facet normal 0.773022 0.634379 0
    outer loop
      vertex 97.7416 90.5001 7.5
      vertex 97.182 91.182 3.00722
      vertex 97.182 91.182 7.5
    endloop
  endfacet
  facet normal 0.773022 0.634379 0
    outer loop
      vertex 97.182 91.182 3.00722
      vertex 97.7416 90.5001 7.5
      vertex 97.7416 90.5001 3.00722
    endloop
  endfacet
  facet normal 0.290196 0.956967 -0
    outer loop
      vertex 95.7221 92.1575 3.00722
      vertex 94.8779 92.4135 7.5
      vertex 95.7221 92.1575 7.5
    endloop
  endfacet
  facet normal 0.290196 0.956967 0
    outer loop
      vertex 94.8779 92.4135 7.5
      vertex 95.7221 92.1575 3.00722
      vertex 94.8779 92.4135 3.00722
    endloop
  endfacet
  facet normal 0.0980558 0.995181 -0
    outer loop
      vertex 94.8779 92.4135 3.00722
      vertex 94 92.5 7.5
      vertex 94.8779 92.4135 7.5
    endloop
  endfacet
  facet normal 0.0980558 0.995181 0
    outer loop
      vertex 94 92.5 7.5
      vertex 94.8779 92.4135 3.00722
      vertex 94 92.5 3.00722
    endloop
  endfacet
  facet normal 0.471441 0.881898 -0
    outer loop
      vertex 96.5001 91.7416 3.00722
      vertex 95.7221 92.1575 7.5
      vertex 96.5001 91.7416 7.5
    endloop
  endfacet
  facet normal 0.471441 0.881898 0
    outer loop
      vertex 95.7221 92.1575 7.5
      vertex 96.5001 91.7416 3.00722
      vertex 95.7221 92.1575 3.00722
    endloop
  endfacet
  facet normal -0.956967 0.290196 0
    outer loop
      vertex 89.5865 88.8779 3.00722
      vertex 89.8425 89.7221 7.5
      vertex 89.8425 89.7221 3.00722
    endloop
  endfacet
  facet normal -0.956967 0.290196 0
    outer loop
      vertex 89.8425 89.7221 7.5
      vertex 89.5865 88.8779 3.00722
      vertex 89.5865 88.8779 7.5
    endloop
  endfacet
  facet normal -0.881898 0.471441 0
    outer loop
      vertex 89.8425 89.7221 3.00722
      vertex 90.2584 90.5001 7.5
      vertex 90.2584 90.5001 3.00722
    endloop
  endfacet
  facet normal -0.881898 0.471441 0
    outer loop
      vertex 90.2584 90.5001 7.5
      vertex 89.8425 89.7221 3.00722
      vertex 89.8425 89.7221 7.5
    endloop
  endfacet
  facet normal -0.995181 0.0980558 0
    outer loop
      vertex 89.5 88 3.00722
      vertex 89.5865 88.8779 7.5
      vertex 89.5865 88.8779 3.00722
    endloop
  endfacet
  facet normal -0.995181 0.0980558 0
    outer loop
      vertex 89.5865 88.8779 7.5
      vertex 89.5 88 3.00722
      vertex 89.5 88 7.5
    endloop
  endfacet
  facet normal 0 0 1
    outer loop
      vertex 96 88 7.5
      vertex 98.5 88 7.5
      vertex 98.4135 88.8779 7.5
    endloop
  endfacet
  facet normal 0 0 1
    outer loop
      vertex 95.9616 88.3902 7.5
      vertex 98.4135 88.8779 7.5
      vertex 98.1575 89.7221 7.5
    endloop
  endfacet
  facet normal 0 0 1
    outer loop
      vertex 98.5 88 7.5
      vertex 96 88 7.5
      vertex 98.4135 87.1221 7.5
    endloop
  endfacet
  facet normal 0 0 1
    outer loop
      vertex 95.8478 88.7654 7.5
      vertex 98.1575 89.7221 7.5
      vertex 97.7416 90.5001 7.5
    endloop
  endfacet
  facet normal -0 0 1
    outer loop
      vertex 95.9616 87.6098 7.5
      vertex 98.4135 87.1221 7.5
      vertex 96 88 7.5
    endloop
  endfacet
  facet normal 0 0 1
    outer loop
      vertex 95.6629 89.1111 7.5
      vertex 97.7416 90.5001 7.5
      vertex 97.182 91.182 7.5
    endloop
  endfacet
  facet normal 0 0 1
    outer loop
      vertex 98.4135 87.1221 7.5
      vertex 95.9616 87.6098 7.5
      vertex 98.1575 86.2779 7.5
    endloop
  endfacet
  facet normal 0 0 1
    outer loop
      vertex 95.4142 89.4142 7.5
      vertex 97.182 91.182 7.5
      vertex 96.5001 91.7416 7.5
    endloop
  endfacet
  facet normal -0 0 1
    outer loop
      vertex 95.8478 87.2346 7.5
      vertex 98.1575 86.2779 7.5
      vertex 95.9616 87.6098 7.5
    endloop
  endfacet
  facet normal 0 0 1
    outer loop
      vertex 98.1575 86.2779 7.5
      vertex 95.8478 87.2346 7.5
      vertex 97.7416 85.4999 7.5
    endloop
  endfacet
  facet normal 0 0 1
    outer loop
      vertex 98.4135 88.8779 7.5
      vertex 95.9616 88.3902 7.5
      vertex 96 88 7.5
    endloop
  endfacet
  facet normal 0 0 1
    outer loop
      vertex 98.1575 89.7221 7.5
      vertex 95.8478 88.7654 7.5
      vertex 95.9616 88.3902 7.5
    endloop
  endfacet
  facet normal 0 0 1
    outer loop
      vertex 95.1111 89.6629 7.5
      vertex 96.5001 91.7416 7.5
      vertex 95.7221 92.1575 7.5
    endloop
  endfacet
  facet normal 0 0 1
    outer loop
      vertex 97.7416 90.5001 7.5
      vertex 95.6629 89.1111 7.5
      vertex 95.8478 88.7654 7.5
    endloop
  endfacet
  facet normal 0 0 1
    outer loop
      vertex 97.182 91.182 7.5
      vertex 95.4142 89.4142 7.5
      vertex 95.6629 89.1111 7.5
    endloop
  endfacet
  facet normal 0 0 1
    outer loop
      vertex 96.5001 91.7416 7.5
      vertex 95.1111 89.6629 7.5
      vertex 95.4142 89.4142 7.5
    endloop
  endfacet
  facet normal 0 0 1
    outer loop
      vertex 94.7654 89.8478 7.5
      vertex 95.7221 92.1575 7.5
      vertex 94.8779 92.4135 7.5
    endloop
  endfacet
  facet normal 0 0 1
    outer loop
      vertex 95.7221 92.1575 7.5
      vertex 94.7654 89.8478 7.5
      vertex 95.1111 89.6629 7.5
    endloop
  endfacet
  facet normal 0 0 1
    outer loop
      vertex 94.8779 92.4135 7.5
      vertex 94.3902 89.9616 7.5
      vertex 94.7654 89.8478 7.5
    endloop
  endfacet
  facet normal 0 0 1
    outer loop
      vertex 94 92.5 7.5
      vertex 94.3902 89.9616 7.5
      vertex 94.8779 92.4135 7.5
    endloop
  endfacet
  facet normal 0 0 1
    outer loop
      vertex 94 92.5 7.5
      vertex 94 90 7.5
      vertex 94.3902 89.9616 7.5
    endloop
  endfacet
  facet normal 0 0 1
    outer loop
      vertex 94 92.5 7.5
      vertex 93.6098 89.9616 7.5
      vertex 94 90 7.5
    endloop
  endfacet
  facet normal -0 0 1
    outer loop
      vertex 93.1221 92.4135 7.5
      vertex 93.6098 89.9616 7.5
      vertex 94 92.5 7.5
    endloop
  endfacet
  facet normal 0 0 1
    outer loop
      vertex 93.6098 89.9616 7.5
      vertex 93.1221 92.4135 7.5
      vertex 93.2346 89.8478 7.5
    endloop
  endfacet
  facet normal -0 0 1
    outer loop
      vertex 92.2779 92.1575 7.5
      vertex 93.2346 89.8478 7.5
      vertex 93.1221 92.4135 7.5
    endloop
  endfacet
  facet normal 0 0 1
    outer loop
      vertex 93.2346 89.8478 7.5
      vertex 92.2779 92.1575 7.5
      vertex 92.8889 89.6629 7.5
    endloop
  endfacet
  facet normal -0 0 1
    outer loop
      vertex 91.4999 91.7416 7.5
      vertex 92.8889 89.6629 7.5
      vertex 92.2779 92.1575 7.5
    endloop
  endfacet
  facet normal 0 0 1
    outer loop
      vertex 92.8889 89.6629 7.5
      vertex 91.4999 91.7416 7.5
      vertex 92.5858 89.4142 7.5
    endloop
  endfacet
  facet normal -0 0 1
    outer loop
      vertex 90.818 91.182 7.5
      vertex 92.5858 89.4142 7.5
      vertex 91.4999 91.7416 7.5
    endloop
  endfacet
  facet normal 0 0 1
    outer loop
      vertex 92.5858 89.4142 7.5
      vertex 90.818 91.182 7.5
      vertex 92.3371 89.1111 7.5
    endloop
  endfacet
  facet normal -0 0 1
    outer loop
      vertex 90.2584 90.5001 7.5
      vertex 92.3371 89.1111 7.5
      vertex 90.818 91.182 7.5
    endloop
  endfacet
  facet normal 0 0 1
    outer loop
      vertex 92.3371 89.1111 7.5
      vertex 90.2584 90.5001 7.5
      vertex 92.1522 88.7654 7.5
    endloop
  endfacet
  facet normal -0 0 1
    outer loop
      vertex 95.6629 86.8889 7.5
      vertex 97.7416 85.4999 7.5
      vertex 95.8478 87.2346 7.5
    endloop
  endfacet
  facet normal 0 0 1
    outer loop
      vertex 97.7416 85.4999 7.5
      vertex 95.6629 86.8889 7.5
      vertex 97.182 84.818 7.5
    endloop
  endfacet
  facet normal -0 0 1
    outer loop
      vertex 95.4142 86.5858 7.5
      vertex 97.182 84.818 7.5
      vertex 95.6629 86.8889 7.5
    endloop
  endfacet
  facet normal 0 0 1
    outer loop
      vertex 97.182 84.818 7.5
      vertex 95.4142 86.5858 7.5
      vertex 96.5001 84.2584 7.5
    endloop
  endfacet
  facet normal -0 0 1
    outer loop
      vertex 95.1111 86.3371 7.5
      vertex 96.5001 84.2584 7.5
      vertex 95.4142 86.5858 7.5
    endloop
  endfacet
  facet normal 0 0 1
    outer loop
      vertex 96.5001 84.2584 7.5
      vertex 95.1111 86.3371 7.5
      vertex 95.7221 83.8425 7.5
    endloop
  endfacet
  facet normal -0 0 1
    outer loop
      vertex 94.7654 86.1522 7.5
      vertex 95.7221 83.8425 7.5
      vertex 95.1111 86.3371 7.5
    endloop
  endfacet
  facet normal 0 0 1
    outer loop
      vertex 95.7221 83.8425 7.5
      vertex 94.7654 86.1522 7.5
      vertex 94.8779 83.5865 7.5
    endloop
  endfacet
  facet normal -0 0 1
    outer loop
      vertex 94.3902 86.0384 7.5
      vertex 94.8779 83.5865 7.5
      vertex 94.7654 86.1522 7.5
    endloop
  endfacet
  facet normal -0 0 1
    outer loop
      vertex 94 86 7.5
      vertex 94.8779 83.5865 7.5
      vertex 94.3902 86.0384 7.5
    endloop
  endfacet
  facet normal 0 0 1
    outer loop
      vertex 94 86 7.5
      vertex 94 83.5 7.5
      vertex 94.8779 83.5865 7.5
    endloop
  endfacet
  facet normal 0 0 1
    outer loop
      vertex 93.6098 86.0384 7.5
      vertex 94 83.5 7.5
      vertex 94 86 7.5
    endloop
  endfacet
  facet normal 0 0 1
    outer loop
      vertex 93.1221 83.5865 7.5
      vertex 93.6098 86.0384 7.5
      vertex 93.2346 86.1522 7.5
    endloop
  endfacet
  facet normal 0 0 1
    outer loop
      vertex 93.6098 86.0384 7.5
      vertex 93.1221 83.5865 7.5
      vertex 94 83.5 7.5
    endloop
  endfacet
  facet normal 0 0 1
    outer loop
      vertex 92.2779 83.8425 7.5
      vertex 93.2346 86.1522 7.5
      vertex 92.8889 86.3371 7.5
    endloop
  endfacet
  facet normal 0 0 1
    outer loop
      vertex 91.4999 84.2584 7.5
      vertex 92.8889 86.3371 7.5
      vertex 92.5858 86.5858 7.5
    endloop
  endfacet
  facet normal 0 0 1
    outer loop
      vertex 90.818 84.818 7.5
      vertex 92.5858 86.5858 7.5
      vertex 92.3371 86.8889 7.5
    endloop
  endfacet
  facet normal 0 0 1
    outer loop
      vertex 93.2346 86.1522 7.5
      vertex 92.2779 83.8425 7.5
      vertex 93.1221 83.5865 7.5
    endloop
  endfacet
  facet normal 0 0 1
    outer loop
      vertex 90.2584 85.4999 7.5
      vertex 92.3371 86.8889 7.5
      vertex 92.1522 87.2346 7.5
    endloop
  endfacet
  facet normal 0 0 1
    outer loop
      vertex 89.8425 86.2779 7.5
      vertex 92.1522 87.2346 7.5
      vertex 92.0384 87.6098 7.5
    endloop
  endfacet
  facet normal 0 0 1
    outer loop
      vertex 89.5865 87.1221 7.5
      vertex 92.0384 87.6098 7.5
      vertex 92 88 7.5
    endloop
  endfacet
  facet normal -0 0 1
    outer loop
      vertex 89.8425 89.7221 7.5
      vertex 92.1522 88.7654 7.5
      vertex 90.2584 90.5001 7.5
    endloop
  endfacet
  facet normal 0 0 1
    outer loop
      vertex 92.8889 86.3371 7.5
      vertex 91.4999 84.2584 7.5
      vertex 92.2779 83.8425 7.5
    endloop
  endfacet
  facet normal 0 0 1
    outer loop
      vertex 92.1522 88.7654 7.5
      vertex 89.8425 89.7221 7.5
      vertex 92.0384 88.3902 7.5
    endloop
  endfacet
  facet normal 0 0 1
    outer loop
      vertex 92.5858 86.5858 7.5
      vertex 90.818 84.818 7.5
      vertex 91.4999 84.2584 7.5
    endloop
  endfacet
  facet normal -0 0 1
    outer loop
      vertex 89.5865 88.8779 7.5
      vertex 92.0384 88.3902 7.5
      vertex 89.8425 89.7221 7.5
    endloop
  endfacet
  facet normal 0 0 1
    outer loop
      vertex 92.3371 86.8889 7.5
      vertex 90.2584 85.4999 7.5
      vertex 90.818 84.818 7.5
    endloop
  endfacet
  facet normal 0 0 1
    outer loop
      vertex 92.0384 88.3902 7.5
      vertex 89.5865 88.8779 7.5
      vertex 92 88 7.5
    endloop
  endfacet
  facet normal 0 0 1
    outer loop
      vertex 92.1522 87.2346 7.5
      vertex 89.8425 86.2779 7.5
      vertex 90.2584 85.4999 7.5
    endloop
  endfacet
  facet normal 0 0 1
    outer loop
      vertex 89.5 88 7.5
      vertex 92 88 7.5
      vertex 89.5865 88.8779 7.5
    endloop
  endfacet
  facet normal 0 0 1
    outer loop
      vertex 92.0384 87.6098 7.5
      vertex 89.5865 87.1221 7.5
      vertex 89.8425 86.2779 7.5
    endloop
  endfacet
  facet normal 0 0 1
    outer loop
      vertex 92 88 7.5
      vertex 89.5 88 7.5
      vertex 89.5865 87.1221 7.5
    endloop
  endfacet
  facet normal -0.634379 0.773022 0
    outer loop
      vertex 91.4999 91.7416 3.00722
      vertex 90.818 91.182 7.5
      vertex 91.4999 91.7416 7.5
    endloop
  endfacet
  facet normal -0.634379 0.773022 0
    outer loop
      vertex 90.818 91.182 7.5
      vertex 91.4999 91.7416 3.00722
      vertex 90.818 91.182 3.00722
    endloop
  endfacet
  facet normal -0.290196 0.956967 0
    outer loop
      vertex 93.1221 92.4135 3.00722
      vertex 92.2779 92.1575 7.5
      vertex 93.1221 92.4135 7.5
    endloop
  endfacet
  facet normal -0.290196 0.956967 0
    outer loop
      vertex 92.2779 92.1575 7.5
      vertex 93.1221 92.4135 3.00722
      vertex 92.2779 92.1575 3.00722
    endloop
  endfacet
  facet normal 0.995181 -0.0980558 0
    outer loop
      vertex 98.4135 87.1221 7.5
      vertex 98.5 88 3.00722
      vertex 98.5 88 7.5
    endloop
  endfacet
  facet normal 0.995181 -0.0980558 0
    outer loop
      vertex 98.5 88 3.00722
      vertex 98.4135 87.1221 7.5
      vertex 98.4135 87.1221 3.00722
    endloop
  endfacet
  facet normal 0.290196 -0.956967 0
    outer loop
      vertex 94.8779 83.5865 3.00722
      vertex 95.7221 83.8425 7.5
      vertex 94.8779 83.5865 7.5
    endloop
  endfacet
  facet normal 0.290196 -0.956967 0
    outer loop
      vertex 95.7221 83.8425 7.5
      vertex 94.8779 83.5865 3.00722
      vertex 95.7221 83.8425 3.00722
    endloop
  endfacet
  facet normal 0.634379 -0.773022 0
    outer loop
      vertex 96.5001 84.2584 3.00722
      vertex 97.182 84.818 7.5
      vertex 96.5001 84.2584 7.5
    endloop
  endfacet
  facet normal 0.634379 -0.773022 0
    outer loop
      vertex 97.182 84.818 7.5
      vertex 96.5001 84.2584 3.00722
      vertex 97.182 84.818 3.00722
    endloop
  endfacet
  facet normal -0.471441 -0.881898 0
    outer loop
      vertex 91.4999 84.2584 3.00722
      vertex 92.2779 83.8425 7.5
      vertex 91.4999 84.2584 7.5
    endloop
  endfacet
  facet normal -0.471441 -0.881898 -0
    outer loop
      vertex 92.2779 83.8425 7.5
      vertex 91.4999 84.2584 3.00722
      vertex 92.2779 83.8425 3.00722
    endloop
  endfacet
  facet normal -0.0980558 -0.995181 0
    outer loop
      vertex 93.1221 83.5865 3.00722
      vertex 94 83.5 7.5
      vertex 93.1221 83.5865 7.5
    endloop
  endfacet
  facet normal -0.0980558 -0.995181 -0
    outer loop
      vertex 94 83.5 7.5
      vertex 93.1221 83.5865 3.00722
      vertex 94 83.5 3.00722
    endloop
  endfacet
  facet normal -0.773022 -0.634379 0
    outer loop
      vertex 90.818 84.818 3.00722
      vertex 90.2584 85.4999 7.5
      vertex 90.2584 85.4999 3.00722
    endloop
  endfacet
  facet normal -0.773022 -0.634379 0
    outer loop
      vertex 90.2584 85.4999 7.5
      vertex 90.818 84.818 3.00722
      vertex 90.818 84.818 7.5
    endloop
  endfacet
  facet normal -0.956967 -0.290196 0
    outer loop
      vertex 89.8425 86.2779 3.00722
      vertex 89.5865 87.1221 7.5
      vertex 89.5865 87.1221 3.00722
    endloop
  endfacet
  facet normal -0.956967 -0.290196 0
    outer loop
      vertex 89.5865 87.1221 7.5
      vertex 89.8425 86.2779 3.00722
      vertex 89.8425 86.2779 7.5
    endloop
  endfacet
  facet normal -0.995181 -0.0980558 0
    outer loop
      vertex 89.5865 87.1221 3.00722
      vertex 89.5 88 7.5
      vertex 89.5 88 3.00722
    endloop
  endfacet
  facet normal -0.995181 -0.0980558 0
    outer loop
      vertex 89.5 88 7.5
      vertex 89.5865 87.1221 3.00722
      vertex 89.5865 87.1221 7.5
    endloop
  endfacet
  facet normal 0.471441 -0.881898 0
    outer loop
      vertex 95.7221 83.8425 3.00722
      vertex 96.5001 84.2584 7.5
      vertex 95.7221 83.8425 7.5
    endloop
  endfacet
  facet normal 0.471441 -0.881898 0
    outer loop
      vertex 96.5001 84.2584 7.5
      vertex 95.7221 83.8425 3.00722
      vertex 96.5001 84.2584 3.00722
    endloop
  endfacet
  facet normal 0.773022 -0.634379 0
    outer loop
      vertex 97.182 84.818 7.5
      vertex 97.7416 85.4999 3.00722
      vertex 97.7416 85.4999 7.5
    endloop
  endfacet
  facet normal 0.773022 -0.634379 0
    outer loop
      vertex 97.7416 85.4999 3.00722
      vertex 97.182 84.818 7.5
      vertex 97.182 84.818 3.00722
    endloop
  endfacet
  facet normal 0.956967 -0.290196 0
    outer loop
      vertex 98.1575 86.2779 7.5
      vertex 98.4135 87.1221 3.00722
      vertex 98.4135 87.1221 7.5
    endloop
  endfacet
  facet normal 0.956967 -0.290196 0
    outer loop
      vertex 98.4135 87.1221 3.00722
      vertex 98.1575 86.2779 7.5
      vertex 98.1575 86.2779 3.00722
    endloop
  endfacet
  facet normal -0.290196 -0.956967 0
    outer loop
      vertex 92.2779 83.8425 3.00722
      vertex 93.1221 83.5865 7.5
      vertex 92.2779 83.8425 7.5
    endloop
  endfacet
  facet normal -0.290196 -0.956967 -0
    outer loop
      vertex 93.1221 83.5865 7.5
      vertex 92.2779 83.8425 3.00722
      vertex 93.1221 83.5865 3.00722
    endloop
  endfacet
  facet normal 0.0980558 -0.995181 0
    outer loop
      vertex 94 83.5 3.00722
      vertex 94.8779 83.5865 7.5
      vertex 94 83.5 7.5
    endloop
  endfacet
  facet normal 0.0980558 -0.995181 0
    outer loop
      vertex 94.8779 83.5865 7.5
      vertex 94 83.5 3.00722
      vertex 94.8779 83.5865 3.00722
    endloop
  endfacet
  facet normal -0.881898 -0.471441 0
    outer loop
      vertex 90.2584 85.4999 3.00722
      vertex 89.8425 86.2779 7.5
      vertex 89.8425 86.2779 3.00722
    endloop
  endfacet
  facet normal -0.881898 -0.471441 0
    outer loop
      vertex 89.8425 86.2779 7.5
      vertex 90.2584 85.4999 3.00722
      vertex 90.2584 85.4999 7.5
    endloop
  endfacet
  facet normal 0.995175 -0 0.0981141
    outer loop
      vertex 19.9231 233.3 109.85
      vertex 20 238.293 109.07
      vertex 19.9231 238.293 109.85
    endloop
  endfacet
  facet normal 0.995175 0 0.0981141
    outer loop
      vertex 20 238.293 109.07
      vertex 19.9231 233.3 109.85
      vertex 20 233.3 109.07
    endloop
  endfacet
  facet normal 0.995175 0 -0.0981141
    outer loop
      vertex 20 233.3 109.07
      vertex 19.9231 238.293 108.29
      vertex 20 238.293 109.07
    endloop
  endfacet
  facet normal 0.995175 0 -0.0981141
    outer loop
      vertex 19.9231 238.293 108.29
      vertex 20 233.3 109.07
      vertex 19.9231 233.3 108.29
    endloop
  endfacet
  facet normal -0.0981906 0 -0.995168
    outer loop
      vertex 15.2196 233.3 105.147
      vertex 16 238.293 105.07
      vertex 16 233.3 105.07
    endloop
  endfacet
  facet normal -0.0981906 0 -0.995168
    outer loop
      vertex 16 238.293 105.07
      vertex 15.2196 233.3 105.147
      vertex 15.2196 238.293 105.147
    endloop
  endfacet
  facet normal 0.471726 0 0.881745
    outer loop
      vertex 17.5307 238.293 112.766
      vertex 18.2223 233.3 112.396
      vertex 18.2223 238.293 112.396
    endloop
  endfacet
  facet normal 0.471726 0 0.881745
    outer loop
      vertex 18.2223 233.3 112.396
      vertex 17.5307 238.293 112.766
      vertex 17.5307 233.3 112.766
    endloop
  endfacet
  facet normal -0.471726 0 0.881745
    outer loop
      vertex 13.7777 238.293 112.396
      vertex 14.4693 233.3 112.766
      vertex 14.4693 238.293 112.766
    endloop
  endfacet
  facet normal -0.471726 0 0.881745
    outer loop
      vertex 14.4693 233.3 112.766
      vertex 13.7777 238.293 112.396
      vertex 13.7777 233.3 112.396
    endloop
  endfacet
  facet normal -0.957016 0 0.290036
    outer loop
      vertex 12.0769 233.3 109.85
      vertex 12.3045 238.293 110.601
      vertex 12.0769 238.293 109.85
    endloop
  endfacet
  facet normal -0.957016 0 0.290036
    outer loop
      vertex 12.3045 238.293 110.601
      vertex 12.0769 233.3 109.85
      vertex 12.3045 233.3 110.601
    endloop
  endfacet
  facet normal 0.881787 -0 0.471648
    outer loop
      vertex 19.3259 233.3 111.292
      vertex 19.6955 238.293 110.601
      vertex 19.3259 238.293 111.292
    endloop
  endfacet
  facet normal 0.881787 0 0.471648
    outer loop
      vertex 19.6955 238.293 110.601
      vertex 19.3259 233.3 111.292
      vertex 19.6955 233.3 110.601
    endloop
  endfacet
  facet normal 0.63484 0 0.772644
    outer loop
      vertex 18.2223 238.293 112.396
      vertex 18.8284 233.3 111.898
      vertex 18.8284 238.293 111.898
    endloop
  endfacet
  facet normal 0.63484 0 0.772644
    outer loop
      vertex 18.8284 233.3 111.898
      vertex 18.2223 238.293 112.396
      vertex 18.2223 233.3 112.396
    endloop
  endfacet
  facet normal 0.289582 0 0.957153
    outer loop
      vertex 16.7804 238.293 112.993
      vertex 17.5307 233.3 112.766
      vertex 17.5307 238.293 112.766
    endloop
  endfacet
  facet normal 0.289582 0 0.957153
    outer loop
      vertex 17.5307 233.3 112.766
      vertex 16.7804 238.293 112.993
      vertex 16.7804 233.3 112.993
    endloop
  endfacet
  facet normal -0.0981906 0 0.995168
    outer loop
      vertex 15.2196 238.293 112.993
      vertex 16 233.3 113.07
      vertex 16 238.293 113.07
    endloop
  endfacet
  facet normal -0.0981906 0 0.995168
    outer loop
      vertex 16 233.3 113.07
      vertex 15.2196 238.293 112.993
      vertex 15.2196 233.3 112.993
    endloop
  endfacet
  facet normal -0.995175 0 -0.0981141
    outer loop
      vertex 12.0769 233.3 108.29
      vertex 12 238.293 109.07
      vertex 12.0769 238.293 108.29
    endloop
  endfacet
  facet normal -0.995175 -0 -0.0981141
    outer loop
      vertex 12 238.293 109.07
      vertex 12.0769 233.3 108.29
      vertex 12 233.3 109.07
    endloop
  endfacet
  facet normal -0.881787 0 0.471648
    outer loop
      vertex 12.3045 233.3 110.601
      vertex 12.6741 238.293 111.292
      vertex 12.3045 238.293 110.601
    endloop
  endfacet
  facet normal -0.881787 0 0.471648
    outer loop
      vertex 12.6741 238.293 111.292
      vertex 12.3045 233.3 110.601
      vertex 12.6741 233.3 111.292
    endloop
  endfacet
  facet normal 0.289582 0 -0.957153
    outer loop
      vertex 16.7804 233.3 105.147
      vertex 17.5307 238.293 105.374
      vertex 17.5307 233.3 105.374
    endloop
  endfacet
  facet normal 0.289582 0 -0.957153
    outer loop
      vertex 17.5307 238.293 105.374
      vertex 16.7804 233.3 105.147
      vertex 16.7804 238.293 105.147
    endloop
  endfacet
  facet normal 0.881787 0 -0.471648
    outer loop
      vertex 19.6955 233.3 107.539
      vertex 19.3259 238.293 106.848
      vertex 19.6955 238.293 107.539
    endloop
  endfacet
  facet normal 0.881787 0 -0.471648
    outer loop
      vertex 19.3259 238.293 106.848
      vertex 19.6955 233.3 107.539
      vertex 19.3259 233.3 106.848
    endloop
  endfacet
  facet normal 0.471726 0 -0.881745
    outer loop
      vertex 17.5307 233.3 105.374
      vertex 18.2223 238.293 105.744
      vertex 18.2223 233.3 105.744
    endloop
  endfacet
  facet normal 0.471726 0 -0.881745
    outer loop
      vertex 18.2223 238.293 105.744
      vertex 17.5307 233.3 105.374
      vertex 17.5307 238.293 105.374
    endloop
  endfacet
  facet normal 0.0981906 0 -0.995168
    outer loop
      vertex 16 233.3 105.07
      vertex 16.7804 238.293 105.147
      vertex 16.7804 233.3 105.147
    endloop
  endfacet
  facet normal 0.0981906 0 -0.995168
    outer loop
      vertex 16.7804 238.293 105.147
      vertex 16 233.3 105.07
      vertex 16 238.293 105.07
    endloop
  endfacet
  facet normal -0.289582 0 -0.957153
    outer loop
      vertex 14.4693 233.3 105.374
      vertex 15.2196 238.293 105.147
      vertex 15.2196 233.3 105.147
    endloop
  endfacet
  facet normal -0.289582 0 -0.957153
    outer loop
      vertex 15.2196 238.293 105.147
      vertex 14.4693 233.3 105.374
      vertex 14.4693 238.293 105.374
    endloop
  endfacet
  facet normal -0.772905 0 -0.634522
    outer loop
      vertex 13.1716 233.3 106.242
      vertex 12.6741 238.293 106.848
      vertex 13.1716 238.293 106.242
    endloop
  endfacet
  facet normal -0.772905 -0 -0.634522
    outer loop
      vertex 12.6741 238.293 106.848
      vertex 13.1716 233.3 106.242
      vertex 12.6741 233.3 106.848
    endloop
  endfacet
  facet normal 0.957016 -0 0.290036
    outer loop
      vertex 19.6955 233.3 110.601
      vertex 19.9231 238.293 109.85
      vertex 19.6955 238.293 110.601
    endloop
  endfacet
  facet normal 0.957016 0 0.290036
    outer loop
      vertex 19.9231 238.293 109.85
      vertex 19.6955 233.3 110.601
      vertex 19.9231 233.3 109.85
    endloop
  endfacet
  facet normal 0.772905 -0 0.634522
    outer loop
      vertex 18.8284 233.3 111.898
      vertex 19.3259 238.293 111.292
      vertex 18.8284 238.293 111.898
    endloop
  endfacet
  facet normal 0.772905 0 0.634522
    outer loop
      vertex 19.3259 238.293 111.292
      vertex 18.8284 233.3 111.898
      vertex 19.3259 233.3 111.292
    endloop
  endfacet
  facet normal 0.0981906 0 0.995168
    outer loop
      vertex 16 238.293 113.07
      vertex 16.7804 233.3 112.993
      vertex 16.7804 238.293 112.993
    endloop
  endfacet
  facet normal 0.0981906 0 0.995168
    outer loop
      vertex 16.7804 233.3 112.993
      vertex 16 238.293 113.07
      vertex 16 233.3 113.07
    endloop
  endfacet
  facet normal 0 -1 0
    outer loop
      vertex 16 233.3 111.07
      vertex 16 233.3 113.07
      vertex 15.2196 233.3 112.993
    endloop
  endfacet
  facet normal 0 -1 0
    outer loop
      vertex 15.6098 233.3 111.032
      vertex 15.2196 233.3 112.993
      vertex 14.4693 233.3 112.766
    endloop
  endfacet
  facet normal 0 -1 0
    outer loop
      vertex 16 233.3 113.07
      vertex 16 233.3 111.07
      vertex 16.7804 233.3 112.993
    endloop
  endfacet
  facet normal 0 -1 0
    outer loop
      vertex 15.2346 233.3 110.918
      vertex 14.4693 233.3 112.766
      vertex 13.7777 233.3 112.396
    endloop
  endfacet
  facet normal 0 -1 0
    outer loop
      vertex 16.3902 233.3 111.032
      vertex 16.7804 233.3 112.993
      vertex 16 233.3 111.07
    endloop
  endfacet
  facet normal 0 -1 0
    outer loop
      vertex 14.8889 233.3 110.733
      vertex 13.7777 233.3 112.396
      vertex 13.1716 233.3 111.898
    endloop
  endfacet
  facet normal 0 -1 -0
    outer loop
      vertex 16.7804 233.3 112.993
      vertex 16.3902 233.3 111.032
      vertex 17.5307 233.3 112.766
    endloop
  endfacet
  facet normal 0 -1 0
    outer loop
      vertex 14.5858 233.3 110.484
      vertex 13.1716 233.3 111.898
      vertex 12.6741 233.3 111.292
    endloop
  endfacet
  facet normal 0 -1 0
    outer loop
      vertex 16.7654 233.3 110.918
      vertex 17.5307 233.3 112.766
      vertex 16.3902 233.3 111.032
    endloop
  endfacet
  facet normal 0 -1 -0
    outer loop
      vertex 17.5307 233.3 112.766
      vertex 16.7654 233.3 110.918
      vertex 18.2223 233.3 112.396
    endloop
  endfacet
  facet normal 0 -1 0
    outer loop
      vertex 15.2196 233.3 112.993
      vertex 15.6098 233.3 111.032
      vertex 16 233.3 111.07
    endloop
  endfacet
  facet normal 0 -1 0
    outer loop
      vertex 14.4693 233.3 112.766
      vertex 15.2346 233.3 110.918
      vertex 15.6098 233.3 111.032
    endloop
  endfacet
  facet normal 0 -1 0
    outer loop
      vertex 13.7777 233.3 112.396
      vertex 14.8889 233.3 110.733
      vertex 15.2346 233.3 110.918
    endloop
  endfacet
  facet normal 0 -1 0
    outer loop
      vertex 14.3371 233.3 110.181
      vertex 12.6741 233.3 111.292
      vertex 12.3045 233.3 110.601
    endloop
  endfacet
  facet normal 0 -1 0
    outer loop
      vertex 13.1716 233.3 111.898
      vertex 14.5858 233.3 110.484
      vertex 14.8889 233.3 110.733
    endloop
  endfacet
  facet normal 0 -1 0
    outer loop
      vertex 12.6741 233.3 111.292
      vertex 14.3371 233.3 110.181
      vertex 14.5858 233.3 110.484
    endloop
  endfacet
  facet normal 0 -1 0
    outer loop
      vertex 14.1522 233.3 109.835
      vertex 12.3045 233.3 110.601
      vertex 12.0769 233.3 109.85
    endloop
  endfacet
  facet normal 0 -1 0
    outer loop
      vertex 12.3045 233.3 110.601
      vertex 14.1522 233.3 109.835
      vertex 14.3371 233.3 110.181
    endloop
  endfacet
  facet normal 0 -1 0
    outer loop
      vertex 12.0769 233.3 109.85
      vertex 14.0384 233.3 109.46
      vertex 14.1522 233.3 109.835
    endloop
  endfacet
  facet normal 0 -1 0
    outer loop
      vertex 12 233.3 109.07
      vertex 14.0384 233.3 109.46
      vertex 12.0769 233.3 109.85
    endloop
  endfacet
  facet normal 0 -1 0
    outer loop
      vertex 12 233.3 109.07
      vertex 14 233.3 109.07
      vertex 14.0384 233.3 109.46
    endloop
  endfacet
  facet normal 0 -1 0
    outer loop
      vertex 12 233.3 109.07
      vertex 14.0384 233.3 108.68
      vertex 14 233.3 109.07
    endloop
  endfacet
  facet normal 0 -1 0
    outer loop
      vertex 12.0769 233.3 108.29
      vertex 14.0384 233.3 108.68
      vertex 12 233.3 109.07
    endloop
  endfacet
  facet normal 0 -1 -0
    outer loop
      vertex 14.0384 233.3 108.68
      vertex 12.0769 233.3 108.29
      vertex 14.1522 233.3 108.305
    endloop
  endfacet
  facet normal 0 -1 0
    outer loop
      vertex 12.3045 233.3 107.539
      vertex 14.1522 233.3 108.305
      vertex 12.0769 233.3 108.29
    endloop
  endfacet
  facet normal 0 -1 -0
    outer loop
      vertex 14.1522 233.3 108.305
      vertex 12.3045 233.3 107.539
      vertex 14.3371 233.3 107.959
    endloop
  endfacet
  facet normal 0 -1 0
    outer loop
      vertex 12.6741 233.3 106.848
      vertex 14.3371 233.3 107.959
      vertex 12.3045 233.3 107.539
    endloop
  endfacet
  facet normal 0 -1 -0
    outer loop
      vertex 14.3371 233.3 107.959
      vertex 12.6741 233.3 106.848
      vertex 14.5858 233.3 107.656
    endloop
  endfacet
  facet normal 0 -1 0
    outer loop
      vertex 13.1716 233.3 106.242
      vertex 14.5858 233.3 107.656
      vertex 12.6741 233.3 106.848
    endloop
  endfacet
  facet normal 0 -1 -0
    outer loop
      vertex 14.5858 233.3 107.656
      vertex 13.1716 233.3 106.242
      vertex 14.8889 233.3 107.407
    endloop
  endfacet
  facet normal 0 -1 -0
    outer loop
      vertex 14.8889 233.3 107.407
      vertex 13.7777 233.3 105.744
      vertex 15.2346 233.3 107.222
    endloop
  endfacet
  facet normal 0 -1 0
    outer loop
      vertex 13.7777 233.3 105.744
      vertex 14.8889 233.3 107.407
      vertex 13.1716 233.3 106.242
    endloop
  endfacet
  facet normal 0 -1 0
    outer loop
      vertex 17.1111 233.3 110.733
      vertex 18.2223 233.3 112.396
      vertex 16.7654 233.3 110.918
    endloop
  endfacet
  facet normal 0 -1 -0
    outer loop
      vertex 18.2223 233.3 112.396
      vertex 17.1111 233.3 110.733
      vertex 18.8284 233.3 111.898
    endloop
  endfacet
  facet normal 0 -1 0
    outer loop
      vertex 17.4142 233.3 110.484
      vertex 18.8284 233.3 111.898
      vertex 17.1111 233.3 110.733
    endloop
  endfacet
  facet normal 0 -1 -0
    outer loop
      vertex 18.8284 233.3 111.898
      vertex 17.4142 233.3 110.484
      vertex 19.3259 233.3 111.292
    endloop
  endfacet
  facet normal 0 -1 0
    outer loop
      vertex 17.6629 233.3 110.181
      vertex 19.3259 233.3 111.292
      vertex 17.4142 233.3 110.484
    endloop
  endfacet
  facet normal 0 -1 -0
    outer loop
      vertex 19.3259 233.3 111.292
      vertex 17.6629 233.3 110.181
      vertex 19.6955 233.3 110.601
    endloop
  endfacet
  facet normal 0 -1 0
    outer loop
      vertex 17.8478 233.3 109.835
      vertex 19.6955 233.3 110.601
      vertex 17.6629 233.3 110.181
    endloop
  endfacet
  facet normal 0 -1 -0
    outer loop
      vertex 19.6955 233.3 110.601
      vertex 17.8478 233.3 109.835
      vertex 19.9231 233.3 109.85
    endloop
  endfacet
  facet normal 0 -1 0
    outer loop
      vertex 17.9616 233.3 109.46
      vertex 19.9231 233.3 109.85
      vertex 17.8478 233.3 109.835
    endloop
  endfacet
  facet normal 0 -1 0
    outer loop
      vertex 18 233.3 109.07
      vertex 19.9231 233.3 109.85
      vertex 17.9616 233.3 109.46
    endloop
  endfacet
  facet normal 0 -1 0
    outer loop
      vertex 18 233.3 109.07
      vertex 20 233.3 109.07
      vertex 19.9231 233.3 109.85
    endloop
  endfacet
  facet normal 0 -1 0
    outer loop
      vertex 17.9616 233.3 108.68
      vertex 20 233.3 109.07
      vertex 18 233.3 109.07
    endloop
  endfacet
  facet normal 0 -1 0
    outer loop
      vertex 19.9231 233.3 108.29
      vertex 17.9616 233.3 108.68
      vertex 17.8478 233.3 108.305
    endloop
  endfacet
  facet normal 0 -1 0
    outer loop
      vertex 17.9616 233.3 108.68
      vertex 19.9231 233.3 108.29
      vertex 20 233.3 109.07
    endloop
  endfacet
  facet normal 0 -1 0
    outer loop
      vertex 19.6955 233.3 107.539
      vertex 17.8478 233.3 108.305
      vertex 17.6629 233.3 107.959
    endloop
  endfacet
  facet normal 0 -1 0
    outer loop
      vertex 19.3259 233.3 106.848
      vertex 17.6629 233.3 107.959
      vertex 17.4142 233.3 107.656
    endloop
  endfacet
  facet normal 0 -1 0
    outer loop
      vertex 17.8478 233.3 108.305
      vertex 19.6955 233.3 107.539
      vertex 19.9231 233.3 108.29
    endloop
  endfacet
  facet normal 0 -1 0
    outer loop
      vertex 18.8284 233.3 106.242
      vertex 17.4142 233.3 107.656
      vertex 17.1111 233.3 107.407
    endloop
  endfacet
  facet normal 0 -1 0
    outer loop
      vertex 18.2223 233.3 105.744
      vertex 17.1111 233.3 107.407
      vertex 16.7654 233.3 107.222
    endloop
  endfacet
  facet normal 0 -1 0
    outer loop
      vertex 17.5307 233.3 105.374
      vertex 16.7654 233.3 107.222
      vertex 16.3902 233.3 107.108
    endloop
  endfacet
  facet normal 0 -1 0
    outer loop
      vertex 17.6629 233.3 107.959
      vertex 19.3259 233.3 106.848
      vertex 19.6955 233.3 107.539
    endloop
  endfacet
  facet normal 0 -1 0
    outer loop
      vertex 16.7804 233.3 105.147
      vertex 16.3902 233.3 107.108
      vertex 16 233.3 107.07
    endloop
  endfacet
  facet normal 0 -1 0
    outer loop
      vertex 14.4693 233.3 105.374
      vertex 15.2346 233.3 107.222
      vertex 13.7777 233.3 105.744
    endloop
  endfacet
  facet normal 0 -1 -0
    outer loop
      vertex 15.2346 233.3 107.222
      vertex 14.4693 233.3 105.374
      vertex 15.6098 233.3 107.108
    endloop
  endfacet
  facet normal 0 -1 0
    outer loop
      vertex 17.4142 233.3 107.656
      vertex 18.8284 233.3 106.242
      vertex 19.3259 233.3 106.848
    endloop
  endfacet
  facet normal 0 -1 0
    outer loop
      vertex 15.2196 233.3 105.147
      vertex 15.6098 233.3 107.108
      vertex 14.4693 233.3 105.374
    endloop
  endfacet
  facet normal 0 -1 0
    outer loop
      vertex 17.1111 233.3 107.407
      vertex 18.2223 233.3 105.744
      vertex 18.8284 233.3 106.242
    endloop
  endfacet
  facet normal 0 -1 -0
    outer loop
      vertex 15.6098 233.3 107.108
      vertex 15.2196 233.3 105.147
      vertex 16 233.3 107.07
    endloop
  endfacet
  facet normal 0 -1 0
    outer loop
      vertex 16.7654 233.3 107.222
      vertex 17.5307 233.3 105.374
      vertex 18.2223 233.3 105.744
    endloop
  endfacet
  facet normal 0 -1 0
    outer loop
      vertex 16 233.3 105.07
      vertex 16 233.3 107.07
      vertex 15.2196 233.3 105.147
    endloop
  endfacet
  facet normal 0 -1 0
    outer loop
      vertex 16.3902 233.3 107.108
      vertex 16.7804 233.3 105.147
      vertex 17.5307 233.3 105.374
    endloop
  endfacet
  facet normal 0 -1 0
    outer loop
      vertex 16 233.3 107.07
      vertex 16 233.3 105.07
      vertex 16.7804 233.3 105.147
    endloop
  endfacet
  facet normal -0.995175 0 0.0981141
    outer loop
      vertex 12 233.3 109.07
      vertex 12.0769 238.293 109.85
      vertex 12 238.293 109.07
    endloop
  endfacet
  facet normal -0.995175 0 0.0981141
    outer loop
      vertex 12.0769 238.293 109.85
      vertex 12 233.3 109.07
      vertex 12.0769 233.3 109.85
    endloop
  endfacet
  facet normal -0.289582 0 0.957153
    outer loop
      vertex 14.4693 238.293 112.766
      vertex 15.2196 233.3 112.993
      vertex 15.2196 238.293 112.993
    endloop
  endfacet
  facet normal -0.289582 0 0.957153
    outer loop
      vertex 15.2196 233.3 112.993
      vertex 14.4693 238.293 112.766
      vertex 14.4693 233.3 112.766
    endloop
  endfacet
  facet normal -0.63484 0 0.772644
    outer loop
      vertex 13.1716 238.293 111.898
      vertex 13.7777 233.3 112.396
      vertex 13.7777 238.293 112.396
    endloop
  endfacet
  facet normal -0.63484 0 0.772644
    outer loop
      vertex 13.7777 233.3 112.396
      vertex 13.1716 238.293 111.898
      vertex 13.1716 233.3 111.898
    endloop
  endfacet
  facet normal -0.772905 0 0.634522
    outer loop
      vertex 12.6741 233.3 111.292
      vertex 13.1716 238.293 111.898
      vertex 12.6741 238.293 111.292
    endloop
  endfacet
  facet normal -0.772905 0 0.634522
    outer loop
      vertex 13.1716 238.293 111.898
      vertex 12.6741 233.3 111.292
      vertex 13.1716 233.3 111.898
    endloop
  endfacet
  facet normal 0.957016 0 -0.290036
    outer loop
      vertex 19.9231 233.3 108.29
      vertex 19.6955 238.293 107.539
      vertex 19.9231 238.293 108.29
    endloop
  endfacet
  facet normal 0.957016 0 -0.290036
    outer loop
      vertex 19.6955 238.293 107.539
      vertex 19.9231 233.3 108.29
      vertex 19.6955 233.3 107.539
    endloop
  endfacet
  facet normal 0.63484 0 -0.772644
    outer loop
      vertex 18.2223 233.3 105.744
      vertex 18.8284 238.293 106.242
      vertex 18.8284 233.3 106.242
    endloop
  endfacet
  facet normal 0.63484 0 -0.772644
    outer loop
      vertex 18.8284 238.293 106.242
      vertex 18.2223 233.3 105.744
      vertex 18.2223 238.293 105.744
    endloop
  endfacet
  facet normal 0.772905 0 -0.634522
    outer loop
      vertex 19.3259 233.3 106.848
      vertex 18.8284 238.293 106.242
      vertex 19.3259 238.293 106.848
    endloop
  endfacet
  facet normal 0.772905 0 -0.634522
    outer loop
      vertex 18.8284 238.293 106.242
      vertex 19.3259 233.3 106.848
      vertex 18.8284 233.3 106.242
    endloop
  endfacet
  facet normal -0.471726 0 -0.881745
    outer loop
      vertex 13.7777 233.3 105.744
      vertex 14.4693 238.293 105.374
      vertex 14.4693 233.3 105.374
    endloop
  endfacet
  facet normal -0.471726 0 -0.881745
    outer loop
      vertex 14.4693 238.293 105.374
      vertex 13.7777 233.3 105.744
      vertex 13.7777 238.293 105.744
    endloop
  endfacet
  facet normal -0.957016 0 -0.290036
    outer loop
      vertex 12.3045 233.3 107.539
      vertex 12.0769 238.293 108.29
      vertex 12.3045 238.293 107.539
    endloop
  endfacet
  facet normal -0.957016 -0 -0.290036
    outer loop
      vertex 12.0769 238.293 108.29
      vertex 12.3045 233.3 107.539
      vertex 12.0769 233.3 108.29
    endloop
  endfacet
  facet normal -0.881787 0 -0.471648
    outer loop
      vertex 12.6741 233.3 106.848
      vertex 12.3045 238.293 107.539
      vertex 12.6741 238.293 106.848
    endloop
  endfacet
  facet normal -0.881787 -0 -0.471648
    outer loop
      vertex 12.3045 238.293 107.539
      vertex 12.6741 233.3 106.848
      vertex 12.3045 233.3 107.539
    endloop
  endfacet
  facet normal -0.63484 0 -0.772644
    outer loop
      vertex 13.1716 233.3 106.242
      vertex 13.7777 238.293 105.744
      vertex 13.7777 233.3 105.744
    endloop
  endfacet
  facet normal -0.63484 0 -0.772644
    outer loop
      vertex 13.7777 238.293 105.744
      vertex 13.1716 233.3 106.242
      vertex 13.1716 238.293 106.242
    endloop
  endfacet
  facet normal 0.995175 -0 0.0981141
    outer loop
      vertex 96.5231 233.3 109.85
      vertex 96.6 238.293 109.07
      vertex 96.5231 238.293 109.85
    endloop
  endfacet
  facet normal 0.995175 0 0.0981141
    outer loop
      vertex 96.6 238.293 109.07
      vertex 96.5231 233.3 109.85
      vertex 96.6 233.3 109.07
    endloop
  endfacet
  facet normal 0.957016 -0 0.290036
    outer loop
      vertex 96.2955 233.3 110.601
      vertex 96.5231 238.293 109.85
      vertex 96.2955 238.293 110.601
    endloop
  endfacet
  facet normal 0.957016 0 0.290036
    outer loop
      vertex 96.5231 238.293 109.85
      vertex 96.2955 233.3 110.601
      vertex 96.5231 233.3 109.85
    endloop
  endfacet
  facet normal 0.471726 0 0.881745
    outer loop
      vertex 94.1307 238.293 112.766
      vertex 94.8223 233.3 112.396
      vertex 94.8223 238.293 112.396
    endloop
  endfacet
  facet normal 0.471726 0 0.881745
    outer loop
      vertex 94.8223 233.3 112.396
      vertex 94.1307 238.293 112.766
      vertex 94.1307 233.3 112.766
    endloop
  endfacet
  facet normal -0.289582 0 0.957153
    outer loop
      vertex 91.0693 238.293 112.766
      vertex 91.8196 233.3 112.993
      vertex 91.8196 238.293 112.993
    endloop
  endfacet
  facet normal -0.289582 0 0.957153
    outer loop
      vertex 91.8196 233.3 112.993
      vertex 91.0693 238.293 112.766
      vertex 91.0693 233.3 112.766
    endloop
  endfacet
  facet normal -0.881787 0 0.471648
    outer loop
      vertex 88.9045 233.3 110.601
      vertex 89.2741 238.293 111.292
      vertex 88.9045 238.293 110.601
    endloop
  endfacet
  facet normal -0.881787 0 0.471648
    outer loop
      vertex 89.2741 238.293 111.292
      vertex 88.9045 233.3 110.601
      vertex 89.2741 233.3 111.292
    endloop
  endfacet
  facet normal 0.995175 0 -0.0981141
    outer loop
      vertex 96.6 233.3 109.07
      vertex 96.5231 238.293 108.29
      vertex 96.6 238.293 109.07
    endloop
  endfacet
  facet normal 0.995175 0 -0.0981141
    outer loop
      vertex 96.5231 238.293 108.29
      vertex 96.6 233.3 109.07
      vertex 96.5231 233.3 108.29
    endloop
  endfacet
  facet normal 0.289582 0 -0.957153
    outer loop
      vertex 93.3804 233.3 105.147
      vertex 94.1307 238.293 105.374
      vertex 94.1307 233.3 105.374
    endloop
  endfacet
  facet normal 0.289582 0 -0.957153
    outer loop
      vertex 94.1307 238.293 105.374
      vertex 93.3804 233.3 105.147
      vertex 93.3804 238.293 105.147
    endloop
  endfacet
  facet normal 0.772905 -0 0.634522
    outer loop
      vertex 95.4284 233.3 111.898
      vertex 95.9259 238.293 111.292
      vertex 95.4284 238.293 111.898
    endloop
  endfacet
  facet normal 0.772905 0 0.634522
    outer loop
      vertex 95.9259 238.293 111.292
      vertex 95.4284 233.3 111.898
      vertex 95.9259 233.3 111.292
    endloop
  endfacet
  facet normal 0.881787 -0 0.471648
    outer loop
      vertex 95.9259 233.3 111.292
      vertex 96.2955 238.293 110.601
      vertex 95.9259 238.293 111.292
    endloop
  endfacet
  facet normal 0.881787 0 0.471648
    outer loop
      vertex 96.2955 238.293 110.601
      vertex 95.9259 233.3 111.292
      vertex 96.2955 233.3 110.601
    endloop
  endfacet
  facet normal 0.0981906 0 0.995168
    outer loop
      vertex 92.6 238.293 113.07
      vertex 93.3804 233.3 112.993
      vertex 93.3804 238.293 112.993
    endloop
  endfacet
  facet normal 0.0981906 0 0.995168
    outer loop
      vertex 93.3804 233.3 112.993
      vertex 92.6 238.293 113.07
      vertex 92.6 233.3 113.07
    endloop
  endfacet
  facet normal -0.995175 0 0.0981141
    outer loop
      vertex 88.6 233.3 109.07
      vertex 88.6769 238.293 109.85
      vertex 88.6 238.293 109.07
    endloop
  endfacet
  facet normal -0.995175 0 0.0981141
    outer loop
      vertex 88.6769 238.293 109.85
      vertex 88.6 233.3 109.07
      vertex 88.6769 233.3 109.85
    endloop
  endfacet
  facet normal -0.772905 0 0.634522
    outer loop
      vertex 89.2741 233.3 111.292
      vertex 89.7716 238.293 111.898
      vertex 89.2741 238.293 111.292
    endloop
  endfacet
  facet normal -0.772905 0 0.634522
    outer loop
      vertex 89.7716 238.293 111.898
      vertex 89.2741 233.3 111.292
      vertex 89.7716 233.3 111.898
    endloop
  endfacet
  facet normal 0.63484 0 -0.772644
    outer loop
      vertex 94.8223 233.3 105.744
      vertex 95.4284 238.293 106.242
      vertex 95.4284 233.3 106.242
    endloop
  endfacet
  facet normal 0.63484 0 -0.772644
    outer loop
      vertex 95.4284 238.293 106.242
      vertex 94.8223 233.3 105.744
      vertex 94.8223 238.293 105.744
    endloop
  endfacet
  facet normal -0.881787 0 -0.471648
    outer loop
      vertex 89.2741 233.3 106.848
      vertex 88.9045 238.293 107.539
      vertex 89.2741 238.293 106.848
    endloop
  endfacet
  facet normal -0.881787 -0 -0.471648
    outer loop
      vertex 88.9045 238.293 107.539
      vertex 89.2741 233.3 106.848
      vertex 88.9045 233.3 107.539
    endloop
  endfacet
  facet normal 0.0981906 0 -0.995168
    outer loop
      vertex 92.6 233.3 105.07
      vertex 93.3804 238.293 105.147
      vertex 93.3804 233.3 105.147
    endloop
  endfacet
  facet normal 0.0981906 0 -0.995168
    outer loop
      vertex 93.3804 238.293 105.147
      vertex 92.6 233.3 105.07
      vertex 92.6 238.293 105.07
    endloop
  endfacet
  facet normal 0.289582 0 0.957153
    outer loop
      vertex 93.3804 238.293 112.993
      vertex 94.1307 233.3 112.766
      vertex 94.1307 238.293 112.766
    endloop
  endfacet
  facet normal 0.289582 0 0.957153
    outer loop
      vertex 94.1307 233.3 112.766
      vertex 93.3804 238.293 112.993
      vertex 93.3804 233.3 112.993
    endloop
  endfacet
  facet normal 0.63484 0 0.772644
    outer loop
      vertex 94.8223 238.293 112.396
      vertex 95.4284 233.3 111.898
      vertex 95.4284 238.293 111.898
    endloop
  endfacet
  facet normal 0.63484 0 0.772644
    outer loop
      vertex 95.4284 233.3 111.898
      vertex 94.8223 238.293 112.396
      vertex 94.8223 233.3 112.396
    endloop
  endfacet
  facet normal 0 -1 0
    outer loop
      vertex 92.6 233.3 111.07
      vertex 92.6 233.3 113.07
      vertex 91.8196 233.3 112.993
    endloop
  endfacet
  facet normal 0 -1 0
    outer loop
      vertex 92.2098 233.3 111.032
      vertex 91.8196 233.3 112.993
      vertex 91.0693 233.3 112.766
    endloop
  endfacet
  facet normal 0 -1 0
    outer loop
      vertex 92.6 233.3 113.07
      vertex 92.6 233.3 111.07
      vertex 93.3804 233.3 112.993
    endloop
  endfacet
  facet normal 0 -1 0
    outer loop
      vertex 91.8346 233.3 110.918
      vertex 91.0693 233.3 112.766
      vertex 90.3777 233.3 112.396
    endloop
  endfacet
  facet normal 0 -1 0
    outer loop
      vertex 92.9902 233.3 111.032
      vertex 93.3804 233.3 112.993
      vertex 92.6 233.3 111.07
    endloop
  endfacet
  facet normal 0 -1 0
    outer loop
      vertex 91.4889 233.3 110.733
      vertex 90.3777 233.3 112.396
      vertex 89.7716 233.3 111.898
    endloop
  endfacet
  facet normal 0 -1 -0
    outer loop
      vertex 93.3804 233.3 112.993
      vertex 92.9902 233.3 111.032
      vertex 94.1307 233.3 112.766
    endloop
  endfacet
  facet normal 0 -1 0
    outer loop
      vertex 91.1858 233.3 110.484
      vertex 89.7716 233.3 111.898
      vertex 89.2741 233.3 111.292
    endloop
  endfacet
  facet normal 0 -1 0
    outer loop
      vertex 93.3654 233.3 110.918
      vertex 94.1307 233.3 112.766
      vertex 92.9902 233.3 111.032
    endloop
  endfacet
  facet normal 0 -1 -0
    outer loop
      vertex 94.1307 233.3 112.766
      vertex 93.3654 233.3 110.918
      vertex 94.8223 233.3 112.396
    endloop
  endfacet
  facet normal 0 -1 0
    outer loop
      vertex 91.8196 233.3 112.993
      vertex 92.2098 233.3 111.032
      vertex 92.6 233.3 111.07
    endloop
  endfacet
  facet normal 0 -1 0
    outer loop
      vertex 91.0693 233.3 112.766
      vertex 91.8346 233.3 110.918
      vertex 92.2098 233.3 111.032
    endloop
  endfacet
  facet normal 0 -1 0
    outer loop
      vertex 90.3777 233.3 112.396
      vertex 91.4889 233.3 110.733
      vertex 91.8346 233.3 110.918
    endloop
  endfacet
  facet normal 0 -1 0
    outer loop
      vertex 90.9371 233.3 110.181
      vertex 89.2741 233.3 111.292
      vertex 88.9045 233.3 110.601
    endloop
  endfacet
  facet normal 0 -1 0
    outer loop
      vertex 89.7716 233.3 111.898
      vertex 91.1858 233.3 110.484
      vertex 91.4889 233.3 110.733
    endloop
  endfacet
  facet normal 0 -1 0
    outer loop
      vertex 89.2741 233.3 111.292
      vertex 90.9371 233.3 110.181
      vertex 91.1858 233.3 110.484
    endloop
  endfacet
  facet normal 0 -1 0
    outer loop
      vertex 90.7522 233.3 109.835
      vertex 88.9045 233.3 110.601
      vertex 88.6769 233.3 109.85
    endloop
  endfacet
  facet normal 0 -1 0
    outer loop
      vertex 88.9045 233.3 110.601
      vertex 90.7522 233.3 109.835
      vertex 90.9371 233.3 110.181
    endloop
  endfacet
  facet normal 0 -1 0
    outer loop
      vertex 88.6769 233.3 109.85
      vertex 90.6384 233.3 109.46
      vertex 90.7522 233.3 109.835
    endloop
  endfacet
  facet normal 0 -1 0
    outer loop
      vertex 88.6 233.3 109.07
      vertex 90.6384 233.3 109.46
      vertex 88.6769 233.3 109.85
    endloop
  endfacet
  facet normal 0 -1 0
    outer loop
      vertex 88.6 233.3 109.07
      vertex 90.6 233.3 109.07
      vertex 90.6384 233.3 109.46
    endloop
  endfacet
  facet normal 0 -1 0
    outer loop
      vertex 88.6 233.3 109.07
      vertex 90.6384 233.3 108.68
      vertex 90.6 233.3 109.07
    endloop
  endfacet
  facet normal 0 -1 0
    outer loop
      vertex 88.6769 233.3 108.29
      vertex 90.6384 233.3 108.68
      vertex 88.6 233.3 109.07
    endloop
  endfacet
  facet normal 0 -1 -0
    outer loop
      vertex 90.6384 233.3 108.68
      vertex 88.6769 233.3 108.29
      vertex 90.7522 233.3 108.305
    endloop
  endfacet
  facet normal 0 -1 0
    outer loop
      vertex 88.9045 233.3 107.539
      vertex 90.7522 233.3 108.305
      vertex 88.6769 233.3 108.29
    endloop
  endfacet
  facet normal 0 -1 -0
    outer loop
      vertex 90.7522 233.3 108.305
      vertex 88.9045 233.3 107.539
      vertex 90.9371 233.3 107.959
    endloop
  endfacet
  facet normal 0 -1 0
    outer loop
      vertex 89.2741 233.3 106.848
      vertex 90.9371 233.3 107.959
      vertex 88.9045 233.3 107.539
    endloop
  endfacet
  facet normal 0 -1 -0
    outer loop
      vertex 90.9371 233.3 107.959
      vertex 89.2741 233.3 106.848
      vertex 91.1858 233.3 107.656
    endloop
  endfacet
  facet normal 0 -1 0
    outer loop
      vertex 89.7716 233.3 106.242
      vertex 91.1858 233.3 107.656
      vertex 89.2741 233.3 106.848
    endloop
  endfacet
  facet normal 0 -1 -0
    outer loop
      vertex 91.1858 233.3 107.656
      vertex 89.7716 233.3 106.242
      vertex 91.4889 233.3 107.407
    endloop
  endfacet
  facet normal 0 -1 -0
    outer loop
      vertex 91.4889 233.3 107.407
      vertex 90.3777 233.3 105.744
      vertex 91.8346 233.3 107.222
    endloop
  endfacet
  facet normal 0 -1 0
    outer loop
      vertex 90.3777 233.3 105.744
      vertex 91.4889 233.3 107.407
      vertex 89.7716 233.3 106.242
    endloop
  endfacet
  facet normal 0 -1 0
    outer loop
      vertex 93.7111 233.3 110.733
      vertex 94.8223 233.3 112.396
      vertex 93.3654 233.3 110.918
    endloop
  endfacet
  facet normal 0 -1 -0
    outer loop
      vertex 94.8223 233.3 112.396
      vertex 93.7111 233.3 110.733
      vertex 95.4284 233.3 111.898
    endloop
  endfacet
  facet normal 0 -1 0
    outer loop
      vertex 94.0142 233.3 110.484
      vertex 95.4284 233.3 111.898
      vertex 93.7111 233.3 110.733
    endloop
  endfacet
  facet normal 0 -1 -0
    outer loop
      vertex 95.4284 233.3 111.898
      vertex 94.0142 233.3 110.484
      vertex 95.9259 233.3 111.292
    endloop
  endfacet
  facet normal 0 -1 0
    outer loop
      vertex 94.2629 233.3 110.181
      vertex 95.9259 233.3 111.292
      vertex 94.0142 233.3 110.484
    endloop
  endfacet
  facet normal 0 -1 -0
    outer loop
      vertex 95.9259 233.3 111.292
      vertex 94.2629 233.3 110.181
      vertex 96.2955 233.3 110.601
    endloop
  endfacet
  facet normal 0 -1 0
    outer loop
      vertex 94.4478 233.3 109.835
      vertex 96.2955 233.3 110.601
      vertex 94.2629 233.3 110.181
    endloop
  endfacet
  facet normal 0 -1 -0
    outer loop
      vertex 96.2955 233.3 110.601
      vertex 94.4478 233.3 109.835
      vertex 96.5231 233.3 109.85
    endloop
  endfacet
  facet normal 0 -1 0
    outer loop
      vertex 94.5616 233.3 109.46
      vertex 96.5231 233.3 109.85
      vertex 94.4478 233.3 109.835
    endloop
  endfacet
  facet normal 0 -1 0
    outer loop
      vertex 94.6 233.3 109.07
      vertex 96.5231 233.3 109.85
      vertex 94.5616 233.3 109.46
    endloop
  endfacet
  facet normal 0 -1 0
    outer loop
      vertex 94.6 233.3 109.07
      vertex 96.6 233.3 109.07
      vertex 96.5231 233.3 109.85
    endloop
  endfacet
  facet normal 0 -1 0
    outer loop
      vertex 94.5616 233.3 108.68
      vertex 96.6 233.3 109.07
      vertex 94.6 233.3 109.07
    endloop
  endfacet
  facet normal 0 -1 0
    outer loop
      vertex 96.5231 233.3 108.29
      vertex 94.5616 233.3 108.68
      vertex 94.4478 233.3 108.305
    endloop
  endfacet
  facet normal 0 -1 0
    outer loop
      vertex 94.5616 233.3 108.68
      vertex 96.5231 233.3 108.29
      vertex 96.6 233.3 109.07
    endloop
  endfacet
  facet normal 0 -1 0
    outer loop
      vertex 96.2955 233.3 107.539
      vertex 94.4478 233.3 108.305
      vertex 94.2629 233.3 107.959
    endloop
  endfacet
  facet normal 0 -1 0
    outer loop
      vertex 95.9259 233.3 106.848
      vertex 94.2629 233.3 107.959
      vertex 94.0142 233.3 107.656
    endloop
  endfacet
  facet normal 0 -1 0
    outer loop
      vertex 94.4478 233.3 108.305
      vertex 96.2955 233.3 107.539
      vertex 96.5231 233.3 108.29
    endloop
  endfacet
  facet normal 0 -1 0
    outer loop
      vertex 95.4284 233.3 106.242
      vertex 94.0142 233.3 107.656
      vertex 93.7111 233.3 107.407
    endloop
  endfacet
  facet normal 0 -1 0
    outer loop
      vertex 94.8223 233.3 105.744
      vertex 93.7111 233.3 107.407
      vertex 93.3654 233.3 107.222
    endloop
  endfacet
  facet normal 0 -1 0
    outer loop
      vertex 94.1307 233.3 105.374
      vertex 93.3654 233.3 107.222
      vertex 92.9902 233.3 107.108
    endloop
  endfacet
  facet normal 0 -1 0
    outer loop
      vertex 94.2629 233.3 107.959
      vertex 95.9259 233.3 106.848
      vertex 96.2955 233.3 107.539
    endloop
  endfacet
  facet normal 0 -1 0
    outer loop
      vertex 93.3804 233.3 105.147
      vertex 92.9902 233.3 107.108
      vertex 92.6 233.3 107.07
    endloop
  endfacet
  facet normal 0 -1 0
    outer loop
      vertex 91.0693 233.3 105.374
      vertex 91.8346 233.3 107.222
      vertex 90.3777 233.3 105.744
    endloop
  endfacet
  facet normal 0 -1 -0
    outer loop
      vertex 91.8346 233.3 107.222
      vertex 91.0693 233.3 105.374
      vertex 92.2098 233.3 107.108
    endloop
  endfacet
  facet normal 0 -1 0
    outer loop
      vertex 94.0142 233.3 107.656
      vertex 95.4284 233.3 106.242
      vertex 95.9259 233.3 106.848
    endloop
  endfacet
  facet normal 0 -1 0
    outer loop
      vertex 91.8196 233.3 105.147
      vertex 92.2098 233.3 107.108
      vertex 91.0693 233.3 105.374
    endloop
  endfacet
  facet normal 0 -1 0
    outer loop
      vertex 93.7111 233.3 107.407
      vertex 94.8223 233.3 105.744
      vertex 95.4284 233.3 106.242
    endloop
  endfacet
  facet normal 0 -1 -0
    outer loop
      vertex 92.2098 233.3 107.108
      vertex 91.8196 233.3 105.147
      vertex 92.6 233.3 107.07
    endloop
  endfacet
  facet normal 0 -1 0
    outer loop
      vertex 93.3654 233.3 107.222
      vertex 94.1307 233.3 105.374
      vertex 94.8223 233.3 105.744
    endloop
  endfacet
  facet normal 0 -1 0
    outer loop
      vertex 92.6 233.3 105.07
      vertex 92.6 233.3 107.07
      vertex 91.8196 233.3 105.147
    endloop
  endfacet
  facet normal 0 -1 0
    outer loop
      vertex 92.9902 233.3 107.108
      vertex 93.3804 233.3 105.147
      vertex 94.1307 233.3 105.374
    endloop
  endfacet
  facet normal 0 -1 0
    outer loop
      vertex 92.6 233.3 107.07
      vertex 92.6 233.3 105.07
      vertex 93.3804 233.3 105.147
    endloop
  endfacet
  facet normal -0.957016 0 0.290036
    outer loop
      vertex 88.6769 233.3 109.85
      vertex 88.9045 238.293 110.601
      vertex 88.6769 238.293 109.85
    endloop
  endfacet
  facet normal -0.957016 0 0.290036
    outer loop
      vertex 88.9045 238.293 110.601
      vertex 88.6769 233.3 109.85
      vertex 88.9045 233.3 110.601
    endloop
  endfacet
  facet normal -0.0981906 0 0.995168
    outer loop
      vertex 91.8196 238.293 112.993
      vertex 92.6 233.3 113.07
      vertex 92.6 238.293 113.07
    endloop
  endfacet
  facet normal -0.0981906 0 0.995168
    outer loop
      vertex 92.6 233.3 113.07
      vertex 91.8196 238.293 112.993
      vertex 91.8196 233.3 112.993
    endloop
  endfacet
  facet normal -0.471726 0 0.881745
    outer loop
      vertex 90.3777 238.293 112.396
      vertex 91.0693 233.3 112.766
      vertex 91.0693 238.293 112.766
    endloop
  endfacet
  facet normal -0.471726 0 0.881745
    outer loop
      vertex 91.0693 233.3 112.766
      vertex 90.3777 238.293 112.396
      vertex 90.3777 233.3 112.396
    endloop
  endfacet
  facet normal -0.63484 0 0.772644
    outer loop
      vertex 89.7716 238.293 111.898
      vertex 90.3777 233.3 112.396
      vertex 90.3777 238.293 112.396
    endloop
  endfacet
  facet normal -0.63484 0 0.772644
    outer loop
      vertex 90.3777 233.3 112.396
      vertex 89.7716 238.293 111.898
      vertex 89.7716 233.3 111.898
    endloop
  endfacet
  facet normal 0.957016 0 -0.290036
    outer loop
      vertex 96.5231 233.3 108.29
      vertex 96.2955 238.293 107.539
      vertex 96.5231 238.293 108.29
    endloop
  endfacet
  facet normal 0.957016 0 -0.290036
    outer loop
      vertex 96.2955 238.293 107.539
      vertex 96.5231 233.3 108.29
      vertex 96.2955 233.3 107.539
    endloop
  endfacet
  facet normal -0.63484 0 -0.772644
    outer loop
      vertex 89.7716 233.3 106.242
      vertex 90.3777 238.293 105.744
      vertex 90.3777 233.3 105.744
    endloop
  endfacet
  facet normal -0.63484 0 -0.772644
    outer loop
      vertex 90.3777 238.293 105.744
      vertex 89.7716 233.3 106.242
      vertex 89.7716 238.293 106.242
    endloop
  endfacet
  facet normal -0.995175 0 -0.0981141
    outer loop
      vertex 88.6769 233.3 108.29
      vertex 88.6 238.293 109.07
      vertex 88.6769 238.293 108.29
    endloop
  endfacet
  facet normal -0.995175 -0 -0.0981141
    outer loop
      vertex 88.6 238.293 109.07
      vertex 88.6769 233.3 108.29
      vertex 88.6 233.3 109.07
    endloop
  endfacet
  facet normal -0.772905 0 -0.634522
    outer loop
      vertex 89.7716 233.3 106.242
      vertex 89.2741 238.293 106.848
      vertex 89.7716 238.293 106.242
    endloop
  endfacet
  facet normal -0.772905 -0 -0.634522
    outer loop
      vertex 89.2741 238.293 106.848
      vertex 89.7716 233.3 106.242
      vertex 89.2741 233.3 106.848
    endloop
  endfacet
  facet normal 0.471726 0 -0.881745
    outer loop
      vertex 94.1307 233.3 105.374
      vertex 94.8223 238.293 105.744
      vertex 94.8223 233.3 105.744
    endloop
  endfacet
  facet normal 0.471726 0 -0.881745
    outer loop
      vertex 94.8223 238.293 105.744
      vertex 94.1307 233.3 105.374
      vertex 94.1307 238.293 105.374
    endloop
  endfacet
  facet normal 0.772905 0 -0.634522
    outer loop
      vertex 95.9259 233.3 106.848
      vertex 95.4284 238.293 106.242
      vertex 95.9259 238.293 106.848
    endloop
  endfacet
  facet normal 0.772905 0 -0.634522
    outer loop
      vertex 95.4284 238.293 106.242
      vertex 95.9259 233.3 106.848
      vertex 95.4284 233.3 106.242
    endloop
  endfacet
  facet normal 0.881787 0 -0.471648
    outer loop
      vertex 96.2955 233.3 107.539
      vertex 95.9259 238.293 106.848
      vertex 96.2955 238.293 107.539
    endloop
  endfacet
  facet normal 0.881787 0 -0.471648
    outer loop
      vertex 95.9259 238.293 106.848
      vertex 96.2955 233.3 107.539
      vertex 95.9259 233.3 106.848
    endloop
  endfacet
  facet normal -0.0981906 0 -0.995168
    outer loop
      vertex 91.8196 233.3 105.147
      vertex 92.6 238.293 105.07
      vertex 92.6 233.3 105.07
    endloop
  endfacet
  facet normal -0.0981906 0 -0.995168
    outer loop
      vertex 92.6 238.293 105.07
      vertex 91.8196 233.3 105.147
      vertex 91.8196 238.293 105.147
    endloop
  endfacet
  facet normal -0.957016 0 -0.290036
    outer loop
      vertex 88.9045 233.3 107.539
      vertex 88.6769 238.293 108.29
      vertex 88.9045 238.293 107.539
    endloop
  endfacet
  facet normal -0.957016 -0 -0.290036
    outer loop
      vertex 88.6769 238.293 108.29
      vertex 88.9045 233.3 107.539
      vertex 88.6769 233.3 108.29
    endloop
  endfacet
  facet normal -0.471726 0 -0.881745
    outer loop
      vertex 90.3777 233.3 105.744
      vertex 91.0693 238.293 105.374
      vertex 91.0693 233.3 105.374
    endloop
  endfacet
  facet normal -0.471726 0 -0.881745
    outer loop
      vertex 91.0693 238.293 105.374
      vertex 90.3777 233.3 105.744
      vertex 90.3777 238.293 105.744
    endloop
  endfacet
  facet normal -0.289582 0 -0.957153
    outer loop
      vertex 91.0693 233.3 105.374
      vertex 91.8196 238.293 105.147
      vertex 91.8196 233.3 105.147
    endloop
  endfacet
  facet normal -0.289582 0 -0.957153
    outer loop
      vertex 91.8196 238.293 105.147
      vertex 91.0693 233.3 105.374
      vertex 91.0693 238.293 105.374
    endloop
  endfacet
  facet normal -1 0 0
    outer loop
      vertex 107 22 3.2
      vertex 107 40 3.00722
      vertex 107 22 3.00722
    endloop
  endfacet
  facet normal -1 0 0
    outer loop
      vertex 107 40 3.00722
      vertex 107 22 3.2
      vertex 107 40 11.2
    endloop
  endfacet
  facet normal -1 0 0
    outer loop
      vertex 107 8 11.2
      vertex 107 22 3.2
      vertex 107 8 3.2
    endloop
  endfacet
  facet normal -1 0 0
    outer loop
      vertex 107 22 3.2
      vertex 107 8 11.2
      vertex 107 40 11.2
    endloop
  endfacet
  facet normal -1 0 0
    outer loop
      vertex 107 22 2.8
      vertex 107 24.5 3
      vertex 107 24.5 2.8
    endloop
  endfacet
  facet normal -1 -0 0
    outer loop
      vertex 107 24.5 3
      vertex 107 22 2.8
      vertex 107 22 3
    endloop
  endfacet
  facet normal -0 0 1
    outer loop
      vertex 107 40 11.2
      vertex 117 8 11.2
      vertex 117 40 11.2
    endloop
  endfacet
  facet normal 0 0 1
    outer loop
      vertex 117 8 11.2
      vertex 107 40 11.2
      vertex 107 8 11.2
    endloop
  endfacet
  facet normal 1 0 0
    outer loop
      vertex 117 40 11.2
      vertex 117 22 3.2
      vertex 117 40 3.00722
    endloop
  endfacet
  facet normal 1 -0 0
    outer loop
      vertex 117 8 11.2
      vertex 117 22 3.2
      vertex 117 40 11.2
    endloop
  endfacet
  facet normal 1 0 0
    outer loop
      vertex 117 22 3.2
      vertex 117 8 11.2
      vertex 117 8 3.2
    endloop
  endfacet
  facet normal 1 0 0
    outer loop
      vertex 117 40 3.00722
      vertex 117 22 3.2
      vertex 117 22 3.00722
    endloop
  endfacet
  facet normal 1 -0 0
    outer loop
      vertex 117 22 3
      vertex 117 24.5 2.8
      vertex 117 24.5 3
    endloop
  endfacet
  facet normal 1 0 0
    outer loop
      vertex 117 24.5 2.8
      vertex 117 22 3
      vertex 117 22 2.8
    endloop
  endfacet
  facet normal 0 1 -0
    outer loop
      vertex 117 40 3.00722
      vertex 107 40 11.2
      vertex 117 40 11.2
    endloop
  endfacet
  facet normal 0 1 0
    outer loop
      vertex 107 40 11.2
      vertex 117 40 3.00722
      vertex 107 40 3.00722
    endloop
  endfacet
  facet normal 0 0 -1
    outer loop
      vertex 113.962 12.3902 3.2
      vertex 117 8 3.2
      vertex 114 12 3.2
    endloop
  endfacet
  facet normal 0 0 -1
    outer loop
      vertex 117 8 3.2
      vertex 113.962 11.6098 3.2
      vertex 114 12 3.2
    endloop
  endfacet
  facet normal 0 0 -1
    outer loop
      vertex 117 8 3.2
      vertex 113.848 11.2346 3.2
      vertex 113.962 11.6098 3.2
    endloop
  endfacet
  facet normal 0 0 -1
    outer loop
      vertex 117 8 3.2
      vertex 113.663 10.8889 3.2
      vertex 113.848 11.2346 3.2
    endloop
  endfacet
  facet normal 0 0 -1
    outer loop
      vertex 117 8 3.2
      vertex 113.414 10.5858 3.2
      vertex 113.663 10.8889 3.2
    endloop
  endfacet
  facet normal 0 0 -1
    outer loop
      vertex 117 8 3.2
      vertex 113.111 10.3371 3.2
      vertex 113.414 10.5858 3.2
    endloop
  endfacet
  facet normal 0 0 -1
    outer loop
      vertex 117 8 3.2
      vertex 112.765 10.1522 3.2
      vertex 113.111 10.3371 3.2
    endloop
  endfacet
  facet normal 0 0 -1
    outer loop
      vertex 117 8 3.2
      vertex 112.39 10.0384 3.2
      vertex 112.765 10.1522 3.2
    endloop
  endfacet
  facet normal 0 0 -1
    outer loop
      vertex 117 8 3.2
      vertex 112 10 3.2
      vertex 112.39 10.0384 3.2
    endloop
  endfacet
  facet normal 0 0 -1
    outer loop
      vertex 107 8 3.2
      vertex 112 10 3.2
      vertex 117 8 3.2
    endloop
  endfacet
  facet normal -0 0 -1
    outer loop
      vertex 112 10 3.2
      vertex 107 8 3.2
      vertex 111.61 10.0384 3.2
    endloop
  endfacet
  facet normal -0 0 -1
    outer loop
      vertex 110.038 11.6098 3.2
      vertex 107 8 3.2
      vertex 110 12 3.2
    endloop
  endfacet
  facet normal -0 0 -1
    outer loop
      vertex 110.152 11.2346 3.2
      vertex 107 8 3.2
      vertex 110.038 11.6098 3.2
    endloop
  endfacet
  facet normal -0 0 -1
    outer loop
      vertex 110.337 10.8889 3.2
      vertex 107 8 3.2
      vertex 110.152 11.2346 3.2
    endloop
  endfacet
  facet normal -0 0 -1
    outer loop
      vertex 110.586 10.5858 3.2
      vertex 107 8 3.2
      vertex 110.337 10.8889 3.2
    endloop
  endfacet
  facet normal -0 0 -1
    outer loop
      vertex 110.889 10.3371 3.2
      vertex 107 8 3.2
      vertex 110.586 10.5858 3.2
    endloop
  endfacet
  facet normal -0 0 -1
    outer loop
      vertex 111.235 10.1522 3.2
      vertex 107 8 3.2
      vertex 110.889 10.3371 3.2
    endloop
  endfacet
  facet normal -0 0 -1
    outer loop
      vertex 111.61 10.0384 3.2
      vertex 107 8 3.2
      vertex 111.235 10.1522 3.2
    endloop
  endfacet
  facet normal 0 0 -1
    outer loop
      vertex 117 8 3.2
      vertex 113.962 12.3902 3.2
      vertex 117 22 3.2
    endloop
  endfacet
  facet normal 0 0 -1
    outer loop
      vertex 113.848 12.7654 3.2
      vertex 117 22 3.2
      vertex 113.962 12.3902 3.2
    endloop
  endfacet
  facet normal 0 0 -1
    outer loop
      vertex 113.663 13.1111 3.2
      vertex 117 22 3.2
      vertex 113.848 12.7654 3.2
    endloop
  endfacet
  facet normal 0 0 -1
    outer loop
      vertex 113.414 13.4142 3.2
      vertex 117 22 3.2
      vertex 113.663 13.1111 3.2
    endloop
  endfacet
  facet normal 0 0 -1
    outer loop
      vertex 113.111 13.6629 3.2
      vertex 117 22 3.2
      vertex 113.414 13.4142 3.2
    endloop
  endfacet
  facet normal 0 0 -1
    outer loop
      vertex 112.765 13.8478 3.2
      vertex 117 22 3.2
      vertex 113.111 13.6629 3.2
    endloop
  endfacet
  facet normal 0 0 -1
    outer loop
      vertex 112.39 13.9616 3.2
      vertex 117 22 3.2
      vertex 112.765 13.8478 3.2
    endloop
  endfacet
  facet normal 0 0 -1
    outer loop
      vertex 112 14 3.2
      vertex 117 22 3.2
      vertex 112.39 13.9616 3.2
    endloop
  endfacet
  facet normal 0 0 -1
    outer loop
      vertex 107 22 3.2
      vertex 112 14 3.2
      vertex 111.61 13.9616 3.2
    endloop
  endfacet
  facet normal 0 0 -1
    outer loop
      vertex 107 22 3.2
      vertex 111.61 13.9616 3.2
      vertex 111.235 13.8478 3.2
    endloop
  endfacet
  facet normal 0 0 -1
    outer loop
      vertex 107 22 3.2
      vertex 111.235 13.8478 3.2
      vertex 110.889 13.6629 3.2
    endloop
  endfacet
  facet normal 0 0 -1
    outer loop
      vertex 107 22 3.2
      vertex 110.889 13.6629 3.2
      vertex 110.586 13.4142 3.2
    endloop
  endfacet
  facet normal 0 0 -1
    outer loop
      vertex 107 22 3.2
      vertex 110.586 13.4142 3.2
      vertex 110.337 13.1111 3.2
    endloop
  endfacet
  facet normal 0 0 -1
    outer loop
      vertex 107 8 3.2
      vertex 110.038 12.3902 3.2
      vertex 110 12 3.2
    endloop
  endfacet
  facet normal 0 0 -1
    outer loop
      vertex 107 22 3.2
      vertex 110.038 12.3902 3.2
      vertex 107 8 3.2
    endloop
  endfacet
  facet normal 0 0 -1
    outer loop
      vertex 110.038 12.3902 3.2
      vertex 107 22 3.2
      vertex 110.152 12.7654 3.2
    endloop
  endfacet
  facet normal 0 0 -1
    outer loop
      vertex 112 14 3.2
      vertex 107 22 3.2
      vertex 117 22 3.2
    endloop
  endfacet
  facet normal 0 0 -1
    outer loop
      vertex 110.152 12.7654 3.2
      vertex 107 22 3.2
      vertex 110.337 13.1111 3.2
    endloop
  endfacet
  facet normal 0 -1 0
    outer loop
      vertex 107 8 3.2
      vertex 117 8 11.2
      vertex 107 8 11.2
    endloop
  endfacet
  facet normal 0 -1 -0
    outer loop
      vertex 117 8 11.2
      vertex 107 8 3.2
      vertex 117 8 3.2
    endloop
  endfacet
  facet normal 0 0 -1
    outer loop
      vertex 107 22 2.8
      vertex 117 24.5 2.8
      vertex 117 22 2.8
    endloop
  endfacet
  facet normal -0 0 -1
    outer loop
      vertex 117 24.5 2.8
      vertex 107 22 2.8
      vertex 107 24.5 2.8
    endloop
  endfacet
  facet normal 0 -1 0
    outer loop
      vertex 107 22 2.8
      vertex 117 22 3
      vertex 107 22 3
    endloop
  endfacet
  facet normal 0 -1 -0
    outer loop
      vertex 117 22 3
      vertex 107 22 2.8
      vertex 117 22 2.8
    endloop
  endfacet
  facet normal 0 -1 0
    outer loop
      vertex 107 22 3.00722
      vertex 117 22 3.2
      vertex 107 22 3.2
    endloop
  endfacet
  facet normal 0 -1 -0
    outer loop
      vertex 117 22 3.2
      vertex 107 22 3.00722
      vertex 117 22 3.00722
    endloop
  endfacet
  facet normal -0.471316 -0.881965 0
    outer loop
      vertex 112.765 13.8478 3.2
      vertex 113.111 13.6629 10.1
      vertex 112.765 13.8478 10.1
    endloop
  endfacet
  facet normal -0.471316 -0.881965 -0
    outer loop
      vertex 113.111 13.6629 10.1
      vertex 112.765 13.8478 3.2
      vertex 113.111 13.6629 3.2
    endloop
  endfacet
  facet normal 0.995291 -0.0969274 0
    outer loop
      vertex 110 12 10.1
      vertex 110.038 12.3902 3.2
      vertex 110.038 12.3902 10.1
    endloop
  endfacet
  facet normal 0.995291 -0.0969274 0
    outer loop
      vertex 110.038 12.3902 3.2
      vertex 110 12 10.1
      vertex 110 12 3.2
    endloop
  endfacet
  facet normal -0.995291 0.0969274 0
    outer loop
      vertex 113.962 11.6098 3.2
      vertex 114 12 10.1
      vertex 114 12 3.2
    endloop
  endfacet
  facet normal -0.995291 0.0969274 0
    outer loop
      vertex 114 12 10.1
      vertex 113.962 11.6098 3.2
      vertex 113.962 11.6098 10.1
    endloop
  endfacet
  facet normal 0.0979877 0.995188 -0
    outer loop
      vertex 112 10 3.2
      vertex 111.61 10.0384 10.1
      vertex 112 10 10.1
    endloop
  endfacet
  facet normal 0.0979877 0.995188 0
    outer loop
      vertex 111.61 10.0384 10.1
      vertex 112 10 3.2
      vertex 111.61 10.0384 3.2
    endloop
  endfacet
  facet normal 0.471316 -0.881965 0
    outer loop
      vertex 110.889 13.6629 3.2
      vertex 111.235 13.8478 10.1
      vertex 110.889 13.6629 10.1
    endloop
  endfacet
  facet normal 0.471316 -0.881965 0
    outer loop
      vertex 111.235 13.8478 10.1
      vertex 110.889 13.6629 3.2
      vertex 111.235 13.8478 3.2
    endloop
  endfacet
  facet normal 0.95681 -0.290715 0
    outer loop
      vertex 110.038 12.3902 10.1
      vertex 110.152 12.7654 3.2
      vertex 110.152 12.7654 10.1
    endloop
  endfacet
  facet normal 0.95681 -0.290715 0
    outer loop
      vertex 110.152 12.7654 3.2
      vertex 110.038 12.3902 10.1
      vertex 110.038 12.3902 3.2
    endloop
  endfacet
  facet normal -0.95681 -0.290715 0
    outer loop
      vertex 113.962 12.3902 3.2
      vertex 113.848 12.7654 10.1
      vertex 113.848 12.7654 3.2
    endloop
  endfacet
  facet normal -0.95681 -0.290715 0
    outer loop
      vertex 113.848 12.7654 10.1
      vertex 113.962 12.3902 3.2
      vertex 113.962 12.3902 10.1
    endloop
  endfacet
  facet normal -0.881688 -0.471832 0
    outer loop
      vertex 113.848 12.7654 3.2
      vertex 113.663 13.1111 10.1
      vertex 113.663 13.1111 3.2
    endloop
  endfacet
  facet normal -0.881688 -0.471832 0
    outer loop
      vertex 113.663 13.1111 10.1
      vertex 113.848 12.7654 3.2
      vertex 113.848 12.7654 10.1
    endloop
  endfacet
  facet normal -0.772695 -0.634777 0
    outer loop
      vertex 113.663 13.1111 3.2
      vertex 113.414 13.4142 10.1
      vertex 113.414 13.4142 3.2
    endloop
  endfacet
  facet normal -0.772695 -0.634777 0
    outer loop
      vertex 113.414 13.4142 10.1
      vertex 113.663 13.1111 3.2
      vertex 113.663 13.1111 10.1
    endloop
  endfacet
  facet normal -0.634446 -0.772968 0
    outer loop
      vertex 113.111 13.6629 3.2
      vertex 113.414 13.4142 10.1
      vertex 113.111 13.6629 10.1
    endloop
  endfacet
  facet normal -0.634446 -0.772968 -0
    outer loop
      vertex 113.414 13.4142 10.1
      vertex 113.111 13.6629 3.2
      vertex 113.414 13.4142 3.2
    endloop
  endfacet
  facet normal -0.29039 -0.956908 0
    outer loop
      vertex 112.39 13.9616 3.2
      vertex 112.765 13.8478 10.1
      vertex 112.39 13.9616 10.1
    endloop
  endfacet
  facet normal -0.29039 -0.956908 -0
    outer loop
      vertex 112.765 13.8478 10.1
      vertex 112.39 13.9616 3.2
      vertex 112.765 13.8478 3.2
    endloop
  endfacet
  facet normal 0.0979877 -0.995188 0
    outer loop
      vertex 111.61 13.9616 3.2
      vertex 112 14 10.1
      vertex 111.61 13.9616 10.1
    endloop
  endfacet
  facet normal 0.0979877 -0.995188 0
    outer loop
      vertex 112 14 10.1
      vertex 111.61 13.9616 3.2
      vertex 112 14 3.2
    endloop
  endfacet
  facet normal 0.995291 0.0969274 0
    outer loop
      vertex 110.038 11.6098 10.1
      vertex 110 12 3.2
      vertex 110 12 10.1
    endloop
  endfacet
  facet normal 0.995291 0.0969274 0
    outer loop
      vertex 110 12 3.2
      vertex 110.038 11.6098 10.1
      vertex 110.038 11.6098 3.2
    endloop
  endfacet
  facet normal 0.881688 -0.471832 0
    outer loop
      vertex 110.152 12.7654 10.1
      vertex 110.337 13.1111 3.2
      vertex 110.337 13.1111 10.1
    endloop
  endfacet
  facet normal 0.881688 -0.471832 0
    outer loop
      vertex 110.337 13.1111 3.2
      vertex 110.152 12.7654 10.1
      vertex 110.152 12.7654 3.2
    endloop
  endfacet
  facet normal 0.634446 -0.772968 0
    outer loop
      vertex 110.586 13.4142 3.2
      vertex 110.889 13.6629 10.1
      vertex 110.586 13.4142 10.1
    endloop
  endfacet
  facet normal 0.634446 -0.772968 0
    outer loop
      vertex 110.889 13.6629 10.1
      vertex 110.586 13.4142 3.2
      vertex 110.889 13.6629 3.2
    endloop
  endfacet
  facet normal 0.29039 -0.956908 0
    outer loop
      vertex 111.235 13.8478 3.2
      vertex 111.61 13.9616 10.1
      vertex 111.235 13.8478 10.1
    endloop
  endfacet
  facet normal 0.29039 -0.956908 0
    outer loop
      vertex 111.61 13.9616 10.1
      vertex 111.235 13.8478 3.2
      vertex 111.61 13.9616 3.2
    endloop
  endfacet
  facet normal 0.772695 -0.634777 0
    outer loop
      vertex 110.337 13.1111 10.1
      vertex 110.586 13.4142 3.2
      vertex 110.586 13.4142 10.1
    endloop
  endfacet
  facet normal 0.772695 -0.634777 0
    outer loop
      vertex 110.586 13.4142 3.2
      vertex 110.337 13.1111 10.1
      vertex 110.337 13.1111 3.2
    endloop
  endfacet
  facet normal -0.995291 -0.0969274 0
    outer loop
      vertex 114 12 3.2
      vertex 113.962 12.3902 10.1
      vertex 113.962 12.3902 3.2
    endloop
  endfacet
  facet normal -0.995291 -0.0969274 0
    outer loop
      vertex 113.962 12.3902 10.1
      vertex 114 12 3.2
      vertex 114 12 10.1
    endloop
  endfacet
  facet normal -0.29039 0.956908 0
    outer loop
      vertex 112.765 10.1522 3.2
      vertex 112.39 10.0384 10.1
      vertex 112.765 10.1522 10.1
    endloop
  endfacet
  facet normal -0.29039 0.956908 0
    outer loop
      vertex 112.39 10.0384 10.1
      vertex 112.765 10.1522 3.2
      vertex 112.39 10.0384 3.2
    endloop
  endfacet
  facet normal -0.471316 0.881965 0
    outer loop
      vertex 113.111 10.3371 3.2
      vertex 112.765 10.1522 10.1
      vertex 113.111 10.3371 10.1
    endloop
  endfacet
  facet normal -0.471316 0.881965 0
    outer loop
      vertex 112.765 10.1522 10.1
      vertex 113.111 10.3371 3.2
      vertex 112.765 10.1522 3.2
    endloop
  endfacet
  facet normal -0.634446 0.772968 0
    outer loop
      vertex 113.414 10.5858 3.2
      vertex 113.111 10.3371 10.1
      vertex 113.414 10.5858 10.1
    endloop
  endfacet
  facet normal -0.634446 0.772968 0
    outer loop
      vertex 113.111 10.3371 10.1
      vertex 113.414 10.5858 3.2
      vertex 113.111 10.3371 3.2
    endloop
  endfacet
  facet normal -0.881688 0.471832 0
    outer loop
      vertex 113.663 10.8889 3.2
      vertex 113.848 11.2346 10.1
      vertex 113.848 11.2346 3.2
    endloop
  endfacet
  facet normal -0.881688 0.471832 0
    outer loop
      vertex 113.848 11.2346 10.1
      vertex 113.663 10.8889 3.2
      vertex 113.663 10.8889 10.1
    endloop
  endfacet
  facet normal -0.0979877 0.995188 0
    outer loop
      vertex 112.39 10.0384 3.2
      vertex 112 10 10.1
      vertex 112.39 10.0384 10.1
    endloop
  endfacet
  facet normal -0.0979877 0.995188 0
    outer loop
      vertex 112 10 10.1
      vertex 112.39 10.0384 3.2
      vertex 112 10 3.2
    endloop
  endfacet
  facet normal 0.471316 0.881965 -0
    outer loop
      vertex 111.235 10.1522 3.2
      vertex 110.889 10.3371 10.1
      vertex 111.235 10.1522 10.1
    endloop
  endfacet
  facet normal 0.471316 0.881965 0
    outer loop
      vertex 110.889 10.3371 10.1
      vertex 111.235 10.1522 3.2
      vertex 110.889 10.3371 3.2
    endloop
  endfacet
  facet normal 0.772695 0.634777 0
    outer loop
      vertex 110.586 10.5858 10.1
      vertex 110.337 10.8889 3.2
      vertex 110.337 10.8889 10.1
    endloop
  endfacet
  facet normal 0.772695 0.634777 0
    outer loop
      vertex 110.337 10.8889 3.2
      vertex 110.586 10.5858 10.1
      vertex 110.586 10.5858 3.2
    endloop
  endfacet
  facet normal 0.95681 0.290715 0
    outer loop
      vertex 110.152 11.2346 10.1
      vertex 110.038 11.6098 3.2
      vertex 110.038 11.6098 10.1
    endloop
  endfacet
  facet normal 0.95681 0.290715 0
    outer loop
      vertex 110.038 11.6098 3.2
      vertex 110.152 11.2346 10.1
      vertex 110.152 11.2346 3.2
    endloop
  endfacet
  facet normal 0.634446 0.772968 -0
    outer loop
      vertex 110.889 10.3371 3.2
      vertex 110.586 10.5858 10.1
      vertex 110.889 10.3371 10.1
    endloop
  endfacet
  facet normal 0.634446 0.772968 0
    outer loop
      vertex 110.586 10.5858 10.1
      vertex 110.889 10.3371 3.2
      vertex 110.586 10.5858 3.2
    endloop
  endfacet
  facet normal -0.0979877 -0.995188 0
    outer loop
      vertex 112 14 3.2
      vertex 112.39 13.9616 10.1
      vertex 112 14 10.1
    endloop
  endfacet
  facet normal -0.0979877 -0.995188 -0
    outer loop
      vertex 112.39 13.9616 10.1
      vertex 112 14 3.2
      vertex 112.39 13.9616 3.2
    endloop
  endfacet
  facet normal 0 0 -1
    outer loop
      vertex 113.962 11.6098 10.1
      vertex 113.962 12.3902 10.1
      vertex 114 12 10.1
    endloop
  endfacet
  facet normal 0 0 -1
    outer loop
      vertex 113.848 11.2346 10.1
      vertex 113.962 12.3902 10.1
      vertex 113.962 11.6098 10.1
    endloop
  endfacet
  facet normal 0 0 -1
    outer loop
      vertex 113.848 11.2346 10.1
      vertex 113.848 12.7654 10.1
      vertex 113.962 12.3902 10.1
    endloop
  endfacet
  facet normal 0 0 -1
    outer loop
      vertex 113.663 10.8889 10.1
      vertex 113.848 12.7654 10.1
      vertex 113.848 11.2346 10.1
    endloop
  endfacet
  facet normal 0 0 -1
    outer loop
      vertex 113.663 10.8889 10.1
      vertex 113.663 13.1111 10.1
      vertex 113.848 12.7654 10.1
    endloop
  endfacet
  facet normal 0 0 -1
    outer loop
      vertex 113.414 10.5858 10.1
      vertex 113.663 13.1111 10.1
      vertex 113.663 10.8889 10.1
    endloop
  endfacet
  facet normal 0 0 -1
    outer loop
      vertex 113.414 10.5858 10.1
      vertex 113.414 13.4142 10.1
      vertex 113.663 13.1111 10.1
    endloop
  endfacet
  facet normal 0 0 -1
    outer loop
      vertex 113.111 10.3371 10.1
      vertex 113.414 13.4142 10.1
      vertex 113.414 10.5858 10.1
    endloop
  endfacet
  facet normal 0 0 -1
    outer loop
      vertex 113.111 10.3371 10.1
      vertex 113.111 13.6629 10.1
      vertex 113.414 13.4142 10.1
    endloop
  endfacet
  facet normal 0 0 -1
    outer loop
      vertex 112.765 10.1522 10.1
      vertex 113.111 13.6629 10.1
      vertex 113.111 10.3371 10.1
    endloop
  endfacet
  facet normal 0 0 -1
    outer loop
      vertex 112.765 10.1522 10.1
      vertex 112.765 13.8478 10.1
      vertex 113.111 13.6629 10.1
    endloop
  endfacet
  facet normal 0 0 -1
    outer loop
      vertex 112.39 10.0384 10.1
      vertex 112.765 13.8478 10.1
      vertex 112.765 10.1522 10.1
    endloop
  endfacet
  facet normal 0 0 -1
    outer loop
      vertex 112.39 10.0384 10.1
      vertex 112.39 13.9616 10.1
      vertex 112.765 13.8478 10.1
    endloop
  endfacet
  facet normal 0 0 -1
    outer loop
      vertex 112 10 10.1
      vertex 112.39 13.9616 10.1
      vertex 112.39 10.0384 10.1
    endloop
  endfacet
  facet normal 0 0 -1
    outer loop
      vertex 112 10 10.1
      vertex 112 14 10.1
      vertex 112.39 13.9616 10.1
    endloop
  endfacet
  facet normal 0 0 -1
    outer loop
      vertex 111.61 10.0384 10.1
      vertex 112 14 10.1
      vertex 112 10 10.1
    endloop
  endfacet
  facet normal 0 0 -1
    outer loop
      vertex 111.61 10.0384 10.1
      vertex 111.61 13.9616 10.1
      vertex 112 14 10.1
    endloop
  endfacet
  facet normal 0 0 -1
    outer loop
      vertex 111.235 10.1522 10.1
      vertex 111.61 13.9616 10.1
      vertex 111.61 10.0384 10.1
    endloop
  endfacet
  facet normal 0 0 -1
    outer loop
      vertex 111.235 10.1522 10.1
      vertex 111.235 13.8478 10.1
      vertex 111.61 13.9616 10.1
    endloop
  endfacet
  facet normal 0 0 -1
    outer loop
      vertex 110.889 10.3371 10.1
      vertex 111.235 13.8478 10.1
      vertex 111.235 10.1522 10.1
    endloop
  endfacet
  facet normal 0 0 -1
    outer loop
      vertex 110.889 10.3371 10.1
      vertex 110.889 13.6629 10.1
      vertex 111.235 13.8478 10.1
    endloop
  endfacet
  facet normal 0 0 -1
    outer loop
      vertex 110.586 10.5858 10.1
      vertex 110.889 13.6629 10.1
      vertex 110.889 10.3371 10.1
    endloop
  endfacet
  facet normal 0 0 -1
    outer loop
      vertex 110.586 10.5858 10.1
      vertex 110.586 13.4142 10.1
      vertex 110.889 13.6629 10.1
    endloop
  endfacet
  facet normal 0 0 -1
    outer loop
      vertex 110.337 10.8889 10.1
      vertex 110.586 13.4142 10.1
      vertex 110.586 10.5858 10.1
    endloop
  endfacet
  facet normal 0 0 -1
    outer loop
      vertex 110.337 10.8889 10.1
      vertex 110.337 13.1111 10.1
      vertex 110.586 13.4142 10.1
    endloop
  endfacet
  facet normal 0 0 -1
    outer loop
      vertex 110.152 11.2346 10.1
      vertex 110.337 13.1111 10.1
      vertex 110.337 10.8889 10.1
    endloop
  endfacet
  facet normal 0 0 -1
    outer loop
      vertex 110.152 11.2346 10.1
      vertex 110.152 12.7654 10.1
      vertex 110.337 13.1111 10.1
    endloop
  endfacet
  facet normal 0 0 -1
    outer loop
      vertex 110.038 11.6098 10.1
      vertex 110.152 12.7654 10.1
      vertex 110.152 11.2346 10.1
    endloop
  endfacet
  facet normal 0 0 -1
    outer loop
      vertex 110.038 11.6098 10.1
      vertex 110.038 12.3902 10.1
      vertex 110.152 12.7654 10.1
    endloop
  endfacet
  facet normal 0 -0 -1
    outer loop
      vertex 110.038 12.3902 10.1
      vertex 110.038 11.6098 10.1
      vertex 110 12 10.1
    endloop
  endfacet
  facet normal -0.772695 0.634777 0
    outer loop
      vertex 113.414 10.5858 3.2
      vertex 113.663 10.8889 10.1
      vertex 113.663 10.8889 3.2
    endloop
  endfacet
  facet normal -0.772695 0.634777 0
    outer loop
      vertex 113.663 10.8889 10.1
      vertex 113.414 10.5858 3.2
      vertex 113.414 10.5858 10.1
    endloop
  endfacet
  facet normal -0.95681 0.290715 0
    outer loop
      vertex 113.848 11.2346 3.2
      vertex 113.962 11.6098 10.1
      vertex 113.962 11.6098 3.2
    endloop
  endfacet
  facet normal -0.95681 0.290715 0
    outer loop
      vertex 113.962 11.6098 10.1
      vertex 113.848 11.2346 3.2
      vertex 113.848 11.2346 10.1
    endloop
  endfacet
  facet normal 0.29039 0.956908 -0
    outer loop
      vertex 111.61 10.0384 3.2
      vertex 111.235 10.1522 10.1
      vertex 111.61 10.0384 10.1
    endloop
  endfacet
  facet normal 0.29039 0.956908 0
    outer loop
      vertex 111.235 10.1522 10.1
      vertex 111.61 10.0384 3.2
      vertex 111.235 10.1522 3.2
    endloop
  endfacet
  facet normal 0.881688 0.471832 0
    outer loop
      vertex 110.337 10.8889 10.1
      vertex 110.152 11.2346 3.2
      vertex 110.152 11.2346 10.1
    endloop
  endfacet
  facet normal 0.881688 0.471832 0
    outer loop
      vertex 110.152 11.2346 3.2
      vertex 110.337 10.8889 10.1
      vertex 110.337 10.8889 3.2
    endloop
  endfacet
  facet normal -0.471832 0 0.881688
    outer loop
      vertex 16.7654 239.69 107.222
      vertex 17.1111 233.3 107.407
      vertex 17.1111 239.69 107.407
    endloop
  endfacet
  facet normal -0.471832 0 0.881688
    outer loop
      vertex 17.1111 233.3 107.407
      vertex 16.7654 239.69 107.222
      vertex 16.7654 233.3 107.222
    endloop
  endfacet
  facet normal -0.995188 0 -0.0979877
    outer loop
      vertex 18 233.3 109.07
      vertex 17.9616 239.69 109.46
      vertex 18 239.69 109.07
    endloop
  endfacet
  facet normal -0.995188 -0 -0.0979877
    outer loop
      vertex 17.9616 239.69 109.46
      vertex 18 233.3 109.07
      vertex 17.9616 233.3 109.46
    endloop
  endfacet
  facet normal 0.0969274 0 -0.995291
    outer loop
      vertex 15.6098 233.3 111.032
      vertex 16 239.69 111.07
      vertex 16 233.3 111.07
    endloop
  endfacet
  facet normal 0.0969274 0 -0.995291
    outer loop
      vertex 16 239.69 111.07
      vertex 15.6098 233.3 111.032
      vertex 15.6098 239.69 111.032
    endloop
  endfacet
  facet normal 0.471832 0 0.881688
    outer loop
      vertex 14.8889 239.69 107.407
      vertex 15.2346 233.3 107.222
      vertex 15.2346 239.69 107.222
    endloop
  endfacet
  facet normal 0.471832 0 0.881688
    outer loop
      vertex 15.2346 233.3 107.222
      vertex 14.8889 239.69 107.407
      vertex 14.8889 233.3 107.407
    endloop
  endfacet
  facet normal 0.956908 -0 0.29039
    outer loop
      vertex 14.0384 233.3 108.68
      vertex 14.1522 239.69 108.305
      vertex 14.0384 239.69 108.68
    endloop
  endfacet
  facet normal 0.956908 0 0.29039
    outer loop
      vertex 14.1522 239.69 108.305
      vertex 14.0384 233.3 108.68
      vertex 14.1522 233.3 108.305
    endloop
  endfacet
  facet normal -0.881965 0 0.471316
    outer loop
      vertex 17.6629 233.3 107.959
      vertex 17.8478 239.69 108.305
      vertex 17.6629 239.69 107.959
    endloop
  endfacet
  facet normal -0.881965 0 0.471316
    outer loop
      vertex 17.8478 239.69 108.305
      vertex 17.6629 233.3 107.959
      vertex 17.8478 233.3 108.305
    endloop
  endfacet
  facet normal -0.772968 0 0.634446
    outer loop
      vertex 17.4142 233.3 107.656
      vertex 17.6629 239.69 107.959
      vertex 17.4142 239.69 107.656
    endloop
  endfacet
  facet normal -0.772968 0 0.634446
    outer loop
      vertex 17.6629 239.69 107.959
      vertex 17.4142 233.3 107.656
      vertex 17.6629 233.3 107.959
    endloop
  endfacet
  facet normal -0.634777 0 0.772695
    outer loop
      vertex 17.1111 239.69 107.407
      vertex 17.4142 233.3 107.656
      vertex 17.4142 239.69 107.656
    endloop
  endfacet
  facet normal -0.634777 0 0.772695
    outer loop
      vertex 17.4142 233.3 107.656
      vertex 17.1111 239.69 107.407
      vertex 17.1111 233.3 107.407
    endloop
  endfacet
  facet normal -0.290715 0 0.95681
    outer loop
      vertex 16.3902 239.69 107.108
      vertex 16.7654 233.3 107.222
      vertex 16.7654 239.69 107.222
    endloop
  endfacet
  facet normal -0.290715 0 0.95681
    outer loop
      vertex 16.7654 233.3 107.222
      vertex 16.3902 239.69 107.108
      vertex 16.3902 233.3 107.108
    endloop
  endfacet
  facet normal 0.0969274 0 0.995291
    outer loop
      vertex 15.6098 239.69 107.108
      vertex 16 233.3 107.07
      vertex 16 239.69 107.07
    endloop
  endfacet
  facet normal 0.0969274 0 0.995291
    outer loop
      vertex 16 233.3 107.07
      vertex 15.6098 239.69 107.108
      vertex 15.6098 233.3 107.108
    endloop
  endfacet
  facet normal 0.995188 0 -0.0979877
    outer loop
      vertex 14.0384 233.3 109.46
      vertex 14 239.69 109.07
      vertex 14.0384 239.69 109.46
    endloop
  endfacet
  facet normal 0.995188 0 -0.0979877
    outer loop
      vertex 14 239.69 109.07
      vertex 14.0384 233.3 109.46
      vertex 14 233.3 109.07
    endloop
  endfacet
  facet normal 0.881965 -0 0.471316
    outer loop
      vertex 14.1522 233.3 108.305
      vertex 14.3371 239.69 107.959
      vertex 14.1522 239.69 108.305
    endloop
  endfacet
  facet normal 0.881965 0 0.471316
    outer loop
      vertex 14.3371 239.69 107.959
      vertex 14.1522 233.3 108.305
      vertex 14.3371 233.3 107.959
    endloop
  endfacet
  facet normal 0.634777 0 0.772695
    outer loop
      vertex 14.5858 239.69 107.656
      vertex 14.8889 233.3 107.407
      vertex 14.8889 239.69 107.407
    endloop
  endfacet
  facet normal 0.634777 0 0.772695
    outer loop
      vertex 14.8889 233.3 107.407
      vertex 14.5858 239.69 107.656
      vertex 14.5858 233.3 107.656
    endloop
  endfacet
  facet normal 0.290715 0 0.95681
    outer loop
      vertex 15.2346 239.69 107.222
      vertex 15.6098 233.3 107.108
      vertex 15.6098 239.69 107.108
    endloop
  endfacet
  facet normal 0.290715 0 0.95681
    outer loop
      vertex 15.6098 233.3 107.108
      vertex 15.2346 239.69 107.222
      vertex 15.2346 233.3 107.222
    endloop
  endfacet
  facet normal 0.772968 -0 0.634446
    outer loop
      vertex 14.3371 233.3 107.959
      vertex 14.5858 239.69 107.656
      vertex 14.3371 239.69 107.959
    endloop
  endfacet
  facet normal 0.772968 0 0.634446
    outer loop
      vertex 14.5858 239.69 107.656
      vertex 14.3371 233.3 107.959
      vertex 14.5858 233.3 107.656
    endloop
  endfacet
  facet normal -0.995188 0 0.0979877
    outer loop
      vertex 17.9616 233.3 108.68
      vertex 18 239.69 109.07
      vertex 17.9616 239.69 108.68
    endloop
  endfacet
  facet normal -0.995188 0 0.0979877
    outer loop
      vertex 18 239.69 109.07
      vertex 17.9616 233.3 108.68
      vertex 18 233.3 109.07
    endloop
  endfacet
  facet normal -0.290715 0 -0.95681
    outer loop
      vertex 16.3902 233.3 111.032
      vertex 16.7654 239.69 110.918
      vertex 16.7654 233.3 110.918
    endloop
  endfacet
  facet normal -0.290715 0 -0.95681
    outer loop
      vertex 16.7654 239.69 110.918
      vertex 16.3902 233.3 111.032
      vertex 16.3902 239.69 111.032
    endloop
  endfacet
  facet normal -0.471832 0 -0.881688
    outer loop
      vertex 16.7654 233.3 110.918
      vertex 17.1111 239.69 110.733
      vertex 17.1111 233.3 110.733
    endloop
  endfacet
  facet normal -0.471832 0 -0.881688
    outer loop
      vertex 17.1111 239.69 110.733
      vertex 16.7654 233.3 110.918
      vertex 16.7654 239.69 110.918
    endloop
  endfacet
  facet normal -0.634777 0 -0.772695
    outer loop
      vertex 17.1111 233.3 110.733
      vertex 17.4142 239.69 110.484
      vertex 17.4142 233.3 110.484
    endloop
  endfacet
  facet normal -0.634777 0 -0.772695
    outer loop
      vertex 17.4142 239.69 110.484
      vertex 17.1111 233.3 110.733
      vertex 17.1111 239.69 110.733
    endloop
  endfacet
  facet normal -0.881965 0 -0.471316
    outer loop
      vertex 17.8478 233.3 109.835
      vertex 17.6629 239.69 110.181
      vertex 17.8478 239.69 109.835
    endloop
  endfacet
  facet normal -0.881965 -0 -0.471316
    outer loop
      vertex 17.6629 239.69 110.181
      vertex 17.8478 233.3 109.835
      vertex 17.6629 233.3 110.181
    endloop
  endfacet
  facet normal -0.0969274 0 -0.995291
    outer loop
      vertex 16 233.3 111.07
      vertex 16.3902 239.69 111.032
      vertex 16.3902 233.3 111.032
    endloop
  endfacet
  facet normal -0.0969274 0 -0.995291
    outer loop
      vertex 16.3902 239.69 111.032
      vertex 16 233.3 111.07
      vertex 16 239.69 111.07
    endloop
  endfacet
  facet normal 0.471832 0 -0.881688
    outer loop
      vertex 14.8889 233.3 110.733
      vertex 15.2346 239.69 110.918
      vertex 15.2346 233.3 110.918
    endloop
  endfacet
  facet normal 0.471832 0 -0.881688
    outer loop
      vertex 15.2346 239.69 110.918
      vertex 14.8889 233.3 110.733
      vertex 14.8889 239.69 110.733
    endloop
  endfacet
  facet normal 0.772968 0 -0.634446
    outer loop
      vertex 14.5858 233.3 110.484
      vertex 14.3371 239.69 110.181
      vertex 14.5858 239.69 110.484
    endloop
  endfacet
  facet normal 0.772968 0 -0.634446
    outer loop
      vertex 14.3371 239.69 110.181
      vertex 14.5858 233.3 110.484
      vertex 14.3371 233.3 110.181
    endloop
  endfacet
  facet normal 0.956908 0 -0.29039
    outer loop
      vertex 14.1522 233.3 109.835
      vertex 14.0384 239.69 109.46
      vertex 14.1522 239.69 109.835
    endloop
  endfacet
  facet normal 0.956908 0 -0.29039
    outer loop
      vertex 14.0384 239.69 109.46
      vertex 14.1522 233.3 109.835
      vertex 14.0384 233.3 109.46
    endloop
  endfacet
  facet normal -0.956908 0 0.29039
    outer loop
      vertex 17.8478 233.3 108.305
      vertex 17.9616 239.69 108.68
      vertex 17.8478 239.69 108.305
    endloop
  endfacet
  facet normal -0.956908 0 0.29039
    outer loop
      vertex 17.9616 239.69 108.68
      vertex 17.8478 233.3 108.305
      vertex 17.9616 233.3 108.68
    endloop
  endfacet
  facet normal -0.0969274 0 0.995291
    outer loop
      vertex 16 239.69 107.07
      vertex 16.3902 233.3 107.108
      vertex 16.3902 239.69 107.108
    endloop
  endfacet
  facet normal -0.0969274 0 0.995291
    outer loop
      vertex 16.3902 233.3 107.108
      vertex 16 239.69 107.07
      vertex 16 233.3 107.07
    endloop
  endfacet
  facet normal 0 -1 0
    outer loop
      vertex 15.6098 239.69 111.032
      vertex 16.3902 239.69 111.032
      vertex 16 239.69 111.07
    endloop
  endfacet
  facet normal 0 -1 0
    outer loop
      vertex 15.2346 239.69 110.918
      vertex 16.3902 239.69 111.032
      vertex 15.6098 239.69 111.032
    endloop
  endfacet
  facet normal 0 -1 0
    outer loop
      vertex 15.2346 239.69 110.918
      vertex 16.7654 239.69 110.918
      vertex 16.3902 239.69 111.032
    endloop
  endfacet
  facet normal 0 -1 0
    outer loop
      vertex 14.8889 239.69 110.733
      vertex 16.7654 239.69 110.918
      vertex 15.2346 239.69 110.918
    endloop
  endfacet
  facet normal 0 -1 0
    outer loop
      vertex 14.8889 239.69 110.733
      vertex 17.1111 239.69 110.733
      vertex 16.7654 239.69 110.918
    endloop
  endfacet
  facet normal 0 -1 0
    outer loop
      vertex 14.5858 239.69 110.484
      vertex 17.1111 239.69 110.733
      vertex 14.8889 239.69 110.733
    endloop
  endfacet
  facet normal 0 -1 0
    outer loop
      vertex 14.5858 239.69 110.484
      vertex 17.4142 239.69 110.484
      vertex 17.1111 239.69 110.733
    endloop
  endfacet
  facet normal 0 -1 0
    outer loop
      vertex 14.3371 239.69 110.181
      vertex 17.4142 239.69 110.484
      vertex 14.5858 239.69 110.484
    endloop
  endfacet
  facet normal 0 -1 0
    outer loop
      vertex 14.3371 239.69 110.181
      vertex 17.6629 239.69 110.181
      vertex 17.4142 239.69 110.484
    endloop
  endfacet
  facet normal 0 -1 0
    outer loop
      vertex 14.1522 239.69 109.835
      vertex 17.6629 239.69 110.181
      vertex 14.3371 239.69 110.181
    endloop
  endfacet
  facet normal 0 -1 0
    outer loop
      vertex 14.1522 239.69 109.835
      vertex 17.8478 239.69 109.835
      vertex 17.6629 239.69 110.181
    endloop
  endfacet
  facet normal 0 -1 0
    outer loop
      vertex 14.0384 239.69 109.46
      vertex 17.8478 239.69 109.835
      vertex 14.1522 239.69 109.835
    endloop
  endfacet
  facet normal 0 -1 0
    outer loop
      vertex 14.0384 239.69 109.46
      vertex 17.9616 239.69 109.46
      vertex 17.8478 239.69 109.835
    endloop
  endfacet
  facet normal 0 -1 0
    outer loop
      vertex 14 239.69 109.07
      vertex 17.9616 239.69 109.46
      vertex 14.0384 239.69 109.46
    endloop
  endfacet
  facet normal 0 -1 0
    outer loop
      vertex 14 239.69 109.07
      vertex 18 239.69 109.07
      vertex 17.9616 239.69 109.46
    endloop
  endfacet
  facet normal 0 -1 0
    outer loop
      vertex 14.0384 239.69 108.68
      vertex 18 239.69 109.07
      vertex 14 239.69 109.07
    endloop
  endfacet
  facet normal 0 -1 0
    outer loop
      vertex 14.0384 239.69 108.68
      vertex 17.9616 239.69 108.68
      vertex 18 239.69 109.07
    endloop
  endfacet
  facet normal 0 -1 0
    outer loop
      vertex 14.1522 239.69 108.305
      vertex 17.9616 239.69 108.68
      vertex 14.0384 239.69 108.68
    endloop
  endfacet
  facet normal 0 -1 0
    outer loop
      vertex 14.1522 239.69 108.305
      vertex 17.8478 239.69 108.305
      vertex 17.9616 239.69 108.68
    endloop
  endfacet
  facet normal 0 -1 0
    outer loop
      vertex 14.3371 239.69 107.959
      vertex 17.8478 239.69 108.305
      vertex 14.1522 239.69 108.305
    endloop
  endfacet
  facet normal 0 -1 0
    outer loop
      vertex 14.3371 239.69 107.959
      vertex 17.6629 239.69 107.959
      vertex 17.8478 239.69 108.305
    endloop
  endfacet
  facet normal 0 -1 0
    outer loop
      vertex 14.5858 239.69 107.656
      vertex 17.6629 239.69 107.959
      vertex 14.3371 239.69 107.959
    endloop
  endfacet
  facet normal 0 -1 0
    outer loop
      vertex 14.5858 239.69 107.656
      vertex 17.4142 239.69 107.656
      vertex 17.6629 239.69 107.959
    endloop
  endfacet
  facet normal 0 -1 0
    outer loop
      vertex 14.8889 239.69 107.407
      vertex 17.4142 239.69 107.656
      vertex 14.5858 239.69 107.656
    endloop
  endfacet
  facet normal 0 -1 0
    outer loop
      vertex 14.8889 239.69 107.407
      vertex 17.1111 239.69 107.407
      vertex 17.4142 239.69 107.656
    endloop
  endfacet
  facet normal 0 -1 0
    outer loop
      vertex 15.2346 239.69 107.222
      vertex 17.1111 239.69 107.407
      vertex 14.8889 239.69 107.407
    endloop
  endfacet
  facet normal 0 -1 0
    outer loop
      vertex 15.2346 239.69 107.222
      vertex 16.7654 239.69 107.222
      vertex 17.1111 239.69 107.407
    endloop
  endfacet
  facet normal 0 -1 0
    outer loop
      vertex 15.6098 239.69 107.108
      vertex 16.7654 239.69 107.222
      vertex 15.2346 239.69 107.222
    endloop
  endfacet
  facet normal 0 -1 0
    outer loop
      vertex 15.6098 239.69 107.108
      vertex 16.3902 239.69 107.108
      vertex 16.7654 239.69 107.222
    endloop
  endfacet
  facet normal -0 -1 0
    outer loop
      vertex 16.3902 239.69 107.108
      vertex 15.6098 239.69 107.108
      vertex 16 239.69 107.07
    endloop
  endfacet
  facet normal 0.995188 -0 0.0979877
    outer loop
      vertex 14 233.3 109.07
      vertex 14.0384 239.69 108.68
      vertex 14 239.69 109.07
    endloop
  endfacet
  facet normal 0.995188 0 0.0979877
    outer loop
      vertex 14.0384 239.69 108.68
      vertex 14 233.3 109.07
      vertex 14.0384 233.3 108.68
    endloop
  endfacet
  facet normal -0.772968 0 -0.634446
    outer loop
      vertex 17.6629 233.3 110.181
      vertex 17.4142 239.69 110.484
      vertex 17.6629 239.69 110.181
    endloop
  endfacet
  facet normal -0.772968 -0 -0.634446
    outer loop
      vertex 17.4142 239.69 110.484
      vertex 17.6629 233.3 110.181
      vertex 17.4142 233.3 110.484
    endloop
  endfacet
  facet normal -0.956908 0 -0.29039
    outer loop
      vertex 17.9616 233.3 109.46
      vertex 17.8478 239.69 109.835
      vertex 17.9616 239.69 109.46
    endloop
  endfacet
  facet normal -0.956908 -0 -0.29039
    outer loop
      vertex 17.8478 239.69 109.835
      vertex 17.9616 233.3 109.46
      vertex 17.8478 233.3 109.835
    endloop
  endfacet
  facet normal 0.290715 0 -0.95681
    outer loop
      vertex 15.2346 233.3 110.918
      vertex 15.6098 239.69 111.032
      vertex 15.6098 233.3 111.032
    endloop
  endfacet
  facet normal 0.290715 0 -0.95681
    outer loop
      vertex 15.6098 239.69 111.032
      vertex 15.2346 233.3 110.918
      vertex 15.2346 239.69 110.918
    endloop
  endfacet
  facet normal 0.881965 0 -0.471316
    outer loop
      vertex 14.3371 233.3 110.181
      vertex 14.1522 239.69 109.835
      vertex 14.3371 239.69 110.181
    endloop
  endfacet
  facet normal 0.881965 0 -0.471316
    outer loop
      vertex 14.1522 239.69 109.835
      vertex 14.3371 233.3 110.181
      vertex 14.1522 233.3 109.835
    endloop
  endfacet
  facet normal 0.634777 0 -0.772695
    outer loop
      vertex 14.5858 233.3 110.484
      vertex 14.8889 239.69 110.733
      vertex 14.8889 233.3 110.733
    endloop
  endfacet
  facet normal 0.634777 0 -0.772695
    outer loop
      vertex 14.8889 239.69 110.733
      vertex 14.5858 233.3 110.484
      vertex 14.5858 239.69 110.484
    endloop
  endfacet
  facet normal -0.881965 0 0.471316
    outer loop
      vertex 94.2629 233.3 107.959
      vertex 94.4478 239.69 108.305
      vertex 94.2629 239.69 107.959
    endloop
  endfacet
  facet normal -0.881965 0 0.471316
    outer loop
      vertex 94.4478 239.69 108.305
      vertex 94.2629 233.3 107.959
      vertex 94.4478 233.3 108.305
    endloop
  endfacet
  facet normal -0.772968 0 0.634446
    outer loop
      vertex 94.0142 233.3 107.656
      vertex 94.2629 239.69 107.959
      vertex 94.0142 239.69 107.656
    endloop
  endfacet
  facet normal -0.772968 0 0.634446
    outer loop
      vertex 94.2629 239.69 107.959
      vertex 94.0142 233.3 107.656
      vertex 94.2629 233.3 107.959
    endloop
  endfacet
  facet normal -0.290715 0 0.95681
    outer loop
      vertex 92.9902 239.69 107.108
      vertex 93.3654 233.3 107.222
      vertex 93.3654 239.69 107.222
    endloop
  endfacet
  facet normal -0.290715 0 0.95681
    outer loop
      vertex 93.3654 233.3 107.222
      vertex 92.9902 239.69 107.108
      vertex 92.9902 233.3 107.108
    endloop
  endfacet
  facet normal 0.290715 0 0.95681
    outer loop
      vertex 91.8346 239.69 107.222
      vertex 92.2098 233.3 107.108
      vertex 92.2098 239.69 107.108
    endloop
  endfacet
  facet normal 0.290715 0 0.95681
    outer loop
      vertex 92.2098 233.3 107.108
      vertex 91.8346 239.69 107.222
      vertex 91.8346 233.3 107.222
    endloop
  endfacet
  facet normal 0.881965 -0 0.471316
    outer loop
      vertex 90.7522 233.3 108.305
      vertex 90.9371 239.69 107.959
      vertex 90.7522 239.69 108.305
    endloop
  endfacet
  facet normal 0.881965 0 0.471316
    outer loop
      vertex 90.9371 239.69 107.959
      vertex 90.7522 233.3 108.305
      vertex 90.9371 233.3 107.959
    endloop
  endfacet
  facet normal -0.995188 0 -0.0979877
    outer loop
      vertex 94.6 233.3 109.07
      vertex 94.5616 239.69 109.46
      vertex 94.6 239.69 109.07
    endloop
  endfacet
  facet normal -0.995188 -0 -0.0979877
    outer loop
      vertex 94.5616 239.69 109.46
      vertex 94.6 233.3 109.07
      vertex 94.5616 233.3 109.46
    endloop
  endfacet
  facet normal -0.290715 0 -0.95681
    outer loop
      vertex 92.9902 233.3 111.032
      vertex 93.3654 239.69 110.918
      vertex 93.3654 233.3 110.918
    endloop
  endfacet
  facet normal -0.290715 0 -0.95681
    outer loop
      vertex 93.3654 239.69 110.918
      vertex 92.9902 233.3 111.032
      vertex 92.9902 239.69 111.032
    endloop
  endfacet
  facet normal -0.956908 0 0.29039
    outer loop
      vertex 94.4478 233.3 108.305
      vertex 94.5616 239.69 108.68
      vertex 94.4478 239.69 108.305
    endloop
  endfacet
  facet normal -0.956908 0 0.29039
    outer loop
      vertex 94.5616 239.69 108.68
      vertex 94.4478 233.3 108.305
      vertex 94.5616 233.3 108.68
    endloop
  endfacet
  facet normal -0.634777 0 0.772695
    outer loop
      vertex 93.7111 239.69 107.407
      vertex 94.0142 233.3 107.656
      vertex 94.0142 239.69 107.656
    endloop
  endfacet
  facet normal -0.634777 0 0.772695
    outer loop
      vertex 94.0142 233.3 107.656
      vertex 93.7111 239.69 107.407
      vertex 93.7111 233.3 107.407
    endloop
  endfacet
  facet normal 0.0969274 0 0.995291
    outer loop
      vertex 92.2098 239.69 107.108
      vertex 92.6 233.3 107.07
      vertex 92.6 239.69 107.07
    endloop
  endfacet
  facet normal 0.0969274 0 0.995291
    outer loop
      vertex 92.6 233.3 107.07
      vertex 92.2098 239.69 107.108
      vertex 92.2098 233.3 107.108
    endloop
  endfacet
  facet normal -0.471832 0 0.881688
    outer loop
      vertex 93.3654 239.69 107.222
      vertex 93.7111 233.3 107.407
      vertex 93.7111 239.69 107.407
    endloop
  endfacet
  facet normal -0.471832 0 0.881688
    outer loop
      vertex 93.7111 233.3 107.407
      vertex 93.3654 239.69 107.222
      vertex 93.3654 233.3 107.222
    endloop
  endfacet
  facet normal 0.995188 -0 0.0979877
    outer loop
      vertex 90.6 233.3 109.07
      vertex 90.6384 239.69 108.68
      vertex 90.6 239.69 109.07
    endloop
  endfacet
  facet normal 0.995188 0 0.0979877
    outer loop
      vertex 90.6384 239.69 108.68
      vertex 90.6 233.3 109.07
      vertex 90.6384 233.3 108.68
    endloop
  endfacet
  facet normal 0.772968 -0 0.634446
    outer loop
      vertex 90.9371 233.3 107.959
      vertex 91.1858 239.69 107.656
      vertex 90.9371 239.69 107.959
    endloop
  endfacet
  facet normal 0.772968 0 0.634446
    outer loop
      vertex 91.1858 239.69 107.656
      vertex 90.9371 233.3 107.959
      vertex 91.1858 233.3 107.656
    endloop
  endfacet
  facet normal 0.471832 0 0.881688
    outer loop
      vertex 91.4889 239.69 107.407
      vertex 91.8346 233.3 107.222
      vertex 91.8346 239.69 107.222
    endloop
  endfacet
  facet normal 0.471832 0 0.881688
    outer loop
      vertex 91.8346 233.3 107.222
      vertex 91.4889 239.69 107.407
      vertex 91.4889 233.3 107.407
    endloop
  endfacet
  facet normal 0.634777 0 0.772695
    outer loop
      vertex 91.1858 239.69 107.656
      vertex 91.4889 233.3 107.407
      vertex 91.4889 239.69 107.407
    endloop
  endfacet
  facet normal 0.634777 0 0.772695
    outer loop
      vertex 91.4889 233.3 107.407
      vertex 91.1858 239.69 107.656
      vertex 91.1858 233.3 107.656
    endloop
  endfacet
  facet normal -0.995188 0 0.0979877
    outer loop
      vertex 94.5616 233.3 108.68
      vertex 94.6 239.69 109.07
      vertex 94.5616 239.69 108.68
    endloop
  endfacet
  facet normal -0.995188 0 0.0979877
    outer loop
      vertex 94.6 239.69 109.07
      vertex 94.5616 233.3 108.68
      vertex 94.6 233.3 109.07
    endloop
  endfacet
  facet normal -0.634777 0 -0.772695
    outer loop
      vertex 93.7111 233.3 110.733
      vertex 94.0142 239.69 110.484
      vertex 94.0142 233.3 110.484
    endloop
  endfacet
  facet normal -0.634777 0 -0.772695
    outer loop
      vertex 94.0142 239.69 110.484
      vertex 93.7111 233.3 110.733
      vertex 93.7111 239.69 110.733
    endloop
  endfacet
  facet normal -0.956908 0 -0.29039
    outer loop
      vertex 94.5616 233.3 109.46
      vertex 94.4478 239.69 109.835
      vertex 94.5616 239.69 109.46
    endloop
  endfacet
  facet normal -0.956908 -0 -0.29039
    outer loop
      vertex 94.4478 239.69 109.835
      vertex 94.5616 233.3 109.46
      vertex 94.4478 233.3 109.835
    endloop
  endfacet
  facet normal -0.0969274 0 0.995291
    outer loop
      vertex 92.6 239.69 107.07
      vertex 92.9902 233.3 107.108
      vertex 92.9902 239.69 107.108
    endloop
  endfacet
  facet normal -0.0969274 0 0.995291
    outer loop
      vertex 92.9902 233.3 107.108
      vertex 92.6 239.69 107.07
      vertex 92.6 233.3 107.07
    endloop
  endfacet
  facet normal 0 -1 0
    outer loop
      vertex 92.2098 239.69 111.032
      vertex 92.9902 239.69 111.032
      vertex 92.6 239.69 111.07
    endloop
  endfacet
  facet normal 0 -1 0
    outer loop
      vertex 91.8346 239.69 110.918
      vertex 92.9902 239.69 111.032
      vertex 92.2098 239.69 111.032
    endloop
  endfacet
  facet normal 0 -1 0
    outer loop
      vertex 91.8346 239.69 110.918
      vertex 93.3654 239.69 110.918
      vertex 92.9902 239.69 111.032
    endloop
  endfacet
  facet normal 0 -1 0
    outer loop
      vertex 91.4889 239.69 110.733
      vertex 93.3654 239.69 110.918
      vertex 91.8346 239.69 110.918
    endloop
  endfacet
  facet normal 0 -1 0
    outer loop
      vertex 91.4889 239.69 110.733
      vertex 93.7111 239.69 110.733
      vertex 93.3654 239.69 110.918
    endloop
  endfacet
  facet normal 0 -1 0
    outer loop
      vertex 91.1858 239.69 110.484
      vertex 93.7111 239.69 110.733
      vertex 91.4889 239.69 110.733
    endloop
  endfacet
  facet normal 0 -1 0
    outer loop
      vertex 91.1858 239.69 110.484
      vertex 94.0142 239.69 110.484
      vertex 93.7111 239.69 110.733
    endloop
  endfacet
  facet normal 0 -1 0
    outer loop
      vertex 90.9371 239.69 110.181
      vertex 94.0142 239.69 110.484
      vertex 91.1858 239.69 110.484
    endloop
  endfacet
  facet normal 0 -1 0
    outer loop
      vertex 90.9371 239.69 110.181
      vertex 94.2629 239.69 110.181
      vertex 94.0142 239.69 110.484
    endloop
  endfacet
  facet normal 0 -1 0
    outer loop
      vertex 90.7522 239.69 109.835
      vertex 94.2629 239.69 110.181
      vertex 90.9371 239.69 110.181
    endloop
  endfacet
  facet normal 0 -1 0
    outer loop
      vertex 90.7522 239.69 109.835
      vertex 94.4478 239.69 109.835
      vertex 94.2629 239.69 110.181
    endloop
  endfacet
  facet normal 0 -1 0
    outer loop
      vertex 90.6384 239.69 109.46
      vertex 94.4478 239.69 109.835
      vertex 90.7522 239.69 109.835
    endloop
  endfacet
  facet normal 0 -1 0
    outer loop
      vertex 90.6384 239.69 109.46
      vertex 94.5616 239.69 109.46
      vertex 94.4478 239.69 109.835
    endloop
  endfacet
  facet normal 0 -1 0
    outer loop
      vertex 90.6 239.69 109.07
      vertex 94.5616 239.69 109.46
      vertex 90.6384 239.69 109.46
    endloop
  endfacet
  facet normal 0 -1 0
    outer loop
      vertex 90.6 239.69 109.07
      vertex 94.6 239.69 109.07
      vertex 94.5616 239.69 109.46
    endloop
  endfacet
  facet normal 0 -1 0
    outer loop
      vertex 90.6384 239.69 108.68
      vertex 94.6 239.69 109.07
      vertex 90.6 239.69 109.07
    endloop
  endfacet
  facet normal 0 -1 0
    outer loop
      vertex 90.6384 239.69 108.68
      vertex 94.5616 239.69 108.68
      vertex 94.6 239.69 109.07
    endloop
  endfacet
  facet normal 0 -1 0
    outer loop
      vertex 90.7522 239.69 108.305
      vertex 94.5616 239.69 108.68
      vertex 90.6384 239.69 108.68
    endloop
  endfacet
  facet normal 0 -1 0
    outer loop
      vertex 90.7522 239.69 108.305
      vertex 94.4478 239.69 108.305
      vertex 94.5616 239.69 108.68
    endloop
  endfacet
  facet normal 0 -1 0
    outer loop
      vertex 90.9371 239.69 107.959
      vertex 94.4478 239.69 108.305
      vertex 90.7522 239.69 108.305
    endloop
  endfacet
  facet normal 0 -1 0
    outer loop
      vertex 90.9371 239.69 107.959
      vertex 94.2629 239.69 107.959
      vertex 94.4478 239.69 108.305
    endloop
  endfacet
  facet normal 0 -1 0
    outer loop
      vertex 91.1858 239.69 107.656
      vertex 94.2629 239.69 107.959
      vertex 90.9371 239.69 107.959
    endloop
  endfacet
  facet normal 0 -1 0
    outer loop
      vertex 91.1858 239.69 107.656
      vertex 94.0142 239.69 107.656
      vertex 94.2629 239.69 107.959
    endloop
  endfacet
  facet normal 0 -1 0
    outer loop
      vertex 91.4889 239.69 107.407
      vertex 94.0142 239.69 107.656
      vertex 91.1858 239.69 107.656
    endloop
  endfacet
  facet normal 0 -1 0
    outer loop
      vertex 91.4889 239.69 107.407
      vertex 93.7111 239.69 107.407
      vertex 94.0142 239.69 107.656
    endloop
  endfacet
  facet normal 0 -1 0
    outer loop
      vertex 91.8346 239.69 107.222
      vertex 93.7111 239.69 107.407
      vertex 91.4889 239.69 107.407
    endloop
  endfacet
  facet normal 0 -1 0
    outer loop
      vertex 91.8346 239.69 107.222
      vertex 93.3654 239.69 107.222
      vertex 93.7111 239.69 107.407
    endloop
  endfacet
  facet normal 0 -1 0
    outer loop
      vertex 92.2098 239.69 107.108
      vertex 93.3654 239.69 107.222
      vertex 91.8346 239.69 107.222
    endloop
  endfacet
  facet normal 0 -1 0
    outer loop
      vertex 92.2098 239.69 107.108
      vertex 92.9902 239.69 107.108
      vertex 93.3654 239.69 107.222
    endloop
  endfacet
  facet normal -0 -1 0
    outer loop
      vertex 92.9902 239.69 107.108
      vertex 92.2098 239.69 107.108
      vertex 92.6 239.69 107.07
    endloop
  endfacet
  facet normal 0.956908 -0 0.29039
    outer loop
      vertex 90.6384 233.3 108.68
      vertex 90.7522 239.69 108.305
      vertex 90.6384 239.69 108.68
    endloop
  endfacet
  facet normal 0.956908 0 0.29039
    outer loop
      vertex 90.7522 239.69 108.305
      vertex 90.6384 233.3 108.68
      vertex 90.7522 233.3 108.305
    endloop
  endfacet
  facet normal -0.881965 0 -0.471316
    outer loop
      vertex 94.4478 233.3 109.835
      vertex 94.2629 239.69 110.181
      vertex 94.4478 239.69 109.835
    endloop
  endfacet
  facet normal -0.881965 -0 -0.471316
    outer loop
      vertex 94.2629 239.69 110.181
      vertex 94.4478 233.3 109.835
      vertex 94.2629 233.3 110.181
    endloop
  endfacet
  facet normal 0.995188 0 -0.0979877
    outer loop
      vertex 90.6384 233.3 109.46
      vertex 90.6 239.69 109.07
      vertex 90.6384 239.69 109.46
    endloop
  endfacet
  facet normal 0.995188 0 -0.0979877
    outer loop
      vertex 90.6 239.69 109.07
      vertex 90.6384 233.3 109.46
      vertex 90.6 233.3 109.07
    endloop
  endfacet
  facet normal 0.881965 0 -0.471316
    outer loop
      vertex 90.9371 233.3 110.181
      vertex 90.7522 239.69 109.835
      vertex 90.9371 239.69 110.181
    endloop
  endfacet
  facet normal 0.881965 0 -0.471316
    outer loop
      vertex 90.7522 239.69 109.835
      vertex 90.9371 233.3 110.181
      vertex 90.7522 233.3 109.835
    endloop
  endfacet
  facet normal -0.471832 0 -0.881688
    outer loop
      vertex 93.3654 233.3 110.918
      vertex 93.7111 239.69 110.733
      vertex 93.7111 233.3 110.733
    endloop
  endfacet
  facet normal -0.471832 0 -0.881688
    outer loop
      vertex 93.7111 239.69 110.733
      vertex 93.3654 233.3 110.918
      vertex 93.3654 239.69 110.918
    endloop
  endfacet
  facet normal -0.772968 0 -0.634446
    outer loop
      vertex 94.2629 233.3 110.181
      vertex 94.0142 239.69 110.484
      vertex 94.2629 239.69 110.181
    endloop
  endfacet
  facet normal -0.772968 -0 -0.634446
    outer loop
      vertex 94.0142 239.69 110.484
      vertex 94.2629 233.3 110.181
      vertex 94.0142 233.3 110.484
    endloop
  endfacet
  facet normal 0.0969274 0 -0.995291
    outer loop
      vertex 92.2098 233.3 111.032
      vertex 92.6 239.69 111.07
      vertex 92.6 233.3 111.07
    endloop
  endfacet
  facet normal 0.0969274 0 -0.995291
    outer loop
      vertex 92.6 239.69 111.07
      vertex 92.2098 233.3 111.032
      vertex 92.2098 239.69 111.032
    endloop
  endfacet
  facet normal -0.0969274 0 -0.995291
    outer loop
      vertex 92.6 233.3 111.07
      vertex 92.9902 239.69 111.032
      vertex 92.9902 233.3 111.032
    endloop
  endfacet
  facet normal -0.0969274 0 -0.995291
    outer loop
      vertex 92.9902 239.69 111.032
      vertex 92.6 233.3 111.07
      vertex 92.6 239.69 111.07
    endloop
  endfacet
  facet normal 0.956908 0 -0.29039
    outer loop
      vertex 90.7522 233.3 109.835
      vertex 90.6384 239.69 109.46
      vertex 90.7522 239.69 109.835
    endloop
  endfacet
  facet normal 0.956908 0 -0.29039
    outer loop
      vertex 90.6384 239.69 109.46
      vertex 90.7522 233.3 109.835
      vertex 90.6384 233.3 109.46
    endloop
  endfacet
  facet normal 0.471832 0 -0.881688
    outer loop
      vertex 91.4889 233.3 110.733
      vertex 91.8346 239.69 110.918
      vertex 91.8346 233.3 110.918
    endloop
  endfacet
  facet normal 0.471832 0 -0.881688
    outer loop
      vertex 91.8346 239.69 110.918
      vertex 91.4889 233.3 110.733
      vertex 91.4889 239.69 110.733
    endloop
  endfacet
  facet normal 0.290715 0 -0.95681
    outer loop
      vertex 91.8346 233.3 110.918
      vertex 92.2098 239.69 111.032
      vertex 92.2098 233.3 111.032
    endloop
  endfacet
  facet normal 0.290715 0 -0.95681
    outer loop
      vertex 92.2098 239.69 111.032
      vertex 91.8346 233.3 110.918
      vertex 91.8346 239.69 110.918
    endloop
  endfacet
  facet normal 0.772968 0 -0.634446
    outer loop
      vertex 91.1858 233.3 110.484
      vertex 90.9371 239.69 110.181
      vertex 91.1858 239.69 110.484
    endloop
  endfacet
  facet normal 0.772968 0 -0.634446
    outer loop
      vertex 90.9371 239.69 110.181
      vertex 91.1858 233.3 110.484
      vertex 90.9371 233.3 110.181
    endloop
  endfacet
  facet normal 0.634777 0 -0.772695
    outer loop
      vertex 91.1858 233.3 110.484
      vertex 91.4889 239.69 110.733
      vertex 91.4889 233.3 110.733
    endloop
  endfacet
  facet normal 0.634777 0 -0.772695
    outer loop
      vertex 91.4889 239.69 110.733
      vertex 91.1858 233.3 110.484
      vertex 91.1858 239.69 110.484
    endloop
  endfacet
  facet normal -0.882003 0 0.471244
    outer loop
      vertex 115.346 238.293 82.8333
      vertex 115.54 241.278 83.1964
      vertex 115.346 241.278 82.8333
    endloop
  endfacet
  facet normal -0.882003 0 0.471244
    outer loop
      vertex 115.54 241.278 83.1964
      vertex 115.346 238.293 82.8333
      vertex 115.54 238.293 83.1964
    endloop
  endfacet
  facet normal 0.995268 -0 0.0971704
    outer loop
      vertex 111.5 238.293 84
      vertex 111.54 241.278 83.5903
      vertex 111.5 241.278 84
    endloop
  endfacet
  facet normal 0.995268 0 0.0971704
    outer loop
      vertex 111.54 241.278 83.5903
      vertex 111.5 238.293 84
      vertex 111.54 238.293 83.5903
    endloop
  endfacet
  facet normal -0.773177 0 0.63419
    outer loop
      vertex 115.085 238.293 82.5151
      vertex 115.346 241.278 82.8333
      vertex 115.085 241.278 82.5151
    endloop
  endfacet
  facet normal -0.773177 0 0.63419
    outer loop
      vertex 115.346 241.278 82.8333
      vertex 115.085 238.293 82.5151
      vertex 115.346 238.293 82.8333
    endloop
  endfacet
  facet normal -0.0980617 0 0.99518
    outer loop
      vertex 113.6 241.278 81.9
      vertex 114.01 238.293 81.9404
      vertex 114.01 241.278 81.9404
    endloop
  endfacet
  facet normal -0.0980617 0 0.99518
    outer loop
      vertex 114.01 238.293 81.9404
      vertex 113.6 241.278 81.9
      vertex 113.6 238.293 81.9
    endloop
  endfacet
  facet normal -0.290243 0 0.956953
    outer loop
      vertex 114.01 241.278 81.9404
      vertex 114.404 238.293 82.0599
      vertex 114.404 241.278 82.0599
    endloop
  endfacet
  facet normal -0.290243 0 0.956953
    outer loop
      vertex 114.404 238.293 82.0599
      vertex 114.01 241.278 81.9404
      vertex 114.01 238.293 81.9404
    endloop
  endfacet
  facet normal 0.471345 0 0.881949
    outer loop
      vertex 112.433 241.278 82.2539
      vertex 112.796 238.293 82.0599
      vertex 112.796 241.278 82.0599
    endloop
  endfacet
  facet normal 0.471345 0 0.881949
    outer loop
      vertex 112.796 238.293 82.0599
      vertex 112.433 241.278 82.2539
      vertex 112.433 238.293 82.2539
    endloop
  endfacet
  facet normal 0.956594 -0 0.291423
    outer loop
      vertex 111.54 238.293 83.5903
      vertex 111.66 241.278 83.1964
      vertex 111.54 241.278 83.5903
    endloop
  endfacet
  facet normal 0.956594 0 0.291423
    outer loop
      vertex 111.66 241.278 83.1964
      vertex 111.54 238.293 83.5903
      vertex 111.66 238.293 83.1964
    endloop
  endfacet
  facet normal -0.995268 0 -0.0971704
    outer loop
      vertex 115.7 238.293 84
      vertex 115.66 241.278 84.4097
      vertex 115.7 241.278 84
    endloop
  endfacet
  facet normal -0.995268 -0 -0.0971704
    outer loop
      vertex 115.66 241.278 84.4097
      vertex 115.7 238.293 84
      vertex 115.66 238.293 84.4097
    endloop
  endfacet
  facet normal -0.290243 0 -0.956953
    outer loop
      vertex 114.01 238.293 86.0596
      vertex 114.404 241.278 85.9401
      vertex 114.404 238.293 85.9401
    endloop
  endfacet
  facet normal -0.290243 0 -0.956953
    outer loop
      vertex 114.404 241.278 85.9401
      vertex 114.01 238.293 86.0596
      vertex 114.01 241.278 86.0596
    endloop
  endfacet
  facet normal -0.634719 0 0.772743
    outer loop
      vertex 114.767 241.278 82.2539
      vertex 115.085 238.293 82.5151
      vertex 115.085 241.278 82.5151
    endloop
  endfacet
  facet normal -0.634719 0 0.772743
    outer loop
      vertex 115.085 238.293 82.5151
      vertex 114.767 241.278 82.2539
      vertex 114.767 238.293 82.2539
    endloop
  endfacet
  facet normal 0.0980617 0 0.99518
    outer loop
      vertex 113.19 241.278 81.9404
      vertex 113.6 238.293 81.9
      vertex 113.6 241.278 81.9
    endloop
  endfacet
  facet normal 0.0980617 0 0.99518
    outer loop
      vertex 113.6 238.293 81.9
      vertex 113.19 241.278 81.9404
      vertex 113.19 238.293 81.9404
    endloop
  endfacet
  facet normal -0.471345 0 0.881949
    outer loop
      vertex 114.404 241.278 82.0599
      vertex 114.767 238.293 82.2539
      vertex 114.767 241.278 82.2539
    endloop
  endfacet
  facet normal -0.471345 0 0.881949
    outer loop
      vertex 114.767 238.293 82.2539
      vertex 114.404 241.278 82.0599
      vertex 114.404 238.293 82.0599
    endloop
  endfacet
  facet normal 0.995268 0 -0.0971704
    outer loop
      vertex 111.54 238.293 84.4097
      vertex 111.5 241.278 84
      vertex 111.54 241.278 84.4097
    endloop
  endfacet
  facet normal 0.995268 0 -0.0971704
    outer loop
      vertex 111.5 241.278 84
      vertex 111.54 238.293 84.4097
      vertex 111.5 238.293 84
    endloop
  endfacet
  facet normal 0.882003 -0 0.471244
    outer loop
      vertex 111.66 238.293 83.1964
      vertex 111.854 241.278 82.8333
      vertex 111.66 241.278 83.1964
    endloop
  endfacet
  facet normal 0.882003 0 0.471244
    outer loop
      vertex 111.854 241.278 82.8333
      vertex 111.66 238.293 83.1964
      vertex 111.854 238.293 82.8333
    endloop
  endfacet
  facet normal 0.634719 0 0.772743
    outer loop
      vertex 112.115 241.278 82.5151
      vertex 112.433 238.293 82.2539
      vertex 112.433 241.278 82.2539
    endloop
  endfacet
  facet normal 0.634719 0 0.772743
    outer loop
      vertex 112.433 238.293 82.2539
      vertex 112.115 241.278 82.5151
      vertex 112.115 238.293 82.5151
    endloop
  endfacet
  facet normal 0.290243 0 0.956953
    outer loop
      vertex 112.796 241.278 82.0599
      vertex 113.19 238.293 81.9404
      vertex 113.19 241.278 81.9404
    endloop
  endfacet
  facet normal 0.290243 0 0.956953
    outer loop
      vertex 113.19 238.293 81.9404
      vertex 112.796 241.278 82.0599
      vertex 112.796 238.293 82.0599
    endloop
  endfacet
  facet normal 0.773177 -0 0.63419
    outer loop
      vertex 111.854 238.293 82.8333
      vertex 112.115 241.278 82.5151
      vertex 111.854 241.278 82.8333
    endloop
  endfacet
  facet normal 0.773177 0 0.63419
    outer loop
      vertex 112.115 241.278 82.5151
      vertex 111.854 238.293 82.8333
      vertex 112.115 238.293 82.5151
    endloop
  endfacet
  facet normal -0.995268 0 0.0971704
    outer loop
      vertex 115.66 238.293 83.5903
      vertex 115.7 241.278 84
      vertex 115.66 241.278 83.5903
    endloop
  endfacet
  facet normal -0.995268 0 0.0971704
    outer loop
      vertex 115.7 241.278 84
      vertex 115.66 238.293 83.5903
      vertex 115.7 238.293 84
    endloop
  endfacet
  facet normal -0.634719 0 -0.772743
    outer loop
      vertex 114.767 238.293 85.7461
      vertex 115.085 241.278 85.4849
      vertex 115.085 238.293 85.4849
    endloop
  endfacet
  facet normal -0.634719 0 -0.772743
    outer loop
      vertex 115.085 241.278 85.4849
      vertex 114.767 238.293 85.7461
      vertex 114.767 241.278 85.7461
    endloop
  endfacet
  facet normal -0.956594 0 -0.291423
    outer loop
      vertex 115.66 238.293 84.4097
      vertex 115.54 241.278 84.8036
      vertex 115.66 241.278 84.4097
    endloop
  endfacet
  facet normal -0.956594 -0 -0.291423
    outer loop
      vertex 115.54 241.278 84.8036
      vertex 115.66 238.293 84.4097
      vertex 115.54 238.293 84.8036
    endloop
  endfacet
  facet normal 0.471345 0 -0.881949
    outer loop
      vertex 112.433 238.293 85.7461
      vertex 112.796 241.278 85.9401
      vertex 112.796 238.293 85.9401
    endloop
  endfacet
  facet normal 0.471345 0 -0.881949
    outer loop
      vertex 112.796 241.278 85.9401
      vertex 112.433 238.293 85.7461
      vertex 112.433 241.278 85.7461
    endloop
  endfacet
  facet normal 0.773177 0 -0.63419
    outer loop
      vertex 112.115 238.293 85.4849
      vertex 111.854 241.278 85.1667
      vertex 112.115 241.278 85.4849
    endloop
  endfacet
  facet normal 0.773177 0 -0.63419
    outer loop
      vertex 111.854 241.278 85.1667
      vertex 112.115 238.293 85.4849
      vertex 111.854 238.293 85.1667
    endloop
  endfacet
  facet normal -0.956594 0 0.291423
    outer loop
      vertex 115.54 238.293 83.1964
      vertex 115.66 241.278 83.5903
      vertex 115.54 241.278 83.1964
    endloop
  endfacet
  facet normal -0.956594 0 0.291423
    outer loop
      vertex 115.66 241.278 83.5903
      vertex 115.54 238.293 83.1964
      vertex 115.66 238.293 83.5903
    endloop
  endfacet
  facet normal 0.956594 0 -0.291423
    outer loop
      vertex 111.66 238.293 84.8036
      vertex 111.54 241.278 84.4097
      vertex 111.66 241.278 84.8036
    endloop
  endfacet
  facet normal 0.956594 0 -0.291423
    outer loop
      vertex 111.54 241.278 84.4097
      vertex 111.66 238.293 84.8036
      vertex 111.54 238.293 84.4097
    endloop
  endfacet
  facet normal 0.634719 0 -0.772743
    outer loop
      vertex 112.115 238.293 85.4849
      vertex 112.433 241.278 85.7461
      vertex 112.433 238.293 85.7461
    endloop
  endfacet
  facet normal 0.634719 0 -0.772743
    outer loop
      vertex 112.433 241.278 85.7461
      vertex 112.115 238.293 85.4849
      vertex 112.115 241.278 85.4849
    endloop
  endfacet
  facet normal -0.471345 0 -0.881949
    outer loop
      vertex 114.404 238.293 85.9401
      vertex 114.767 241.278 85.7461
      vertex 114.767 238.293 85.7461
    endloop
  endfacet
  facet normal -0.471345 0 -0.881949
    outer loop
      vertex 114.767 241.278 85.7461
      vertex 114.404 238.293 85.9401
      vertex 114.404 241.278 85.9401
    endloop
  endfacet
  facet normal -0.773177 0 -0.63419
    outer loop
      vertex 115.346 238.293 85.1667
      vertex 115.085 241.278 85.4849
      vertex 115.346 241.278 85.1667
    endloop
  endfacet
  facet normal -0.773177 -0 -0.63419
    outer loop
      vertex 115.085 241.278 85.4849
      vertex 115.346 238.293 85.1667
      vertex 115.085 238.293 85.4849
    endloop
  endfacet
  facet normal -0.882003 0 -0.471244
    outer loop
      vertex 115.54 238.293 84.8036
      vertex 115.346 241.278 85.1667
      vertex 115.54 241.278 84.8036
    endloop
  endfacet
  facet normal -0.882003 -0 -0.471244
    outer loop
      vertex 115.346 241.278 85.1667
      vertex 115.54 238.293 84.8036
      vertex 115.346 238.293 85.1667
    endloop
  endfacet
  facet normal -0.0980617 0 -0.99518
    outer loop
      vertex 113.6 238.293 86.1
      vertex 114.01 241.278 86.0596
      vertex 114.01 238.293 86.0596
    endloop
  endfacet
  facet normal -0.0980617 0 -0.99518
    outer loop
      vertex 114.01 241.278 86.0596
      vertex 113.6 238.293 86.1
      vertex 113.6 241.278 86.1
    endloop
  endfacet
  facet normal 0.0980617 0 -0.99518
    outer loop
      vertex 113.19 238.293 86.0596
      vertex 113.6 241.278 86.1
      vertex 113.6 238.293 86.1
    endloop
  endfacet
  facet normal 0.0980617 0 -0.99518
    outer loop
      vertex 113.6 241.278 86.1
      vertex 113.19 238.293 86.0596
      vertex 113.19 241.278 86.0596
    endloop
  endfacet
  facet normal 0.882003 0 -0.471244
    outer loop
      vertex 111.854 238.293 85.1667
      vertex 111.66 241.278 84.8036
      vertex 111.854 241.278 85.1667
    endloop
  endfacet
  facet normal 0.882003 0 -0.471244
    outer loop
      vertex 111.66 241.278 84.8036
      vertex 111.854 238.293 85.1667
      vertex 111.66 238.293 84.8036
    endloop
  endfacet
  facet normal 0.290243 0 -0.956953
    outer loop
      vertex 112.796 238.293 85.9401
      vertex 113.19 241.278 86.0596
      vertex 113.19 238.293 86.0596
    endloop
  endfacet
  facet normal 0.290243 0 -0.956953
    outer loop
      vertex 113.19 241.278 86.0596
      vertex 112.796 238.293 85.9401
      vertex 112.796 241.278 85.9401
    endloop
  endfacet
  facet normal -0.882003 0 0.471244
    outer loop
      vertex 115.346 238.293 18.8333
      vertex 115.54 241.278 19.1964
      vertex 115.346 241.278 18.8333
    endloop
  endfacet
  facet normal -0.882003 0 0.471244
    outer loop
      vertex 115.54 241.278 19.1964
      vertex 115.346 238.293 18.8333
      vertex 115.54 238.293 19.1964
    endloop
  endfacet
  facet normal -0.773177 0 0.63419
    outer loop
      vertex 115.085 238.293 18.5151
      vertex 115.346 241.278 18.8333
      vertex 115.085 241.278 18.5151
    endloop
  endfacet
  facet normal -0.773177 0 0.63419
    outer loop
      vertex 115.346 241.278 18.8333
      vertex 115.085 238.293 18.5151
      vertex 115.346 238.293 18.8333
    endloop
  endfacet
  facet normal -0.290466 0 0.956885
    outer loop
      vertex 114.01 241.278 17.9403
      vertex 114.404 238.293 18.0599
      vertex 114.404 241.278 18.0599
    endloop
  endfacet
  facet normal -0.290466 0 0.956885
    outer loop
      vertex 114.404 238.293 18.0599
      vertex 114.01 241.278 17.9403
      vertex 114.01 238.293 17.9403
    endloop
  endfacet
  facet normal 0.471345 0 0.881949
    outer loop
      vertex 112.433 241.278 18.2539
      vertex 112.796 238.293 18.0599
      vertex 112.796 241.278 18.0599
    endloop
  endfacet
  facet normal 0.471345 0 0.881949
    outer loop
      vertex 112.796 238.293 18.0599
      vertex 112.433 241.278 18.2539
      vertex 112.433 238.293 18.2539
    endloop
  endfacet
  facet normal 0.956594 -0 0.291423
    outer loop
      vertex 111.54 238.293 19.5903
      vertex 111.66 241.278 19.1964
      vertex 111.54 241.278 19.5903
    endloop
  endfacet
  facet normal 0.956594 0 0.291423
    outer loop
      vertex 111.66 241.278 19.1964
      vertex 111.54 238.293 19.5903
      vertex 111.66 238.293 19.1964
    endloop
  endfacet
  facet normal -0.995268 0 -0.0971704
    outer loop
      vertex 115.7 238.293 20
      vertex 115.66 241.278 20.4097
      vertex 115.7 241.278 20
    endloop
  endfacet
  facet normal -0.995268 -0 -0.0971704
    outer loop
      vertex 115.66 241.278 20.4097
      vertex 115.7 238.293 20
      vertex 115.66 238.293 20.4097
    endloop
  endfacet
  facet normal -0.290243 0 -0.956953
    outer loop
      vertex 114.01 238.293 22.0596
      vertex 114.404 241.278 21.9401
      vertex 114.404 238.293 21.9401
    endloop
  endfacet
  facet normal -0.290243 0 -0.956953
    outer loop
      vertex 114.404 241.278 21.9401
      vertex 114.01 238.293 22.0596
      vertex 114.01 241.278 22.0596
    endloop
  endfacet
  facet normal -0.956594 0 0.291423
    outer loop
      vertex 115.54 238.293 19.1964
      vertex 115.66 241.278 19.5903
      vertex 115.54 241.278 19.1964
    endloop
  endfacet
  facet normal -0.956594 0 0.291423
    outer loop
      vertex 115.66 241.278 19.5903
      vertex 115.54 238.293 19.1964
      vertex 115.66 238.293 19.5903
    endloop
  endfacet
  facet normal -0.634719 0 0.772743
    outer loop
      vertex 114.767 241.278 18.2539
      vertex 115.085 238.293 18.5151
      vertex 115.085 241.278 18.5151
    endloop
  endfacet
  facet normal -0.634719 0 0.772743
    outer loop
      vertex 115.085 238.293 18.5151
      vertex 114.767 241.278 18.2539
      vertex 114.767 238.293 18.2539
    endloop
  endfacet
  facet normal 0.0978213 0 0.995204
    outer loop
      vertex 113.19 241.278 17.9403
      vertex 113.6 238.293 17.9
      vertex 113.6 241.278 17.9
    endloop
  endfacet
  facet normal 0.0978213 0 0.995204
    outer loop
      vertex 113.6 238.293 17.9
      vertex 113.19 241.278 17.9403
      vertex 113.19 238.293 17.9403
    endloop
  endfacet
  facet normal -0.471345 0 0.881949
    outer loop
      vertex 114.404 241.278 18.0599
      vertex 114.767 238.293 18.2539
      vertex 114.767 241.278 18.2539
    endloop
  endfacet
  facet normal -0.471345 0 0.881949
    outer loop
      vertex 114.767 238.293 18.2539
      vertex 114.404 241.278 18.0599
      vertex 114.404 238.293 18.0599
    endloop
  endfacet
  facet normal 0.995268 0 -0.0971704
    outer loop
      vertex 111.54 238.293 20.4097
      vertex 111.5 241.278 20
      vertex 111.54 241.278 20.4097
    endloop
  endfacet
  facet normal 0.995268 0 -0.0971704
    outer loop
      vertex 111.5 241.278 20
      vertex 111.54 238.293 20.4097
      vertex 111.5 238.293 20
    endloop
  endfacet
  facet normal 0.882003 -0 0.471244
    outer loop
      vertex 111.66 238.293 19.1964
      vertex 111.854 241.278 18.8333
      vertex 111.66 241.278 19.1964
    endloop
  endfacet
  facet normal 0.882003 0 0.471244
    outer loop
      vertex 111.854 241.278 18.8333
      vertex 111.66 238.293 19.1964
      vertex 111.854 238.293 18.8333
    endloop
  endfacet
  facet normal 0.634719 0 0.772743
    outer loop
      vertex 112.115 241.278 18.5151
      vertex 112.433 238.293 18.2539
      vertex 112.433 241.278 18.2539
    endloop
  endfacet
  facet normal 0.634719 0 0.772743
    outer loop
      vertex 112.433 238.293 18.2539
      vertex 112.115 241.278 18.5151
      vertex 112.115 238.293 18.5151
    endloop
  endfacet
  facet normal 0.290466 0 0.956885
    outer loop
      vertex 112.796 241.278 18.0599
      vertex 113.19 238.293 17.9403
      vertex 113.19 241.278 17.9403
    endloop
  endfacet
  facet normal 0.290466 0 0.956885
    outer loop
      vertex 113.19 238.293 17.9403
      vertex 112.796 241.278 18.0599
      vertex 112.796 238.293 18.0599
    endloop
  endfacet
  facet normal 0.773177 -0 0.63419
    outer loop
      vertex 111.854 238.293 18.8333
      vertex 112.115 241.278 18.5151
      vertex 111.854 241.278 18.8333
    endloop
  endfacet
  facet normal 0.773177 0 0.63419
    outer loop
      vertex 112.115 241.278 18.5151
      vertex 111.854 238.293 18.8333
      vertex 112.115 238.293 18.5151
    endloop
  endfacet
  facet normal -0.995268 0 0.0971704
    outer loop
      vertex 115.66 238.293 19.5903
      vertex 115.7 241.278 20
      vertex 115.66 241.278 19.5903
    endloop
  endfacet
  facet normal -0.995268 0 0.0971704
    outer loop
      vertex 115.7 241.278 20
      vertex 115.66 238.293 19.5903
      vertex 115.7 238.293 20
    endloop
  endfacet
  facet normal -0.634719 0 -0.772743
    outer loop
      vertex 114.767 238.293 21.7461
      vertex 115.085 241.278 21.4849
      vertex 115.085 238.293 21.4849
    endloop
  endfacet
  facet normal -0.634719 0 -0.772743
    outer loop
      vertex 115.085 241.278 21.4849
      vertex 114.767 238.293 21.7461
      vertex 114.767 241.278 21.7461
    endloop
  endfacet
  facet normal -0.956594 0 -0.291423
    outer loop
      vertex 115.66 238.293 20.4097
      vertex 115.54 241.278 20.8036
      vertex 115.66 241.278 20.4097
    endloop
  endfacet
  facet normal -0.956594 -0 -0.291423
    outer loop
      vertex 115.54 241.278 20.8036
      vertex 115.66 238.293 20.4097
      vertex 115.54 238.293 20.8036
    endloop
  endfacet
  facet normal 0.471345 0 -0.881949
    outer loop
      vertex 112.433 238.293 21.7461
      vertex 112.796 241.278 21.9401
      vertex 112.796 238.293 21.9401
    endloop
  endfacet
  facet normal 0.471345 0 -0.881949
    outer loop
      vertex 112.796 241.278 21.9401
      vertex 112.433 238.293 21.7461
      vertex 112.433 241.278 21.7461
    endloop
  endfacet
  facet normal 0.773177 0 -0.63419
    outer loop
      vertex 112.115 238.293 21.4849
      vertex 111.854 241.278 21.1667
      vertex 112.115 241.278 21.4849
    endloop
  endfacet
  facet normal 0.773177 0 -0.63419
    outer loop
      vertex 111.854 241.278 21.1667
      vertex 112.115 238.293 21.4849
      vertex 111.854 238.293 21.1667
    endloop
  endfacet
  facet normal -0.0978213 0 0.995204
    outer loop
      vertex 113.6 241.278 17.9
      vertex 114.01 238.293 17.9403
      vertex 114.01 241.278 17.9403
    endloop
  endfacet
  facet normal -0.0978213 0 0.995204
    outer loop
      vertex 114.01 238.293 17.9403
      vertex 113.6 241.278 17.9
      vertex 113.6 238.293 17.9
    endloop
  endfacet
  facet normal 0.995268 -0 0.0971704
    outer loop
      vertex 111.5 238.293 20
      vertex 111.54 241.278 19.5903
      vertex 111.5 241.278 20
    endloop
  endfacet
  facet normal 0.995268 0 0.0971704
    outer loop
      vertex 111.54 241.278 19.5903
      vertex 111.5 238.293 20
      vertex 111.54 238.293 19.5903
    endloop
  endfacet
  facet normal -0.882003 0 -0.471244
    outer loop
      vertex 115.54 238.293 20.8036
      vertex 115.346 241.278 21.1667
      vertex 115.54 241.278 20.8036
    endloop
  endfacet
  facet normal -0.882003 -0 -0.471244
    outer loop
      vertex 115.346 241.278 21.1667
      vertex 115.54 238.293 20.8036
      vertex 115.346 238.293 21.1667
    endloop
  endfacet
  facet normal 0.956594 0 -0.291423
    outer loop
      vertex 111.66 238.293 20.8036
      vertex 111.54 241.278 20.4097
      vertex 111.66 241.278 20.8036
    endloop
  endfacet
  facet normal 0.956594 0 -0.291423
    outer loop
      vertex 111.54 241.278 20.4097
      vertex 111.66 238.293 20.8036
      vertex 111.54 238.293 20.4097
    endloop
  endfacet
  facet normal 0.634719 0 -0.772743
    outer loop
      vertex 112.115 238.293 21.4849
      vertex 112.433 241.278 21.7461
      vertex 112.433 238.293 21.7461
    endloop
  endfacet
  facet normal 0.634719 0 -0.772743
    outer loop
      vertex 112.433 241.278 21.7461
      vertex 112.115 238.293 21.4849
      vertex 112.115 241.278 21.4849
    endloop
  endfacet
  facet normal -0.471345 0 -0.881949
    outer loop
      vertex 114.404 238.293 21.9401
      vertex 114.767 241.278 21.7461
      vertex 114.767 238.293 21.7461
    endloop
  endfacet
  facet normal -0.471345 0 -0.881949
    outer loop
      vertex 114.767 241.278 21.7461
      vertex 114.404 238.293 21.9401
      vertex 114.404 241.278 21.9401
    endloop
  endfacet
  facet normal -0.773177 0 -0.63419
    outer loop
      vertex 115.346 238.293 21.1667
      vertex 115.085 241.278 21.4849
      vertex 115.346 241.278 21.1667
    endloop
  endfacet
  facet normal -0.773177 -0 -0.63419
    outer loop
      vertex 115.085 241.278 21.4849
      vertex 115.346 238.293 21.1667
      vertex 115.085 238.293 21.4849
    endloop
  endfacet
  facet normal -0.0980617 0 -0.99518
    outer loop
      vertex 113.6 238.293 22.1
      vertex 114.01 241.278 22.0596
      vertex 114.01 238.293 22.0596
    endloop
  endfacet
  facet normal -0.0980617 0 -0.99518
    outer loop
      vertex 114.01 241.278 22.0596
      vertex 113.6 238.293 22.1
      vertex 113.6 241.278 22.1
    endloop
  endfacet
  facet normal 0.0980617 0 -0.99518
    outer loop
      vertex 113.19 238.293 22.0596
      vertex 113.6 241.278 22.1
      vertex 113.6 238.293 22.1
    endloop
  endfacet
  facet normal 0.0980617 0 -0.99518
    outer loop
      vertex 113.6 241.278 22.1
      vertex 113.19 238.293 22.0596
      vertex 113.19 241.278 22.0596
    endloop
  endfacet
  facet normal 0.882003 0 -0.471244
    outer loop
      vertex 111.854 238.293 21.1667
      vertex 111.66 241.278 20.8036
      vertex 111.854 241.278 21.1667
    endloop
  endfacet
  facet normal 0.882003 0 -0.471244
    outer loop
      vertex 111.66 241.278 20.8036
      vertex 111.854 238.293 21.1667
      vertex 111.66 238.293 20.8036
    endloop
  endfacet
  facet normal 0.290243 0 -0.956953
    outer loop
      vertex 112.796 238.293 21.9401
      vertex 113.19 241.278 22.0596
      vertex 113.19 238.293 22.0596
    endloop
  endfacet
  facet normal 0.290243 0 -0.956953
    outer loop
      vertex 113.19 241.278 22.0596
      vertex 112.796 238.293 21.9401
      vertex 112.796 241.278 21.9401
    endloop
  endfacet
  facet normal 0 0 -1
    outer loop
      vertex 2 238.293 77
      vertex 107.6 241.278 77
      vertex 107.6 238.293 77
    endloop
  endfacet
  facet normal -0 0 -1
    outer loop
      vertex 107.6 241.278 77
      vertex 2 238.293 77
      vertex 2 241.278 77
    endloop
  endfacet
  facet normal -1 0 0
    outer loop
      vertex 107.6 238.293 15
      vertex 107.6 241.278 77
      vertex 107.6 241.278 15
    endloop
  endfacet
  facet normal -1 -0 0
    outer loop
      vertex 107.6 241.278 77
      vertex 107.6 238.293 15
      vertex 107.6 238.293 77
    endloop
  endfacet
  facet normal -0 0 1
    outer loop
      vertex 2 241.278 15
      vertex 107.6 238.293 15
      vertex 107.6 241.278 15
    endloop
  endfacet
  facet normal 0 0 1
    outer loop
      vertex 107.6 238.293 15
      vertex 2 241.278 15
      vertex 2 238.293 15
    endloop
  endfacet
  facet normal -0.995193 0.097938 0
    outer loop
      vertex 11.9616 25.6098 1.5
      vertex 12 26 7.5
      vertex 12 26 1.5
    endloop
  endfacet
  facet normal -0.995193 0.097938 0
    outer loop
      vertex 12 26 7.5
      vertex 11.9616 25.6098 1.5
      vertex 11.9616 25.6098 7.5
    endloop
  endfacet
  facet normal -0.881795 0.471634 0
    outer loop
      vertex 11.6629 24.8889 1.5
      vertex 11.8478 25.2346 7.5
      vertex 11.8478 25.2346 1.5
    endloop
  endfacet
  facet normal -0.881795 0.471634 0
    outer loop
      vertex 11.8478 25.2346 7.5
      vertex 11.6629 24.8889 1.5
      vertex 11.6629 24.8889 7.5
    endloop
  endfacet
  facet normal 0.47156 0.881834 -0
    outer loop
      vertex 9.23463 24.1522 2.9
      vertex 8.88886 24.3371 7.5
      vertex 9.23463 24.1522 7.5
    endloop
  endfacet
  facet normal 0.47156 0.881834 0
    outer loop
      vertex 8.88886 24.3371 7.5
      vertex 9.23463 24.1522 2.9
      vertex 8.88886 24.3371 2.9
    endloop
  endfacet
  facet normal 0.956944 0.290271 0
    outer loop
      vertex 8.15224 25.2346 7.5
      vertex 8.03843 25.6098 1.5
      vertex 8.03843 25.6098 7.5
    endloop
  endfacet
  facet normal 0.956944 0.290271 0
    outer loop
      vertex 8.03843 25.6098 1.5
      vertex 8.15224 25.2346 7.5
      vertex 8.15224 25.2346 1.5
    endloop
  endfacet
  facet normal -0.995193 -0.097938 0
    outer loop
      vertex 12 26 1.5
      vertex 11.9616 26.3902 7.5
      vertex 11.9616 26.3902 1.5
    endloop
  endfacet
  facet normal -0.995193 -0.097938 0
    outer loop
      vertex 11.9616 26.3902 7.5
      vertex 12 26 1.5
      vertex 12 26 7.5
    endloop
  endfacet
  facet normal -0.290248 -0.956951 0
    outer loop
      vertex 10.3902 27.9616 1.5
      vertex 10.7654 27.8478 7.5
      vertex 10.3902 27.9616 7.5
    endloop
  endfacet
  facet normal -0.290248 -0.956951 -0
    outer loop
      vertex 10.7654 27.8478 7.5
      vertex 10.3902 27.9616 1.5
      vertex 10.7654 27.8478 1.5
    endloop
  endfacet
  facet normal -0.634321 0.77307 -9.33167e-06
    outer loop
      vertex 11.4142 24.5858 7.5
      vertex 11.3097 24.5 2.9
      vertex 11.1111 24.3371 7.5
    endloop
  endfacet
  facet normal -0.634566 0.772869 0
    outer loop
      vertex 11.4142 24.5858 1.5
      vertex 11.3097 24.5 2.9
      vertex 11.4142 24.5858 7.5
    endloop
  endfacet
  facet normal -0.634566 0.772869 0
    outer loop
      vertex 11.3097 24.5 2.9
      vertex 11.4142 24.5858 1.5
      vertex 11.3097 24.5 1.5
    endloop
  endfacet
  facet normal -0.634191 0.773176 0
    outer loop
      vertex 11.1111 24.3371 7.5
      vertex 11.3097 24.5 2.9
      vertex 11.1111 24.3371 2.9
    endloop
  endfacet
  facet normal -0.77307 0.634321 0
    outer loop
      vertex 11.4142 24.5858 1.5
      vertex 11.6629 24.8889 7.5
      vertex 11.6629 24.8889 1.5
    endloop
  endfacet
  facet normal -0.77307 0.634321 0
    outer loop
      vertex 11.6629 24.8889 7.5
      vertex 11.4142 24.5858 1.5
      vertex 11.4142 24.5858 7.5
    endloop
  endfacet
  facet normal 0.0979429 0.995192 -0
    outer loop
      vertex 10 24 2.9
      vertex 9.60982 24.0384 7.5
      vertex 10 24 7.5
    endloop
  endfacet
  facet normal 0.0979429 0.995192 0
    outer loop
      vertex 9.60982 24.0384 7.5
      vertex 10 24 2.9
      vertex 9.60982 24.0384 2.9
    endloop
  endfacet
  facet normal 0.995185 -0.0980137 0
    outer loop
      vertex 8 26 7.5
      vertex 8.03843 26.3902 1.5
      vertex 8.03843 26.3902 7.5
    endloop
  endfacet
  facet normal 0.995185 -0.0980137 0
    outer loop
      vertex 8.03843 26.3902 1.5
      vertex 8 26 7.5
      vertex 8 26 1.5
    endloop
  endfacet
  facet normal 0.881879 0.471475 0
    outer loop
      vertex 8.33706 24.8889 7.5
      vertex 8.15224 25.2346 1.5
      vertex 8.15224 25.2346 7.5
    endloop
  endfacet
  facet normal 0.881879 0.471475 0
    outer loop
      vertex 8.15224 25.2346 1.5
      vertex 8.33706 24.8889 7.5
      vertex 8.33706 24.8889 1.5
    endloop
  endfacet
  facet normal 0.773033 0.634366 0
    outer loop
      vertex 8.58579 24.5858 7.5
      vertex 8.33706 24.8889 1.5
      vertex 8.33706 24.8889 7.5
    endloop
  endfacet
  facet normal 0.773033 0.634366 0
    outer loop
      vertex 8.33706 24.8889 1.5
      vertex 8.58579 24.5858 7.5
      vertex 8.58579 24.5858 1.5
    endloop
  endfacet
  facet normal 0.773033 -0.634366 0
    outer loop
      vertex 8.33706 27.1111 7.5
      vertex 8.58579 27.4142 1.5
      vertex 8.58579 27.4142 7.5
    endloop
  endfacet
  facet normal 0.773033 -0.634366 0
    outer loop
      vertex 8.58579 27.4142 1.5
      vertex 8.33706 27.1111 7.5
      vertex 8.33706 27.1111 1.5
    endloop
  endfacet
  facet normal -0.097938 -0.995193 0
    outer loop
      vertex 10 28 1.5
      vertex 10.3902 27.9616 7.5
      vertex 10 28 7.5
    endloop
  endfacet
  facet normal -0.097938 -0.995193 -0
    outer loop
      vertex 10.3902 27.9616 7.5
      vertex 10 28 1.5
      vertex 10.3902 27.9616 1.5
    endloop
  endfacet
  facet normal -0.956951 0.290248 0
    outer loop
      vertex 11.8478 25.2346 1.5
      vertex 11.9616 25.6098 7.5
      vertex 11.9616 25.6098 1.5
    endloop
  endfacet
  facet normal -0.956951 0.290248 0
    outer loop
      vertex 11.9616 25.6098 7.5
      vertex 11.8478 25.2346 1.5
      vertex 11.8478 25.2346 7.5
    endloop
  endfacet
  facet normal -0.097938 0.995193 0
    outer loop
      vertex 10.3902 24.0384 2.9
      vertex 10 24 7.5
      vertex 10.3902 24.0384 7.5
    endloop
  endfacet
  facet normal -0.097938 0.995193 0
    outer loop
      vertex 10 24 7.5
      vertex 10.3902 24.0384 2.9
      vertex 10 24 2.9
    endloop
  endfacet
  facet normal -0.471634 0.881795 0
    outer loop
      vertex 11.1111 24.3371 2.9
      vertex 10.7654 24.1522 7.5
      vertex 11.1111 24.3371 7.5
    endloop
  endfacet
  facet normal -0.471634 0.881795 0
    outer loop
      vertex 10.7654 24.1522 7.5
      vertex 11.1111 24.3371 2.9
      vertex 10.7654 24.1522 2.9
    endloop
  endfacet
  facet normal -0.290248 0.956951 0
    outer loop
      vertex 10.7654 24.1522 2.9
      vertex 10.3902 24.0384 7.5
      vertex 10.7654 24.1522 7.5
    endloop
  endfacet
  facet normal -0.290248 0.956951 0
    outer loop
      vertex 10.3902 24.0384 7.5
      vertex 10.7654 24.1522 2.9
      vertex 10.3902 24.0384 2.9
    endloop
  endfacet
  facet normal 0.995185 0.0980137 0
    outer loop
      vertex 8.03843 25.6098 7.5
      vertex 8 26 1.5
      vertex 8 26 7.5
    endloop
  endfacet
  facet normal 0.995185 0.0980137 0
    outer loop
      vertex 8 26 1.5
      vertex 8.03843 25.6098 7.5
      vertex 8.03843 25.6098 1.5
    endloop
  endfacet
  facet normal 0.290255 0.956949 -0
    outer loop
      vertex 9.60982 24.0384 2.9
      vertex 9.23463 24.1522 7.5
      vertex 9.60982 24.0384 7.5
    endloop
  endfacet
  facet normal 0.290255 0.956949 0
    outer loop
      vertex 9.23463 24.1522 7.5
      vertex 9.60982 24.0384 2.9
      vertex 9.23463 24.1522 2.9
    endloop
  endfacet
  facet normal 0.634306 0.773082 0
    outer loop
      vertex 8.69032 24.5 2.9
      vertex 8.88886 24.3371 7.5
      vertex 8.88886 24.3371 2.9
    endloop
  endfacet
  facet normal 0.634358 0.773039 -3.76782e-06
    outer loop
      vertex 8.88886 24.3371 7.5
      vertex 8.69032 24.5 2.9
      vertex 8.58579 24.5858 7.5
    endloop
  endfacet
  facet normal 0.634457 0.772958 0
    outer loop
      vertex 8.58579 24.5858 1.5
      vertex 8.69032 24.5 2.9
      vertex 8.69032 24.5 1.5
    endloop
  endfacet
  facet normal 0.634457 0.772958 0
    outer loop
      vertex 8.69032 24.5 2.9
      vertex 8.58579 24.5858 1.5
      vertex 8.58579 24.5858 7.5
    endloop
  endfacet
  facet normal 0.47156 -0.881834 0
    outer loop
      vertex 8.88886 27.6629 1.5
      vertex 9.23463 27.8478 7.5
      vertex 8.88886 27.6629 7.5
    endloop
  endfacet
  facet normal 0.47156 -0.881834 0
    outer loop
      vertex 9.23463 27.8478 7.5
      vertex 8.88886 27.6629 1.5
      vertex 9.23463 27.8478 1.5
    endloop
  endfacet
  facet normal 0.956944 -0.290271 0
    outer loop
      vertex 8.03843 26.3902 7.5
      vertex 8.15224 26.7654 1.5
      vertex 8.15224 26.7654 7.5
    endloop
  endfacet
  facet normal 0.956944 -0.290271 0
    outer loop
      vertex 8.15224 26.7654 1.5
      vertex 8.03843 26.3902 7.5
      vertex 8.03843 26.3902 1.5
    endloop
  endfacet
  facet normal 0.634358 -0.773039 0
    outer loop
      vertex 8.58579 27.4142 1.5
      vertex 8.88886 27.6629 7.5
      vertex 8.58579 27.4142 7.5
    endloop
  endfacet
  facet normal 0.634358 -0.773039 0
    outer loop
      vertex 8.88886 27.6629 7.5
      vertex 8.58579 27.4142 1.5
      vertex 8.88886 27.6629 1.5
    endloop
  endfacet
  facet normal -0.471634 -0.881795 0
    outer loop
      vertex 10.7654 27.8478 1.5
      vertex 11.1111 27.6629 7.5
      vertex 10.7654 27.8478 7.5
    endloop
  endfacet
  facet normal -0.471634 -0.881795 -0
    outer loop
      vertex 11.1111 27.6629 7.5
      vertex 10.7654 27.8478 1.5
      vertex 11.1111 27.6629 1.5
    endloop
  endfacet
  facet normal -0.634321 -0.77307 0
    outer loop
      vertex 11.1111 27.6629 1.5
      vertex 11.4142 27.4142 7.5
      vertex 11.1111 27.6629 7.5
    endloop
  endfacet
  facet normal -0.634321 -0.77307 -0
    outer loop
      vertex 11.4142 27.4142 7.5
      vertex 11.1111 27.6629 1.5
      vertex 11.4142 27.4142 1.5
    endloop
  endfacet
  facet normal -0.881795 -0.471634 0
    outer loop
      vertex 11.8478 26.7654 1.5
      vertex 11.6629 27.1111 7.5
      vertex 11.6629 27.1111 1.5
    endloop
  endfacet
  facet normal -0.881795 -0.471634 0
    outer loop
      vertex 11.6629 27.1111 7.5
      vertex 11.8478 26.7654 1.5
      vertex 11.8478 26.7654 7.5
    endloop
  endfacet
  facet normal -0.956951 -0.290248 0
    outer loop
      vertex 11.9616 26.3902 1.5
      vertex 11.8478 26.7654 7.5
      vertex 11.8478 26.7654 1.5
    endloop
  endfacet
  facet normal -0.956951 -0.290248 0
    outer loop
      vertex 11.8478 26.7654 7.5
      vertex 11.9616 26.3902 1.5
      vertex 11.9616 26.3902 7.5
    endloop
  endfacet
  facet normal 0.0979429 -0.995192 0
    outer loop
      vertex 9.60982 27.9616 1.5
      vertex 10 28 7.5
      vertex 9.60982 27.9616 7.5
    endloop
  endfacet
  facet normal 0.0979429 -0.995192 0
    outer loop
      vertex 10 28 7.5
      vertex 9.60982 27.9616 1.5
      vertex 10 28 1.5
    endloop
  endfacet
  facet normal 0.881879 -0.471475 0
    outer loop
      vertex 8.15224 26.7654 7.5
      vertex 8.33706 27.1111 1.5
      vertex 8.33706 27.1111 7.5
    endloop
  endfacet
  facet normal 0.881879 -0.471475 0
    outer loop
      vertex 8.33706 27.1111 1.5
      vertex 8.15224 26.7654 7.5
      vertex 8.15224 26.7654 1.5
    endloop
  endfacet
  facet normal -0.77307 -0.634321 0
    outer loop
      vertex 11.6629 27.1111 1.5
      vertex 11.4142 27.4142 7.5
      vertex 11.4142 27.4142 1.5
    endloop
  endfacet
  facet normal -0.77307 -0.634321 0
    outer loop
      vertex 11.4142 27.4142 7.5
      vertex 11.6629 27.1111 1.5
      vertex 11.6629 27.1111 7.5
    endloop
  endfacet
  facet normal 0.290255 -0.956949 0
    outer loop
      vertex 9.23463 27.8478 1.5
      vertex 9.60982 27.9616 7.5
      vertex 9.23463 27.8478 7.5
    endloop
  endfacet
  facet normal 0.290255 -0.956949 0
    outer loop
      vertex 9.60982 27.9616 7.5
      vertex 9.23463 27.8478 1.5
      vertex 9.60982 27.9616 1.5
    endloop
  endfacet
  facet normal -0.995193 0.097938 0
    outer loop
      vertex 11.9616 87.6098 1.5
      vertex 12 88 7.5
      vertex 12 88 1.5
    endloop
  endfacet
  facet normal -0.995193 0.097938 0
    outer loop
      vertex 12 88 7.5
      vertex 11.9616 87.6098 1.5
      vertex 11.9616 87.6098 7.5
    endloop
  endfacet
  facet normal -0.956951 0.290248 0
    outer loop
      vertex 11.8478 87.2346 1.5
      vertex 11.9616 87.6098 7.5
      vertex 11.9616 87.6098 1.5
    endloop
  endfacet
  facet normal -0.956951 0.290248 0
    outer loop
      vertex 11.9616 87.6098 7.5
      vertex 11.8478 87.2346 1.5
      vertex 11.8478 87.2346 7.5
    endloop
  endfacet
  facet normal 0.0979429 0.995192 -0
    outer loop
      vertex 10 86 1.5
      vertex 9.60982 86.0384 7.5
      vertex 10 86 7.5
    endloop
  endfacet
  facet normal 0.0979429 0.995192 0
    outer loop
      vertex 9.60982 86.0384 7.5
      vertex 10 86 1.5
      vertex 9.60982 86.0384 1.5
    endloop
  endfacet
  facet normal -0.634321 0.77307 0
    outer loop
      vertex 11.4142 86.5858 1.5
      vertex 11.1111 86.3371 7.5
      vertex 11.4142 86.5858 7.5
    endloop
  endfacet
  facet normal -0.634321 0.77307 0
    outer loop
      vertex 11.1111 86.3371 7.5
      vertex 11.4142 86.5858 1.5
      vertex 11.1111 86.3371 1.5
    endloop
  endfacet
  facet normal 0.773033 0.634366 0
    outer loop
      vertex 8.58579 86.5858 7.5
      vertex 8.33706 86.8889 1.5
      vertex 8.33706 86.8889 7.5
    endloop
  endfacet
  facet normal 0.773033 0.634366 0
    outer loop
      vertex 8.33706 86.8889 1.5
      vertex 8.58579 86.5858 7.5
      vertex 8.58579 86.5858 1.5
    endloop
  endfacet
  facet normal 0.47156 0.881834 -0
    outer loop
      vertex 9.23463 86.1522 1.5
      vertex 8.88886 86.3371 7.5
      vertex 9.23463 86.1522 7.5
    endloop
  endfacet
  facet normal 0.47156 0.881834 0
    outer loop
      vertex 8.88886 86.3371 7.5
      vertex 9.23463 86.1522 1.5
      vertex 8.88886 86.3371 1.5
    endloop
  endfacet
  facet normal -0.881795 0.471634 0
    outer loop
      vertex 11.6629 86.8889 1.5
      vertex 11.8478 87.2346 7.5
      vertex 11.8478 87.2346 1.5
    endloop
  endfacet
  facet normal -0.881795 0.471634 0
    outer loop
      vertex 11.8478 87.2346 7.5
      vertex 11.6629 86.8889 1.5
      vertex 11.6629 86.8889 7.5
    endloop
  endfacet
  facet normal -0.290248 0.956951 0
    outer loop
      vertex 10.7654 86.1522 1.5
      vertex 10.3902 86.0384 7.5
      vertex 10.7654 86.1522 7.5
    endloop
  endfacet
  facet normal -0.290248 0.956951 0
    outer loop
      vertex 10.3902 86.0384 7.5
      vertex 10.7654 86.1522 1.5
      vertex 10.3902 86.0384 1.5
    endloop
  endfacet
  facet normal -0.471634 0.881795 0
    outer loop
      vertex 11.1111 86.3371 1.5
      vertex 10.7654 86.1522 7.5
      vertex 11.1111 86.3371 7.5
    endloop
  endfacet
  facet normal -0.471634 0.881795 0
    outer loop
      vertex 10.7654 86.1522 7.5
      vertex 11.1111 86.3371 1.5
      vertex 10.7654 86.1522 1.5
    endloop
  endfacet
  facet normal 0.956944 0.290271 0
    outer loop
      vertex 8.15224 87.2346 7.5
      vertex 8.03843 87.6098 1.5
      vertex 8.03843 87.6098 7.5
    endloop
  endfacet
  facet normal 0.956944 0.290271 0
    outer loop
      vertex 8.03843 87.6098 1.5
      vertex 8.15224 87.2346 7.5
      vertex 8.15224 87.2346 1.5
    endloop
  endfacet
  facet normal 0.881879 0.471475 0
    outer loop
      vertex 8.33706 86.8889 7.5
      vertex 8.15224 87.2346 1.5
      vertex 8.15224 87.2346 7.5
    endloop
  endfacet
  facet normal 0.881879 0.471475 0
    outer loop
      vertex 8.15224 87.2346 1.5
      vertex 8.33706 86.8889 7.5
      vertex 8.33706 86.8889 1.5
    endloop
  endfacet
  facet normal 0 0 1
    outer loop
      vertex 11.9616 88.3902 1.5
      vertex 11.9616 87.6098 1.5
      vertex 12 88 1.5
    endloop
  endfacet
  facet normal 0 0 1
    outer loop
      vertex 11.8478 88.7654 1.5
      vertex 11.9616 87.6098 1.5
      vertex 11.9616 88.3902 1.5
    endloop
  endfacet
  facet normal 0 0 1
    outer loop
      vertex 11.8478 88.7654 1.5
      vertex 11.8478 87.2346 1.5
      vertex 11.9616 87.6098 1.5
    endloop
  endfacet
  facet normal 0 0 1
    outer loop
      vertex 11.6629 89.1111 1.5
      vertex 11.8478 87.2346 1.5
      vertex 11.8478 88.7654 1.5
    endloop
  endfacet
  facet normal 0 0 1
    outer loop
      vertex 11.6629 89.1111 1.5
      vertex 11.6629 86.8889 1.5
      vertex 11.8478 87.2346 1.5
    endloop
  endfacet
  facet normal 0 0 1
    outer loop
      vertex 11.4142 89.4142 1.5
      vertex 11.6629 86.8889 1.5
      vertex 11.6629 89.1111 1.5
    endloop
  endfacet
  facet normal 0 0 1
    outer loop
      vertex 11.4142 89.4142 1.5
      vertex 11.4142 86.5858 1.5
      vertex 11.6629 86.8889 1.5
    endloop
  endfacet
  facet normal 0 0 1
    outer loop
      vertex 11.1111 89.6629 1.5
      vertex 11.4142 86.5858 1.5
      vertex 11.4142 89.4142 1.5
    endloop
  endfacet
  facet normal 0 0 1
    outer loop
      vertex 11.1111 89.6629 1.5
      vertex 11.1111 86.3371 1.5
      vertex 11.4142 86.5858 1.5
    endloop
  endfacet
  facet normal 0 0 1
    outer loop
      vertex 10.7654 89.8478 1.5
      vertex 11.1111 86.3371 1.5
      vertex 11.1111 89.6629 1.5
    endloop
  endfacet
  facet normal 0 0 1
    outer loop
      vertex 10.7654 89.8478 1.5
      vertex 10.7654 86.1522 1.5
      vertex 11.1111 86.3371 1.5
    endloop
  endfacet
  facet normal 0 0 1
    outer loop
      vertex 10.3902 89.9616 1.5
      vertex 10.7654 86.1522 1.5
      vertex 10.7654 89.8478 1.5
    endloop
  endfacet
  facet normal 0 0 1
    outer loop
      vertex 10.3902 89.9616 1.5
      vertex 10.3902 86.0384 1.5
      vertex 10.7654 86.1522 1.5
    endloop
  endfacet
  facet normal 0 0 1
    outer loop
      vertex 10 90 1.5
      vertex 10.3902 86.0384 1.5
      vertex 10.3902 89.9616 1.5
    endloop
  endfacet
  facet normal 0 0 1
    outer loop
      vertex 10 90 1.5
      vertex 10 86 1.5
      vertex 10.3902 86.0384 1.5
    endloop
  endfacet
  facet normal -0 0 1
    outer loop
      vertex 9.60982 89.9616 1.5
      vertex 10 86 1.5
      vertex 10 90 1.5
    endloop
  endfacet
  facet normal 0 0 1
    outer loop
      vertex 9.60982 89.9616 1.5
      vertex 9.60982 86.0384 1.5
      vertex 10 86 1.5
    endloop
  endfacet
  facet normal -0 0 1
    outer loop
      vertex 9.23463 89.8478 1.5
      vertex 9.60982 86.0384 1.5
      vertex 9.60982 89.9616 1.5
    endloop
  endfacet
  facet normal 0 0 1
    outer loop
      vertex 9.23463 89.8478 1.5
      vertex 9.23463 86.1522 1.5
      vertex 9.60982 86.0384 1.5
    endloop
  endfacet
  facet normal -0 0 1
    outer loop
      vertex 8.88886 89.6629 1.5
      vertex 9.23463 86.1522 1.5
      vertex 9.23463 89.8478 1.5
    endloop
  endfacet
  facet normal 0 0 1
    outer loop
      vertex 8.88886 89.6629 1.5
      vertex 8.88886 86.3371 1.5
      vertex 9.23463 86.1522 1.5
    endloop
  endfacet
  facet normal -0 0 1
    outer loop
      vertex 8.58579 89.4142 1.5
      vertex 8.88886 86.3371 1.5
      vertex 8.88886 89.6629 1.5
    endloop
  endfacet
  facet normal 0 0 1
    outer loop
      vertex 8.58579 89.4142 1.5
      vertex 8.58579 86.5858 1.5
      vertex 8.88886 86.3371 1.5
    endloop
  endfacet
  facet normal -0 0 1
    outer loop
      vertex 8.33706 89.1111 1.5
      vertex 8.58579 86.5858 1.5
      vertex 8.58579 89.4142 1.5
    endloop
  endfacet
  facet normal 0 0 1
    outer loop
      vertex 8.33706 89.1111 1.5
      vertex 8.33706 86.8889 1.5
      vertex 8.58579 86.5858 1.5
    endloop
  endfacet
  facet normal -0 0 1
    outer loop
      vertex 8.15224 88.7654 1.5
      vertex 8.33706 86.8889 1.5
      vertex 8.33706 89.1111 1.5
    endloop
  endfacet
  facet normal 0 0 1
    outer loop
      vertex 8.15224 88.7654 1.5
      vertex 8.15224 87.2346 1.5
      vertex 8.33706 86.8889 1.5
    endloop
  endfacet
  facet normal -0 0 1
    outer loop
      vertex 8.03843 88.3902 1.5
      vertex 8.15224 87.2346 1.5
      vertex 8.15224 88.7654 1.5
    endloop
  endfacet
  facet normal 0 0 1
    outer loop
      vertex 8.03843 88.3902 1.5
      vertex 8.03843 87.6098 1.5
      vertex 8.15224 87.2346 1.5
    endloop
  endfacet
  facet normal 0 -0 1
    outer loop
      vertex 8.03843 87.6098 1.5
      vertex 8.03843 88.3902 1.5
      vertex 8 88 1.5
    endloop
  endfacet
  facet normal 0.290255 0.956949 -0
    outer loop
      vertex 9.60982 86.0384 1.5
      vertex 9.23463 86.1522 7.5
      vertex 9.60982 86.0384 7.5
    endloop
  endfacet
  facet normal 0.290255 0.956949 0
    outer loop
      vertex 9.23463 86.1522 7.5
      vertex 9.60982 86.0384 1.5
      vertex 9.23463 86.1522 1.5
    endloop
  endfacet
  facet normal -0.995193 -0.097938 0
    outer loop
      vertex 12 88 1.5
      vertex 11.9616 88.3902 7.5
      vertex 11.9616 88.3902 1.5
    endloop
  endfacet
  facet normal -0.995193 -0.097938 0
    outer loop
      vertex 11.9616 88.3902 7.5
      vertex 12 88 1.5
      vertex 12 88 7.5
    endloop
  endfacet
  facet normal 0.0979429 -0.995192 0
    outer loop
      vertex 9.60982 89.9616 1.5
      vertex 10 90 7.5
      vertex 9.60982 89.9616 7.5
    endloop
  endfacet
  facet normal 0.0979429 -0.995192 0
    outer loop
      vertex 10 90 7.5
      vertex 9.60982 89.9616 1.5
      vertex 10 90 1.5
    endloop
  endfacet
  facet normal 0.881879 -0.471475 0
    outer loop
      vertex 8.15224 88.7654 7.5
      vertex 8.33706 89.1111 1.5
      vertex 8.33706 89.1111 7.5
    endloop
  endfacet
  facet normal 0.881879 -0.471475 0
    outer loop
      vertex 8.33706 89.1111 1.5
      vertex 8.15224 88.7654 7.5
      vertex 8.15224 88.7654 1.5
    endloop
  endfacet
  facet normal -0.097938 -0.995193 0
    outer loop
      vertex 10 90 1.5
      vertex 10.3902 89.9616 7.5
      vertex 10 90 7.5
    endloop
  endfacet
  facet normal -0.097938 -0.995193 -0
    outer loop
      vertex 10.3902 89.9616 7.5
      vertex 10 90 1.5
      vertex 10.3902 89.9616 1.5
    endloop
  endfacet
  facet normal -0.77307 0.634321 0
    outer loop
      vertex 11.4142 86.5858 1.5
      vertex 11.6629 86.8889 7.5
      vertex 11.6629 86.8889 1.5
    endloop
  endfacet
  facet normal -0.77307 0.634321 0
    outer loop
      vertex 11.6629 86.8889 7.5
      vertex 11.4142 86.5858 1.5
      vertex 11.4142 86.5858 7.5
    endloop
  endfacet
  facet normal -0.097938 0.995193 0
    outer loop
      vertex 10.3902 86.0384 1.5
      vertex 10 86 7.5
      vertex 10.3902 86.0384 7.5
    endloop
  endfacet
  facet normal -0.097938 0.995193 0
    outer loop
      vertex 10 86 7.5
      vertex 10.3902 86.0384 1.5
      vertex 10 86 1.5
    endloop
  endfacet
  facet normal 0.995185 0.0980137 0
    outer loop
      vertex 8.03843 87.6098 7.5
      vertex 8 88 1.5
      vertex 8 88 7.5
    endloop
  endfacet
  facet normal 0.995185 0.0980137 0
    outer loop
      vertex 8 88 1.5
      vertex 8.03843 87.6098 7.5
      vertex 8.03843 87.6098 1.5
    endloop
  endfacet
  facet normal 0.995185 -0.0980137 0
    outer loop
      vertex 8 88 7.5
      vertex 8.03843 88.3902 1.5
      vertex 8.03843 88.3902 7.5
    endloop
  endfacet
  facet normal 0.995185 -0.0980137 0
    outer loop
      vertex 8.03843 88.3902 1.5
      vertex 8 88 7.5
      vertex 8 88 1.5
    endloop
  endfacet
  facet normal 0.634358 0.773039 -0
    outer loop
      vertex 8.88886 86.3371 1.5
      vertex 8.58579 86.5858 7.5
      vertex 8.88886 86.3371 7.5
    endloop
  endfacet
  facet normal 0.634358 0.773039 0
    outer loop
      vertex 8.58579 86.5858 7.5
      vertex 8.88886 86.3371 1.5
      vertex 8.58579 86.5858 1.5
    endloop
  endfacet
  facet normal -0.881795 -0.471634 0
    outer loop
      vertex 11.8478 88.7654 1.5
      vertex 11.6629 89.1111 7.5
      vertex 11.6629 89.1111 1.5
    endloop
  endfacet
  facet normal -0.881795 -0.471634 0
    outer loop
      vertex 11.6629 89.1111 7.5
      vertex 11.8478 88.7654 1.5
      vertex 11.8478 88.7654 7.5
    endloop
  endfacet
  facet normal 0.634358 -0.773039 0
    outer loop
      vertex 8.58579 89.4142 1.5
      vertex 8.88886 89.6629 7.5
      vertex 8.58579 89.4142 7.5
    endloop
  endfacet
  facet normal 0.634358 -0.773039 0
    outer loop
      vertex 8.88886 89.6629 7.5
      vertex 8.58579 89.4142 1.5
      vertex 8.88886 89.6629 1.5
    endloop
  endfacet
  facet normal 0.773033 -0.634366 0
    outer loop
      vertex 8.33706 89.1111 7.5
      vertex 8.58579 89.4142 1.5
      vertex 8.58579 89.4142 7.5
    endloop
  endfacet
  facet normal 0.773033 -0.634366 0
    outer loop
      vertex 8.58579 89.4142 1.5
      vertex 8.33706 89.1111 7.5
      vertex 8.33706 89.1111 1.5
    endloop
  endfacet
  facet normal 0.956944 -0.290271 0
    outer loop
      vertex 8.03843 88.3902 7.5
      vertex 8.15224 88.7654 1.5
      vertex 8.15224 88.7654 7.5
    endloop
  endfacet
  facet normal 0.956944 -0.290271 0
    outer loop
      vertex 8.15224 88.7654 1.5
      vertex 8.03843 88.3902 7.5
      vertex 8.03843 88.3902 1.5
    endloop
  endfacet
  facet normal -0.290248 -0.956951 0
    outer loop
      vertex 10.3902 89.9616 1.5
      vertex 10.7654 89.8478 7.5
      vertex 10.3902 89.9616 7.5
    endloop
  endfacet
  facet normal -0.290248 -0.956951 -0
    outer loop
      vertex 10.7654 89.8478 7.5
      vertex 10.3902 89.9616 1.5
      vertex 10.7654 89.8478 1.5
    endloop
  endfacet
  facet normal -0.956951 -0.290248 0
    outer loop
      vertex 11.9616 88.3902 1.5
      vertex 11.8478 88.7654 7.5
      vertex 11.8478 88.7654 1.5
    endloop
  endfacet
  facet normal -0.956951 -0.290248 0
    outer loop
      vertex 11.8478 88.7654 7.5
      vertex 11.9616 88.3902 1.5
      vertex 11.9616 88.3902 7.5
    endloop
  endfacet
  facet normal -0.471634 -0.881795 0
    outer loop
      vertex 10.7654 89.8478 1.5
      vertex 11.1111 89.6629 7.5
      vertex 10.7654 89.8478 7.5
    endloop
  endfacet
  facet normal -0.471634 -0.881795 -0
    outer loop
      vertex 11.1111 89.6629 7.5
      vertex 10.7654 89.8478 1.5
      vertex 11.1111 89.6629 1.5
    endloop
  endfacet
  facet normal -0.634321 -0.77307 0
    outer loop
      vertex 11.1111 89.6629 1.5
      vertex 11.4142 89.4142 7.5
      vertex 11.1111 89.6629 7.5
    endloop
  endfacet
  facet normal -0.634321 -0.77307 -0
    outer loop
      vertex 11.4142 89.4142 7.5
      vertex 11.1111 89.6629 1.5
      vertex 11.4142 89.4142 1.5
    endloop
  endfacet
  facet normal -0.77307 -0.634321 0
    outer loop
      vertex 11.6629 89.1111 1.5
      vertex 11.4142 89.4142 7.5
      vertex 11.4142 89.4142 1.5
    endloop
  endfacet
  facet normal -0.77307 -0.634321 0
    outer loop
      vertex 11.4142 89.4142 7.5
      vertex 11.6629 89.1111 1.5
      vertex 11.6629 89.1111 7.5
    endloop
  endfacet
  facet normal 0.47156 -0.881834 0
    outer loop
      vertex 8.88886 89.6629 1.5
      vertex 9.23463 89.8478 7.5
      vertex 8.88886 89.6629 7.5
    endloop
  endfacet
  facet normal 0.47156 -0.881834 0
    outer loop
      vertex 9.23463 89.8478 7.5
      vertex 8.88886 89.6629 1.5
      vertex 9.23463 89.8478 1.5
    endloop
  endfacet
  facet normal 0.290255 -0.956949 0
    outer loop
      vertex 9.23463 89.8478 1.5
      vertex 9.60982 89.9616 7.5
      vertex 9.23463 89.8478 7.5
    endloop
  endfacet
  facet normal 0.290255 -0.956949 0
    outer loop
      vertex 9.60982 89.9616 7.5
      vertex 9.23463 89.8478 1.5
      vertex 9.60982 89.9616 1.5
    endloop
  endfacet
  facet normal -0.995193 0.097938 0
    outer loop
      vertex 95.9616 25.6098 1.5
      vertex 96 26 7.5
      vertex 96 26 1.5
    endloop
  endfacet
  facet normal -0.995193 0.097938 0
    outer loop
      vertex 96 26 7.5
      vertex 95.9616 25.6098 1.5
      vertex 95.9616 25.6098 7.5
    endloop
  endfacet
  facet normal -0.956951 0.290248 0
    outer loop
      vertex 95.8478 25.2346 1.5
      vertex 95.9616 25.6098 7.5
      vertex 95.9616 25.6098 1.5
    endloop
  endfacet
  facet normal -0.956951 0.290248 0
    outer loop
      vertex 95.9616 25.6098 7.5
      vertex 95.8478 25.2346 1.5
      vertex 95.8478 25.2346 7.5
    endloop
  endfacet
  facet normal 0.097938 0.995193 -0
    outer loop
      vertex 94 24 2.9
      vertex 93.6098 24.0384 7.5
      vertex 94 24 7.5
    endloop
  endfacet
  facet normal 0.097938 0.995193 0
    outer loop
      vertex 93.6098 24.0384 7.5
      vertex 94 24 2.9
      vertex 93.6098 24.0384 2.9
    endloop
  endfacet
  facet normal -0.634321 0.77307 -9.33167e-06
    outer loop
      vertex 95.4142 24.5858 7.5
      vertex 95.3097 24.5 2.9
      vertex 95.1111 24.3371 7.5
    endloop
  endfacet
  facet normal -0.634566 0.772869 0
    outer loop
      vertex 95.4142 24.5858 1.5
      vertex 95.3097 24.5 2.9
      vertex 95.4142 24.5858 7.5
    endloop
  endfacet
  facet normal -0.634566 0.772869 0
    outer loop
      vertex 95.3097 24.5 2.9
      vertex 95.4142 24.5858 1.5
      vertex 95.3097 24.5 1.5
    endloop
  endfacet
  facet normal -0.634191 0.773176 0
    outer loop
      vertex 95.1111 24.3371 7.5
      vertex 95.3097 24.5 2.9
      vertex 95.1111 24.3371 2.9
    endloop
  endfacet
  facet normal 0.77307 0.634321 0
    outer loop
      vertex 92.5858 24.5858 7.5
      vertex 92.3371 24.8889 1.5
      vertex 92.3371 24.8889 7.5
    endloop
  endfacet
  facet normal 0.77307 0.634321 0
    outer loop
      vertex 92.3371 24.8889 1.5
      vertex 92.5858 24.5858 7.5
      vertex 92.5858 24.5858 1.5
    endloop
  endfacet
  facet normal 0.471634 0.881795 -0
    outer loop
      vertex 93.2346 24.1522 2.9
      vertex 92.8889 24.3371 7.5
      vertex 93.2346 24.1522 7.5
    endloop
  endfacet
  facet normal 0.471634 0.881795 0
    outer loop
      vertex 92.8889 24.3371 7.5
      vertex 93.2346 24.1522 2.9
      vertex 92.8889 24.3371 2.9
    endloop
  endfacet
  facet normal -0.881795 0.471634 0
    outer loop
      vertex 95.6629 24.8889 1.5
      vertex 95.8478 25.2346 7.5
      vertex 95.8478 25.2346 1.5
    endloop
  endfacet
  facet normal -0.881795 0.471634 0
    outer loop
      vertex 95.8478 25.2346 7.5
      vertex 95.6629 24.8889 1.5
      vertex 95.6629 24.8889 7.5
    endloop
  endfacet
  facet normal -0.290248 0.956951 0
    outer loop
      vertex 94.7654 24.1522 2.9
      vertex 94.3902 24.0384 7.5
      vertex 94.7654 24.1522 7.5
    endloop
  endfacet
  facet normal -0.290248 0.956951 0
    outer loop
      vertex 94.3902 24.0384 7.5
      vertex 94.7654 24.1522 2.9
      vertex 94.3902 24.0384 2.9
    endloop
  endfacet
  facet normal -0.471634 0.881795 0
    outer loop
      vertex 95.1111 24.3371 2.9
      vertex 94.7654 24.1522 7.5
      vertex 95.1111 24.3371 7.5
    endloop
  endfacet
  facet normal -0.471634 0.881795 0
    outer loop
      vertex 94.7654 24.1522 7.5
      vertex 95.1111 24.3371 2.9
      vertex 94.7654 24.1522 2.9
    endloop
  endfacet
  facet normal 0.956951 0.290248 0
    outer loop
      vertex 92.1522 25.2346 7.5
      vertex 92.0384 25.6098 1.5
      vertex 92.0384 25.6098 7.5
    endloop
  endfacet
  facet normal 0.956951 0.290248 0
    outer loop
      vertex 92.0384 25.6098 1.5
      vertex 92.1522 25.2346 7.5
      vertex 92.1522 25.2346 1.5
    endloop
  endfacet
  facet normal 0.881795 0.471634 0
    outer loop
      vertex 92.3371 24.8889 7.5
      vertex 92.1522 25.2346 1.5
      vertex 92.1522 25.2346 7.5
    endloop
  endfacet
  facet normal 0.881795 0.471634 0
    outer loop
      vertex 92.1522 25.2346 1.5
      vertex 92.3371 24.8889 7.5
      vertex 92.3371 24.8889 1.5
    endloop
  endfacet
  facet normal 0.290248 0.956951 -0
    outer loop
      vertex 93.6098 24.0384 2.9
      vertex 93.2346 24.1522 7.5
      vertex 93.6098 24.0384 7.5
    endloop
  endfacet
  facet normal 0.290248 0.956951 0
    outer loop
      vertex 93.2346 24.1522 7.5
      vertex 93.6098 24.0384 2.9
      vertex 93.2346 24.1522 2.9
    endloop
  endfacet
  facet normal -0.995193 -0.097938 0
    outer loop
      vertex 96 26 1.5
      vertex 95.9616 26.3902 7.5
      vertex 95.9616 26.3902 1.5
    endloop
  endfacet
  facet normal -0.995193 -0.097938 0
    outer loop
      vertex 95.9616 26.3902 7.5
      vertex 96 26 1.5
      vertex 96 26 7.5
    endloop
  endfacet
  facet normal 0.097938 -0.995193 0
    outer loop
      vertex 93.6098 27.9616 1.5
      vertex 94 28 7.5
      vertex 93.6098 27.9616 7.5
    endloop
  endfacet
  facet normal 0.097938 -0.995193 0
    outer loop
      vertex 94 28 7.5
      vertex 93.6098 27.9616 1.5
      vertex 94 28 1.5
    endloop
  endfacet
  facet normal 0.881795 -0.471634 0
    outer loop
      vertex 92.1522 26.7654 7.5
      vertex 92.3371 27.1111 1.5
      vertex 92.3371 27.1111 7.5
    endloop
  endfacet
  facet normal 0.881795 -0.471634 0
    outer loop
      vertex 92.3371 27.1111 1.5
      vertex 92.1522 26.7654 7.5
      vertex 92.1522 26.7654 1.5
    endloop
  endfacet
  facet normal -0.097938 -0.995193 0
    outer loop
      vertex 94 28 1.5
      vertex 94.3902 27.9616 7.5
      vertex 94 28 7.5
    endloop
  endfacet
  facet normal -0.097938 -0.995193 -0
    outer loop
      vertex 94.3902 27.9616 7.5
      vertex 94 28 1.5
      vertex 94.3902 27.9616 1.5
    endloop
  endfacet
  facet normal -0.471634 -0.881795 0
    outer loop
      vertex 94.7654 27.8478 1.5
      vertex 95.1111 27.6629 7.5
      vertex 94.7654 27.8478 7.5
    endloop
  endfacet
  facet normal -0.471634 -0.881795 -0
    outer loop
      vertex 95.1111 27.6629 7.5
      vertex 94.7654 27.8478 1.5
      vertex 95.1111 27.6629 1.5
    endloop
  endfacet
  facet normal -0.77307 0.634321 0
    outer loop
      vertex 95.4142 24.5858 1.5
      vertex 95.6629 24.8889 7.5
      vertex 95.6629 24.8889 1.5
    endloop
  endfacet
  facet normal -0.77307 0.634321 0
    outer loop
      vertex 95.6629 24.8889 7.5
      vertex 95.4142 24.5858 1.5
      vertex 95.4142 24.5858 7.5
    endloop
  endfacet
  facet normal -0.097938 0.995193 0
    outer loop
      vertex 94.3902 24.0384 2.9
      vertex 94 24 7.5
      vertex 94.3902 24.0384 7.5
    endloop
  endfacet
  facet normal -0.097938 0.995193 0
    outer loop
      vertex 94 24 7.5
      vertex 94.3902 24.0384 2.9
      vertex 94 24 2.9
    endloop
  endfacet
  facet normal 0.995193 0.097938 0
    outer loop
      vertex 92.0384 25.6098 7.5
      vertex 92 26 1.5
      vertex 92 26 7.5
    endloop
  endfacet
  facet normal 0.995193 0.097938 0
    outer loop
      vertex 92 26 1.5
      vertex 92.0384 25.6098 7.5
      vertex 92.0384 25.6098 1.5
    endloop
  endfacet
  facet normal 0.995193 -0.097938 0
    outer loop
      vertex 92 26 7.5
      vertex 92.0384 26.3902 1.5
      vertex 92.0384 26.3902 7.5
    endloop
  endfacet
  facet normal 0.995193 -0.097938 0
    outer loop
      vertex 92.0384 26.3902 1.5
      vertex 92 26 7.5
      vertex 92 26 1.5
    endloop
  endfacet
  facet normal 0.634191 0.773176 0
    outer loop
      vertex 92.6903 24.5 2.9
      vertex 92.8889 24.3371 7.5
      vertex 92.8889 24.3371 2.9
    endloop
  endfacet
  facet normal 0.634321 0.77307 -9.33167e-06
    outer loop
      vertex 92.8889 24.3371 7.5
      vertex 92.6903 24.5 2.9
      vertex 92.5858 24.5858 7.5
    endloop
  endfacet
  facet normal 0.634566 0.772869 0
    outer loop
      vertex 92.5858 24.5858 1.5
      vertex 92.6903 24.5 2.9
      vertex 92.6903 24.5 1.5
    endloop
  endfacet
  facet normal 0.634566 0.772869 0
    outer loop
      vertex 92.6903 24.5 2.9
      vertex 92.5858 24.5858 1.5
      vertex 92.5858 24.5858 7.5
    endloop
  endfacet
  facet normal -0.881795 -0.471634 0
    outer loop
      vertex 95.8478 26.7654 1.5
      vertex 95.6629 27.1111 7.5
      vertex 95.6629 27.1111 1.5
    endloop
  endfacet
  facet normal -0.881795 -0.471634 0
    outer loop
      vertex 95.6629 27.1111 7.5
      vertex 95.8478 26.7654 1.5
      vertex 95.8478 26.7654 7.5
    endloop
  endfacet
  facet normal 0.634321 -0.77307 0
    outer loop
      vertex 92.5858 27.4142 1.5
      vertex 92.8889 27.6629 7.5
      vertex 92.5858 27.4142 7.5
    endloop
  endfacet
  facet normal 0.634321 -0.77307 0
    outer loop
      vertex 92.8889 27.6629 7.5
      vertex 92.5858 27.4142 1.5
      vertex 92.8889 27.6629 1.5
    endloop
  endfacet
  facet normal 0.77307 -0.634321 0
    outer loop
      vertex 92.3371 27.1111 7.5
      vertex 92.5858 27.4142 1.5
      vertex 92.5858 27.4142 7.5
    endloop
  endfacet
  facet normal 0.77307 -0.634321 0
    outer loop
      vertex 92.5858 27.4142 1.5
      vertex 92.3371 27.1111 7.5
      vertex 92.3371 27.1111 1.5
    endloop
  endfacet
  facet normal 0.956951 -0.290248 0
    outer loop
      vertex 92.0384 26.3902 7.5
      vertex 92.1522 26.7654 1.5
      vertex 92.1522 26.7654 7.5
    endloop
  endfacet
  facet normal 0.956951 -0.290248 0
    outer loop
      vertex 92.1522 26.7654 1.5
      vertex 92.0384 26.3902 7.5
      vertex 92.0384 26.3902 1.5
    endloop
  endfacet
  facet normal -0.290248 -0.956951 0
    outer loop
      vertex 94.3902 27.9616 1.5
      vertex 94.7654 27.8478 7.5
      vertex 94.3902 27.9616 7.5
    endloop
  endfacet
  facet normal -0.290248 -0.956951 -0
    outer loop
      vertex 94.7654 27.8478 7.5
      vertex 94.3902 27.9616 1.5
      vertex 94.7654 27.8478 1.5
    endloop
  endfacet
  facet normal -0.956951 -0.290248 0
    outer loop
      vertex 95.9616 26.3902 1.5
      vertex 95.8478 26.7654 7.5
      vertex 95.8478 26.7654 1.5
    endloop
  endfacet
  facet normal -0.956951 -0.290248 0
    outer loop
      vertex 95.8478 26.7654 7.5
      vertex 95.9616 26.3902 1.5
      vertex 95.9616 26.3902 7.5
    endloop
  endfacet
  facet normal -0.634321 -0.77307 0
    outer loop
      vertex 95.1111 27.6629 1.5
      vertex 95.4142 27.4142 7.5
      vertex 95.1111 27.6629 7.5
    endloop
  endfacet
  facet normal -0.634321 -0.77307 -0
    outer loop
      vertex 95.4142 27.4142 7.5
      vertex 95.1111 27.6629 1.5
      vertex 95.4142 27.4142 1.5
    endloop
  endfacet
  facet normal -0.77307 -0.634321 0
    outer loop
      vertex 95.6629 27.1111 1.5
      vertex 95.4142 27.4142 7.5
      vertex 95.4142 27.4142 1.5
    endloop
  endfacet
  facet normal -0.77307 -0.634321 0
    outer loop
      vertex 95.4142 27.4142 7.5
      vertex 95.6629 27.1111 1.5
      vertex 95.6629 27.1111 7.5
    endloop
  endfacet
  facet normal 0.471634 -0.881795 0
    outer loop
      vertex 92.8889 27.6629 1.5
      vertex 93.2346 27.8478 7.5
      vertex 92.8889 27.6629 7.5
    endloop
  endfacet
  facet normal 0.471634 -0.881795 0
    outer loop
      vertex 93.2346 27.8478 7.5
      vertex 92.8889 27.6629 1.5
      vertex 93.2346 27.8478 1.5
    endloop
  endfacet
  facet normal 0.290248 -0.956951 0
    outer loop
      vertex 93.2346 27.8478 1.5
      vertex 93.6098 27.9616 7.5
      vertex 93.2346 27.8478 7.5
    endloop
  endfacet
  facet normal 0.290248 -0.956951 0
    outer loop
      vertex 93.6098 27.9616 7.5
      vertex 93.2346 27.8478 1.5
      vertex 93.6098 27.9616 1.5
    endloop
  endfacet
  facet normal -0.995193 0.097938 0
    outer loop
      vertex 95.9616 87.6098 1.5
      vertex 96 88 7.5
      vertex 96 88 1.5
    endloop
  endfacet
  facet normal -0.995193 0.097938 0
    outer loop
      vertex 96 88 7.5
      vertex 95.9616 87.6098 1.5
      vertex 95.9616 87.6098 7.5
    endloop
  endfacet
  facet normal -0.956951 0.290248 0
    outer loop
      vertex 95.8478 87.2346 1.5
      vertex 95.9616 87.6098 7.5
      vertex 95.9616 87.6098 1.5
    endloop
  endfacet
  facet normal -0.956951 0.290248 0
    outer loop
      vertex 95.9616 87.6098 7.5
      vertex 95.8478 87.2346 1.5
      vertex 95.8478 87.2346 7.5
    endloop
  endfacet
  facet normal 0.097938 0.995193 -0
    outer loop
      vertex 94 86 1.5
      vertex 93.6098 86.0384 7.5
      vertex 94 86 7.5
    endloop
  endfacet
  facet normal 0.097938 0.995193 0
    outer loop
      vertex 93.6098 86.0384 7.5
      vertex 94 86 1.5
      vertex 93.6098 86.0384 1.5
    endloop
  endfacet
  facet normal -0.634321 0.77307 0
    outer loop
      vertex 95.4142 86.5858 1.5
      vertex 95.1111 86.3371 7.5
      vertex 95.4142 86.5858 7.5
    endloop
  endfacet
  facet normal -0.634321 0.77307 0
    outer loop
      vertex 95.1111 86.3371 7.5
      vertex 95.4142 86.5858 1.5
      vertex 95.1111 86.3371 1.5
    endloop
  endfacet
  facet normal 0.77307 0.634321 0
    outer loop
      vertex 92.5858 86.5858 7.5
      vertex 92.3371 86.8889 1.5
      vertex 92.3371 86.8889 7.5
    endloop
  endfacet
  facet normal 0.77307 0.634321 0
    outer loop
      vertex 92.3371 86.8889 1.5
      vertex 92.5858 86.5858 7.5
      vertex 92.5858 86.5858 1.5
    endloop
  endfacet
  facet normal 0.471634 0.881795 -0
    outer loop
      vertex 93.2346 86.1522 1.5
      vertex 92.8889 86.3371 7.5
      vertex 93.2346 86.1522 7.5
    endloop
  endfacet
  facet normal 0.471634 0.881795 0
    outer loop
      vertex 92.8889 86.3371 7.5
      vertex 93.2346 86.1522 1.5
      vertex 92.8889 86.3371 1.5
    endloop
  endfacet
  facet normal -0.881795 0.471634 0
    outer loop
      vertex 95.6629 86.8889 1.5
      vertex 95.8478 87.2346 7.5
      vertex 95.8478 87.2346 1.5
    endloop
  endfacet
  facet normal -0.881795 0.471634 0
    outer loop
      vertex 95.8478 87.2346 7.5
      vertex 95.6629 86.8889 1.5
      vertex 95.6629 86.8889 7.5
    endloop
  endfacet
  facet normal -0.290248 0.956951 0
    outer loop
      vertex 94.7654 86.1522 1.5
      vertex 94.3902 86.0384 7.5
      vertex 94.7654 86.1522 7.5
    endloop
  endfacet
  facet normal -0.290248 0.956951 0
    outer loop
      vertex 94.3902 86.0384 7.5
      vertex 94.7654 86.1522 1.5
      vertex 94.3902 86.0384 1.5
    endloop
  endfacet
  facet normal -0.471634 0.881795 0
    outer loop
      vertex 95.1111 86.3371 1.5
      vertex 94.7654 86.1522 7.5
      vertex 95.1111 86.3371 7.5
    endloop
  endfacet
  facet normal -0.471634 0.881795 0
    outer loop
      vertex 94.7654 86.1522 7.5
      vertex 95.1111 86.3371 1.5
      vertex 94.7654 86.1522 1.5
    endloop
  endfacet
  facet normal 0.956951 0.290248 0
    outer loop
      vertex 92.1522 87.2346 7.5
      vertex 92.0384 87.6098 1.5
      vertex 92.0384 87.6098 7.5
    endloop
  endfacet
  facet normal 0.956951 0.290248 0
    outer loop
      vertex 92.0384 87.6098 1.5
      vertex 92.1522 87.2346 7.5
      vertex 92.1522 87.2346 1.5
    endloop
  endfacet
  facet normal 0.881795 0.471634 0
    outer loop
      vertex 92.3371 86.8889 7.5
      vertex 92.1522 87.2346 1.5
      vertex 92.1522 87.2346 7.5
    endloop
  endfacet
  facet normal 0.881795 0.471634 0
    outer loop
      vertex 92.1522 87.2346 1.5
      vertex 92.3371 86.8889 7.5
      vertex 92.3371 86.8889 1.5
    endloop
  endfacet
  facet normal 0 0 1
    outer loop
      vertex 95.9616 88.3902 1.5
      vertex 95.9616 87.6098 1.5
      vertex 96 88 1.5
    endloop
  endfacet
  facet normal 0 0 1
    outer loop
      vertex 95.8478 88.7654 1.5
      vertex 95.9616 87.6098 1.5
      vertex 95.9616 88.3902 1.5
    endloop
  endfacet
  facet normal 0 0 1
    outer loop
      vertex 95.8478 88.7654 1.5
      vertex 95.8478 87.2346 1.5
      vertex 95.9616 87.6098 1.5
    endloop
  endfacet
  facet normal 0 0 1
    outer loop
      vertex 95.6629 89.1111 1.5
      vertex 95.8478 87.2346 1.5
      vertex 95.8478 88.7654 1.5
    endloop
  endfacet
  facet normal 0 0 1
    outer loop
      vertex 95.6629 89.1111 1.5
      vertex 95.6629 86.8889 1.5
      vertex 95.8478 87.2346 1.5
    endloop
  endfacet
  facet normal 0 0 1
    outer loop
      vertex 95.4142 89.4142 1.5
      vertex 95.6629 86.8889 1.5
      vertex 95.6629 89.1111 1.5
    endloop
  endfacet
  facet normal 0 0 1
    outer loop
      vertex 95.4142 89.4142 1.5
      vertex 95.4142 86.5858 1.5
      vertex 95.6629 86.8889 1.5
    endloop
  endfacet
  facet normal 0 0 1
    outer loop
      vertex 95.1111 89.6629 1.5
      vertex 95.4142 86.5858 1.5
      vertex 95.4142 89.4142 1.5
    endloop
  endfacet
  facet normal 0 0 1
    outer loop
      vertex 95.1111 89.6629 1.5
      vertex 95.1111 86.3371 1.5
      vertex 95.4142 86.5858 1.5
    endloop
  endfacet
  facet normal 0 0 1
    outer loop
      vertex 94.7654 89.8478 1.5
      vertex 95.1111 86.3371 1.5
      vertex 95.1111 89.6629 1.5
    endloop
  endfacet
  facet normal 0 0 1
    outer loop
      vertex 94.7654 89.8478 1.5
      vertex 94.7654 86.1522 1.5
      vertex 95.1111 86.3371 1.5
    endloop
  endfacet
  facet normal 0 0 1
    outer loop
      vertex 94.3902 89.9616 1.5
      vertex 94.7654 86.1522 1.5
      vertex 94.7654 89.8478 1.5
    endloop
  endfacet
  facet normal 0 0 1
    outer loop
      vertex 94.3902 89.9616 1.5
      vertex 94.3902 86.0384 1.5
      vertex 94.7654 86.1522 1.5
    endloop
  endfacet
  facet normal 0 0 1
    outer loop
      vertex 94 90 1.5
      vertex 94.3902 86.0384 1.5
      vertex 94.3902 89.9616 1.5
    endloop
  endfacet
  facet normal 0 0 1
    outer loop
      vertex 94 90 1.5
      vertex 94 86 1.5
      vertex 94.3902 86.0384 1.5
    endloop
  endfacet
  facet normal -0 0 1
    outer loop
      vertex 93.6098 89.9616 1.5
      vertex 94 86 1.5
      vertex 94 90 1.5
    endloop
  endfacet
  facet normal 0 0 1
    outer loop
      vertex 93.6098 89.9616 1.5
      vertex 93.6098 86.0384 1.5
      vertex 94 86 1.5
    endloop
  endfacet
  facet normal -0 0 1
    outer loop
      vertex 93.2346 89.8478 1.5
      vertex 93.6098 86.0384 1.5
      vertex 93.6098 89.9616 1.5
    endloop
  endfacet
  facet normal 0 0 1
    outer loop
      vertex 93.2346 89.8478 1.5
      vertex 93.2346 86.1522 1.5
      vertex 93.6098 86.0384 1.5
    endloop
  endfacet
  facet normal -0 0 1
    outer loop
      vertex 92.8889 89.6629 1.5
      vertex 93.2346 86.1522 1.5
      vertex 93.2346 89.8478 1.5
    endloop
  endfacet
  facet normal 0 0 1
    outer loop
      vertex 92.8889 89.6629 1.5
      vertex 92.8889 86.3371 1.5
      vertex 93.2346 86.1522 1.5
    endloop
  endfacet
  facet normal -0 0 1
    outer loop
      vertex 92.5858 89.4142 1.5
      vertex 92.8889 86.3371 1.5
      vertex 92.8889 89.6629 1.5
    endloop
  endfacet
  facet normal 0 0 1
    outer loop
      vertex 92.5858 89.4142 1.5
      vertex 92.5858 86.5858 1.5
      vertex 92.8889 86.3371 1.5
    endloop
  endfacet
  facet normal -0 0 1
    outer loop
      vertex 92.3371 89.1111 1.5
      vertex 92.5858 86.5858 1.5
      vertex 92.5858 89.4142 1.5
    endloop
  endfacet
  facet normal 0 0 1
    outer loop
      vertex 92.3371 89.1111 1.5
      vertex 92.3371 86.8889 1.5
      vertex 92.5858 86.5858 1.5
    endloop
  endfacet
  facet normal -0 0 1
    outer loop
      vertex 92.1522 88.7654 1.5
      vertex 92.3371 86.8889 1.5
      vertex 92.3371 89.1111 1.5
    endloop
  endfacet
  facet normal 0 0 1
    outer loop
      vertex 92.1522 88.7654 1.5
      vertex 92.1522 87.2346 1.5
      vertex 92.3371 86.8889 1.5
    endloop
  endfacet
  facet normal -0 0 1
    outer loop
      vertex 92.0384 88.3902 1.5
      vertex 92.1522 87.2346 1.5
      vertex 92.1522 88.7654 1.5
    endloop
  endfacet
  facet normal 0 0 1
    outer loop
      vertex 92.0384 88.3902 1.5
      vertex 92.0384 87.6098 1.5
      vertex 92.1522 87.2346 1.5
    endloop
  endfacet
  facet normal 0 -0 1
    outer loop
      vertex 92.0384 87.6098 1.5
      vertex 92.0384 88.3902 1.5
      vertex 92 88 1.5
    endloop
  endfacet
  facet normal 0.290248 0.956951 -0
    outer loop
      vertex 93.6098 86.0384 1.5
      vertex 93.2346 86.1522 7.5
      vertex 93.6098 86.0384 7.5
    endloop
  endfacet
  facet normal 0.290248 0.956951 0
    outer loop
      vertex 93.2346 86.1522 7.5
      vertex 93.6098 86.0384 1.5
      vertex 93.2346 86.1522 1.5
    endloop
  endfacet
  facet normal -0.995193 -0.097938 0
    outer loop
      vertex 96 88 1.5
      vertex 95.9616 88.3902 7.5
      vertex 95.9616 88.3902 1.5
    endloop
  endfacet
  facet normal -0.995193 -0.097938 0
    outer loop
      vertex 95.9616 88.3902 7.5
      vertex 96 88 1.5
      vertex 96 88 7.5
    endloop
  endfacet
  facet normal 0.097938 -0.995193 0
    outer loop
      vertex 93.6098 89.9616 1.5
      vertex 94 90 7.5
      vertex 93.6098 89.9616 7.5
    endloop
  endfacet
  facet normal 0.097938 -0.995193 0
    outer loop
      vertex 94 90 7.5
      vertex 93.6098 89.9616 1.5
      vertex 94 90 1.5
    endloop
  endfacet
  facet normal 0.881795 -0.471634 0
    outer loop
      vertex 92.1522 88.7654 7.5
      vertex 92.3371 89.1111 1.5
      vertex 92.3371 89.1111 7.5
    endloop
  endfacet
  facet normal 0.881795 -0.471634 0
    outer loop
      vertex 92.3371 89.1111 1.5
      vertex 92.1522 88.7654 7.5
      vertex 92.1522 88.7654 1.5
    endloop
  endfacet
  facet normal -0.097938 -0.995193 0
    outer loop
      vertex 94 90 1.5
      vertex 94.3902 89.9616 7.5
      vertex 94 90 7.5
    endloop
  endfacet
  facet normal -0.097938 -0.995193 -0
    outer loop
      vertex 94.3902 89.9616 7.5
      vertex 94 90 1.5
      vertex 94.3902 89.9616 1.5
    endloop
  endfacet
  facet normal -0.77307 0.634321 0
    outer loop
      vertex 95.4142 86.5858 1.5
      vertex 95.6629 86.8889 7.5
      vertex 95.6629 86.8889 1.5
    endloop
  endfacet
  facet normal -0.77307 0.634321 0
    outer loop
      vertex 95.6629 86.8889 7.5
      vertex 95.4142 86.5858 1.5
      vertex 95.4142 86.5858 7.5
    endloop
  endfacet
  facet normal -0.097938 0.995193 0
    outer loop
      vertex 94.3902 86.0384 1.5
      vertex 94 86 7.5
      vertex 94.3902 86.0384 7.5
    endloop
  endfacet
  facet normal -0.097938 0.995193 0
    outer loop
      vertex 94 86 7.5
      vertex 94.3902 86.0384 1.5
      vertex 94 86 1.5
    endloop
  endfacet
  facet normal 0.995193 0.097938 0
    outer loop
      vertex 92.0384 87.6098 7.5
      vertex 92 88 1.5
      vertex 92 88 7.5
    endloop
  endfacet
  facet normal 0.995193 0.097938 0
    outer loop
      vertex 92 88 1.5
      vertex 92.0384 87.6098 7.5
      vertex 92.0384 87.6098 1.5
    endloop
  endfacet
  facet normal 0.995193 -0.097938 0
    outer loop
      vertex 92 88 7.5
      vertex 92.0384 88.3902 1.5
      vertex 92.0384 88.3902 7.5
    endloop
  endfacet
  facet normal 0.995193 -0.097938 0
    outer loop
      vertex 92.0384 88.3902 1.5
      vertex 92 88 7.5
      vertex 92 88 1.5
    endloop
  endfacet
  facet normal 0.634321 0.77307 -0
    outer loop
      vertex 92.8889 86.3371 1.5
      vertex 92.5858 86.5858 7.5
      vertex 92.8889 86.3371 7.5
    endloop
  endfacet
  facet normal 0.634321 0.77307 0
    outer loop
      vertex 92.5858 86.5858 7.5
      vertex 92.8889 86.3371 1.5
      vertex 92.5858 86.5858 1.5
    endloop
  endfacet
  facet normal -0.881795 -0.471634 0
    outer loop
      vertex 95.8478 88.7654 1.5
      vertex 95.6629 89.1111 7.5
      vertex 95.6629 89.1111 1.5
    endloop
  endfacet
  facet normal -0.881795 -0.471634 0
    outer loop
      vertex 95.6629 89.1111 7.5
      vertex 95.8478 88.7654 1.5
      vertex 95.8478 88.7654 7.5
    endloop
  endfacet
  facet normal 0.634321 -0.77307 0
    outer loop
      vertex 92.5858 89.4142 1.5
      vertex 92.8889 89.6629 7.5
      vertex 92.5858 89.4142 7.5
    endloop
  endfacet
  facet normal 0.634321 -0.77307 0
    outer loop
      vertex 92.8889 89.6629 7.5
      vertex 92.5858 89.4142 1.5
      vertex 92.8889 89.6629 1.5
    endloop
  endfacet
  facet normal 0.77307 -0.634321 0
    outer loop
      vertex 92.3371 89.1111 7.5
      vertex 92.5858 89.4142 1.5
      vertex 92.5858 89.4142 7.5
    endloop
  endfacet
  facet normal 0.77307 -0.634321 0
    outer loop
      vertex 92.5858 89.4142 1.5
      vertex 92.3371 89.1111 7.5
      vertex 92.3371 89.1111 1.5
    endloop
  endfacet
  facet normal 0.956951 -0.290248 0
    outer loop
      vertex 92.0384 88.3902 7.5
      vertex 92.1522 88.7654 1.5
      vertex 92.1522 88.7654 7.5
    endloop
  endfacet
  facet normal 0.956951 -0.290248 0
    outer loop
      vertex 92.1522 88.7654 1.5
      vertex 92.0384 88.3902 7.5
      vertex 92.0384 88.3902 1.5
    endloop
  endfacet
  facet normal -0.290248 -0.956951 0
    outer loop
      vertex 94.3902 89.9616 1.5
      vertex 94.7654 89.8478 7.5
      vertex 94.3902 89.9616 7.5
    endloop
  endfacet
  facet normal -0.290248 -0.956951 -0
    outer loop
      vertex 94.7654 89.8478 7.5
      vertex 94.3902 89.9616 1.5
      vertex 94.7654 89.8478 1.5
    endloop
  endfacet
  facet normal -0.956951 -0.290248 0
    outer loop
      vertex 95.9616 88.3902 1.5
      vertex 95.8478 88.7654 7.5
      vertex 95.8478 88.7654 1.5
    endloop
  endfacet
  facet normal -0.956951 -0.290248 0
    outer loop
      vertex 95.8478 88.7654 7.5
      vertex 95.9616 88.3902 1.5
      vertex 95.9616 88.3902 7.5
    endloop
  endfacet
  facet normal -0.471634 -0.881795 0
    outer loop
      vertex 94.7654 89.8478 1.5
      vertex 95.1111 89.6629 7.5
      vertex 94.7654 89.8478 7.5
    endloop
  endfacet
  facet normal -0.471634 -0.881795 -0
    outer loop
      vertex 95.1111 89.6629 7.5
      vertex 94.7654 89.8478 1.5
      vertex 95.1111 89.6629 1.5
    endloop
  endfacet
  facet normal -0.634321 -0.77307 0
    outer loop
      vertex 95.1111 89.6629 1.5
      vertex 95.4142 89.4142 7.5
      vertex 95.1111 89.6629 7.5
    endloop
  endfacet
  facet normal -0.634321 -0.77307 -0
    outer loop
      vertex 95.4142 89.4142 7.5
      vertex 95.1111 89.6629 1.5
      vertex 95.4142 89.4142 1.5
    endloop
  endfacet
  facet normal -0.77307 -0.634321 0
    outer loop
      vertex 95.6629 89.1111 1.5
      vertex 95.4142 89.4142 7.5
      vertex 95.4142 89.4142 1.5
    endloop
  endfacet
  facet normal -0.77307 -0.634321 0
    outer loop
      vertex 95.4142 89.4142 7.5
      vertex 95.6629 89.1111 1.5
      vertex 95.6629 89.1111 7.5
    endloop
  endfacet
  facet normal 0.471634 -0.881795 0
    outer loop
      vertex 92.8889 89.6629 1.5
      vertex 93.2346 89.8478 7.5
      vertex 92.8889 89.6629 7.5
    endloop
  endfacet
  facet normal 0.471634 -0.881795 0
    outer loop
      vertex 93.2346 89.8478 7.5
      vertex 92.8889 89.6629 1.5
      vertex 93.2346 89.8478 1.5
    endloop
  endfacet
  facet normal 0.290248 -0.956951 0
    outer loop
      vertex 93.2346 89.8478 1.5
      vertex 93.6098 89.9616 7.5
      vertex 93.2346 89.8478 7.5
    endloop
  endfacet
  facet normal 0.290248 -0.956951 0
    outer loop
      vertex 93.6098 89.9616 7.5
      vertex 93.2346 89.8478 1.5
      vertex 93.6098 89.9616 1.5
    endloop
  endfacet
  facet normal 0 -0.881982 0.471283
    outer loop
      vertex 121.593 64.3304 67.1111
      vertex 124.578 64.4782 67.3877
      vertex 121.593 64.4782 67.3877
    endloop
  endfacet
  facet normal 0 -0.881982 0.471283
    outer loop
      vertex 124.578 64.4782 67.3877
      vertex 121.593 64.3304 67.1111
      vertex 124.578 64.3304 67.1111
    endloop
  endfacet
  facet normal 0 -0.0978934 -0.995197
    outer loop
      vertex 121.593 63 69.6
      vertex 124.578 63.3121 69.5693
      vertex 124.578 63 69.6
    endloop
  endfacet
  facet normal -0 -0.0978934 -0.995197
    outer loop
      vertex 124.578 63.3121 69.5693
      vertex 121.593 63 69.6
      vertex 121.593 63.3121 69.5693
    endloop
  endfacet
  facet normal -0 0.0978934 0.995197
    outer loop
      vertex 121.593 63 66.4
      vertex 124.578 62.6879 66.4307
      vertex 124.578 63 66.4
    endloop
  endfacet
  facet normal 0 0.0978934 0.995197
    outer loop
      vertex 124.578 62.6879 66.4307
      vertex 121.593 63 66.4
      vertex 121.593 62.6879 66.4307
    endloop
  endfacet
  facet normal 0 0.995197 -0.0978934
    outer loop
      vertex 124.578 61.4 68
      vertex 121.593 61.4307 68.3121
      vertex 124.578 61.4307 68.3121
    endloop
  endfacet
  facet normal 0 0.995197 -0.0978934
    outer loop
      vertex 121.593 61.4307 68.3121
      vertex 124.578 61.4 68
      vertex 121.593 61.4 68
    endloop
  endfacet
  facet normal 0 -0.881982 -0.471283
    outer loop
      vertex 121.593 64.4782 68.6123
      vertex 124.578 64.3304 68.8889
      vertex 121.593 64.3304 68.8889
    endloop
  endfacet
  facet normal 0 -0.881982 -0.471283
    outer loop
      vertex 124.578 64.3304 68.8889
      vertex 121.593 64.4782 68.6123
      vertex 124.578 64.4782 68.6123
    endloop
  endfacet
  facet normal 0 -0.290388 -0.956909
    outer loop
      vertex 121.593 63.3121 69.5693
      vertex 124.578 63.6123 69.4782
      vertex 124.578 63.3121 69.5693
    endloop
  endfacet
  facet normal -0 -0.290388 -0.956909
    outer loop
      vertex 124.578 63.6123 69.4782
      vertex 121.593 63.3121 69.5693
      vertex 121.593 63.6123 69.4782
    endloop
  endfacet
  facet normal 0 0.634365 -0.773033
    outer loop
      vertex 121.593 61.8686 69.1314
      vertex 124.578 62.1111 69.3304
      vertex 124.578 61.8686 69.1314
    endloop
  endfacet
  facet normal 0 0.634365 -0.773033
    outer loop
      vertex 124.578 62.1111 69.3304
      vertex 121.593 61.8686 69.1314
      vertex 121.593 62.1111 69.3304
    endloop
  endfacet
  facet normal 0 -0.471283 0.881982
    outer loop
      vertex 121.593 63.8889 66.6696
      vertex 124.578 63.6123 66.5218
      vertex 124.578 63.8889 66.6696
    endloop
  endfacet
  facet normal 0 -0.471283 0.881982
    outer loop
      vertex 124.578 63.6123 66.5218
      vertex 121.593 63.8889 66.6696
      vertex 121.593 63.6123 66.5218
    endloop
  endfacet
  facet normal 0 -0.290388 0.956909
    outer loop
      vertex 121.593 63.6123 66.5218
      vertex 124.578 63.3121 66.4307
      vertex 124.578 63.6123 66.5218
    endloop
  endfacet
  facet normal 0 -0.290388 0.956909
    outer loop
      vertex 124.578 63.3121 66.4307
      vertex 121.593 63.6123 66.5218
      vertex 121.593 63.3121 66.4307
    endloop
  endfacet
  facet normal 0 -0.634365 0.773033
    outer loop
      vertex 121.593 64.1314 66.8686
      vertex 124.578 63.8889 66.6696
      vertex 124.578 64.1314 66.8686
    endloop
  endfacet
  facet normal 0 -0.634365 0.773033
    outer loop
      vertex 124.578 63.8889 66.6696
      vertex 121.593 64.1314 66.8686
      vertex 121.593 63.8889 66.6696
    endloop
  endfacet
  facet normal 0 -0.995197 -0.0978934
    outer loop
      vertex 121.593 64.6 68
      vertex 124.578 64.5693 68.3121
      vertex 121.593 64.5693 68.3121
    endloop
  endfacet
  facet normal 0 -0.995197 -0.0978934
    outer loop
      vertex 124.578 64.5693 68.3121
      vertex 121.593 64.6 68
      vertex 124.578 64.6 68
    endloop
  endfacet
  facet normal 0 -0.995197 0.0978934
    outer loop
      vertex 121.593 64.5693 67.6879
      vertex 124.578 64.6 68
      vertex 121.593 64.6 68
    endloop
  endfacet
  facet normal 0 -0.995197 0.0978934
    outer loop
      vertex 124.578 64.6 68
      vertex 121.593 64.5693 67.6879
      vertex 124.578 64.5693 67.6879
    endloop
  endfacet
  facet normal 0 0.0978934 -0.995197
    outer loop
      vertex 121.593 62.6879 69.5693
      vertex 124.578 63 69.6
      vertex 124.578 62.6879 69.5693
    endloop
  endfacet
  facet normal 0 0.0978934 -0.995197
    outer loop
      vertex 124.578 63 69.6
      vertex 121.593 62.6879 69.5693
      vertex 121.593 63 69.6
    endloop
  endfacet
  facet normal 0 -0.471283 -0.881982
    outer loop
      vertex 121.593 63.6123 69.4782
      vertex 124.578 63.8889 69.3304
      vertex 124.578 63.6123 69.4782
    endloop
  endfacet
  facet normal -0 -0.471283 -0.881982
    outer loop
      vertex 124.578 63.8889 69.3304
      vertex 121.593 63.6123 69.4782
      vertex 121.593 63.8889 69.3304
    endloop
  endfacet
  facet normal 0 -0.773033 -0.634365
    outer loop
      vertex 121.593 64.3304 68.8889
      vertex 124.578 64.1314 69.1314
      vertex 121.593 64.1314 69.1314
    endloop
  endfacet
  facet normal 0 -0.773033 -0.634365
    outer loop
      vertex 124.578 64.1314 69.1314
      vertex 121.593 64.3304 68.8889
      vertex 124.578 64.3304 68.8889
    endloop
  endfacet
  facet normal 0 -0.956909 -0.290388
    outer loop
      vertex 121.593 64.5693 68.3121
      vertex 124.578 64.4782 68.6123
      vertex 121.593 64.4782 68.6123
    endloop
  endfacet
  facet normal 0 -0.956909 -0.290388
    outer loop
      vertex 124.578 64.4782 68.6123
      vertex 121.593 64.5693 68.3121
      vertex 124.578 64.5693 68.3121
    endloop
  endfacet
  facet normal 0 -0.634365 -0.773033
    outer loop
      vertex 121.593 63.8889 69.3304
      vertex 124.578 64.1314 69.1314
      vertex 124.578 63.8889 69.3304
    endloop
  endfacet
  facet normal -0 -0.634365 -0.773033
    outer loop
      vertex 124.578 64.1314 69.1314
      vertex 121.593 63.8889 69.3304
      vertex 121.593 64.1314 69.1314
    endloop
  endfacet
  facet normal 0 -0.0978934 0.995197
    outer loop
      vertex 121.593 63.3121 66.4307
      vertex 124.578 63 66.4
      vertex 124.578 63.3121 66.4307
    endloop
  endfacet
  facet normal 0 -0.0978934 0.995197
    outer loop
      vertex 124.578 63 66.4
      vertex 121.593 63.3121 66.4307
      vertex 121.593 63 66.4
    endloop
  endfacet
  facet normal 0 0.956909 0.290388
    outer loop
      vertex 124.578 61.5218 67.3877
      vertex 121.593 61.4307 67.6879
      vertex 124.578 61.4307 67.6879
    endloop
  endfacet
  facet normal 0 0.956909 0.290388
    outer loop
      vertex 121.593 61.4307 67.6879
      vertex 124.578 61.5218 67.3877
      vertex 121.593 61.5218 67.3877
    endloop
  endfacet
  facet normal 0 0.881982 0.471283
    outer loop
      vertex 124.578 61.6696 67.1111
      vertex 121.593 61.5218 67.3877
      vertex 124.578 61.5218 67.3877
    endloop
  endfacet
  facet normal 0 0.881982 0.471283
    outer loop
      vertex 121.593 61.5218 67.3877
      vertex 124.578 61.6696 67.1111
      vertex 121.593 61.6696 67.1111
    endloop
  endfacet
  facet normal 0 0.773033 0.634365
    outer loop
      vertex 124.578 61.8686 66.8686
      vertex 121.593 61.6696 67.1111
      vertex 124.578 61.6696 67.1111
    endloop
  endfacet
  facet normal 0 0.773033 0.634365
    outer loop
      vertex 121.593 61.6696 67.1111
      vertex 124.578 61.8686 66.8686
      vertex 121.593 61.8686 66.8686
    endloop
  endfacet
  facet normal -0 0.471283 0.881982
    outer loop
      vertex 121.593 62.3877 66.5218
      vertex 124.578 62.1111 66.6696
      vertex 124.578 62.3877 66.5218
    endloop
  endfacet
  facet normal 0 0.471283 0.881982
    outer loop
      vertex 124.578 62.1111 66.6696
      vertex 121.593 62.3877 66.5218
      vertex 121.593 62.1111 66.6696
    endloop
  endfacet
  facet normal 0 0.881982 -0.471283
    outer loop
      vertex 124.578 61.5218 68.6123
      vertex 121.593 61.6696 68.8889
      vertex 124.578 61.6696 68.8889
    endloop
  endfacet
  facet normal 0 0.881982 -0.471283
    outer loop
      vertex 121.593 61.6696 68.8889
      vertex 124.578 61.5218 68.6123
      vertex 121.593 61.5218 68.6123
    endloop
  endfacet
  facet normal 0 0.956909 -0.290388
    outer loop
      vertex 124.578 61.4307 68.3121
      vertex 121.593 61.5218 68.6123
      vertex 124.578 61.5218 68.6123
    endloop
  endfacet
  facet normal 0 0.956909 -0.290388
    outer loop
      vertex 121.593 61.5218 68.6123
      vertex 124.578 61.4307 68.3121
      vertex 121.593 61.4307 68.3121
    endloop
  endfacet
  facet normal 0 0.290388 -0.956909
    outer loop
      vertex 121.593 62.3877 69.4782
      vertex 124.578 62.6879 69.5693
      vertex 124.578 62.3877 69.4782
    endloop
  endfacet
  facet normal 0 0.290388 -0.956909
    outer loop
      vertex 124.578 62.6879 69.5693
      vertex 121.593 62.3877 69.4782
      vertex 121.593 62.6879 69.5693
    endloop
  endfacet
  facet normal 0 0.471283 -0.881982
    outer loop
      vertex 121.593 62.1111 69.3304
      vertex 124.578 62.3877 69.4782
      vertex 124.578 62.1111 69.3304
    endloop
  endfacet
  facet normal 0 0.471283 -0.881982
    outer loop
      vertex 124.578 62.3877 69.4782
      vertex 121.593 62.1111 69.3304
      vertex 121.593 62.3877 69.4782
    endloop
  endfacet
  facet normal 0 0.773033 -0.634365
    outer loop
      vertex 124.578 61.6696 68.8889
      vertex 121.593 61.8686 69.1314
      vertex 124.578 61.8686 69.1314
    endloop
  endfacet
  facet normal 0 0.773033 -0.634365
    outer loop
      vertex 121.593 61.8686 69.1314
      vertex 124.578 61.6696 68.8889
      vertex 121.593 61.6696 68.8889
    endloop
  endfacet
  facet normal 0 -0.773033 0.634365
    outer loop
      vertex 121.593 64.1314 66.8686
      vertex 124.578 64.3304 67.1111
      vertex 121.593 64.3304 67.1111
    endloop
  endfacet
  facet normal 0 -0.773033 0.634365
    outer loop
      vertex 124.578 64.3304 67.1111
      vertex 121.593 64.1314 66.8686
      vertex 124.578 64.1314 66.8686
    endloop
  endfacet
  facet normal 0 -0.956909 0.290388
    outer loop
      vertex 121.593 64.4782 67.3877
      vertex 124.578 64.5693 67.6879
      vertex 121.593 64.5693 67.6879
    endloop
  endfacet
  facet normal 0 -0.956909 0.290388
    outer loop
      vertex 124.578 64.5693 67.6879
      vertex 121.593 64.4782 67.3877
      vertex 124.578 64.4782 67.3877
    endloop
  endfacet
  facet normal -0 0.634365 0.773033
    outer loop
      vertex 121.593 62.1111 66.6696
      vertex 124.578 61.8686 66.8686
      vertex 124.578 62.1111 66.6696
    endloop
  endfacet
  facet normal 0 0.634365 0.773033
    outer loop
      vertex 124.578 61.8686 66.8686
      vertex 121.593 62.1111 66.6696
      vertex 121.593 61.8686 66.8686
    endloop
  endfacet
  facet normal -0 0.290388 0.956909
    outer loop
      vertex 121.593 62.6879 66.4307
      vertex 124.578 62.3877 66.5218
      vertex 124.578 62.6879 66.4307
    endloop
  endfacet
  facet normal 0 0.290388 0.956909
    outer loop
      vertex 124.578 62.3877 66.5218
      vertex 121.593 62.6879 66.4307
      vertex 121.593 62.3877 66.5218
    endloop
  endfacet
  facet normal 0 0.995197 0.0978934
    outer loop
      vertex 124.578 61.4307 67.6879
      vertex 121.593 61.4 68
      vertex 124.578 61.4 68
    endloop
  endfacet
  facet normal 0 0.995197 0.0978934
    outer loop
      vertex 121.593 61.4 68
      vertex 124.578 61.4307 67.6879
      vertex 121.593 61.4307 67.6879
    endloop
  endfacet
  facet normal 0 -0.881982 0.471283
    outer loop
      vertex 121.593 34.3304 67.1111
      vertex 124.578 34.4782 67.3877
      vertex 121.593 34.4782 67.3877
    endloop
  endfacet
  facet normal 0 -0.881982 0.471283
    outer loop
      vertex 124.578 34.4782 67.3877
      vertex 121.593 34.3304 67.1111
      vertex 124.578 34.3304 67.1111
    endloop
  endfacet
  facet normal 0 -0.0978934 -0.995197
    outer loop
      vertex 121.593 33 69.6
      vertex 124.578 33.3121 69.5693
      vertex 124.578 33 69.6
    endloop
  endfacet
  facet normal -0 -0.0978934 -0.995197
    outer loop
      vertex 124.578 33.3121 69.5693
      vertex 121.593 33 69.6
      vertex 121.593 33.3121 69.5693
    endloop
  endfacet
  facet normal -0 0.0978934 0.995197
    outer loop
      vertex 121.593 33 66.4
      vertex 124.578 32.6879 66.4307
      vertex 124.578 33 66.4
    endloop
  endfacet
  facet normal 0 0.0978934 0.995197
    outer loop
      vertex 124.578 32.6879 66.4307
      vertex 121.593 33 66.4
      vertex 121.593 32.6879 66.4307
    endloop
  endfacet
  facet normal 0 -0.881982 -0.471283
    outer loop
      vertex 121.593 34.4782 68.6123
      vertex 124.578 34.3304 68.8889
      vertex 121.593 34.3304 68.8889
    endloop
  endfacet
  facet normal 0 -0.881982 -0.471283
    outer loop
      vertex 124.578 34.3304 68.8889
      vertex 121.593 34.4782 68.6123
      vertex 124.578 34.4782 68.6123
    endloop
  endfacet
  facet normal 0 -0.290388 -0.956909
    outer loop
      vertex 121.593 33.3121 69.5693
      vertex 124.578 33.6123 69.4782
      vertex 124.578 33.3121 69.5693
    endloop
  endfacet
  facet normal -0 -0.290388 -0.956909
    outer loop
      vertex 124.578 33.6123 69.4782
      vertex 121.593 33.3121 69.5693
      vertex 121.593 33.6123 69.4782
    endloop
  endfacet
  facet normal 0 0.471283 -0.881982
    outer loop
      vertex 121.593 32.1111 69.3304
      vertex 124.578 32.3877 69.4782
      vertex 124.578 32.1111 69.3304
    endloop
  endfacet
  facet normal 0 0.471283 -0.881982
    outer loop
      vertex 124.578 32.3877 69.4782
      vertex 121.593 32.1111 69.3304
      vertex 121.593 32.3877 69.4782
    endloop
  endfacet
  facet normal 0 0.956909 -0.290388
    outer loop
      vertex 124.578 31.4307 68.3121
      vertex 121.593 31.5218 68.6123
      vertex 124.578 31.5218 68.6123
    endloop
  endfacet
  facet normal 0 0.956909 -0.290388
    outer loop
      vertex 121.593 31.5218 68.6123
      vertex 124.578 31.4307 68.3121
      vertex 121.593 31.4307 68.3121
    endloop
  endfacet
  facet normal 0 -0.471283 0.881982
    outer loop
      vertex 121.593 33.8889 66.6696
      vertex 124.578 33.6123 66.5218
      vertex 124.578 33.8889 66.6696
    endloop
  endfacet
  facet normal 0 -0.471283 0.881982
    outer loop
      vertex 124.578 33.6123 66.5218
      vertex 121.593 33.8889 66.6696
      vertex 121.593 33.6123 66.5218
    endloop
  endfacet
  facet normal 0 -0.290388 0.956909
    outer loop
      vertex 121.593 33.6123 66.5218
      vertex 124.578 33.3121 66.4307
      vertex 124.578 33.6123 66.5218
    endloop
  endfacet
  facet normal 0 -0.290388 0.956909
    outer loop
      vertex 124.578 33.3121 66.4307
      vertex 121.593 33.6123 66.5218
      vertex 121.593 33.3121 66.4307
    endloop
  endfacet
  facet normal 0 -0.634365 0.773033
    outer loop
      vertex 121.593 34.1314 66.8686
      vertex 124.578 33.8889 66.6696
      vertex 124.578 34.1314 66.8686
    endloop
  endfacet
  facet normal 0 -0.634365 0.773033
    outer loop
      vertex 124.578 33.8889 66.6696
      vertex 121.593 34.1314 66.8686
      vertex 121.593 33.8889 66.6696
    endloop
  endfacet
  facet normal 0 -0.995197 -0.0978934
    outer loop
      vertex 121.593 34.6 68
      vertex 124.578 34.5693 68.3121
      vertex 121.593 34.5693 68.3121
    endloop
  endfacet
  facet normal 0 -0.995197 -0.0978934
    outer loop
      vertex 124.578 34.5693 68.3121
      vertex 121.593 34.6 68
      vertex 124.578 34.6 68
    endloop
  endfacet
  facet normal 0 -0.995197 0.0978934
    outer loop
      vertex 121.593 34.5693 67.6879
      vertex 124.578 34.6 68
      vertex 121.593 34.6 68
    endloop
  endfacet
  facet normal 0 -0.995197 0.0978934
    outer loop
      vertex 124.578 34.6 68
      vertex 121.593 34.5693 67.6879
      vertex 124.578 34.5693 67.6879
    endloop
  endfacet
  facet normal 0 0.0978934 -0.995197
    outer loop
      vertex 121.593 32.6879 69.5693
      vertex 124.578 33 69.6
      vertex 124.578 32.6879 69.5693
    endloop
  endfacet
  facet normal 0 0.0978934 -0.995197
    outer loop
      vertex 124.578 33 69.6
      vertex 121.593 32.6879 69.5693
      vertex 121.593 33 69.6
    endloop
  endfacet
  facet normal 0 -0.471283 -0.881982
    outer loop
      vertex 121.593 33.6123 69.4782
      vertex 124.578 33.8889 69.3304
      vertex 124.578 33.6123 69.4782
    endloop
  endfacet
  facet normal -0 -0.471283 -0.881982
    outer loop
      vertex 124.578 33.8889 69.3304
      vertex 121.593 33.6123 69.4782
      vertex 121.593 33.8889 69.3304
    endloop
  endfacet
  facet normal 0 -0.773033 -0.634365
    outer loop
      vertex 121.593 34.3304 68.8889
      vertex 124.578 34.1314 69.1314
      vertex 121.593 34.1314 69.1314
    endloop
  endfacet
  facet normal 0 -0.773033 -0.634365
    outer loop
      vertex 124.578 34.1314 69.1314
      vertex 121.593 34.3304 68.8889
      vertex 124.578 34.3304 68.8889
    endloop
  endfacet
  facet normal 0 -0.956909 -0.290388
    outer loop
      vertex 121.593 34.5693 68.3121
      vertex 124.578 34.4782 68.6123
      vertex 121.593 34.4782 68.6123
    endloop
  endfacet
  facet normal 0 -0.956909 -0.290388
    outer loop
      vertex 124.578 34.4782 68.6123
      vertex 121.593 34.5693 68.3121
      vertex 124.578 34.5693 68.3121
    endloop
  endfacet
  facet normal 0 -0.634365 -0.773033
    outer loop
      vertex 121.593 33.8889 69.3304
      vertex 124.578 34.1314 69.1314
      vertex 124.578 33.8889 69.3304
    endloop
  endfacet
  facet normal -0 -0.634365 -0.773033
    outer loop
      vertex 124.578 34.1314 69.1314
      vertex 121.593 33.8889 69.3304
      vertex 121.593 34.1314 69.1314
    endloop
  endfacet
  facet normal 0 -0.0978934 0.995197
    outer loop
      vertex 121.593 33.3121 66.4307
      vertex 124.578 33 66.4
      vertex 124.578 33.3121 66.4307
    endloop
  endfacet
  facet normal 0 -0.0978934 0.995197
    outer loop
      vertex 124.578 33 66.4
      vertex 121.593 33.3121 66.4307
      vertex 121.593 33 66.4
    endloop
  endfacet
  facet normal 0 0.956909 0.290388
    outer loop
      vertex 124.578 31.5218 67.3877
      vertex 121.593 31.4307 67.6879
      vertex 124.578 31.4307 67.6879
    endloop
  endfacet
  facet normal 0 0.956909 0.290388
    outer loop
      vertex 121.593 31.4307 67.6879
      vertex 124.578 31.5218 67.3877
      vertex 121.593 31.5218 67.3877
    endloop
  endfacet
  facet normal 0 0.881982 0.471283
    outer loop
      vertex 124.578 31.6696 67.1111
      vertex 121.593 31.5218 67.3877
      vertex 124.578 31.5218 67.3877
    endloop
  endfacet
  facet normal 0 0.881982 0.471283
    outer loop
      vertex 121.593 31.5218 67.3877
      vertex 124.578 31.6696 67.1111
      vertex 121.593 31.6696 67.1111
    endloop
  endfacet
  facet normal 0 0.773033 0.634365
    outer loop
      vertex 124.578 31.8686 66.8686
      vertex 121.593 31.6696 67.1111
      vertex 124.578 31.6696 67.1111
    endloop
  endfacet
  facet normal 0 0.773033 0.634365
    outer loop
      vertex 121.593 31.6696 67.1111
      vertex 124.578 31.8686 66.8686
      vertex 121.593 31.8686 66.8686
    endloop
  endfacet
  facet normal -0 0.471283 0.881982
    outer loop
      vertex 121.593 32.3877 66.5218
      vertex 124.578 32.1111 66.6696
      vertex 124.578 32.3877 66.5218
    endloop
  endfacet
  facet normal 0 0.471283 0.881982
    outer loop
      vertex 124.578 32.1111 66.6696
      vertex 121.593 32.3877 66.5218
      vertex 121.593 32.1111 66.6696
    endloop
  endfacet
  facet normal 0 0.995197 0.0978934
    outer loop
      vertex 124.578 31.4307 67.6879
      vertex 121.593 31.4 68
      vertex 124.578 31.4 68
    endloop
  endfacet
  facet normal 0 0.995197 0.0978934
    outer loop
      vertex 121.593 31.4 68
      vertex 124.578 31.4307 67.6879
      vertex 121.593 31.4307 67.6879
    endloop
  endfacet
  facet normal 0 0.881982 -0.471283
    outer loop
      vertex 124.578 31.5218 68.6123
      vertex 121.593 31.6696 68.8889
      vertex 124.578 31.6696 68.8889
    endloop
  endfacet
  facet normal 0 0.881982 -0.471283
    outer loop
      vertex 121.593 31.6696 68.8889
      vertex 124.578 31.5218 68.6123
      vertex 121.593 31.5218 68.6123
    endloop
  endfacet
  facet normal 0 0.634365 -0.773033
    outer loop
      vertex 121.593 31.8686 69.1314
      vertex 124.578 32.1111 69.3304
      vertex 124.578 31.8686 69.1314
    endloop
  endfacet
  facet normal 0 0.634365 -0.773033
    outer loop
      vertex 124.578 32.1111 69.3304
      vertex 121.593 31.8686 69.1314
      vertex 121.593 32.1111 69.3304
    endloop
  endfacet
  facet normal 0 0.290388 -0.956909
    outer loop
      vertex 121.593 32.3877 69.4782
      vertex 124.578 32.6879 69.5693
      vertex 124.578 32.3877 69.4782
    endloop
  endfacet
  facet normal 0 0.290388 -0.956909
    outer loop
      vertex 124.578 32.6879 69.5693
      vertex 121.593 32.3877 69.4782
      vertex 121.593 32.6879 69.5693
    endloop
  endfacet
  facet normal 0 0.773033 -0.634365
    outer loop
      vertex 124.578 31.6696 68.8889
      vertex 121.593 31.8686 69.1314
      vertex 124.578 31.8686 69.1314
    endloop
  endfacet
  facet normal 0 0.773033 -0.634365
    outer loop
      vertex 121.593 31.8686 69.1314
      vertex 124.578 31.6696 68.8889
      vertex 121.593 31.6696 68.8889
    endloop
  endfacet
  facet normal 0 -0.773033 0.634365
    outer loop
      vertex 121.593 34.1314 66.8686
      vertex 124.578 34.3304 67.1111
      vertex 121.593 34.3304 67.1111
    endloop
  endfacet
  facet normal 0 -0.773033 0.634365
    outer loop
      vertex 124.578 34.3304 67.1111
      vertex 121.593 34.1314 66.8686
      vertex 124.578 34.1314 66.8686
    endloop
  endfacet
  facet normal 0 -0.956909 0.290388
    outer loop
      vertex 121.593 34.4782 67.3877
      vertex 124.578 34.5693 67.6879
      vertex 121.593 34.5693 67.6879
    endloop
  endfacet
  facet normal 0 -0.956909 0.290388
    outer loop
      vertex 124.578 34.5693 67.6879
      vertex 121.593 34.4782 67.3877
      vertex 124.578 34.4782 67.3877
    endloop
  endfacet
  facet normal -0 0.634365 0.773033
    outer loop
      vertex 121.593 32.1111 66.6696
      vertex 124.578 31.8686 66.8686
      vertex 124.578 32.1111 66.6696
    endloop
  endfacet
  facet normal 0 0.634365 0.773033
    outer loop
      vertex 124.578 31.8686 66.8686
      vertex 121.593 32.1111 66.6696
      vertex 121.593 31.8686 66.8686
    endloop
  endfacet
  facet normal -0 0.290388 0.956909
    outer loop
      vertex 121.593 32.6879 66.4307
      vertex 124.578 32.3877 66.5218
      vertex 124.578 32.6879 66.4307
    endloop
  endfacet
  facet normal 0 0.290388 0.956909
    outer loop
      vertex 124.578 32.3877 66.5218
      vertex 121.593 32.6879 66.4307
      vertex 121.593 32.3877 66.5218
    endloop
  endfacet
  facet normal 0 0.995197 -0.0978934
    outer loop
      vertex 124.578 31.4 68
      vertex 121.593 31.4307 68.3121
      vertex 124.578 31.4307 68.3121
    endloop
  endfacet
  facet normal 0 0.995197 -0.0978934
    outer loop
      vertex 121.593 31.4307 68.3121
      vertex 124.578 31.4 68
      vertex 121.593 31.4 68
    endloop
  endfacet
  facet normal 0 0 -1
    outer loop
      vertex 121.593 41.75 76.75
      vertex 124.578 54.25 76.75
      vertex 124.578 41.75 76.75
    endloop
  endfacet
  facet normal -0 0 -1
    outer loop
      vertex 124.578 54.25 76.75
      vertex 121.593 41.75 76.75
      vertex 121.593 54.25 76.75
    endloop
  endfacet
  facet normal 0 -0.0979545 -0.995191
    outer loop
      vertex 121.593 54.25 76.75
      vertex 124.578 54.5426 76.7212
      vertex 124.578 54.25 76.75
    endloop
  endfacet
  facet normal -0 -0.0979545 -0.995191
    outer loop
      vertex 124.578 54.5426 76.7212
      vertex 121.593 54.25 76.75
      vertex 121.593 54.5426 76.7212
    endloop
  endfacet
  facet normal 0 0.290404 -0.956904
    outer loop
      vertex 121.593 41.176 76.6358
      vertex 124.578 41.4574 76.7212
      vertex 124.578 41.176 76.6358
    endloop
  endfacet
  facet normal 0 0.290404 -0.956904
    outer loop
      vertex 124.578 41.4574 76.7212
      vertex 121.593 41.176 76.6358
      vertex 121.593 41.4574 76.7212
    endloop
  endfacet
  facet normal 0 0.881995 -0.471259
    outer loop
      vertex 124.578 40.3642 75.824
      vertex 121.593 40.5028 76.0834
      vertex 124.578 40.5028 76.0834
    endloop
  endfacet
  facet normal 0 0.881995 -0.471259
    outer loop
      vertex 121.593 40.5028 76.0834
      vertex 124.578 40.3642 75.824
      vertex 121.593 40.3642 75.824
    endloop
  endfacet
  facet normal 0 -0.634311 -0.773078
    outer loop
      vertex 121.593 55.0834 76.4972
      vertex 124.578 55.3107 76.3107
      vertex 124.578 55.0834 76.4972
    endloop
  endfacet
  facet normal -0 -0.634311 -0.773078
    outer loop
      vertex 124.578 55.3107 76.3107
      vertex 121.593 55.0834 76.4972
      vertex 121.593 55.3107 76.3107
    endloop
  endfacet
  facet normal 0 -0.881995 -0.471259
    outer loop
      vertex 121.593 55.6358 75.824
      vertex 124.578 55.4972 76.0834
      vertex 121.593 55.4972 76.0834
    endloop
  endfacet
  facet normal 0 -0.881995 -0.471259
    outer loop
      vertex 124.578 55.4972 76.0834
      vertex 121.593 55.6358 75.824
      vertex 124.578 55.6358 75.824
    endloop
  endfacet
  facet normal 0 -1 0
    outer loop
      vertex 121.593 55.75 60.75
      vertex 124.578 55.75 75.25
      vertex 121.593 55.75 75.25
    endloop
  endfacet
  facet normal 0 -1 -0
    outer loop
      vertex 124.578 55.75 75.25
      vertex 121.593 55.75 60.75
      vertex 124.578 55.75 60.75
    endloop
  endfacet
  facet normal 0 1 -0
    outer loop
      vertex 124.578 40.25 60.75
      vertex 121.593 40.25 75.25
      vertex 124.578 40.25 75.25
    endloop
  endfacet
  facet normal 0 1 0
    outer loop
      vertex 121.593 40.25 75.25
      vertex 124.578 40.25 60.75
      vertex 121.593 40.25 60.75
    endloop
  endfacet
  facet normal 0 0.995191 -0.0979545
    outer loop
      vertex 124.578 40.25 75.25
      vertex 121.593 40.2788 75.5426
      vertex 124.578 40.2788 75.5426
    endloop
  endfacet
  facet normal 0 0.995191 -0.0979545
    outer loop
      vertex 121.593 40.2788 75.5426
      vertex 124.578 40.25 75.25
      vertex 121.593 40.25 75.25
    endloop
  endfacet
  facet normal 0 0.773078 -0.634311
    outer loop
      vertex 124.578 40.5028 76.0834
      vertex 121.593 40.6893 76.3107
      vertex 124.578 40.6893 76.3107
    endloop
  endfacet
  facet normal 0 0.773078 -0.634311
    outer loop
      vertex 121.593 40.6893 76.3107
      vertex 124.578 40.5028 76.0834
      vertex 121.593 40.5028 76.0834
    endloop
  endfacet
  facet normal 0 0.471259 -0.881995
    outer loop
      vertex 121.593 40.9166 76.4972
      vertex 124.578 41.176 76.6358
      vertex 124.578 40.9166 76.4972
    endloop
  endfacet
  facet normal 0 0.471259 -0.881995
    outer loop
      vertex 124.578 41.176 76.6358
      vertex 121.593 40.9166 76.4972
      vertex 121.593 41.176 76.6358
    endloop
  endfacet
  facet normal 0 0.0979545 -0.995191
    outer loop
      vertex 121.593 41.4574 76.7212
      vertex 124.578 41.75 76.75
      vertex 124.578 41.4574 76.7212
    endloop
  endfacet
  facet normal 0 0.0979545 -0.995191
    outer loop
      vertex 124.578 41.75 76.75
      vertex 121.593 41.4574 76.7212
      vertex 121.593 41.75 76.75
    endloop
  endfacet
  facet normal 0 0.634311 -0.773078
    outer loop
      vertex 121.593 40.6893 76.3107
      vertex 124.578 40.9166 76.4972
      vertex 124.578 40.6893 76.3107
    endloop
  endfacet
  facet normal 0 0.634311 -0.773078
    outer loop
      vertex 124.578 40.9166 76.4972
      vertex 121.593 40.6893 76.3107
      vertex 121.593 40.9166 76.4972
    endloop
  endfacet
  facet normal 0 -0.290404 -0.956904
    outer loop
      vertex 121.593 54.5426 76.7212
      vertex 124.578 54.824 76.6358
      vertex 124.578 54.5426 76.7212
    endloop
  endfacet
  facet normal -0 -0.290404 -0.956904
    outer loop
      vertex 124.578 54.824 76.6358
      vertex 121.593 54.5426 76.7212
      vertex 121.593 54.824 76.6358
    endloop
  endfacet
  facet normal 0 -0.773078 -0.634311
    outer loop
      vertex 121.593 55.4972 76.0834
      vertex 124.578 55.3107 76.3107
      vertex 121.593 55.3107 76.3107
    endloop
  endfacet
  facet normal 0 -0.773078 -0.634311
    outer loop
      vertex 124.578 55.3107 76.3107
      vertex 121.593 55.4972 76.0834
      vertex 124.578 55.4972 76.0834
    endloop
  endfacet
  facet normal 0 -0.956904 -0.290404
    outer loop
      vertex 121.593 55.7212 75.5426
      vertex 124.578 55.6358 75.824
      vertex 121.593 55.6358 75.824
    endloop
  endfacet
  facet normal 0 -0.956904 -0.290404
    outer loop
      vertex 124.578 55.6358 75.824
      vertex 121.593 55.7212 75.5426
      vertex 124.578 55.7212 75.5426
    endloop
  endfacet
  facet normal 0 -0.995191 0.0979545
    outer loop
      vertex 121.593 55.7212 60.4574
      vertex 124.578 55.75 60.75
      vertex 121.593 55.75 60.75
    endloop
  endfacet
  facet normal 0 -0.995191 0.0979545
    outer loop
      vertex 124.578 55.75 60.75
      vertex 121.593 55.7212 60.4574
      vertex 124.578 55.7212 60.4574
    endloop
  endfacet
  facet normal 0 -0.881995 0.471259
    outer loop
      vertex 121.593 55.4972 59.9166
      vertex 124.578 55.6358 60.176
      vertex 121.593 55.6358 60.176
    endloop
  endfacet
  facet normal 0 -0.881995 0.471259
    outer loop
      vertex 124.578 55.6358 60.176
      vertex 121.593 55.4972 59.9166
      vertex 124.578 55.4972 59.9166
    endloop
  endfacet
  facet normal -0 0 1
    outer loop
      vertex 121.593 54.25 59.25
      vertex 124.578 41.75 59.25
      vertex 124.578 54.25 59.25
    endloop
  endfacet
  facet normal 0 0 1
    outer loop
      vertex 124.578 41.75 59.25
      vertex 121.593 54.25 59.25
      vertex 121.593 41.75 59.25
    endloop
  endfacet
  facet normal 0 -0.0979545 0.995191
    outer loop
      vertex 121.593 54.5426 59.2788
      vertex 124.578 54.25 59.25
      vertex 124.578 54.5426 59.2788
    endloop
  endfacet
  facet normal 0 -0.0979545 0.995191
    outer loop
      vertex 124.578 54.25 59.25
      vertex 121.593 54.5426 59.2788
      vertex 121.593 54.25 59.25
    endloop
  endfacet
  facet normal 0 0.956904 -0.290404
    outer loop
      vertex 124.578 40.2788 75.5426
      vertex 121.593 40.3642 75.824
      vertex 124.578 40.3642 75.824
    endloop
  endfacet
  facet normal 0 0.956904 -0.290404
    outer loop
      vertex 121.593 40.3642 75.824
      vertex 124.578 40.2788 75.5426
      vertex 121.593 40.2788 75.5426
    endloop
  endfacet
  facet normal 0 -0.471259 -0.881995
    outer loop
      vertex 121.593 54.824 76.6358
      vertex 124.578 55.0834 76.4972
      vertex 124.578 54.824 76.6358
    endloop
  endfacet
  facet normal -0 -0.471259 -0.881995
    outer loop
      vertex 124.578 55.0834 76.4972
      vertex 121.593 54.824 76.6358
      vertex 121.593 55.0834 76.4972
    endloop
  endfacet
  facet normal 0 -0.995191 -0.0979545
    outer loop
      vertex 121.593 55.75 75.25
      vertex 124.578 55.7212 75.5426
      vertex 121.593 55.7212 75.5426
    endloop
  endfacet
  facet normal 0 -0.995191 -0.0979545
    outer loop
      vertex 124.578 55.7212 75.5426
      vertex 121.593 55.75 75.25
      vertex 124.578 55.75 75.25
    endloop
  endfacet
  facet normal 0 -0.290404 0.956904
    outer loop
      vertex 121.593 54.824 59.3642
      vertex 124.578 54.5426 59.2788
      vertex 124.578 54.824 59.3642
    endloop
  endfacet
  facet normal 0 -0.290404 0.956904
    outer loop
      vertex 124.578 54.5426 59.2788
      vertex 121.593 54.824 59.3642
      vertex 121.593 54.5426 59.2788
    endloop
  endfacet
  facet normal 0 -0.956904 0.290404
    outer loop
      vertex 121.593 55.6358 60.176
      vertex 124.578 55.7212 60.4574
      vertex 121.593 55.7212 60.4574
    endloop
  endfacet
  facet normal 0 -0.956904 0.290404
    outer loop
      vertex 124.578 55.7212 60.4574
      vertex 121.593 55.6358 60.176
      vertex 124.578 55.6358 60.176
    endloop
  endfacet
  facet normal 0 -0.773078 0.634311
    outer loop
      vertex 121.593 55.3107 59.6893
      vertex 124.578 55.4972 59.9166
      vertex 121.593 55.4972 59.9166
    endloop
  endfacet
  facet normal 0 -0.773078 0.634311
    outer loop
      vertex 124.578 55.4972 59.9166
      vertex 121.593 55.3107 59.6893
      vertex 124.578 55.3107 59.6893
    endloop
  endfacet
  facet normal 0 -0.634311 0.773078
    outer loop
      vertex 121.593 55.3107 59.6893
      vertex 124.578 55.0834 59.5028
      vertex 124.578 55.3107 59.6893
    endloop
  endfacet
  facet normal 0 -0.634311 0.773078
    outer loop
      vertex 124.578 55.0834 59.5028
      vertex 121.593 55.3107 59.6893
      vertex 121.593 55.0834 59.5028
    endloop
  endfacet
  facet normal 0 0.995191 0.0979545
    outer loop
      vertex 124.578 40.2788 60.4574
      vertex 121.593 40.25 60.75
      vertex 124.578 40.25 60.75
    endloop
  endfacet
  facet normal 0 0.995191 0.0979545
    outer loop
      vertex 121.593 40.25 60.75
      vertex 124.578 40.2788 60.4574
      vertex 121.593 40.2788 60.4574
    endloop
  endfacet
  facet normal 0 0.881995 0.471259
    outer loop
      vertex 124.578 40.5028 59.9166
      vertex 121.593 40.3642 60.176
      vertex 124.578 40.3642 60.176
    endloop
  endfacet
  facet normal 0 0.881995 0.471259
    outer loop
      vertex 121.593 40.3642 60.176
      vertex 124.578 40.5028 59.9166
      vertex 121.593 40.5028 59.9166
    endloop
  endfacet
  facet normal -0 0.290404 0.956904
    outer loop
      vertex 121.593 41.4574 59.2788
      vertex 124.578 41.176 59.3642
      vertex 124.578 41.4574 59.2788
    endloop
  endfacet
  facet normal 0 0.290404 0.956904
    outer loop
      vertex 124.578 41.176 59.3642
      vertex 121.593 41.4574 59.2788
      vertex 121.593 41.176 59.3642
    endloop
  endfacet
  facet normal -0 0.634311 0.773078
    outer loop
      vertex 121.593 40.9166 59.5028
      vertex 124.578 40.6893 59.6893
      vertex 124.578 40.9166 59.5028
    endloop
  endfacet
  facet normal 0 0.634311 0.773078
    outer loop
      vertex 124.578 40.6893 59.6893
      vertex 121.593 40.9166 59.5028
      vertex 121.593 40.6893 59.6893
    endloop
  endfacet
  facet normal 0 -0.471259 0.881995
    outer loop
      vertex 121.593 55.0834 59.5028
      vertex 124.578 54.824 59.3642
      vertex 124.578 55.0834 59.5028
    endloop
  endfacet
  facet normal 0 -0.471259 0.881995
    outer loop
      vertex 124.578 54.824 59.3642
      vertex 121.593 55.0834 59.5028
      vertex 121.593 54.824 59.3642
    endloop
  endfacet
  facet normal 0 0.956904 0.290404
    outer loop
      vertex 124.578 40.3642 60.176
      vertex 121.593 40.2788 60.4574
      vertex 124.578 40.2788 60.4574
    endloop
  endfacet
  facet normal 0 0.956904 0.290404
    outer loop
      vertex 121.593 40.2788 60.4574
      vertex 124.578 40.3642 60.176
      vertex 121.593 40.3642 60.176
    endloop
  endfacet
  facet normal 0 0.773078 0.634311
    outer loop
      vertex 124.578 40.6893 59.6893
      vertex 121.593 40.5028 59.9166
      vertex 124.578 40.5028 59.9166
    endloop
  endfacet
  facet normal 0 0.773078 0.634311
    outer loop
      vertex 121.593 40.5028 59.9166
      vertex 124.578 40.6893 59.6893
      vertex 121.593 40.6893 59.6893
    endloop
  endfacet
  facet normal -0 0.0979545 0.995191
    outer loop
      vertex 121.593 41.75 59.25
      vertex 124.578 41.4574 59.2788
      vertex 124.578 41.75 59.25
    endloop
  endfacet
  facet normal 0 0.0979545 0.995191
    outer loop
      vertex 124.578 41.4574 59.2788
      vertex 121.593 41.75 59.25
      vertex 121.593 41.4574 59.2788
    endloop
  endfacet
  facet normal -0 0.471259 0.881995
    outer loop
      vertex 121.593 41.176 59.3642
      vertex 124.578 40.9166 59.5028
      vertex 124.578 41.176 59.3642
    endloop
  endfacet
  facet normal 0 0.471259 0.881995
    outer loop
      vertex 124.578 40.9166 59.5028
      vertex 121.593 41.176 59.3642
      vertex 121.593 40.9166 59.5028
    endloop
  endfacet
  facet normal 1 -0 0
    outer loop
      vertex 27 31.2 3.00722
      vertex 27 68.8 0.0216684
      vertex 27 68.8 3.00722
    endloop
  endfacet
  facet normal 1 0 0
    outer loop
      vertex 27 68.8 0.0216684
      vertex 27 31.2 3.00722
      vertex 27 31.2 0.0216684
    endloop
  endfacet
  facet normal -0.772801 0.634649 0
    outer loop
      vertex 29.1485 30.3515 0.0216684
      vertex 29.2978 30.5333 3.00722
      vertex 29.2978 30.5333 0.0216684
    endloop
  endfacet
  facet normal -0.772801 0.634649 0
    outer loop
      vertex 29.2978 30.5333 3.00722
      vertex 29.1485 30.3515 0.0216684
      vertex 29.1485 30.3515 3.00722
    endloop
  endfacet
  facet normal -1 0 0
    outer loop
      vertex 29.5 31.2 0.0216684
      vertex 29.5 68.8 3.00722
      vertex 29.5 68.8 0.0216684
    endloop
  endfacet
  facet normal -1 -0 0
    outer loop
      vertex 29.5 68.8 3.00722
      vertex 29.5 31.2 0.0216684
      vertex 29.5 31.2 3.00722
    endloop
  endfacet
  facet normal 0.881941 -0.47136 0
    outer loop
      vertex 27.0913 69.2592 3.00722
      vertex 27.2022 69.4667 0.0216684
      vertex 27.2022 69.4667 3.00722
    endloop
  endfacet
  facet normal 0.881941 -0.47136 0
    outer loop
      vertex 27.2022 69.4667 0.0216684
      vertex 27.0913 69.2592 3.00722
      vertex 27.0913 69.2592 0.0216684
    endloop
  endfacet
  facet normal 0.28996 -0.957039 0
    outer loop
      vertex 27.7408 69.9087 0.0216684
      vertex 27.9659 69.9769 3.00722
      vertex 27.7408 69.9087 3.00722
    endloop
  endfacet
  facet normal 0.28996 -0.957039 0
    outer loop
      vertex 27.9659 69.9769 3.00722
      vertex 27.7408 69.9087 0.0216684
      vertex 27.9659 69.9769 0.0216684
    endloop
  endfacet
  facet normal -0.957039 0.28996 0
    outer loop
      vertex 29.4087 30.7408 0.0216684
      vertex 29.4769 30.9659 3.00722
      vertex 29.4769 30.9659 0.0216684
    endloop
  endfacet
  facet normal -0.957039 0.28996 0
    outer loop
      vertex 29.4769 30.9659 3.00722
      vertex 29.4087 30.7408 0.0216684
      vertex 29.4087 30.7408 3.00722
    endloop
  endfacet
  facet normal 0.995167 0.0981989 0
    outer loop
      vertex 27.0231 30.9659 3.00722
      vertex 27 31.2 0.0216684
      vertex 27 31.2 3.00722
    endloop
  endfacet
  facet normal 0.995167 0.0981989 0
    outer loop
      vertex 27 31.2 0.0216684
      vertex 27.0231 30.9659 3.00722
      vertex 27.0231 30.9659 0.0216684
    endloop
  endfacet
  facet normal 0.995167 -0.0981989 0
    outer loop
      vertex 27 68.8 3.00722
      vertex 27.0231 69.0341 0.0216684
      vertex 27.0231 69.0341 3.00722
    endloop
  endfacet
  facet normal 0.995167 -0.0981989 0
    outer loop
      vertex 27.0231 69.0341 0.0216684
      vertex 27 68.8 3.00722
      vertex 27 68.8 0.0216684
    endloop
  endfacet
  facet normal 0.772801 -0.634649 0
    outer loop
      vertex 27.2022 69.4667 3.00722
      vertex 27.3515 69.6485 0.0216684
      vertex 27.3515 69.6485 3.00722
    endloop
  endfacet
  facet normal 0.772801 -0.634649 0
    outer loop
      vertex 27.3515 69.6485 0.0216684
      vertex 27.2022 69.4667 3.00722
      vertex 27.2022 69.4667 0.0216684
    endloop
  endfacet
  facet normal 0.634649 -0.772801 0
    outer loop
      vertex 27.3515 69.6485 0.0216684
      vertex 27.5333 69.7978 3.00722
      vertex 27.3515 69.6485 3.00722
    endloop
  endfacet
  facet normal 0.634649 -0.772801 0
    outer loop
      vertex 27.5333 69.7978 3.00722
      vertex 27.3515 69.6485 0.0216684
      vertex 27.5333 69.7978 0.0216684
    endloop
  endfacet
  facet normal 0.0981989 -0.995167 0
    outer loop
      vertex 27.9659 69.9769 0.0216684
      vertex 28.2 70 3.00722
      vertex 27.9659 69.9769 3.00722
    endloop
  endfacet
  facet normal 0.0981989 -0.995167 0
    outer loop
      vertex 28.2 70 3.00722
      vertex 27.9659 69.9769 0.0216684
      vertex 28.2 70 0.0216684
    endloop
  endfacet
  facet normal -0.995167 -0.0981989 0
    outer loop
      vertex 29.5 68.8 0.0216684
      vertex 29.4769 69.0341 3.00722
      vertex 29.4769 69.0341 0.0216684
    endloop
  endfacet
  facet normal -0.995167 -0.0981989 0
    outer loop
      vertex 29.4769 69.0341 3.00722
      vertex 29.5 68.8 0.0216684
      vertex 29.5 68.8 3.00722
    endloop
  endfacet
  facet normal 0.957039 0.28996 0
    outer loop
      vertex 27.0913 30.7408 3.00722
      vertex 27.0231 30.9659 0.0216684
      vertex 27.0231 30.9659 3.00722
    endloop
  endfacet
  facet normal 0.957039 0.28996 0
    outer loop
      vertex 27.0231 30.9659 0.0216684
      vertex 27.0913 30.7408 3.00722
      vertex 27.0913 30.7408 0.0216684
    endloop
  endfacet
  facet normal 0.634649 0.772801 -0
    outer loop
      vertex 27.5333 30.2022 0.0216684
      vertex 27.3515 30.3515 3.00722
      vertex 27.5333 30.2022 3.00722
    endloop
  endfacet
  facet normal 0.634649 0.772801 0
    outer loop
      vertex 27.3515 30.3515 3.00722
      vertex 27.5333 30.2022 0.0216684
      vertex 27.3515 30.3515 0.0216684
    endloop
  endfacet
  facet normal 0.28996 0.957039 -0
    outer loop
      vertex 27.9659 30.0231 0.0216684
      vertex 27.7408 30.0913 3.00722
      vertex 27.9659 30.0231 3.00722
    endloop
  endfacet
  facet normal 0.28996 0.957039 0
    outer loop
      vertex 27.7408 30.0913 3.00722
      vertex 27.9659 30.0231 0.0216684
      vertex 27.7408 30.0913 0.0216684
    endloop
  endfacet
  facet normal -0.28996 0.957039 0
    outer loop
      vertex 28.7592 30.0913 0.0216684
      vertex 28.5341 30.0231 3.00722
      vertex 28.7592 30.0913 3.00722
    endloop
  endfacet
  facet normal -0.28996 0.957039 0
    outer loop
      vertex 28.5341 30.0231 3.00722
      vertex 28.7592 30.0913 0.0216684
      vertex 28.5341 30.0231 0.0216684
    endloop
  endfacet
  facet normal -0.995167 0.0981989 0
    outer loop
      vertex 29.4769 30.9659 0.0216684
      vertex 29.5 31.2 3.00722
      vertex 29.5 31.2 0.0216684
    endloop
  endfacet
  facet normal -0.995167 0.0981989 0
    outer loop
      vertex 29.5 31.2 3.00722
      vertex 29.4769 30.9659 0.0216684
      vertex 29.4769 30.9659 3.00722
    endloop
  endfacet
  facet normal 0.957039 -0.28996 0
    outer loop
      vertex 27.0231 69.0341 3.00722
      vertex 27.0913 69.2592 0.0216684
      vertex 27.0913 69.2592 3.00722
    endloop
  endfacet
  facet normal 0.957039 -0.28996 0
    outer loop
      vertex 27.0913 69.2592 0.0216684
      vertex 27.0231 69.0341 3.00722
      vertex 27.0231 69.0341 0.0216684
    endloop
  endfacet
  facet normal 0.47136 -0.881941 0
    outer loop
      vertex 27.5333 69.7978 0.0216684
      vertex 27.7408 69.9087 3.00722
      vertex 27.5333 69.7978 3.00722
    endloop
  endfacet
  facet normal 0.47136 -0.881941 0
    outer loop
      vertex 27.7408 69.9087 3.00722
      vertex 27.5333 69.7978 0.0216684
      vertex 27.7408 69.9087 0.0216684
    endloop
  endfacet
  facet normal -0.47136 -0.881941 0
    outer loop
      vertex 28.7592 69.9087 0.0216684
      vertex 28.9667 69.7978 3.00722
      vertex 28.7592 69.9087 3.00722
    endloop
  endfacet
  facet normal -0.47136 -0.881941 -0
    outer loop
      vertex 28.9667 69.7978 3.00722
      vertex 28.7592 69.9087 0.0216684
      vertex 28.9667 69.7978 0.0216684
    endloop
  endfacet
  facet normal -0.28996 -0.957039 0
    outer loop
      vertex 28.5341 69.9769 0.0216684
      vertex 28.7592 69.9087 3.00722
      vertex 28.5341 69.9769 3.00722
    endloop
  endfacet
  facet normal -0.28996 -0.957039 -0
    outer loop
      vertex 28.7592 69.9087 3.00722
      vertex 28.5341 69.9769 0.0216684
      vertex 28.7592 69.9087 0.0216684
    endloop
  endfacet
  facet normal -0.957039 -0.28996 0
    outer loop
      vertex 29.4769 69.0341 0.0216684
      vertex 29.4087 69.2592 3.00722
      vertex 29.4087 69.2592 0.0216684
    endloop
  endfacet
  facet normal -0.957039 -0.28996 0
    outer loop
      vertex 29.4087 69.2592 3.00722
      vertex 29.4769 69.0341 0.0216684
      vertex 29.4769 69.0341 3.00722
    endloop
  endfacet
  facet normal 0.881941 0.47136 0
    outer loop
      vertex 27.2022 30.5333 3.00722
      vertex 27.0913 30.7408 0.0216684
      vertex 27.0913 30.7408 3.00722
    endloop
  endfacet
  facet normal 0.881941 0.47136 0
    outer loop
      vertex 27.0913 30.7408 0.0216684
      vertex 27.2022 30.5333 3.00722
      vertex 27.2022 30.5333 0.0216684
    endloop
  endfacet
  facet normal 0.47136 0.881941 -0
    outer loop
      vertex 27.7408 30.0913 0.0216684
      vertex 27.5333 30.2022 3.00722
      vertex 27.7408 30.0913 3.00722
    endloop
  endfacet
  facet normal 0.47136 0.881941 0
    outer loop
      vertex 27.5333 30.2022 3.00722
      vertex 27.7408 30.0913 0.0216684
      vertex 27.5333 30.2022 0.0216684
    endloop
  endfacet
  facet normal 0.0981989 0.995167 -0
    outer loop
      vertex 28.2 30 0.0216684
      vertex 27.9659 30.0231 3.00722
      vertex 28.2 30 3.00722
    endloop
  endfacet
  facet normal 0.0981989 0.995167 0
    outer loop
      vertex 27.9659 30.0231 3.00722
      vertex 28.2 30 0.0216684
      vertex 27.9659 30.0231 0.0216684
    endloop
  endfacet
  facet normal 0 1 -0
    outer loop
      vertex 28.3 30 0.0216684
      vertex 28.2 30 3.00722
      vertex 28.3 30 3.00722
    endloop
  endfacet
  facet normal 0 1 0
    outer loop
      vertex 28.2 30 3.00722
      vertex 28.3 30 0.0216684
      vertex 28.2 30 0.0216684
    endloop
  endfacet
  facet normal -0.0981989 0.995167 0
    outer loop
      vertex 28.5341 30.0231 0.0216684
      vertex 28.3 30 3.00722
      vertex 28.5341 30.0231 3.00722
    endloop
  endfacet
  facet normal -0.0981989 0.995167 0
    outer loop
      vertex 28.3 30 3.00722
      vertex 28.5341 30.0231 0.0216684
      vertex 28.3 30 0.0216684
    endloop
  endfacet
  facet normal -0.634649 0.772801 0
    outer loop
      vertex 29.1485 30.3515 0.0216684
      vertex 28.9667 30.2022 3.00722
      vertex 29.1485 30.3515 3.00722
    endloop
  endfacet
  facet normal -0.634649 0.772801 0
    outer loop
      vertex 28.9667 30.2022 3.00722
      vertex 29.1485 30.3515 0.0216684
      vertex 28.9667 30.2022 0.0216684
    endloop
  endfacet
  facet normal -0.634649 -0.772801 0
    outer loop
      vertex 28.9667 69.7978 0.0216684
      vertex 29.1485 69.6485 3.00722
      vertex 28.9667 69.7978 3.00722
    endloop
  endfacet
  facet normal -0.634649 -0.772801 -0
    outer loop
      vertex 29.1485 69.6485 3.00722
      vertex 28.9667 69.7978 0.0216684
      vertex 29.1485 69.6485 0.0216684
    endloop
  endfacet
  facet normal -0.772801 -0.634649 0
    outer loop
      vertex 29.2978 69.4667 0.0216684
      vertex 29.1485 69.6485 3.00722
      vertex 29.1485 69.6485 0.0216684
    endloop
  endfacet
  facet normal -0.772801 -0.634649 0
    outer loop
      vertex 29.1485 69.6485 3.00722
      vertex 29.2978 69.4667 0.0216684
      vertex 29.2978 69.4667 3.00722
    endloop
  endfacet
  facet normal -0.881941 -0.47136 0
    outer loop
      vertex 29.4087 69.2592 0.0216684
      vertex 29.2978 69.4667 3.00722
      vertex 29.2978 69.4667 0.0216684
    endloop
  endfacet
  facet normal -0.881941 -0.47136 0
    outer loop
      vertex 29.2978 69.4667 3.00722
      vertex 29.4087 69.2592 0.0216684
      vertex 29.4087 69.2592 3.00722
    endloop
  endfacet
  facet normal 0.772801 0.634649 0
    outer loop
      vertex 27.3515 30.3515 3.00722
      vertex 27.2022 30.5333 0.0216684
      vertex 27.2022 30.5333 3.00722
    endloop
  endfacet
  facet normal 0.772801 0.634649 0
    outer loop
      vertex 27.2022 30.5333 0.0216684
      vertex 27.3515 30.3515 3.00722
      vertex 27.3515 30.3515 0.0216684
    endloop
  endfacet
  facet normal -0.47136 0.881941 0
    outer loop
      vertex 28.9667 30.2022 0.0216684
      vertex 28.7592 30.0913 3.00722
      vertex 28.9667 30.2022 3.00722
    endloop
  endfacet
  facet normal -0.47136 0.881941 0
    outer loop
      vertex 28.7592 30.0913 3.00722
      vertex 28.9667 30.2022 0.0216684
      vertex 28.7592 30.0913 0.0216684
    endloop
  endfacet
  facet normal 0 -1 0
    outer loop
      vertex 28.2 70 0.0216684
      vertex 28.3 70 3.00722
      vertex 28.2 70 3.00722
    endloop
  endfacet
  facet normal 0 -1 -0
    outer loop
      vertex 28.3 70 3.00722
      vertex 28.2 70 0.0216684
      vertex 28.3 70 0.0216684
    endloop
  endfacet
  facet normal -0.0981989 -0.995167 0
    outer loop
      vertex 28.3 70 0.0216684
      vertex 28.5341 69.9769 3.00722
      vertex 28.3 70 3.00722
    endloop
  endfacet
  facet normal -0.0981989 -0.995167 -0
    outer loop
      vertex 28.5341 69.9769 3.00722
      vertex 28.3 70 0.0216684
      vertex 28.5341 69.9769 0.0216684
    endloop
  endfacet
  facet normal -0.881941 0.47136 0
    outer loop
      vertex 29.2978 30.5333 0.0216684
      vertex 29.4087 30.7408 3.00722
      vertex 29.4087 30.7408 0.0216684
    endloop
  endfacet
  facet normal -0.881941 0.47136 0
    outer loop
      vertex 29.4087 30.7408 3.00722
      vertex 29.2978 30.5333 0.0216684
      vertex 29.2978 30.5333 3.00722
    endloop
  endfacet
  facet normal 1 -0 0
    outer loop
      vertex 35 31.2 3.00722
      vertex 35 68.8 0.0216684
      vertex 35 68.8 3.00722
    endloop
  endfacet
  facet normal 1 0 0
    outer loop
      vertex 35 68.8 0.0216684
      vertex 35 31.2 3.00722
      vertex 35 31.2 0.0216684
    endloop
  endfacet
  facet normal 0.47136 -0.881941 0
    outer loop
      vertex 35.5333 69.7978 0.0216684
      vertex 35.7408 69.9087 3.00722
      vertex 35.5333 69.7978 3.00722
    endloop
  endfacet
  facet normal 0.47136 -0.881941 0
    outer loop
      vertex 35.7408 69.9087 3.00722
      vertex 35.5333 69.7978 0.0216684
      vertex 35.7408 69.9087 0.0216684
    endloop
  endfacet
  facet normal -0.881941 0.47136 0
    outer loop
      vertex 37.2978 30.5333 0.0216684
      vertex 37.4087 30.7408 3.00722
      vertex 37.4087 30.7408 0.0216684
    endloop
  endfacet
  facet normal -0.881941 0.47136 0
    outer loop
      vertex 37.4087 30.7408 3.00722
      vertex 37.2978 30.5333 0.0216684
      vertex 37.2978 30.5333 3.00722
    endloop
  endfacet
  facet normal -1 0 0
    outer loop
      vertex 37.5 31.2 0.0216684
      vertex 37.5 68.8 3.00722
      vertex 37.5 68.8 0.0216684
    endloop
  endfacet
  facet normal -1 -0 0
    outer loop
      vertex 37.5 68.8 3.00722
      vertex 37.5 31.2 0.0216684
      vertex 37.5 31.2 3.00722
    endloop
  endfacet
  facet normal 0.881941 -0.47136 0
    outer loop
      vertex 35.0913 69.2592 3.00722
      vertex 35.2022 69.4667 0.0216684
      vertex 35.2022 69.4667 3.00722
    endloop
  endfacet
  facet normal 0.881941 -0.47136 0
    outer loop
      vertex 35.2022 69.4667 0.0216684
      vertex 35.0913 69.2592 3.00722
      vertex 35.0913 69.2592 0.0216684
    endloop
  endfacet
  facet normal 0.28996 -0.957039 0
    outer loop
      vertex 35.7408 69.9087 0.0216684
      vertex 35.9659 69.9769 3.00722
      vertex 35.7408 69.9087 3.00722
    endloop
  endfacet
  facet normal 0.28996 -0.957039 0
    outer loop
      vertex 35.9659 69.9769 3.00722
      vertex 35.7408 69.9087 0.0216684
      vertex 35.9659 69.9769 0.0216684
    endloop
  endfacet
  facet normal -0.957039 0.28996 0
    outer loop
      vertex 37.4087 30.7408 0.0216684
      vertex 37.4769 30.9659 3.00722
      vertex 37.4769 30.9659 0.0216684
    endloop
  endfacet
  facet normal -0.957039 0.28996 0
    outer loop
      vertex 37.4769 30.9659 3.00722
      vertex 37.4087 30.7408 0.0216684
      vertex 37.4087 30.7408 3.00722
    endloop
  endfacet
  facet normal 0.995167 0.0981989 0
    outer loop
      vertex 35.0231 30.9659 3.00722
      vertex 35 31.2 0.0216684
      vertex 35 31.2 3.00722
    endloop
  endfacet
  facet normal 0.995167 0.0981989 0
    outer loop
      vertex 35 31.2 0.0216684
      vertex 35.0231 30.9659 3.00722
      vertex 35.0231 30.9659 0.0216684
    endloop
  endfacet
  facet normal 0.995167 -0.0981989 0
    outer loop
      vertex 35 68.8 3.00722
      vertex 35.0231 69.0341 0.0216684
      vertex 35.0231 69.0341 3.00722
    endloop
  endfacet
  facet normal 0.995167 -0.0981989 0
    outer loop
      vertex 35.0231 69.0341 0.0216684
      vertex 35 68.8 3.00722
      vertex 35 68.8 0.0216684
    endloop
  endfacet
  facet normal 0.772801 -0.634649 0
    outer loop
      vertex 35.2022 69.4667 3.00722
      vertex 35.3515 69.6485 0.0216684
      vertex 35.3515 69.6485 3.00722
    endloop
  endfacet
  facet normal 0.772801 -0.634649 0
    outer loop
      vertex 35.3515 69.6485 0.0216684
      vertex 35.2022 69.4667 3.00722
      vertex 35.2022 69.4667 0.0216684
    endloop
  endfacet
  facet normal 0.634649 -0.772801 0
    outer loop
      vertex 35.3515 69.6485 0.0216684
      vertex 35.5333 69.7978 3.00722
      vertex 35.3515 69.6485 3.00722
    endloop
  endfacet
  facet normal 0.634649 -0.772801 0
    outer loop
      vertex 35.5333 69.7978 3.00722
      vertex 35.3515 69.6485 0.0216684
      vertex 35.5333 69.7978 0.0216684
    endloop
  endfacet
  facet normal 0.0981989 -0.995167 0
    outer loop
      vertex 35.9659 69.9769 0.0216684
      vertex 36.2 70 3.00722
      vertex 35.9659 69.9769 3.00722
    endloop
  endfacet
  facet normal 0.0981989 -0.995167 0
    outer loop
      vertex 36.2 70 3.00722
      vertex 35.9659 69.9769 0.0216684
      vertex 36.2 70 0.0216684
    endloop
  endfacet
  facet normal -0.772801 -0.634649 0
    outer loop
      vertex 37.2978 69.4667 0.0216684
      vertex 37.1485 69.6485 3.00722
      vertex 37.1485 69.6485 0.0216684
    endloop
  endfacet
  facet normal -0.772801 -0.634649 0
    outer loop
      vertex 37.1485 69.6485 3.00722
      vertex 37.2978 69.4667 0.0216684
      vertex 37.2978 69.4667 3.00722
    endloop
  endfacet
  facet normal 0.957039 0.28996 0
    outer loop
      vertex 35.0913 30.7408 3.00722
      vertex 35.0231 30.9659 0.0216684
      vertex 35.0231 30.9659 3.00722
    endloop
  endfacet
  facet normal 0.957039 0.28996 0
    outer loop
      vertex 35.0231 30.9659 0.0216684
      vertex 35.0913 30.7408 3.00722
      vertex 35.0913 30.7408 0.0216684
    endloop
  endfacet
  facet normal 0.634649 0.772801 -0
    outer loop
      vertex 35.5333 30.2022 0.0216684
      vertex 35.3515 30.3515 3.00722
      vertex 35.5333 30.2022 3.00722
    endloop
  endfacet
  facet normal 0.634649 0.772801 0
    outer loop
      vertex 35.3515 30.3515 3.00722
      vertex 35.5333 30.2022 0.0216684
      vertex 35.3515 30.3515 0.0216684
    endloop
  endfacet
  facet normal 0.28996 0.957039 -0
    outer loop
      vertex 35.9659 30.0231 0.0216684
      vertex 35.7408 30.0913 3.00722
      vertex 35.9659 30.0231 3.00722
    endloop
  endfacet
  facet normal 0.28996 0.957039 0
    outer loop
      vertex 35.7408 30.0913 3.00722
      vertex 35.9659 30.0231 0.0216684
      vertex 35.7408 30.0913 0.0216684
    endloop
  endfacet
  facet normal -0.28996 0.957039 0
    outer loop
      vertex 36.7592 30.0913 0.0216684
      vertex 36.5341 30.0231 3.00722
      vertex 36.7592 30.0913 3.00722
    endloop
  endfacet
  facet normal -0.28996 0.957039 0
    outer loop
      vertex 36.5341 30.0231 3.00722
      vertex 36.7592 30.0913 0.0216684
      vertex 36.5341 30.0231 0.0216684
    endloop
  endfacet
  facet normal -0.995167 0.0981989 0
    outer loop
      vertex 37.4769 30.9659 0.0216684
      vertex 37.5 31.2 3.00722
      vertex 37.5 31.2 0.0216684
    endloop
  endfacet
  facet normal -0.995167 0.0981989 0
    outer loop
      vertex 37.5 31.2 3.00722
      vertex 37.4769 30.9659 0.0216684
      vertex 37.4769 30.9659 3.00722
    endloop
  endfacet
  facet normal 0.957039 -0.28996 0
    outer loop
      vertex 35.0231 69.0341 3.00722
      vertex 35.0913 69.2592 0.0216684
      vertex 35.0913 69.2592 3.00722
    endloop
  endfacet
  facet normal 0.957039 -0.28996 0
    outer loop
      vertex 35.0913 69.2592 0.0216684
      vertex 35.0231 69.0341 3.00722
      vertex 35.0231 69.0341 0.0216684
    endloop
  endfacet
  facet normal -0.28996 -0.957039 0
    outer loop
      vertex 36.5341 69.9769 0.0216684
      vertex 36.7592 69.9087 3.00722
      vertex 36.5341 69.9769 3.00722
    endloop
  endfacet
  facet normal -0.28996 -0.957039 -0
    outer loop
      vertex 36.7592 69.9087 3.00722
      vertex 36.5341 69.9769 0.0216684
      vertex 36.7592 69.9087 0.0216684
    endloop
  endfacet
  facet normal 0 -1 0
    outer loop
      vertex 36.2 70 0.0216684
      vertex 36.3 70 3.00722
      vertex 36.2 70 3.00722
    endloop
  endfacet
  facet normal 0 -1 -0
    outer loop
      vertex 36.3 70 3.00722
      vertex 36.2 70 0.0216684
      vertex 36.3 70 0.0216684
    endloop
  endfacet
  facet normal -0.47136 -0.881941 0
    outer loop
      vertex 36.7592 69.9087 0.0216684
      vertex 36.9667 69.7978 3.00722
      vertex 36.7592 69.9087 3.00722
    endloop
  endfacet
  facet normal -0.47136 -0.881941 -0
    outer loop
      vertex 36.9667 69.7978 3.00722
      vertex 36.7592 69.9087 0.0216684
      vertex 36.9667 69.7978 0.0216684
    endloop
  endfacet
  facet normal -0.881941 -0.47136 0
    outer loop
      vertex 37.4087 69.2592 0.0216684
      vertex 37.2978 69.4667 3.00722
      vertex 37.2978 69.4667 0.0216684
    endloop
  endfacet
  facet normal -0.881941 -0.47136 0
    outer loop
      vertex 37.2978 69.4667 3.00722
      vertex 37.4087 69.2592 0.0216684
      vertex 37.4087 69.2592 3.00722
    endloop
  endfacet
  facet normal 0.881941 0.47136 0
    outer loop
      vertex 35.2022 30.5333 3.00722
      vertex 35.0913 30.7408 0.0216684
      vertex 35.0913 30.7408 3.00722
    endloop
  endfacet
  facet normal 0.881941 0.47136 0
    outer loop
      vertex 35.0913 30.7408 0.0216684
      vertex 35.2022 30.5333 3.00722
      vertex 35.2022 30.5333 0.0216684
    endloop
  endfacet
  facet normal 0.47136 0.881941 -0
    outer loop
      vertex 35.7408 30.0913 0.0216684
      vertex 35.5333 30.2022 3.00722
      vertex 35.7408 30.0913 3.00722
    endloop
  endfacet
  facet normal 0.47136 0.881941 0
    outer loop
      vertex 35.5333 30.2022 3.00722
      vertex 35.7408 30.0913 0.0216684
      vertex 35.5333 30.2022 0.0216684
    endloop
  endfacet
  facet normal 0.0981989 0.995167 -0
    outer loop
      vertex 36.2 30 0.0216684
      vertex 35.9659 30.0231 3.00722
      vertex 36.2 30 3.00722
    endloop
  endfacet
  facet normal 0.0981989 0.995167 0
    outer loop
      vertex 35.9659 30.0231 3.00722
      vertex 36.2 30 0.0216684
      vertex 35.9659 30.0231 0.0216684
    endloop
  endfacet
  facet normal 0 1 -0
    outer loop
      vertex 36.3 30 0.0216684
      vertex 36.2 30 3.00722
      vertex 36.3 30 3.00722
    endloop
  endfacet
  facet normal 0 1 0
    outer loop
      vertex 36.2 30 3.00722
      vertex 36.3 30 0.0216684
      vertex 36.2 30 0.0216684
    endloop
  endfacet
  facet normal -0.0981989 0.995167 0
    outer loop
      vertex 36.5341 30.0231 0.0216684
      vertex 36.3 30 3.00722
      vertex 36.5341 30.0231 3.00722
    endloop
  endfacet
  facet normal -0.0981989 0.995167 0
    outer loop
      vertex 36.3 30 3.00722
      vertex 36.5341 30.0231 0.0216684
      vertex 36.3 30 0.0216684
    endloop
  endfacet
  facet normal -0.47136 0.881941 0
    outer loop
      vertex 36.9667 30.2022 0.0216684
      vertex 36.7592 30.0913 3.00722
      vertex 36.9667 30.2022 3.00722
    endloop
  endfacet
  facet normal -0.47136 0.881941 0
    outer loop
      vertex 36.7592 30.0913 3.00722
      vertex 36.9667 30.2022 0.0216684
      vertex 36.7592 30.0913 0.0216684
    endloop
  endfacet
  facet normal -0.634649 0.772801 0
    outer loop
      vertex 37.1485 30.3515 0.0216684
      vertex 36.9667 30.2022 3.00722
      vertex 37.1485 30.3515 3.00722
    endloop
  endfacet
  facet normal -0.634649 0.772801 0
    outer loop
      vertex 36.9667 30.2022 3.00722
      vertex 37.1485 30.3515 0.0216684
      vertex 36.9667 30.2022 0.0216684
    endloop
  endfacet
  facet normal -0.0981989 -0.995167 0
    outer loop
      vertex 36.3 70 0.0216684
      vertex 36.5341 69.9769 3.00722
      vertex 36.3 70 3.00722
    endloop
  endfacet
  facet normal -0.0981989 -0.995167 -0
    outer loop
      vertex 36.5341 69.9769 3.00722
      vertex 36.3 70 0.0216684
      vertex 36.5341 69.9769 0.0216684
    endloop
  endfacet
  facet normal -0.634649 -0.772801 0
    outer loop
      vertex 36.9667 69.7978 0.0216684
      vertex 37.1485 69.6485 3.00722
      vertex 36.9667 69.7978 3.00722
    endloop
  endfacet
  facet normal -0.634649 -0.772801 -0
    outer loop
      vertex 37.1485 69.6485 3.00722
      vertex 36.9667 69.7978 0.0216684
      vertex 37.1485 69.6485 0.0216684
    endloop
  endfacet
  facet normal -0.957039 -0.28996 0
    outer loop
      vertex 37.4769 69.0341 0.0216684
      vertex 37.4087 69.2592 3.00722
      vertex 37.4087 69.2592 0.0216684
    endloop
  endfacet
  facet normal -0.957039 -0.28996 0
    outer loop
      vertex 37.4087 69.2592 3.00722
      vertex 37.4769 69.0341 0.0216684
      vertex 37.4769 69.0341 3.00722
    endloop
  endfacet
  facet normal -0.995167 -0.0981989 0
    outer loop
      vertex 37.5 68.8 0.0216684
      vertex 37.4769 69.0341 3.00722
      vertex 37.4769 69.0341 0.0216684
    endloop
  endfacet
  facet normal -0.995167 -0.0981989 0
    outer loop
      vertex 37.4769 69.0341 3.00722
      vertex 37.5 68.8 0.0216684
      vertex 37.5 68.8 3.00722
    endloop
  endfacet
  facet normal 0.772801 0.634649 0
    outer loop
      vertex 35.3515 30.3515 3.00722
      vertex 35.2022 30.5333 0.0216684
      vertex 35.2022 30.5333 3.00722
    endloop
  endfacet
  facet normal 0.772801 0.634649 0
    outer loop
      vertex 35.2022 30.5333 0.0216684
      vertex 35.3515 30.3515 3.00722
      vertex 35.3515 30.3515 0.0216684
    endloop
  endfacet
  facet normal -0.772801 0.634649 0
    outer loop
      vertex 37.1485 30.3515 0.0216684
      vertex 37.2978 30.5333 3.00722
      vertex 37.2978 30.5333 0.0216684
    endloop
  endfacet
  facet normal -0.772801 0.634649 0
    outer loop
      vertex 37.2978 30.5333 3.00722
      vertex 37.1485 30.3515 0.0216684
      vertex 37.1485 30.3515 3.00722
    endloop
  endfacet
  facet normal 1 -0 0
    outer loop
      vertex 43 31.2 3.00722
      vertex 43 68.8 0.0216684
      vertex 43 68.8 3.00722
    endloop
  endfacet
  facet normal 1 0 0
    outer loop
      vertex 43 68.8 0.0216684
      vertex 43 31.2 3.00722
      vertex 43 31.2 0.0216684
    endloop
  endfacet
  facet normal -0.881941 0.47136 0
    outer loop
      vertex 45.2978 30.5333 0.0216684
      vertex 45.4087 30.7408 3.00722
      vertex 45.4087 30.7408 0.0216684
    endloop
  endfacet
  facet normal -0.881941 0.47136 0
    outer loop
      vertex 45.4087 30.7408 3.00722
      vertex 45.2978 30.5333 0.0216684
      vertex 45.2978 30.5333 3.00722
    endloop
  endfacet
  facet normal -1 0 0
    outer loop
      vertex 45.5 31.2 0.0216684
      vertex 45.5 68.8 3.00722
      vertex 45.5 68.8 0.0216684
    endloop
  endfacet
  facet normal -1 -0 0
    outer loop
      vertex 45.5 68.8 3.00722
      vertex 45.5 31.2 0.0216684
      vertex 45.5 31.2 3.00722
    endloop
  endfacet
  facet normal 0.881941 -0.47136 0
    outer loop
      vertex 43.0913 69.2592 3.00722
      vertex 43.2022 69.4667 0.0216684
      vertex 43.2022 69.4667 3.00722
    endloop
  endfacet
  facet normal 0.881941 -0.47136 0
    outer loop
      vertex 43.2022 69.4667 0.0216684
      vertex 43.0913 69.2592 3.00722
      vertex 43.0913 69.2592 0.0216684
    endloop
  endfacet
  facet normal 0.28996 -0.957039 0
    outer loop
      vertex 43.7408 69.9087 0.0216684
      vertex 43.9659 69.9769 3.00722
      vertex 43.7408 69.9087 3.00722
    endloop
  endfacet
  facet normal 0.28996 -0.957039 0
    outer loop
      vertex 43.9659 69.9769 3.00722
      vertex 43.7408 69.9087 0.0216684
      vertex 43.9659 69.9769 0.0216684
    endloop
  endfacet
  facet normal -0.957039 0.28996 0
    outer loop
      vertex 45.4087 30.7408 0.0216684
      vertex 45.4769 30.9659 3.00722
      vertex 45.4769 30.9659 0.0216684
    endloop
  endfacet
  facet normal -0.957039 0.28996 0
    outer loop
      vertex 45.4769 30.9659 3.00722
      vertex 45.4087 30.7408 0.0216684
      vertex 45.4087 30.7408 3.00722
    endloop
  endfacet
  facet normal 0.995167 0.0981989 0
    outer loop
      vertex 43.0231 30.9659 3.00722
      vertex 43 31.2 0.0216684
      vertex 43 31.2 3.00722
    endloop
  endfacet
  facet normal 0.995167 0.0981989 0
    outer loop
      vertex 43 31.2 0.0216684
      vertex 43.0231 30.9659 3.00722
      vertex 43.0231 30.9659 0.0216684
    endloop
  endfacet
  facet normal 0.995167 -0.0981989 0
    outer loop
      vertex 43 68.8 3.00722
      vertex 43.0231 69.0341 0.0216684
      vertex 43.0231 69.0341 3.00722
    endloop
  endfacet
  facet normal 0.995167 -0.0981989 0
    outer loop
      vertex 43.0231 69.0341 0.0216684
      vertex 43 68.8 3.00722
      vertex 43 68.8 0.0216684
    endloop
  endfacet
  facet normal 0.772801 -0.634649 0
    outer loop
      vertex 43.2022 69.4667 3.00722
      vertex 43.3515 69.6485 0.0216684
      vertex 43.3515 69.6485 3.00722
    endloop
  endfacet
  facet normal 0.772801 -0.634649 0
    outer loop
      vertex 43.3515 69.6485 0.0216684
      vertex 43.2022 69.4667 3.00722
      vertex 43.2022 69.4667 0.0216684
    endloop
  endfacet
  facet normal 0.634649 -0.772801 0
    outer loop
      vertex 43.3515 69.6485 0.0216684
      vertex 43.5333 69.7978 3.00722
      vertex 43.3515 69.6485 3.00722
    endloop
  endfacet
  facet normal 0.634649 -0.772801 0
    outer loop
      vertex 43.5333 69.7978 3.00722
      vertex 43.3515 69.6485 0.0216684
      vertex 43.5333 69.7978 0.0216684
    endloop
  endfacet
  facet normal 0.0981989 -0.995167 0
    outer loop
      vertex 43.9659 69.9769 0.0216684
      vertex 44.2 70 3.00722
      vertex 43.9659 69.9769 3.00722
    endloop
  endfacet
  facet normal 0.0981989 -0.995167 0
    outer loop
      vertex 44.2 70 3.00722
      vertex 43.9659 69.9769 0.0216684
      vertex 44.2 70 0.0216684
    endloop
  endfacet
  facet normal -0.772801 -0.634649 0
    outer loop
      vertex 45.2978 69.4667 0.0216684
      vertex 45.1485 69.6485 3.00722
      vertex 45.1485 69.6485 0.0216684
    endloop
  endfacet
  facet normal -0.772801 -0.634649 0
    outer loop
      vertex 45.1485 69.6485 3.00722
      vertex 45.2978 69.4667 0.0216684
      vertex 45.2978 69.4667 3.00722
    endloop
  endfacet
  facet normal 0.957039 0.28996 0
    outer loop
      vertex 43.0913 30.7408 3.00722
      vertex 43.0231 30.9659 0.0216684
      vertex 43.0231 30.9659 3.00722
    endloop
  endfacet
  facet normal 0.957039 0.28996 0
    outer loop
      vertex 43.0231 30.9659 0.0216684
      vertex 43.0913 30.7408 3.00722
      vertex 43.0913 30.7408 0.0216684
    endloop
  endfacet
  facet normal 0.634649 0.772801 -0
    outer loop
      vertex 43.5333 30.2022 0.0216684
      vertex 43.3515 30.3515 3.00722
      vertex 43.5333 30.2022 3.00722
    endloop
  endfacet
  facet normal 0.634649 0.772801 0
    outer loop
      vertex 43.3515 30.3515 3.00722
      vertex 43.5333 30.2022 0.0216684
      vertex 43.3515 30.3515 0.0216684
    endloop
  endfacet
  facet normal 0.28996 0.957039 -0
    outer loop
      vertex 43.9659 30.0231 0.0216684
      vertex 43.7408 30.0913 3.00722
      vertex 43.9659 30.0231 3.00722
    endloop
  endfacet
  facet normal 0.28996 0.957039 0
    outer loop
      vertex 43.7408 30.0913 3.00722
      vertex 43.9659 30.0231 0.0216684
      vertex 43.7408 30.0913 0.0216684
    endloop
  endfacet
  facet normal -0.28996 0.957039 0
    outer loop
      vertex 44.7592 30.0913 0.0216684
      vertex 44.5341 30.0231 3.00722
      vertex 44.7592 30.0913 3.00722
    endloop
  endfacet
  facet normal -0.28996 0.957039 0
    outer loop
      vertex 44.5341 30.0231 3.00722
      vertex 44.7592 30.0913 0.0216684
      vertex 44.5341 30.0231 0.0216684
    endloop
  endfacet
  facet normal -0.995167 0.0981989 0
    outer loop
      vertex 45.4769 30.9659 0.0216684
      vertex 45.5 31.2 3.00722
      vertex 45.5 31.2 0.0216684
    endloop
  endfacet
  facet normal -0.995167 0.0981989 0
    outer loop
      vertex 45.5 31.2 3.00722
      vertex 45.4769 30.9659 0.0216684
      vertex 45.4769 30.9659 3.00722
    endloop
  endfacet
  facet normal 0.957039 -0.28996 0
    outer loop
      vertex 43.0231 69.0341 3.00722
      vertex 43.0913 69.2592 0.0216684
      vertex 43.0913 69.2592 3.00722
    endloop
  endfacet
  facet normal 0.957039 -0.28996 0
    outer loop
      vertex 43.0913 69.2592 0.0216684
      vertex 43.0231 69.0341 3.00722
      vertex 43.0231 69.0341 0.0216684
    endloop
  endfacet
  facet normal 0.47136 -0.881941 0
    outer loop
      vertex 43.5333 69.7978 0.0216684
      vertex 43.7408 69.9087 3.00722
      vertex 43.5333 69.7978 3.00722
    endloop
  endfacet
  facet normal 0.47136 -0.881941 0
    outer loop
      vertex 43.7408 69.9087 3.00722
      vertex 43.5333 69.7978 0.0216684
      vertex 43.7408 69.9087 0.0216684
    endloop
  endfacet
  facet normal -0.28996 -0.957039 0
    outer loop
      vertex 44.5341 69.9769 0.0216684
      vertex 44.7592 69.9087 3.00722
      vertex 44.5341 69.9769 3.00722
    endloop
  endfacet
  facet normal -0.28996 -0.957039 -0
    outer loop
      vertex 44.7592 69.9087 3.00722
      vertex 44.5341 69.9769 0.0216684
      vertex 44.7592 69.9087 0.0216684
    endloop
  endfacet
  facet normal 0 -1 0
    outer loop
      vertex 44.2 70 0.0216684
      vertex 44.3 70 3.00722
      vertex 44.2 70 3.00722
    endloop
  endfacet
  facet normal 0 -1 -0
    outer loop
      vertex 44.3 70 3.00722
      vertex 44.2 70 0.0216684
      vertex 44.3 70 0.0216684
    endloop
  endfacet
  facet normal -0.47136 -0.881941 0
    outer loop
      vertex 44.7592 69.9087 0.0216684
      vertex 44.9667 69.7978 3.00722
      vertex 44.7592 69.9087 3.00722
    endloop
  endfacet
  facet normal -0.47136 -0.881941 -0
    outer loop
      vertex 44.9667 69.7978 3.00722
      vertex 44.7592 69.9087 0.0216684
      vertex 44.9667 69.7978 0.0216684
    endloop
  endfacet
  facet normal -0.881941 -0.47136 0
    outer loop
      vertex 45.4087 69.2592 0.0216684
      vertex 45.2978 69.4667 3.00722
      vertex 45.2978 69.4667 0.0216684
    endloop
  endfacet
  facet normal -0.881941 -0.47136 0
    outer loop
      vertex 45.2978 69.4667 3.00722
      vertex 45.4087 69.2592 0.0216684
      vertex 45.4087 69.2592 3.00722
    endloop
  endfacet
  facet normal 0.881941 0.47136 0
    outer loop
      vertex 43.2022 30.5333 3.00722
      vertex 43.0913 30.7408 0.0216684
      vertex 43.0913 30.7408 3.00722
    endloop
  endfacet
  facet normal 0.881941 0.47136 0
    outer loop
      vertex 43.0913 30.7408 0.0216684
      vertex 43.2022 30.5333 3.00722
      vertex 43.2022 30.5333 0.0216684
    endloop
  endfacet
  facet normal 0.47136 0.881941 -0
    outer loop
      vertex 43.7408 30.0913 0.0216684
      vertex 43.5333 30.2022 3.00722
      vertex 43.7408 30.0913 3.00722
    endloop
  endfacet
  facet normal 0.47136 0.881941 0
    outer loop
      vertex 43.5333 30.2022 3.00722
      vertex 43.7408 30.0913 0.0216684
      vertex 43.5333 30.2022 0.0216684
    endloop
  endfacet
  facet normal 0.0981989 0.995167 -0
    outer loop
      vertex 44.2 30 0.0216684
      vertex 43.9659 30.0231 3.00722
      vertex 44.2 30 3.00722
    endloop
  endfacet
  facet normal 0.0981989 0.995167 0
    outer loop
      vertex 43.9659 30.0231 3.00722
      vertex 44.2 30 0.0216684
      vertex 43.9659 30.0231 0.0216684
    endloop
  endfacet
  facet normal 0 1 -0
    outer loop
      vertex 44.3 30 0.0216684
      vertex 44.2 30 3.00722
      vertex 44.3 30 3.00722
    endloop
  endfacet
  facet normal 0 1 0
    outer loop
      vertex 44.2 30 3.00722
      vertex 44.3 30 0.0216684
      vertex 44.2 30 0.0216684
    endloop
  endfacet
  facet normal -0.0981989 0.995167 0
    outer loop
      vertex 44.5341 30.0231 0.0216684
      vertex 44.3 30 3.00722
      vertex 44.5341 30.0231 3.00722
    endloop
  endfacet
  facet normal -0.0981989 0.995167 0
    outer loop
      vertex 44.3 30 3.00722
      vertex 44.5341 30.0231 0.0216684
      vertex 44.3 30 0.0216684
    endloop
  endfacet
  facet normal -0.47136 0.881941 0
    outer loop
      vertex 44.9667 30.2022 0.0216684
      vertex 44.7592 30.0913 3.00722
      vertex 44.9667 30.2022 3.00722
    endloop
  endfacet
  facet normal -0.47136 0.881941 0
    outer loop
      vertex 44.7592 30.0913 3.00722
      vertex 44.9667 30.2022 0.0216684
      vertex 44.7592 30.0913 0.0216684
    endloop
  endfacet
  facet normal -0.634649 0.772801 0
    outer loop
      vertex 45.1485 30.3515 0.0216684
      vertex 44.9667 30.2022 3.00722
      vertex 45.1485 30.3515 3.00722
    endloop
  endfacet
  facet normal -0.634649 0.772801 0
    outer loop
      vertex 44.9667 30.2022 3.00722
      vertex 45.1485 30.3515 0.0216684
      vertex 44.9667 30.2022 0.0216684
    endloop
  endfacet
  facet normal -0.0981989 -0.995167 0
    outer loop
      vertex 44.3 70 0.0216684
      vertex 44.5341 69.9769 3.00722
      vertex 44.3 70 3.00722
    endloop
  endfacet
  facet normal -0.0981989 -0.995167 -0
    outer loop
      vertex 44.5341 69.9769 3.00722
      vertex 44.3 70 0.0216684
      vertex 44.5341 69.9769 0.0216684
    endloop
  endfacet
  facet normal -0.634649 -0.772801 0
    outer loop
      vertex 44.9667 69.7978 0.0216684
      vertex 45.1485 69.6485 3.00722
      vertex 44.9667 69.7978 3.00722
    endloop
  endfacet
  facet normal -0.634649 -0.772801 -0
    outer loop
      vertex 45.1485 69.6485 3.00722
      vertex 44.9667 69.7978 0.0216684
      vertex 45.1485 69.6485 0.0216684
    endloop
  endfacet
  facet normal -0.957039 -0.28996 0
    outer loop
      vertex 45.4769 69.0341 0.0216684
      vertex 45.4087 69.2592 3.00722
      vertex 45.4087 69.2592 0.0216684
    endloop
  endfacet
  facet normal -0.957039 -0.28996 0
    outer loop
      vertex 45.4087 69.2592 3.00722
      vertex 45.4769 69.0341 0.0216684
      vertex 45.4769 69.0341 3.00722
    endloop
  endfacet
  facet normal -0.995167 -0.0981989 0
    outer loop
      vertex 45.5 68.8 0.0216684
      vertex 45.4769 69.0341 3.00722
      vertex 45.4769 69.0341 0.0216684
    endloop
  endfacet
  facet normal -0.995167 -0.0981989 0
    outer loop
      vertex 45.4769 69.0341 3.00722
      vertex 45.5 68.8 0.0216684
      vertex 45.5 68.8 3.00722
    endloop
  endfacet
  facet normal 0.772801 0.634649 0
    outer loop
      vertex 43.3515 30.3515 3.00722
      vertex 43.2022 30.5333 0.0216684
      vertex 43.2022 30.5333 3.00722
    endloop
  endfacet
  facet normal 0.772801 0.634649 0
    outer loop
      vertex 43.2022 30.5333 0.0216684
      vertex 43.3515 30.3515 3.00722
      vertex 43.3515 30.3515 0.0216684
    endloop
  endfacet
  facet normal -0.772801 0.634649 0
    outer loop
      vertex 45.1485 30.3515 0.0216684
      vertex 45.2978 30.5333 3.00722
      vertex 45.2978 30.5333 0.0216684
    endloop
  endfacet
  facet normal -0.772801 0.634649 0
    outer loop
      vertex 45.2978 30.5333 3.00722
      vertex 45.1485 30.3515 0.0216684
      vertex 45.1485 30.3515 3.00722
    endloop
  endfacet
  facet normal 1 -0 0
    outer loop
      vertex 51 31.2 3.00722
      vertex 51 68.8 0.0216684
      vertex 51 68.8 3.00722
    endloop
  endfacet
  facet normal 1 0 0
    outer loop
      vertex 51 68.8 0.0216684
      vertex 51 31.2 3.00722
      vertex 51 31.2 0.0216684
    endloop
  endfacet
  facet normal 0.47136 -0.881941 0
    outer loop
      vertex 51.5333 69.7978 0.0216684
      vertex 51.7408 69.9087 3.00722
      vertex 51.5333 69.7978 3.00722
    endloop
  endfacet
  facet normal 0.47136 -0.881941 0
    outer loop
      vertex 51.7408 69.9087 3.00722
      vertex 51.5333 69.7978 0.0216684
      vertex 51.7408 69.9087 0.0216684
    endloop
  endfacet
  facet normal -0.881941 0.47136 0
    outer loop
      vertex 53.2978 30.5333 0.0216684
      vertex 53.4087 30.7408 3.00722
      vertex 53.4087 30.7408 0.0216684
    endloop
  endfacet
  facet normal -0.881941 0.47136 0
    outer loop
      vertex 53.4087 30.7408 3.00722
      vertex 53.2978 30.5333 0.0216684
      vertex 53.2978 30.5333 3.00722
    endloop
  endfacet
  facet normal -1 0 0
    outer loop
      vertex 53.5 31.2 0.0216684
      vertex 53.5 68.8 3.00722
      vertex 53.5 68.8 0.0216684
    endloop
  endfacet
  facet normal -1 -0 0
    outer loop
      vertex 53.5 68.8 3.00722
      vertex 53.5 31.2 0.0216684
      vertex 53.5 31.2 3.00722
    endloop
  endfacet
  facet normal 0.881941 -0.47136 0
    outer loop
      vertex 51.0913 69.2592 3.00722
      vertex 51.2022 69.4667 0.0216684
      vertex 51.2022 69.4667 3.00722
    endloop
  endfacet
  facet normal 0.881941 -0.47136 0
    outer loop
      vertex 51.2022 69.4667 0.0216684
      vertex 51.0913 69.2592 3.00722
      vertex 51.0913 69.2592 0.0216684
    endloop
  endfacet
  facet normal 0.28996 -0.957039 0
    outer loop
      vertex 51.7408 69.9087 0.0216684
      vertex 51.9659 69.9769 3.00722
      vertex 51.7408 69.9087 3.00722
    endloop
  endfacet
  facet normal 0.28996 -0.957039 0
    outer loop
      vertex 51.9659 69.9769 3.00722
      vertex 51.7408 69.9087 0.0216684
      vertex 51.9659 69.9769 0.0216684
    endloop
  endfacet
  facet normal -0.957039 0.28996 0
    outer loop
      vertex 53.4087 30.7408 0.0216684
      vertex 53.4769 30.9659 3.00722
      vertex 53.4769 30.9659 0.0216684
    endloop
  endfacet
  facet normal -0.957039 0.28996 0
    outer loop
      vertex 53.4769 30.9659 3.00722
      vertex 53.4087 30.7408 0.0216684
      vertex 53.4087 30.7408 3.00722
    endloop
  endfacet
  facet normal 0.995167 0.0981989 0
    outer loop
      vertex 51.0231 30.9659 3.00722
      vertex 51 31.2 0.0216684
      vertex 51 31.2 3.00722
    endloop
  endfacet
  facet normal 0.995167 0.0981989 0
    outer loop
      vertex 51 31.2 0.0216684
      vertex 51.0231 30.9659 3.00722
      vertex 51.0231 30.9659 0.0216684
    endloop
  endfacet
  facet normal 0.995167 -0.0981989 0
    outer loop
      vertex 51 68.8 3.00722
      vertex 51.0231 69.0341 0.0216684
      vertex 51.0231 69.0341 3.00722
    endloop
  endfacet
  facet normal 0.995167 -0.0981989 0
    outer loop
      vertex 51.0231 69.0341 0.0216684
      vertex 51 68.8 3.00722
      vertex 51 68.8 0.0216684
    endloop
  endfacet
  facet normal 0.772801 -0.634649 0
    outer loop
      vertex 51.2022 69.4667 3.00722
      vertex 51.3515 69.6485 0.0216684
      vertex 51.3515 69.6485 3.00722
    endloop
  endfacet
  facet normal 0.772801 -0.634649 0
    outer loop
      vertex 51.3515 69.6485 0.0216684
      vertex 51.2022 69.4667 3.00722
      vertex 51.2022 69.4667 0.0216684
    endloop
  endfacet
  facet normal 0.634649 -0.772801 0
    outer loop
      vertex 51.3515 69.6485 0.0216684
      vertex 51.5333 69.7978 3.00722
      vertex 51.3515 69.6485 3.00722
    endloop
  endfacet
  facet normal 0.634649 -0.772801 0
    outer loop
      vertex 51.5333 69.7978 3.00722
      vertex 51.3515 69.6485 0.0216684
      vertex 51.5333 69.7978 0.0216684
    endloop
  endfacet
  facet normal 0.0981989 -0.995167 0
    outer loop
      vertex 51.9659 69.9769 0.0216684
      vertex 52.2 70 3.00722
      vertex 51.9659 69.9769 3.00722
    endloop
  endfacet
  facet normal 0.0981989 -0.995167 0
    outer loop
      vertex 52.2 70 3.00722
      vertex 51.9659 69.9769 0.0216684
      vertex 52.2 70 0.0216684
    endloop
  endfacet
  facet normal -0.772801 -0.634649 0
    outer loop
      vertex 53.2978 69.4667 0.0216684
      vertex 53.1485 69.6485 3.00722
      vertex 53.1485 69.6485 0.0216684
    endloop
  endfacet
  facet normal -0.772801 -0.634649 0
    outer loop
      vertex 53.1485 69.6485 3.00722
      vertex 53.2978 69.4667 0.0216684
      vertex 53.2978 69.4667 3.00722
    endloop
  endfacet
  facet normal 0.957039 0.28996 0
    outer loop
      vertex 51.0913 30.7408 3.00722
      vertex 51.0231 30.9659 0.0216684
      vertex 51.0231 30.9659 3.00722
    endloop
  endfacet
  facet normal 0.957039 0.28996 0
    outer loop
      vertex 51.0231 30.9659 0.0216684
      vertex 51.0913 30.7408 3.00722
      vertex 51.0913 30.7408 0.0216684
    endloop
  endfacet
  facet normal 0.634649 0.772801 -0
    outer loop
      vertex 51.5333 30.2022 0.0216684
      vertex 51.3515 30.3515 3.00722
      vertex 51.5333 30.2022 3.00722
    endloop
  endfacet
  facet normal 0.634649 0.772801 0
    outer loop
      vertex 51.3515 30.3515 3.00722
      vertex 51.5333 30.2022 0.0216684
      vertex 51.3515 30.3515 0.0216684
    endloop
  endfacet
  facet normal 0.28996 0.957039 -0
    outer loop
      vertex 51.9659 30.0231 0.0216684
      vertex 51.7408 30.0913 3.00722
      vertex 51.9659 30.0231 3.00722
    endloop
  endfacet
  facet normal 0.28996 0.957039 0
    outer loop
      vertex 51.7408 30.0913 3.00722
      vertex 51.9659 30.0231 0.0216684
      vertex 51.7408 30.0913 0.0216684
    endloop
  endfacet
  facet normal -0.28996 0.957039 0
    outer loop
      vertex 52.7592 30.0913 0.0216684
      vertex 52.5341 30.0231 3.00722
      vertex 52.7592 30.0913 3.00722
    endloop
  endfacet
  facet normal -0.28996 0.957039 0
    outer loop
      vertex 52.5341 30.0231 3.00722
      vertex 52.7592 30.0913 0.0216684
      vertex 52.5341 30.0231 0.0216684
    endloop
  endfacet
  facet normal -0.995167 0.0981989 0
    outer loop
      vertex 53.4769 30.9659 0.0216684
      vertex 53.5 31.2 3.00722
      vertex 53.5 31.2 0.0216684
    endloop
  endfacet
  facet normal -0.995167 0.0981989 0
    outer loop
      vertex 53.5 31.2 3.00722
      vertex 53.4769 30.9659 0.0216684
      vertex 53.4769 30.9659 3.00722
    endloop
  endfacet
  facet normal 0.957039 -0.28996 0
    outer loop
      vertex 51.0231 69.0341 3.00722
      vertex 51.0913 69.2592 0.0216684
      vertex 51.0913 69.2592 3.00722
    endloop
  endfacet
  facet normal 0.957039 -0.28996 0
    outer loop
      vertex 51.0913 69.2592 0.0216684
      vertex 51.0231 69.0341 3.00722
      vertex 51.0231 69.0341 0.0216684
    endloop
  endfacet
  facet normal -0.28996 -0.957039 0
    outer loop
      vertex 52.5341 69.9769 0.0216684
      vertex 52.7592 69.9087 3.00722
      vertex 52.5341 69.9769 3.00722
    endloop
  endfacet
  facet normal -0.28996 -0.957039 -0
    outer loop
      vertex 52.7592 69.9087 3.00722
      vertex 52.5341 69.9769 0.0216684
      vertex 52.7592 69.9087 0.0216684
    endloop
  endfacet
  facet normal 0 -1 0
    outer loop
      vertex 52.2 70 0.0216684
      vertex 52.3 70 3.00722
      vertex 52.2 70 3.00722
    endloop
  endfacet
  facet normal 0 -1 -0
    outer loop
      vertex 52.3 70 3.00722
      vertex 52.2 70 0.0216684
      vertex 52.3 70 0.0216684
    endloop
  endfacet
  facet normal -0.47136 -0.881941 0
    outer loop
      vertex 52.7592 69.9087 0.0216684
      vertex 52.9667 69.7978 3.00722
      vertex 52.7592 69.9087 3.00722
    endloop
  endfacet
  facet normal -0.47136 -0.881941 -0
    outer loop
      vertex 52.9667 69.7978 3.00722
      vertex 52.7592 69.9087 0.0216684
      vertex 52.9667 69.7978 0.0216684
    endloop
  endfacet
  facet normal -0.881941 -0.47136 0
    outer loop
      vertex 53.4087 69.2592 0.0216684
      vertex 53.2978 69.4667 3.00722
      vertex 53.2978 69.4667 0.0216684
    endloop
  endfacet
  facet normal -0.881941 -0.47136 0
    outer loop
      vertex 53.2978 69.4667 3.00722
      vertex 53.4087 69.2592 0.0216684
      vertex 53.4087 69.2592 3.00722
    endloop
  endfacet
  facet normal 0.47136 0.881941 -0
    outer loop
      vertex 51.7408 30.0913 0.0216684
      vertex 51.5333 30.2022 3.00722
      vertex 51.7408 30.0913 3.00722
    endloop
  endfacet
  facet normal 0.47136 0.881941 0
    outer loop
      vertex 51.5333 30.2022 3.00722
      vertex 51.7408 30.0913 0.0216684
      vertex 51.5333 30.2022 0.0216684
    endloop
  endfacet
  facet normal 0.0981989 0.995167 -0
    outer loop
      vertex 52.2 30 0.0216684
      vertex 51.9659 30.0231 3.00722
      vertex 52.2 30 3.00722
    endloop
  endfacet
  facet normal 0.0981989 0.995167 0
    outer loop
      vertex 51.9659 30.0231 3.00722
      vertex 52.2 30 0.0216684
      vertex 51.9659 30.0231 0.0216684
    endloop
  endfacet
  facet normal 0 1 -0
    outer loop
      vertex 52.3 30 0.0216684
      vertex 52.2 30 3.00722
      vertex 52.3 30 3.00722
    endloop
  endfacet
  facet normal 0 1 0
    outer loop
      vertex 52.2 30 3.00722
      vertex 52.3 30 0.0216684
      vertex 52.2 30 0.0216684
    endloop
  endfacet
  facet normal -0.0981989 0.995167 0
    outer loop
      vertex 52.5341 30.0231 0.0216684
      vertex 52.3 30 3.00722
      vertex 52.5341 30.0231 3.00722
    endloop
  endfacet
  facet normal -0.0981989 0.995167 0
    outer loop
      vertex 52.3 30 3.00722
      vertex 52.5341 30.0231 0.0216684
      vertex 52.3 30 0.0216684
    endloop
  endfacet
  facet normal -0.47136 0.881941 0
    outer loop
      vertex 52.9667 30.2022 0.0216684
      vertex 52.7592 30.0913 3.00722
      vertex 52.9667 30.2022 3.00722
    endloop
  endfacet
  facet normal -0.47136 0.881941 0
    outer loop
      vertex 52.7592 30.0913 3.00722
      vertex 52.9667 30.2022 0.0216684
      vertex 52.7592 30.0913 0.0216684
    endloop
  endfacet
  facet normal -0.634649 0.772801 0
    outer loop
      vertex 53.1485 30.3515 0.0216684
      vertex 52.9667 30.2022 3.00722
      vertex 53.1485 30.3515 3.00722
    endloop
  endfacet
  facet normal -0.634649 0.772801 0
    outer loop
      vertex 52.9667 30.2022 3.00722
      vertex 53.1485 30.3515 0.0216684
      vertex 52.9667 30.2022 0.0216684
    endloop
  endfacet
  facet normal -0.0981989 -0.995167 0
    outer loop
      vertex 52.3 70 0.0216684
      vertex 52.5341 69.9769 3.00722
      vertex 52.3 70 3.00722
    endloop
  endfacet
  facet normal -0.0981989 -0.995167 -0
    outer loop
      vertex 52.5341 69.9769 3.00722
      vertex 52.3 70 0.0216684
      vertex 52.5341 69.9769 0.0216684
    endloop
  endfacet
  facet normal -0.634649 -0.772801 0
    outer loop
      vertex 52.9667 69.7978 0.0216684
      vertex 53.1485 69.6485 3.00722
      vertex 52.9667 69.7978 3.00722
    endloop
  endfacet
  facet normal -0.634649 -0.772801 -0
    outer loop
      vertex 53.1485 69.6485 3.00722
      vertex 52.9667 69.7978 0.0216684
      vertex 53.1485 69.6485 0.0216684
    endloop
  endfacet
  facet normal -0.957039 -0.28996 0
    outer loop
      vertex 53.4769 69.0341 0.0216684
      vertex 53.4087 69.2592 3.00722
      vertex 53.4087 69.2592 0.0216684
    endloop
  endfacet
  facet normal -0.957039 -0.28996 0
    outer loop
      vertex 53.4087 69.2592 3.00722
      vertex 53.4769 69.0341 0.0216684
      vertex 53.4769 69.0341 3.00722
    endloop
  endfacet
  facet normal -0.995167 -0.0981989 0
    outer loop
      vertex 53.5 68.8 0.0216684
      vertex 53.4769 69.0341 3.00722
      vertex 53.4769 69.0341 0.0216684
    endloop
  endfacet
  facet normal -0.995167 -0.0981989 0
    outer loop
      vertex 53.4769 69.0341 3.00722
      vertex 53.5 68.8 0.0216684
      vertex 53.5 68.8 3.00722
    endloop
  endfacet
  facet normal 0.772801 0.634649 0
    outer loop
      vertex 51.3515 30.3515 3.00722
      vertex 51.2022 30.5333 0.0216684
      vertex 51.2022 30.5333 3.00722
    endloop
  endfacet
  facet normal 0.772801 0.634649 0
    outer loop
      vertex 51.2022 30.5333 0.0216684
      vertex 51.3515 30.3515 3.00722
      vertex 51.3515 30.3515 0.0216684
    endloop
  endfacet
  facet normal 0.881941 0.47136 0
    outer loop
      vertex 51.2022 30.5333 3.00722
      vertex 51.0913 30.7408 0.0216684
      vertex 51.0913 30.7408 3.00722
    endloop
  endfacet
  facet normal 0.881941 0.47136 0
    outer loop
      vertex 51.0913 30.7408 0.0216684
      vertex 51.2022 30.5333 3.00722
      vertex 51.2022 30.5333 0.0216684
    endloop
  endfacet
  facet normal -0.772801 0.634649 0
    outer loop
      vertex 53.1485 30.3515 0.0216684
      vertex 53.2978 30.5333 3.00722
      vertex 53.2978 30.5333 0.0216684
    endloop
  endfacet
  facet normal -0.772801 0.634649 0
    outer loop
      vertex 53.2978 30.5333 3.00722
      vertex 53.1485 30.3515 0.0216684
      vertex 53.1485 30.3515 3.00722
    endloop
  endfacet
  facet normal 1 -0 0
    outer loop
      vertex 59 31.2 3.00722
      vertex 59 68.8 0.0216684
      vertex 59 68.8 3.00722
    endloop
  endfacet
  facet normal 1 0 0
    outer loop
      vertex 59 68.8 0.0216684
      vertex 59 31.2 3.00722
      vertex 59 31.2 0.0216684
    endloop
  endfacet
  facet normal 0.47136 -0.881941 0
    outer loop
      vertex 59.5333 69.7978 0.0216684
      vertex 59.7408 69.9087 3.00722
      vertex 59.5333 69.7978 3.00722
    endloop
  endfacet
  facet normal 0.47136 -0.881941 0
    outer loop
      vertex 59.7408 69.9087 3.00722
      vertex 59.5333 69.7978 0.0216684
      vertex 59.7408 69.9087 0.0216684
    endloop
  endfacet
  facet normal -0.881941 0.47136 0
    outer loop
      vertex 61.2978 30.5333 0.0216684
      vertex 61.4087 30.7408 3.00722
      vertex 61.4087 30.7408 0.0216684
    endloop
  endfacet
  facet normal -0.881941 0.47136 0
    outer loop
      vertex 61.4087 30.7408 3.00722
      vertex 61.2978 30.5333 0.0216684
      vertex 61.2978 30.5333 3.00722
    endloop
  endfacet
  facet normal -1 0 0
    outer loop
      vertex 61.5 31.2 0.0216684
      vertex 61.5 68.8 3.00722
      vertex 61.5 68.8 0.0216684
    endloop
  endfacet
  facet normal -1 -0 0
    outer loop
      vertex 61.5 68.8 3.00722
      vertex 61.5 31.2 0.0216684
      vertex 61.5 31.2 3.00722
    endloop
  endfacet
  facet normal 0.881941 -0.47136 0
    outer loop
      vertex 59.0913 69.2592 3.00722
      vertex 59.2022 69.4667 0.0216684
      vertex 59.2022 69.4667 3.00722
    endloop
  endfacet
  facet normal 0.881941 -0.47136 0
    outer loop
      vertex 59.2022 69.4667 0.0216684
      vertex 59.0913 69.2592 3.00722
      vertex 59.0913 69.2592 0.0216684
    endloop
  endfacet
  facet normal 0.28996 -0.957039 0
    outer loop
      vertex 59.7408 69.9087 0.0216684
      vertex 59.9659 69.9769 3.00722
      vertex 59.7408 69.9087 3.00722
    endloop
  endfacet
  facet normal 0.28996 -0.957039 0
    outer loop
      vertex 59.9659 69.9769 3.00722
      vertex 59.7408 69.9087 0.0216684
      vertex 59.9659 69.9769 0.0216684
    endloop
  endfacet
  facet normal -0.957039 0.28996 0
    outer loop
      vertex 61.4087 30.7408 0.0216684
      vertex 61.4769 30.9659 3.00722
      vertex 61.4769 30.9659 0.0216684
    endloop
  endfacet
  facet normal -0.957039 0.28996 0
    outer loop
      vertex 61.4769 30.9659 3.00722
      vertex 61.4087 30.7408 0.0216684
      vertex 61.4087 30.7408 3.00722
    endloop
  endfacet
  facet normal 0.995167 0.0981989 0
    outer loop
      vertex 59.0231 30.9659 3.00722
      vertex 59 31.2 0.0216684
      vertex 59 31.2 3.00722
    endloop
  endfacet
  facet normal 0.995167 0.0981989 0
    outer loop
      vertex 59 31.2 0.0216684
      vertex 59.0231 30.9659 3.00722
      vertex 59.0231 30.9659 0.0216684
    endloop
  endfacet
  facet normal 0.995167 -0.0981989 0
    outer loop
      vertex 59 68.8 3.00722
      vertex 59.0231 69.0341 0.0216684
      vertex 59.0231 69.0341 3.00722
    endloop
  endfacet
  facet normal 0.995167 -0.0981989 0
    outer loop
      vertex 59.0231 69.0341 0.0216684
      vertex 59 68.8 3.00722
      vertex 59 68.8 0.0216684
    endloop
  endfacet
  facet normal 0.772801 -0.634649 0
    outer loop
      vertex 59.2022 69.4667 3.00722
      vertex 59.3515 69.6485 0.0216684
      vertex 59.3515 69.6485 3.00722
    endloop
  endfacet
  facet normal 0.772801 -0.634649 0
    outer loop
      vertex 59.3515 69.6485 0.0216684
      vertex 59.2022 69.4667 3.00722
      vertex 59.2022 69.4667 0.0216684
    endloop
  endfacet
  facet normal 0.634649 -0.772801 0
    outer loop
      vertex 59.3515 69.6485 0.0216684
      vertex 59.5333 69.7978 3.00722
      vertex 59.3515 69.6485 3.00722
    endloop
  endfacet
  facet normal 0.634649 -0.772801 0
    outer loop
      vertex 59.5333 69.7978 3.00722
      vertex 59.3515 69.6485 0.0216684
      vertex 59.5333 69.7978 0.0216684
    endloop
  endfacet
  facet normal 0.0981989 -0.995167 0
    outer loop
      vertex 59.9659 69.9769 0.0216684
      vertex 60.2 70 3.00722
      vertex 59.9659 69.9769 3.00722
    endloop
  endfacet
  facet normal 0.0981989 -0.995167 0
    outer loop
      vertex 60.2 70 3.00722
      vertex 59.9659 69.9769 0.0216684
      vertex 60.2 70 0.0216684
    endloop
  endfacet
  facet normal -0.772801 -0.634649 0
    outer loop
      vertex 61.2978 69.4667 0.0216684
      vertex 61.1485 69.6485 3.00722
      vertex 61.1485 69.6485 0.0216684
    endloop
  endfacet
  facet normal -0.772801 -0.634649 0
    outer loop
      vertex 61.1485 69.6485 3.00722
      vertex 61.2978 69.4667 0.0216684
      vertex 61.2978 69.4667 3.00722
    endloop
  endfacet
  facet normal 0.957039 0.28996 0
    outer loop
      vertex 59.0913 30.7408 3.00722
      vertex 59.0231 30.9659 0.0216684
      vertex 59.0231 30.9659 3.00722
    endloop
  endfacet
  facet normal 0.957039 0.28996 0
    outer loop
      vertex 59.0231 30.9659 0.0216684
      vertex 59.0913 30.7408 3.00722
      vertex 59.0913 30.7408 0.0216684
    endloop
  endfacet
  facet normal 0.634649 0.772801 -0
    outer loop
      vertex 59.5333 30.2022 0.0216684
      vertex 59.3515 30.3515 3.00722
      vertex 59.5333 30.2022 3.00722
    endloop
  endfacet
  facet normal 0.634649 0.772801 0
    outer loop
      vertex 59.3515 30.3515 3.00722
      vertex 59.5333 30.2022 0.0216684
      vertex 59.3515 30.3515 0.0216684
    endloop
  endfacet
  facet normal 0.28996 0.957039 -0
    outer loop
      vertex 59.9659 30.0231 0.0216684
      vertex 59.7408 30.0913 3.00722
      vertex 59.9659 30.0231 3.00722
    endloop
  endfacet
  facet normal 0.28996 0.957039 0
    outer loop
      vertex 59.7408 30.0913 3.00722
      vertex 59.9659 30.0231 0.0216684
      vertex 59.7408 30.0913 0.0216684
    endloop
  endfacet
  facet normal -0.28996 0.957039 0
    outer loop
      vertex 60.7592 30.0913 0.0216684
      vertex 60.5341 30.0231 3.00722
      vertex 60.7592 30.0913 3.00722
    endloop
  endfacet
  facet normal -0.28996 0.957039 0
    outer loop
      vertex 60.5341 30.0231 3.00722
      vertex 60.7592 30.0913 0.0216684
      vertex 60.5341 30.0231 0.0216684
    endloop
  endfacet
  facet normal -0.995167 0.0981989 0
    outer loop
      vertex 61.4769 30.9659 0.0216684
      vertex 61.5 31.2 3.00722
      vertex 61.5 31.2 0.0216684
    endloop
  endfacet
  facet normal -0.995167 0.0981989 0
    outer loop
      vertex 61.5 31.2 3.00722
      vertex 61.4769 30.9659 0.0216684
      vertex 61.4769 30.9659 3.00722
    endloop
  endfacet
  facet normal 0.957039 -0.28996 0
    outer loop
      vertex 59.0231 69.0341 3.00722
      vertex 59.0913 69.2592 0.0216684
      vertex 59.0913 69.2592 3.00722
    endloop
  endfacet
  facet normal 0.957039 -0.28996 0
    outer loop
      vertex 59.0913 69.2592 0.0216684
      vertex 59.0231 69.0341 3.00722
      vertex 59.0231 69.0341 0.0216684
    endloop
  endfacet
  facet normal -0.28996 -0.957039 0
    outer loop
      vertex 60.5341 69.9769 0.0216684
      vertex 60.7592 69.9087 3.00722
      vertex 60.5341 69.9769 3.00722
    endloop
  endfacet
  facet normal -0.28996 -0.957039 -0
    outer loop
      vertex 60.7592 69.9087 3.00722
      vertex 60.5341 69.9769 0.0216684
      vertex 60.7592 69.9087 0.0216684
    endloop
  endfacet
  facet normal -0.47136 -0.881941 0
    outer loop
      vertex 60.7592 69.9087 0.0216684
      vertex 60.9667 69.7978 3.00722
      vertex 60.7592 69.9087 3.00722
    endloop
  endfacet
  facet normal -0.47136 -0.881941 -0
    outer loop
      vertex 60.9667 69.7978 3.00722
      vertex 60.7592 69.9087 0.0216684
      vertex 60.9667 69.7978 0.0216684
    endloop
  endfacet
  facet normal -0.881941 -0.47136 0
    outer loop
      vertex 61.4087 69.2592 0.0216684
      vertex 61.2978 69.4667 3.00722
      vertex 61.2978 69.4667 0.0216684
    endloop
  endfacet
  facet normal -0.881941 -0.47136 0
    outer loop
      vertex 61.2978 69.4667 3.00722
      vertex 61.4087 69.2592 0.0216684
      vertex 61.4087 69.2592 3.00722
    endloop
  endfacet
  facet normal 0.47136 0.881941 -0
    outer loop
      vertex 59.7408 30.0913 0.0216684
      vertex 59.5333 30.2022 3.00722
      vertex 59.7408 30.0913 3.00722
    endloop
  endfacet
  facet normal 0.47136 0.881941 0
    outer loop
      vertex 59.5333 30.2022 3.00722
      vertex 59.7408 30.0913 0.0216684
      vertex 59.5333 30.2022 0.0216684
    endloop
  endfacet
  facet normal 0.0981989 0.995167 -0
    outer loop
      vertex 60.2 30 0.0216684
      vertex 59.9659 30.0231 3.00722
      vertex 60.2 30 3.00722
    endloop
  endfacet
  facet normal 0.0981989 0.995167 0
    outer loop
      vertex 59.9659 30.0231 3.00722
      vertex 60.2 30 0.0216684
      vertex 59.9659 30.0231 0.0216684
    endloop
  endfacet
  facet normal 0 1 -0
    outer loop
      vertex 60.3 30 0.0216684
      vertex 60.2 30 3.00722
      vertex 60.3 30 3.00722
    endloop
  endfacet
  facet normal 0 1 0
    outer loop
      vertex 60.2 30 3.00722
      vertex 60.3 30 0.0216684
      vertex 60.2 30 0.0216684
    endloop
  endfacet
  facet normal -0.0981989 0.995167 0
    outer loop
      vertex 60.5341 30.0231 0.0216684
      vertex 60.3 30 3.00722
      vertex 60.5341 30.0231 3.00722
    endloop
  endfacet
  facet normal -0.0981989 0.995167 0
    outer loop
      vertex 60.3 30 3.00722
      vertex 60.5341 30.0231 0.0216684
      vertex 60.3 30 0.0216684
    endloop
  endfacet
  facet normal -0.47136 0.881941 0
    outer loop
      vertex 60.9667 30.2022 0.0216684
      vertex 60.7592 30.0913 3.00722
      vertex 60.9667 30.2022 3.00722
    endloop
  endfacet
  facet normal -0.47136 0.881941 0
    outer loop
      vertex 60.7592 30.0913 3.00722
      vertex 60.9667 30.2022 0.0216684
      vertex 60.7592 30.0913 0.0216684
    endloop
  endfacet
  facet normal -0.634649 0.772801 0
    outer loop
      vertex 61.1485 30.3515 0.0216684
      vertex 60.9667 30.2022 3.00722
      vertex 61.1485 30.3515 3.00722
    endloop
  endfacet
  facet normal -0.634649 0.772801 0
    outer loop
      vertex 60.9667 30.2022 3.00722
      vertex 61.1485 30.3515 0.0216684
      vertex 60.9667 30.2022 0.0216684
    endloop
  endfacet
  facet normal -0.0981989 -0.995167 0
    outer loop
      vertex 60.3 70 0.0216684
      vertex 60.5341 69.9769 3.00722
      vertex 60.3 70 3.00722
    endloop
  endfacet
  facet normal -0.0981989 -0.995167 -0
    outer loop
      vertex 60.5341 69.9769 3.00722
      vertex 60.3 70 0.0216684
      vertex 60.5341 69.9769 0.0216684
    endloop
  endfacet
  facet normal -0.634649 -0.772801 0
    outer loop
      vertex 60.9667 69.7978 0.0216684
      vertex 61.1485 69.6485 3.00722
      vertex 60.9667 69.7978 3.00722
    endloop
  endfacet
  facet normal -0.634649 -0.772801 -0
    outer loop
      vertex 61.1485 69.6485 3.00722
      vertex 60.9667 69.7978 0.0216684
      vertex 61.1485 69.6485 0.0216684
    endloop
  endfacet
  facet normal -0.957039 -0.28996 0
    outer loop
      vertex 61.4769 69.0341 0.0216684
      vertex 61.4087 69.2592 3.00722
      vertex 61.4087 69.2592 0.0216684
    endloop
  endfacet
  facet normal -0.957039 -0.28996 0
    outer loop
      vertex 61.4087 69.2592 3.00722
      vertex 61.4769 69.0341 0.0216684
      vertex 61.4769 69.0341 3.00722
    endloop
  endfacet
  facet normal -0.995167 -0.0981989 0
    outer loop
      vertex 61.5 68.8 0.0216684
      vertex 61.4769 69.0341 3.00722
      vertex 61.4769 69.0341 0.0216684
    endloop
  endfacet
  facet normal -0.995167 -0.0981989 0
    outer loop
      vertex 61.4769 69.0341 3.00722
      vertex 61.5 68.8 0.0216684
      vertex 61.5 68.8 3.00722
    endloop
  endfacet
  facet normal 0.772801 0.634649 0
    outer loop
      vertex 59.3515 30.3515 3.00722
      vertex 59.2022 30.5333 0.0216684
      vertex 59.2022 30.5333 3.00722
    endloop
  endfacet
  facet normal 0.772801 0.634649 0
    outer loop
      vertex 59.2022 30.5333 0.0216684
      vertex 59.3515 30.3515 3.00722
      vertex 59.3515 30.3515 0.0216684
    endloop
  endfacet
  facet normal 0.881941 0.47136 0
    outer loop
      vertex 59.2022 30.5333 3.00722
      vertex 59.0913 30.7408 0.0216684
      vertex 59.0913 30.7408 3.00722
    endloop
  endfacet
  facet normal 0.881941 0.47136 0
    outer loop
      vertex 59.0913 30.7408 0.0216684
      vertex 59.2022 30.5333 3.00722
      vertex 59.2022 30.5333 0.0216684
    endloop
  endfacet
  facet normal -0.772801 0.634649 0
    outer loop
      vertex 61.1485 30.3515 0.0216684
      vertex 61.2978 30.5333 3.00722
      vertex 61.2978 30.5333 0.0216684
    endloop
  endfacet
  facet normal -0.772801 0.634649 0
    outer loop
      vertex 61.2978 30.5333 3.00722
      vertex 61.1485 30.3515 0.0216684
      vertex 61.1485 30.3515 3.00722
    endloop
  endfacet
  facet normal 0 -1 0
    outer loop
      vertex 60.2 70 0.0216684
      vertex 60.3 70 3.00722
      vertex 60.2 70 3.00722
    endloop
  endfacet
  facet normal 0 -1 -0
    outer loop
      vertex 60.3 70 3.00722
      vertex 60.2 70 0.0216684
      vertex 60.3 70 0.0216684
    endloop
  endfacet
  facet normal 1 -0 0
    outer loop
      vertex 67 31.2 3.00722
      vertex 67 68.8 0.0216684
      vertex 67 68.8 3.00722
    endloop
  endfacet
  facet normal 1 0 0
    outer loop
      vertex 67 68.8 0.0216684
      vertex 67 31.2 3.00722
      vertex 67 31.2 0.0216684
    endloop
  endfacet
  facet normal 0.47136 -0.881941 0
    outer loop
      vertex 67.5333 69.7978 0.0216684
      vertex 67.7408 69.9087 3.00722
      vertex 67.5333 69.7978 3.00722
    endloop
  endfacet
  facet normal 0.47136 -0.881941 0
    outer loop
      vertex 67.7408 69.9087 3.00722
      vertex 67.5333 69.7978 0.0216684
      vertex 67.7408 69.9087 0.0216684
    endloop
  endfacet
  facet normal -0.881941 0.47136 0
    outer loop
      vertex 69.2978 30.5333 0.0216684
      vertex 69.4087 30.7408 3.00722
      vertex 69.4087 30.7408 0.0216684
    endloop
  endfacet
  facet normal -0.881941 0.47136 0
    outer loop
      vertex 69.4087 30.7408 3.00722
      vertex 69.2978 30.5333 0.0216684
      vertex 69.2978 30.5333 3.00722
    endloop
  endfacet
  facet normal -1 0 0
    outer loop
      vertex 69.5 31.2 0.0216684
      vertex 69.5 68.8 3.00722
      vertex 69.5 68.8 0.0216684
    endloop
  endfacet
  facet normal -1 -0 0
    outer loop
      vertex 69.5 68.8 3.00722
      vertex 69.5 31.2 0.0216684
      vertex 69.5 31.2 3.00722
    endloop
  endfacet
  facet normal 0.881941 -0.47136 0
    outer loop
      vertex 67.0913 69.2592 3.00722
      vertex 67.2022 69.4667 0.0216684
      vertex 67.2022 69.4667 3.00722
    endloop
  endfacet
  facet normal 0.881941 -0.47136 0
    outer loop
      vertex 67.2022 69.4667 0.0216684
      vertex 67.0913 69.2592 3.00722
      vertex 67.0913 69.2592 0.0216684
    endloop
  endfacet
  facet normal 0.28996 -0.957039 0
    outer loop
      vertex 67.7408 69.9087 0.0216684
      vertex 67.9659 69.9769 3.00722
      vertex 67.7408 69.9087 3.00722
    endloop
  endfacet
  facet normal 0.28996 -0.957039 0
    outer loop
      vertex 67.9659 69.9769 3.00722
      vertex 67.7408 69.9087 0.0216684
      vertex 67.9659 69.9769 0.0216684
    endloop
  endfacet
  facet normal -0.957039 0.28996 0
    outer loop
      vertex 69.4087 30.7408 0.0216684
      vertex 69.4769 30.9659 3.00722
      vertex 69.4769 30.9659 0.0216684
    endloop
  endfacet
  facet normal -0.957039 0.28996 0
    outer loop
      vertex 69.4769 30.9659 3.00722
      vertex 69.4087 30.7408 0.0216684
      vertex 69.4087 30.7408 3.00722
    endloop
  endfacet
  facet normal 0.995167 0.0981989 0
    outer loop
      vertex 67.0231 30.9659 3.00722
      vertex 67 31.2 0.0216684
      vertex 67 31.2 3.00722
    endloop
  endfacet
  facet normal 0.995167 0.0981989 0
    outer loop
      vertex 67 31.2 0.0216684
      vertex 67.0231 30.9659 3.00722
      vertex 67.0231 30.9659 0.0216684
    endloop
  endfacet
  facet normal 0.995167 -0.0981989 0
    outer loop
      vertex 67 68.8 3.00722
      vertex 67.0231 69.0341 0.0216684
      vertex 67.0231 69.0341 3.00722
    endloop
  endfacet
  facet normal 0.995167 -0.0981989 0
    outer loop
      vertex 67.0231 69.0341 0.0216684
      vertex 67 68.8 3.00722
      vertex 67 68.8 0.0216684
    endloop
  endfacet
  facet normal 0.772801 -0.634649 0
    outer loop
      vertex 67.2022 69.4667 3.00722
      vertex 67.3515 69.6485 0.0216684
      vertex 67.3515 69.6485 3.00722
    endloop
  endfacet
  facet normal 0.772801 -0.634649 0
    outer loop
      vertex 67.3515 69.6485 0.0216684
      vertex 67.2022 69.4667 3.00722
      vertex 67.2022 69.4667 0.0216684
    endloop
  endfacet
  facet normal 0.634649 -0.772801 0
    outer loop
      vertex 67.3515 69.6485 0.0216684
      vertex 67.5333 69.7978 3.00722
      vertex 67.3515 69.6485 3.00722
    endloop
  endfacet
  facet normal 0.634649 -0.772801 0
    outer loop
      vertex 67.5333 69.7978 3.00722
      vertex 67.3515 69.6485 0.0216684
      vertex 67.5333 69.7978 0.0216684
    endloop
  endfacet
  facet normal 0.0981989 -0.995167 0
    outer loop
      vertex 67.9659 69.9769 0.0216684
      vertex 68.2 70 3.00722
      vertex 67.9659 69.9769 3.00722
    endloop
  endfacet
  facet normal 0.0981989 -0.995167 0
    outer loop
      vertex 68.2 70 3.00722
      vertex 67.9659 69.9769 0.0216684
      vertex 68.2 70 0.0216684
    endloop
  endfacet
  facet normal 0.957039 0.28996 0
    outer loop
      vertex 67.0913 30.7408 3.00722
      vertex 67.0231 30.9659 0.0216684
      vertex 67.0231 30.9659 3.00722
    endloop
  endfacet
  facet normal 0.957039 0.28996 0
    outer loop
      vertex 67.0231 30.9659 0.0216684
      vertex 67.0913 30.7408 3.00722
      vertex 67.0913 30.7408 0.0216684
    endloop
  endfacet
  facet normal 0.634649 0.772801 -0
    outer loop
      vertex 67.5333 30.2022 0.0216684
      vertex 67.3515 30.3515 3.00722
      vertex 67.5333 30.2022 3.00722
    endloop
  endfacet
  facet normal 0.634649 0.772801 0
    outer loop
      vertex 67.3515 30.3515 3.00722
      vertex 67.5333 30.2022 0.0216684
      vertex 67.3515 30.3515 0.0216684
    endloop
  endfacet
  facet normal 0.28996 0.957039 -0
    outer loop
      vertex 67.9659 30.0231 0.0216684
      vertex 67.7408 30.0913 3.00722
      vertex 67.9659 30.0231 3.00722
    endloop
  endfacet
  facet normal 0.28996 0.957039 0
    outer loop
      vertex 67.7408 30.0913 3.00722
      vertex 67.9659 30.0231 0.0216684
      vertex 67.7408 30.0913 0.0216684
    endloop
  endfacet
  facet normal -0.28996 0.957039 0
    outer loop
      vertex 68.7592 30.0913 0.0216684
      vertex 68.5341 30.0231 3.00722
      vertex 68.7592 30.0913 3.00722
    endloop
  endfacet
  facet normal -0.28996 0.957039 0
    outer loop
      vertex 68.5341 30.0231 3.00722
      vertex 68.7592 30.0913 0.0216684
      vertex 68.5341 30.0231 0.0216684
    endloop
  endfacet
  facet normal -0.995167 0.0981989 0
    outer loop
      vertex 69.4769 30.9659 0.0216684
      vertex 69.5 31.2 3.00722
      vertex 69.5 31.2 0.0216684
    endloop
  endfacet
  facet normal -0.995167 0.0981989 0
    outer loop
      vertex 69.5 31.2 3.00722
      vertex 69.4769 30.9659 0.0216684
      vertex 69.4769 30.9659 3.00722
    endloop
  endfacet
  facet normal 0.957039 -0.28996 0
    outer loop
      vertex 67.0231 69.0341 3.00722
      vertex 67.0913 69.2592 0.0216684
      vertex 67.0913 69.2592 3.00722
    endloop
  endfacet
  facet normal 0.957039 -0.28996 0
    outer loop
      vertex 67.0913 69.2592 0.0216684
      vertex 67.0231 69.0341 3.00722
      vertex 67.0231 69.0341 0.0216684
    endloop
  endfacet
  facet normal -0.28996 -0.957039 0
    outer loop
      vertex 68.5341 69.9769 0.0216684
      vertex 68.7592 69.9087 3.00722
      vertex 68.5341 69.9769 3.00722
    endloop
  endfacet
  facet normal -0.28996 -0.957039 -0
    outer loop
      vertex 68.7592 69.9087 3.00722
      vertex 68.5341 69.9769 0.0216684
      vertex 68.7592 69.9087 0.0216684
    endloop
  endfacet
  facet normal 0 -1 0
    outer loop
      vertex 68.2 70 0.0216684
      vertex 68.3 70 3.00722
      vertex 68.2 70 3.00722
    endloop
  endfacet
  facet normal 0 -1 -0
    outer loop
      vertex 68.3 70 3.00722
      vertex 68.2 70 0.0216684
      vertex 68.3 70 0.0216684
    endloop
  endfacet
  facet normal -0.47136 -0.881941 0
    outer loop
      vertex 68.7592 69.9087 0.0216684
      vertex 68.9667 69.7978 3.00722
      vertex 68.7592 69.9087 3.00722
    endloop
  endfacet
  facet normal -0.47136 -0.881941 -0
    outer loop
      vertex 68.9667 69.7978 3.00722
      vertex 68.7592 69.9087 0.0216684
      vertex 68.9667 69.7978 0.0216684
    endloop
  endfacet
  facet normal -0.881941 -0.47136 0
    outer loop
      vertex 69.4087 69.2592 0.0216684
      vertex 69.2978 69.4667 3.00722
      vertex 69.2978 69.4667 0.0216684
    endloop
  endfacet
  facet normal -0.881941 -0.47136 0
    outer loop
      vertex 69.2978 69.4667 3.00722
      vertex 69.4087 69.2592 0.0216684
      vertex 69.4087 69.2592 3.00722
    endloop
  endfacet
  facet normal 0.881941 0.47136 0
    outer loop
      vertex 67.2022 30.5333 3.00722
      vertex 67.0913 30.7408 0.0216684
      vertex 67.0913 30.7408 3.00722
    endloop
  endfacet
  facet normal 0.881941 0.47136 0
    outer loop
      vertex 67.0913 30.7408 0.0216684
      vertex 67.2022 30.5333 3.00722
      vertex 67.2022 30.5333 0.0216684
    endloop
  endfacet
  facet normal 0.47136 0.881941 -0
    outer loop
      vertex 67.7408 30.0913 0.0216684
      vertex 67.5333 30.2022 3.00722
      vertex 67.7408 30.0913 3.00722
    endloop
  endfacet
  facet normal 0.47136 0.881941 0
    outer loop
      vertex 67.5333 30.2022 3.00722
      vertex 67.7408 30.0913 0.0216684
      vertex 67.5333 30.2022 0.0216684
    endloop
  endfacet
  facet normal 0.0981989 0.995167 -0
    outer loop
      vertex 68.2 30 0.0216684
      vertex 67.9659 30.0231 3.00722
      vertex 68.2 30 3.00722
    endloop
  endfacet
  facet normal 0.0981989 0.995167 0
    outer loop
      vertex 67.9659 30.0231 3.00722
      vertex 68.2 30 0.0216684
      vertex 67.9659 30.0231 0.0216684
    endloop
  endfacet
  facet normal 0 1 -0
    outer loop
      vertex 68.3 30 0.0216684
      vertex 68.2 30 3.00722
      vertex 68.3 30 3.00722
    endloop
  endfacet
  facet normal 0 1 0
    outer loop
      vertex 68.2 30 3.00722
      vertex 68.3 30 0.0216684
      vertex 68.2 30 0.0216684
    endloop
  endfacet
  facet normal -0.0981989 0.995167 0
    outer loop
      vertex 68.5341 30.0231 0.0216684
      vertex 68.3 30 3.00722
      vertex 68.5341 30.0231 3.00722
    endloop
  endfacet
  facet normal -0.0981989 0.995167 0
    outer loop
      vertex 68.3 30 3.00722
      vertex 68.5341 30.0231 0.0216684
      vertex 68.3 30 0.0216684
    endloop
  endfacet
  facet normal -0.47136 0.881941 0
    outer loop
      vertex 68.9667 30.2022 0.0216684
      vertex 68.7592 30.0913 3.00722
      vertex 68.9667 30.2022 3.00722
    endloop
  endfacet
  facet normal -0.47136 0.881941 0
    outer loop
      vertex 68.7592 30.0913 3.00722
      vertex 68.9667 30.2022 0.0216684
      vertex 68.7592 30.0913 0.0216684
    endloop
  endfacet
  facet normal -0.634649 0.772801 0
    outer loop
      vertex 69.1485 30.3515 0.0216684
      vertex 68.9667 30.2022 3.00722
      vertex 69.1485 30.3515 3.00722
    endloop
  endfacet
  facet normal -0.634649 0.772801 0
    outer loop
      vertex 68.9667 30.2022 3.00722
      vertex 69.1485 30.3515 0.0216684
      vertex 68.9667 30.2022 0.0216684
    endloop
  endfacet
  facet normal -0.0981989 -0.995167 0
    outer loop
      vertex 68.3 70 0.0216684
      vertex 68.5341 69.9769 3.00722
      vertex 68.3 70 3.00722
    endloop
  endfacet
  facet normal -0.0981989 -0.995167 -0
    outer loop
      vertex 68.5341 69.9769 3.00722
      vertex 68.3 70 0.0216684
      vertex 68.5341 69.9769 0.0216684
    endloop
  endfacet
  facet normal -0.634649 -0.772801 0
    outer loop
      vertex 68.9667 69.7978 0.0216684
      vertex 69.1485 69.6485 3.00722
      vertex 68.9667 69.7978 3.00722
    endloop
  endfacet
  facet normal -0.634649 -0.772801 -0
    outer loop
      vertex 69.1485 69.6485 3.00722
      vertex 68.9667 69.7978 0.0216684
      vertex 69.1485 69.6485 0.0216684
    endloop
  endfacet
  facet normal -0.957039 -0.28996 0
    outer loop
      vertex 69.4769 69.0341 0.0216684
      vertex 69.4087 69.2592 3.00722
      vertex 69.4087 69.2592 0.0216684
    endloop
  endfacet
  facet normal -0.957039 -0.28996 0
    outer loop
      vertex 69.4087 69.2592 3.00722
      vertex 69.4769 69.0341 0.0216684
      vertex 69.4769 69.0341 3.00722
    endloop
  endfacet
  facet normal -0.995167 -0.0981989 0
    outer loop
      vertex 69.5 68.8 0.0216684
      vertex 69.4769 69.0341 3.00722
      vertex 69.4769 69.0341 0.0216684
    endloop
  endfacet
  facet normal -0.995167 -0.0981989 0
    outer loop
      vertex 69.4769 69.0341 3.00722
      vertex 69.5 68.8 0.0216684
      vertex 69.5 68.8 3.00722
    endloop
  endfacet
  facet normal -0.772801 -0.634649 0
    outer loop
      vertex 69.2978 69.4667 0.0216684
      vertex 69.1485 69.6485 3.00722
      vertex 69.1485 69.6485 0.0216684
    endloop
  endfacet
  facet normal -0.772801 -0.634649 0
    outer loop
      vertex 69.1485 69.6485 3.00722
      vertex 69.2978 69.4667 0.0216684
      vertex 69.2978 69.4667 3.00722
    endloop
  endfacet
  facet normal 0.772801 0.634649 0
    outer loop
      vertex 67.3515 30.3515 3.00722
      vertex 67.2022 30.5333 0.0216684
      vertex 67.2022 30.5333 3.00722
    endloop
  endfacet
  facet normal 0.772801 0.634649 0
    outer loop
      vertex 67.2022 30.5333 0.0216684
      vertex 67.3515 30.3515 3.00722
      vertex 67.3515 30.3515 0.0216684
    endloop
  endfacet
  facet normal -0.772801 0.634649 0
    outer loop
      vertex 69.1485 30.3515 0.0216684
      vertex 69.2978 30.5333 3.00722
      vertex 69.2978 30.5333 0.0216684
    endloop
  endfacet
  facet normal -0.772801 0.634649 0
    outer loop
      vertex 69.2978 30.5333 3.00722
      vertex 69.1485 30.3515 0.0216684
      vertex 69.1485 30.3515 3.00722
    endloop
  endfacet
  facet normal 1 -0 0
    outer loop
      vertex 75 31.2 3.00722
      vertex 75 68.8 0.0216684
      vertex 75 68.8 3.00722
    endloop
  endfacet
  facet normal 1 0 0
    outer loop
      vertex 75 68.8 0.0216684
      vertex 75 31.2 3.00722
      vertex 75 31.2 0.0216684
    endloop
  endfacet
  facet normal -0.881941 0.47136 0
    outer loop
      vertex 77.2978 30.5333 0.0216684
      vertex 77.4087 30.7408 3.00722
      vertex 77.4087 30.7408 0.0216684
    endloop
  endfacet
  facet normal -0.881941 0.47136 0
    outer loop
      vertex 77.4087 30.7408 3.00722
      vertex 77.2978 30.5333 0.0216684
      vertex 77.2978 30.5333 3.00722
    endloop
  endfacet
  facet normal -1 0 0
    outer loop
      vertex 77.5 31.2 0.0216684
      vertex 77.5 68.8 3.00722
      vertex 77.5 68.8 0.0216684
    endloop
  endfacet
  facet normal -1 -0 0
    outer loop
      vertex 77.5 68.8 3.00722
      vertex 77.5 31.2 0.0216684
      vertex 77.5 31.2 3.00722
    endloop
  endfacet
  facet normal 0.881941 -0.47136 0
    outer loop
      vertex 75.0913 69.2592 3.00722
      vertex 75.2022 69.4667 0.0216684
      vertex 75.2022 69.4667 3.00722
    endloop
  endfacet
  facet normal 0.881941 -0.47136 0
    outer loop
      vertex 75.2022 69.4667 0.0216684
      vertex 75.0913 69.2592 3.00722
      vertex 75.0913 69.2592 0.0216684
    endloop
  endfacet
  facet normal 0.28996 -0.957039 0
    outer loop
      vertex 75.7408 69.9087 0.0216684
      vertex 75.9659 69.9769 3.00722
      vertex 75.7408 69.9087 3.00722
    endloop
  endfacet
  facet normal 0.28996 -0.957039 0
    outer loop
      vertex 75.9659 69.9769 3.00722
      vertex 75.7408 69.9087 0.0216684
      vertex 75.9659 69.9769 0.0216684
    endloop
  endfacet
  facet normal -0.957039 0.28996 0
    outer loop
      vertex 77.4087 30.7408 0.0216684
      vertex 77.4769 30.9659 3.00722
      vertex 77.4769 30.9659 0.0216684
    endloop
  endfacet
  facet normal -0.957039 0.28996 0
    outer loop
      vertex 77.4769 30.9659 3.00722
      vertex 77.4087 30.7408 0.0216684
      vertex 77.4087 30.7408 3.00722
    endloop
  endfacet
  facet normal 0.995167 0.0981989 0
    outer loop
      vertex 75.0231 30.9659 3.00722
      vertex 75 31.2 0.0216684
      vertex 75 31.2 3.00722
    endloop
  endfacet
  facet normal 0.995167 0.0981989 0
    outer loop
      vertex 75 31.2 0.0216684
      vertex 75.0231 30.9659 3.00722
      vertex 75.0231 30.9659 0.0216684
    endloop
  endfacet
  facet normal 0.995167 -0.0981989 0
    outer loop
      vertex 75 68.8 3.00722
      vertex 75.0231 69.0341 0.0216684
      vertex 75.0231 69.0341 3.00722
    endloop
  endfacet
  facet normal 0.995167 -0.0981989 0
    outer loop
      vertex 75.0231 69.0341 0.0216684
      vertex 75 68.8 3.00722
      vertex 75 68.8 0.0216684
    endloop
  endfacet
  facet normal 0.772801 -0.634649 0
    outer loop
      vertex 75.2022 69.4667 3.00722
      vertex 75.3515 69.6485 0.0216684
      vertex 75.3515 69.6485 3.00722
    endloop
  endfacet
  facet normal 0.772801 -0.634649 0
    outer loop
      vertex 75.3515 69.6485 0.0216684
      vertex 75.2022 69.4667 3.00722
      vertex 75.2022 69.4667 0.0216684
    endloop
  endfacet
  facet normal 0.634649 -0.772801 0
    outer loop
      vertex 75.3515 69.6485 0.0216684
      vertex 75.5333 69.7978 3.00722
      vertex 75.3515 69.6485 3.00722
    endloop
  endfacet
  facet normal 0.634649 -0.772801 0
    outer loop
      vertex 75.5333 69.7978 3.00722
      vertex 75.3515 69.6485 0.0216684
      vertex 75.5333 69.7978 0.0216684
    endloop
  endfacet
  facet normal 0.0981989 -0.995167 0
    outer loop
      vertex 75.9659 69.9769 0.0216684
      vertex 76.2 70 3.00722
      vertex 75.9659 69.9769 3.00722
    endloop
  endfacet
  facet normal 0.0981989 -0.995167 0
    outer loop
      vertex 76.2 70 3.00722
      vertex 75.9659 69.9769 0.0216684
      vertex 76.2 70 0.0216684
    endloop
  endfacet
  facet normal -0.772801 -0.634649 0
    outer loop
      vertex 77.2978 69.4667 0.0216684
      vertex 77.1485 69.6485 3.00722
      vertex 77.1485 69.6485 0.0216684
    endloop
  endfacet
  facet normal -0.772801 -0.634649 0
    outer loop
      vertex 77.1485 69.6485 3.00722
      vertex 77.2978 69.4667 0.0216684
      vertex 77.2978 69.4667 3.00722
    endloop
  endfacet
  facet normal 0.957039 0.28996 0
    outer loop
      vertex 75.0913 30.7408 3.00722
      vertex 75.0231 30.9659 0.0216684
      vertex 75.0231 30.9659 3.00722
    endloop
  endfacet
  facet normal 0.957039 0.28996 0
    outer loop
      vertex 75.0231 30.9659 0.0216684
      vertex 75.0913 30.7408 3.00722
      vertex 75.0913 30.7408 0.0216684
    endloop
  endfacet
  facet normal 0.634649 0.772801 -0
    outer loop
      vertex 75.5333 30.2022 0.0216684
      vertex 75.3515 30.3515 3.00722
      vertex 75.5333 30.2022 3.00722
    endloop
  endfacet
  facet normal 0.634649 0.772801 0
    outer loop
      vertex 75.3515 30.3515 3.00722
      vertex 75.5333 30.2022 0.0216684
      vertex 75.3515 30.3515 0.0216684
    endloop
  endfacet
  facet normal 0.28996 0.957039 -0
    outer loop
      vertex 75.9659 30.0231 0.0216684
      vertex 75.7408 30.0913 3.00722
      vertex 75.9659 30.0231 3.00722
    endloop
  endfacet
  facet normal 0.28996 0.957039 0
    outer loop
      vertex 75.7408 30.0913 3.00722
      vertex 75.9659 30.0231 0.0216684
      vertex 75.7408 30.0913 0.0216684
    endloop
  endfacet
  facet normal -0.28996 0.957039 0
    outer loop
      vertex 76.7592 30.0913 0.0216684
      vertex 76.5341 30.0231 3.00722
      vertex 76.7592 30.0913 3.00722
    endloop
  endfacet
  facet normal -0.28996 0.957039 0
    outer loop
      vertex 76.5341 30.0231 3.00722
      vertex 76.7592 30.0913 0.0216684
      vertex 76.5341 30.0231 0.0216684
    endloop
  endfacet
  facet normal -0.995167 0.0981989 0
    outer loop
      vertex 77.4769 30.9659 0.0216684
      vertex 77.5 31.2 3.00722
      vertex 77.5 31.2 0.0216684
    endloop
  endfacet
  facet normal -0.995167 0.0981989 0
    outer loop
      vertex 77.5 31.2 3.00722
      vertex 77.4769 30.9659 0.0216684
      vertex 77.4769 30.9659 3.00722
    endloop
  endfacet
  facet normal 0.957039 -0.28996 0
    outer loop
      vertex 75.0231 69.0341 3.00722
      vertex 75.0913 69.2592 0.0216684
      vertex 75.0913 69.2592 3.00722
    endloop
  endfacet
  facet normal 0.957039 -0.28996 0
    outer loop
      vertex 75.0913 69.2592 0.0216684
      vertex 75.0231 69.0341 3.00722
      vertex 75.0231 69.0341 0.0216684
    endloop
  endfacet
  facet normal 0.47136 -0.881941 0
    outer loop
      vertex 75.5333 69.7978 0.0216684
      vertex 75.7408 69.9087 3.00722
      vertex 75.5333 69.7978 3.00722
    endloop
  endfacet
  facet normal 0.47136 -0.881941 0
    outer loop
      vertex 75.7408 69.9087 3.00722
      vertex 75.5333 69.7978 0.0216684
      vertex 75.7408 69.9087 0.0216684
    endloop
  endfacet
  facet normal -0.28996 -0.957039 0
    outer loop
      vertex 76.5341 69.9769 0.0216684
      vertex 76.7592 69.9087 3.00722
      vertex 76.5341 69.9769 3.00722
    endloop
  endfacet
  facet normal -0.28996 -0.957039 -0
    outer loop
      vertex 76.7592 69.9087 3.00722
      vertex 76.5341 69.9769 0.0216684
      vertex 76.7592 69.9087 0.0216684
    endloop
  endfacet
  facet normal 0 -1 0
    outer loop
      vertex 76.2 70 0.0216684
      vertex 76.3 70 3.00722
      vertex 76.2 70 3.00722
    endloop
  endfacet
  facet normal 0 -1 -0
    outer loop
      vertex 76.3 70 3.00722
      vertex 76.2 70 0.0216684
      vertex 76.3 70 0.0216684
    endloop
  endfacet
  facet normal -0.47136 -0.881941 0
    outer loop
      vertex 76.7592 69.9087 0.0216684
      vertex 76.9667 69.7978 3.00722
      vertex 76.7592 69.9087 3.00722
    endloop
  endfacet
  facet normal -0.47136 -0.881941 -0
    outer loop
      vertex 76.9667 69.7978 3.00722
      vertex 76.7592 69.9087 0.0216684
      vertex 76.9667 69.7978 0.0216684
    endloop
  endfacet
  facet normal -0.881941 -0.47136 0
    outer loop
      vertex 77.4087 69.2592 0.0216684
      vertex 77.2978 69.4667 3.00722
      vertex 77.2978 69.4667 0.0216684
    endloop
  endfacet
  facet normal -0.881941 -0.47136 0
    outer loop
      vertex 77.2978 69.4667 3.00722
      vertex 77.4087 69.2592 0.0216684
      vertex 77.4087 69.2592 3.00722
    endloop
  endfacet
  facet normal 0.47136 0.881941 -0
    outer loop
      vertex 75.7408 30.0913 0.0216684
      vertex 75.5333 30.2022 3.00722
      vertex 75.7408 30.0913 3.00722
    endloop
  endfacet
  facet normal 0.47136 0.881941 0
    outer loop
      vertex 75.5333 30.2022 3.00722
      vertex 75.7408 30.0913 0.0216684
      vertex 75.5333 30.2022 0.0216684
    endloop
  endfacet
  facet normal 0.0981989 0.995167 -0
    outer loop
      vertex 76.2 30 0.0216684
      vertex 75.9659 30.0231 3.00722
      vertex 76.2 30 3.00722
    endloop
  endfacet
  facet normal 0.0981989 0.995167 0
    outer loop
      vertex 75.9659 30.0231 3.00722
      vertex 76.2 30 0.0216684
      vertex 75.9659 30.0231 0.0216684
    endloop
  endfacet
  facet normal 0 1 -0
    outer loop
      vertex 76.3 30 0.0216684
      vertex 76.2 30 3.00722
      vertex 76.3 30 3.00722
    endloop
  endfacet
  facet normal 0 1 0
    outer loop
      vertex 76.2 30 3.00722
      vertex 76.3 30 0.0216684
      vertex 76.2 30 0.0216684
    endloop
  endfacet
  facet normal -0.0981989 0.995167 0
    outer loop
      vertex 76.5341 30.0231 0.0216684
      vertex 76.3 30 3.00722
      vertex 76.5341 30.0231 3.00722
    endloop
  endfacet
  facet normal -0.0981989 0.995167 0
    outer loop
      vertex 76.3 30 3.00722
      vertex 76.5341 30.0231 0.0216684
      vertex 76.3 30 0.0216684
    endloop
  endfacet
  facet normal -0.47136 0.881941 0
    outer loop
      vertex 76.9667 30.2022 0.0216684
      vertex 76.7592 30.0913 3.00722
      vertex 76.9667 30.2022 3.00722
    endloop
  endfacet
  facet normal -0.47136 0.881941 0
    outer loop
      vertex 76.7592 30.0913 3.00722
      vertex 76.9667 30.2022 0.0216684
      vertex 76.7592 30.0913 0.0216684
    endloop
  endfacet
  facet normal -0.634649 0.772801 0
    outer loop
      vertex 77.1485 30.3515 0.0216684
      vertex 76.9667 30.2022 3.00722
      vertex 77.1485 30.3515 3.00722
    endloop
  endfacet
  facet normal -0.634649 0.772801 0
    outer loop
      vertex 76.9667 30.2022 3.00722
      vertex 77.1485 30.3515 0.0216684
      vertex 76.9667 30.2022 0.0216684
    endloop
  endfacet
  facet normal -0.0981989 -0.995167 0
    outer loop
      vertex 76.3 70 0.0216684
      vertex 76.5341 69.9769 3.00722
      vertex 76.3 70 3.00722
    endloop
  endfacet
  facet normal -0.0981989 -0.995167 -0
    outer loop
      vertex 76.5341 69.9769 3.00722
      vertex 76.3 70 0.0216684
      vertex 76.5341 69.9769 0.0216684
    endloop
  endfacet
  facet normal -0.634649 -0.772801 0
    outer loop
      vertex 76.9667 69.7978 0.0216684
      vertex 77.1485 69.6485 3.00722
      vertex 76.9667 69.7978 3.00722
    endloop
  endfacet
  facet normal -0.634649 -0.772801 -0
    outer loop
      vertex 77.1485 69.6485 3.00722
      vertex 76.9667 69.7978 0.0216684
      vertex 77.1485 69.6485 0.0216684
    endloop
  endfacet
  facet normal -0.957039 -0.28996 0
    outer loop
      vertex 77.4769 69.0341 0.0216684
      vertex 77.4087 69.2592 3.00722
      vertex 77.4087 69.2592 0.0216684
    endloop
  endfacet
  facet normal -0.957039 -0.28996 0
    outer loop
      vertex 77.4087 69.2592 3.00722
      vertex 77.4769 69.0341 0.0216684
      vertex 77.4769 69.0341 3.00722
    endloop
  endfacet
  facet normal -0.995167 -0.0981989 0
    outer loop
      vertex 77.5 68.8 0.0216684
      vertex 77.4769 69.0341 3.00722
      vertex 77.4769 69.0341 0.0216684
    endloop
  endfacet
  facet normal -0.995167 -0.0981989 0
    outer loop
      vertex 77.4769 69.0341 3.00722
      vertex 77.5 68.8 0.0216684
      vertex 77.5 68.8 3.00722
    endloop
  endfacet
  facet normal 0.772801 0.634649 0
    outer loop
      vertex 75.3515 30.3515 3.00722
      vertex 75.2022 30.5333 0.0216684
      vertex 75.2022 30.5333 3.00722
    endloop
  endfacet
  facet normal 0.772801 0.634649 0
    outer loop
      vertex 75.2022 30.5333 0.0216684
      vertex 75.3515 30.3515 3.00722
      vertex 75.3515 30.3515 0.0216684
    endloop
  endfacet
  facet normal 0.881941 0.47136 0
    outer loop
      vertex 75.2022 30.5333 3.00722
      vertex 75.0913 30.7408 0.0216684
      vertex 75.0913 30.7408 3.00722
    endloop
  endfacet
  facet normal 0.881941 0.47136 0
    outer loop
      vertex 75.0913 30.7408 0.0216684
      vertex 75.2022 30.5333 3.00722
      vertex 75.2022 30.5333 0.0216684
    endloop
  endfacet
  facet normal -0.772801 0.634649 0
    outer loop
      vertex 77.1485 30.3515 0.0216684
      vertex 77.2978 30.5333 3.00722
      vertex 77.2978 30.5333 0.0216684
    endloop
  endfacet
  facet normal -0.772801 0.634649 0
    outer loop
      vertex 77.2978 30.5333 3.00722
      vertex 77.1485 30.3515 0.0216684
      vertex 77.1485 30.3515 3.00722
    endloop
  endfacet
  facet normal 1 -0 0
    outer loop
      vertex 83 31.2 3.00722
      vertex 83 68.8 0.0216684
      vertex 83 68.8 3.00722
    endloop
  endfacet
  facet normal 1 0 0
    outer loop
      vertex 83 68.8 0.0216684
      vertex 83 31.2 3.00722
      vertex 83 31.2 0.0216684
    endloop
  endfacet
  facet normal -1 0 0
    outer loop
      vertex 85.5 31.2 0.0216684
      vertex 85.5 68.8 3.00722
      vertex 85.5 68.8 0.0216684
    endloop
  endfacet
  facet normal -1 -0 0
    outer loop
      vertex 85.5 68.8 3.00722
      vertex 85.5 31.2 0.0216684
      vertex 85.5 31.2 3.00722
    endloop
  endfacet
  facet normal 0.995167 -0.0981989 0
    outer loop
      vertex 83 68.8 3.00722
      vertex 83.0231 69.0341 0.0216684
      vertex 83.0231 69.0341 3.00722
    endloop
  endfacet
  facet normal 0.995167 -0.0981989 0
    outer loop
      vertex 83.0231 69.0341 0.0216684
      vertex 83 68.8 3.00722
      vertex 83 68.8 0.0216684
    endloop
  endfacet
  facet normal 0 -1 0
    outer loop
      vertex 84.2 70 0.0216684
      vertex 84.3 70 3.00722
      vertex 84.2 70 3.00722
    endloop
  endfacet
  facet normal 0 -1 -0
    outer loop
      vertex 84.3 70 3.00722
      vertex 84.2 70 0.0216684
      vertex 84.3 70 0.0216684
    endloop
  endfacet
  facet normal -0.881941 0.47136 0
    outer loop
      vertex 85.2978 30.5333 0.0216684
      vertex 85.4087 30.7408 3.00722
      vertex 85.4087 30.7408 0.0216684
    endloop
  endfacet
  facet normal -0.881941 0.47136 0
    outer loop
      vertex 85.4087 30.7408 3.00722
      vertex 85.2978 30.5333 0.0216684
      vertex 85.2978 30.5333 3.00722
    endloop
  endfacet
  facet normal 0.634649 0.772801 -0
    outer loop
      vertex 83.5333 30.2022 0.0216684
      vertex 83.3515 30.3515 3.00722
      vertex 83.5333 30.2022 3.00722
    endloop
  endfacet
  facet normal 0.634649 0.772801 0
    outer loop
      vertex 83.3515 30.3515 3.00722
      vertex 83.5333 30.2022 0.0216684
      vertex 83.3515 30.3515 0.0216684
    endloop
  endfacet
  facet normal 0.772801 -0.634649 0
    outer loop
      vertex 83.2022 69.4667 3.00722
      vertex 83.3515 69.6485 0.0216684
      vertex 83.3515 69.6485 3.00722
    endloop
  endfacet
  facet normal 0.772801 -0.634649 0
    outer loop
      vertex 83.3515 69.6485 0.0216684
      vertex 83.2022 69.4667 3.00722
      vertex 83.2022 69.4667 0.0216684
    endloop
  endfacet
  facet normal 0.995167 0.0981989 0
    outer loop
      vertex 83.0231 30.9659 3.00722
      vertex 83 31.2 0.0216684
      vertex 83 31.2 3.00722
    endloop
  endfacet
  facet normal 0.995167 0.0981989 0
    outer loop
      vertex 83 31.2 0.0216684
      vertex 83.0231 30.9659 3.00722
      vertex 83.0231 30.9659 0.0216684
    endloop
  endfacet
  facet normal 0.957039 -0.28996 0
    outer loop
      vertex 83.0231 69.0341 3.00722
      vertex 83.0913 69.2592 0.0216684
      vertex 83.0913 69.2592 3.00722
    endloop
  endfacet
  facet normal 0.957039 -0.28996 0
    outer loop
      vertex 83.0913 69.2592 0.0216684
      vertex 83.0231 69.0341 3.00722
      vertex 83.0231 69.0341 0.0216684
    endloop
  endfacet
  facet normal 0.881941 -0.47136 0
    outer loop
      vertex 83.0913 69.2592 3.00722
      vertex 83.2022 69.4667 0.0216684
      vertex 83.2022 69.4667 3.00722
    endloop
  endfacet
  facet normal 0.881941 -0.47136 0
    outer loop
      vertex 83.2022 69.4667 0.0216684
      vertex 83.0913 69.2592 3.00722
      vertex 83.0913 69.2592 0.0216684
    endloop
  endfacet
  facet normal 0.634649 -0.772801 0
    outer loop
      vertex 83.3515 69.6485 0.0216684
      vertex 83.5333 69.7978 3.00722
      vertex 83.3515 69.6485 3.00722
    endloop
  endfacet
  facet normal 0.634649 -0.772801 0
    outer loop
      vertex 83.5333 69.7978 3.00722
      vertex 83.3515 69.6485 0.0216684
      vertex 83.5333 69.7978 0.0216684
    endloop
  endfacet
  facet normal 0.28996 -0.957039 0
    outer loop
      vertex 83.7408 69.9087 0.0216684
      vertex 83.9659 69.9769 3.00722
      vertex 83.7408 69.9087 3.00722
    endloop
  endfacet
  facet normal 0.28996 -0.957039 0
    outer loop
      vertex 83.9659 69.9769 3.00722
      vertex 83.7408 69.9087 0.0216684
      vertex 83.9659 69.9769 0.0216684
    endloop
  endfacet
  facet normal 0.0981989 -0.995167 0
    outer loop
      vertex 83.9659 69.9769 0.0216684
      vertex 84.2 70 3.00722
      vertex 83.9659 69.9769 3.00722
    endloop
  endfacet
  facet normal 0.0981989 -0.995167 0
    outer loop
      vertex 84.2 70 3.00722
      vertex 83.9659 69.9769 0.0216684
      vertex 84.2 70 0.0216684
    endloop
  endfacet
  facet normal 0.47136 -0.881941 0
    outer loop
      vertex 83.5333 69.7978 0.0216684
      vertex 83.7408 69.9087 3.00722
      vertex 83.5333 69.7978 3.00722
    endloop
  endfacet
  facet normal 0.47136 -0.881941 0
    outer loop
      vertex 83.7408 69.9087 3.00722
      vertex 83.5333 69.7978 0.0216684
      vertex 83.7408 69.9087 0.0216684
    endloop
  endfacet
  facet normal -0.881941 -0.47136 0
    outer loop
      vertex 85.4087 69.2592 0.0216684
      vertex 85.2978 69.4667 3.00722
      vertex 85.2978 69.4667 0.0216684
    endloop
  endfacet
  facet normal -0.881941 -0.47136 0
    outer loop
      vertex 85.2978 69.4667 3.00722
      vertex 85.4087 69.2592 0.0216684
      vertex 85.4087 69.2592 3.00722
    endloop
  endfacet
  facet normal 0.47136 0.881941 -0
    outer loop
      vertex 83.7408 30.0913 0.0216684
      vertex 83.5333 30.2022 3.00722
      vertex 83.7408 30.0913 3.00722
    endloop
  endfacet
  facet normal 0.47136 0.881941 0
    outer loop
      vertex 83.5333 30.2022 3.00722
      vertex 83.7408 30.0913 0.0216684
      vertex 83.5333 30.2022 0.0216684
    endloop
  endfacet
  facet normal -0.772801 0.634649 0
    outer loop
      vertex 85.1485 30.3515 0.0216684
      vertex 85.2978 30.5333 3.00722
      vertex 85.2978 30.5333 0.0216684
    endloop
  endfacet
  facet normal -0.772801 0.634649 0
    outer loop
      vertex 85.2978 30.5333 3.00722
      vertex 85.1485 30.3515 0.0216684
      vertex 85.1485 30.3515 3.00722
    endloop
  endfacet
  facet normal -0.28996 0.957039 0
    outer loop
      vertex 84.7592 30.0913 0.0216684
      vertex 84.5341 30.0231 3.00722
      vertex 84.7592 30.0913 3.00722
    endloop
  endfacet
  facet normal -0.28996 0.957039 0
    outer loop
      vertex 84.5341 30.0231 3.00722
      vertex 84.7592 30.0913 0.0216684
      vertex 84.5341 30.0231 0.0216684
    endloop
  endfacet
  facet normal -0.957039 0.28996 0
    outer loop
      vertex 85.4087 30.7408 0.0216684
      vertex 85.4769 30.9659 3.00722
      vertex 85.4769 30.9659 0.0216684
    endloop
  endfacet
  facet normal -0.957039 0.28996 0
    outer loop
      vertex 85.4769 30.9659 3.00722
      vertex 85.4087 30.7408 0.0216684
      vertex 85.4087 30.7408 3.00722
    endloop
  endfacet
  facet normal -0.995167 0.0981989 0
    outer loop
      vertex 85.4769 30.9659 0.0216684
      vertex 85.5 31.2 3.00722
      vertex 85.5 31.2 0.0216684
    endloop
  endfacet
  facet normal -0.995167 0.0981989 0
    outer loop
      vertex 85.5 31.2 3.00722
      vertex 85.4769 30.9659 0.0216684
      vertex 85.4769 30.9659 3.00722
    endloop
  endfacet
  facet normal -0.634649 -0.772801 0
    outer loop
      vertex 84.9667 69.7978 0.0216684
      vertex 85.1485 69.6485 3.00722
      vertex 84.9667 69.7978 3.00722
    endloop
  endfacet
  facet normal -0.634649 -0.772801 -0
    outer loop
      vertex 85.1485 69.6485 3.00722
      vertex 84.9667 69.7978 0.0216684
      vertex 85.1485 69.6485 0.0216684
    endloop
  endfacet
  facet normal 0.957039 0.28996 0
    outer loop
      vertex 83.0913 30.7408 3.00722
      vertex 83.0231 30.9659 0.0216684
      vertex 83.0231 30.9659 3.00722
    endloop
  endfacet
  facet normal 0.957039 0.28996 0
    outer loop
      vertex 83.0231 30.9659 0.0216684
      vertex 83.0913 30.7408 3.00722
      vertex 83.0913 30.7408 0.0216684
    endloop
  endfacet
  facet normal 0.881941 0.47136 0
    outer loop
      vertex 83.2022 30.5333 3.00722
      vertex 83.0913 30.7408 0.0216684
      vertex 83.0913 30.7408 3.00722
    endloop
  endfacet
  facet normal 0.881941 0.47136 0
    outer loop
      vertex 83.0913 30.7408 0.0216684
      vertex 83.2022 30.5333 3.00722
      vertex 83.2022 30.5333 0.0216684
    endloop
  endfacet
  facet normal 0 1 -0
    outer loop
      vertex 84.3 30 0.0216684
      vertex 84.2 30 3.00722
      vertex 84.3 30 3.00722
    endloop
  endfacet
  facet normal 0 1 0
    outer loop
      vertex 84.2 30 3.00722
      vertex 84.3 30 0.0216684
      vertex 84.2 30 0.0216684
    endloop
  endfacet
  facet normal 0.28996 0.957039 -0
    outer loop
      vertex 83.9659 30.0231 0.0216684
      vertex 83.7408 30.0913 3.00722
      vertex 83.9659 30.0231 3.00722
    endloop
  endfacet
  facet normal 0.28996 0.957039 0
    outer loop
      vertex 83.7408 30.0913 3.00722
      vertex 83.9659 30.0231 0.0216684
      vertex 83.7408 30.0913 0.0216684
    endloop
  endfacet
  facet normal 0.0981989 0.995167 -0
    outer loop
      vertex 84.2 30 0.0216684
      vertex 83.9659 30.0231 3.00722
      vertex 84.2 30 3.00722
    endloop
  endfacet
  facet normal 0.0981989 0.995167 0
    outer loop
      vertex 83.9659 30.0231 3.00722
      vertex 84.2 30 0.0216684
      vertex 83.9659 30.0231 0.0216684
    endloop
  endfacet
  facet normal -0.47136 0.881941 0
    outer loop
      vertex 84.9667 30.2022 0.0216684
      vertex 84.7592 30.0913 3.00722
      vertex 84.9667 30.2022 3.00722
    endloop
  endfacet
  facet normal -0.47136 0.881941 0
    outer loop
      vertex 84.7592 30.0913 3.00722
      vertex 84.9667 30.2022 0.0216684
      vertex 84.7592 30.0913 0.0216684
    endloop
  endfacet
  facet normal -0.634649 0.772801 0
    outer loop
      vertex 85.1485 30.3515 0.0216684
      vertex 84.9667 30.2022 3.00722
      vertex 85.1485 30.3515 3.00722
    endloop
  endfacet
  facet normal -0.634649 0.772801 0
    outer loop
      vertex 84.9667 30.2022 3.00722
      vertex 85.1485 30.3515 0.0216684
      vertex 84.9667 30.2022 0.0216684
    endloop
  endfacet
  facet normal -0.28996 -0.957039 0
    outer loop
      vertex 84.5341 69.9769 0.0216684
      vertex 84.7592 69.9087 3.00722
      vertex 84.5341 69.9769 3.00722
    endloop
  endfacet
  facet normal -0.28996 -0.957039 -0
    outer loop
      vertex 84.7592 69.9087 3.00722
      vertex 84.5341 69.9769 0.0216684
      vertex 84.7592 69.9087 0.0216684
    endloop
  endfacet
  facet normal -0.47136 -0.881941 0
    outer loop
      vertex 84.7592 69.9087 0.0216684
      vertex 84.9667 69.7978 3.00722
      vertex 84.7592 69.9087 3.00722
    endloop
  endfacet
  facet normal -0.47136 -0.881941 -0
    outer loop
      vertex 84.9667 69.7978 3.00722
      vertex 84.7592 69.9087 0.0216684
      vertex 84.9667 69.7978 0.0216684
    endloop
  endfacet
  facet normal -0.772801 -0.634649 0
    outer loop
      vertex 85.2978 69.4667 0.0216684
      vertex 85.1485 69.6485 3.00722
      vertex 85.1485 69.6485 0.0216684
    endloop
  endfacet
  facet normal -0.772801 -0.634649 0
    outer loop
      vertex 85.1485 69.6485 3.00722
      vertex 85.2978 69.4667 0.0216684
      vertex 85.2978 69.4667 3.00722
    endloop
  endfacet
  facet normal -0.957039 -0.28996 0
    outer loop
      vertex 85.4769 69.0341 0.0216684
      vertex 85.4087 69.2592 3.00722
      vertex 85.4087 69.2592 0.0216684
    endloop
  endfacet
  facet normal -0.957039 -0.28996 0
    outer loop
      vertex 85.4087 69.2592 3.00722
      vertex 85.4769 69.0341 0.0216684
      vertex 85.4769 69.0341 3.00722
    endloop
  endfacet
  facet normal -0.995167 -0.0981989 0
    outer loop
      vertex 85.5 68.8 0.0216684
      vertex 85.4769 69.0341 3.00722
      vertex 85.4769 69.0341 0.0216684
    endloop
  endfacet
  facet normal -0.995167 -0.0981989 0
    outer loop
      vertex 85.4769 69.0341 3.00722
      vertex 85.5 68.8 0.0216684
      vertex 85.5 68.8 3.00722
    endloop
  endfacet
  facet normal 0.772801 0.634649 0
    outer loop
      vertex 83.3515 30.3515 3.00722
      vertex 83.2022 30.5333 0.0216684
      vertex 83.2022 30.5333 3.00722
    endloop
  endfacet
  facet normal 0.772801 0.634649 0
    outer loop
      vertex 83.2022 30.5333 0.0216684
      vertex 83.3515 30.3515 3.00722
      vertex 83.3515 30.3515 0.0216684
    endloop
  endfacet
  facet normal -0.0981989 0.995167 0
    outer loop
      vertex 84.5341 30.0231 0.0216684
      vertex 84.3 30 3.00722
      vertex 84.5341 30.0231 3.00722
    endloop
  endfacet
  facet normal -0.0981989 0.995167 0
    outer loop
      vertex 84.3 30 3.00722
      vertex 84.5341 30.0231 0.0216684
      vertex 84.3 30 0.0216684
    endloop
  endfacet
  facet normal -0.0981989 -0.995167 0
    outer loop
      vertex 84.3 70 0.0216684
      vertex 84.5341 69.9769 3.00722
      vertex 84.3 70 3.00722
    endloop
  endfacet
  facet normal -0.0981989 -0.995167 -0
    outer loop
      vertex 84.5341 69.9769 3.00722
      vertex 84.3 70 0.0216684
      vertex 84.5341 69.9769 0.0216684
    endloop
  endfacet
  facet normal 0 0 1
    outer loop
      vertex 124.492 237.674 140
      vertex 121.418 237.062 140
      vertex 121.443 236.8 140
    endloop
  endfacet
  facet normal 0 0 1
    outer loop
      vertex 122.588 240.524 140
      vertex 121.341 237.314 140
      vertex 121.418 237.062 140
    endloop
  endfacet
  facet normal 0 0 1
    outer loop
      vertex 122.588 240.524 140
      vertex 121.217 237.546 140
      vertex 121.341 237.314 140
    endloop
  endfacet
  facet normal 0 0 1
    outer loop
      vertex 122.588 240.524 140
      vertex 121.05 237.75 140
      vertex 121.217 237.546 140
    endloop
  endfacet
  facet normal 0 0 1
    outer loop
      vertex 120.614 238.041 140
      vertex 121.814 240.937 140
      vertex 120.974 241.192 140
    endloop
  endfacet
  facet normal 0 0 1
    outer loop
      vertex 122.588 240.524 140
      vertex 120.846 237.917 140
      vertex 121.05 237.75 140
    endloop
  endfacet
  facet normal 0 0 1
    outer loop
      vertex 121.814 240.937 140
      vertex 120.614 238.041 140
      vertex 120.846 237.917 140
    endloop
  endfacet
  facet normal 0 0 1
    outer loop
      vertex 120.974 241.192 140
      vertex 120.362 238.118 140
      vertex 120.614 238.041 140
    endloop
  endfacet
  facet normal 0 0 1
    outer loop
      vertex 120.1 241.278 140
      vertex 120.362 238.118 140
      vertex 120.974 241.192 140
    endloop
  endfacet
  facet normal 0 0 1
    outer loop
      vertex 120.1 241.278 140
      vertex 120.1 238.143 140
      vertex 120.362 238.118 140
    endloop
  endfacet
  facet normal -0 0 1
    outer loop
      vertex 2 241.278 140
      vertex 120.1 238.143 140
      vertex 120.1 241.278 140
    endloop
  endfacet
  facet normal 0 0 1
    outer loop
      vertex 120.1 238.143 140
      vertex 2 241.278 140
      vertex 2 238.143 140
    endloop
  endfacet
  facet normal -0 0 1
    outer loop
      vertex 121.443 190 140
      vertex 122.6 30 140
      vertex 122.6 190 140
    endloop
  endfacet
  facet normal 0 0 1
    outer loop
      vertex 122.6 30 140
      vertex 121.443 190 140
      vertex 121.443 30 140
    endloop
  endfacet
  facet normal 0 0 1
    outer loop
      vertex 124.578 236.8 140
      vertex 122.6 190 140
      vertex 124.578 -4 140
    endloop
  endfacet
  facet normal 0 0 1
    outer loop
      vertex 121.418 237.062 140
      vertex 123.267 239.967 140
      vertex 122.588 240.524 140
    endloop
  endfacet
  facet normal 0 0 1
    outer loop
      vertex 120.846 237.917 140
      vertex 122.588 240.524 140
      vertex 121.814 240.937 140
    endloop
  endfacet
  facet normal 0 0 1
    outer loop
      vertex 124.578 236.8 140
      vertex 121.443 236.8 140
      vertex 122.6 210 140
    endloop
  endfacet
  facet normal 0 0 1
    outer loop
      vertex 122.6 210 140
      vertex 121.443 236.8 140
      vertex 121.443 210 140
    endloop
  endfacet
  facet normal 0 0 1
    outer loop
      vertex 121.418 237.062 140
      vertex 124.492 237.674 140
      vertex 124.237 238.514 140
    endloop
  endfacet
  facet normal 0 0 1
    outer loop
      vertex 121.418 237.062 140
      vertex 124.237 238.514 140
      vertex 123.824 239.288 140
    endloop
  endfacet
  facet normal 0 0 1
    outer loop
      vertex 121.418 237.062 140
      vertex 123.824 239.288 140
      vertex 123.267 239.967 140
    endloop
  endfacet
  facet normal 0 0 1
    outer loop
      vertex 124.492 237.674 140
      vertex 121.443 236.8 140
      vertex 124.578 236.8 140
    endloop
  endfacet
  facet normal 0 0 1
    outer loop
      vertex 122.6 190 140
      vertex 124.578 236.8 140
      vertex 122.6 210 140
    endloop
  endfacet
  facet normal 0 0 1
    outer loop
      vertex 124.578 -4 140
      vertex 123.1 0.247942 140
      vertex 123.1 -4 140
    endloop
  endfacet
  facet normal -0 0 1
    outer loop
      vertex 122.6 30 140
      vertex 124.578 -4 140
      vertex 122.6 190 140
    endloop
  endfacet
  facet normal -0 0 1
    outer loop
      vertex 122.6 10 140
      vertex 124.578 -4 140
      vertex 122.6 30 140
    endloop
  endfacet
  facet normal 0 0 1
    outer loop
      vertex 124.578 -4 140
      vertex 122.6 10 140
      vertex 123.1 0.247942 140
    endloop
  endfacet
  facet normal 0 0 1
    outer loop
      vertex 122.6 10 140
      vertex 122.09 0.247942 140
      vertex 123.1 0.247942 140
    endloop
  endfacet
  facet normal 0 0 1
    outer loop
      vertex 122.09 0.247942 140
      vertex 121.6 -1.57708 140
      vertex 122.09 -1.57708 140
    endloop
  endfacet
  facet normal -0 0 1
    outer loop
      vertex 121.443 10 140
      vertex 122.09 0.247942 140
      vertex 122.6 10 140
    endloop
  endfacet
  facet normal 0 0 1
    outer loop
      vertex 121.6 -1.57708 140
      vertex 121.593 -1.57708 140
      vertex 121.6 -4 140
    endloop
  endfacet
  facet normal 0 0 1
    outer loop
      vertex 121.443 -1.57708 140
      vertex 122.09 0.247942 140
      vertex 121.443 10 140
    endloop
  endfacet
  facet normal 0 0 1
    outer loop
      vertex 122.09 0.247942 140
      vertex 121.593 -1.57708 140
      vertex 121.6 -1.57708 140
    endloop
  endfacet
  facet normal 0 0 1
    outer loop
      vertex 122.09 0.247942 140
      vertex 121.443 -1.57708 140
      vertex 121.593 -1.57708 140
    endloop
  endfacet
  facet normal 0 0 1
    outer loop
      vertex 121.6 -4 140
      vertex 121.593 -1.57708 140
      vertex 121.593 -4 140
    endloop
  endfacet
  facet normal 1 -0 0
    outer loop
      vertex 122.09 -1.57708 140
      vertex 122.09 -0.27699 134
      vertex 122.09 0.247942 140
    endloop
  endfacet
  facet normal 1 0 0
    outer loop
      vertex 122.09 -0.27699 134
      vertex 122.09 -1.57708 140
      vertex 122.09 -2.10201 134
    endloop
  endfacet
  facet normal -1 0 0
    outer loop
      vertex 119.65 236.34 134
      vertex 119.65 210 139.9
      vertex 119.65 236.34 148
    endloop
  endfacet
  facet normal -1 0 0
    outer loop
      vertex 119.65 236.34 134
      vertex 119.65 190 139.9
      vertex 119.65 210 139.9
    endloop
  endfacet
  facet normal -1 0 0
    outer loop
      vertex 119.65 190 139.9
      vertex 119.65 30 139.9
      vertex 119.65 190 148
    endloop
  endfacet
  facet normal -1 0 0
    outer loop
      vertex 119.65 -2.10201 134
      vertex 119.65 190 139.9
      vertex 119.65 236.34 134
    endloop
  endfacet
  facet normal -1 -0 0
    outer loop
      vertex 119.65 190 139.9
      vertex 119.65 -2.10201 134
      vertex 119.65 30 139.9
    endloop
  endfacet
  facet normal -1 0 0
    outer loop
      vertex 119.65 10 139.9
      vertex 119.65 -0.877171 148
      vertex 119.65 10 148
    endloop
  endfacet
  facet normal -1 -0 0
    outer loop
      vertex 119.65 10 139.9
      vertex 119.65 -2.10201 134
      vertex 119.65 -0.877171 148
    endloop
  endfacet
  facet normal -1 -0 0
    outer loop
      vertex 119.65 30 139.9
      vertex 119.65 -2.10201 134
      vertex 119.65 10 139.9
    endloop
  endfacet
  facet normal -1 -0 0
    outer loop
      vertex 119.65 236.34 148
      vertex 119.65 210 139.9
      vertex 119.65 210 148
    endloop
  endfacet
  facet normal -1 -0 0
    outer loop
      vertex 119.65 190 148
      vertex 119.65 30 139.9
      vertex 119.65 30 148
    endloop
  endfacet
  facet normal -0.707107 -0.707107 0
    outer loop
      vertex 119.646 236.348 134
      vertex 119.647 236.347 148
      vertex 119.646 236.348 148
    endloop
  endfacet
  facet normal -0.707107 -0.707107 -0
    outer loop
      vertex 119.647 236.347 148
      vertex 119.646 236.348 134
      vertex 119.647 236.347 134
    endloop
  endfacet
  facet normal -0.447214 -0.894427 0
    outer loop
      vertex 119.642 236.35 134
      vertex 119.644 236.349 148
      vertex 119.642 236.35 148
    endloop
  endfacet
  facet normal -0.447214 -0.894427 -0
    outer loop
      vertex 119.644 236.349 148
      vertex 119.642 236.35 134
      vertex 119.644 236.349 134
    endloop
  endfacet
  facet normal -0.447214 -0.894427 0
    outer loop
      vertex 119.644 236.349 134
      vertex 119.646 236.348 148
      vertex 119.644 236.349 148
    endloop
  endfacet
  facet normal -0.447214 -0.894427 -0
    outer loop
      vertex 119.646 236.348 148
      vertex 119.644 236.349 134
      vertex 119.646 236.348 134
    endloop
  endfacet
  facet normal 0 -1 0
    outer loop
      vertex 2 236.35 134
      vertex 119.64 236.35 148
      vertex 2 236.35 148
    endloop
  endfacet
  facet normal 0 -1 -0
    outer loop
      vertex 119.64 236.35 148
      vertex 2 236.35 134
      vertex 119.64 236.35 134
    endloop
  endfacet
  facet normal 0 -1 0
    outer loop
      vertex 119.64 236.35 134
      vertex 119.642 236.35 148
      vertex 119.64 236.35 148
    endloop
  endfacet
  facet normal 0 -1 -0
    outer loop
      vertex 119.642 236.35 148
      vertex 119.64 236.35 134
      vertex 119.642 236.35 134
    endloop
  endfacet
  facet normal -0.707107 -0.707107 0
    outer loop
      vertex 119.648 236.346 134
      vertex 119.647 236.347 148
      vertex 119.647 236.347 134
    endloop
  endfacet
  facet normal -0.707107 -0.707107 0
    outer loop
      vertex 119.647 236.347 148
      vertex 119.648 236.346 134
      vertex 119.648 236.346 148
    endloop
  endfacet
  facet normal -0.894427 -0.447214 0
    outer loop
      vertex 119.649 236.344 134
      vertex 119.648 236.346 148
      vertex 119.648 236.346 134
    endloop
  endfacet
  facet normal -0.894427 -0.447214 0
    outer loop
      vertex 119.648 236.346 148
      vertex 119.649 236.344 134
      vertex 119.649 236.344 148
    endloop
  endfacet
  facet normal -0.894427 -0.447214 0
    outer loop
      vertex 119.65 236.342 134
      vertex 119.649 236.344 148
      vertex 119.649 236.344 134
    endloop
  endfacet
  facet normal -0.894427 -0.447214 0
    outer loop
      vertex 119.649 236.344 148
      vertex 119.65 236.342 134
      vertex 119.65 236.342 148
    endloop
  endfacet
  facet normal -1 0 0
    outer loop
      vertex 119.65 236.34 134
      vertex 119.65 236.342 148
      vertex 119.65 236.342 134
    endloop
  endfacet
  facet normal -1 -0 0
    outer loop
      vertex 119.65 236.342 148
      vertex 119.65 236.34 134
      vertex 119.65 236.34 148
    endloop
  endfacet
  facet normal 0 0 -1
    outer loop
      vertex 119.65 236.34 134
      vertex 121.593 236.8 134
      vertex 121.593 -2.10201 134
    endloop
  endfacet
  facet normal 0 0 -1
    outer loop
      vertex 119.65 236.342 134
      vertex 121.593 236.8 134
      vertex 119.65 236.34 134
    endloop
  endfacet
  facet normal 0 0 -1
    outer loop
      vertex 119.649 236.344 134
      vertex 121.593 236.8 134
      vertex 119.65 236.342 134
    endloop
  endfacet
  facet normal 0 0 -1
    outer loop
      vertex 119.648 236.346 134
      vertex 121.593 236.8 134
      vertex 119.649 236.344 134
    endloop
  endfacet
  facet normal -0 0 -1
    outer loop
      vertex 121.593 236.8 134
      vertex 119.648 236.346 134
      vertex 121.564 237.091 134
    endloop
  endfacet
  facet normal -0 0 -1
    outer loop
      vertex 121.564 237.091 134
      vertex 119.648 236.346 134
      vertex 121.479 237.371 134
    endloop
  endfacet
  facet normal -0 0 -1
    outer loop
      vertex 121.479 237.371 134
      vertex 119.648 236.346 134
      vertex 121.341 237.629 134
    endloop
  endfacet
  facet normal 0 0 -1
    outer loop
      vertex 119.647 236.347 134
      vertex 121.341 237.629 134
      vertex 119.648 236.346 134
    endloop
  endfacet
  facet normal 0 0 -1
    outer loop
      vertex 119.65 236.34 134
      vertex 121.593 -2.10201 134
      vertex 119.65 -2.10201 134
    endloop
  endfacet
  facet normal -0 0 -1
    outer loop
      vertex 121.341 237.629 134
      vertex 119.647 236.347 134
      vertex 121.156 237.856 134
    endloop
  endfacet
  facet normal -0 0 -1
    outer loop
      vertex 121.156 237.856 134
      vertex 119.647 236.347 134
      vertex 120.929 238.041 134
    endloop
  endfacet
  facet normal 0 0 -1
    outer loop
      vertex 119.646 236.348 134
      vertex 120.929 238.041 134
      vertex 119.647 236.347 134
    endloop
  endfacet
  facet normal -0 0 -1
    outer loop
      vertex 120.929 238.041 134
      vertex 119.646 236.348 134
      vertex 120.671 238.179 134
    endloop
  endfacet
  facet normal -0 0 -1
    outer loop
      vertex 120.671 238.179 134
      vertex 119.646 236.348 134
      vertex 120.391 238.264 134
    endloop
  endfacet
  facet normal -0 0 -1
    outer loop
      vertex 120.391 238.264 134
      vertex 119.646 236.348 134
      vertex 120.1 238.293 134
    endloop
  endfacet
  facet normal 0 0 -1
    outer loop
      vertex 119.644 236.349 134
      vertex 120.1 238.293 134
      vertex 119.646 236.348 134
    endloop
  endfacet
  facet normal 0 0 -1
    outer loop
      vertex 119.642 236.35 134
      vertex 120.1 238.293 134
      vertex 119.644 236.349 134
    endloop
  endfacet
  facet normal 0 0 -1
    outer loop
      vertex 119.64 236.35 134
      vertex 120.1 238.293 134
      vertex 119.642 236.35 134
    endloop
  endfacet
  facet normal 0 0 -1
    outer loop
      vertex 2 238.293 134
      vertex 119.64 236.35 134
      vertex 2 236.35 134
    endloop
  endfacet
  facet normal 0 0 -1
    outer loop
      vertex 119.64 236.35 134
      vertex 2 238.293 134
      vertex 120.1 238.293 134
    endloop
  endfacet
  facet normal 0 0 -1
    outer loop
      vertex 121.6 -2.10201 134
      vertex 122.09 -0.27699 134
      vertex 122.09 -2.10201 134
    endloop
  endfacet
  facet normal -0 0 -1
    outer loop
      vertex 122.09 -0.27699 134
      vertex 121.6 -2.10201 134
      vertex 121.6 -0.27699 134
    endloop
  endfacet
  facet normal 1 -0 0
    outer loop
      vertex 121.443 210 148
      vertex 121.443 236.8 140
      vertex 121.443 236.8 148
    endloop
  endfacet
  facet normal 1 0 0
    outer loop
      vertex 121.443 236.8 140
      vertex 121.443 210 148
      vertex 121.443 210 140
    endloop
  endfacet
  facet normal 1 -0 0
    outer loop
      vertex 121.443 -0.877171 148
      vertex 121.443 10 140
      vertex 121.443 10 148
    endloop
  endfacet
  facet normal 1 0 0
    outer loop
      vertex 121.443 10 140
      vertex 121.443 -0.877171 148
      vertex 121.443 -1.57708 140
    endloop
  endfacet
  facet normal 1 -0 0
    outer loop
      vertex 121.443 30 148
      vertex 121.443 190 140
      vertex 121.443 190 148
    endloop
  endfacet
  facet normal 1 0 0
    outer loop
      vertex 121.443 190 140
      vertex 121.443 30 148
      vertex 121.443 30 140
    endloop
  endfacet
  facet normal 0 1 -0
    outer loop
      vertex 120.1 238.143 140
      vertex 2 238.143 148
      vertex 120.1 238.143 148
    endloop
  endfacet
  facet normal 0 1 0
    outer loop
      vertex 2 238.143 148
      vertex 120.1 238.143 140
      vertex 2 238.143 140
    endloop
  endfacet
  facet normal 0.0949884 0.995478 -0
    outer loop
      vertex 120.362 238.118 140
      vertex 120.1 238.143 148
      vertex 120.362 238.118 148
    endloop
  endfacet
  facet normal 0.0949884 0.995478 0
    outer loop
      vertex 120.1 238.143 148
      vertex 120.362 238.118 140
      vertex 120.1 238.143 140
    endloop
  endfacet
  facet normal 0.292219 0.956352 -0
    outer loop
      vertex 120.614 238.041 140
      vertex 120.362 238.118 148
      vertex 120.614 238.041 148
    endloop
  endfacet
  facet normal 0.292219 0.956352 0
    outer loop
      vertex 120.362 238.118 148
      vertex 120.614 238.041 140
      vertex 120.362 238.118 140
    endloop
  endfacet
  facet normal 0.471377 0.881932 -0
    outer loop
      vertex 120.846 237.917 140
      vertex 120.614 238.041 148
      vertex 120.846 237.917 148
    endloop
  endfacet
  facet normal 0.471377 0.881932 0
    outer loop
      vertex 120.614 238.041 148
      vertex 120.846 237.917 140
      vertex 120.614 238.041 140
    endloop
  endfacet
  facet normal 0.633444 0.773788 -0
    outer loop
      vertex 121.05 237.75 140
      vertex 120.846 237.917 148
      vertex 121.05 237.75 148
    endloop
  endfacet
  facet normal 0.633444 0.773788 0
    outer loop
      vertex 120.846 237.917 148
      vertex 121.05 237.75 140
      vertex 120.846 237.917 140
    endloop
  endfacet
  facet normal 0.773788 0.633444 0
    outer loop
      vertex 121.217 237.546 148
      vertex 121.05 237.75 140
      vertex 121.05 237.75 148
    endloop
  endfacet
  facet normal 0.773788 0.633444 0
    outer loop
      vertex 121.05 237.75 140
      vertex 121.217 237.546 148
      vertex 121.217 237.546 140
    endloop
  endfacet
  facet normal 0.995478 0.0949884 0
    outer loop
      vertex 121.443 236.8 148
      vertex 121.418 237.062 140
      vertex 121.418 237.062 148
    endloop
  endfacet
  facet normal 0.995478 0.0949884 0
    outer loop
      vertex 121.418 237.062 140
      vertex 121.443 236.8 148
      vertex 121.443 236.8 140
    endloop
  endfacet
  facet normal 0.881932 0.471377 0
    outer loop
      vertex 121.341 237.314 148
      vertex 121.217 237.546 140
      vertex 121.217 237.546 148
    endloop
  endfacet
  facet normal 0.881932 0.471377 0
    outer loop
      vertex 121.217 237.546 140
      vertex 121.341 237.314 148
      vertex 121.341 237.314 140
    endloop
  endfacet
  facet normal 0.956352 0.292219 0
    outer loop
      vertex 121.418 237.062 148
      vertex 121.341 237.314 140
      vertex 121.341 237.314 148
    endloop
  endfacet
  facet normal 0.956352 0.292219 0
    outer loop
      vertex 121.341 237.314 140
      vertex 121.418 237.062 148
      vertex 121.418 237.062 140
    endloop
  endfacet
  facet normal 0 0 1
    outer loop
      vertex 121.443 236.8 148
      vertex 119.65 236.342 148
      vertex 119.65 236.34 148
    endloop
  endfacet
  facet normal 0 0 1
    outer loop
      vertex 120.362 238.118 148
      vertex 119.649 236.344 148
      vertex 119.65 236.342 148
    endloop
  endfacet
  facet normal 0 0 1
    outer loop
      vertex 120.362 238.118 148
      vertex 119.648 236.346 148
      vertex 119.649 236.344 148
    endloop
  endfacet
  facet normal 0 0 1
    outer loop
      vertex 120.362 238.118 148
      vertex 119.647 236.347 148
      vertex 119.648 236.346 148
    endloop
  endfacet
  facet normal 0 0 1
    outer loop
      vertex 120.362 238.118 148
      vertex 119.646 236.348 148
      vertex 119.647 236.347 148
    endloop
  endfacet
  facet normal 0 0 1
    outer loop
      vertex 120.1 238.143 148
      vertex 119.644 236.349 148
      vertex 119.646 236.348 148
    endloop
  endfacet
  facet normal 0 0 1
    outer loop
      vertex 120.1 238.143 148
      vertex 119.642 236.35 148
      vertex 119.644 236.349 148
    endloop
  endfacet
  facet normal 0 0 1
    outer loop
      vertex 120.1 238.143 148
      vertex 119.64 236.35 148
      vertex 119.642 236.35 148
    endloop
  endfacet
  facet normal -0 0 1
    outer loop
      vertex 2 238.143 148
      vertex 119.64 236.35 148
      vertex 120.1 238.143 148
    endloop
  endfacet
  facet normal 0 0 1
    outer loop
      vertex 119.64 236.35 148
      vertex 2 238.143 148
      vertex 2 236.35 148
    endloop
  endfacet
  facet normal 0 0 1
    outer loop
      vertex 119.65 236.342 148
      vertex 121.443 236.8 148
      vertex 121.418 237.062 148
    endloop
  endfacet
  facet normal 0 0 1
    outer loop
      vertex 119.65 236.342 148
      vertex 121.418 237.062 148
      vertex 121.341 237.314 148
    endloop
  endfacet
  facet normal 0 0 1
    outer loop
      vertex 119.65 236.342 148
      vertex 121.341 237.314 148
      vertex 121.217 237.546 148
    endloop
  endfacet
  facet normal 0 0 1
    outer loop
      vertex 119.65 236.342 148
      vertex 121.217 237.546 148
      vertex 121.05 237.75 148
    endloop
  endfacet
  facet normal 0 0 1
    outer loop
      vertex 119.65 236.342 148
      vertex 121.05 237.75 148
      vertex 120.846 237.917 148
    endloop
  endfacet
  facet normal 0 0 1
    outer loop
      vertex 119.65 236.342 148
      vertex 120.846 237.917 148
      vertex 120.614 238.041 148
    endloop
  endfacet
  facet normal 0 0 1
    outer loop
      vertex 119.65 236.342 148
      vertex 120.614 238.041 148
      vertex 120.362 238.118 148
    endloop
  endfacet
  facet normal 0 0 1
    outer loop
      vertex 119.646 236.348 148
      vertex 120.362 238.118 148
      vertex 120.1 238.143 148
    endloop
  endfacet
  facet normal 0 0 1
    outer loop
      vertex 121.443 236.8 148
      vertex 119.65 236.34 148
      vertex 121.443 210 148
    endloop
  endfacet
  facet normal 0 0 1
    outer loop
      vertex 121.443 210 148
      vertex 119.65 236.34 148
      vertex 119.65 210 148
    endloop
  endfacet
  facet normal -0 0 1
    outer loop
      vertex 119.65 10 148
      vertex 121.443 -0.877171 148
      vertex 121.443 10 148
    endloop
  endfacet
  facet normal 0 0 1
    outer loop
      vertex 121.443 -0.877171 148
      vertex 119.65 10 148
      vertex 119.65 -0.877171 148
    endloop
  endfacet
  facet normal -0 0 1
    outer loop
      vertex 119.65 190 148
      vertex 121.443 30 148
      vertex 121.443 190 148
    endloop
  endfacet
  facet normal 0 0 1
    outer loop
      vertex 121.443 30 148
      vertex 119.65 190 148
      vertex 119.65 30 148
    endloop
  endfacet
  facet normal 0 -0.996195 0.0871557
    outer loop
      vertex 119.65 -0.877171 148
      vertex 121.443 -1.57708 140
      vertex 121.443 -0.877171 148
    endloop
  endfacet
  facet normal -5.55602e-07 -0.996195 0.0871556
    outer loop
      vertex 119.65 -2.10201 134
      vertex 121.443 -1.57708 140
      vertex 119.65 -0.877171 148
    endloop
  endfacet
  facet normal 0 -0.996195 0.0871554
    outer loop
      vertex 121.593 -2.10201 134
      vertex 121.443 -1.57708 140
      vertex 119.65 -2.10201 134
    endloop
  endfacet
  facet normal 0 -0.996195 0.0871554
    outer loop
      vertex 121.443 -1.57708 140
      vertex 121.593 -2.10201 134
      vertex 121.593 -1.57708 140
    endloop
  endfacet
  facet normal 0 -0.996195 0.0871554
    outer loop
      vertex 121.6 -2.10201 134
      vertex 122.09 -1.57708 140
      vertex 121.6 -1.57708 140
    endloop
  endfacet
  facet normal 0 -0.996195 0.0871554
    outer loop
      vertex 122.09 -1.57708 140
      vertex 121.6 -2.10201 134
      vertex 122.09 -2.10201 134
    endloop
  endfacet
  facet normal -0 0.0974944 0.995236
    outer loop
      vertex 109.6 20.8779 133.414
      vertex 121.593 20 133.5
      vertex 121.593 20.8779 133.414
    endloop
  endfacet
  facet normal 0 0.0974944 0.995236
    outer loop
      vertex 121.593 20 133.5
      vertex 109.6 20.8779 133.414
      vertex 109.6 20 133.5
    endloop
  endfacet
  facet normal 0 -0.0974944 0.995236
    outer loop
      vertex 109.6 20 133.5
      vertex 121.593 19.1221 133.414
      vertex 121.593 20 133.5
    endloop
  endfacet
  facet normal 0 -0.0974944 0.995236
    outer loop
      vertex 121.593 19.1221 133.414
      vertex 109.6 20 133.5
      vertex 109.6 19.1221 133.414
    endloop
  endfacet
  facet normal 0 0.881898 0.471441
    outer loop
      vertex 121.593 24.1575 130.722
      vertex 109.6 23.7416 131.5
      vertex 121.593 23.7416 131.5
    endloop
  endfacet
  facet normal 0 0.881898 0.471441
    outer loop
      vertex 109.6 23.7416 131.5
      vertex 121.593 24.1575 130.722
      vertex 109.6 24.1575 130.722
    endloop
  endfacet
  facet normal 0 0.881898 -0.471441
    outer loop
      vertex 121.593 23.7416 126.5
      vertex 109.6 24.1575 127.278
      vertex 121.593 24.1575 127.278
    endloop
  endfacet
  facet normal 0 0.881898 -0.471441
    outer loop
      vertex 109.6 24.1575 127.278
      vertex 121.593 23.7416 126.5
      vertex 109.6 23.7416 126.5
    endloop
  endfacet
  facet normal 0 0.291234 -0.956652
    outer loop
      vertex 109.6 20.8779 124.586
      vertex 121.593 21.7221 124.843
      vertex 121.593 20.8779 124.586
    endloop
  endfacet
  facet normal 0 0.291234 -0.956652
    outer loop
      vertex 121.593 21.7221 124.843
      vertex 109.6 20.8779 124.586
      vertex 109.6 21.7221 124.843
    endloop
  endfacet
  facet normal 0 -0.956948 -0.290259
    outer loop
      vertex 109.6 15.8425 127.278
      vertex 121.593 15.5865 128.122
      vertex 109.6 15.5865 128.122
    endloop
  endfacet
  facet normal 0 -0.956948 -0.290259
    outer loop
      vertex 121.593 15.5865 128.122
      vertex 109.6 15.8425 127.278
      vertex 121.593 15.8425 127.278
    endloop
  endfacet
  facet normal -0 0.470647 0.882322
    outer loop
      vertex 109.6 22.5001 132.742
      vertex 121.593 21.7221 133.157
      vertex 121.593 22.5001 132.742
    endloop
  endfacet
  facet normal 0 0.470647 0.882322
    outer loop
      vertex 121.593 21.7221 133.157
      vertex 109.6 22.5001 132.742
      vertex 109.6 21.7221 133.157
    endloop
  endfacet
  facet normal -0 0.291234 0.956652
    outer loop
      vertex 109.6 21.7221 133.157
      vertex 121.593 20.8779 133.414
      vertex 121.593 21.7221 133.157
    endloop
  endfacet
  facet normal 0 0.291234 0.956652
    outer loop
      vertex 121.593 20.8779 133.414
      vertex 109.6 21.7221 133.157
      vertex 109.6 20.8779 133.414
    endloop
  endfacet
  facet normal 0 0.995182 -0.0980447
    outer loop
      vertex 121.593 24.4135 128.122
      vertex 109.6 24.5 129
      vertex 121.593 24.5 129
    endloop
  endfacet
  facet normal 0 0.995182 -0.0980447
    outer loop
      vertex 109.6 24.5 129
      vertex 121.593 24.4135 128.122
      vertex 109.6 24.4135 128.122
    endloop
  endfacet
  facet normal 0 0.995182 0.0980447
    outer loop
      vertex 121.593 24.5 129
      vertex 109.6 24.4135 129.878
      vertex 121.593 24.4135 129.878
    endloop
  endfacet
  facet normal 0 0.995182 0.0980447
    outer loop
      vertex 109.6 24.4135 129.878
      vertex 121.593 24.5 129
      vertex 109.6 24.5 129
    endloop
  endfacet
  facet normal 0 -0.0974944 -0.995236
    outer loop
      vertex 109.6 19.1221 124.586
      vertex 121.593 20 124.5
      vertex 121.593 19.1221 124.586
    endloop
  endfacet
  facet normal -0 -0.0974944 -0.995236
    outer loop
      vertex 121.593 20 124.5
      vertex 109.6 19.1221 124.586
      vertex 109.6 20 124.5
    endloop
  endfacet
  facet normal 0 0.470647 -0.882322
    outer loop
      vertex 109.6 21.7221 124.843
      vertex 121.593 22.5001 125.258
      vertex 121.593 21.7221 124.843
    endloop
  endfacet
  facet normal 0 0.470647 -0.882322
    outer loop
      vertex 121.593 22.5001 125.258
      vertex 109.6 21.7221 124.843
      vertex 109.6 22.5001 125.258
    endloop
  endfacet
  facet normal 0 -0.956948 0.290259
    outer loop
      vertex 109.6 15.5865 129.878
      vertex 121.593 15.8425 130.722
      vertex 109.6 15.8425 130.722
    endloop
  endfacet
  facet normal 0 -0.956948 0.290259
    outer loop
      vertex 121.593 15.8425 130.722
      vertex 109.6 15.5865 129.878
      vertex 121.593 15.5865 129.878
    endloop
  endfacet
  facet normal 0 -0.470647 0.882322
    outer loop
      vertex 109.6 18.2779 133.157
      vertex 121.593 17.4999 132.742
      vertex 121.593 18.2779 133.157
    endloop
  endfacet
  facet normal 0 -0.470647 0.882322
    outer loop
      vertex 121.593 17.4999 132.742
      vertex 109.6 18.2779 133.157
      vertex 109.6 17.4999 132.742
    endloop
  endfacet
  facet normal 0 -0.881898 0.471441
    outer loop
      vertex 109.6 15.8425 130.722
      vertex 121.593 16.2584 131.5
      vertex 109.6 16.2584 131.5
    endloop
  endfacet
  facet normal 0 -0.881898 0.471441
    outer loop
      vertex 121.593 16.2584 131.5
      vertex 109.6 15.8425 130.722
      vertex 121.593 15.8425 130.722
    endloop
  endfacet
  facet normal 0 -0.995182 0.0980447
    outer loop
      vertex 109.6 15.5 129
      vertex 121.593 15.5865 129.878
      vertex 109.6 15.5865 129.878
    endloop
  endfacet
  facet normal 0 -0.995182 0.0980447
    outer loop
      vertex 121.593 15.5865 129.878
      vertex 109.6 15.5 129
      vertex 121.593 15.5 129
    endloop
  endfacet
  facet normal 0 -0.470647 -0.882322
    outer loop
      vertex 109.6 17.4999 125.258
      vertex 121.593 18.2779 124.843
      vertex 121.593 17.4999 125.258
    endloop
  endfacet
  facet normal -0 -0.470647 -0.882322
    outer loop
      vertex 121.593 18.2779 124.843
      vertex 109.6 17.4999 125.258
      vertex 109.6 18.2779 124.843
    endloop
  endfacet
  facet normal 0 -0.773068 -0.634324
    outer loop
      vertex 109.6 16.818 125.818
      vertex 121.593 16.2584 126.5
      vertex 109.6 16.2584 126.5
    endloop
  endfacet
  facet normal 0 -0.773068 -0.634324
    outer loop
      vertex 121.593 16.2584 126.5
      vertex 109.6 16.818 125.818
      vertex 121.593 16.818 125.818
    endloop
  endfacet
  facet normal 0 -0.63465 -0.7728
    outer loop
      vertex 109.6 16.818 125.818
      vertex 121.593 17.4999 125.258
      vertex 121.593 16.818 125.818
    endloop
  endfacet
  facet normal -0 -0.63465 -0.7728
    outer loop
      vertex 121.593 17.4999 125.258
      vertex 109.6 16.818 125.818
      vertex 109.6 17.4999 125.258
    endloop
  endfacet
  facet normal -0 0.63465 0.7728
    outer loop
      vertex 109.6 23.182 132.182
      vertex 121.593 22.5001 132.742
      vertex 121.593 23.182 132.182
    endloop
  endfacet
  facet normal 0 0.63465 0.7728
    outer loop
      vertex 121.593 22.5001 132.742
      vertex 109.6 23.182 132.182
      vertex 109.6 22.5001 132.742
    endloop
  endfacet
  facet normal 0 0.773068 0.634324
    outer loop
      vertex 121.593 23.7416 131.5
      vertex 109.6 23.182 132.182
      vertex 121.593 23.182 132.182
    endloop
  endfacet
  facet normal 0 0.773068 0.634324
    outer loop
      vertex 109.6 23.182 132.182
      vertex 121.593 23.7416 131.5
      vertex 109.6 23.7416 131.5
    endloop
  endfacet
  facet normal 0 0.956948 0.290259
    outer loop
      vertex 121.593 24.4135 129.878
      vertex 109.6 24.1575 130.722
      vertex 121.593 24.1575 130.722
    endloop
  endfacet
  facet normal 0 0.956948 0.290259
    outer loop
      vertex 109.6 24.1575 130.722
      vertex 121.593 24.4135 129.878
      vertex 109.6 24.4135 129.878
    endloop
  endfacet
  facet normal 0 0.0974944 -0.995236
    outer loop
      vertex 109.6 20 124.5
      vertex 121.593 20.8779 124.586
      vertex 121.593 20 124.5
    endloop
  endfacet
  facet normal 0 0.0974944 -0.995236
    outer loop
      vertex 121.593 20.8779 124.586
      vertex 109.6 20 124.5
      vertex 109.6 20.8779 124.586
    endloop
  endfacet
  facet normal 0 0.956948 -0.290259
    outer loop
      vertex 121.593 24.1575 127.278
      vertex 109.6 24.4135 128.122
      vertex 121.593 24.4135 128.122
    endloop
  endfacet
  facet normal 0 0.956948 -0.290259
    outer loop
      vertex 109.6 24.4135 128.122
      vertex 121.593 24.1575 127.278
      vertex 109.6 24.1575 127.278
    endloop
  endfacet
  facet normal 0 0.773068 -0.634324
    outer loop
      vertex 121.593 23.182 125.818
      vertex 109.6 23.7416 126.5
      vertex 121.593 23.7416 126.5
    endloop
  endfacet
  facet normal 0 0.773068 -0.634324
    outer loop
      vertex 109.6 23.7416 126.5
      vertex 121.593 23.182 125.818
      vertex 109.6 23.182 125.818
    endloop
  endfacet
  facet normal 0 0.63465 -0.7728
    outer loop
      vertex 109.6 22.5001 125.258
      vertex 121.593 23.182 125.818
      vertex 121.593 22.5001 125.258
    endloop
  endfacet
  facet normal 0 0.63465 -0.7728
    outer loop
      vertex 121.593 23.182 125.818
      vertex 109.6 22.5001 125.258
      vertex 109.6 23.182 125.818
    endloop
  endfacet
  facet normal 0 -0.291234 0.956652
    outer loop
      vertex 109.6 19.1221 133.414
      vertex 121.593 18.2779 133.157
      vertex 121.593 19.1221 133.414
    endloop
  endfacet
  facet normal 0 -0.291234 0.956652
    outer loop
      vertex 121.593 18.2779 133.157
      vertex 109.6 19.1221 133.414
      vertex 109.6 18.2779 133.157
    endloop
  endfacet
  facet normal 0 -0.773068 0.634324
    outer loop
      vertex 109.6 16.2584 131.5
      vertex 121.593 16.818 132.182
      vertex 109.6 16.818 132.182
    endloop
  endfacet
  facet normal 0 -0.773068 0.634324
    outer loop
      vertex 121.593 16.818 132.182
      vertex 109.6 16.2584 131.5
      vertex 121.593 16.2584 131.5
    endloop
  endfacet
  facet normal 0 -0.63465 0.7728
    outer loop
      vertex 109.6 17.4999 132.742
      vertex 121.593 16.818 132.182
      vertex 121.593 17.4999 132.742
    endloop
  endfacet
  facet normal 0 -0.63465 0.7728
    outer loop
      vertex 121.593 16.818 132.182
      vertex 109.6 17.4999 132.742
      vertex 109.6 16.818 132.182
    endloop
  endfacet
  facet normal -1 0 0
    outer loop
      vertex 109.6 22 129
      vertex 109.6 24.5 129
      vertex 109.6 24.4135 128.122
    endloop
  endfacet
  facet normal -1 0 0
    outer loop
      vertex 109.6 21.9616 128.61
      vertex 109.6 24.4135 128.122
      vertex 109.6 24.1575 127.278
    endloop
  endfacet
  facet normal -1 0 0
    outer loop
      vertex 109.6 24.5 129
      vertex 109.6 22 129
      vertex 109.6 24.4135 129.878
    endloop
  endfacet
  facet normal -1 0 0
    outer loop
      vertex 109.6 21.8478 128.235
      vertex 109.6 24.1575 127.278
      vertex 109.6 23.7416 126.5
    endloop
  endfacet
  facet normal -1 0 0
    outer loop
      vertex 109.6 21.9616 129.39
      vertex 109.6 24.4135 129.878
      vertex 109.6 22 129
    endloop
  endfacet
  facet normal -1 0 0
    outer loop
      vertex 109.6 21.6629 127.889
      vertex 109.6 23.7416 126.5
      vertex 109.6 23.182 125.818
    endloop
  endfacet
  facet normal -1 -0 0
    outer loop
      vertex 109.6 24.4135 129.878
      vertex 109.6 21.9616 129.39
      vertex 109.6 24.1575 130.722
    endloop
  endfacet
  facet normal -1 0 0
    outer loop
      vertex 109.6 21.4142 127.586
      vertex 109.6 23.182 125.818
      vertex 109.6 22.5001 125.258
    endloop
  endfacet
  facet normal -1 0 0
    outer loop
      vertex 109.6 21.8478 129.765
      vertex 109.6 24.1575 130.722
      vertex 109.6 21.9616 129.39
    endloop
  endfacet
  facet normal -1 -0 0
    outer loop
      vertex 109.6 24.1575 130.722
      vertex 109.6 21.8478 129.765
      vertex 109.6 23.7416 131.5
    endloop
  endfacet
  facet normal -1 0 0
    outer loop
      vertex 109.6 24.4135 128.122
      vertex 109.6 21.9616 128.61
      vertex 109.6 22 129
    endloop
  endfacet
  facet normal -1 0 0
    outer loop
      vertex 109.6 24.1575 127.278
      vertex 109.6 21.8478 128.235
      vertex 109.6 21.9616 128.61
    endloop
  endfacet
  facet normal -1 0 0
    outer loop
      vertex 109.6 21.1111 127.337
      vertex 109.6 22.5001 125.258
      vertex 109.6 21.7221 124.843
    endloop
  endfacet
  facet normal -1 0 0
    outer loop
      vertex 109.6 23.7416 126.5
      vertex 109.6 21.6629 127.889
      vertex 109.6 21.8478 128.235
    endloop
  endfacet
  facet normal -1 0 0
    outer loop
      vertex 109.6 23.182 125.818
      vertex 109.6 21.4142 127.586
      vertex 109.6 21.6629 127.889
    endloop
  endfacet
  facet normal -1 0 0
    outer loop
      vertex 109.6 22.5001 125.258
      vertex 109.6 21.1111 127.337
      vertex 109.6 21.4142 127.586
    endloop
  endfacet
  facet normal -1 0 0
    outer loop
      vertex 109.6 20.7654 127.152
      vertex 109.6 21.7221 124.843
      vertex 109.6 20.8779 124.586
    endloop
  endfacet
  facet normal -1 0 0
    outer loop
      vertex 109.6 21.7221 124.843
      vertex 109.6 20.7654 127.152
      vertex 109.6 21.1111 127.337
    endloop
  endfacet
  facet normal -1 0 0
    outer loop
      vertex 109.6 20.8779 124.586
      vertex 109.6 20.3902 127.038
      vertex 109.6 20.7654 127.152
    endloop
  endfacet
  facet normal -1 0 0
    outer loop
      vertex 109.6 20 124.5
      vertex 109.6 20.3902 127.038
      vertex 109.6 20.8779 124.586
    endloop
  endfacet
  facet normal -1 0 0
    outer loop
      vertex 109.6 20 124.5
      vertex 109.6 20 127
      vertex 109.6 20.3902 127.038
    endloop
  endfacet
  facet normal -1 0 0
    outer loop
      vertex 109.6 20 124.5
      vertex 109.6 19.6098 127.038
      vertex 109.6 20 127
    endloop
  endfacet
  facet normal -1 0 0
    outer loop
      vertex 109.6 19.1221 124.586
      vertex 109.6 19.6098 127.038
      vertex 109.6 20 124.5
    endloop
  endfacet
  facet normal -1 -0 0
    outer loop
      vertex 109.6 19.6098 127.038
      vertex 109.6 19.1221 124.586
      vertex 109.6 19.2346 127.152
    endloop
  endfacet
  facet normal -1 0 0
    outer loop
      vertex 109.6 18.2779 124.843
      vertex 109.6 19.2346 127.152
      vertex 109.6 19.1221 124.586
    endloop
  endfacet
  facet normal -1 -0 0
    outer loop
      vertex 109.6 19.2346 127.152
      vertex 109.6 18.2779 124.843
      vertex 109.6 18.8889 127.337
    endloop
  endfacet
  facet normal -1 0 0
    outer loop
      vertex 109.6 17.4999 125.258
      vertex 109.6 18.8889 127.337
      vertex 109.6 18.2779 124.843
    endloop
  endfacet
  facet normal -1 -0 0
    outer loop
      vertex 109.6 18.8889 127.337
      vertex 109.6 17.4999 125.258
      vertex 109.6 18.5858 127.586
    endloop
  endfacet
  facet normal -1 0 0
    outer loop
      vertex 109.6 16.818 125.818
      vertex 109.6 18.5858 127.586
      vertex 109.6 17.4999 125.258
    endloop
  endfacet
  facet normal -1 -0 0
    outer loop
      vertex 109.6 18.5858 127.586
      vertex 109.6 16.818 125.818
      vertex 109.6 18.3371 127.889
    endloop
  endfacet
  facet normal -1 0 0
    outer loop
      vertex 109.6 16.2584 126.5
      vertex 109.6 18.3371 127.889
      vertex 109.6 16.818 125.818
    endloop
  endfacet
  facet normal -1 -0 0
    outer loop
      vertex 109.6 18.3371 127.889
      vertex 109.6 16.2584 126.5
      vertex 109.6 18.1522 128.235
    endloop
  endfacet
  facet normal -1 0 0
    outer loop
      vertex 109.6 21.6629 130.111
      vertex 109.6 23.7416 131.5
      vertex 109.6 21.8478 129.765
    endloop
  endfacet
  facet normal -1 -0 0
    outer loop
      vertex 109.6 23.7416 131.5
      vertex 109.6 21.6629 130.111
      vertex 109.6 23.182 132.182
    endloop
  endfacet
  facet normal -1 0 0
    outer loop
      vertex 109.6 21.4142 130.414
      vertex 109.6 23.182 132.182
      vertex 109.6 21.6629 130.111
    endloop
  endfacet
  facet normal -1 -0 0
    outer loop
      vertex 109.6 23.182 132.182
      vertex 109.6 21.4142 130.414
      vertex 109.6 22.5001 132.742
    endloop
  endfacet
  facet normal -1 0 0
    outer loop
      vertex 109.6 21.1111 130.663
      vertex 109.6 22.5001 132.742
      vertex 109.6 21.4142 130.414
    endloop
  endfacet
  facet normal -1 -0 0
    outer loop
      vertex 109.6 22.5001 132.742
      vertex 109.6 21.1111 130.663
      vertex 109.6 21.7221 133.157
    endloop
  endfacet
  facet normal -1 0 0
    outer loop
      vertex 109.6 20.7654 130.848
      vertex 109.6 21.7221 133.157
      vertex 109.6 21.1111 130.663
    endloop
  endfacet
  facet normal -1 -0 0
    outer loop
      vertex 109.6 21.7221 133.157
      vertex 109.6 20.7654 130.848
      vertex 109.6 20.8779 133.414
    endloop
  endfacet
  facet normal -1 0 0
    outer loop
      vertex 109.6 20.3902 130.962
      vertex 109.6 20.8779 133.414
      vertex 109.6 20.7654 130.848
    endloop
  endfacet
  facet normal -1 0 0
    outer loop
      vertex 109.6 20 131
      vertex 109.6 20.8779 133.414
      vertex 109.6 20.3902 130.962
    endloop
  endfacet
  facet normal -1 0 0
    outer loop
      vertex 109.6 20 131
      vertex 109.6 20 133.5
      vertex 109.6 20.8779 133.414
    endloop
  endfacet
  facet normal -1 0 0
    outer loop
      vertex 109.6 19.6098 130.962
      vertex 109.6 20 133.5
      vertex 109.6 20 131
    endloop
  endfacet
  facet normal -1 0 0
    outer loop
      vertex 109.6 19.1221 133.414
      vertex 109.6 19.6098 130.962
      vertex 109.6 19.2346 130.848
    endloop
  endfacet
  facet normal -1 0 0
    outer loop
      vertex 109.6 19.6098 130.962
      vertex 109.6 19.1221 133.414
      vertex 109.6 20 133.5
    endloop
  endfacet
  facet normal -1 0 0
    outer loop
      vertex 109.6 18.2779 133.157
      vertex 109.6 19.2346 130.848
      vertex 109.6 18.8889 130.663
    endloop
  endfacet
  facet normal -1 0 0
    outer loop
      vertex 109.6 17.4999 132.742
      vertex 109.6 18.8889 130.663
      vertex 109.6 18.5858 130.414
    endloop
  endfacet
  facet normal -1 0 0
    outer loop
      vertex 109.6 16.818 132.182
      vertex 109.6 18.5858 130.414
      vertex 109.6 18.3371 130.111
    endloop
  endfacet
  facet normal -1 0 0
    outer loop
      vertex 109.6 19.2346 130.848
      vertex 109.6 18.2779 133.157
      vertex 109.6 19.1221 133.414
    endloop
  endfacet
  facet normal -1 0 0
    outer loop
      vertex 109.6 16.2584 131.5
      vertex 109.6 18.3371 130.111
      vertex 109.6 18.1522 129.765
    endloop
  endfacet
  facet normal -1 0 0
    outer loop
      vertex 109.6 15.8425 130.722
      vertex 109.6 18.1522 129.765
      vertex 109.6 18.0384 129.39
    endloop
  endfacet
  facet normal -1 0 0
    outer loop
      vertex 109.6 15.5865 129.878
      vertex 109.6 18.0384 129.39
      vertex 109.6 18 129
    endloop
  endfacet
  facet normal -1 0 0
    outer loop
      vertex 109.6 15.8425 127.278
      vertex 109.6 18.1522 128.235
      vertex 109.6 16.2584 126.5
    endloop
  endfacet
  facet normal -1 0 0
    outer loop
      vertex 109.6 18.8889 130.663
      vertex 109.6 17.4999 132.742
      vertex 109.6 18.2779 133.157
    endloop
  endfacet
  facet normal -1 -0 0
    outer loop
      vertex 109.6 18.1522 128.235
      vertex 109.6 15.8425 127.278
      vertex 109.6 18.0384 128.61
    endloop
  endfacet
  facet normal -1 0 0
    outer loop
      vertex 109.6 18.5858 130.414
      vertex 109.6 16.818 132.182
      vertex 109.6 17.4999 132.742
    endloop
  endfacet
  facet normal -1 0 0
    outer loop
      vertex 109.6 15.5865 128.122
      vertex 109.6 18.0384 128.61
      vertex 109.6 15.8425 127.278
    endloop
  endfacet
  facet normal -1 0 0
    outer loop
      vertex 109.6 18.3371 130.111
      vertex 109.6 16.2584 131.5
      vertex 109.6 16.818 132.182
    endloop
  endfacet
  facet normal -1 -0 0
    outer loop
      vertex 109.6 18.0384 128.61
      vertex 109.6 15.5865 128.122
      vertex 109.6 18 129
    endloop
  endfacet
  facet normal -1 0 0
    outer loop
      vertex 109.6 18.1522 129.765
      vertex 109.6 15.8425 130.722
      vertex 109.6 16.2584 131.5
    endloop
  endfacet
  facet normal -1 0 0
    outer loop
      vertex 109.6 15.5 129
      vertex 109.6 18 129
      vertex 109.6 15.5865 128.122
    endloop
  endfacet
  facet normal -1 0 0
    outer loop
      vertex 109.6 18.0384 129.39
      vertex 109.6 15.5865 129.878
      vertex 109.6 15.8425 130.722
    endloop
  endfacet
  facet normal -1 0 0
    outer loop
      vertex 109.6 18 129
      vertex 109.6 15.5 129
      vertex 109.6 15.5865 129.878
    endloop
  endfacet
  facet normal 0 -0.995182 -0.0980447
    outer loop
      vertex 109.6 15.5865 128.122
      vertex 121.593 15.5 129
      vertex 109.6 15.5 129
    endloop
  endfacet
  facet normal 0 -0.995182 -0.0980447
    outer loop
      vertex 121.593 15.5 129
      vertex 109.6 15.5865 128.122
      vertex 121.593 15.5865 128.122
    endloop
  endfacet
  facet normal 0 -0.881898 -0.471441
    outer loop
      vertex 109.6 16.2584 126.5
      vertex 121.593 15.8425 127.278
      vertex 109.6 15.8425 127.278
    endloop
  endfacet
  facet normal 0 -0.881898 -0.471441
    outer loop
      vertex 121.593 15.8425 127.278
      vertex 109.6 16.2584 126.5
      vertex 121.593 16.2584 126.5
    endloop
  endfacet
  facet normal 0 -0.291234 -0.956652
    outer loop
      vertex 109.6 18.2779 124.843
      vertex 121.593 19.1221 124.586
      vertex 121.593 18.2779 124.843
    endloop
  endfacet
  facet normal -0 -0.291234 -0.956652
    outer loop
      vertex 121.593 19.1221 124.586
      vertex 109.6 18.2779 124.843
      vertex 109.6 19.1221 124.586
    endloop
  endfacet
  facet normal -0 0.0974834 0.995237
    outer loop
      vertex 109.6 200.878 133.414
      vertex 121.593 200 133.5
      vertex 121.593 200.878 133.414
    endloop
  endfacet
  facet normal 0 0.0974834 0.995237
    outer loop
      vertex 121.593 200 133.5
      vertex 109.6 200.878 133.414
      vertex 109.6 200 133.5
    endloop
  endfacet
  facet normal 0 -0.0974834 0.995237
    outer loop
      vertex 109.6 200 133.5
      vertex 121.593 199.122 133.414
      vertex 121.593 200 133.5
    endloop
  endfacet
  facet normal 0 -0.0974834 0.995237
    outer loop
      vertex 121.593 199.122 133.414
      vertex 109.6 200 133.5
      vertex 109.6 199.122 133.414
    endloop
  endfacet
  facet normal 0 0.882322 0.470647
    outer loop
      vertex 121.593 204.157 130.722
      vertex 109.6 203.742 131.5
      vertex 121.593 203.742 131.5
    endloop
  endfacet
  facet normal 0 0.882322 0.470647
    outer loop
      vertex 109.6 203.742 131.5
      vertex 121.593 204.157 130.722
      vertex 109.6 204.157 130.722
    endloop
  endfacet
  facet normal 0 0.882322 -0.470647
    outer loop
      vertex 121.593 203.742 126.5
      vertex 109.6 204.157 127.278
      vertex 121.593 204.157 127.278
    endloop
  endfacet
  facet normal 0 0.882322 -0.470647
    outer loop
      vertex 109.6 204.157 127.278
      vertex 121.593 203.742 126.5
      vertex 109.6 203.742 126.5
    endloop
  endfacet
  facet normal 0 0.291297 -0.956633
    outer loop
      vertex 109.6 200.878 124.586
      vertex 121.593 201.722 124.843
      vertex 121.593 200.878 124.586
    endloop
  endfacet
  facet normal 0 0.291297 -0.956633
    outer loop
      vertex 121.593 201.722 124.843
      vertex 109.6 200.878 124.586
      vertex 109.6 201.722 124.843
    endloop
  endfacet
  facet normal 0 -0.956633 -0.291297
    outer loop
      vertex 109.6 195.843 127.278
      vertex 121.593 195.586 128.122
      vertex 109.6 195.586 128.122
    endloop
  endfacet
  facet normal 0 -0.956633 -0.291297
    outer loop
      vertex 121.593 195.586 128.122
      vertex 109.6 195.843 127.278
      vertex 121.593 195.843 127.278
    endloop
  endfacet
  facet normal -0 0.470647 0.882322
    outer loop
      vertex 109.6 202.5 132.742
      vertex 121.593 201.722 133.157
      vertex 121.593 202.5 132.742
    endloop
  endfacet
  facet normal 0 0.470647 0.882322
    outer loop
      vertex 121.593 201.722 133.157
      vertex 109.6 202.5 132.742
      vertex 109.6 201.722 133.157
    endloop
  endfacet
  facet normal -0 0.291297 0.956633
    outer loop
      vertex 109.6 201.722 133.157
      vertex 121.593 200.878 133.414
      vertex 121.593 201.722 133.157
    endloop
  endfacet
  facet normal 0 0.291297 0.956633
    outer loop
      vertex 121.593 200.878 133.414
      vertex 109.6 201.722 133.157
      vertex 109.6 200.878 133.414
    endloop
  endfacet
  facet normal 0 0.995237 -0.0974834
    outer loop
      vertex 121.593 204.414 128.122
      vertex 109.6 204.5 129
      vertex 121.593 204.5 129
    endloop
  endfacet
  facet normal 0 0.995237 -0.0974834
    outer loop
      vertex 109.6 204.5 129
      vertex 121.593 204.414 128.122
      vertex 109.6 204.414 128.122
    endloop
  endfacet
  facet normal 0 0.995237 0.0974834
    outer loop
      vertex 121.593 204.5 129
      vertex 109.6 204.414 129.878
      vertex 121.593 204.414 129.878
    endloop
  endfacet
  facet normal 0 0.995237 0.0974834
    outer loop
      vertex 109.6 204.414 129.878
      vertex 121.593 204.5 129
      vertex 109.6 204.5 129
    endloop
  endfacet
  facet normal 0 -0.0974834 -0.995237
    outer loop
      vertex 109.6 199.122 124.586
      vertex 121.593 200 124.5
      vertex 121.593 199.122 124.586
    endloop
  endfacet
  facet normal -0 -0.0974834 -0.995237
    outer loop
      vertex 121.593 200 124.5
      vertex 109.6 199.122 124.586
      vertex 109.6 200 124.5
    endloop
  endfacet
  facet normal 0 0.470647 -0.882322
    outer loop
      vertex 109.6 201.722 124.843
      vertex 121.593 202.5 125.258
      vertex 121.593 201.722 124.843
    endloop
  endfacet
  facet normal 0 0.470647 -0.882322
    outer loop
      vertex 121.593 202.5 125.258
      vertex 109.6 201.722 124.843
      vertex 109.6 202.5 125.258
    endloop
  endfacet
  facet normal 0 -0.956633 0.291297
    outer loop
      vertex 109.6 195.586 129.878
      vertex 121.593 195.843 130.722
      vertex 109.6 195.843 130.722
    endloop
  endfacet
  facet normal 0 -0.956633 0.291297
    outer loop
      vertex 121.593 195.843 130.722
      vertex 109.6 195.586 129.878
      vertex 121.593 195.586 129.878
    endloop
  endfacet
  facet normal 0 -0.470647 0.882322
    outer loop
      vertex 109.6 198.278 133.157
      vertex 121.593 197.5 132.742
      vertex 121.593 198.278 133.157
    endloop
  endfacet
  facet normal 0 -0.470647 0.882322
    outer loop
      vertex 121.593 197.5 132.742
      vertex 109.6 198.278 133.157
      vertex 109.6 197.5 132.742
    endloop
  endfacet
  facet normal 0 -0.882322 0.470647
    outer loop
      vertex 109.6 195.843 130.722
      vertex 121.593 196.258 131.5
      vertex 109.6 196.258 131.5
    endloop
  endfacet
  facet normal 0 -0.882322 0.470647
    outer loop
      vertex 121.593 196.258 131.5
      vertex 109.6 195.843 130.722
      vertex 121.593 195.843 130.722
    endloop
  endfacet
  facet normal 0 -0.995237 0.0974834
    outer loop
      vertex 109.6 195.5 129
      vertex 121.593 195.586 129.878
      vertex 109.6 195.586 129.878
    endloop
  endfacet
  facet normal 0 -0.995237 0.0974834
    outer loop
      vertex 121.593 195.586 129.878
      vertex 109.6 195.5 129
      vertex 121.593 195.5 129
    endloop
  endfacet
  facet normal 0 -0.470647 -0.882322
    outer loop
      vertex 109.6 197.5 125.258
      vertex 121.593 198.278 124.843
      vertex 121.593 197.5 125.258
    endloop
  endfacet
  facet normal -0 -0.470647 -0.882322
    outer loop
      vertex 121.593 198.278 124.843
      vertex 109.6 197.5 125.258
      vertex 109.6 198.278 124.843
    endloop
  endfacet
  facet normal 0 -0.772845 -0.634594
    outer loop
      vertex 109.6 196.818 125.818
      vertex 121.593 196.258 126.5
      vertex 109.6 196.258 126.5
    endloop
  endfacet
  facet normal 0 -0.772845 -0.634594
    outer loop
      vertex 121.593 196.258 126.5
      vertex 109.6 196.818 125.818
      vertex 121.593 196.818 125.818
    endloop
  endfacet
  facet normal 0 -0.634594 -0.772845
    outer loop
      vertex 109.6 196.818 125.818
      vertex 121.593 197.5 125.258
      vertex 121.593 196.818 125.818
    endloop
  endfacet
  facet normal -0 -0.634594 -0.772845
    outer loop
      vertex 121.593 197.5 125.258
      vertex 109.6 196.818 125.818
      vertex 109.6 197.5 125.258
    endloop
  endfacet
  facet normal -0 0.634594 0.772845
    outer loop
      vertex 109.6 203.182 132.182
      vertex 121.593 202.5 132.742
      vertex 121.593 203.182 132.182
    endloop
  endfacet
  facet normal 0 0.634594 0.772845
    outer loop
      vertex 121.593 202.5 132.742
      vertex 109.6 203.182 132.182
      vertex 109.6 202.5 132.742
    endloop
  endfacet
  facet normal 0 0.772845 0.634594
    outer loop
      vertex 121.593 203.742 131.5
      vertex 109.6 203.182 132.182
      vertex 121.593 203.182 132.182
    endloop
  endfacet
  facet normal 0 0.772845 0.634594
    outer loop
      vertex 109.6 203.182 132.182
      vertex 121.593 203.742 131.5
      vertex 109.6 203.742 131.5
    endloop
  endfacet
  facet normal 0 0.956633 0.291297
    outer loop
      vertex 121.593 204.414 129.878
      vertex 109.6 204.157 130.722
      vertex 121.593 204.157 130.722
    endloop
  endfacet
  facet normal 0 0.956633 0.291297
    outer loop
      vertex 109.6 204.157 130.722
      vertex 121.593 204.414 129.878
      vertex 109.6 204.414 129.878
    endloop
  endfacet
  facet normal 0 0.0974834 -0.995237
    outer loop
      vertex 109.6 200 124.5
      vertex 121.593 200.878 124.586
      vertex 121.593 200 124.5
    endloop
  endfacet
  facet normal 0 0.0974834 -0.995237
    outer loop
      vertex 121.593 200.878 124.586
      vertex 109.6 200 124.5
      vertex 109.6 200.878 124.586
    endloop
  endfacet
  facet normal 0 0.956633 -0.291297
    outer loop
      vertex 121.593 204.157 127.278
      vertex 109.6 204.414 128.122
      vertex 121.593 204.414 128.122
    endloop
  endfacet
  facet normal 0 0.956633 -0.291297
    outer loop
      vertex 109.6 204.414 128.122
      vertex 121.593 204.157 127.278
      vertex 109.6 204.157 127.278
    endloop
  endfacet
  facet normal 0 0.772845 -0.634594
    outer loop
      vertex 121.593 203.182 125.818
      vertex 109.6 203.742 126.5
      vertex 121.593 203.742 126.5
    endloop
  endfacet
  facet normal 0 0.772845 -0.634594
    outer loop
      vertex 109.6 203.742 126.5
      vertex 121.593 203.182 125.818
      vertex 109.6 203.182 125.818
    endloop
  endfacet
  facet normal 0 0.634594 -0.772845
    outer loop
      vertex 109.6 202.5 125.258
      vertex 121.593 203.182 125.818
      vertex 121.593 202.5 125.258
    endloop
  endfacet
  facet normal 0 0.634594 -0.772845
    outer loop
      vertex 121.593 203.182 125.818
      vertex 109.6 202.5 125.258
      vertex 109.6 203.182 125.818
    endloop
  endfacet
  facet normal 0 -0.291297 0.956633
    outer loop
      vertex 109.6 199.122 133.414
      vertex 121.593 198.278 133.157
      vertex 121.593 199.122 133.414
    endloop
  endfacet
  facet normal 0 -0.291297 0.956633
    outer loop
      vertex 121.593 198.278 133.157
      vertex 109.6 199.122 133.414
      vertex 109.6 198.278 133.157
    endloop
  endfacet
  facet normal 0 -0.772845 0.634594
    outer loop
      vertex 109.6 196.258 131.5
      vertex 121.593 196.818 132.182
      vertex 109.6 196.818 132.182
    endloop
  endfacet
  facet normal 0 -0.772845 0.634594
    outer loop
      vertex 121.593 196.818 132.182
      vertex 109.6 196.258 131.5
      vertex 121.593 196.258 131.5
    endloop
  endfacet
  facet normal 0 -0.634594 0.772845
    outer loop
      vertex 109.6 197.5 132.742
      vertex 121.593 196.818 132.182
      vertex 121.593 197.5 132.742
    endloop
  endfacet
  facet normal 0 -0.634594 0.772845
    outer loop
      vertex 121.593 196.818 132.182
      vertex 109.6 197.5 132.742
      vertex 109.6 196.818 132.182
    endloop
  endfacet
  facet normal -1 0 0
    outer loop
      vertex 109.6 202 129
      vertex 109.6 204.5 129
      vertex 109.6 204.414 128.122
    endloop
  endfacet
  facet normal -1 0 0
    outer loop
      vertex 109.6 201.962 128.61
      vertex 109.6 204.414 128.122
      vertex 109.6 204.157 127.278
    endloop
  endfacet
  facet normal -1 0 0
    outer loop
      vertex 109.6 204.5 129
      vertex 109.6 202 129
      vertex 109.6 204.414 129.878
    endloop
  endfacet
  facet normal -1 0 0
    outer loop
      vertex 109.6 201.848 128.235
      vertex 109.6 204.157 127.278
      vertex 109.6 203.742 126.5
    endloop
  endfacet
  facet normal -1 0 0
    outer loop
      vertex 109.6 201.962 129.39
      vertex 109.6 204.414 129.878
      vertex 109.6 202 129
    endloop
  endfacet
  facet normal -1 0 0
    outer loop
      vertex 109.6 201.663 127.889
      vertex 109.6 203.742 126.5
      vertex 109.6 203.182 125.818
    endloop
  endfacet
  facet normal -1 -0 0
    outer loop
      vertex 109.6 204.414 129.878
      vertex 109.6 201.962 129.39
      vertex 109.6 204.157 130.722
    endloop
  endfacet
  facet normal -1 0 0
    outer loop
      vertex 109.6 201.414 127.586
      vertex 109.6 203.182 125.818
      vertex 109.6 202.5 125.258
    endloop
  endfacet
  facet normal -1 0 0
    outer loop
      vertex 109.6 201.848 129.765
      vertex 109.6 204.157 130.722
      vertex 109.6 201.962 129.39
    endloop
  endfacet
  facet normal -1 -0 0
    outer loop
      vertex 109.6 204.157 130.722
      vertex 109.6 201.848 129.765
      vertex 109.6 203.742 131.5
    endloop
  endfacet
  facet normal -1 0 0
    outer loop
      vertex 109.6 204.414 128.122
      vertex 109.6 201.962 128.61
      vertex 109.6 202 129
    endloop
  endfacet
  facet normal -1 0 0
    outer loop
      vertex 109.6 204.157 127.278
      vertex 109.6 201.848 128.235
      vertex 109.6 201.962 128.61
    endloop
  endfacet
  facet normal -1 0 0
    outer loop
      vertex 109.6 201.111 127.337
      vertex 109.6 202.5 125.258
      vertex 109.6 201.722 124.843
    endloop
  endfacet
  facet normal -1 0 0
    outer loop
      vertex 109.6 203.742 126.5
      vertex 109.6 201.663 127.889
      vertex 109.6 201.848 128.235
    endloop
  endfacet
  facet normal -1 0 0
    outer loop
      vertex 109.6 203.182 125.818
      vertex 109.6 201.414 127.586
      vertex 109.6 201.663 127.889
    endloop
  endfacet
  facet normal -1 0 0
    outer loop
      vertex 109.6 202.5 125.258
      vertex 109.6 201.111 127.337
      vertex 109.6 201.414 127.586
    endloop
  endfacet
  facet normal -1 0 0
    outer loop
      vertex 109.6 200.765 127.152
      vertex 109.6 201.722 124.843
      vertex 109.6 200.878 124.586
    endloop
  endfacet
  facet normal -1 0 0
    outer loop
      vertex 109.6 201.722 124.843
      vertex 109.6 200.765 127.152
      vertex 109.6 201.111 127.337
    endloop
  endfacet
  facet normal -1 0 0
    outer loop
      vertex 109.6 200.878 124.586
      vertex 109.6 200.39 127.038
      vertex 109.6 200.765 127.152
    endloop
  endfacet
  facet normal -1 0 0
    outer loop
      vertex 109.6 200 124.5
      vertex 109.6 200.39 127.038
      vertex 109.6 200.878 124.586
    endloop
  endfacet
  facet normal -1 0 0
    outer loop
      vertex 109.6 200 124.5
      vertex 109.6 200 127
      vertex 109.6 200.39 127.038
    endloop
  endfacet
  facet normal -1 0 0
    outer loop
      vertex 109.6 200 124.5
      vertex 109.6 199.61 127.038
      vertex 109.6 200 127
    endloop
  endfacet
  facet normal -1 0 0
    outer loop
      vertex 109.6 199.122 124.586
      vertex 109.6 199.61 127.038
      vertex 109.6 200 124.5
    endloop
  endfacet
  facet normal -1 -0 0
    outer loop
      vertex 109.6 199.61 127.038
      vertex 109.6 199.122 124.586
      vertex 109.6 199.235 127.152
    endloop
  endfacet
  facet normal -1 0 0
    outer loop
      vertex 109.6 198.278 124.843
      vertex 109.6 199.235 127.152
      vertex 109.6 199.122 124.586
    endloop
  endfacet
  facet normal -1 -0 0
    outer loop
      vertex 109.6 199.235 127.152
      vertex 109.6 198.278 124.843
      vertex 109.6 198.889 127.337
    endloop
  endfacet
  facet normal -1 0 0
    outer loop
      vertex 109.6 197.5 125.258
      vertex 109.6 198.889 127.337
      vertex 109.6 198.278 124.843
    endloop
  endfacet
  facet normal -1 -0 0
    outer loop
      vertex 109.6 198.889 127.337
      vertex 109.6 197.5 125.258
      vertex 109.6 198.586 127.586
    endloop
  endfacet
  facet normal -1 0 0
    outer loop
      vertex 109.6 196.818 125.818
      vertex 109.6 198.586 127.586
      vertex 109.6 197.5 125.258
    endloop
  endfacet
  facet normal -1 -0 0
    outer loop
      vertex 109.6 198.586 127.586
      vertex 109.6 196.818 125.818
      vertex 109.6 198.337 127.889
    endloop
  endfacet
  facet normal -1 0 0
    outer loop
      vertex 109.6 196.258 126.5
      vertex 109.6 198.337 127.889
      vertex 109.6 196.818 125.818
    endloop
  endfacet
  facet normal -1 -0 0
    outer loop
      vertex 109.6 198.337 127.889
      vertex 109.6 196.258 126.5
      vertex 109.6 198.152 128.235
    endloop
  endfacet
  facet normal -1 0 0
    outer loop
      vertex 109.6 201.663 130.111
      vertex 109.6 203.742 131.5
      vertex 109.6 201.848 129.765
    endloop
  endfacet
  facet normal -1 -0 0
    outer loop
      vertex 109.6 203.742 131.5
      vertex 109.6 201.663 130.111
      vertex 109.6 203.182 132.182
    endloop
  endfacet
  facet normal -1 0 0
    outer loop
      vertex 109.6 201.414 130.414
      vertex 109.6 203.182 132.182
      vertex 109.6 201.663 130.111
    endloop
  endfacet
  facet normal -1 -0 0
    outer loop
      vertex 109.6 203.182 132.182
      vertex 109.6 201.414 130.414
      vertex 109.6 202.5 132.742
    endloop
  endfacet
  facet normal -1 0 0
    outer loop
      vertex 109.6 201.111 130.663
      vertex 109.6 202.5 132.742
      vertex 109.6 201.414 130.414
    endloop
  endfacet
  facet normal -1 -0 0
    outer loop
      vertex 109.6 202.5 132.742
      vertex 109.6 201.111 130.663
      vertex 109.6 201.722 133.157
    endloop
  endfacet
  facet normal -1 0 0
    outer loop
      vertex 109.6 200.765 130.848
      vertex 109.6 201.722 133.157
      vertex 109.6 201.111 130.663
    endloop
  endfacet
  facet normal -1 -0 0
    outer loop
      vertex 109.6 201.722 133.157
      vertex 109.6 200.765 130.848
      vertex 109.6 200.878 133.414
    endloop
  endfacet
  facet normal -1 0 0
    outer loop
      vertex 109.6 200.39 130.962
      vertex 109.6 200.878 133.414
      vertex 109.6 200.765 130.848
    endloop
  endfacet
  facet normal -1 0 0
    outer loop
      vertex 109.6 200 131
      vertex 109.6 200.878 133.414
      vertex 109.6 200.39 130.962
    endloop
  endfacet
  facet normal -1 0 0
    outer loop
      vertex 109.6 200 131
      vertex 109.6 200 133.5
      vertex 109.6 200.878 133.414
    endloop
  endfacet
  facet normal -1 0 0
    outer loop
      vertex 109.6 199.61 130.962
      vertex 109.6 200 133.5
      vertex 109.6 200 131
    endloop
  endfacet
  facet normal -1 0 0
    outer loop
      vertex 109.6 199.122 133.414
      vertex 109.6 199.61 130.962
      vertex 109.6 199.235 130.848
    endloop
  endfacet
  facet normal -1 0 0
    outer loop
      vertex 109.6 199.61 130.962
      vertex 109.6 199.122 133.414
      vertex 109.6 200 133.5
    endloop
  endfacet
  facet normal -1 0 0
    outer loop
      vertex 109.6 198.278 133.157
      vertex 109.6 199.235 130.848
      vertex 109.6 198.889 130.663
    endloop
  endfacet
  facet normal -1 0 0
    outer loop
      vertex 109.6 197.5 132.742
      vertex 109.6 198.889 130.663
      vertex 109.6 198.586 130.414
    endloop
  endfacet
  facet normal -1 0 0
    outer loop
      vertex 109.6 196.818 132.182
      vertex 109.6 198.586 130.414
      vertex 109.6 198.337 130.111
    endloop
  endfacet
  facet normal -1 0 0
    outer loop
      vertex 109.6 199.235 130.848
      vertex 109.6 198.278 133.157
      vertex 109.6 199.122 133.414
    endloop
  endfacet
  facet normal -1 0 0
    outer loop
      vertex 109.6 196.258 131.5
      vertex 109.6 198.337 130.111
      vertex 109.6 198.152 129.765
    endloop
  endfacet
  facet normal -1 0 0
    outer loop
      vertex 109.6 195.843 130.722
      vertex 109.6 198.152 129.765
      vertex 109.6 198.038 129.39
    endloop
  endfacet
  facet normal -1 0 0
    outer loop
      vertex 109.6 195.586 129.878
      vertex 109.6 198.038 129.39
      vertex 109.6 198 129
    endloop
  endfacet
  facet normal -1 0 0
    outer loop
      vertex 109.6 195.843 127.278
      vertex 109.6 198.152 128.235
      vertex 109.6 196.258 126.5
    endloop
  endfacet
  facet normal -1 0 0
    outer loop
      vertex 109.6 198.889 130.663
      vertex 109.6 197.5 132.742
      vertex 109.6 198.278 133.157
    endloop
  endfacet
  facet normal -1 -0 0
    outer loop
      vertex 109.6 198.152 128.235
      vertex 109.6 195.843 127.278
      vertex 109.6 198.038 128.61
    endloop
  endfacet
  facet normal -1 0 0
    outer loop
      vertex 109.6 198.586 130.414
      vertex 109.6 196.818 132.182
      vertex 109.6 197.5 132.742
    endloop
  endfacet
  facet normal -1 0 0
    outer loop
      vertex 109.6 195.586 128.122
      vertex 109.6 198.038 128.61
      vertex 109.6 195.843 127.278
    endloop
  endfacet
  facet normal -1 0 0
    outer loop
      vertex 109.6 198.337 130.111
      vertex 109.6 196.258 131.5
      vertex 109.6 196.818 132.182
    endloop
  endfacet
  facet normal -1 -0 0
    outer loop
      vertex 109.6 198.038 128.61
      vertex 109.6 195.586 128.122
      vertex 109.6 198 129
    endloop
  endfacet
  facet normal -1 0 0
    outer loop
      vertex 109.6 198.152 129.765
      vertex 109.6 195.843 130.722
      vertex 109.6 196.258 131.5
    endloop
  endfacet
  facet normal -1 0 0
    outer loop
      vertex 109.6 195.5 129
      vertex 109.6 198 129
      vertex 109.6 195.586 128.122
    endloop
  endfacet
  facet normal -1 0 0
    outer loop
      vertex 109.6 198.038 129.39
      vertex 109.6 195.586 129.878
      vertex 109.6 195.843 130.722
    endloop
  endfacet
  facet normal -1 0 0
    outer loop
      vertex 109.6 198 129
      vertex 109.6 195.5 129
      vertex 109.6 195.586 129.878
    endloop
  endfacet
  facet normal 0 -0.995237 -0.0974834
    outer loop
      vertex 109.6 195.586 128.122
      vertex 121.593 195.5 129
      vertex 109.6 195.5 129
    endloop
  endfacet
  facet normal 0 -0.995237 -0.0974834
    outer loop
      vertex 121.593 195.5 129
      vertex 109.6 195.586 128.122
      vertex 121.593 195.586 128.122
    endloop
  endfacet
  facet normal 0 -0.882322 -0.470647
    outer loop
      vertex 109.6 196.258 126.5
      vertex 121.593 195.843 127.278
      vertex 109.6 195.843 127.278
    endloop
  endfacet
  facet normal 0 -0.882322 -0.470647
    outer loop
      vertex 121.593 195.843 127.278
      vertex 109.6 196.258 126.5
      vertex 121.593 196.258 126.5
    endloop
  endfacet
  facet normal 0 -0.291297 -0.956633
    outer loop
      vertex 109.6 198.278 124.843
      vertex 121.593 199.122 124.586
      vertex 121.593 198.278 124.843
    endloop
  endfacet
  facet normal -0 -0.291297 -0.956633
    outer loop
      vertex 121.593 199.122 124.586
      vertex 109.6 198.278 124.843
      vertex 109.6 199.122 124.586
    endloop
  endfacet
  facet normal -1 0 0
    outer loop
      vertex 122.6 10 139.9
      vertex 122.6 30 140
      vertex 122.6 30 139.9
    endloop
  endfacet
  facet normal -1 -0 0
    outer loop
      vertex 122.6 30 140
      vertex 122.6 10 139.9
      vertex 122.6 10 140
    endloop
  endfacet
  facet normal -0 0 1
    outer loop
      vertex 119.65 30 139.9
      vertex 122.6 10 139.9
      vertex 122.6 30 139.9
    endloop
  endfacet
  facet normal 0 0 1
    outer loop
      vertex 122.6 10 139.9
      vertex 119.65 30 139.9
      vertex 119.65 10 139.9
    endloop
  endfacet
  facet normal 0 1 0
    outer loop
      vertex 122.6 10 140
      vertex 122.6 10 139.9
      vertex 121.443 10 140
    endloop
  endfacet
  facet normal 0 1 -0
    outer loop
      vertex 121.443 10 140
      vertex 119.65 10 148
      vertex 121.443 10 148
    endloop
  endfacet
  facet normal 0 1 0
    outer loop
      vertex 121.443 10 140
      vertex 119.65 10 139.9
      vertex 119.65 10 148
    endloop
  endfacet
  facet normal 0 1 0
    outer loop
      vertex 119.65 10 139.9
      vertex 121.443 10 140
      vertex 122.6 10 139.9
    endloop
  endfacet
  facet normal 0 -1 0
    outer loop
      vertex 119.65 30 148
      vertex 121.443 30 140
      vertex 121.443 30 148
    endloop
  endfacet
  facet normal 0 -1 0
    outer loop
      vertex 119.65 30 139.9
      vertex 121.443 30 140
      vertex 119.65 30 148
    endloop
  endfacet
  facet normal 0 -1 0
    outer loop
      vertex 122.6 30 139.9
      vertex 121.443 30 140
      vertex 119.65 30 139.9
    endloop
  endfacet
  facet normal 0 -1 0
    outer loop
      vertex 121.443 30 140
      vertex 122.6 30 139.9
      vertex 122.6 30 140
    endloop
  endfacet
  facet normal -1 0 0
    outer loop
      vertex 122.6 190 139.9
      vertex 122.6 210 140
      vertex 122.6 210 139.9
    endloop
  endfacet
  facet normal -1 -0 0
    outer loop
      vertex 122.6 210 140
      vertex 122.6 190 139.9
      vertex 122.6 190 140
    endloop
  endfacet
  facet normal 0 -1 0
    outer loop
      vertex 119.65 210 148
      vertex 121.443 210 140
      vertex 121.443 210 148
    endloop
  endfacet
  facet normal 0 -1 0
    outer loop
      vertex 119.65 210 139.9
      vertex 121.443 210 140
      vertex 119.65 210 148
    endloop
  endfacet
  facet normal 0 -1 0
    outer loop
      vertex 122.6 210 139.9
      vertex 121.443 210 140
      vertex 119.65 210 139.9
    endloop
  endfacet
  facet normal 0 -1 0
    outer loop
      vertex 121.443 210 140
      vertex 122.6 210 139.9
      vertex 122.6 210 140
    endloop
  endfacet
  facet normal -0 0 1
    outer loop
      vertex 119.65 210 139.9
      vertex 122.6 190 139.9
      vertex 122.6 210 139.9
    endloop
  endfacet
  facet normal 0 0 1
    outer loop
      vertex 122.6 190 139.9
      vertex 119.65 210 139.9
      vertex 119.65 190 139.9
    endloop
  endfacet
  facet normal 0 1 0
    outer loop
      vertex 122.6 190 140
      vertex 122.6 190 139.9
      vertex 121.443 190 140
    endloop
  endfacet
  facet normal 0 1 -0
    outer loop
      vertex 121.443 190 140
      vertex 119.65 190 148
      vertex 121.443 190 148
    endloop
  endfacet
  facet normal 0 1 0
    outer loop
      vertex 121.443 190 140
      vertex 119.65 190 139.9
      vertex 119.65 190 148
    endloop
  endfacet
  facet normal 0 1 0
    outer loop
      vertex 119.65 190 139.9
      vertex 121.443 190 140
      vertex 122.6 190 139.9
    endloop
  endfacet
  facet normal 0 -0.290715 -0.95681
    outer loop
      vertex 109.6 20.3902 130.962
      vertex 119.09 20.7654 130.848
      vertex 119.09 20.3902 130.962
    endloop
  endfacet
  facet normal -0 -0.290715 -0.95681
    outer loop
      vertex 119.09 20.7654 130.848
      vertex 109.6 20.3902 130.962
      vertex 109.6 20.7654 130.848
    endloop
  endfacet
  facet normal 0 -0.634777 0.772695
    outer loop
      vertex 109.6 21.4142 127.586
      vertex 119.09 21.1111 127.337
      vertex 119.09 21.4142 127.586
    endloop
  endfacet
  facet normal 0 -0.634777 0.772695
    outer loop
      vertex 119.09 21.1111 127.337
      vertex 109.6 21.4142 127.586
      vertex 109.6 21.1111 127.337
    endloop
  endfacet
  facet normal 0 -0.995188 0.0979877
    outer loop
      vertex 109.6 21.9616 128.61
      vertex 119.09 22 129
      vertex 109.6 22 129
    endloop
  endfacet
  facet normal 0 -0.995188 0.0979877
    outer loop
      vertex 119.09 22 129
      vertex 109.6 21.9616 128.61
      vertex 119.09 21.9616 128.61
    endloop
  endfacet
  facet normal 0 -0.956908 0.29039
    outer loop
      vertex 109.6 21.8478 128.235
      vertex 119.09 21.9616 128.61
      vertex 109.6 21.9616 128.61
    endloop
  endfacet
  facet normal 0 -0.956908 0.29039
    outer loop
      vertex 119.09 21.9616 128.61
      vertex 109.6 21.8478 128.235
      vertex 119.09 21.8478 128.235
    endloop
  endfacet
  facet normal 0 -0.956908 -0.29039
    outer loop
      vertex 109.6 21.9616 129.39
      vertex 119.09 21.8478 129.765
      vertex 109.6 21.8478 129.765
    endloop
  endfacet
  facet normal 0 -0.956908 -0.29039
    outer loop
      vertex 119.09 21.8478 129.765
      vertex 109.6 21.9616 129.39
      vertex 119.09 21.9616 129.39
    endloop
  endfacet
  facet normal 0 -0.471832 -0.881688
    outer loop
      vertex 109.6 20.7654 130.848
      vertex 119.09 21.1111 130.663
      vertex 119.09 20.7654 130.848
    endloop
  endfacet
  facet normal -0 -0.471832 -0.881688
    outer loop
      vertex 119.09 21.1111 130.663
      vertex 109.6 20.7654 130.848
      vertex 109.6 21.1111 130.663
    endloop
  endfacet
  facet normal -0 0.0969274 0.995291
    outer loop
      vertex 109.6 20 127
      vertex 119.09 19.6098 127.038
      vertex 119.09 20 127
    endloop
  endfacet
  facet normal 0 0.0969274 0.995291
    outer loop
      vertex 119.09 19.6098 127.038
      vertex 109.6 20 127
      vertex 109.6 19.6098 127.038
    endloop
  endfacet
  facet normal 0 0.956908 0.29039
    outer loop
      vertex 119.09 18.1522 128.235
      vertex 109.6 18.0384 128.61
      vertex 119.09 18.0384 128.61
    endloop
  endfacet
  facet normal 0 0.956908 0.29039
    outer loop
      vertex 109.6 18.0384 128.61
      vertex 119.09 18.1522 128.235
      vertex 109.6 18.1522 128.235
    endloop
  endfacet
  facet normal 0 -0.290715 0.95681
    outer loop
      vertex 109.6 20.7654 127.152
      vertex 119.09 20.3902 127.038
      vertex 119.09 20.7654 127.152
    endloop
  endfacet
  facet normal 0 -0.290715 0.95681
    outer loop
      vertex 119.09 20.3902 127.038
      vertex 109.6 20.7654 127.152
      vertex 109.6 20.3902 127.038
    endloop
  endfacet
  facet normal 0 -0.471832 0.881688
    outer loop
      vertex 109.6 21.1111 127.337
      vertex 119.09 20.7654 127.152
      vertex 119.09 21.1111 127.337
    endloop
  endfacet
  facet normal 0 -0.471832 0.881688
    outer loop
      vertex 119.09 20.7654 127.152
      vertex 109.6 21.1111 127.337
      vertex 109.6 20.7654 127.152
    endloop
  endfacet
  facet normal 0 -0.881965 0.471316
    outer loop
      vertex 109.6 21.6629 127.889
      vertex 119.09 21.8478 128.235
      vertex 109.6 21.8478 128.235
    endloop
  endfacet
  facet normal 0 -0.881965 0.471316
    outer loop
      vertex 119.09 21.8478 128.235
      vertex 109.6 21.6629 127.889
      vertex 119.09 21.6629 127.889
    endloop
  endfacet
  facet normal 0 -0.0969274 -0.995291
    outer loop
      vertex 109.6 20 131
      vertex 119.09 20.3902 130.962
      vertex 119.09 20 131
    endloop
  endfacet
  facet normal -0 -0.0969274 -0.995291
    outer loop
      vertex 119.09 20.3902 130.962
      vertex 109.6 20 131
      vertex 109.6 20.3902 130.962
    endloop
  endfacet
  facet normal 0 -0.634777 -0.772695
    outer loop
      vertex 109.6 21.1111 130.663
      vertex 119.09 21.4142 130.414
      vertex 119.09 21.1111 130.663
    endloop
  endfacet
  facet normal -0 -0.634777 -0.772695
    outer loop
      vertex 119.09 21.4142 130.414
      vertex 109.6 21.1111 130.663
      vertex 109.6 21.4142 130.414
    endloop
  endfacet
  facet normal 0 -0.881965 -0.471316
    outer loop
      vertex 109.6 21.8478 129.765
      vertex 119.09 21.6629 130.111
      vertex 109.6 21.6629 130.111
    endloop
  endfacet
  facet normal 0 -0.881965 -0.471316
    outer loop
      vertex 119.09 21.6629 130.111
      vertex 109.6 21.8478 129.765
      vertex 119.09 21.8478 129.765
    endloop
  endfacet
  facet normal 0 -0.995188 -0.0979877
    outer loop
      vertex 109.6 22 129
      vertex 119.09 21.9616 129.39
      vertex 109.6 21.9616 129.39
    endloop
  endfacet
  facet normal 0 -0.995188 -0.0979877
    outer loop
      vertex 119.09 21.9616 129.39
      vertex 109.6 22 129
      vertex 119.09 22 129
    endloop
  endfacet
  facet normal 0 -0.772968 -0.634446
    outer loop
      vertex 109.6 21.6629 130.111
      vertex 119.09 21.4142 130.414
      vertex 109.6 21.4142 130.414
    endloop
  endfacet
  facet normal 0 -0.772968 -0.634446
    outer loop
      vertex 119.09 21.4142 130.414
      vertex 109.6 21.6629 130.111
      vertex 119.09 21.6629 130.111
    endloop
  endfacet
  facet normal 0 -0.0969274 0.995291
    outer loop
      vertex 109.6 20.3902 127.038
      vertex 119.09 20 127
      vertex 119.09 20.3902 127.038
    endloop
  endfacet
  facet normal 0 -0.0969274 0.995291
    outer loop
      vertex 119.09 20 127
      vertex 109.6 20.3902 127.038
      vertex 109.6 20 127
    endloop
  endfacet
  facet normal -0 0.290715 0.95681
    outer loop
      vertex 109.6 19.6098 127.038
      vertex 119.09 19.2346 127.152
      vertex 119.09 19.6098 127.038
    endloop
  endfacet
  facet normal 0 0.290715 0.95681
    outer loop
      vertex 119.09 19.2346 127.152
      vertex 109.6 19.6098 127.038
      vertex 109.6 19.2346 127.152
    endloop
  endfacet
  facet normal 0 0.772968 -0.634446
    outer loop
      vertex 119.09 18.3371 130.111
      vertex 109.6 18.5858 130.414
      vertex 119.09 18.5858 130.414
    endloop
  endfacet
  facet normal 0 0.772968 -0.634446
    outer loop
      vertex 109.6 18.5858 130.414
      vertex 119.09 18.3371 130.111
      vertex 109.6 18.3371 130.111
    endloop
  endfacet
  facet normal 0 0.290715 -0.95681
    outer loop
      vertex 109.6 19.2346 130.848
      vertex 119.09 19.6098 130.962
      vertex 119.09 19.2346 130.848
    endloop
  endfacet
  facet normal 0 0.290715 -0.95681
    outer loop
      vertex 119.09 19.6098 130.962
      vertex 109.6 19.2346 130.848
      vertex 109.6 19.6098 130.962
    endloop
  endfacet
  facet normal 0 0.772968 0.634446
    outer loop
      vertex 119.09 18.5858 127.586
      vertex 109.6 18.3371 127.889
      vertex 119.09 18.3371 127.889
    endloop
  endfacet
  facet normal 0 0.772968 0.634446
    outer loop
      vertex 109.6 18.3371 127.889
      vertex 119.09 18.5858 127.586
      vertex 109.6 18.5858 127.586
    endloop
  endfacet
  facet normal 0 -0.772968 0.634446
    outer loop
      vertex 109.6 21.4142 127.586
      vertex 119.09 21.6629 127.889
      vertex 109.6 21.6629 127.889
    endloop
  endfacet
  facet normal 0 -0.772968 0.634446
    outer loop
      vertex 119.09 21.6629 127.889
      vertex 109.6 21.4142 127.586
      vertex 119.09 21.4142 127.586
    endloop
  endfacet
  facet normal -0 0.471832 0.881688
    outer loop
      vertex 109.6 19.2346 127.152
      vertex 119.09 18.8889 127.337
      vertex 119.09 19.2346 127.152
    endloop
  endfacet
  facet normal 0 0.471832 0.881688
    outer loop
      vertex 119.09 18.8889 127.337
      vertex 109.6 19.2346 127.152
      vertex 109.6 18.8889 127.337
    endloop
  endfacet
  facet normal 0 0.0969274 -0.995291
    outer loop
      vertex 109.6 19.6098 130.962
      vertex 119.09 20 131
      vertex 119.09 19.6098 130.962
    endloop
  endfacet
  facet normal 0 0.0969274 -0.995291
    outer loop
      vertex 119.09 20 131
      vertex 109.6 19.6098 130.962
      vertex 109.6 20 131
    endloop
  endfacet
  facet normal 0 0.634777 -0.772695
    outer loop
      vertex 109.6 18.5858 130.414
      vertex 119.09 18.8889 130.663
      vertex 119.09 18.5858 130.414
    endloop
  endfacet
  facet normal 0 0.634777 -0.772695
    outer loop
      vertex 119.09 18.8889 130.663
      vertex 109.6 18.5858 130.414
      vertex 109.6 18.8889 130.663
    endloop
  endfacet
  facet normal 0 0.881965 0.471316
    outer loop
      vertex 119.09 18.3371 127.889
      vertex 109.6 18.1522 128.235
      vertex 119.09 18.1522 128.235
    endloop
  endfacet
  facet normal 0 0.881965 0.471316
    outer loop
      vertex 109.6 18.1522 128.235
      vertex 119.09 18.3371 127.889
      vertex 109.6 18.3371 127.889
    endloop
  endfacet
  facet normal 0 0.995188 0.0979877
    outer loop
      vertex 119.09 18.0384 128.61
      vertex 109.6 18 129
      vertex 119.09 18 129
    endloop
  endfacet
  facet normal 0 0.995188 0.0979877
    outer loop
      vertex 109.6 18 129
      vertex 119.09 18.0384 128.61
      vertex 109.6 18.0384 128.61
    endloop
  endfacet
  facet normal 0 0.995188 -0.0979877
    outer loop
      vertex 119.09 18 129
      vertex 109.6 18.0384 129.39
      vertex 119.09 18.0384 129.39
    endloop
  endfacet
  facet normal 0 0.995188 -0.0979877
    outer loop
      vertex 109.6 18.0384 129.39
      vertex 119.09 18 129
      vertex 109.6 18 129
    endloop
  endfacet
  facet normal 0 0.881965 -0.471316
    outer loop
      vertex 119.09 18.1522 129.765
      vertex 109.6 18.3371 130.111
      vertex 119.09 18.3371 130.111
    endloop
  endfacet
  facet normal 0 0.881965 -0.471316
    outer loop
      vertex 109.6 18.3371 130.111
      vertex 119.09 18.1522 129.765
      vertex 109.6 18.1522 129.765
    endloop
  endfacet
  facet normal -1 0 0
    outer loop
      vertex 119.09 21.9616 128.61
      vertex 119.09 21.9616 129.39
      vertex 119.09 22 129
    endloop
  endfacet
  facet normal -1 0 0
    outer loop
      vertex 119.09 21.8478 128.235
      vertex 119.09 21.9616 129.39
      vertex 119.09 21.9616 128.61
    endloop
  endfacet
  facet normal -1 0 0
    outer loop
      vertex 119.09 21.8478 128.235
      vertex 119.09 21.8478 129.765
      vertex 119.09 21.9616 129.39
    endloop
  endfacet
  facet normal -1 0 0
    outer loop
      vertex 119.09 21.6629 127.889
      vertex 119.09 21.8478 129.765
      vertex 119.09 21.8478 128.235
    endloop
  endfacet
  facet normal -1 0 0
    outer loop
      vertex 119.09 21.6629 127.889
      vertex 119.09 21.6629 130.111
      vertex 119.09 21.8478 129.765
    endloop
  endfacet
  facet normal -1 0 0
    outer loop
      vertex 119.09 21.4142 127.586
      vertex 119.09 21.6629 130.111
      vertex 119.09 21.6629 127.889
    endloop
  endfacet
  facet normal -1 0 0
    outer loop
      vertex 119.09 21.4142 127.586
      vertex 119.09 21.4142 130.414
      vertex 119.09 21.6629 130.111
    endloop
  endfacet
  facet normal -1 0 0
    outer loop
      vertex 119.09 21.1111 127.337
      vertex 119.09 21.4142 130.414
      vertex 119.09 21.4142 127.586
    endloop
  endfacet
  facet normal -1 0 0
    outer loop
      vertex 119.09 21.1111 127.337
      vertex 119.09 21.1111 130.663
      vertex 119.09 21.4142 130.414
    endloop
  endfacet
  facet normal -1 0 0
    outer loop
      vertex 119.09 20.7654 127.152
      vertex 119.09 21.1111 130.663
      vertex 119.09 21.1111 127.337
    endloop
  endfacet
  facet normal -1 0 0
    outer loop
      vertex 119.09 20.7654 127.152
      vertex 119.09 20.7654 130.848
      vertex 119.09 21.1111 130.663
    endloop
  endfacet
  facet normal -1 0 0
    outer loop
      vertex 119.09 20.3902 127.038
      vertex 119.09 20.7654 130.848
      vertex 119.09 20.7654 127.152
    endloop
  endfacet
  facet normal -1 0 0
    outer loop
      vertex 119.09 20.3902 127.038
      vertex 119.09 20.3902 130.962
      vertex 119.09 20.7654 130.848
    endloop
  endfacet
  facet normal -1 0 0
    outer loop
      vertex 119.09 20 127
      vertex 119.09 20.3902 130.962
      vertex 119.09 20.3902 127.038
    endloop
  endfacet
  facet normal -1 0 0
    outer loop
      vertex 119.09 20 127
      vertex 119.09 20 131
      vertex 119.09 20.3902 130.962
    endloop
  endfacet
  facet normal -1 0 0
    outer loop
      vertex 119.09 19.6098 127.038
      vertex 119.09 20 131
      vertex 119.09 20 127
    endloop
  endfacet
  facet normal -1 0 0
    outer loop
      vertex 119.09 19.6098 127.038
      vertex 119.09 19.6098 130.962
      vertex 119.09 20 131
    endloop
  endfacet
  facet normal -1 0 0
    outer loop
      vertex 119.09 19.2346 127.152
      vertex 119.09 19.6098 130.962
      vertex 119.09 19.6098 127.038
    endloop
  endfacet
  facet normal -1 0 0
    outer loop
      vertex 119.09 19.2346 127.152
      vertex 119.09 19.2346 130.848
      vertex 119.09 19.6098 130.962
    endloop
  endfacet
  facet normal -1 0 0
    outer loop
      vertex 119.09 18.8889 127.337
      vertex 119.09 19.2346 130.848
      vertex 119.09 19.2346 127.152
    endloop
  endfacet
  facet normal -1 0 0
    outer loop
      vertex 119.09 18.8889 127.337
      vertex 119.09 18.8889 130.663
      vertex 119.09 19.2346 130.848
    endloop
  endfacet
  facet normal -1 0 0
    outer loop
      vertex 119.09 18.5858 127.586
      vertex 119.09 18.8889 130.663
      vertex 119.09 18.8889 127.337
    endloop
  endfacet
  facet normal -1 0 0
    outer loop
      vertex 119.09 18.5858 127.586
      vertex 119.09 18.5858 130.414
      vertex 119.09 18.8889 130.663
    endloop
  endfacet
  facet normal -1 0 0
    outer loop
      vertex 119.09 18.3371 127.889
      vertex 119.09 18.5858 130.414
      vertex 119.09 18.5858 127.586
    endloop
  endfacet
  facet normal -1 0 0
    outer loop
      vertex 119.09 18.3371 127.889
      vertex 119.09 18.3371 130.111
      vertex 119.09 18.5858 130.414
    endloop
  endfacet
  facet normal -1 0 0
    outer loop
      vertex 119.09 18.1522 128.235
      vertex 119.09 18.3371 130.111
      vertex 119.09 18.3371 127.889
    endloop
  endfacet
  facet normal -1 0 0
    outer loop
      vertex 119.09 18.1522 128.235
      vertex 119.09 18.1522 129.765
      vertex 119.09 18.3371 130.111
    endloop
  endfacet
  facet normal -1 0 0
    outer loop
      vertex 119.09 18.0384 128.61
      vertex 119.09 18.1522 129.765
      vertex 119.09 18.1522 128.235
    endloop
  endfacet
  facet normal -1 0 0
    outer loop
      vertex 119.09 18.0384 128.61
      vertex 119.09 18.0384 129.39
      vertex 119.09 18.1522 129.765
    endloop
  endfacet
  facet normal -1 0 -0
    outer loop
      vertex 119.09 18.0384 129.39
      vertex 119.09 18.0384 128.61
      vertex 119.09 18 129
    endloop
  endfacet
  facet normal 0 0.956908 -0.29039
    outer loop
      vertex 119.09 18.0384 129.39
      vertex 109.6 18.1522 129.765
      vertex 119.09 18.1522 129.765
    endloop
  endfacet
  facet normal 0 0.956908 -0.29039
    outer loop
      vertex 109.6 18.1522 129.765
      vertex 119.09 18.0384 129.39
      vertex 109.6 18.0384 129.39
    endloop
  endfacet
  facet normal 0 0.471832 -0.881688
    outer loop
      vertex 109.6 18.8889 130.663
      vertex 119.09 19.2346 130.848
      vertex 119.09 18.8889 130.663
    endloop
  endfacet
  facet normal 0 0.471832 -0.881688
    outer loop
      vertex 119.09 19.2346 130.848
      vertex 109.6 18.8889 130.663
      vertex 109.6 19.2346 130.848
    endloop
  endfacet
  facet normal -0 0.634777 0.772695
    outer loop
      vertex 109.6 18.8889 127.337
      vertex 119.09 18.5858 127.586
      vertex 119.09 18.8889 127.337
    endloop
  endfacet
  facet normal 0 0.634777 0.772695
    outer loop
      vertex 119.09 18.5858 127.586
      vertex 109.6 18.8889 127.337
      vertex 109.6 18.5858 127.586
    endloop
  endfacet
  facet normal 0 -0.634903 0.772592
    outer loop
      vertex 109.6 201.414 127.586
      vertex 119.09 201.111 127.337
      vertex 119.09 201.414 127.586
    endloop
  endfacet
  facet normal 0 -0.634903 0.772592
    outer loop
      vertex 119.09 201.111 127.337
      vertex 109.6 201.414 127.586
      vertex 109.6 201.111 127.337
    endloop
  endfacet
  facet normal 0 -0.995287 0.0969766
    outer loop
      vertex 109.6 201.962 128.61
      vertex 119.09 202 129
      vertex 109.6 202 129
    endloop
  endfacet
  facet normal 0 -0.995287 0.0969766
    outer loop
      vertex 119.09 202 129
      vertex 109.6 201.962 128.61
      vertex 119.09 201.962 128.61
    endloop
  endfacet
  facet normal 0 -0.956767 0.290857
    outer loop
      vertex 109.6 201.848 128.235
      vertex 119.09 201.962 128.61
      vertex 109.6 201.962 128.61
    endloop
  endfacet
  facet normal 0 -0.956767 0.290857
    outer loop
      vertex 119.09 201.962 128.61
      vertex 109.6 201.848 128.235
      vertex 119.09 201.848 128.235
    endloop
  endfacet
  facet normal 0 -0.956767 -0.290857
    outer loop
      vertex 109.6 201.962 129.39
      vertex 119.09 201.848 129.765
      vertex 109.6 201.848 129.765
    endloop
  endfacet
  facet normal 0 -0.956767 -0.290857
    outer loop
      vertex 119.09 201.848 129.765
      vertex 109.6 201.962 129.39
      vertex 119.09 201.962 129.39
    endloop
  endfacet
  facet normal 0 -0.471514 -0.881859
    outer loop
      vertex 109.6 200.765 130.848
      vertex 119.09 201.111 130.663
      vertex 119.09 200.765 130.848
    endloop
  endfacet
  facet normal -0 -0.471514 -0.881859
    outer loop
      vertex 119.09 201.111 130.663
      vertex 109.6 200.765 130.848
      vertex 109.6 201.111 130.663
    endloop
  endfacet
  facet normal -0 0.0969766 0.995287
    outer loop
      vertex 109.6 200 127
      vertex 119.09 199.61 127.038
      vertex 119.09 200 127
    endloop
  endfacet
  facet normal 0 0.0969766 0.995287
    outer loop
      vertex 119.09 199.61 127.038
      vertex 109.6 200 127
      vertex 109.6 199.61 127.038
    endloop
  endfacet
  facet normal 0 0.956767 0.290857
    outer loop
      vertex 119.09 198.152 128.235
      vertex 109.6 198.038 128.61
      vertex 119.09 198.038 128.61
    endloop
  endfacet
  facet normal 0 0.956767 0.290857
    outer loop
      vertex 109.6 198.038 128.61
      vertex 119.09 198.152 128.235
      vertex 109.6 198.152 128.235
    endloop
  endfacet
  facet normal 0 -0.290857 0.956767
    outer loop
      vertex 109.6 200.765 127.152
      vertex 119.09 200.39 127.038
      vertex 119.09 200.765 127.152
    endloop
  endfacet
  facet normal 0 -0.290857 0.956767
    outer loop
      vertex 119.09 200.39 127.038
      vertex 109.6 200.765 127.152
      vertex 109.6 200.39 127.038
    endloop
  endfacet
  facet normal 0 -0.471514 0.881859
    outer loop
      vertex 109.6 201.111 127.337
      vertex 119.09 200.765 127.152
      vertex 119.09 201.111 127.337
    endloop
  endfacet
  facet normal 0 -0.471514 0.881859
    outer loop
      vertex 119.09 200.765 127.152
      vertex 109.6 201.111 127.337
      vertex 109.6 200.765 127.152
    endloop
  endfacet
  facet normal 0 -0.881859 0.471514
    outer loop
      vertex 109.6 201.663 127.889
      vertex 119.09 201.848 128.235
      vertex 109.6 201.848 128.235
    endloop
  endfacet
  facet normal 0 -0.881859 0.471514
    outer loop
      vertex 119.09 201.848 128.235
      vertex 109.6 201.663 127.889
      vertex 119.09 201.663 127.889
    endloop
  endfacet
  facet normal 0 -0.0969766 -0.995287
    outer loop
      vertex 109.6 200 131
      vertex 119.09 200.39 130.962
      vertex 119.09 200 131
    endloop
  endfacet
  facet normal -0 -0.0969766 -0.995287
    outer loop
      vertex 119.09 200.39 130.962
      vertex 109.6 200 131
      vertex 109.6 200.39 130.962
    endloop
  endfacet
  facet normal 0 -0.634903 -0.772592
    outer loop
      vertex 109.6 201.111 130.663
      vertex 119.09 201.414 130.414
      vertex 119.09 201.111 130.663
    endloop
  endfacet
  facet normal -0 -0.634903 -0.772592
    outer loop
      vertex 119.09 201.414 130.414
      vertex 109.6 201.111 130.663
      vertex 109.6 201.414 130.414
    endloop
  endfacet
  facet normal 0 -0.881859 -0.471514
    outer loop
      vertex 109.6 201.848 129.765
      vertex 119.09 201.663 130.111
      vertex 109.6 201.663 130.111
    endloop
  endfacet
  facet normal 0 -0.881859 -0.471514
    outer loop
      vertex 119.09 201.663 130.111
      vertex 109.6 201.848 129.765
      vertex 119.09 201.848 129.765
    endloop
  endfacet
  facet normal 0 -0.995287 -0.0969766
    outer loop
      vertex 109.6 202 129
      vertex 119.09 201.962 129.39
      vertex 109.6 201.962 129.39
    endloop
  endfacet
  facet normal 0 -0.995287 -0.0969766
    outer loop
      vertex 119.09 201.962 129.39
      vertex 109.6 202 129
      vertex 119.09 202 129
    endloop
  endfacet
  facet normal 0 -0.772592 -0.634903
    outer loop
      vertex 109.6 201.663 130.111
      vertex 119.09 201.414 130.414
      vertex 109.6 201.414 130.414
    endloop
  endfacet
  facet normal 0 -0.772592 -0.634903
    outer loop
      vertex 119.09 201.414 130.414
      vertex 109.6 201.663 130.111
      vertex 119.09 201.663 130.111
    endloop
  endfacet
  facet normal 0 -0.0969766 0.995287
    outer loop
      vertex 109.6 200.39 127.038
      vertex 119.09 200 127
      vertex 119.09 200.39 127.038
    endloop
  endfacet
  facet normal 0 -0.0969766 0.995287
    outer loop
      vertex 119.09 200 127
      vertex 109.6 200.39 127.038
      vertex 109.6 200 127
    endloop
  endfacet
  facet normal -0 0.290857 0.956767
    outer loop
      vertex 109.6 199.61 127.038
      vertex 119.09 199.235 127.152
      vertex 119.09 199.61 127.038
    endloop
  endfacet
  facet normal 0 0.290857 0.956767
    outer loop
      vertex 119.09 199.235 127.152
      vertex 109.6 199.61 127.038
      vertex 109.6 199.235 127.152
    endloop
  endfacet
  facet normal 0 0.772592 -0.634903
    outer loop
      vertex 119.09 198.337 130.111
      vertex 109.6 198.586 130.414
      vertex 119.09 198.586 130.414
    endloop
  endfacet
  facet normal 0 0.772592 -0.634903
    outer loop
      vertex 109.6 198.586 130.414
      vertex 119.09 198.337 130.111
      vertex 109.6 198.337 130.111
    endloop
  endfacet
  facet normal 0 0.290857 -0.956767
    outer loop
      vertex 109.6 199.235 130.848
      vertex 119.09 199.61 130.962
      vertex 119.09 199.235 130.848
    endloop
  endfacet
  facet normal 0 0.290857 -0.956767
    outer loop
      vertex 119.09 199.61 130.962
      vertex 109.6 199.235 130.848
      vertex 109.6 199.61 130.962
    endloop
  endfacet
  facet normal 0 0.772592 0.634903
    outer loop
      vertex 119.09 198.586 127.586
      vertex 109.6 198.337 127.889
      vertex 119.09 198.337 127.889
    endloop
  endfacet
  facet normal 0 0.772592 0.634903
    outer loop
      vertex 109.6 198.337 127.889
      vertex 119.09 198.586 127.586
      vertex 109.6 198.586 127.586
    endloop
  endfacet
  facet normal 0 -0.772592 0.634903
    outer loop
      vertex 109.6 201.414 127.586
      vertex 119.09 201.663 127.889
      vertex 109.6 201.663 127.889
    endloop
  endfacet
  facet normal 0 -0.772592 0.634903
    outer loop
      vertex 119.09 201.663 127.889
      vertex 109.6 201.414 127.586
      vertex 119.09 201.414 127.586
    endloop
  endfacet
  facet normal 0 -0.290857 -0.956767
    outer loop
      vertex 109.6 200.39 130.962
      vertex 119.09 200.765 130.848
      vertex 119.09 200.39 130.962
    endloop
  endfacet
  facet normal -0 -0.290857 -0.956767
    outer loop
      vertex 119.09 200.765 130.848
      vertex 109.6 200.39 130.962
      vertex 109.6 200.765 130.848
    endloop
  endfacet
  facet normal -0 0.471514 0.881859
    outer loop
      vertex 109.6 199.235 127.152
      vertex 119.09 198.889 127.337
      vertex 119.09 199.235 127.152
    endloop
  endfacet
  facet normal 0 0.471514 0.881859
    outer loop
      vertex 119.09 198.889 127.337
      vertex 109.6 199.235 127.152
      vertex 109.6 198.889 127.337
    endloop
  endfacet
  facet normal 0 0.0969766 -0.995287
    outer loop
      vertex 109.6 199.61 130.962
      vertex 119.09 200 131
      vertex 119.09 199.61 130.962
    endloop
  endfacet
  facet normal 0 0.0969766 -0.995287
    outer loop
      vertex 119.09 200 131
      vertex 109.6 199.61 130.962
      vertex 109.6 200 131
    endloop
  endfacet
  facet normal 0 0.634903 -0.772592
    outer loop
      vertex 109.6 198.586 130.414
      vertex 119.09 198.889 130.663
      vertex 119.09 198.586 130.414
    endloop
  endfacet
  facet normal 0 0.634903 -0.772592
    outer loop
      vertex 119.09 198.889 130.663
      vertex 109.6 198.586 130.414
      vertex 109.6 198.889 130.663
    endloop
  endfacet
  facet normal 0 0.881859 0.471514
    outer loop
      vertex 119.09 198.337 127.889
      vertex 109.6 198.152 128.235
      vertex 119.09 198.152 128.235
    endloop
  endfacet
  facet normal 0 0.881859 0.471514
    outer loop
      vertex 109.6 198.152 128.235
      vertex 119.09 198.337 127.889
      vertex 109.6 198.337 127.889
    endloop
  endfacet
  facet normal 0 0.995287 0.0969766
    outer loop
      vertex 119.09 198.038 128.61
      vertex 109.6 198 129
      vertex 119.09 198 129
    endloop
  endfacet
  facet normal 0 0.995287 0.0969766
    outer loop
      vertex 109.6 198 129
      vertex 119.09 198.038 128.61
      vertex 109.6 198.038 128.61
    endloop
  endfacet
  facet normal 0 0.995287 -0.0969766
    outer loop
      vertex 119.09 198 129
      vertex 109.6 198.038 129.39
      vertex 119.09 198.038 129.39
    endloop
  endfacet
  facet normal 0 0.995287 -0.0969766
    outer loop
      vertex 109.6 198.038 129.39
      vertex 119.09 198 129
      vertex 109.6 198 129
    endloop
  endfacet
  facet normal 0 0.881859 -0.471514
    outer loop
      vertex 119.09 198.152 129.765
      vertex 109.6 198.337 130.111
      vertex 119.09 198.337 130.111
    endloop
  endfacet
  facet normal 0 0.881859 -0.471514
    outer loop
      vertex 109.6 198.337 130.111
      vertex 119.09 198.152 129.765
      vertex 109.6 198.152 129.765
    endloop
  endfacet
  facet normal -1 0 0
    outer loop
      vertex 119.09 201.962 128.61
      vertex 119.09 201.962 129.39
      vertex 119.09 202 129
    endloop
  endfacet
  facet normal -1 0 0
    outer loop
      vertex 119.09 201.848 128.235
      vertex 119.09 201.962 129.39
      vertex 119.09 201.962 128.61
    endloop
  endfacet
  facet normal -1 0 0
    outer loop
      vertex 119.09 201.848 128.235
      vertex 119.09 201.848 129.765
      vertex 119.09 201.962 129.39
    endloop
  endfacet
  facet normal -1 0 0
    outer loop
      vertex 119.09 201.663 127.889
      vertex 119.09 201.848 129.765
      vertex 119.09 201.848 128.235
    endloop
  endfacet
  facet normal -1 0 0
    outer loop
      vertex 119.09 201.663 127.889
      vertex 119.09 201.663 130.111
      vertex 119.09 201.848 129.765
    endloop
  endfacet
  facet normal -1 0 0
    outer loop
      vertex 119.09 201.414 127.586
      vertex 119.09 201.663 130.111
      vertex 119.09 201.663 127.889
    endloop
  endfacet
  facet normal -1 0 0
    outer loop
      vertex 119.09 201.414 127.586
      vertex 119.09 201.414 130.414
      vertex 119.09 201.663 130.111
    endloop
  endfacet
  facet normal -1 0 0
    outer loop
      vertex 119.09 201.111 127.337
      vertex 119.09 201.414 130.414
      vertex 119.09 201.414 127.586
    endloop
  endfacet
  facet normal -1 0 0
    outer loop
      vertex 119.09 201.111 127.337
      vertex 119.09 201.111 130.663
      vertex 119.09 201.414 130.414
    endloop
  endfacet
  facet normal -1 0 0
    outer loop
      vertex 119.09 200.765 127.152
      vertex 119.09 201.111 130.663
      vertex 119.09 201.111 127.337
    endloop
  endfacet
  facet normal -1 0 0
    outer loop
      vertex 119.09 200.765 127.152
      vertex 119.09 200.765 130.848
      vertex 119.09 201.111 130.663
    endloop
  endfacet
  facet normal -1 0 0
    outer loop
      vertex 119.09 200.39 127.038
      vertex 119.09 200.765 130.848
      vertex 119.09 200.765 127.152
    endloop
  endfacet
  facet normal -1 0 0
    outer loop
      vertex 119.09 200.39 127.038
      vertex 119.09 200.39 130.962
      vertex 119.09 200.765 130.848
    endloop
  endfacet
  facet normal -1 0 0
    outer loop
      vertex 119.09 200 127
      vertex 119.09 200.39 130.962
      vertex 119.09 200.39 127.038
    endloop
  endfacet
  facet normal -1 0 0
    outer loop
      vertex 119.09 200 127
      vertex 119.09 200 131
      vertex 119.09 200.39 130.962
    endloop
  endfacet
  facet normal -1 0 0
    outer loop
      vertex 119.09 199.61 127.038
      vertex 119.09 200 131
      vertex 119.09 200 127
    endloop
  endfacet
  facet normal -1 0 0
    outer loop
      vertex 119.09 199.61 127.038
      vertex 119.09 199.61 130.962
      vertex 119.09 200 131
    endloop
  endfacet
  facet normal -1 0 0
    outer loop
      vertex 119.09 199.235 127.152
      vertex 119.09 199.61 130.962
      vertex 119.09 199.61 127.038
    endloop
  endfacet
  facet normal -1 0 0
    outer loop
      vertex 119.09 199.235 127.152
      vertex 119.09 199.235 130.848
      vertex 119.09 199.61 130.962
    endloop
  endfacet
  facet normal -1 0 0
    outer loop
      vertex 119.09 198.889 127.337
      vertex 119.09 199.235 130.848
      vertex 119.09 199.235 127.152
    endloop
  endfacet
  facet normal -1 0 0
    outer loop
      vertex 119.09 198.889 127.337
      vertex 119.09 198.889 130.663
      vertex 119.09 199.235 130.848
    endloop
  endfacet
  facet normal -1 0 0
    outer loop
      vertex 119.09 198.586 127.586
      vertex 119.09 198.889 130.663
      vertex 119.09 198.889 127.337
    endloop
  endfacet
  facet normal -1 0 0
    outer loop
      vertex 119.09 198.586 127.586
      vertex 119.09 198.586 130.414
      vertex 119.09 198.889 130.663
    endloop
  endfacet
  facet normal -1 0 0
    outer loop
      vertex 119.09 198.337 127.889
      vertex 119.09 198.586 130.414
      vertex 119.09 198.586 127.586
    endloop
  endfacet
  facet normal -1 0 0
    outer loop
      vertex 119.09 198.337 127.889
      vertex 119.09 198.337 130.111
      vertex 119.09 198.586 130.414
    endloop
  endfacet
  facet normal -1 0 0
    outer loop
      vertex 119.09 198.152 128.235
      vertex 119.09 198.337 130.111
      vertex 119.09 198.337 127.889
    endloop
  endfacet
  facet normal -1 0 0
    outer loop
      vertex 119.09 198.152 128.235
      vertex 119.09 198.152 129.765
      vertex 119.09 198.337 130.111
    endloop
  endfacet
  facet normal -1 0 0
    outer loop
      vertex 119.09 198.038 128.61
      vertex 119.09 198.152 129.765
      vertex 119.09 198.152 128.235
    endloop
  endfacet
  facet normal -1 0 0
    outer loop
      vertex 119.09 198.038 128.61
      vertex 119.09 198.038 129.39
      vertex 119.09 198.152 129.765
    endloop
  endfacet
  facet normal -1 0 -0
    outer loop
      vertex 119.09 198.038 129.39
      vertex 119.09 198.038 128.61
      vertex 119.09 198 129
    endloop
  endfacet
  facet normal 0 0.956767 -0.290857
    outer loop
      vertex 119.09 198.038 129.39
      vertex 109.6 198.152 129.765
      vertex 119.09 198.152 129.765
    endloop
  endfacet
  facet normal 0 0.956767 -0.290857
    outer loop
      vertex 109.6 198.152 129.765
      vertex 119.09 198.038 129.39
      vertex 109.6 198.038 129.39
    endloop
  endfacet
  facet normal 0 0.471514 -0.881859
    outer loop
      vertex 109.6 198.889 130.663
      vertex 119.09 199.235 130.848
      vertex 119.09 198.889 130.663
    endloop
  endfacet
  facet normal 0 0.471514 -0.881859
    outer loop
      vertex 119.09 199.235 130.848
      vertex 109.6 198.889 130.663
      vertex 109.6 199.235 130.848
    endloop
  endfacet
  facet normal -0 0.634903 0.772592
    outer loop
      vertex 109.6 198.889 127.337
      vertex 119.09 198.586 127.586
      vertex 119.09 198.889 127.337
    endloop
  endfacet
  facet normal 0 0.634903 0.772592
    outer loop
      vertex 119.09 198.586 127.586
      vertex 109.6 198.889 127.337
      vertex 109.6 198.586 127.586
    endloop
  endfacet
  facet normal 0 -0.881925 -0.47139
    outer loop
      vertex 121.593 8.57059 90.6506
      vertex 122.95 8.4135 90.9445
      vertex 121.593 8.4135 90.9445
    endloop
  endfacet
  facet normal 0 -0.881925 -0.47139
    outer loop
      vertex 122.95 8.4135 90.9445
      vertex 121.593 8.57059 90.6506
      vertex 122.95 8.57059 90.6506
    endloop
  endfacet
  facet normal 0 0.0981221 -0.995174
    outer loop
      vertex 121.593 6.66835 91.6673
      vertex 122.95 7 91.7
      vertex 122.95 6.66835 91.6673
    endloop
  endfacet
  facet normal 0 0.0981221 -0.995174
    outer loop
      vertex 122.95 7 91.7
      vertex 121.593 6.66835 91.6673
      vertex 121.593 7 91.7
    endloop
  endfacet
  facet normal 0 0.956963 0.290209
    outer loop
      vertex 122.95 5.42941 89.3494
      vertex 121.593 5.33267 89.6684
      vertex 122.95 5.33267 89.6684
    endloop
  endfacet
  facet normal 0 0.956963 0.290209
    outer loop
      vertex 121.593 5.33267 89.6684
      vertex 122.95 5.42941 89.3494
      vertex 121.593 5.42941 89.3494
    endloop
  endfacet
  facet normal 0 -0.956963 0.290209
    outer loop
      vertex 121.593 8.57059 89.3494
      vertex 122.95 8.66733 89.6684
      vertex 121.593 8.66733 89.6684
    endloop
  endfacet
  facet normal 0 -0.956963 0.290209
    outer loop
      vertex 122.95 8.66733 89.6684
      vertex 121.593 8.57059 89.3494
      vertex 122.95 8.57059 89.3494
    endloop
  endfacet
  facet normal 0 -0.471401 0.881919
    outer loop
      vertex 121.593 7.94447 88.5865
      vertex 122.95 7.65056 88.4294
      vertex 122.95 7.94447 88.5865
    endloop
  endfacet
  facet normal 0 -0.471401 0.881919
    outer loop
      vertex 122.95 7.65056 88.4294
      vertex 121.593 7.94447 88.5865
      vertex 121.593 7.65056 88.4294
    endloop
  endfacet
  facet normal 0 -0.471401 -0.881919
    outer loop
      vertex 121.593 7.65056 91.5706
      vertex 122.95 7.94447 91.4135
      vertex 122.95 7.65056 91.5706
    endloop
  endfacet
  facet normal -0 -0.471401 -0.881919
    outer loop
      vertex 122.95 7.94447 91.4135
      vertex 121.593 7.65056 91.5706
      vertex 121.593 7.94447 91.4135
    endloop
  endfacet
  facet normal 0 -0.634366 -0.773033
    outer loop
      vertex 121.593 7.94447 91.4135
      vertex 122.95 8.20208 91.2021
      vertex 122.95 7.94447 91.4135
    endloop
  endfacet
  facet normal -0 -0.634366 -0.773033
    outer loop
      vertex 122.95 8.20208 91.2021
      vertex 121.593 7.94447 91.4135
      vertex 121.593 8.20208 91.2021
    endloop
  endfacet
  facet normal 0 -0.772991 -0.634417
    outer loop
      vertex 121.593 8.4135 90.9445
      vertex 122.95 8.20208 91.2021
      vertex 121.593 8.20208 91.2021
    endloop
  endfacet
  facet normal 0 -0.772991 -0.634417
    outer loop
      vertex 122.95 8.20208 91.2021
      vertex 121.593 8.4135 90.9445
      vertex 122.95 8.4135 90.9445
    endloop
  endfacet
  facet normal 0 -0.995182 -0.0980476
    outer loop
      vertex 121.593 8.7 90
      vertex 122.95 8.66733 90.3316
      vertex 121.593 8.66733 90.3316
    endloop
  endfacet
  facet normal 0 -0.995182 -0.0980476
    outer loop
      vertex 122.95 8.66733 90.3316
      vertex 121.593 8.7 90
      vertex 122.95 8.7 90
    endloop
  endfacet
  facet normal 0 -0.0981221 0.995174
    outer loop
      vertex 121.593 7.33165 88.3327
      vertex 122.95 7 88.3
      vertex 122.95 7.33165 88.3327
    endloop
  endfacet
  facet normal 0 -0.0981221 0.995174
    outer loop
      vertex 122.95 7 88.3
      vertex 121.593 7.33165 88.3327
      vertex 121.593 7 88.3
    endloop
  endfacet
  facet normal 0 -0.634366 0.773033
    outer loop
      vertex 121.593 8.20208 88.7979
      vertex 122.95 7.94447 88.5865
      vertex 122.95 8.20208 88.7979
    endloop
  endfacet
  facet normal 0 -0.634366 0.773033
    outer loop
      vertex 122.95 7.94447 88.5865
      vertex 121.593 8.20208 88.7979
      vertex 121.593 7.94447 88.5865
    endloop
  endfacet
  facet normal 0 -0.881925 0.47139
    outer loop
      vertex 121.593 8.4135 89.0555
      vertex 122.95 8.57059 89.3494
      vertex 121.593 8.57059 89.3494
    endloop
  endfacet
  facet normal 0 -0.881925 0.47139
    outer loop
      vertex 122.95 8.57059 89.3494
      vertex 121.593 8.4135 89.0555
      vertex 122.95 8.4135 89.0555
    endloop
  endfacet
  facet normal 0 -0.995182 0.0980476
    outer loop
      vertex 121.593 8.66733 89.6684
      vertex 122.95 8.7 90
      vertex 121.593 8.7 90
    endloop
  endfacet
  facet normal 0 -0.995182 0.0980476
    outer loop
      vertex 122.95 8.7 90
      vertex 121.593 8.66733 89.6684
      vertex 122.95 8.66733 89.6684
    endloop
  endfacet
  facet normal 0 -0.772991 0.634417
    outer loop
      vertex 121.593 8.20208 88.7979
      vertex 122.95 8.4135 89.0555
      vertex 121.593 8.4135 89.0555
    endloop
  endfacet
  facet normal 0 -0.772991 0.634417
    outer loop
      vertex 122.95 8.4135 89.0555
      vertex 121.593 8.20208 88.7979
      vertex 122.95 8.20208 88.7979
    endloop
  endfacet
  facet normal 0 -0.0981221 -0.995174
    outer loop
      vertex 121.593 7 91.7
      vertex 122.95 7.33165 91.6673
      vertex 122.95 7 91.7
    endloop
  endfacet
  facet normal -0 -0.0981221 -0.995174
    outer loop
      vertex 122.95 7.33165 91.6673
      vertex 121.593 7 91.7
      vertex 121.593 7.33165 91.6673
    endloop
  endfacet
  facet normal 0 0.995182 -0.0980476
    outer loop
      vertex 122.95 5.3 90
      vertex 121.593 5.33267 90.3316
      vertex 122.95 5.33267 90.3316
    endloop
  endfacet
  facet normal 0 0.995182 -0.0980476
    outer loop
      vertex 121.593 5.33267 90.3316
      vertex 122.95 5.3 90
      vertex 121.593 5.3 90
    endloop
  endfacet
  facet normal 0 0.471401 -0.881919
    outer loop
      vertex 121.593 6.05553 91.4135
      vertex 122.95 6.34944 91.5706
      vertex 122.95 6.05553 91.4135
    endloop
  endfacet
  facet normal 0 0.471401 -0.881919
    outer loop
      vertex 122.95 6.34944 91.5706
      vertex 121.593 6.05553 91.4135
      vertex 121.593 6.34944 91.5706
    endloop
  endfacet
  facet normal 0 0.290174 -0.956974
    outer loop
      vertex 121.593 6.34944 91.5706
      vertex 122.95 6.66835 91.6673
      vertex 122.95 6.34944 91.5706
    endloop
  endfacet
  facet normal 0 0.290174 -0.956974
    outer loop
      vertex 122.95 6.66835 91.6673
      vertex 121.593 6.34944 91.5706
      vertex 121.593 6.66835 91.6673
    endloop
  endfacet
  facet normal 0 0.956963 -0.290209
    outer loop
      vertex 122.95 5.33267 90.3316
      vertex 121.593 5.42941 90.6506
      vertex 122.95 5.42941 90.6506
    endloop
  endfacet
  facet normal 0 0.956963 -0.290209
    outer loop
      vertex 121.593 5.42941 90.6506
      vertex 122.95 5.33267 90.3316
      vertex 121.593 5.33267 90.3316
    endloop
  endfacet
  facet normal 0 0.881925 -0.47139
    outer loop
      vertex 122.95 5.42941 90.6506
      vertex 121.593 5.5865 90.9445
      vertex 122.95 5.5865 90.9445
    endloop
  endfacet
  facet normal 0 0.881925 -0.47139
    outer loop
      vertex 121.593 5.5865 90.9445
      vertex 122.95 5.42941 90.6506
      vertex 121.593 5.42941 90.6506
    endloop
  endfacet
  facet normal 0 0.995182 0.0980476
    outer loop
      vertex 122.95 5.33267 89.6684
      vertex 121.593 5.3 90
      vertex 122.95 5.3 90
    endloop
  endfacet
  facet normal 0 0.995182 0.0980476
    outer loop
      vertex 121.593 5.3 90
      vertex 122.95 5.33267 89.6684
      vertex 121.593 5.33267 89.6684
    endloop
  endfacet
  facet normal 0 0.772991 0.634417
    outer loop
      vertex 122.95 5.79792 88.7979
      vertex 121.593 5.5865 89.0555
      vertex 122.95 5.5865 89.0555
    endloop
  endfacet
  facet normal 0 0.772991 0.634417
    outer loop
      vertex 121.593 5.5865 89.0555
      vertex 122.95 5.79792 88.7979
      vertex 121.593 5.79792 88.7979
    endloop
  endfacet
  facet normal -0 0.471401 0.881919
    outer loop
      vertex 121.593 6.34944 88.4294
      vertex 122.95 6.05553 88.5865
      vertex 122.95 6.34944 88.4294
    endloop
  endfacet
  facet normal 0 0.471401 0.881919
    outer loop
      vertex 122.95 6.05553 88.5865
      vertex 121.593 6.34944 88.4294
      vertex 121.593 6.05553 88.5865
    endloop
  endfacet
  facet normal -0 0.0981221 0.995174
    outer loop
      vertex 121.593 7 88.3
      vertex 122.95 6.66835 88.3327
      vertex 122.95 7 88.3
    endloop
  endfacet
  facet normal 0 0.0981221 0.995174
    outer loop
      vertex 122.95 6.66835 88.3327
      vertex 121.593 7 88.3
      vertex 121.593 6.66835 88.3327
    endloop
  endfacet
  facet normal -0 0.634366 0.773033
    outer loop
      vertex 121.593 6.05553 88.5865
      vertex 122.95 5.79792 88.7979
      vertex 122.95 6.05553 88.5865
    endloop
  endfacet
  facet normal 0 0.634366 0.773033
    outer loop
      vertex 122.95 5.79792 88.7979
      vertex 121.593 6.05553 88.5865
      vertex 121.593 5.79792 88.7979
    endloop
  endfacet
  facet normal 0 -0.290174 -0.956974
    outer loop
      vertex 121.593 7.33165 91.6673
      vertex 122.95 7.65056 91.5706
      vertex 122.95 7.33165 91.6673
    endloop
  endfacet
  facet normal -0 -0.290174 -0.956974
    outer loop
      vertex 122.95 7.65056 91.5706
      vertex 121.593 7.33165 91.6673
      vertex 121.593 7.65056 91.5706
    endloop
  endfacet
  facet normal 0 -0.956963 -0.290209
    outer loop
      vertex 121.593 8.66733 90.3316
      vertex 122.95 8.57059 90.6506
      vertex 121.593 8.57059 90.6506
    endloop
  endfacet
  facet normal 0 -0.956963 -0.290209
    outer loop
      vertex 122.95 8.57059 90.6506
      vertex 121.593 8.66733 90.3316
      vertex 122.95 8.66733 90.3316
    endloop
  endfacet
  facet normal 0 -0.290174 0.956974
    outer loop
      vertex 121.593 7.65056 88.4294
      vertex 122.95 7.33165 88.3327
      vertex 122.95 7.65056 88.4294
    endloop
  endfacet
  facet normal 0 -0.290174 0.956974
    outer loop
      vertex 122.95 7.33165 88.3327
      vertex 121.593 7.65056 88.4294
      vertex 121.593 7.33165 88.3327
    endloop
  endfacet
  facet normal 0 0.634366 -0.773033
    outer loop
      vertex 121.593 5.79792 91.2021
      vertex 122.95 6.05553 91.4135
      vertex 122.95 5.79792 91.2021
    endloop
  endfacet
  facet normal 0 0.634366 -0.773033
    outer loop
      vertex 122.95 6.05553 91.4135
      vertex 121.593 5.79792 91.2021
      vertex 121.593 6.05553 91.4135
    endloop
  endfacet
  facet normal 0 0.772991 -0.634417
    outer loop
      vertex 122.95 5.5865 90.9445
      vertex 121.593 5.79792 91.2021
      vertex 122.95 5.79792 91.2021
    endloop
  endfacet
  facet normal 0 0.772991 -0.634417
    outer loop
      vertex 121.593 5.79792 91.2021
      vertex 122.95 5.5865 90.9445
      vertex 121.593 5.5865 90.9445
    endloop
  endfacet
  facet normal 0 0.881925 0.47139
    outer loop
      vertex 122.95 5.5865 89.0555
      vertex 121.593 5.42941 89.3494
      vertex 122.95 5.42941 89.3494
    endloop
  endfacet
  facet normal 0 0.881925 0.47139
    outer loop
      vertex 121.593 5.42941 89.3494
      vertex 122.95 5.5865 89.0555
      vertex 121.593 5.5865 89.0555
    endloop
  endfacet
  facet normal -0 0.290174 0.956974
    outer loop
      vertex 121.593 6.66835 88.3327
      vertex 122.95 6.34944 88.4294
      vertex 122.95 6.66835 88.3327
    endloop
  endfacet
  facet normal 0 0.290174 0.956974
    outer loop
      vertex 122.95 6.34944 88.4294
      vertex 121.593 6.66835 88.3327
      vertex 121.593 6.34944 88.4294
    endloop
  endfacet
  facet normal 0.683674 -0.0714901 -0.726278
    outer loop
      vertex 124.578 7.61666 93.1718
      vertex 124.578 7 93.2325
      vertex 122.95 7 91.7
    endloop
  endfacet
  facet normal 0.683674 0.0714901 0.726278
    outer loop
      vertex 124.578 6.38334 86.8282
      vertex 124.578 7 86.7675
      vertex 122.95 7 88.3
    endloop
  endfacet
  facet normal 0.683676 0.643616 -0.344014
    outer loop
      vertex 124.578 4.02014 91.2494
      vertex 122.95 5.42941 90.6506
      vertex 122.95 5.5865 90.9445
    endloop
  endfacet
  facet normal 0.683692 0.643772 -0.343691
    outer loop
      vertex 122.95 5.42941 90.6506
      vertex 124.578 4.02014 91.2494
      vertex 124.578 4.01352 91.237
    endloop
  endfacet
  facet normal 0.68369 -0.344013 -0.643602
    outer loop
      vertex 124.578 8.79591 92.6878
      vertex 124.578 8.24943 92.9799
      vertex 122.95 7.94447 91.4135
    endloop
  endfacet
  facet normal 0.68369 -0.344013 0.643602
    outer loop
      vertex 124.578 8.24943 87.0201
      vertex 124.578 8.79591 87.3122
      vertex 122.95 7.94447 88.5865
    endloop
  endfacet
  facet normal 0.683682 -0.564113 0.462985
    outer loop
      vertex 122.95 8.20208 88.7979
      vertex 124.578 9.29467 87.7251
      vertex 122.95 8.4135 89.0555
    endloop
  endfacet
  facet normal 0.683617 -0.565073 0.461909
    outer loop
      vertex 124.578 9.29467 87.7251
      vertex 122.95 8.20208 88.7979
      vertex 124.578 9.28576 87.7142
    endloop
  endfacet
  facet normal 0.683687 -0.211872 0.698343
    outer loop
      vertex 124.578 7.64408 86.8336
      vertex 124.578 8.23704 87.0135
      vertex 122.95 7.65056 88.4294
    endloop
  endfacet
  facet normal 0.684409 -0.699058 -0.207128
    outer loop
      vertex 122.95 8.57059 90.6506
      vertex 124.578 10.1704 90.6306
      vertex 124.578 10.1664 90.6441
    endloop
  endfacet
  facet normal 0.68368 -0.698375 -0.211789
    outer loop
      vertex 124.578 10.1704 90.6306
      vertex 122.95 8.57059 90.6506
      vertex 122.95 8.66733 90.3316
    endloop
  endfacet
  facet normal 0.683687 -0.211872 -0.698343
    outer loop
      vertex 124.578 8.23704 92.9865
      vertex 124.578 7.64408 93.1664
      vertex 122.95 7.65056 91.5706
    endloop
  endfacet
  facet normal 0.68369 0.344013 -0.643602
    outer loop
      vertex 124.578 5.75057 92.9799
      vertex 124.578 5.20409 92.6878
      vertex 122.95 6.05553 91.4135
    endloop
  endfacet
  facet normal 0.683689 0.462965 -0.564121
    outer loop
      vertex 124.578 5.20409 92.6878
      vertex 124.578 4.7251 92.2947
      vertex 122.95 6.05553 91.4135
    endloop
  endfacet
  facet normal 0.683674 0.0714901 -0.726278
    outer loop
      vertex 124.578 7 93.2325
      vertex 124.578 6.38334 93.1718
      vertex 122.95 7 91.7
    endloop
  endfacet
  facet normal 0.683689 -0.462971 0.564116
    outer loop
      vertex 124.578 8.79591 87.3122
      vertex 124.578 9.27489 87.7053
      vertex 122.95 7.94447 88.5865
    endloop
  endfacet
  facet normal 0.683692 -0.643772 0.343691
    outer loop
      vertex 122.95 8.57059 89.3494
      vertex 124.578 9.97986 88.7506
      vertex 124.578 9.98648 88.763
    endloop
  endfacet
  facet normal 0.683676 -0.643616 0.344014
    outer loop
      vertex 124.578 9.97986 88.7506
      vertex 122.95 8.57059 89.3494
      vertex 122.95 8.4135 89.0555
    endloop
  endfacet
  facet normal 0.683674 -0.0714901 0.726278
    outer loop
      vertex 124.578 7 86.7675
      vertex 124.578 7.61666 86.8282
      vertex 122.95 7 88.3
    endloop
  endfacet
  facet normal 0.68369 -0.344016 0.643601
    outer loop
      vertex 122.95 7.65056 88.4294
      vertex 124.578 8.24943 87.0201
      vertex 122.95 7.94447 88.5865
    endloop
  endfacet
  facet normal 0.683736 -0.343078 0.644052
    outer loop
      vertex 124.578 8.24943 87.0201
      vertex 122.95 7.65056 88.4294
      vertex 124.578 8.23704 87.0135
    endloop
  endfacet
  facet normal 0.683685 0.462946 0.564142
    outer loop
      vertex 122.95 5.79792 88.7979
      vertex 124.578 4.7251 87.7053
      vertex 122.95 6.05553 88.5865
    endloop
  endfacet
  facet normal 0.683663 0.462588 0.564461
    outer loop
      vertex 124.578 4.7251 87.7053
      vertex 122.95 5.79792 88.7979
      vertex 124.578 4.71424 87.7142
    endloop
  endfacet
  facet normal 0.683683 0.726265 0.0715312
    outer loop
      vertex 124.578 3.76745 90
      vertex 124.578 3.82819 89.3833
      vertex 122.95 5.3 90
    endloop
  endfacet
  facet normal 0.683677 0.56414 -0.46296
    outer loop
      vertex 124.578 4.70533 92.2749
      vertex 124.578 4.31224 91.7959
      vertex 122.95 5.5865 90.9445
    endloop
  endfacet
  facet normal 0.683674 -0.726278 -0.0714855
    outer loop
      vertex 124.578 10.2325 90
      vertex 124.578 10.1718 90.6167
      vertex 122.95 8.7 90
    endloop
  endfacet
  facet normal 0.683684 -0.726261 0.071553
    outer loop
      vertex 122.95 8.66733 89.6684
      vertex 124.578 10.1718 89.3833
      vertex 122.95 8.7 90
    endloop
  endfacet
  facet normal 0.683754 -0.726039 0.0731262
    outer loop
      vertex 124.578 10.1718 89.3833
      vertex 122.95 8.66733 89.6684
      vertex 124.578 10.1704 89.3694
    endloop
  endfacet
  facet normal 0.683617 -0.565073 -0.461909
    outer loop
      vertex 122.95 8.20208 91.2021
      vertex 124.578 9.29467 92.2749
      vertex 124.578 9.28576 92.2858
    endloop
  endfacet
  facet normal 0.683682 -0.564113 -0.462985
    outer loop
      vertex 124.578 9.29467 92.2749
      vertex 122.95 8.20208 91.2021
      vertex 122.95 8.4135 90.9445
    endloop
  endfacet
  facet normal 0.683677 -0.643618 -0.344009
    outer loop
      vertex 124.578 9.97986 91.2494
      vertex 124.578 9.68776 91.7959
      vertex 122.95 8.4135 90.9445
    endloop
  endfacet
  facet normal 0.683736 -0.343078 -0.644052
    outer loop
      vertex 122.95 7.65056 91.5706
      vertex 124.578 8.24943 92.9799
      vertex 124.578 8.23704 92.9865
    endloop
  endfacet
  facet normal 0.68369 -0.344016 -0.643601
    outer loop
      vertex 124.578 8.24943 92.9799
      vertex 122.95 7.65056 91.5706
      vertex 122.95 7.94447 91.4135
    endloop
  endfacet
  facet normal 0.683741 0.0727132 -0.726093
    outer loop
      vertex 122.95 6.66835 91.6673
      vertex 124.578 6.38334 93.1718
      vertex 124.578 6.36936 93.1704
    endloop
  endfacet
  facet normal 0.683692 0.0716067 -0.726249
    outer loop
      vertex 124.578 6.38334 93.1718
      vertex 122.95 6.66835 91.6673
      vertex 122.95 7 91.7
    endloop
  endfacet
  facet normal 0.683677 -0.56414 0.46296
    outer loop
      vertex 124.578 9.29467 87.7251
      vertex 124.578 9.68776 88.2041
      vertex 122.95 8.4135 89.0555
    endloop
  endfacet
  facet normal 0.683677 -0.643618 0.344009
    outer loop
      vertex 124.578 9.68776 88.2041
      vertex 124.578 9.97986 88.7506
      vertex 122.95 8.4135 89.0555
    endloop
  endfacet
  facet normal 0.683647 -0.462343 0.564682
    outer loop
      vertex 122.95 8.20208 88.7979
      vertex 124.578 9.27489 87.7053
      vertex 124.578 9.28576 87.7142
    endloop
  endfacet
  facet normal 0.683683 -0.462947 0.564143
    outer loop
      vertex 124.578 9.27489 87.7053
      vertex 122.95 8.20208 88.7979
      vertex 122.95 7.94447 88.5865
    endloop
  endfacet
  facet normal 0.683674 -0.726278 0.0714855
    outer loop
      vertex 124.578 10.1718 89.3833
      vertex 124.578 10.2325 90
      vertex 122.95 8.7 90
    endloop
  endfacet
  facet normal 0.684275 -0.208014 0.698927
    outer loop
      vertex 122.95 7.65056 88.4294
      vertex 124.578 7.63064 86.8296
      vertex 124.578 7.64408 86.8336
    endloop
  endfacet
  facet normal 0.683687 -0.211762 0.698376
    outer loop
      vertex 124.578 7.63064 86.8296
      vertex 122.95 7.65056 88.4294
      vertex 122.95 7.33165 88.3327
    endloop
  endfacet
  facet normal 0.683741 -0.0727132 0.726093
    outer loop
      vertex 122.95 7.33165 88.3327
      vertex 124.578 7.61666 86.8282
      vertex 124.578 7.63064 86.8296
    endloop
  endfacet
  facet normal 0.683692 -0.0716067 0.726249
    outer loop
      vertex 124.578 7.61666 86.8282
      vertex 122.95 7.33165 88.3327
      vertex 122.95 7 88.3
    endloop
  endfacet
  facet normal 0.683692 0.0716067 0.726249
    outer loop
      vertex 122.95 6.66835 88.3327
      vertex 124.578 6.38334 86.8282
      vertex 122.95 7 88.3
    endloop
  endfacet
  facet normal 0.683741 0.0727132 0.726093
    outer loop
      vertex 124.578 6.38334 86.8282
      vertex 122.95 6.66835 88.3327
      vertex 124.578 6.36936 86.8296
    endloop
  endfacet
  facet normal 0.683687 0.726259 0.0715527
    outer loop
      vertex 124.578 3.82819 89.3833
      vertex 122.95 5.33267 89.6684
      vertex 122.95 5.3 90
    endloop
  endfacet
  facet normal 0.683711 0.726183 0.0720958
    outer loop
      vertex 122.95 5.33267 89.6684
      vertex 124.578 3.82819 89.3833
      vertex 124.578 3.82957 89.3694
    endloop
  endfacet
  facet normal 0.683676 0.643616 0.344014
    outer loop
      vertex 122.95 5.42941 89.3494
      vertex 124.578 4.02014 88.7506
      vertex 122.95 5.5865 89.0555
    endloop
  endfacet
  facet normal 0.683692 0.643772 0.343691
    outer loop
      vertex 124.578 4.02014 88.7506
      vertex 122.95 5.42941 89.3494
      vertex 124.578 4.01352 88.763
    endloop
  endfacet
  facet normal 0.683679 0.69835 -0.211873
    outer loop
      vertex 124.578 4.01352 91.237
      vertex 124.578 3.83364 90.6441
      vertex 122.95 5.42941 90.6506
    endloop
  endfacet
  facet normal 0.683677 0.643618 -0.344009
    outer loop
      vertex 124.578 4.31224 91.7959
      vertex 124.578 4.02014 91.2494
      vertex 122.95 5.5865 90.9445
    endloop
  endfacet
  facet normal 0.683677 -0.56414 -0.46296
    outer loop
      vertex 124.578 9.68776 91.7959
      vertex 124.578 9.29467 92.2749
      vertex 122.95 8.4135 90.9445
    endloop
  endfacet
  facet normal 0.683681 -0.698335 -0.211915
    outer loop
      vertex 124.578 10.1664 90.6441
      vertex 124.578 9.98648 91.237
      vertex 122.95 8.57059 90.6506
    endloop
  endfacet
  facet normal 0.683692 -0.0716067 -0.726249
    outer loop
      vertex 122.95 7.33165 91.6673
      vertex 124.578 7.61666 93.1718
      vertex 122.95 7 91.7
    endloop
  endfacet
  facet normal 0.683741 -0.0727132 -0.726093
    outer loop
      vertex 124.578 7.61666 93.1718
      vertex 122.95 7.33165 91.6673
      vertex 124.578 7.63064 93.1704
    endloop
  endfacet
  facet normal 0.683687 -0.211762 -0.698376
    outer loop
      vertex 122.95 7.65056 91.5706
      vertex 124.578 7.63064 93.1704
      vertex 122.95 7.33165 91.6673
    endloop
  endfacet
  facet normal 0.684275 -0.208014 -0.698927
    outer loop
      vertex 124.578 7.63064 93.1704
      vertex 122.95 7.65056 91.5706
      vertex 124.578 7.64408 93.1664
    endloop
  endfacet
  facet normal 0.683689 -0.462971 -0.564116
    outer loop
      vertex 124.578 9.27489 92.2947
      vertex 124.578 8.79591 92.6878
      vertex 122.95 7.94447 91.4135
    endloop
  endfacet
  facet normal 0.683647 -0.462343 -0.564682
    outer loop
      vertex 124.578 9.27489 92.2947
      vertex 122.95 8.20208 91.2021
      vertex 124.578 9.28576 92.2858
    endloop
  endfacet
  facet normal 0.683683 -0.462947 -0.564143
    outer loop
      vertex 122.95 8.20208 91.2021
      vertex 124.578 9.27489 92.2947
      vertex 122.95 7.94447 91.4135
    endloop
  endfacet
  facet normal 0.683736 0.343078 -0.644052
    outer loop
      vertex 124.578 5.75057 92.9799
      vertex 122.95 6.34944 91.5706
      vertex 124.578 5.76296 92.9865
    endloop
  endfacet
  facet normal 0.68369 0.344016 -0.643601
    outer loop
      vertex 122.95 6.34944 91.5706
      vertex 124.578 5.75057 92.9799
      vertex 122.95 6.05553 91.4135
    endloop
  endfacet
  facet normal 0.683687 0.211872 -0.698343
    outer loop
      vertex 124.578 6.35592 93.1664
      vertex 124.578 5.76296 92.9865
      vertex 122.95 6.34944 91.5706
    endloop
  endfacet
  facet normal 0.68368 -0.698375 0.211789
    outer loop
      vertex 122.95 8.57059 89.3494
      vertex 124.578 10.1704 89.3694
      vertex 122.95 8.66733 89.6684
    endloop
  endfacet
  facet normal 0.684409 -0.699058 0.207128
    outer loop
      vertex 124.578 10.1704 89.3694
      vertex 122.95 8.57059 89.3494
      vertex 124.578 10.1664 89.3559
    endloop
  endfacet
  facet normal 0.683681 -0.698335 0.211915
    outer loop
      vertex 124.578 9.98648 88.763
      vertex 124.578 10.1664 89.3559
      vertex 122.95 8.57059 89.3494
    endloop
  endfacet
  facet normal 0.683754 -0.726039 -0.0731262
    outer loop
      vertex 122.95 8.66733 90.3316
      vertex 124.578 10.1718 90.6167
      vertex 124.578 10.1704 90.6306
    endloop
  endfacet
  facet normal 0.683684 -0.726261 -0.071553
    outer loop
      vertex 124.578 10.1718 90.6167
      vertex 122.95 8.66733 90.3316
      vertex 122.95 8.7 90
    endloop
  endfacet
  facet normal 0.68369 0.344016 0.643601
    outer loop
      vertex 124.578 5.75057 87.0201
      vertex 122.95 6.34944 88.4294
      vertex 122.95 6.05553 88.5865
    endloop
  endfacet
  facet normal 0.683736 0.343078 0.644052
    outer loop
      vertex 122.95 6.34944 88.4294
      vertex 124.578 5.75057 87.0201
      vertex 124.578 5.76296 87.0135
    endloop
  endfacet
  facet normal 0.68369 0.344013 0.643602
    outer loop
      vertex 124.578 5.20409 87.3122
      vertex 124.578 5.75057 87.0201
      vertex 122.95 6.05553 88.5865
    endloop
  endfacet
  facet normal 0.683689 0.462965 0.564121
    outer loop
      vertex 124.578 4.7251 87.7053
      vertex 124.578 5.20409 87.3122
      vertex 122.95 6.05553 88.5865
    endloop
  endfacet
  facet normal 0.683677 0.56414 0.46296
    outer loop
      vertex 124.578 4.31224 88.2041
      vertex 124.578 4.70533 87.7251
      vertex 122.95 5.5865 89.0555
    endloop
  endfacet
  facet normal 0.683677 0.643618 0.344009
    outer loop
      vertex 124.578 4.02014 88.7506
      vertex 124.578 4.31224 88.2041
      vertex 122.95 5.5865 89.0555
    endloop
  endfacet
  facet normal 0.683874 0.698544 0.210598
    outer loop
      vertex 122.95 5.42941 89.3494
      vertex 124.578 3.82957 89.3694
      vertex 124.578 3.83364 89.3559
    endloop
  endfacet
  facet normal 0.683687 0.698368 0.211787
    outer loop
      vertex 124.578 3.82957 89.3694
      vertex 122.95 5.42941 89.3494
      vertex 122.95 5.33267 89.6684
    endloop
  endfacet
  facet normal 0.683679 0.69835 0.211873
    outer loop
      vertex 124.578 3.83364 89.3559
      vertex 124.578 4.01352 88.763
      vertex 122.95 5.42941 89.3494
    endloop
  endfacet
  facet normal 0.683683 0.726265 -0.0715312
    outer loop
      vertex 124.578 3.82819 90.6167
      vertex 124.578 3.76745 90
      vertex 122.95 5.3 90
    endloop
  endfacet
  facet normal 0.683692 -0.643772 -0.343691
    outer loop
      vertex 124.578 9.97986 91.2494
      vertex 122.95 8.57059 90.6506
      vertex 124.578 9.98648 91.237
    endloop
  endfacet
  facet normal 0.683676 -0.643616 -0.344014
    outer loop
      vertex 122.95 8.57059 90.6506
      vertex 124.578 9.97986 91.2494
      vertex 122.95 8.4135 90.9445
    endloop
  endfacet
  facet normal 0.683617 0.565073 -0.461909
    outer loop
      vertex 124.578 4.70533 92.2749
      vertex 122.95 5.79792 91.2021
      vertex 124.578 4.71424 92.2858
    endloop
  endfacet
  facet normal 0.683682 0.564113 -0.462985
    outer loop
      vertex 122.95 5.79792 91.2021
      vertex 124.578 4.70533 92.2749
      vertex 122.95 5.5865 90.9445
    endloop
  endfacet
  facet normal 0.683685 0.462946 -0.564142
    outer loop
      vertex 124.578 4.7251 92.2947
      vertex 122.95 5.79792 91.2021
      vertex 122.95 6.05553 91.4135
    endloop
  endfacet
  facet normal 0.683663 0.462588 -0.564461
    outer loop
      vertex 122.95 5.79792 91.2021
      vertex 124.578 4.7251 92.2947
      vertex 124.578 4.71424 92.2858
    endloop
  endfacet
  facet normal 0.684275 0.208014 -0.698927
    outer loop
      vertex 122.95 6.34944 91.5706
      vertex 124.578 6.36936 93.1704
      vertex 124.578 6.35592 93.1664
    endloop
  endfacet
  facet normal 0.683687 0.211762 -0.698376
    outer loop
      vertex 124.578 6.36936 93.1704
      vertex 122.95 6.34944 91.5706
      vertex 122.95 6.66835 91.6673
    endloop
  endfacet
  facet normal 0.683687 0.211762 0.698376
    outer loop
      vertex 122.95 6.34944 88.4294
      vertex 124.578 6.36936 86.8296
      vertex 122.95 6.66835 88.3327
    endloop
  endfacet
  facet normal 0.684275 0.208014 0.698927
    outer loop
      vertex 124.578 6.36936 86.8296
      vertex 122.95 6.34944 88.4294
      vertex 124.578 6.35592 86.8336
    endloop
  endfacet
  facet normal 0.683687 0.211872 0.698343
    outer loop
      vertex 124.578 5.76296 87.0135
      vertex 124.578 6.35592 86.8336
      vertex 122.95 6.34944 88.4294
    endloop
  endfacet
  facet normal 0.683682 0.564113 0.462985
    outer loop
      vertex 124.578 4.70533 87.7251
      vertex 122.95 5.79792 88.7979
      vertex 122.95 5.5865 89.0555
    endloop
  endfacet
  facet normal 0.683617 0.565073 0.461909
    outer loop
      vertex 122.95 5.79792 88.7979
      vertex 124.578 4.70533 87.7251
      vertex 124.578 4.71424 87.7142
    endloop
  endfacet
  facet normal 0.683711 0.726183 -0.0720958
    outer loop
      vertex 124.578 3.82819 90.6167
      vertex 122.95 5.33267 90.3316
      vertex 124.578 3.82957 90.6306
    endloop
  endfacet
  facet normal 0.683687 0.726259 -0.0715527
    outer loop
      vertex 122.95 5.33267 90.3316
      vertex 124.578 3.82819 90.6167
      vertex 122.95 5.3 90
    endloop
  endfacet
  facet normal 0.683874 0.698544 -0.210598
    outer loop
      vertex 124.578 3.82957 90.6306
      vertex 122.95 5.42941 90.6506
      vertex 124.578 3.83364 90.6441
    endloop
  endfacet
  facet normal 0.683687 0.698368 -0.211787
    outer loop
      vertex 122.95 5.42941 90.6506
      vertex 124.578 3.82957 90.6306
      vertex 122.95 5.33267 90.3316
    endloop
  endfacet
  facet normal 0 -1 0
    outer loop
      vertex 121.593 -4 140
      vertex 121.6 -4 91.4458
      vertex 121.6 -4 140
    endloop
  endfacet
  facet normal 0 -1 0
    outer loop
      vertex 121.6 -4 91.4458
      vertex 121.6 -4 69.53
      vertex 123.1 -4 91.4458
    endloop
  endfacet
  facet normal 0 -1 0
    outer loop
      vertex 121.593 -4 140
      vertex 121.6 -4 69.53
      vertex 121.6 -4 91.4458
    endloop
  endfacet
  facet normal 0 -1 0
    outer loop
      vertex 121.593 -4 64.0925
      vertex 121.6 -4 69.53
      vertex 121.593 -4 140
    endloop
  endfacet
  facet normal 0 -1 -0
    outer loop
      vertex 121.6 -4 69.53
      vertex 121.593 -4 64.0925
      vertex 121.6 -4 64.0925
    endloop
  endfacet
  facet normal 0 -1 0
    outer loop
      vertex 123.1 -4 91.4458
      vertex 124.578 -4 140
      vertex 123.1 -4 140
    endloop
  endfacet
  facet normal 0 -1 0
    outer loop
      vertex 123.1 -4 69.53
      vertex 123.1 -4 91.4458
      vertex 121.6 -4 69.53
    endloop
  endfacet
  facet normal 0 -1 0
    outer loop
      vertex 124.578 -4 64.0925
      vertex 123.1 -4 91.4458
      vertex 123.1 -4 69.53
    endloop
  endfacet
  facet normal 0 -1 0
    outer loop
      vertex 124.578 -4 64.0925
      vertex 123.1 -4 69.53
      vertex 123.1 -4 64.0925
    endloop
  endfacet
  facet normal 0 -1 0
    outer loop
      vertex 123.1 -4 91.4458
      vertex 124.578 -4 64.0925
      vertex 124.578 -4 140
    endloop
  endfacet
  facet normal -1 0 0
    outer loop
      vertex 2 226 90
      vertex 2 238.293 104
      vertex 2 238.293 90
    endloop
  endfacet
  facet normal -1 -0 0
    outer loop
      vertex 2 238.293 104
      vertex 2 226 90
      vertex 2 226 104
    endloop
  endfacet
  facet normal -1 0 0
    outer loop
      vertex 2 238.293 90
      vertex 2 241.278 77
      vertex 2 238.293 77
    endloop
  endfacet
  facet normal -1 0 0
    outer loop
      vertex 2 238.293 104
      vertex 2 241.278 77
      vertex 2 238.293 90
    endloop
  endfacet
  facet normal -1 0 0
    outer loop
      vertex 2 241.278 77
      vertex 2 238.293 104
      vertex 2 241.278 140
    endloop
  endfacet
  facet normal -1 0 0
    outer loop
      vertex 2 238.293 134
      vertex 2 241.278 140
      vertex 2 238.293 104
    endloop
  endfacet
  facet normal -1 0 0
    outer loop
      vertex 2 238.293 134
      vertex 2 238.143 140
      vertex 2 241.278 140
    endloop
  endfacet
  facet normal -1 0 0
    outer loop
      vertex 2 236.35 134
      vertex 2 238.143 140
      vertex 2 238.293 134
    endloop
  endfacet
  facet normal -1 0 0
    outer loop
      vertex 2 236.35 148
      vertex 2 238.143 140
      vertex 2 236.35 134
    endloop
  endfacet
  facet normal -1 0 0
    outer loop
      vertex 2 238.143 140
      vertex 2 236.35 148
      vertex 2 238.143 148
    endloop
  endfacet
  facet normal -1 0 0
    outer loop
      vertex 2 241.106 3.19372
      vertex 2 238.235 4.06457
      vertex 2 238.293 4.35297
    endloop
  endfacet
  facet normal -1 0 0
    outer loop
      vertex 2 239.655 1.02145
      vertex 2 238.123 3.7929
      vertex 2 238.235 4.06457
    endloop
  endfacet
  facet normal -1 0 0
    outer loop
      vertex 2 237.507 3.17712
      vertex 2 238.921 0.531354
      vertex 2 238.106 0.193768
    endloop
  endfacet
  facet normal -1 0 0
    outer loop
      vertex 2 239.655 1.02145
      vertex 2 237.96 3.54841
      vertex 2 238.123 3.7929
    endloop
  endfacet
  facet normal -1 0 0
    outer loop
      vertex 2 239.655 1.02145
      vertex 2 237.752 3.34048
      vertex 2 237.96 3.54841
    endloop
  endfacet
  facet normal -1 0 0
    outer loop
      vertex 2 238.921 0.531354
      vertex 2 237.507 3.17712
      vertex 2 237.752 3.34048
    endloop
  endfacet
  facet normal -1 0 0
    outer loop
      vertex 2 237.235 3.06459
      vertex 2 238.106 0.193768
      vertex 2 237.241 0.0216684
    endloop
  endfacet
  facet normal -1 0 0
    outer loop
      vertex 2 238.106 0.193768
      vertex 2 237.235 3.06459
      vertex 2 237.507 3.17712
    endloop
  endfacet
  facet normal -1 0 0
    outer loop
      vertex 2 237.241 0.0216684
      vertex 2 236.947 3.00722
      vertex 2 237.235 3.06459
    endloop
  endfacet
  facet normal -1 0 0
    outer loop
      vertex 2 237.241 0.0216684
      vertex 2 96.8 3.00722
      vertex 2 236.947 3.00722
    endloop
  endfacet
  facet normal -1 0 0
    outer loop
      vertex 2 96.8 3.00722
      vertex 2 93.8 3.00722
      vertex 2 96.8 10.9
    endloop
  endfacet
  facet normal -1 0 0
    outer loop
      vertex 2 19.5 0.0216684
      vertex 2 96.8 3.00722
      vertex 2 237.241 0.0216684
    endloop
  endfacet
  facet normal -1 -0 0
    outer loop
      vertex 2 96.8 3.00722
      vertex 2 19.5 0.0216684
      vertex 2 93.8 3.00722
    endloop
  endfacet
  facet normal -1 0 0
    outer loop
      vertex 2 93.8 3.00722
      vertex 2 19.5 0.0216684
      vertex 2 24.5 1.5
    endloop
  endfacet
  facet normal -1 -0 0
    outer loop
      vertex 2 24.5 1.5
      vertex 2 19.5 0.0216684
      vertex 2 19.5 1.5
    endloop
  endfacet
  facet normal -1 0 0
    outer loop
      vertex 2 238.293 4.35297
      vertex 2 241.278 4.05892
      vertex 2 241.106 3.19372
    endloop
  endfacet
  facet normal -1 0 0
    outer loop
      vertex 2 238.235 4.06457
      vertex 2 241.106 3.19372
      vertex 2 240.769 2.37871
    endloop
  endfacet
  facet normal -1 0 0
    outer loop
      vertex 2 238.235 4.06457
      vertex 2 240.769 2.37871
      vertex 2 240.279 1.64523
    endloop
  endfacet
  facet normal -1 0 0
    outer loop
      vertex 2 238.235 4.06457
      vertex 2 240.279 1.64523
      vertex 2 239.655 1.02145
    endloop
  endfacet
  facet normal -1 0 0
    outer loop
      vertex 2 237.752 3.34048
      vertex 2 239.655 1.02145
      vertex 2 238.921 0.531354
    endloop
  endfacet
  facet normal -1 0 0
    outer loop
      vertex 2 241.278 4.05892
      vertex 2 238.293 4.35297
      vertex 2 241.278 15
    endloop
  endfacet
  facet normal -1 -0 0
    outer loop
      vertex 2 241.278 15
      vertex 2 238.293 4.35297
      vertex 2 238.293 15
    endloop
  endfacet
  facet normal -1 -0 0
    outer loop
      vertex 2 96.8 10.9
      vertex 2 93.8 3.00722
      vertex 2 93.8 10.9
    endloop
  endfacet
  facet normal -1 0 0
    outer loop
      vertex 2 24.5 3
      vertex 2 93.8 3.00722
      vertex 2 24.5 1.5
    endloop
  endfacet
  facet normal -1 0 0
    outer loop
      vertex 2 19.5 3.00722
      vertex 2 24.5 3
      vertex 2 19.5 3
    endloop
  endfacet
  facet normal -1 0 0
    outer loop
      vertex 2 24.5 3
      vertex 2 19.5 3.00722
      vertex 2 93.8 3.00722
    endloop
  endfacet
  facet normal 1 -0 0
    outer loop
      vertex 6 222.5 104
      vertex 6 238.293 90
      vertex 6 238.293 104
    endloop
  endfacet
  facet normal 1 0 0
    outer loop
      vertex 6 238.293 90
      vertex 6 222.5 104
      vertex 6 222.5 90
    endloop
  endfacet
  facet normal 0 -1 0
    outer loop
      vertex -8.66835 222.5 98.6673
      vertex -17 222.5 104
      vertex -9 222.5 98.7
    endloop
  endfacet
  facet normal 0 -1 0
    outer loop
      vertex -17 222.5 104
      vertex -9.33165 222.5 98.6673
      vertex -9 222.5 98.7
    endloop
  endfacet
  facet normal 0 -1 0
    outer loop
      vertex -17 222.5 104
      vertex -9.65056 222.5 98.5706
      vertex -9.33165 222.5 98.6673
    endloop
  endfacet
  facet normal 0 -1 0
    outer loop
      vertex -17 222.5 104
      vertex -9.94447 222.5 98.4135
      vertex -9.65056 222.5 98.5706
    endloop
  endfacet
  facet normal 0 -1 0
    outer loop
      vertex -17 222.5 104
      vertex -10.2021 222.5 98.2021
      vertex -9.94447 222.5 98.4135
    endloop
  endfacet
  facet normal 0 -1 0
    outer loop
      vertex -17 222.5 104
      vertex -10.4135 222.5 97.9445
      vertex -10.2021 222.5 98.2021
    endloop
  endfacet
  facet normal 0 -1 0
    outer loop
      vertex -17 222.5 104
      vertex -10.5706 222.5 97.6506
      vertex -10.4135 222.5 97.9445
    endloop
  endfacet
  facet normal 0 -1 0
    outer loop
      vertex -17 222.5 104
      vertex -10.6673 222.5 97.3316
      vertex -10.5706 222.5 97.6506
    endloop
  endfacet
  facet normal 0 -1 0
    outer loop
      vertex -17 222.5 104
      vertex -10.7 222.5 97
      vertex -10.6673 222.5 97.3316
    endloop
  endfacet
  facet normal 0 -1 0
    outer loop
      vertex -17 222.5 90
      vertex -10.7 222.5 97
      vertex -17 222.5 104
    endloop
  endfacet
  facet normal 0 -1 -0
    outer loop
      vertex -10.7 222.5 97
      vertex -17 222.5 90
      vertex -10.6673 222.5 96.6684
    endloop
  endfacet
  facet normal 0 -1 -0
    outer loop
      vertex -10.6673 222.5 96.6684
      vertex -17 222.5 90
      vertex -10.5706 222.5 96.3494
    endloop
  endfacet
  facet normal 0 -1 -0
    outer loop
      vertex -10.5706 222.5 96.3494
      vertex -17 222.5 90
      vertex -10.4135 222.5 96.0555
    endloop
  endfacet
  facet normal 0 -1 -0
    outer loop
      vertex -9.33165 222.5 95.3327
      vertex -17 222.5 90
      vertex -9 222.5 95.3
    endloop
  endfacet
  facet normal 0 -1 -0
    outer loop
      vertex -9.65056 222.5 95.4294
      vertex -17 222.5 90
      vertex -9.33165 222.5 95.3327
    endloop
  endfacet
  facet normal 0 -1 -0
    outer loop
      vertex -9.94447 222.5 95.5865
      vertex -17 222.5 90
      vertex -9.65056 222.5 95.4294
    endloop
  endfacet
  facet normal 0 -1 -0
    outer loop
      vertex -10.2021 222.5 95.7979
      vertex -17 222.5 90
      vertex -9.94447 222.5 95.5865
    endloop
  endfacet
  facet normal 0 -1 -0
    outer loop
      vertex -10.4135 222.5 96.0555
      vertex -17 222.5 90
      vertex -10.2021 222.5 95.7979
    endloop
  endfacet
  facet normal 0 -1 0
    outer loop
      vertex -17 222.5 104
      vertex -8.66835 222.5 98.6673
      vertex 6 222.5 104
    endloop
  endfacet
  facet normal 0 -1 0
    outer loop
      vertex -8.34944 222.5 98.5706
      vertex 6 222.5 104
      vertex -8.66835 222.5 98.6673
    endloop
  endfacet
  facet normal 0 -1 0
    outer loop
      vertex -8.05553 222.5 98.4135
      vertex 6 222.5 104
      vertex -8.34944 222.5 98.5706
    endloop
  endfacet
  facet normal 0 -1 0
    outer loop
      vertex -7.79792 222.5 98.2021
      vertex 6 222.5 104
      vertex -8.05553 222.5 98.4135
    endloop
  endfacet
  facet normal 0 -1 0
    outer loop
      vertex -7.5865 222.5 97.9445
      vertex 6 222.5 104
      vertex -7.79792 222.5 98.2021
    endloop
  endfacet
  facet normal 0 -1 0
    outer loop
      vertex -7.42941 222.5 97.6506
      vertex 6 222.5 104
      vertex -7.5865 222.5 97.9445
    endloop
  endfacet
  facet normal 0 -1 0
    outer loop
      vertex -7.33267 222.5 97.3316
      vertex 6 222.5 104
      vertex -7.42941 222.5 97.6506
    endloop
  endfacet
  facet normal 0 -1 0
    outer loop
      vertex -7.3 222.5 97
      vertex 6 222.5 104
      vertex -7.33267 222.5 97.3316
    endloop
  endfacet
  facet normal 0 -1 0
    outer loop
      vertex 6 222.5 90
      vertex -7.3 222.5 97
      vertex -7.33267 222.5 96.6684
    endloop
  endfacet
  facet normal 0 -1 0
    outer loop
      vertex 6 222.5 90
      vertex -7.33267 222.5 96.6684
      vertex -7.42941 222.5 96.3494
    endloop
  endfacet
  facet normal 0 -1 0
    outer loop
      vertex 6 222.5 90
      vertex -7.42941 222.5 96.3494
      vertex -7.5865 222.5 96.0555
    endloop
  endfacet
  facet normal 0 -1 0
    outer loop
      vertex 6 222.5 90
      vertex -7.5865 222.5 96.0555
      vertex -7.79792 222.5 95.7979
    endloop
  endfacet
  facet normal 0 -1 0
    outer loop
      vertex 6 222.5 90
      vertex -7.79792 222.5 95.7979
      vertex -8.05553 222.5 95.5865
    endloop
  endfacet
  facet normal 0 -1 0
    outer loop
      vertex -17 222.5 90
      vertex -8.66835 222.5 95.3327
      vertex -9 222.5 95.3
    endloop
  endfacet
  facet normal 0 -1 0
    outer loop
      vertex 6 222.5 90
      vertex -8.66835 222.5 95.3327
      vertex -17 222.5 90
    endloop
  endfacet
  facet normal 0 -1 0
    outer loop
      vertex -8.66835 222.5 95.3327
      vertex 6 222.5 90
      vertex -8.34944 222.5 95.4294
    endloop
  endfacet
  facet normal 0 -1 0
    outer loop
      vertex -8.34944 222.5 95.4294
      vertex 6 222.5 90
      vertex -8.05553 222.5 95.5865
    endloop
  endfacet
  facet normal 0 -1 0
    outer loop
      vertex -7.3 222.5 97
      vertex 6 222.5 90
      vertex 6 222.5 104
    endloop
  endfacet
  facet normal 0 0 -1
    outer loop
      vertex 6 222.5 90
      vertex 2 226 90
      vertex 6 238.293 90
    endloop
  endfacet
  facet normal 0 0 -1
    outer loop
      vertex -17 222.5 90
      vertex 2 226 90
      vertex 6 222.5 90
    endloop
  endfacet
  facet normal -0 0 -1
    outer loop
      vertex 2 226 90
      vertex -17 222.5 90
      vertex -17 226 90
    endloop
  endfacet
  facet normal -0 0 -1
    outer loop
      vertex 6 238.293 90
      vertex 2 226 90
      vertex 2 238.293 90
    endloop
  endfacet
  facet normal 0 0 1
    outer loop
      vertex 2 226 104
      vertex 6 238.293 104
      vertex 2 238.293 104
    endloop
  endfacet
  facet normal 0 0 1
    outer loop
      vertex 6 238.293 104
      vertex 2 226 104
      vertex 6 222.5 104
    endloop
  endfacet
  facet normal 0 0 1
    outer loop
      vertex -17 222.5 104
      vertex 2 226 104
      vertex -17 226 104
    endloop
  endfacet
  facet normal 0 0 1
    outer loop
      vertex 2 226 104
      vertex -17 222.5 104
      vertex 6 222.5 104
    endloop
  endfacet
  facet normal 0 1 -0
    outer loop
      vertex -8.66835 226 98.6673
      vertex -17 226 104
      vertex 2 226 104
    endloop
  endfacet
  facet normal 0 1 0
    outer loop
      vertex -17 226 104
      vertex -8.66835 226 98.6673
      vertex -9 226 98.7
    endloop
  endfacet
  facet normal 0 1 0
    outer loop
      vertex 2 226 104
      vertex -8.34944 226 98.5706
      vertex -8.66835 226 98.6673
    endloop
  endfacet
  facet normal 0 1 0
    outer loop
      vertex 2 226 104
      vertex -8.05553 226 98.4135
      vertex -8.34944 226 98.5706
    endloop
  endfacet
  facet normal 0 1 0
    outer loop
      vertex 2 226 104
      vertex -7.79792 226 98.2021
      vertex -8.05553 226 98.4135
    endloop
  endfacet
  facet normal 0 1 0
    outer loop
      vertex 2 226 104
      vertex -7.5865 226 97.9445
      vertex -7.79792 226 98.2021
    endloop
  endfacet
  facet normal 0 1 0
    outer loop
      vertex 2 226 104
      vertex -7.42941 226 97.6506
      vertex -7.5865 226 97.9445
    endloop
  endfacet
  facet normal 0 1 0
    outer loop
      vertex 2 226 104
      vertex -7.33267 226 97.3316
      vertex -7.42941 226 97.6506
    endloop
  endfacet
  facet normal 0 1 0
    outer loop
      vertex 2 226 104
      vertex -7.3 226 97
      vertex -7.33267 226 97.3316
    endloop
  endfacet
  facet normal 0 1 -0
    outer loop
      vertex 2 226 90
      vertex -7.3 226 97
      vertex 2 226 104
    endloop
  endfacet
  facet normal 0 1 0
    outer loop
      vertex -7.3 226 97
      vertex 2 226 90
      vertex -7.33267 226 96.6684
    endloop
  endfacet
  facet normal 0 1 0
    outer loop
      vertex -7.33267 226 96.6684
      vertex 2 226 90
      vertex -7.42941 226 96.3494
    endloop
  endfacet
  facet normal 0 1 0
    outer loop
      vertex -7.42941 226 96.3494
      vertex 2 226 90
      vertex -7.5865 226 96.0555
    endloop
  endfacet
  facet normal 0 1 0
    outer loop
      vertex -17 226 90
      vertex -8.66835 226 95.3327
      vertex 2 226 90
    endloop
  endfacet
  facet normal 0 1 0
    outer loop
      vertex -8.34944 226 95.4294
      vertex 2 226 90
      vertex -8.66835 226 95.3327
    endloop
  endfacet
  facet normal 0 1 0
    outer loop
      vertex -8.05553 226 95.5865
      vertex 2 226 90
      vertex -8.34944 226 95.4294
    endloop
  endfacet
  facet normal 0 1 0
    outer loop
      vertex -7.79792 226 95.7979
      vertex 2 226 90
      vertex -8.05553 226 95.5865
    endloop
  endfacet
  facet normal 0 1 0
    outer loop
      vertex -7.5865 226 96.0555
      vertex 2 226 90
      vertex -7.79792 226 95.7979
    endloop
  endfacet
  facet normal 0 1 -0
    outer loop
      vertex -9.33165 226 98.6673
      vertex -17 226 104
      vertex -9 226 98.7
    endloop
  endfacet
  facet normal 0 1 -0
    outer loop
      vertex -9.65056 226 98.5706
      vertex -17 226 104
      vertex -9.33165 226 98.6673
    endloop
  endfacet
  facet normal 0 1 -0
    outer loop
      vertex -9.94447 226 98.4135
      vertex -17 226 104
      vertex -9.65056 226 98.5706
    endloop
  endfacet
  facet normal 0 1 -0
    outer loop
      vertex -10.2021 226 98.2021
      vertex -17 226 104
      vertex -9.94447 226 98.4135
    endloop
  endfacet
  facet normal 0 1 -0
    outer loop
      vertex -10.4135 226 97.9445
      vertex -17 226 104
      vertex -10.2021 226 98.2021
    endloop
  endfacet
  facet normal 0 1 -0
    outer loop
      vertex -10.5706 226 97.6506
      vertex -17 226 104
      vertex -10.4135 226 97.9445
    endloop
  endfacet
  facet normal 0 1 -0
    outer loop
      vertex -10.6673 226 97.3316
      vertex -17 226 104
      vertex -10.5706 226 97.6506
    endloop
  endfacet
  facet normal 0 1 -0
    outer loop
      vertex -10.7 226 97
      vertex -17 226 104
      vertex -10.6673 226 97.3316
    endloop
  endfacet
  facet normal 0 1 0
    outer loop
      vertex -17 226 90
      vertex -10.7 226 97
      vertex -10.6673 226 96.6684
    endloop
  endfacet
  facet normal 0 1 0
    outer loop
      vertex -17 226 90
      vertex -10.6673 226 96.6684
      vertex -10.5706 226 96.3494
    endloop
  endfacet
  facet normal 0 1 0
    outer loop
      vertex -17 226 90
      vertex -10.5706 226 96.3494
      vertex -10.4135 226 96.0555
    endloop
  endfacet
  facet normal 0 1 0
    outer loop
      vertex -17 226 90
      vertex -10.4135 226 96.0555
      vertex -10.2021 226 95.7979
    endloop
  endfacet
  facet normal 0 1 0
    outer loop
      vertex -8.66835 226 95.3327
      vertex -17 226 90
      vertex -9 226 95.3
    endloop
  endfacet
  facet normal 0 1 0
    outer loop
      vertex -9 226 95.3
      vertex -17 226 90
      vertex -9.33165 226 95.3327
    endloop
  endfacet
  facet normal 0 1 0
    outer loop
      vertex -10.7 226 97
      vertex -17 226 90
      vertex -17 226 104
    endloop
  endfacet
  facet normal 0 1 0
    outer loop
      vertex -9.94447 226 95.5865
      vertex -17 226 90
      vertex -10.2021 226 95.7979
    endloop
  endfacet
  facet normal 0 1 0
    outer loop
      vertex -9.65056 226 95.4294
      vertex -17 226 90
      vertex -9.94447 226 95.5865
    endloop
  endfacet
  facet normal 0 1 0
    outer loop
      vertex -9.33165 226 95.3327
      vertex -17 226 90
      vertex -9.65056 226 95.4294
    endloop
  endfacet
  facet normal -1 0 0
    outer loop
      vertex -17 222.5 90
      vertex -17 226 104
      vertex -17 226 90
    endloop
  endfacet
  facet normal -1 -0 0
    outer loop
      vertex -17 226 104
      vertex -17 222.5 90
      vertex -17 222.5 104
    endloop
  endfacet
  facet normal -0.471401 0 0.881919
    outer loop
      vertex -8.34944 226 95.4294
      vertex -8.05553 222.5 95.5865
      vertex -8.05553 226 95.5865
    endloop
  endfacet
  facet normal -0.471401 0 0.881919
    outer loop
      vertex -8.05553 222.5 95.5865
      vertex -8.34944 226 95.4294
      vertex -8.34944 222.5 95.4294
    endloop
  endfacet
  facet normal 0.956997 -0 0.290099
    outer loop
      vertex -10.6673 222.5 96.6684
      vertex -10.5706 226 96.3494
      vertex -10.6673 226 96.6684
    endloop
  endfacet
  facet normal 0.956997 0 0.290099
    outer loop
      vertex -10.5706 226 96.3494
      vertex -10.6673 222.5 96.6684
      vertex -10.5706 222.5 96.3494
    endloop
  endfacet
  facet normal -0.995182 0 -0.0980476
    outer loop
      vertex -7.3 222.5 97
      vertex -7.33267 226 97.3316
      vertex -7.3 226 97
    endloop
  endfacet
  facet normal -0.995182 -0 -0.0980476
    outer loop
      vertex -7.33267 226 97.3316
      vertex -7.3 222.5 97
      vertex -7.33267 222.5 97.3316
    endloop
  endfacet
  facet normal 0.290174 0 -0.956974
    outer loop
      vertex -9.65056 222.5 98.5706
      vertex -9.33165 226 98.6673
      vertex -9.33165 222.5 98.6673
    endloop
  endfacet
  facet normal 0.290174 0 -0.956974
    outer loop
      vertex -9.33165 226 98.6673
      vertex -9.65056 222.5 98.5706
      vertex -9.65056 226 98.5706
    endloop
  endfacet
  facet normal 0.290174 0 0.956974
    outer loop
      vertex -9.65056 226 95.4294
      vertex -9.33165 222.5 95.3327
      vertex -9.33165 226 95.3327
    endloop
  endfacet
  facet normal 0.290174 0 0.956974
    outer loop
      vertex -9.33165 222.5 95.3327
      vertex -9.65056 226 95.4294
      vertex -9.65056 222.5 95.4294
    endloop
  endfacet
  facet normal 0.881912 -0 0.471413
    outer loop
      vertex -10.5706 222.5 96.3494
      vertex -10.4135 226 96.0555
      vertex -10.5706 226 96.3494
    endloop
  endfacet
  facet normal 0.881912 0 0.471413
    outer loop
      vertex -10.4135 226 96.0555
      vertex -10.5706 222.5 96.3494
      vertex -10.4135 222.5 96.0555
    endloop
  endfacet
  facet normal -0.881925 0 0.47139
    outer loop
      vertex -7.5865 222.5 96.0555
      vertex -7.42941 226 96.3494
      vertex -7.5865 226 96.0555
    endloop
  endfacet
  facet normal -0.881925 0 0.47139
    outer loop
      vertex -7.42941 226 96.3494
      vertex -7.5865 222.5 96.0555
      vertex -7.42941 222.5 96.3494
    endloop
  endfacet
  facet normal -0.772991 0 0.634417
    outer loop
      vertex -7.79792 222.5 95.7979
      vertex -7.5865 226 96.0555
      vertex -7.79792 226 95.7979
    endloop
  endfacet
  facet normal -0.772991 0 0.634417
    outer loop
      vertex -7.5865 226 96.0555
      vertex -7.79792 222.5 95.7979
      vertex -7.5865 222.5 96.0555
    endloop
  endfacet
  facet normal -0.634366 0 0.773033
    outer loop
      vertex -8.05553 226 95.5865
      vertex -7.79792 222.5 95.7979
      vertex -7.79792 226 95.7979
    endloop
  endfacet
  facet normal -0.634366 0 0.773033
    outer loop
      vertex -7.79792 222.5 95.7979
      vertex -8.05553 226 95.5865
      vertex -8.05553 222.5 95.5865
    endloop
  endfacet
  facet normal -0.0981221 0 0.995174
    outer loop
      vertex -9 226 95.3
      vertex -8.66835 222.5 95.3327
      vertex -8.66835 226 95.3327
    endloop
  endfacet
  facet normal -0.0981221 0 0.995174
    outer loop
      vertex -8.66835 222.5 95.3327
      vertex -9 226 95.3
      vertex -9 222.5 95.3
    endloop
  endfacet
  facet normal -0.290174 0 0.956974
    outer loop
      vertex -8.66835 226 95.3327
      vertex -8.34944 222.5 95.4294
      vertex -8.34944 226 95.4294
    endloop
  endfacet
  facet normal -0.290174 0 0.956974
    outer loop
      vertex -8.34944 222.5 95.4294
      vertex -8.66835 226 95.3327
      vertex -8.66835 222.5 95.3327
    endloop
  endfacet
  facet normal 0.995173 -0 0.0981368
    outer loop
      vertex -10.7 222.5 97
      vertex -10.6673 226 96.6684
      vertex -10.7 226 97
    endloop
  endfacet
  facet normal 0.995173 0 0.0981368
    outer loop
      vertex -10.6673 226 96.6684
      vertex -10.7 222.5 97
      vertex -10.6673 222.5 96.6684
    endloop
  endfacet
  facet normal 0.773021 -0 0.634381
    outer loop
      vertex -10.4135 222.5 96.0555
      vertex -10.2021 226 95.7979
      vertex -10.4135 226 96.0555
    endloop
  endfacet
  facet normal 0.773021 0 0.634381
    outer loop
      vertex -10.2021 226 95.7979
      vertex -10.4135 222.5 96.0555
      vertex -10.2021 222.5 95.7979
    endloop
  endfacet
  facet normal 0.471401 0 0.881919
    outer loop
      vertex -9.94447 226 95.5865
      vertex -9.65056 222.5 95.4294
      vertex -9.65056 226 95.4294
    endloop
  endfacet
  facet normal 0.471401 0 0.881919
    outer loop
      vertex -9.65056 222.5 95.4294
      vertex -9.94447 226 95.5865
      vertex -9.94447 222.5 95.5865
    endloop
  endfacet
  facet normal 0.0981221 0 0.995174
    outer loop
      vertex -9.33165 226 95.3327
      vertex -9 222.5 95.3
      vertex -9 226 95.3
    endloop
  endfacet
  facet normal 0.0981221 0 0.995174
    outer loop
      vertex -9 222.5 95.3
      vertex -9.33165 226 95.3327
      vertex -9.33165 222.5 95.3327
    endloop
  endfacet
  facet normal 0.634337 0 0.773057
    outer loop
      vertex -10.2021 226 95.7979
      vertex -9.94447 222.5 95.5865
      vertex -9.94447 226 95.5865
    endloop
  endfacet
  facet normal 0.634337 0 0.773057
    outer loop
      vertex -9.94447 222.5 95.5865
      vertex -10.2021 226 95.7979
      vertex -10.2021 222.5 95.7979
    endloop
  endfacet
  facet normal -0.995182 0 0.0980476
    outer loop
      vertex -7.33267 222.5 96.6684
      vertex -7.3 226 97
      vertex -7.33267 226 96.6684
    endloop
  endfacet
  facet normal -0.995182 0 0.0980476
    outer loop
      vertex -7.3 226 97
      vertex -7.33267 222.5 96.6684
      vertex -7.3 222.5 97
    endloop
  endfacet
  facet normal -0.0981221 0 -0.995174
    outer loop
      vertex -9 222.5 98.7
      vertex -8.66835 226 98.6673
      vertex -8.66835 222.5 98.6673
    endloop
  endfacet
  facet normal -0.0981221 0 -0.995174
    outer loop
      vertex -8.66835 226 98.6673
      vertex -9 222.5 98.7
      vertex -9 226 98.7
    endloop
  endfacet
  facet normal -0.881925 0 -0.47139
    outer loop
      vertex -7.42941 222.5 97.6506
      vertex -7.5865 226 97.9445
      vertex -7.42941 226 97.6506
    endloop
  endfacet
  facet normal -0.881925 -0 -0.47139
    outer loop
      vertex -7.5865 226 97.9445
      vertex -7.42941 222.5 97.6506
      vertex -7.5865 222.5 97.9445
    endloop
  endfacet
  facet normal -0.956963 0 -0.290209
    outer loop
      vertex -7.33267 222.5 97.3316
      vertex -7.42941 226 97.6506
      vertex -7.33267 226 97.3316
    endloop
  endfacet
  facet normal -0.956963 -0 -0.290209
    outer loop
      vertex -7.42941 226 97.6506
      vertex -7.33267 222.5 97.3316
      vertex -7.42941 222.5 97.6506
    endloop
  endfacet
  facet normal -0.290174 0 -0.956974
    outer loop
      vertex -8.66835 222.5 98.6673
      vertex -8.34944 226 98.5706
      vertex -8.34944 222.5 98.5706
    endloop
  endfacet
  facet normal -0.290174 0 -0.956974
    outer loop
      vertex -8.34944 226 98.5706
      vertex -8.66835 222.5 98.6673
      vertex -8.66835 226 98.6673
    endloop
  endfacet
  facet normal -0.471401 0 -0.881919
    outer loop
      vertex -8.34944 222.5 98.5706
      vertex -8.05553 226 98.4135
      vertex -8.05553 222.5 98.4135
    endloop
  endfacet
  facet normal -0.471401 0 -0.881919
    outer loop
      vertex -8.05553 226 98.4135
      vertex -8.34944 222.5 98.5706
      vertex -8.34944 226 98.5706
    endloop
  endfacet
  facet normal 0.0981221 0 -0.995174
    outer loop
      vertex -9.33165 222.5 98.6673
      vertex -9 226 98.7
      vertex -9 222.5 98.7
    endloop
  endfacet
  facet normal 0.0981221 0 -0.995174
    outer loop
      vertex -9 226 98.7
      vertex -9.33165 222.5 98.6673
      vertex -9.33165 226 98.6673
    endloop
  endfacet
  facet normal 0.634337 0 -0.773057
    outer loop
      vertex -10.2021 222.5 98.2021
      vertex -9.94447 226 98.4135
      vertex -9.94447 222.5 98.4135
    endloop
  endfacet
  facet normal 0.634337 0 -0.773057
    outer loop
      vertex -9.94447 226 98.4135
      vertex -10.2021 222.5 98.2021
      vertex -10.2021 226 98.2021
    endloop
  endfacet
  facet normal 0.881912 0 -0.471413
    outer loop
      vertex -10.4135 222.5 97.9445
      vertex -10.5706 226 97.6506
      vertex -10.4135 226 97.9445
    endloop
  endfacet
  facet normal 0.881912 0 -0.471413
    outer loop
      vertex -10.5706 226 97.6506
      vertex -10.4135 222.5 97.9445
      vertex -10.5706 222.5 97.6506
    endloop
  endfacet
  facet normal 0.995173 0 -0.0981368
    outer loop
      vertex -10.6673 222.5 97.3316
      vertex -10.7 226 97
      vertex -10.6673 226 97.3316
    endloop
  endfacet
  facet normal 0.995173 0 -0.0981368
    outer loop
      vertex -10.7 226 97
      vertex -10.6673 222.5 97.3316
      vertex -10.7 222.5 97
    endloop
  endfacet
  facet normal 0.773021 0 -0.634381
    outer loop
      vertex -10.2021 222.5 98.2021
      vertex -10.4135 226 97.9445
      vertex -10.2021 226 98.2021
    endloop
  endfacet
  facet normal 0.773021 0 -0.634381
    outer loop
      vertex -10.4135 226 97.9445
      vertex -10.2021 222.5 98.2021
      vertex -10.4135 222.5 97.9445
    endloop
  endfacet
  facet normal -0.956963 0 0.290209
    outer loop
      vertex -7.42941 222.5 96.3494
      vertex -7.33267 226 96.6684
      vertex -7.42941 226 96.3494
    endloop
  endfacet
  facet normal -0.956963 0 0.290209
    outer loop
      vertex -7.33267 226 96.6684
      vertex -7.42941 222.5 96.3494
      vertex -7.33267 222.5 96.6684
    endloop
  endfacet
  facet normal -0.634366 0 -0.773033
    outer loop
      vertex -8.05553 222.5 98.4135
      vertex -7.79792 226 98.2021
      vertex -7.79792 222.5 98.2021
    endloop
  endfacet
  facet normal -0.634366 0 -0.773033
    outer loop
      vertex -7.79792 226 98.2021
      vertex -8.05553 222.5 98.4135
      vertex -8.05553 226 98.4135
    endloop
  endfacet
  facet normal 0.471401 0 -0.881919
    outer loop
      vertex -9.94447 222.5 98.4135
      vertex -9.65056 226 98.5706
      vertex -9.65056 222.5 98.5706
    endloop
  endfacet
  facet normal 0.471401 0 -0.881919
    outer loop
      vertex -9.65056 226 98.5706
      vertex -9.94447 222.5 98.4135
      vertex -9.94447 226 98.4135
    endloop
  endfacet
  facet normal 0.956997 0 -0.290099
    outer loop
      vertex -10.5706 222.5 97.6506
      vertex -10.6673 226 97.3316
      vertex -10.5706 226 97.6506
    endloop
  endfacet
  facet normal 0.956997 0 -0.290099
    outer loop
      vertex -10.6673 226 97.3316
      vertex -10.5706 222.5 97.6506
      vertex -10.6673 222.5 97.3316
    endloop
  endfacet
  facet normal -0.772991 0 -0.634417
    outer loop
      vertex -7.5865 222.5 97.9445
      vertex -7.79792 226 98.2021
      vertex -7.5865 226 97.9445
    endloop
  endfacet
  facet normal -0.772991 -0 -0.634417
    outer loop
      vertex -7.79792 226 98.2021
      vertex -7.5865 222.5 97.9445
      vertex -7.79792 222.5 98.2021
    endloop
  endfacet
endsolid OpenSCAD_Model
