solid OpenSCAD_Model
  facet normal -0.884759 0.26833 -0.381051
    outer loop
      vertex 0.833449 238.319 2.37871
      vertex 0.276511 237.64 3.19372
      vertex 0.521561 238.448 3.19372
    endloop
  endfacet
  facet normal -0.0566878 0.187721 -0.980585
    outer loop
      vertex 4.33121 237.208 0.0216684
      vertex 4.00011 238.007 0.193768
      vertex 4.24516 238.081 0.193768
    endloop
  endfacet
  facet normal -1 0 0
    outer loop
      vertex 0.0216684 18.7416 60.9001
      vertex 0.0216684 10.1718 89.3833
      vertex 0.0216684 10.2325 90
    endloop
  endfacet
  facet normal -1 0 0
    outer loop
      vertex 0.0216684 15.8779 62.8135
      vertex 0.0216684 10.1704 89.3694
      vertex 0.0216684 10.1718 89.3833
    endloop
  endfacet
  facet normal -1 0 0
    outer loop
      vertex 0.0216684 15.8779 62.8135
      vertex 0.0216684 10.1664 89.3559
      vertex 0.0216684 10.1704 89.3694
    endloop
  endfacet
  facet normal -1 0 0
    outer loop
      vertex 0.0216684 15.8779 62.8135
      vertex 0.0216684 9.98648 88.763
      vertex 0.0216684 10.1664 89.3559
    endloop
  endfacet
  facet normal -1 0 0
    outer loop
      vertex 0.0216684 15.8779 62.8135
      vertex 0.0216684 9.97986 88.7506
      vertex 0.0216684 9.98648 88.763
    endloop
  endfacet
  facet normal -1 0 0
    outer loop
      vertex 0.0216684 15.8779 62.8135
      vertex 0.0216684 9.68776 88.2041
      vertex 0.0216684 9.97986 88.7506
    endloop
  endfacet
  facet normal -1 0 0
    outer loop
      vertex 0.0216684 8.23704 87.0135
      vertex 0.0216684 15 62.9
      vertex 0.0216684 9.63051 62.9
    endloop
  endfacet
  facet normal -1 0 0
    outer loop
      vertex 0.0216684 15.8779 62.8135
      vertex 0.0216684 9.29467 87.7251
      vertex 0.0216684 9.68776 88.2041
    endloop
  endfacet
  facet normal -1 0 0
    outer loop
      vertex 0.0216684 15.8779 62.8135
      vertex 0.0216684 9.28576 87.7142
      vertex 0.0216684 9.29467 87.7251
    endloop
  endfacet
  facet normal -1 0 0
    outer loop
      vertex 0.0216684 15.8779 62.8135
      vertex 0.0216684 9.2749 87.7053
      vertex 0.0216684 9.28576 87.7142
    endloop
  endfacet
  facet normal -1 0 0
    outer loop
      vertex 0.0216684 15.8779 62.8135
      vertex 0.0216684 8.79591 87.3122
      vertex 0.0216684 9.2749 87.7053
    endloop
  endfacet
  facet normal -1 0 0
    outer loop
      vertex 0.0216684 15 62.9
      vertex 0.0216684 8.24943 87.0201
      vertex 0.0216684 8.79591 87.3122
    endloop
  endfacet
  facet normal -1 0 0
    outer loop
      vertex 0.0216684 15 62.9
      vertex 0.0216684 8.23704 87.0135
      vertex 0.0216684 8.24943 87.0201
    endloop
  endfacet
  facet normal -1 0 0
    outer loop
      vertex 0.0216684 9.63051 62.9
      vertex 0.0216684 7.64408 86.8336
      vertex 0.0216684 8.23704 87.0135
    endloop
  endfacet
  facet normal -1 0 0
    outer loop
      vertex 0.0216684 9.63051 62.9
      vertex 0.0216684 7.63064 86.8296
      vertex 0.0216684 7.64408 86.8336
    endloop
  endfacet
  facet normal -1 0 0
    outer loop
      vertex 0.0216684 9.63051 62.9
      vertex 0.0216684 7.61666 86.8282
      vertex 0.0216684 7.63064 86.8296
    endloop
  endfacet
  facet normal -1 0 0
    outer loop
      vertex 0.0216684 9.63051 62.9
      vertex 0.0216684 7 86.7675
      vertex 0.0216684 7.61666 86.8282
    endloop
  endfacet
  facet normal -1 0 0
    outer loop
      vertex 0.0216684 9.63051 62.9
      vertex 0.0216684 6.38334 86.8282
      vertex 0.0216684 7 86.7675
    endloop
  endfacet
  facet normal -1 0 0
    outer loop
      vertex 0.0216684 9.63051 62.9
      vertex 0.0216684 6.36936 86.8296
      vertex 0.0216684 6.38334 86.8282
    endloop
  endfacet
  facet normal -1 0 0
    outer loop
      vertex 0.0216684 -4 64.0925
      vertex 0.0216684 6.36936 86.8296
      vertex 0.0216684 9.63051 62.9
    endloop
  endfacet
  facet normal -1 -0 0
    outer loop
      vertex 0.0216684 6.36936 86.8296
      vertex 0.0216684 -4 64.0925
      vertex 0.0216684 6.35592 86.8336
    endloop
  endfacet
  facet normal -1 -0 0
    outer loop
      vertex 0.0216684 6.35592 86.8336
      vertex 0.0216684 -4 64.0925
      vertex 0.0216684 5.76296 87.0135
    endloop
  endfacet
  facet normal -1 -0 0
    outer loop
      vertex 0.0216684 5.76296 87.0135
      vertex 0.0216684 -4 64.0925
      vertex 0.0216684 5.75057 87.0201
    endloop
  endfacet
  facet normal -1 -0 0
    outer loop
      vertex 0.0216684 5.75057 87.0201
      vertex 0.0216684 -4 64.0925
      vertex 0.0216684 5.20409 87.3122
    endloop
  endfacet
  facet normal -1 -0 0
    outer loop
      vertex 0.0216684 5.20409 87.3122
      vertex 0.0216684 -4 64.0925
      vertex 0.0216684 4.7251 87.7053
    endloop
  endfacet
  facet normal -1 -0 0
    outer loop
      vertex 0.0216684 4.7251 87.7053
      vertex 0.0216684 -4 64.0925
      vertex 0.0216684 4.71424 87.7142
    endloop
  endfacet
  facet normal -1 -0 0
    outer loop
      vertex 0.0216684 4.71424 87.7142
      vertex 0.0216684 -4 64.0925
      vertex 0.0216684 4.70533 87.7251
    endloop
  endfacet
  facet normal -1 -0 0
    outer loop
      vertex 0.0216684 4.70533 87.7251
      vertex 0.0216684 -4 64.0925
      vertex 0.0216684 4.31224 88.2041
    endloop
  endfacet
  facet normal -1 -0 0
    outer loop
      vertex 0.0216684 4.31224 88.2041
      vertex 0.0216684 -4 64.0925
      vertex 0.0216684 4.02014 88.7506
    endloop
  endfacet
  facet normal -1 -0 0
    outer loop
      vertex 0.0216684 4.02014 88.7506
      vertex 0.0216684 -4 64.0925
      vertex 0.0216684 4.01352 88.763
    endloop
  endfacet
  facet normal -1 -0 0
    outer loop
      vertex 0.0216684 4.01352 88.763
      vertex 0.0216684 -4 64.0925
      vertex 0.0216684 3.83364 89.3559
    endloop
  endfacet
  facet normal 1 0 0
    outer loop
      vertex 0.0216684 3.82957 89.3694
      vertex 0.0216684 3.76745 90
      vertex 0.0216684 3.82819 89.3833
    endloop
  endfacet
  facet normal -1 -0 0
    outer loop
      vertex 0.0216684 3.82957 89.3694
      vertex 0.0216684 -4 64.0925
      vertex 0.0216684 3.76745 90
    endloop
  endfacet
  facet normal -1 -0 0
    outer loop
      vertex 0.0216684 3.83364 89.3559
      vertex 0.0216684 -4 64.0925
      vertex 0.0216684 3.82957 89.3694
    endloop
  endfacet
  facet normal -1 0 0
    outer loop
      vertex 0.0216684 19.5 58.4
      vertex 0.0216684 236.8 4.05892
      vertex 0.0216684 19.5 4.05892
    endloop
  endfacet
  facet normal -1 0 0
    outer loop
      vertex 0.0216684 19.4135 59.2779
      vertex 0.0216684 236.8 4.05892
      vertex 0.0216684 19.5 58.4
    endloop
  endfacet
  facet normal -1 0 0
    outer loop
      vertex 0.0216684 236.8 4.05892
      vertex 0.0216684 19.4135 59.2779
      vertex 0.0216684 236.8 140
    endloop
  endfacet
  facet normal -1 0 0
    outer loop
      vertex 0.0216684 19.1575 60.1221
      vertex 0.0216684 236.8 140
      vertex 0.0216684 19.4135 59.2779
    endloop
  endfacet
  facet normal -1 0 0
    outer loop
      vertex 0.0216684 10.2325 90
      vertex 0.0216684 19.1575 60.1221
      vertex 0.0216684 18.7416 60.9001
    endloop
  endfacet
  facet normal -1 0 0
    outer loop
      vertex 0.0216684 10.1718 89.3833
      vertex 0.0216684 18.7416 60.9001
      vertex 0.0216684 18.182 61.582
    endloop
  endfacet
  facet normal -1 0 0
    outer loop
      vertex 0.0216684 10.1718 89.3833
      vertex 0.0216684 18.182 61.582
      vertex 0.0216684 17.5001 62.1416
    endloop
  endfacet
  facet normal -1 0 0
    outer loop
      vertex 0.0216684 10.1718 89.3833
      vertex 0.0216684 17.5001 62.1416
      vertex 0.0216684 16.7221 62.5575
    endloop
  endfacet
  facet normal -1 0 0
    outer loop
      vertex 0.0216684 10.1718 89.3833
      vertex 0.0216684 16.7221 62.5575
      vertex 0.0216684 15.8779 62.8135
    endloop
  endfacet
  facet normal -1 0 0
    outer loop
      vertex 0.0216684 8.79591 87.3122
      vertex 0.0216684 15.8779 62.8135
      vertex 0.0216684 15 62.9
    endloop
  endfacet
  facet normal -1 0 0
    outer loop
      vertex 0.0216684 19.1575 60.1221
      vertex 0.0216684 10.2325 90
      vertex 0.0216684 10.1718 90.6167
    endloop
  endfacet
  facet normal -1 0 0
    outer loop
      vertex 0.0216684 19.1575 60.1221
      vertex 0.0216684 10.1718 90.6167
      vertex 0.0216684 10.1704 90.6306
    endloop
  endfacet
  facet normal -1 0 0
    outer loop
      vertex 0.0216684 19.1575 60.1221
      vertex 0.0216684 10.1704 90.6306
      vertex 0.0216684 236.8 140
    endloop
  endfacet
  facet normal -1 0 0
    outer loop
      vertex 0.0216684 10.1664 90.6441
      vertex 0.0216684 236.8 140
      vertex 0.0216684 10.1704 90.6306
    endloop
  endfacet
  facet normal -1 0 0
    outer loop
      vertex 0.0216684 9.98648 91.237
      vertex 0.0216684 236.8 140
      vertex 0.0216684 10.1664 90.6441
    endloop
  endfacet
  facet normal -1 0 0
    outer loop
      vertex 0.0216684 9.97986 91.2494
      vertex 0.0216684 236.8 140
      vertex 0.0216684 9.98648 91.237
    endloop
  endfacet
  facet normal -1 0 0
    outer loop
      vertex 0.0216684 9.68776 91.7959
      vertex 0.0216684 236.8 140
      vertex 0.0216684 9.97986 91.2494
    endloop
  endfacet
  facet normal -1 0 0
    outer loop
      vertex 0.0216684 -4 140
      vertex 0.0216684 9.68776 91.7959
      vertex 0.0216684 9.29467 92.2749
    endloop
  endfacet
  facet normal -1 0 0
    outer loop
      vertex 0.0216684 -4 140
      vertex 0.0216684 9.29467 92.2749
      vertex 0.0216684 9.28576 92.2858
    endloop
  endfacet
  facet normal -1 0 0
    outer loop
      vertex 0.0216684 -4 140
      vertex 0.0216684 9.28576 92.2858
      vertex 0.0216684 9.2749 92.2947
    endloop
  endfacet
  facet normal -1 0 0
    outer loop
      vertex 0.0216684 -4 140
      vertex 0.0216684 9.2749 92.2947
      vertex 0.0216684 8.79591 92.6878
    endloop
  endfacet
  facet normal -1 0 0
    outer loop
      vertex 0.0216684 -4 140
      vertex 0.0216684 8.79591 92.6878
      vertex 0.0216684 8.24943 92.9799
    endloop
  endfacet
  facet normal -1 0 0
    outer loop
      vertex 0.0216684 -4 140
      vertex 0.0216684 8.24943 92.9799
      vertex 0.0216684 8.23704 92.9865
    endloop
  endfacet
  facet normal -1 0 0
    outer loop
      vertex 0.0216684 -4 140
      vertex 0.0216684 8.23704 92.9865
      vertex 0.0216684 7.64408 93.1664
    endloop
  endfacet
  facet normal -1 0 0
    outer loop
      vertex 0.0216684 -4 140
      vertex 0.0216684 7.64408 93.1664
      vertex 0.0216684 7.63064 93.1704
    endloop
  endfacet
  facet normal -1 0 0
    outer loop
      vertex 0.0216684 -4 140
      vertex 0.0216684 7.63064 93.1704
      vertex 0.0216684 7.61666 93.1718
    endloop
  endfacet
  facet normal -1 0 0
    outer loop
      vertex 0.0216684 -4 140
      vertex 0.0216684 7.61666 93.1718
      vertex 0.0216684 7 93.2325
    endloop
  endfacet
  facet normal -1 0 0
    outer loop
      vertex 0.0216684 -4 140
      vertex 0.0216684 7 93.2325
      vertex 0.0216684 6.38334 93.1718
    endloop
  endfacet
  facet normal -1 0 0
    outer loop
      vertex 0.0216684 -4 140
      vertex 0.0216684 6.38334 93.1718
      vertex 0.0216684 6.36936 93.1704
    endloop
  endfacet
  facet normal -1 0 0
    outer loop
      vertex 0.0216684 -4 140
      vertex 0.0216684 4.7251 92.2947
      vertex 0.0216684 4.71424 92.2858
    endloop
  endfacet
  facet normal -1 0 0
    outer loop
      vertex 0.0216684 4.31224 91.7959
      vertex 0.0216684 4.71424 92.2858
      vertex 0.0216684 4.70533 92.2749
    endloop
  endfacet
  facet normal 1 0 0
    outer loop
      vertex 0.0216684 4.01352 91.237
      vertex 0.0216684 4.31224 91.7959
      vertex 0.0216684 4.02014 91.2494
    endloop
  endfacet
  facet normal 1 0 0
    outer loop
      vertex 0.0216684 3.82957 90.6306
      vertex 0.0216684 4.01352 91.237
      vertex 0.0216684 3.83364 90.6441
    endloop
  endfacet
  facet normal 1 0 0
    outer loop
      vertex 0.0216684 3.76745 90
      vertex 0.0216684 3.82957 90.6306
      vertex 0.0216684 3.82819 90.6167
    endloop
  endfacet
  facet normal -1 0 0
    outer loop
      vertex 0.0216684 -4 64.0925
      vertex 0.0216684 3.82957 90.6306
      vertex 0.0216684 3.76745 90
    endloop
  endfacet
  facet normal -1 0 0
    outer loop
      vertex 0.0216684 9.68776 91.7959
      vertex 0.0216684 -4 140
      vertex 0.0216684 236.8 140
    endloop
  endfacet
  facet normal -1 0 0
    outer loop
      vertex 0.0216684 6.35592 93.1664
      vertex 0.0216684 -4 140
      vertex 0.0216684 6.36936 93.1704
    endloop
  endfacet
  facet normal -1 0 0
    outer loop
      vertex 0.0216684 5.76296 92.9865
      vertex 0.0216684 -4 140
      vertex 0.0216684 6.35592 93.1664
    endloop
  endfacet
  facet normal -1 0 0
    outer loop
      vertex 0.0216684 5.75057 92.9799
      vertex 0.0216684 -4 140
      vertex 0.0216684 5.76296 92.9865
    endloop
  endfacet
  facet normal -1 0 0
    outer loop
      vertex 0.0216684 5.20409 92.6878
      vertex 0.0216684 -4 140
      vertex 0.0216684 5.75057 92.9799
    endloop
  endfacet
  facet normal -1 0 0
    outer loop
      vertex 0.0216684 4.7251 92.2947
      vertex 0.0216684 -4 140
      vertex 0.0216684 5.20409 92.6878
    endloop
  endfacet
  facet normal -1 0 0
    outer loop
      vertex 0.0216684 4.31224 91.7959
      vertex 0.0216684 -4 140
      vertex 0.0216684 4.71424 92.2858
    endloop
  endfacet
  facet normal -1 0 0
    outer loop
      vertex 0.0216684 4.01352 91.237
      vertex 0.0216684 -4 140
      vertex 0.0216684 4.31224 91.7959
    endloop
  endfacet
  facet normal -1 0 0
    outer loop
      vertex 0.0216684 3.82957 90.6306
      vertex 0.0216684 -4 140
      vertex 0.0216684 4.01352 91.237
    endloop
  endfacet
  facet normal -1 0 0
    outer loop
      vertex 0.0216684 -4 140
      vertex 0.0216684 3.82957 90.6306
      vertex 0.0216684 -4 64.0925
    endloop
  endfacet
  facet normal -0.268427 0.885063 -0.380277
    outer loop
      vertex 2.98126 240.467 2.37871
      vertex 2.85208 240.778 3.19372
      vertex 3.6599 241.023 3.19372
    endloop
  endfacet
  facet normal 0 0.83152 -0.555495
    outer loop
      vertex 125 240.279 1.64523
      vertex 4.5 240.769 2.37871
      vertex 125 240.769 2.37871
    endloop
  endfacet
  facet normal 0 0.83152 -0.555495
    outer loop
      vertex 4.5 240.769 2.37871
      vertex 125 240.279 1.64523
      vertex 4.5 240.279 1.64523
    endloop
  endfacet
  facet normal -0.77318 0.634186 0
    outer loop
      vertex 0.776403 239.288 4.05892
      vertex 1.33334 239.967 140
      vertex 1.33334 239.967 4.05892
    endloop
  endfacet
  facet normal -0.77318 0.634186 0
    outer loop
      vertex 1.33334 239.967 140
      vertex 0.776403 239.288 4.05892
      vertex 0.776403 239.288 140
    endloop
  endfacet
  facet normal 0 1 0
    outer loop
      vertex 96.5 241.278 83
      vertex 81.5997 241.278 68.0424
      vertex 80 241.278 68.2
    endloop
  endfacet
  facet normal 0 1 0
    outer loop
      vertex 98.1903 241.278 80.9404
      vertex 83.138 241.278 67.5758
      vertex 81.5997 241.278 68.0424
    endloop
  endfacet
  facet normal 0 1 0
    outer loop
      vertex 98.1903 241.278 80.9404
      vertex 84.5557 241.278 66.8181
      vertex 83.138 241.278 67.5758
    endloop
  endfacet
  facet normal 0 1 0
    outer loop
      vertex 98.1903 241.278 80.9404
      vertex 85.7983 241.278 65.7983
      vertex 84.5557 241.278 66.8181
    endloop
  endfacet
  facet normal 0 1 0
    outer loop
      vertex 98.1903 241.278 80.9404
      vertex 86.8181 241.278 64.5557
      vertex 85.7983 241.278 65.7983
    endloop
  endfacet
  facet normal 0 1 0
    outer loop
      vertex 104.6 241.278 77
      vertex 87.5758 241.278 63.138
      vertex 86.8181 241.278 64.5557
    endloop
  endfacet
  facet normal 0 1 0
    outer loop
      vertex 104.6 241.278 77
      vertex 88.0424 241.278 61.5997
      vertex 87.5758 241.278 63.138
    endloop
  endfacet
  facet normal 0 1 0
    outer loop
      vertex 104.6 241.278 77
      vertex 88.2 241.278 60
      vertex 88.0424 241.278 61.5997
    endloop
  endfacet
  facet normal 0 1 0
    outer loop
      vertex 104.6 241.278 77
      vertex 88.0424 241.278 58.4003
      vertex 88.2 241.278 60
    endloop
  endfacet
  facet normal 0 1 0
    outer loop
      vertex 104.6 241.278 77
      vertex 87.5758 241.278 56.862
      vertex 88.0424 241.278 58.4003
    endloop
  endfacet
  facet normal 0 1 -0
    outer loop
      vertex 104.6 241.278 15
      vertex 87.5758 241.278 56.862
      vertex 104.6 241.278 77
    endloop
  endfacet
  facet normal 0 1 0
    outer loop
      vertex 87.5758 241.278 56.862
      vertex 104.6 241.278 15
      vertex 86.8181 241.278 55.4443
    endloop
  endfacet
  facet normal 0 1 0
    outer loop
      vertex 81.5997 241.278 51.9576
      vertex 104.6 241.278 15
      vertex 80 241.278 51.8
    endloop
  endfacet
  facet normal 0 1 0
    outer loop
      vertex 83.138 241.278 52.4242
      vertex 104.6 241.278 15
      vertex 81.5997 241.278 51.9576
    endloop
  endfacet
  facet normal 0 1 0
    outer loop
      vertex 84.5557 241.278 53.1819
      vertex 104.6 241.278 15
      vertex 83.138 241.278 52.4242
    endloop
  endfacet
  facet normal 0 1 0
    outer loop
      vertex 85.7983 241.278 54.2017
      vertex 104.6 241.278 15
      vertex 84.5557 241.278 53.1819
    endloop
  endfacet
  facet normal 0 1 0
    outer loop
      vertex 86.8181 241.278 55.4443
      vertex 104.6 241.278 15
      vertex 85.7983 241.278 54.2017
    endloop
  endfacet
  facet normal 0 1 0
    outer loop
      vertex 98.1903 241.278 85.0596
      vertex 125 241.278 140
      vertex 98.6 241.278 85.1
    endloop
  endfacet
  facet normal 0 1 0
    outer loop
      vertex 125 241.278 140
      vertex 99.0097 241.278 85.0596
      vertex 98.6 241.278 85.1
    endloop
  endfacet
  facet normal 0 1 0
    outer loop
      vertex 125 241.278 140
      vertex 99.4036 241.278 84.9401
      vertex 99.0097 241.278 85.0596
    endloop
  endfacet
  facet normal 0 1 0
    outer loop
      vertex 125 241.278 140
      vertex 99.7667 241.278 84.7461
      vertex 99.4036 241.278 84.9401
    endloop
  endfacet
  facet normal 0 1 0
    outer loop
      vertex 125 241.278 140
      vertex 100.085 241.278 84.4849
      vertex 99.7667 241.278 84.7461
    endloop
  endfacet
  facet normal 0 1 -0
    outer loop
      vertex 125 241.278 77
      vertex 100.085 241.278 84.4849
      vertex 125 241.278 140
    endloop
  endfacet
  facet normal 0 1 0
    outer loop
      vertex 100.085 241.278 84.4849
      vertex 125 241.278 77
      vertex 100.346 241.278 84.1667
    endloop
  endfacet
  facet normal 0 1 0
    outer loop
      vertex 100.346 241.278 84.1667
      vertex 125 241.278 77
      vertex 100.54 241.278 83.8036
    endloop
  endfacet
  facet normal 0 1 0
    outer loop
      vertex 100.54 241.278 83.8036
      vertex 125 241.278 77
      vertex 100.66 241.278 83.4097
    endloop
  endfacet
  facet normal 0 1 -0
    outer loop
      vertex 104.6 241.278 77
      vertex 100.66 241.278 83.4097
      vertex 125 241.278 77
    endloop
  endfacet
  facet normal 0 1 0
    outer loop
      vertex 100.66 241.278 83.4097
      vertex 104.6 241.278 77
      vertex 100.7 241.278 83
    endloop
  endfacet
  facet normal 0 1 0
    outer loop
      vertex 99.4036 241.278 81.0599
      vertex 104.6 241.278 77
      vertex 99.0097 241.278 80.9404
    endloop
  endfacet
  facet normal 0 1 0
    outer loop
      vertex 99.7667 241.278 81.2539
      vertex 104.6 241.278 77
      vertex 99.4036 241.278 81.0599
    endloop
  endfacet
  facet normal 0 1 0
    outer loop
      vertex 100.085 241.278 81.5151
      vertex 104.6 241.278 77
      vertex 99.7667 241.278 81.2539
    endloop
  endfacet
  facet normal 0 1 0
    outer loop
      vertex 100.346 241.278 81.8333
      vertex 104.6 241.278 77
      vertex 100.085 241.278 81.5151
    endloop
  endfacet
  facet normal 0 1 0
    outer loop
      vertex 100.54 241.278 82.1964
      vertex 104.6 241.278 77
      vertex 100.346 241.278 81.8333
    endloop
  endfacet
  facet normal 0 1 0
    outer loop
      vertex 100.66 241.278 82.5903
      vertex 104.6 241.278 77
      vertex 100.54 241.278 82.1964
    endloop
  endfacet
  facet normal 0 1 0
    outer loop
      vertex 100.7 241.278 83
      vertex 104.6 241.278 77
      vertex 100.66 241.278 82.5903
    endloop
  endfacet
  facet normal 0 1 0
    outer loop
      vertex 97.7964 241.278 84.9401
      vertex 125 241.278 140
      vertex 98.1903 241.278 85.0596
    endloop
  endfacet
  facet normal 0 1 0
    outer loop
      vertex 97.4333 241.278 84.7461
      vertex 125 241.278 140
      vertex 97.7964 241.278 84.9401
    endloop
  endfacet
  facet normal 0 1 0
    outer loop
      vertex 125 241.278 140
      vertex 97.4333 241.278 84.7461
      vertex 4.5 241.278 140
    endloop
  endfacet
  facet normal 0 1 -0
    outer loop
      vertex 97.1151 241.278 84.4849
      vertex 4.5 241.278 140
      vertex 97.4333 241.278 84.7461
    endloop
  endfacet
  facet normal 0 1 -0
    outer loop
      vertex 96.8539 241.278 84.1667
      vertex 4.5 241.278 140
      vertex 97.1151 241.278 84.4849
    endloop
  endfacet
  facet normal 0 1 0
    outer loop
      vertex 76.862 241.278 67.5758
      vertex 96.8539 241.278 84.1667
      vertex 96.6599 241.278 83.8036
    endloop
  endfacet
  facet normal 0 1 0
    outer loop
      vertex 78.4003 241.278 68.0424
      vertex 96.6599 241.278 83.8036
      vertex 96.5404 241.278 83.4097
    endloop
  endfacet
  facet normal 0 1 0
    outer loop
      vertex 80 241.278 68.2
      vertex 96.5404 241.278 83.4097
      vertex 96.5 241.278 83
    endloop
  endfacet
  facet normal 0 1 0
    outer loop
      vertex 81.5997 241.278 68.0424
      vertex 96.5 241.278 83
      vertex 96.5404 241.278 82.5903
    endloop
  endfacet
  facet normal 0 1 0
    outer loop
      vertex 81.5997 241.278 68.0424
      vertex 96.5404 241.278 82.5903
      vertex 96.6599 241.278 82.1964
    endloop
  endfacet
  facet normal 0 1 0
    outer loop
      vertex 81.5997 241.278 68.0424
      vertex 96.6599 241.278 82.1964
      vertex 96.8539 241.278 81.8333
    endloop
  endfacet
  facet normal 0 1 0
    outer loop
      vertex 81.5997 241.278 68.0424
      vertex 96.8539 241.278 81.8333
      vertex 97.1151 241.278 81.5151
    endloop
  endfacet
  facet normal 0 1 0
    outer loop
      vertex 81.5997 241.278 68.0424
      vertex 97.1151 241.278 81.5151
      vertex 97.4333 241.278 81.2539
    endloop
  endfacet
  facet normal 0 1 0
    outer loop
      vertex 99.0097 241.278 80.9404
      vertex 104.6 241.278 77
      vertex 98.6 241.278 80.9
    endloop
  endfacet
  facet normal 0 1 0
    outer loop
      vertex 98.6 241.278 80.9
      vertex 104.6 241.278 77
      vertex 98.1903 241.278 80.9404
    endloop
  endfacet
  facet normal 0 1 0
    outer loop
      vertex 86.8181 241.278 64.5557
      vertex 98.1903 241.278 80.9404
      vertex 104.6 241.278 77
    endloop
  endfacet
  facet normal 0 1 0
    outer loop
      vertex 81.5997 241.278 68.0424
      vertex 97.7964 241.278 81.0599
      vertex 98.1903 241.278 80.9404
    endloop
  endfacet
  facet normal 0 1 0
    outer loop
      vertex 81.5997 241.278 68.0424
      vertex 97.4333 241.278 81.2539
      vertex 97.7964 241.278 81.0599
    endloop
  endfacet
  facet normal 0 1 0
    outer loop
      vertex 96.5404 241.278 83.4097
      vertex 80 241.278 68.2
      vertex 78.4003 241.278 68.0424
    endloop
  endfacet
  facet normal 0 1 0
    outer loop
      vertex 96.6599 241.278 83.8036
      vertex 78.4003 241.278 68.0424
      vertex 76.862 241.278 67.5758
    endloop
  endfacet
  facet normal 0 1 0
    outer loop
      vertex 96.8539 241.278 84.1667
      vertex 76.862 241.278 67.5758
      vertex 4.5 241.278 140
    endloop
  endfacet
  facet normal 0 1 -0
    outer loop
      vertex 75.4443 241.278 66.8181
      vertex 4.5 241.278 140
      vertex 76.862 241.278 67.5758
    endloop
  endfacet
  facet normal 0 1 -0
    outer loop
      vertex 74.2017 241.278 65.7983
      vertex 4.5 241.278 140
      vertex 75.4443 241.278 66.8181
    endloop
  endfacet
  facet normal 0 1 -0
    outer loop
      vertex 73.1819 241.278 64.5557
      vertex 4.5 241.278 140
      vertex 74.2017 241.278 65.7983
    endloop
  endfacet
  facet normal 0 1 -0
    outer loop
      vertex 72.4242 241.278 63.138
      vertex 4.5 241.278 140
      vertex 73.1819 241.278 64.5557
    endloop
  endfacet
  facet normal 0 1 -0
    outer loop
      vertex 71.9576 241.278 61.5997
      vertex 4.5 241.278 140
      vertex 72.4242 241.278 63.138
    endloop
  endfacet
  facet normal 0 1 0
    outer loop
      vertex 4.5 241.278 4.05892
      vertex 71.9576 241.278 61.5997
      vertex 71.8 241.278 60
    endloop
  endfacet
  facet normal 0 1 0
    outer loop
      vertex 4.5 241.278 4.05892
      vertex 71.8 241.278 60
      vertex 71.9576 241.278 58.4003
    endloop
  endfacet
  facet normal 0 1 0
    outer loop
      vertex 4.5 241.278 4.05892
      vertex 71.9576 241.278 58.4003
      vertex 72.4242 241.278 56.862
    endloop
  endfacet
  facet normal 0 1 0
    outer loop
      vertex 4.5 241.278 4.05892
      vertex 72.4242 241.278 56.862
      vertex 73.1819 241.278 55.4443
    endloop
  endfacet
  facet normal 0 1 0
    outer loop
      vertex 104.6 241.278 15
      vertex 78.4003 241.278 51.9576
      vertex 80 241.278 51.8
    endloop
  endfacet
  facet normal 0 1 0
    outer loop
      vertex 104.6 241.278 15
      vertex 76.862 241.278 52.4242
      vertex 78.4003 241.278 51.9576
    endloop
  endfacet
  facet normal 0 1 0
    outer loop
      vertex 4.5 241.278 4.05892
      vertex 76.862 241.278 52.4242
      vertex 104.6 241.278 15
    endloop
  endfacet
  facet normal 0 1 0
    outer loop
      vertex 76.862 241.278 52.4242
      vertex 4.5 241.278 4.05892
      vertex 75.4443 241.278 53.1819
    endloop
  endfacet
  facet normal 0 1 0
    outer loop
      vertex 75.4443 241.278 53.1819
      vertex 4.5 241.278 4.05892
      vertex 74.2017 241.278 54.2017
    endloop
  endfacet
  facet normal 0 1 0
    outer loop
      vertex 74.2017 241.278 54.2017
      vertex 4.5 241.278 4.05892
      vertex 73.1819 241.278 55.4443
    endloop
  endfacet
  facet normal 0 1 0
    outer loop
      vertex 121.796 241.278 10.9401
      vertex 125 241.278 15
      vertex 122.19 241.278 11.0596
    endloop
  endfacet
  facet normal 0 1 0
    outer loop
      vertex 121.433 241.278 10.7461
      vertex 125 241.278 15
      vertex 121.796 241.278 10.9401
    endloop
  endfacet
  facet normal 0 1 0
    outer loop
      vertex 125 241.278 15
      vertex 121.433 241.278 10.7461
      vertex 104.6 241.278 15
    endloop
  endfacet
  facet normal 0 1 -0
    outer loop
      vertex 121.115 241.278 10.4849
      vertex 104.6 241.278 15
      vertex 121.433 241.278 10.7461
    endloop
  endfacet
  facet normal 0 1 -0
    outer loop
      vertex 120.854 241.278 10.1667
      vertex 104.6 241.278 15
      vertex 121.115 241.278 10.4849
    endloop
  endfacet
  facet normal 0 1 -0
    outer loop
      vertex 120.66 241.278 9.80363
      vertex 104.6 241.278 15
      vertex 120.854 241.278 10.1667
    endloop
  endfacet
  facet normal 0 1 -0
    outer loop
      vertex 120.54 241.278 9.40969
      vertex 104.6 241.278 15
      vertex 120.66 241.278 9.80363
    endloop
  endfacet
  facet normal 0 1 -0
    outer loop
      vertex 120.5 241.278 9
      vertex 104.6 241.278 15
      vertex 120.54 241.278 9.40969
    endloop
  endfacet
  facet normal 0 1 0
    outer loop
      vertex 120.54 241.278 8.59031
      vertex 104.6 241.278 15
      vertex 120.5 241.278 9
    endloop
  endfacet
  facet normal 0 1 0
    outer loop
      vertex 120.66 241.278 8.19636
      vertex 104.6 241.278 15
      vertex 120.54 241.278 8.59031
    endloop
  endfacet
  facet normal 0 1 0
    outer loop
      vertex 120.854 241.278 7.8333
      vertex 104.6 241.278 15
      vertex 120.66 241.278 8.19636
    endloop
  endfacet
  facet normal 0 1 0
    outer loop
      vertex 121.115 241.278 7.51508
      vertex 104.6 241.278 15
      vertex 120.854 241.278 7.8333
    endloop
  endfacet
  facet normal 0 1 0
    outer loop
      vertex 121.433 241.278 7.25391
      vertex 104.6 241.278 15
      vertex 121.115 241.278 7.51508
    endloop
  endfacet
  facet normal 0 1 0
    outer loop
      vertex 125 241.278 4.05892
      vertex 121.433 241.278 7.25391
      vertex 121.796 241.278 7.05985
    endloop
  endfacet
  facet normal 0 1 0
    outer loop
      vertex 125 241.278 4.05892
      vertex 122.19 241.278 6.94035
      vertex 122.6 241.278 6.9
    endloop
  endfacet
  facet normal 0 1 0
    outer loop
      vertex 125 241.278 4.05892
      vertex 121.796 241.278 7.05985
      vertex 122.19 241.278 6.94035
    endloop
  endfacet
  facet normal 0 1 0
    outer loop
      vertex 121.433 241.278 7.25391
      vertex 125 241.278 4.05892
      vertex 104.6 241.278 15
    endloop
  endfacet
  facet normal 0 1 0
    outer loop
      vertex 71.9576 241.278 61.5997
      vertex 4.5 241.278 4.05892
      vertex 4.5 241.278 140
    endloop
  endfacet
  facet normal 0 1 0
    outer loop
      vertex 4.5 241.278 4.05892
      vertex 104.6 241.278 15
      vertex 125 241.278 4.05892
    endloop
  endfacet
  facet normal 0 1 0
    outer loop
      vertex 122.19 241.278 11.0596
      vertex 125 241.278 15
      vertex 122.6 241.278 11.1
    endloop
  endfacet
  facet normal 0 1 0
    outer loop
      vertex 125 241.278 15
      vertex 123.01 241.278 11.0596
      vertex 122.6 241.278 11.1
    endloop
  endfacet
  facet normal 0 1 0
    outer loop
      vertex 125 241.278 15
      vertex 123.404 241.278 10.9401
      vertex 123.01 241.278 11.0596
    endloop
  endfacet
  facet normal 0 1 0
    outer loop
      vertex 125 241.278 15
      vertex 123.767 241.278 10.7461
      vertex 123.404 241.278 10.9401
    endloop
  endfacet
  facet normal 0 1 0
    outer loop
      vertex 125 241.278 15
      vertex 124.085 241.278 10.4849
      vertex 123.767 241.278 10.7461
    endloop
  endfacet
  facet normal 0 1 0
    outer loop
      vertex 125 241.278 15
      vertex 124.346 241.278 10.1667
      vertex 124.085 241.278 10.4849
    endloop
  endfacet
  facet normal 0 1 0
    outer loop
      vertex 125 241.278 15
      vertex 124.54 241.278 9.80363
      vertex 124.346 241.278 10.1667
    endloop
  endfacet
  facet normal 0 1 0
    outer loop
      vertex 125 241.278 15
      vertex 124.66 241.278 9.40969
      vertex 124.54 241.278 9.80363
    endloop
  endfacet
  facet normal 0 1 0
    outer loop
      vertex 125 241.278 15
      vertex 124.7 241.278 9
      vertex 124.66 241.278 9.40969
    endloop
  endfacet
  facet normal 0 1 0
    outer loop
      vertex 123.01 241.278 6.94035
      vertex 125 241.278 4.05892
      vertex 122.6 241.278 6.9
    endloop
  endfacet
  facet normal 0 1 0
    outer loop
      vertex 123.404 241.278 7.05985
      vertex 125 241.278 4.05892
      vertex 123.01 241.278 6.94035
    endloop
  endfacet
  facet normal 0 1 0
    outer loop
      vertex 123.767 241.278 7.25391
      vertex 125 241.278 4.05892
      vertex 123.404 241.278 7.05985
    endloop
  endfacet
  facet normal 0 1 0
    outer loop
      vertex 124.085 241.278 7.51508
      vertex 125 241.278 4.05892
      vertex 123.767 241.278 7.25391
    endloop
  endfacet
  facet normal 0 1 0
    outer loop
      vertex 124.346 241.278 7.8333
      vertex 125 241.278 4.05892
      vertex 124.085 241.278 7.51508
    endloop
  endfacet
  facet normal 0 1 0
    outer loop
      vertex 124.54 241.278 8.19636
      vertex 125 241.278 4.05892
      vertex 124.346 241.278 7.8333
    endloop
  endfacet
  facet normal 0 1 0
    outer loop
      vertex 124.66 241.278 8.59031
      vertex 125 241.278 4.05892
      vertex 124.54 241.278 8.19636
    endloop
  endfacet
  facet normal 0 1 0
    outer loop
      vertex 124.7 241.278 9
      vertex 125 241.278 4.05892
      vertex 124.66 241.278 8.59031
    endloop
  endfacet
  facet normal 0 1 -0
    outer loop
      vertex 125 241.278 4.05892
      vertex 124.7 241.278 9
      vertex 125 241.278 15
    endloop
  endfacet
  facet normal -0.828698 0.0815761 -0.553719
    outer loop
      vertex 1.02145 236.8 1.64523
      vertex 0.531354 236.8 2.37871
      vertex 1.08829 237.479 1.64523
    endloop
  endfacet
  facet normal -0.920077 0.090649 -0.381106
    outer loop
      vertex 0.531354 236.8 2.37871
      vertex 0.193768 236.8 3.19372
      vertex 0.607611 237.574 2.37871
    endloop
  endfacet
  facet normal -0.0696477 0.705265 -0.705514
    outer loop
      vertex 4.5 239.655 1.02145
      vertex 3.94306 239.6 1.02145
      vertex 4.5 240.279 1.64523
    endloop
  endfacet
  facet normal -0.625174 0.333824 -0.705492
    outer loop
      vertex 1.86254 237.892 1.02145
      vertex 1.28624 238.131 1.64523
      vertex 1.60769 238.733 1.64523
    endloop
  endfacet
  facet normal -0.634436 0.772975 0
    outer loop
      vertex 2.01197 240.524 4.05892
      vertex 1.33334 239.967 140
      vertex 2.01197 240.524 140
    endloop
  endfacet
  facet normal -0.634436 0.772975 0
    outer loop
      vertex 1.33334 239.967 140
      vertex 2.01197 240.524 4.05892
      vertex 1.33334 239.967 4.05892
    endloop
  endfacet
  facet normal -0.79698 0.241595 -0.553584
    outer loop
      vertex 1.08829 237.479 1.64523
      vertex 0.607611 237.574 2.37871
      vertex 0.833449 238.319 2.37871
    endloop
  endfacet
  facet normal -0.995188 0.0979812 0
    outer loop
      vertex 0.0216684 236.8 4.05892
      vertex 0.107718 237.674 140
      vertex 0.107718 237.674 4.05892
    endloop
  endfacet
  facet normal -0.995188 0.0979812 0
    outer loop
      vertex 0.107718 237.674 140
      vertex 0.0216684 236.8 4.05892
      vertex 0.0216684 236.8 140
    endloop
  endfacet
  facet normal -0.831469 0 -0.55557
    outer loop
      vertex 1.02145 19.5 1.64523
      vertex 0.531354 236.8 2.37871
      vertex 1.02145 236.8 1.64523
    endloop
  endfacet
  facet normal -0.831469 -0 -0.55557
    outer loop
      vertex 0.531354 236.8 2.37871
      vertex 1.02145 19.5 1.64523
      vertex 0.531354 19.5 2.37871
    endloop
  endfacet
  facet normal -0.205694 0.677908 -0.705784
    outer loop
      vertex 3.40753 239.437 1.02145
      vertex 3.16882 240.014 1.64523
      vertex 3.82137 240.212 1.64523
    endloop
  endfacet
  facet normal -0.382681 0 -0.92388
    outer loop
      vertex 2.37871 19.5 0.531354
      vertex 3.19372 236.8 0.193768
      vertex 3.19372 19.5 0.193768
    endloop
  endfacet
  facet normal -0.382681 0 -0.92388
    outer loop
      vertex 3.19372 236.8 0.193768
      vertex 2.37871 19.5 0.531354
      vertex 2.37871 236.8 0.531354
    endloop
  endfacet
  facet normal -0.461687 0.865523 -0.194204
    outer loop
      vertex 2.85208 240.778 3.19372
      vertex 2.01197 240.524 4.05892
      vertex 2.78622 240.937 4.05892
    endloop
  endfacet
  facet normal -0.436176 0.815447 -0.380523
    outer loop
      vertex 2.29514 240.1 2.37871
      vertex 2.10759 240.38 3.19372
      vertex 2.98126 240.467 2.37871
    endloop
  endfacet
  facet normal -0.162379 0.53349 -0.830073
    outer loop
      vertex 4.08616 238.881 0.531354
      vertex 3.40753 239.437 1.02145
      vertex 3.94306 239.6 1.02145
    endloop
  endfacet
  facet normal -0.734254 0.392538 -0.553881
    outer loop
      vertex 1.28624 238.131 1.64523
      vertex 0.833449 238.319 2.37871
      vertex 1.20019 239.005 2.37871
    endloop
  endfacet
  facet normal -0.707107 0 -0.707107
    outer loop
      vertex 1.64523 19.5 1.02145
      vertex 1.02145 236.8 1.64523
      vertex 1.64523 236.8 1.02145
    endloop
  endfacet
  facet normal -0.707107 -0 -0.707107
    outer loop
      vertex 1.02145 236.8 1.64523
      vertex 1.64523 19.5 1.02145
      vertex 1.02145 19.5 1.64523
    endloop
  endfacet
  facet normal -0.980785 0 -0.195091
    outer loop
      vertex 0.193768 19.5 3.19372
      vertex 0.0216684 236.8 4.05892
      vertex 0.193768 236.8 3.19372
    endloop
  endfacet
  facet normal -0.980785 -0 -0.195091
    outer loop
      vertex 0.0216684 236.8 4.05892
      vertex 0.193768 19.5 3.19372
      vertex 0.0216684 19.5 4.05892
    endloop
  endfacet
  facet normal -0.92388 0 -0.382681
    outer loop
      vertex 0.531354 19.5 2.37871
      vertex 0.193768 236.8 3.19372
      vertex 0.531354 236.8 2.37871
    endloop
  endfacet
  facet normal -0.92388 -0 -0.382681
    outer loop
      vertex 0.193768 236.8 3.19372
      vertex 0.531354 19.5 2.37871
      vertex 0.193768 19.5 3.19372
    endloop
  endfacet
  facet normal -0.828723 0.0816485 -0.553671
    outer loop
      vertex 1.08829 237.479 1.64523
      vertex 0.531354 236.8 2.37871
      vertex 0.607611 237.574 2.37871
    endloop
  endfacet
  facet normal -0.938689 0.284784 -0.194321
    outer loop
      vertex 0.276511 237.64 3.19372
      vertex 0.107718 237.674 4.05892
      vertex 0.362561 238.514 4.05892
    endloop
  endfacet
  facet normal -0.95693 0.290318 0
    outer loop
      vertex 0.107718 237.674 4.05892
      vertex 0.362561 238.514 140
      vertex 0.362561 238.514 4.05892
    endloop
  endfacet
  facet normal -0.95693 0.290318 0
    outer loop
      vertex 0.362561 238.514 140
      vertex 0.107718 237.674 4.05892
      vertex 0.107718 237.674 140
    endloop
  endfacet
  facet normal -0.284909 0.938635 -0.194402
    outer loop
      vertex 3.6599 241.023 3.19372
      vertex 2.78622 240.937 4.05892
      vertex 3.62632 241.192 4.05892
    endloop
  endfacet
  facet normal -0.678187 0.2059 -0.705456
    outer loop
      vertex 1.86254 237.892 1.02145
      vertex 1.08829 237.479 1.64523
      vertex 1.28624 238.131 1.64523
    endloop
  endfacet
  facet normal -0.0181649 0.195386 -0.980558
    outer loop
      vertex 4.41395 237.233 0.0216684
      vertex 4.24516 238.081 0.193768
      vertex 4.5 237.241 0.0216684
    endloop
  endfacet
  facet normal -0.79672 0.241888 -0.553829
    outer loop
      vertex 1.08829 237.479 1.64523
      vertex 0.833449 238.319 2.37871
      vertex 1.28624 238.131 1.64523
    endloop
  endfacet
  facet normal -0.884754 0.268203 -0.381153
    outer loop
      vertex 0.607611 237.574 2.37871
      vertex 0.276511 237.64 3.19372
      vertex 0.833449 238.319 2.37871
    endloop
  endfacet
  facet normal -0.976244 0.096116 -0.194188
    outer loop
      vertex 0.193768 236.8 3.19372
      vertex 0.0216684 236.8 4.05892
      vertex 0.107718 237.674 4.05892
    endloop
  endfacet
  facet normal -0.815422 0.435931 -0.380856
    outer loop
      vertex 1.20019 239.005 2.37871
      vertex 0.833449 238.319 2.37871
      vertex 0.919498 239.192 3.19372
    endloop
  endfacet
  facet normal -0.881859 0.471512 0
    outer loop
      vertex 0.362561 238.514 4.05892
      vertex 0.776403 239.288 140
      vertex 0.776403 239.288 4.05892
    endloop
  endfacet
  facet normal -0.881859 0.471512 0
    outer loop
      vertex 0.776403 239.288 140
      vertex 0.362561 238.514 4.05892
      vertex 0.362561 238.514 140
    endloop
  endfacet
  facet normal -0.547738 0.449634 -0.705558
    outer loop
      vertex 2.12635 238.386 1.02145
      vertex 1.60769 238.733 1.64523
      vertex 2.0403 239.26 1.64523
    endloop
  endfacet
  facet normal -0.36771 0.111532 -0.923228
    outer loop
      vertex 3.29315 237.3 0.193768
      vertex 2.41947 237.214 0.531354
      vertex 2.54019 237.612 0.531354
    endloop
  endfacet
  facet normal -0.527977 0.64423 -0.553361
    outer loop
      vertex 2.0403 239.26 1.64523
      vertex 1.69374 239.606 2.37871
      vertex 2.56742 239.692 1.64523
    endloop
  endfacet
  facet normal -0.24099 0.797398 -0.553245
    outer loop
      vertex 3.82137 240.212 1.64523
      vertex 2.98126 240.467 2.37871
      vertex 3.72575 240.692 2.37871
    endloop
  endfacet
  facet normal -0.678194 0.205943 -0.705437
    outer loop
      vertex 1.70008 237.357 1.02145
      vertex 1.08829 237.479 1.64523
      vertex 1.86254 237.892 1.02145
    endloop
  endfacet
  facet normal -0.449334 0.54827 -0.705336
    outer loop
      vertex 2.48137 238.819 1.02145
      vertex 2.0403 239.26 1.64523
      vertex 2.56742 239.692 1.64523
    endloop
  endfacet
  facet normal 0 0.555298 -0.831651
    outer loop
      vertex 4.5 238.921 0.531354
      vertex 125 239.655 1.02145
      vertex 125 238.921 0.531354
    endloop
  endfacet
  facet normal 0 0.555298 -0.831651
    outer loop
      vertex 125 239.655 1.02145
      vertex 4.5 238.921 0.531354
      vertex 4.5 239.655 1.02145
    endloop
  endfacet
  facet normal -0.470647 0.882321 0
    outer loop
      vertex 2.78622 240.937 4.05892
      vertex 2.01197 240.524 140
      vertex 2.78622 240.937 140
    endloop
  endfacet
  facet normal -0.470647 0.882321 0
    outer loop
      vertex 2.01197 240.524 140
      vertex 2.78622 240.937 4.05892
      vertex 2.01197 240.524 4.05892
    endloop
  endfacet
  facet normal -0.625145 0.333845 -0.705508
    outer loop
      vertex 1.86254 237.892 1.02145
      vertex 1.60769 238.733 1.64523
      vertex 2.12635 238.386 1.02145
    endloop
  endfacet
  facet normal -0.7054 0.0694388 -0.7054
    outer loop
      vertex 1.64523 236.8 1.02145
      vertex 1.02145 236.8 1.64523
      vertex 1.08829 237.479 1.64523
    endloop
  endfacet
  facet normal -0.920072 0.0906304 -0.381121
    outer loop
      vertex 0.607611 237.574 2.37871
      vertex 0.193768 236.8 3.19372
      vertex 0.276511 237.64 3.19372
    endloop
  endfacet
  facet normal -0.976231 0.0961622 -0.194233
    outer loop
      vertex 0.193768 236.8 3.19372
      vertex 0.107718 237.674 4.05892
      vertex 0.276511 237.64 3.19372
    endloop
  endfacet
  facet normal -0.938734 0.284699 -0.194231
    outer loop
      vertex 0.521561 238.448 3.19372
      vertex 0.276511 237.64 3.19372
      vertex 0.362561 238.514 4.05892
    endloop
  endfacet
  facet normal -0.865038 0.462518 -0.194388
    outer loop
      vertex 0.919498 239.192 3.19372
      vertex 0.362561 238.514 4.05892
      vertex 0.776403 239.288 4.05892
    endloop
  endfacet
  facet normal 0 0.924115 -0.382114
    outer loop
      vertex 125 240.769 2.37871
      vertex 4.5 241.106 3.19372
      vertex 125 241.106 3.19372
    endloop
  endfacet
  facet normal 0 0.924115 -0.382114
    outer loop
      vertex 4.5 241.106 3.19372
      vertex 125 240.769 2.37871
      vertex 4.5 240.769 2.37871
    endloop
  endfacet
  facet normal -0.382414 0.0376415 -0.923224
    outer loop
      vertex 3.19372 236.8 0.193768
      vertex 2.41947 237.214 0.531354
      vertex 3.21882 237.055 0.193768
    endloop
  endfacet
  facet normal 0 0.980807 -0.194982
    outer loop
      vertex 125 241.106 3.19372
      vertex 4.5 241.278 4.05892
      vertex 125 241.278 4.05892
    endloop
  endfacet
  facet normal 0 0.980807 -0.194982
    outer loop
      vertex 4.5 241.278 4.05892
      vertex 125 241.106 3.19372
      vertex 4.5 241.106 3.19372
    endloop
  endfacet
  facet normal -0.758476 0.622034 -0.194391
    outer loop
      vertex 1.45503 239.845 3.19372
      vertex 0.919498 239.192 3.19372
      vertex 1.33334 239.967 4.05892
    endloop
  endfacet
  facet normal -0.758421 0.62208 -0.194459
    outer loop
      vertex 0.919498 239.192 3.19372
      vertex 0.776403 239.288 4.05892
      vertex 1.33334 239.967 4.05892
    endloop
  endfacet
  facet normal -0.334417 0.624592 -0.705727
    outer loop
      vertex 3.40753 239.437 1.02145
      vertex 2.56742 239.692 1.64523
      vertex 3.16882 240.014 1.64523
    endloop
  endfacet
  facet normal -0.533398 0.161974 -0.830212
    outer loop
      vertex 2.41947 237.214 0.531354
      vertex 1.70008 237.357 1.02145
      vertex 1.86254 237.892 1.02145
    endloop
  endfacet
  facet normal -0.38241 0.0376498 -0.923225
    outer loop
      vertex 3.19372 236.8 0.193768
      vertex 2.37871 236.8 0.531354
      vertex 2.41947 237.214 0.531354
    endloop
  endfacet
  facet normal -0.0536545 0.55511 -0.830045
    outer loop
      vertex 4.08616 238.881 0.531354
      vertex 3.94306 239.6 1.02145
      vertex 4.5 238.921 0.531354
    endloop
  endfacet
  facet normal -0.643653 0.528577 -0.55346
    outer loop
      vertex 2.0403 239.26 1.64523
      vertex 1.20019 239.005 2.37871
      vertex 1.69374 239.606 2.37871
    endloop
  endfacet
  facet normal -0.714818 0.586229 -0.381275
    outer loop
      vertex 1.69374 239.606 2.37871
      vertex 0.919498 239.192 3.19372
      vertex 1.45503 239.845 3.19372
    endloop
  endfacet
  facet normal -0.151489 0.12429 -0.980614
    outer loop
      vertex 4.13326 237.045 0.0216684
      vertex 3.41387 237.526 0.193768
      vertex 3.57632 237.724 0.193768
    endloop
  endfacet
  facet normal -0.864996 0.462653 -0.194255
    outer loop
      vertex 0.521561 238.448 3.19372
      vertex 0.362561 238.514 4.05892
      vertex 0.919498 239.192 3.19372
    endloop
  endfacet
  facet normal -0.81528 0.436062 -0.381011
    outer loop
      vertex 0.833449 238.319 2.37871
      vertex 0.521561 238.448 3.19372
      vertex 0.919498 239.192 3.19372
    endloop
  endfacet
  facet normal -0.528425 0.64331 -0.554003
    outer loop
      vertex 2.56742 239.692 1.64523
      vertex 1.69374 239.606 2.37871
      vertex 2.29514 240.1 2.37871
    endloop
  endfacet
  facet normal -0.0547556 0.554465 -0.830404
    outer loop
      vertex 4.5 238.921 0.531354
      vertex 3.94306 239.6 1.02145
      vertex 4.5 239.655 1.02145
    endloop
  endfacet
  facet normal -0.714596 0.586837 -0.380756
    outer loop
      vertex 1.20019 239.005 2.37871
      vertex 0.919498 239.192 3.19372
      vertex 1.69374 239.606 2.37871
    endloop
  endfacet
  facet normal -0.284706 0.938741 -0.194187
    outer loop
      vertex 2.85208 240.778 3.19372
      vertex 2.78622 240.937 4.05892
      vertex 3.6599 241.023 3.19372
    endloop
  endfacet
  facet normal -0.586293 0.715124 -0.380602
    outer loop
      vertex 2.29514 240.1 2.37871
      vertex 1.45503 239.845 3.19372
      vertex 2.10759 240.38 3.19372
    endloop
  endfacet
  facet normal -0.0960917 0.976202 -0.194412
    outer loop
      vertex 3.6599 241.023 3.19372
      vertex 3.62632 241.192 4.05892
      vertex 4.5 241.278 4.05892
    endloop
  endfacet
  facet normal -0.55557 0 -0.831469
    outer loop
      vertex 1.64523 19.5 1.02145
      vertex 2.37871 236.8 0.531354
      vertex 2.37871 19.5 0.531354
    endloop
  endfacet
  facet normal -0.55557 0 -0.831469
    outer loop
      vertex 2.37871 236.8 0.531354
      vertex 1.64523 19.5 1.02145
      vertex 1.64523 236.8 1.02145
    endloop
  endfacet
  facet normal -0.554741 0.0546166 -0.830228
    outer loop
      vertex 2.37871 236.8 0.531354
      vertex 1.64523 236.8 1.02145
      vertex 2.41947 237.214 0.531354
    endloop
  endfacet
  facet normal 0 0 -1
    outer loop
      vertex 114.5 68.8 0.0216684
      vertex 125 19.5 0.0216684
      vertex 114.5 31.2 0.0216684
    endloop
  endfacet
  facet normal 0 0 -1
    outer loop
      vertex 125 19.5 0.0216684
      vertex 114.477 30.9659 0.0216684
      vertex 114.5 31.2 0.0216684
    endloop
  endfacet
  facet normal 0 0 -1
    outer loop
      vertex 125 19.5 0.0216684
      vertex 114.409 30.7408 0.0216684
      vertex 114.477 30.9659 0.0216684
    endloop
  endfacet
  facet normal 0 0 -1
    outer loop
      vertex 125 19.5 0.0216684
      vertex 114.298 30.5333 0.0216684
      vertex 114.409 30.7408 0.0216684
    endloop
  endfacet
  facet normal 0 0 -1
    outer loop
      vertex 125 19.5 0.0216684
      vertex 114.149 30.3515 0.0216684
      vertex 114.298 30.5333 0.0216684
    endloop
  endfacet
  facet normal 0 0 -1
    outer loop
      vertex 125 19.5 0.0216684
      vertex 113.967 30.2022 0.0216684
      vertex 114.149 30.3515 0.0216684
    endloop
  endfacet
  facet normal 0 0 -1
    outer loop
      vertex 125 19.5 0.0216684
      vertex 113.759 30.0913 0.0216684
      vertex 113.967 30.2022 0.0216684
    endloop
  endfacet
  facet normal 0 0 -1
    outer loop
      vertex 125 19.5 0.0216684
      vertex 113.534 30.0231 0.0216684
      vertex 113.759 30.0913 0.0216684
    endloop
  endfacet
  facet normal 0 0 -1
    outer loop
      vertex 125 19.5 0.0216684
      vertex 113.3 30 0.0216684
      vertex 113.534 30.0231 0.0216684
    endloop
  endfacet
  facet normal 0 0 -1
    outer loop
      vertex 125 19.5 0.0216684
      vertex 113.2 30 0.0216684
      vertex 113.3 30 0.0216684
    endloop
  endfacet
  facet normal 0 0 -1
    outer loop
      vertex 125 19.5 0.0216684
      vertex 112.966 30.0231 0.0216684
      vertex 113.2 30 0.0216684
    endloop
  endfacet
  facet normal 0 0 -1
    outer loop
      vertex 105.534 30.0231 0.0216684
      vertex 112.966 30.0231 0.0216684
      vertex 125 19.5 0.0216684
    endloop
  endfacet
  facet normal 0 0 -1
    outer loop
      vertex 112.966 30.0231 0.0216684
      vertex 105.534 30.0231 0.0216684
      vertex 112.741 30.0913 0.0216684
    endloop
  endfacet
  facet normal 0 -0 -1
    outer loop
      vertex 105.759 30.0913 0.0216684
      vertex 112.741 30.0913 0.0216684
      vertex 105.534 30.0231 0.0216684
    endloop
  endfacet
  facet normal 0 0 -1
    outer loop
      vertex 112 31.2 0.0216684
      vertex 106.5 31.2 0.0216684
      vertex 112 68.8 0.0216684
    endloop
  endfacet
  facet normal 0 0 -1
    outer loop
      vertex 112.023 30.9659 0.0216684
      vertex 106.5 31.2 0.0216684
      vertex 112 31.2 0.0216684
    endloop
  endfacet
  facet normal 0 0 -1
    outer loop
      vertex 106.477 30.9659 0.0216684
      vertex 112.023 30.9659 0.0216684
      vertex 112.091 30.7408 0.0216684
    endloop
  endfacet
  facet normal 0 0 -1
    outer loop
      vertex 106.409 30.7408 0.0216684
      vertex 112.091 30.7408 0.0216684
      vertex 112.202 30.5333 0.0216684
    endloop
  endfacet
  facet normal 0 0 -1
    outer loop
      vertex 106.298 30.5333 0.0216684
      vertex 112.202 30.5333 0.0216684
      vertex 112.351 30.3515 0.0216684
    endloop
  endfacet
  facet normal 0 0 -1
    outer loop
      vertex 112.741 30.0913 0.0216684
      vertex 105.759 30.0913 0.0216684
      vertex 112.533 30.2022 0.0216684
    endloop
  endfacet
  facet normal 0 0 -1
    outer loop
      vertex 112.023 30.9659 0.0216684
      vertex 106.477 30.9659 0.0216684
      vertex 106.5 31.2 0.0216684
    endloop
  endfacet
  facet normal 0 0 -1
    outer loop
      vertex 112.091 30.7408 0.0216684
      vertex 106.409 30.7408 0.0216684
      vertex 106.477 30.9659 0.0216684
    endloop
  endfacet
  facet normal 0 0 -1
    outer loop
      vertex 112.202 30.5333 0.0216684
      vertex 106.298 30.5333 0.0216684
      vertex 106.409 30.7408 0.0216684
    endloop
  endfacet
  facet normal 0 0 -1
    outer loop
      vertex 112.351 30.3515 0.0216684
      vertex 106.149 30.3515 0.0216684
      vertex 106.298 30.5333 0.0216684
    endloop
  endfacet
  facet normal -0 0 -1
    outer loop
      vertex 112.351 30.3515 0.0216684
      vertex 105.967 30.2022 0.0216684
      vertex 106.149 30.3515 0.0216684
    endloop
  endfacet
  facet normal 0 0 -1
    outer loop
      vertex 112.533 30.2022 0.0216684
      vertex 105.967 30.2022 0.0216684
      vertex 112.351 30.3515 0.0216684
    endloop
  endfacet
  facet normal 0 -0 -1
    outer loop
      vertex 105.967 30.2022 0.0216684
      vertex 112.533 30.2022 0.0216684
      vertex 105.759 30.0913 0.0216684
    endloop
  endfacet
  facet normal 0 0 -1
    outer loop
      vertex 125 19.5 0.0216684
      vertex 105.3 30 0.0216684
      vertex 105.534 30.0231 0.0216684
    endloop
  endfacet
  facet normal 0 0 -1
    outer loop
      vertex 125 19.5 0.0216684
      vertex 105.2 30 0.0216684
      vertex 105.3 30 0.0216684
    endloop
  endfacet
  facet normal 0 0 -1
    outer loop
      vertex 125 19.5 0.0216684
      vertex 104.966 30.0231 0.0216684
      vertex 105.2 30 0.0216684
    endloop
  endfacet
  facet normal 0 0 -1
    outer loop
      vertex 97.5341 30.0231 0.0216684
      vertex 104.966 30.0231 0.0216684
      vertex 125 19.5 0.0216684
    endloop
  endfacet
  facet normal 0 0 -1
    outer loop
      vertex 104 31.2 0.0216684
      vertex 98.5 31.2 0.0216684
      vertex 104 68.8 0.0216684
    endloop
  endfacet
  facet normal 0 0 -1
    outer loop
      vertex 104.023 30.9659 0.0216684
      vertex 98.5 31.2 0.0216684
      vertex 104 31.2 0.0216684
    endloop
  endfacet
  facet normal 0 0 -1
    outer loop
      vertex 98.4769 30.9659 0.0216684
      vertex 104.023 30.9659 0.0216684
      vertex 104.091 30.7408 0.0216684
    endloop
  endfacet
  facet normal 0 0 -1
    outer loop
      vertex 98.4087 30.7408 0.0216684
      vertex 104.091 30.7408 0.0216684
      vertex 104.202 30.5333 0.0216684
    endloop
  endfacet
  facet normal 0 0 -1
    outer loop
      vertex 98.2978 30.5333 0.0216684
      vertex 104.202 30.5333 0.0216684
      vertex 104.351 30.3515 0.0216684
    endloop
  endfacet
  facet normal 0 0 -1
    outer loop
      vertex 98.1485 30.3515 0.0216684
      vertex 104.351 30.3515 0.0216684
      vertex 104.533 30.2022 0.0216684
    endloop
  endfacet
  facet normal 0 0 -1
    outer loop
      vertex 97.9667 30.2022 0.0216684
      vertex 104.533 30.2022 0.0216684
      vertex 104.741 30.0913 0.0216684
    endloop
  endfacet
  facet normal 0 0 -1
    outer loop
      vertex 104.966 30.0231 0.0216684
      vertex 97.5341 30.0231 0.0216684
      vertex 104.741 30.0913 0.0216684
    endloop
  endfacet
  facet normal 0 0 -1
    outer loop
      vertex 104.023 30.9659 0.0216684
      vertex 98.4769 30.9659 0.0216684
      vertex 98.5 31.2 0.0216684
    endloop
  endfacet
  facet normal 0 0 -1
    outer loop
      vertex 104.091 30.7408 0.0216684
      vertex 98.4087 30.7408 0.0216684
      vertex 98.4769 30.9659 0.0216684
    endloop
  endfacet
  facet normal 0 0 -1
    outer loop
      vertex 104.202 30.5333 0.0216684
      vertex 98.2978 30.5333 0.0216684
      vertex 98.4087 30.7408 0.0216684
    endloop
  endfacet
  facet normal 0 0 -1
    outer loop
      vertex 104.351 30.3515 0.0216684
      vertex 98.1485 30.3515 0.0216684
      vertex 98.2978 30.5333 0.0216684
    endloop
  endfacet
  facet normal 0 0 -1
    outer loop
      vertex 104.533 30.2022 0.0216684
      vertex 97.9667 30.2022 0.0216684
      vertex 98.1485 30.3515 0.0216684
    endloop
  endfacet
  facet normal 0 0 -1
    outer loop
      vertex 104.741 30.0913 0.0216684
      vertex 97.7592 30.0913 0.0216684
      vertex 97.9667 30.2022 0.0216684
    endloop
  endfacet
  facet normal -0 0 -1
    outer loop
      vertex 104.741 30.0913 0.0216684
      vertex 97.5341 30.0231 0.0216684
      vertex 97.7592 30.0913 0.0216684
    endloop
  endfacet
  facet normal 0 0 -1
    outer loop
      vertex 125 19.5 0.0216684
      vertex 97.3 30 0.0216684
      vertex 97.5341 30.0231 0.0216684
    endloop
  endfacet
  facet normal 0 0 -1
    outer loop
      vertex 125 19.5 0.0216684
      vertex 97.2 30 0.0216684
      vertex 97.3 30 0.0216684
    endloop
  endfacet
  facet normal 0 0 -1
    outer loop
      vertex 89.3 30 0.0216684
      vertex 97.2 30 0.0216684
      vertex 125 19.5 0.0216684
    endloop
  endfacet
  facet normal 0 0 -1
    outer loop
      vertex 97.2 30 0.0216684
      vertex 89.3 30 0.0216684
      vertex 96.9659 30.0231 0.0216684
    endloop
  endfacet
  facet normal 0 0 -1
    outer loop
      vertex 96 31.2 0.0216684
      vertex 90.5 31.2 0.0216684
      vertex 96 68.8 0.0216684
    endloop
  endfacet
  facet normal 0 0 -1
    outer loop
      vertex 96.0231 30.9659 0.0216684
      vertex 90.5 31.2 0.0216684
      vertex 96 31.2 0.0216684
    endloop
  endfacet
  facet normal 0 0 -1
    outer loop
      vertex 90.4769 30.9659 0.0216684
      vertex 96.0231 30.9659 0.0216684
      vertex 96.0913 30.7408 0.0216684
    endloop
  endfacet
  facet normal 0 0 -1
    outer loop
      vertex 90.4087 30.7408 0.0216684
      vertex 96.0913 30.7408 0.0216684
      vertex 96.2022 30.5333 0.0216684
    endloop
  endfacet
  facet normal 0 0 -1
    outer loop
      vertex 90.2978 30.5333 0.0216684
      vertex 96.2022 30.5333 0.0216684
      vertex 96.3515 30.3515 0.0216684
    endloop
  endfacet
  facet normal 0 0 -1
    outer loop
      vertex 90.1485 30.3515 0.0216684
      vertex 96.3515 30.3515 0.0216684
      vertex 96.5333 30.2022 0.0216684
    endloop
  endfacet
  facet normal 0 0 -1
    outer loop
      vertex 89.9667 30.2022 0.0216684
      vertex 96.5333 30.2022 0.0216684
      vertex 96.7408 30.0913 0.0216684
    endloop
  endfacet
  facet normal 0 -0 -1
    outer loop
      vertex 89.5341 30.0231 0.0216684
      vertex 96.9659 30.0231 0.0216684
      vertex 89.3 30 0.0216684
    endloop
  endfacet
  facet normal 0 0 -1
    outer loop
      vertex 96.0231 30.9659 0.0216684
      vertex 90.4769 30.9659 0.0216684
      vertex 90.5 31.2 0.0216684
    endloop
  endfacet
  facet normal 0 0 -1
    outer loop
      vertex 96.0913 30.7408 0.0216684
      vertex 90.4087 30.7408 0.0216684
      vertex 90.4769 30.9659 0.0216684
    endloop
  endfacet
  facet normal 0 0 -1
    outer loop
      vertex 96.2022 30.5333 0.0216684
      vertex 90.2978 30.5333 0.0216684
      vertex 90.4087 30.7408 0.0216684
    endloop
  endfacet
  facet normal 0 0 -1
    outer loop
      vertex 96.3515 30.3515 0.0216684
      vertex 90.1485 30.3515 0.0216684
      vertex 90.2978 30.5333 0.0216684
    endloop
  endfacet
  facet normal 0 0 -1
    outer loop
      vertex 96.5333 30.2022 0.0216684
      vertex 89.9667 30.2022 0.0216684
      vertex 90.1485 30.3515 0.0216684
    endloop
  endfacet
  facet normal 0 0 -1
    outer loop
      vertex 96.7408 30.0913 0.0216684
      vertex 89.7592 30.0913 0.0216684
      vertex 89.9667 30.2022 0.0216684
    endloop
  endfacet
  facet normal -0 0 -1
    outer loop
      vertex 96.7408 30.0913 0.0216684
      vertex 89.5341 30.0231 0.0216684
      vertex 89.7592 30.0913 0.0216684
    endloop
  endfacet
  facet normal 0 0 -1
    outer loop
      vertex 96.9659 30.0231 0.0216684
      vertex 89.5341 30.0231 0.0216684
      vertex 96.7408 30.0913 0.0216684
    endloop
  endfacet
  facet normal 0 0 -1
    outer loop
      vertex 125 19.5 0.0216684
      vertex 89.2 30 0.0216684
      vertex 89.3 30 0.0216684
    endloop
  endfacet
  facet normal 0 0 -1
    outer loop
      vertex 81.3 30 0.0216684
      vertex 89.2 30 0.0216684
      vertex 125 19.5 0.0216684
    endloop
  endfacet
  facet normal 0 0 -1
    outer loop
      vertex 88 31.2 0.0216684
      vertex 82.5 31.2 0.0216684
      vertex 88 68.8 0.0216684
    endloop
  endfacet
  facet normal 0 0 -1
    outer loop
      vertex 88.0231 30.9659 0.0216684
      vertex 82.5 31.2 0.0216684
      vertex 88 31.2 0.0216684
    endloop
  endfacet
  facet normal 0 0 -1
    outer loop
      vertex 82.4769 30.9659 0.0216684
      vertex 88.0231 30.9659 0.0216684
      vertex 88.0913 30.7408 0.0216684
    endloop
  endfacet
  facet normal 0 0 -1
    outer loop
      vertex 82.4087 30.7408 0.0216684
      vertex 88.0913 30.7408 0.0216684
      vertex 88.2022 30.5333 0.0216684
    endloop
  endfacet
  facet normal 0 0 -1
    outer loop
      vertex 82.2978 30.5333 0.0216684
      vertex 88.2022 30.5333 0.0216684
      vertex 88.3515 30.3515 0.0216684
    endloop
  endfacet
  facet normal 0 0 -1
    outer loop
      vertex 82.1485 30.3515 0.0216684
      vertex 88.3515 30.3515 0.0216684
      vertex 88.5333 30.2022 0.0216684
    endloop
  endfacet
  facet normal 0 0 -1
    outer loop
      vertex 81.9667 30.2022 0.0216684
      vertex 88.5333 30.2022 0.0216684
      vertex 88.7408 30.0913 0.0216684
    endloop
  endfacet
  facet normal 0 0 -1
    outer loop
      vertex 81.7592 30.0913 0.0216684
      vertex 88.7408 30.0913 0.0216684
      vertex 88.9659 30.0231 0.0216684
    endloop
  endfacet
  facet normal 0 0 -1
    outer loop
      vertex 89.2 30 0.0216684
      vertex 81.3 30 0.0216684
      vertex 88.9659 30.0231 0.0216684
    endloop
  endfacet
  facet normal 0 0 -1
    outer loop
      vertex 88.0231 30.9659 0.0216684
      vertex 82.4769 30.9659 0.0216684
      vertex 82.5 31.2 0.0216684
    endloop
  endfacet
  facet normal 0 0 -1
    outer loop
      vertex 88.0913 30.7408 0.0216684
      vertex 82.4087 30.7408 0.0216684
      vertex 82.4769 30.9659 0.0216684
    endloop
  endfacet
  facet normal 0 0 -1
    outer loop
      vertex 88.2022 30.5333 0.0216684
      vertex 82.2978 30.5333 0.0216684
      vertex 82.4087 30.7408 0.0216684
    endloop
  endfacet
  facet normal 0 0 -1
    outer loop
      vertex 88.3515 30.3515 0.0216684
      vertex 82.1485 30.3515 0.0216684
      vertex 82.2978 30.5333 0.0216684
    endloop
  endfacet
  facet normal 0 0 -1
    outer loop
      vertex 88.5333 30.2022 0.0216684
      vertex 81.9667 30.2022 0.0216684
      vertex 82.1485 30.3515 0.0216684
    endloop
  endfacet
  facet normal 0 0 -1
    outer loop
      vertex 88.7408 30.0913 0.0216684
      vertex 81.7592 30.0913 0.0216684
      vertex 81.9667 30.2022 0.0216684
    endloop
  endfacet
  facet normal 0 0 -1
    outer loop
      vertex 88.9659 30.0231 0.0216684
      vertex 81.5341 30.0231 0.0216684
      vertex 81.7592 30.0913 0.0216684
    endloop
  endfacet
  facet normal -0 0 -1
    outer loop
      vertex 88.9659 30.0231 0.0216684
      vertex 81.3 30 0.0216684
      vertex 81.5341 30.0231 0.0216684
    endloop
  endfacet
  facet normal 0 0 -1
    outer loop
      vertex 125 19.5 0.0216684
      vertex 81.2 30 0.0216684
      vertex 81.3 30 0.0216684
    endloop
  endfacet
  facet normal 0 0 -1
    outer loop
      vertex 73.3 30 0.0216684
      vertex 81.2 30 0.0216684
      vertex 125 19.5 0.0216684
    endloop
  endfacet
  facet normal 0 0 -1
    outer loop
      vertex 80 31.2 0.0216684
      vertex 74.5 31.2 0.0216684
      vertex 80 68.8 0.0216684
    endloop
  endfacet
  facet normal 0 0 -1
    outer loop
      vertex 80.0231 30.9659 0.0216684
      vertex 74.5 31.2 0.0216684
      vertex 80 31.2 0.0216684
    endloop
  endfacet
  facet normal 0 0 -1
    outer loop
      vertex 74.4769 30.9659 0.0216684
      vertex 80.0231 30.9659 0.0216684
      vertex 80.0913 30.7408 0.0216684
    endloop
  endfacet
  facet normal 0 0 -1
    outer loop
      vertex 74.4087 30.7408 0.0216684
      vertex 80.0913 30.7408 0.0216684
      vertex 80.2022 30.5333 0.0216684
    endloop
  endfacet
  facet normal 0 0 -1
    outer loop
      vertex 74.2978 30.5333 0.0216684
      vertex 80.2022 30.5333 0.0216684
      vertex 80.3515 30.3515 0.0216684
    endloop
  endfacet
  facet normal 0 0 -1
    outer loop
      vertex 74.1485 30.3515 0.0216684
      vertex 80.3515 30.3515 0.0216684
      vertex 80.5333 30.2022 0.0216684
    endloop
  endfacet
  facet normal 0 0 -1
    outer loop
      vertex 73.9667 30.2022 0.0216684
      vertex 80.5333 30.2022 0.0216684
      vertex 80.7408 30.0913 0.0216684
    endloop
  endfacet
  facet normal 0 0 -1
    outer loop
      vertex 73.7592 30.0913 0.0216684
      vertex 80.7408 30.0913 0.0216684
      vertex 80.9659 30.0231 0.0216684
    endloop
  endfacet
  facet normal 0 0 -1
    outer loop
      vertex 81.2 30 0.0216684
      vertex 73.3 30 0.0216684
      vertex 80.9659 30.0231 0.0216684
    endloop
  endfacet
  facet normal 0 0 -1
    outer loop
      vertex 80.0231 30.9659 0.0216684
      vertex 74.4769 30.9659 0.0216684
      vertex 74.5 31.2 0.0216684
    endloop
  endfacet
  facet normal 0 0 -1
    outer loop
      vertex 80.0913 30.7408 0.0216684
      vertex 74.4087 30.7408 0.0216684
      vertex 74.4769 30.9659 0.0216684
    endloop
  endfacet
  facet normal 0 0 -1
    outer loop
      vertex 80.2022 30.5333 0.0216684
      vertex 74.2978 30.5333 0.0216684
      vertex 74.4087 30.7408 0.0216684
    endloop
  endfacet
  facet normal 0 0 -1
    outer loop
      vertex 80.3515 30.3515 0.0216684
      vertex 74.1485 30.3515 0.0216684
      vertex 74.2978 30.5333 0.0216684
    endloop
  endfacet
  facet normal 0 0 -1
    outer loop
      vertex 80.5333 30.2022 0.0216684
      vertex 73.9667 30.2022 0.0216684
      vertex 74.1485 30.3515 0.0216684
    endloop
  endfacet
  facet normal 0 0 -1
    outer loop
      vertex 80.7408 30.0913 0.0216684
      vertex 73.7592 30.0913 0.0216684
      vertex 73.9667 30.2022 0.0216684
    endloop
  endfacet
  facet normal 0 0 -1
    outer loop
      vertex 80.9659 30.0231 0.0216684
      vertex 73.5341 30.0231 0.0216684
      vertex 73.7592 30.0913 0.0216684
    endloop
  endfacet
  facet normal -0 0 -1
    outer loop
      vertex 80.9659 30.0231 0.0216684
      vertex 73.3 30 0.0216684
      vertex 73.5341 30.0231 0.0216684
    endloop
  endfacet
  facet normal 0 0 -1
    outer loop
      vertex 125 19.5 0.0216684
      vertex 73.2 30 0.0216684
      vertex 73.3 30 0.0216684
    endloop
  endfacet
  facet normal 0 0 -1
    outer loop
      vertex 65.3 30 0.0216684
      vertex 73.2 30 0.0216684
      vertex 125 19.5 0.0216684
    endloop
  endfacet
  facet normal 0 0 -1
    outer loop
      vertex 72 31.2 0.0216684
      vertex 66.5 31.2 0.0216684
      vertex 72 68.8 0.0216684
    endloop
  endfacet
  facet normal 0 0 -1
    outer loop
      vertex 72.0231 30.9659 0.0216684
      vertex 66.5 31.2 0.0216684
      vertex 72 31.2 0.0216684
    endloop
  endfacet
  facet normal 0 0 -1
    outer loop
      vertex 66.4769 30.9659 0.0216684
      vertex 72.0231 30.9659 0.0216684
      vertex 72.0913 30.7408 0.0216684
    endloop
  endfacet
  facet normal 0 0 -1
    outer loop
      vertex 66.4087 30.7408 0.0216684
      vertex 72.0913 30.7408 0.0216684
      vertex 72.2022 30.5333 0.0216684
    endloop
  endfacet
  facet normal 0 0 -1
    outer loop
      vertex 66.2978 30.5333 0.0216684
      vertex 72.2022 30.5333 0.0216684
      vertex 72.3515 30.3515 0.0216684
    endloop
  endfacet
  facet normal 0 0 -1
    outer loop
      vertex 66.1485 30.3515 0.0216684
      vertex 72.3515 30.3515 0.0216684
      vertex 72.5333 30.2022 0.0216684
    endloop
  endfacet
  facet normal 0 0 -1
    outer loop
      vertex 65.9667 30.2022 0.0216684
      vertex 72.5333 30.2022 0.0216684
      vertex 72.7408 30.0913 0.0216684
    endloop
  endfacet
  facet normal 0 0 -1
    outer loop
      vertex 65.7592 30.0913 0.0216684
      vertex 72.7408 30.0913 0.0216684
      vertex 72.9659 30.0231 0.0216684
    endloop
  endfacet
  facet normal 0 0 -1
    outer loop
      vertex 73.2 30 0.0216684
      vertex 65.3 30 0.0216684
      vertex 72.9659 30.0231 0.0216684
    endloop
  endfacet
  facet normal 0 0 -1
    outer loop
      vertex 72.0231 30.9659 0.0216684
      vertex 66.4769 30.9659 0.0216684
      vertex 66.5 31.2 0.0216684
    endloop
  endfacet
  facet normal 0 0 -1
    outer loop
      vertex 72.0913 30.7408 0.0216684
      vertex 66.4087 30.7408 0.0216684
      vertex 66.4769 30.9659 0.0216684
    endloop
  endfacet
  facet normal 0 0 -1
    outer loop
      vertex 72.2022 30.5333 0.0216684
      vertex 66.2978 30.5333 0.0216684
      vertex 66.4087 30.7408 0.0216684
    endloop
  endfacet
  facet normal 0 0 -1
    outer loop
      vertex 72.3515 30.3515 0.0216684
      vertex 66.1485 30.3515 0.0216684
      vertex 66.2978 30.5333 0.0216684
    endloop
  endfacet
  facet normal 0 0 -1
    outer loop
      vertex 72.5333 30.2022 0.0216684
      vertex 65.9667 30.2022 0.0216684
      vertex 66.1485 30.3515 0.0216684
    endloop
  endfacet
  facet normal 0 0 -1
    outer loop
      vertex 72.7408 30.0913 0.0216684
      vertex 65.7592 30.0913 0.0216684
      vertex 65.9667 30.2022 0.0216684
    endloop
  endfacet
  facet normal 0 0 -1
    outer loop
      vertex 72.9659 30.0231 0.0216684
      vertex 65.5341 30.0231 0.0216684
      vertex 65.7592 30.0913 0.0216684
    endloop
  endfacet
  facet normal -0 0 -1
    outer loop
      vertex 72.9659 30.0231 0.0216684
      vertex 65.3 30 0.0216684
      vertex 65.5341 30.0231 0.0216684
    endloop
  endfacet
  facet normal 0 0 -1
    outer loop
      vertex 125 19.5 0.0216684
      vertex 65.2 30 0.0216684
      vertex 65.3 30 0.0216684
    endloop
  endfacet
  facet normal 0 0 -1
    outer loop
      vertex 4.05892 19.5 0.0216684
      vertex 65.2 30 0.0216684
      vertex 125 19.5 0.0216684
    endloop
  endfacet
  facet normal 0 0 -1
    outer loop
      vertex 64 31.2 0.0216684
      vertex 58.5 31.2 0.0216684
      vertex 64 68.8 0.0216684
    endloop
  endfacet
  facet normal 0 0 -1
    outer loop
      vertex 64.0231 30.9659 0.0216684
      vertex 58.5 31.2 0.0216684
      vertex 64 31.2 0.0216684
    endloop
  endfacet
  facet normal 0 0 -1
    outer loop
      vertex 58.4769 30.9659 0.0216684
      vertex 64.0231 30.9659 0.0216684
      vertex 64.0913 30.7408 0.0216684
    endloop
  endfacet
  facet normal 0 0 -1
    outer loop
      vertex 58.4087 30.7408 0.0216684
      vertex 64.0913 30.7408 0.0216684
      vertex 64.2022 30.5333 0.0216684
    endloop
  endfacet
  facet normal 0 0 -1
    outer loop
      vertex 58.2978 30.5333 0.0216684
      vertex 64.2022 30.5333 0.0216684
      vertex 64.3515 30.3515 0.0216684
    endloop
  endfacet
  facet normal 0 0 -1
    outer loop
      vertex 58.1485 30.3515 0.0216684
      vertex 64.3515 30.3515 0.0216684
      vertex 64.5333 30.2022 0.0216684
    endloop
  endfacet
  facet normal 0 0 -1
    outer loop
      vertex 57.9667 30.2022 0.0216684
      vertex 64.5333 30.2022 0.0216684
      vertex 64.7408 30.0913 0.0216684
    endloop
  endfacet
  facet normal 0 0 -1
    outer loop
      vertex 57.7592 30.0913 0.0216684
      vertex 64.7408 30.0913 0.0216684
      vertex 64.9659 30.0231 0.0216684
    endloop
  endfacet
  facet normal 0 0 -1
    outer loop
      vertex 64.0231 30.9659 0.0216684
      vertex 58.4769 30.9659 0.0216684
      vertex 58.5 31.2 0.0216684
    endloop
  endfacet
  facet normal 0 -0 -1
    outer loop
      vertex 57.3 30 0.0216684
      vertex 65.2 30 0.0216684
      vertex 4.05892 19.5 0.0216684
    endloop
  endfacet
  facet normal 0 0 -1
    outer loop
      vertex 64.0913 30.7408 0.0216684
      vertex 58.4087 30.7408 0.0216684
      vertex 58.4769 30.9659 0.0216684
    endloop
  endfacet
  facet normal 0 0 -1
    outer loop
      vertex 64.2022 30.5333 0.0216684
      vertex 58.2978 30.5333 0.0216684
      vertex 58.4087 30.7408 0.0216684
    endloop
  endfacet
  facet normal 0 0 -1
    outer loop
      vertex 64.3515 30.3515 0.0216684
      vertex 58.1485 30.3515 0.0216684
      vertex 58.2978 30.5333 0.0216684
    endloop
  endfacet
  facet normal 0 0 -1
    outer loop
      vertex 64.5333 30.2022 0.0216684
      vertex 57.9667 30.2022 0.0216684
      vertex 58.1485 30.3515 0.0216684
    endloop
  endfacet
  facet normal 0 0 -1
    outer loop
      vertex 64.7408 30.0913 0.0216684
      vertex 57.7592 30.0913 0.0216684
      vertex 57.9667 30.2022 0.0216684
    endloop
  endfacet
  facet normal 0 0 -1
    outer loop
      vertex 64.9659 30.0231 0.0216684
      vertex 57.5341 30.0231 0.0216684
      vertex 57.7592 30.0913 0.0216684
    endloop
  endfacet
  facet normal -0 0 -1
    outer loop
      vertex 64.9659 30.0231 0.0216684
      vertex 57.3 30 0.0216684
      vertex 57.5341 30.0231 0.0216684
    endloop
  endfacet
  facet normal 0 0 -1
    outer loop
      vertex 65.2 30 0.0216684
      vertex 57.3 30 0.0216684
      vertex 64.9659 30.0231 0.0216684
    endloop
  endfacet
  facet normal -0 0 -1
    outer loop
      vertex 57.3 30 0.0216684
      vertex 4.05892 19.5 0.0216684
      vertex 57.2 30 0.0216684
    endloop
  endfacet
  facet normal 0 0 -1
    outer loop
      vertex 56 31.2 0.0216684
      vertex 50.5 31.2 0.0216684
      vertex 56 68.8 0.0216684
    endloop
  endfacet
  facet normal 0 0 -1
    outer loop
      vertex 56.0231 30.9659 0.0216684
      vertex 50.5 31.2 0.0216684
      vertex 56 31.2 0.0216684
    endloop
  endfacet
  facet normal 0 0 -1
    outer loop
      vertex 50.4769 30.9659 0.0216684
      vertex 56.0231 30.9659 0.0216684
      vertex 56.0913 30.7408 0.0216684
    endloop
  endfacet
  facet normal 0 0 -1
    outer loop
      vertex 50.4087 30.7408 0.0216684
      vertex 56.0913 30.7408 0.0216684
      vertex 56.2022 30.5333 0.0216684
    endloop
  endfacet
  facet normal 0 0 -1
    outer loop
      vertex 50.2978 30.5333 0.0216684
      vertex 56.2022 30.5333 0.0216684
      vertex 56.3515 30.3515 0.0216684
    endloop
  endfacet
  facet normal 0 0 -1
    outer loop
      vertex 50.1485 30.3515 0.0216684
      vertex 56.3515 30.3515 0.0216684
      vertex 56.5333 30.2022 0.0216684
    endloop
  endfacet
  facet normal 0 0 -1
    outer loop
      vertex 49.9667 30.2022 0.0216684
      vertex 56.5333 30.2022 0.0216684
      vertex 56.7408 30.0913 0.0216684
    endloop
  endfacet
  facet normal 0 0 -1
    outer loop
      vertex 49.7592 30.0913 0.0216684
      vertex 56.7408 30.0913 0.0216684
      vertex 56.9659 30.0231 0.0216684
    endloop
  endfacet
  facet normal 0 0 -1
    outer loop
      vertex 56.0231 30.9659 0.0216684
      vertex 50.4769 30.9659 0.0216684
      vertex 50.5 31.2 0.0216684
    endloop
  endfacet
  facet normal 0 -0 -1
    outer loop
      vertex 49.3 30 0.0216684
      vertex 57.2 30 0.0216684
      vertex 4.05892 19.5 0.0216684
    endloop
  endfacet
  facet normal 0 0 -1
    outer loop
      vertex 56.0913 30.7408 0.0216684
      vertex 50.4087 30.7408 0.0216684
      vertex 50.4769 30.9659 0.0216684
    endloop
  endfacet
  facet normal 0 0 -1
    outer loop
      vertex 56.2022 30.5333 0.0216684
      vertex 50.2978 30.5333 0.0216684
      vertex 50.4087 30.7408 0.0216684
    endloop
  endfacet
  facet normal 0 0 -1
    outer loop
      vertex 56.3515 30.3515 0.0216684
      vertex 50.1485 30.3515 0.0216684
      vertex 50.2978 30.5333 0.0216684
    endloop
  endfacet
  facet normal 0 0 -1
    outer loop
      vertex 56.5333 30.2022 0.0216684
      vertex 49.9667 30.2022 0.0216684
      vertex 50.1485 30.3515 0.0216684
    endloop
  endfacet
  facet normal 0 0 -1
    outer loop
      vertex 56.7408 30.0913 0.0216684
      vertex 49.7592 30.0913 0.0216684
      vertex 49.9667 30.2022 0.0216684
    endloop
  endfacet
  facet normal 0 0 -1
    outer loop
      vertex 56.9659 30.0231 0.0216684
      vertex 49.5341 30.0231 0.0216684
      vertex 49.7592 30.0913 0.0216684
    endloop
  endfacet
  facet normal -0 0 -1
    outer loop
      vertex 56.9659 30.0231 0.0216684
      vertex 49.3 30 0.0216684
      vertex 49.5341 30.0231 0.0216684
    endloop
  endfacet
  facet normal 0 0 -1
    outer loop
      vertex 57.2 30 0.0216684
      vertex 49.3 30 0.0216684
      vertex 56.9659 30.0231 0.0216684
    endloop
  endfacet
  facet normal -0 0 -1
    outer loop
      vertex 49.3 30 0.0216684
      vertex 4.05892 19.5 0.0216684
      vertex 49.2 30 0.0216684
    endloop
  endfacet
  facet normal 0 0 -1
    outer loop
      vertex 48 31.2 0.0216684
      vertex 42.5 31.2 0.0216684
      vertex 48 68.8 0.0216684
    endloop
  endfacet
  facet normal 0 0 -1
    outer loop
      vertex 48.0231 30.9659 0.0216684
      vertex 42.5 31.2 0.0216684
      vertex 48 31.2 0.0216684
    endloop
  endfacet
  facet normal 0 0 -1
    outer loop
      vertex 42.4769 30.9659 0.0216684
      vertex 48.0231 30.9659 0.0216684
      vertex 48.0913 30.7408 0.0216684
    endloop
  endfacet
  facet normal 0 0 -1
    outer loop
      vertex 42.4087 30.7408 0.0216684
      vertex 48.0913 30.7408 0.0216684
      vertex 48.2022 30.5333 0.0216684
    endloop
  endfacet
  facet normal 0 0 -1
    outer loop
      vertex 42.2978 30.5333 0.0216684
      vertex 48.2022 30.5333 0.0216684
      vertex 48.3515 30.3515 0.0216684
    endloop
  endfacet
  facet normal 0 0 -1
    outer loop
      vertex 42.1485 30.3515 0.0216684
      vertex 48.3515 30.3515 0.0216684
      vertex 48.5333 30.2022 0.0216684
    endloop
  endfacet
  facet normal 0 0 -1
    outer loop
      vertex 41.9667 30.2022 0.0216684
      vertex 48.5333 30.2022 0.0216684
      vertex 48.7408 30.0913 0.0216684
    endloop
  endfacet
  facet normal 0 0 -1
    outer loop
      vertex 41.7592 30.0913 0.0216684
      vertex 48.7408 30.0913 0.0216684
      vertex 48.9659 30.0231 0.0216684
    endloop
  endfacet
  facet normal 0 0 -1
    outer loop
      vertex 48.0231 30.9659 0.0216684
      vertex 42.4769 30.9659 0.0216684
      vertex 42.5 31.2 0.0216684
    endloop
  endfacet
  facet normal 0 0 -1
    outer loop
      vertex 48.0913 30.7408 0.0216684
      vertex 42.4087 30.7408 0.0216684
      vertex 42.4769 30.9659 0.0216684
    endloop
  endfacet
  facet normal 0 -0 -1
    outer loop
      vertex 41.3 30 0.0216684
      vertex 49.2 30 0.0216684
      vertex 4.05892 19.5 0.0216684
    endloop
  endfacet
  facet normal 0 0 -1
    outer loop
      vertex 48.2022 30.5333 0.0216684
      vertex 42.2978 30.5333 0.0216684
      vertex 42.4087 30.7408 0.0216684
    endloop
  endfacet
  facet normal 0 0 -1
    outer loop
      vertex 48.3515 30.3515 0.0216684
      vertex 42.1485 30.3515 0.0216684
      vertex 42.2978 30.5333 0.0216684
    endloop
  endfacet
  facet normal 0 0 -1
    outer loop
      vertex 48.5333 30.2022 0.0216684
      vertex 41.9667 30.2022 0.0216684
      vertex 42.1485 30.3515 0.0216684
    endloop
  endfacet
  facet normal 0 0 -1
    outer loop
      vertex 48.7408 30.0913 0.0216684
      vertex 41.7592 30.0913 0.0216684
      vertex 41.9667 30.2022 0.0216684
    endloop
  endfacet
  facet normal 0 0 -1
    outer loop
      vertex 48.9659 30.0231 0.0216684
      vertex 41.5341 30.0231 0.0216684
      vertex 41.7592 30.0913 0.0216684
    endloop
  endfacet
  facet normal 0 0 -1
    outer loop
      vertex 49.2 30 0.0216684
      vertex 41.3 30 0.0216684
      vertex 48.9659 30.0231 0.0216684
    endloop
  endfacet
  facet normal -0 0 -1
    outer loop
      vertex 48.9659 30.0231 0.0216684
      vertex 41.3 30 0.0216684
      vertex 41.5341 30.0231 0.0216684
    endloop
  endfacet
  facet normal -0 0 -1
    outer loop
      vertex 41.3 30 0.0216684
      vertex 4.05892 19.5 0.0216684
      vertex 41.2 30 0.0216684
    endloop
  endfacet
  facet normal 0 0 -1
    outer loop
      vertex 4.05892 19.5 0.0216684
      vertex 40 68.8 0.0216684
      vertex 40 31.2 0.0216684
    endloop
  endfacet
  facet normal 0 0 -1
    outer loop
      vertex 4.05892 19.5 0.0216684
      vertex 40 31.2 0.0216684
      vertex 40.0231 30.9659 0.0216684
    endloop
  endfacet
  facet normal 0 0 -1
    outer loop
      vertex 40 68.8 0.0216684
      vertex 4.05892 236.8 0.0216684
      vertex 4.5 237.241 0.0216684
    endloop
  endfacet
  facet normal 0 0 -1
    outer loop
      vertex 4.5 237.241 0.0216684
      vertex 4.05892 236.8 0.0216684
      vertex 4.41395 237.233 0.0216684
    endloop
  endfacet
  facet normal 0 0 -1
    outer loop
      vertex 4.41395 237.233 0.0216684
      vertex 4.05892 236.8 0.0216684
      vertex 4.33121 237.208 0.0216684
    endloop
  endfacet
  facet normal 0 0 -1
    outer loop
      vertex 4.33121 237.208 0.0216684
      vertex 4.05892 236.8 0.0216684
      vertex 4.25495 237.167 0.0216684
    endloop
  endfacet
  facet normal 0 0 -1
    outer loop
      vertex 4.25495 237.167 0.0216684
      vertex 4.05892 236.8 0.0216684
      vertex 4.18811 237.112 0.0216684
    endloop
  endfacet
  facet normal 0 0 -1
    outer loop
      vertex 4.18811 237.112 0.0216684
      vertex 4.05892 236.8 0.0216684
      vertex 4.13326 237.045 0.0216684
    endloop
  endfacet
  facet normal 0 0 -1
    outer loop
      vertex 4.13326 237.045 0.0216684
      vertex 4.05892 236.8 0.0216684
      vertex 4.0925 236.969 0.0216684
    endloop
  endfacet
  facet normal -0 0 -1
    outer loop
      vertex 41.2 30 0.0216684
      vertex 4.05892 19.5 0.0216684
      vertex 40.9659 30.0231 0.0216684
    endloop
  endfacet
  facet normal 0 0 -1
    outer loop
      vertex 4.05892 19.5 0.0216684
      vertex 40.7408 30.0913 0.0216684
      vertex 40.9659 30.0231 0.0216684
    endloop
  endfacet
  facet normal 0 0 -1
    outer loop
      vertex 4.05892 19.5 0.0216684
      vertex 40.5333 30.2022 0.0216684
      vertex 40.7408 30.0913 0.0216684
    endloop
  endfacet
  facet normal 0 0 -1
    outer loop
      vertex 4.05892 19.5 0.0216684
      vertex 40.3515 30.3515 0.0216684
      vertex 40.5333 30.2022 0.0216684
    endloop
  endfacet
  facet normal 0 0 -1
    outer loop
      vertex 4.05892 19.5 0.0216684
      vertex 40.2022 30.5333 0.0216684
      vertex 40.3515 30.3515 0.0216684
    endloop
  endfacet
  facet normal 0 0 -1
    outer loop
      vertex 4.05892 19.5 0.0216684
      vertex 40.0913 30.7408 0.0216684
      vertex 40.2022 30.5333 0.0216684
    endloop
  endfacet
  facet normal 0 0 -1
    outer loop
      vertex 4.05892 19.5 0.0216684
      vertex 40.0231 30.9659 0.0216684
      vertex 40.0913 30.7408 0.0216684
    endloop
  endfacet
  facet normal -0 0 -1
    outer loop
      vertex 40 68.8 0.0216684
      vertex 4.05892 19.5 0.0216684
      vertex 4.05892 236.8 0.0216684
    endloop
  endfacet
  facet normal 0 0 -1
    outer loop
      vertex 4.0925 236.969 0.0216684
      vertex 4.05892 236.8 0.0216684
      vertex 4.0674 236.886 0.0216684
    endloop
  endfacet
  facet normal 0 0 -1
    outer loop
      vertex 114.477 69.0341 0.0216684
      vertex 125 19.5 0.0216684
      vertex 114.5 68.8 0.0216684
    endloop
  endfacet
  facet normal 0 0 -1
    outer loop
      vertex 125 19.5 0.0216684
      vertex 114.477 69.0341 0.0216684
      vertex 125 237.241 0.0216684
    endloop
  endfacet
  facet normal 0 0 -1
    outer loop
      vertex 114.409 69.2592 0.0216684
      vertex 125 237.241 0.0216684
      vertex 114.477 69.0341 0.0216684
    endloop
  endfacet
  facet normal 0 0 -1
    outer loop
      vertex 114.298 69.4667 0.0216684
      vertex 125 237.241 0.0216684
      vertex 114.409 69.2592 0.0216684
    endloop
  endfacet
  facet normal 0 0 -1
    outer loop
      vertex 114.149 69.6485 0.0216684
      vertex 125 237.241 0.0216684
      vertex 114.298 69.4667 0.0216684
    endloop
  endfacet
  facet normal 0 0 -1
    outer loop
      vertex 113.967 69.7978 0.0216684
      vertex 125 237.241 0.0216684
      vertex 114.149 69.6485 0.0216684
    endloop
  endfacet
  facet normal 0 0 -1
    outer loop
      vertex 113.759 69.9087 0.0216684
      vertex 125 237.241 0.0216684
      vertex 113.967 69.7978 0.0216684
    endloop
  endfacet
  facet normal 0 0 -1
    outer loop
      vertex 113.534 69.9769 0.0216684
      vertex 125 237.241 0.0216684
      vertex 113.759 69.9087 0.0216684
    endloop
  endfacet
  facet normal 0 0 -1
    outer loop
      vertex 113.3 70 0.0216684
      vertex 125 237.241 0.0216684
      vertex 113.534 69.9769 0.0216684
    endloop
  endfacet
  facet normal 0 0 -1
    outer loop
      vertex 113.2 70 0.0216684
      vertex 125 237.241 0.0216684
      vertex 113.3 70 0.0216684
    endloop
  endfacet
  facet normal 0 0 -1
    outer loop
      vertex 105.3 70 0.0216684
      vertex 113.2 70 0.0216684
      vertex 112.966 69.9769 0.0216684
    endloop
  endfacet
  facet normal 0 0 -1
    outer loop
      vertex 105.534 69.9769 0.0216684
      vertex 112.966 69.9769 0.0216684
      vertex 112.741 69.9087 0.0216684
    endloop
  endfacet
  facet normal 0 0 -1
    outer loop
      vertex 105.759 69.9087 0.0216684
      vertex 112.741 69.9087 0.0216684
      vertex 112.533 69.7978 0.0216684
    endloop
  endfacet
  facet normal 0 0 -1
    outer loop
      vertex 105.967 69.7978 0.0216684
      vertex 112.533 69.7978 0.0216684
      vertex 112.351 69.6485 0.0216684
    endloop
  endfacet
  facet normal 0 0 -1
    outer loop
      vertex 106.149 69.6485 0.0216684
      vertex 112.351 69.6485 0.0216684
      vertex 112.202 69.4667 0.0216684
    endloop
  endfacet
  facet normal 0 0 -1
    outer loop
      vertex 106.298 69.4667 0.0216684
      vertex 112.202 69.4667 0.0216684
      vertex 112.091 69.2592 0.0216684
    endloop
  endfacet
  facet normal 0 0 -1
    outer loop
      vertex 106.409 69.2592 0.0216684
      vertex 112.091 69.2592 0.0216684
      vertex 112.023 69.0341 0.0216684
    endloop
  endfacet
  facet normal 0 0 -1
    outer loop
      vertex 106.477 69.0341 0.0216684
      vertex 112.023 69.0341 0.0216684
      vertex 112 68.8 0.0216684
    endloop
  endfacet
  facet normal 0 0 -1
    outer loop
      vertex 106.5 68.8 0.0216684
      vertex 112 68.8 0.0216684
      vertex 106.5 31.2 0.0216684
    endloop
  endfacet
  facet normal 0 0 -1
    outer loop
      vertex 106.477 69.0341 0.0216684
      vertex 112 68.8 0.0216684
      vertex 106.5 68.8 0.0216684
    endloop
  endfacet
  facet normal 0 0 -1
    outer loop
      vertex 112.023 69.0341 0.0216684
      vertex 106.477 69.0341 0.0216684
      vertex 106.409 69.2592 0.0216684
    endloop
  endfacet
  facet normal 0 0 -1
    outer loop
      vertex 112.091 69.2592 0.0216684
      vertex 106.409 69.2592 0.0216684
      vertex 106.298 69.4667 0.0216684
    endloop
  endfacet
  facet normal 0 0 -1
    outer loop
      vertex 112.202 69.4667 0.0216684
      vertex 106.298 69.4667 0.0216684
      vertex 106.149 69.6485 0.0216684
    endloop
  endfacet
  facet normal 0 0 -1
    outer loop
      vertex 112.351 69.6485 0.0216684
      vertex 106.149 69.6485 0.0216684
      vertex 105.967 69.7978 0.0216684
    endloop
  endfacet
  facet normal 0 0 -1
    outer loop
      vertex 112.533 69.7978 0.0216684
      vertex 105.967 69.7978 0.0216684
      vertex 105.759 69.9087 0.0216684
    endloop
  endfacet
  facet normal 0 0 -1
    outer loop
      vertex 112.741 69.9087 0.0216684
      vertex 105.759 69.9087 0.0216684
      vertex 105.534 69.9769 0.0216684
    endloop
  endfacet
  facet normal 0 0 -1
    outer loop
      vertex 112.966 69.9769 0.0216684
      vertex 105.534 69.9769 0.0216684
      vertex 105.3 70 0.0216684
    endloop
  endfacet
  facet normal 0 0 -1
    outer loop
      vertex 113.2 70 0.0216684
      vertex 105.3 70 0.0216684
      vertex 125 237.241 0.0216684
    endloop
  endfacet
  facet normal 0 0 -1
    outer loop
      vertex 105.2 70 0.0216684
      vertex 125 237.241 0.0216684
      vertex 105.3 70 0.0216684
    endloop
  endfacet
  facet normal 0 0 -1
    outer loop
      vertex 97.3 70 0.0216684
      vertex 105.2 70 0.0216684
      vertex 104.966 69.9769 0.0216684
    endloop
  endfacet
  facet normal 0 0 -1
    outer loop
      vertex 97.5341 69.9769 0.0216684
      vertex 104.966 69.9769 0.0216684
      vertex 104.741 69.9087 0.0216684
    endloop
  endfacet
  facet normal 0 0 -1
    outer loop
      vertex 97.7592 69.9087 0.0216684
      vertex 104.741 69.9087 0.0216684
      vertex 104.533 69.7978 0.0216684
    endloop
  endfacet
  facet normal 0 0 -1
    outer loop
      vertex 97.9667 69.7978 0.0216684
      vertex 104.533 69.7978 0.0216684
      vertex 104.351 69.6485 0.0216684
    endloop
  endfacet
  facet normal 0 0 -1
    outer loop
      vertex 98.1485 69.6485 0.0216684
      vertex 104.351 69.6485 0.0216684
      vertex 104.202 69.4667 0.0216684
    endloop
  endfacet
  facet normal 0 0 -1
    outer loop
      vertex 98.2978 69.4667 0.0216684
      vertex 104.202 69.4667 0.0216684
      vertex 104.091 69.2592 0.0216684
    endloop
  endfacet
  facet normal 0 0 -1
    outer loop
      vertex 98.4087 69.2592 0.0216684
      vertex 104.091 69.2592 0.0216684
      vertex 104.023 69.0341 0.0216684
    endloop
  endfacet
  facet normal 0 0 -1
    outer loop
      vertex 98.5 68.8 0.0216684
      vertex 104 68.8 0.0216684
      vertex 98.5 31.2 0.0216684
    endloop
  endfacet
  facet normal 0 0 -1
    outer loop
      vertex 104 68.8 0.0216684
      vertex 98.5 68.8 0.0216684
      vertex 104.023 69.0341 0.0216684
    endloop
  endfacet
  facet normal 0 0 -1
    outer loop
      vertex 98.4769 69.0341 0.0216684
      vertex 104.023 69.0341 0.0216684
      vertex 98.5 68.8 0.0216684
    endloop
  endfacet
  facet normal 0 0 -1
    outer loop
      vertex 98.4087 69.2592 0.0216684
      vertex 104.023 69.0341 0.0216684
      vertex 98.4769 69.0341 0.0216684
    endloop
  endfacet
  facet normal 0 0 -1
    outer loop
      vertex 104.091 69.2592 0.0216684
      vertex 98.4087 69.2592 0.0216684
      vertex 98.2978 69.4667 0.0216684
    endloop
  endfacet
  facet normal 0 0 -1
    outer loop
      vertex 104.202 69.4667 0.0216684
      vertex 98.2978 69.4667 0.0216684
      vertex 98.1485 69.6485 0.0216684
    endloop
  endfacet
  facet normal 0 0 -1
    outer loop
      vertex 104.351 69.6485 0.0216684
      vertex 98.1485 69.6485 0.0216684
      vertex 97.9667 69.7978 0.0216684
    endloop
  endfacet
  facet normal 0 0 -1
    outer loop
      vertex 104.533 69.7978 0.0216684
      vertex 97.9667 69.7978 0.0216684
      vertex 97.7592 69.9087 0.0216684
    endloop
  endfacet
  facet normal 0 0 -1
    outer loop
      vertex 104.741 69.9087 0.0216684
      vertex 97.7592 69.9087 0.0216684
      vertex 97.5341 69.9769 0.0216684
    endloop
  endfacet
  facet normal 0 0 -1
    outer loop
      vertex 104.966 69.9769 0.0216684
      vertex 97.5341 69.9769 0.0216684
      vertex 97.3 70 0.0216684
    endloop
  endfacet
  facet normal 0 0 -1
    outer loop
      vertex 105.2 70 0.0216684
      vertex 97.3 70 0.0216684
      vertex 125 237.241 0.0216684
    endloop
  endfacet
  facet normal 0 0 -1
    outer loop
      vertex 97.2 70 0.0216684
      vertex 125 237.241 0.0216684
      vertex 97.3 70 0.0216684
    endloop
  endfacet
  facet normal 0 0 -1
    outer loop
      vertex 89.3 70 0.0216684
      vertex 97.2 70 0.0216684
      vertex 96.9659 69.9769 0.0216684
    endloop
  endfacet
  facet normal 0 0 -1
    outer loop
      vertex 89.5341 69.9769 0.0216684
      vertex 96.9659 69.9769 0.0216684
      vertex 96.7408 69.9087 0.0216684
    endloop
  endfacet
  facet normal 0 0 -1
    outer loop
      vertex 89.7592 69.9087 0.0216684
      vertex 96.7408 69.9087 0.0216684
      vertex 96.5333 69.7978 0.0216684
    endloop
  endfacet
  facet normal 0 0 -1
    outer loop
      vertex 89.9667 69.7978 0.0216684
      vertex 96.5333 69.7978 0.0216684
      vertex 96.3515 69.6485 0.0216684
    endloop
  endfacet
  facet normal 0 0 -1
    outer loop
      vertex 90.1485 69.6485 0.0216684
      vertex 96.3515 69.6485 0.0216684
      vertex 96.2022 69.4667 0.0216684
    endloop
  endfacet
  facet normal 0 0 -1
    outer loop
      vertex 90.2978 69.4667 0.0216684
      vertex 96.2022 69.4667 0.0216684
      vertex 96.0913 69.2592 0.0216684
    endloop
  endfacet
  facet normal 0 0 -1
    outer loop
      vertex 90.4087 69.2592 0.0216684
      vertex 96.0913 69.2592 0.0216684
      vertex 96.0231 69.0341 0.0216684
    endloop
  endfacet
  facet normal 0 0 -1
    outer loop
      vertex 90.5 68.8 0.0216684
      vertex 96 68.8 0.0216684
      vertex 90.5 31.2 0.0216684
    endloop
  endfacet
  facet normal 0 0 -1
    outer loop
      vertex 96 68.8 0.0216684
      vertex 90.5 68.8 0.0216684
      vertex 96.0231 69.0341 0.0216684
    endloop
  endfacet
  facet normal 0 0 -1
    outer loop
      vertex 90.4769 69.0341 0.0216684
      vertex 96.0231 69.0341 0.0216684
      vertex 90.5 68.8 0.0216684
    endloop
  endfacet
  facet normal 0 0 -1
    outer loop
      vertex 90.4087 69.2592 0.0216684
      vertex 96.0231 69.0341 0.0216684
      vertex 90.4769 69.0341 0.0216684
    endloop
  endfacet
  facet normal 0 0 -1
    outer loop
      vertex 96.0913 69.2592 0.0216684
      vertex 90.4087 69.2592 0.0216684
      vertex 90.2978 69.4667 0.0216684
    endloop
  endfacet
  facet normal 0 0 -1
    outer loop
      vertex 96.2022 69.4667 0.0216684
      vertex 90.2978 69.4667 0.0216684
      vertex 90.1485 69.6485 0.0216684
    endloop
  endfacet
  facet normal 0 0 -1
    outer loop
      vertex 96.3515 69.6485 0.0216684
      vertex 90.1485 69.6485 0.0216684
      vertex 89.9667 69.7978 0.0216684
    endloop
  endfacet
  facet normal 0 0 -1
    outer loop
      vertex 96.5333 69.7978 0.0216684
      vertex 89.9667 69.7978 0.0216684
      vertex 89.7592 69.9087 0.0216684
    endloop
  endfacet
  facet normal 0 0 -1
    outer loop
      vertex 96.7408 69.9087 0.0216684
      vertex 89.7592 69.9087 0.0216684
      vertex 89.5341 69.9769 0.0216684
    endloop
  endfacet
  facet normal 0 0 -1
    outer loop
      vertex 96.9659 69.9769 0.0216684
      vertex 89.5341 69.9769 0.0216684
      vertex 89.3 70 0.0216684
    endloop
  endfacet
  facet normal 0 0 -1
    outer loop
      vertex 97.2 70 0.0216684
      vertex 89.3 70 0.0216684
      vertex 125 237.241 0.0216684
    endloop
  endfacet
  facet normal 0 0 -1
    outer loop
      vertex 89.2 70 0.0216684
      vertex 125 237.241 0.0216684
      vertex 89.3 70 0.0216684
    endloop
  endfacet
  facet normal 0 0 -1
    outer loop
      vertex 81.3 70 0.0216684
      vertex 89.2 70 0.0216684
      vertex 88.9659 69.9769 0.0216684
    endloop
  endfacet
  facet normal 0 0 -1
    outer loop
      vertex 81.5341 69.9769 0.0216684
      vertex 88.9659 69.9769 0.0216684
      vertex 88.7408 69.9087 0.0216684
    endloop
  endfacet
  facet normal 0 0 -1
    outer loop
      vertex 81.7592 69.9087 0.0216684
      vertex 88.7408 69.9087 0.0216684
      vertex 88.5333 69.7978 0.0216684
    endloop
  endfacet
  facet normal 0 0 -1
    outer loop
      vertex 81.9667 69.7978 0.0216684
      vertex 88.5333 69.7978 0.0216684
      vertex 88.3515 69.6485 0.0216684
    endloop
  endfacet
  facet normal 0 0 -1
    outer loop
      vertex 82.1485 69.6485 0.0216684
      vertex 88.3515 69.6485 0.0216684
      vertex 88.2022 69.4667 0.0216684
    endloop
  endfacet
  facet normal 0 0 -1
    outer loop
      vertex 82.2978 69.4667 0.0216684
      vertex 88.2022 69.4667 0.0216684
      vertex 88.0913 69.2592 0.0216684
    endloop
  endfacet
  facet normal 0 0 -1
    outer loop
      vertex 82.4087 69.2592 0.0216684
      vertex 88.0913 69.2592 0.0216684
      vertex 88.0231 69.0341 0.0216684
    endloop
  endfacet
  facet normal 0 0 -1
    outer loop
      vertex 82.5 68.8 0.0216684
      vertex 88 68.8 0.0216684
      vertex 82.5 31.2 0.0216684
    endloop
  endfacet
  facet normal 0 0 -1
    outer loop
      vertex 88 68.8 0.0216684
      vertex 82.5 68.8 0.0216684
      vertex 88.0231 69.0341 0.0216684
    endloop
  endfacet
  facet normal 0 0 -1
    outer loop
      vertex 82.4769 69.0341 0.0216684
      vertex 88.0231 69.0341 0.0216684
      vertex 82.5 68.8 0.0216684
    endloop
  endfacet
  facet normal 0 0 -1
    outer loop
      vertex 82.4087 69.2592 0.0216684
      vertex 88.0231 69.0341 0.0216684
      vertex 82.4769 69.0341 0.0216684
    endloop
  endfacet
  facet normal 0 0 -1
    outer loop
      vertex 88.0913 69.2592 0.0216684
      vertex 82.4087 69.2592 0.0216684
      vertex 82.2978 69.4667 0.0216684
    endloop
  endfacet
  facet normal 0 0 -1
    outer loop
      vertex 88.2022 69.4667 0.0216684
      vertex 82.2978 69.4667 0.0216684
      vertex 82.1485 69.6485 0.0216684
    endloop
  endfacet
  facet normal 0 0 -1
    outer loop
      vertex 88.3515 69.6485 0.0216684
      vertex 82.1485 69.6485 0.0216684
      vertex 81.9667 69.7978 0.0216684
    endloop
  endfacet
  facet normal 0 0 -1
    outer loop
      vertex 88.5333 69.7978 0.0216684
      vertex 81.9667 69.7978 0.0216684
      vertex 81.7592 69.9087 0.0216684
    endloop
  endfacet
  facet normal 0 0 -1
    outer loop
      vertex 88.7408 69.9087 0.0216684
      vertex 81.7592 69.9087 0.0216684
      vertex 81.5341 69.9769 0.0216684
    endloop
  endfacet
  facet normal 0 0 -1
    outer loop
      vertex 88.9659 69.9769 0.0216684
      vertex 81.5341 69.9769 0.0216684
      vertex 81.3 70 0.0216684
    endloop
  endfacet
  facet normal 0 0 -1
    outer loop
      vertex 89.2 70 0.0216684
      vertex 81.3 70 0.0216684
      vertex 125 237.241 0.0216684
    endloop
  endfacet
  facet normal 0 0 -1
    outer loop
      vertex 81.2 70 0.0216684
      vertex 125 237.241 0.0216684
      vertex 81.3 70 0.0216684
    endloop
  endfacet
  facet normal 0 0 -1
    outer loop
      vertex 73.3 70 0.0216684
      vertex 81.2 70 0.0216684
      vertex 80.9659 69.9769 0.0216684
    endloop
  endfacet
  facet normal 0 0 -1
    outer loop
      vertex 73.5341 69.9769 0.0216684
      vertex 80.9659 69.9769 0.0216684
      vertex 80.7408 69.9087 0.0216684
    endloop
  endfacet
  facet normal 0 0 -1
    outer loop
      vertex 73.7592 69.9087 0.0216684
      vertex 80.7408 69.9087 0.0216684
      vertex 80.5333 69.7978 0.0216684
    endloop
  endfacet
  facet normal 0 0 -1
    outer loop
      vertex 73.9667 69.7978 0.0216684
      vertex 80.5333 69.7978 0.0216684
      vertex 80.3515 69.6485 0.0216684
    endloop
  endfacet
  facet normal 0 0 -1
    outer loop
      vertex 74.1485 69.6485 0.0216684
      vertex 80.3515 69.6485 0.0216684
      vertex 80.2022 69.4667 0.0216684
    endloop
  endfacet
  facet normal 0 0 -1
    outer loop
      vertex 74.2978 69.4667 0.0216684
      vertex 80.2022 69.4667 0.0216684
      vertex 80.0913 69.2592 0.0216684
    endloop
  endfacet
  facet normal 0 0 -1
    outer loop
      vertex 74.4087 69.2592 0.0216684
      vertex 80.0913 69.2592 0.0216684
      vertex 80.0231 69.0341 0.0216684
    endloop
  endfacet
  facet normal 0 0 -1
    outer loop
      vertex 74.5 68.8 0.0216684
      vertex 80 68.8 0.0216684
      vertex 74.5 31.2 0.0216684
    endloop
  endfacet
  facet normal 0 0 -1
    outer loop
      vertex 80 68.8 0.0216684
      vertex 74.5 68.8 0.0216684
      vertex 80.0231 69.0341 0.0216684
    endloop
  endfacet
  facet normal 0 0 -1
    outer loop
      vertex 74.4769 69.0341 0.0216684
      vertex 80.0231 69.0341 0.0216684
      vertex 74.5 68.8 0.0216684
    endloop
  endfacet
  facet normal 0 0 -1
    outer loop
      vertex 74.4087 69.2592 0.0216684
      vertex 80.0231 69.0341 0.0216684
      vertex 74.4769 69.0341 0.0216684
    endloop
  endfacet
  facet normal 0 0 -1
    outer loop
      vertex 80.0913 69.2592 0.0216684
      vertex 74.4087 69.2592 0.0216684
      vertex 74.2978 69.4667 0.0216684
    endloop
  endfacet
  facet normal 0 0 -1
    outer loop
      vertex 80.2022 69.4667 0.0216684
      vertex 74.2978 69.4667 0.0216684
      vertex 74.1485 69.6485 0.0216684
    endloop
  endfacet
  facet normal 0 0 -1
    outer loop
      vertex 80.3515 69.6485 0.0216684
      vertex 74.1485 69.6485 0.0216684
      vertex 73.9667 69.7978 0.0216684
    endloop
  endfacet
  facet normal 0 0 -1
    outer loop
      vertex 80.5333 69.7978 0.0216684
      vertex 73.9667 69.7978 0.0216684
      vertex 73.7592 69.9087 0.0216684
    endloop
  endfacet
  facet normal 0 0 -1
    outer loop
      vertex 80.7408 69.9087 0.0216684
      vertex 73.7592 69.9087 0.0216684
      vertex 73.5341 69.9769 0.0216684
    endloop
  endfacet
  facet normal 0 0 -1
    outer loop
      vertex 80.9659 69.9769 0.0216684
      vertex 73.5341 69.9769 0.0216684
      vertex 73.3 70 0.0216684
    endloop
  endfacet
  facet normal 0 0 -1
    outer loop
      vertex 81.2 70 0.0216684
      vertex 73.3 70 0.0216684
      vertex 125 237.241 0.0216684
    endloop
  endfacet
  facet normal 0 0 -1
    outer loop
      vertex 73.2 70 0.0216684
      vertex 125 237.241 0.0216684
      vertex 73.3 70 0.0216684
    endloop
  endfacet
  facet normal 0 0 -1
    outer loop
      vertex 65.3 70 0.0216684
      vertex 73.2 70 0.0216684
      vertex 72.9659 69.9769 0.0216684
    endloop
  endfacet
  facet normal 0 0 -1
    outer loop
      vertex 65.5341 69.9769 0.0216684
      vertex 72.9659 69.9769 0.0216684
      vertex 72.7408 69.9087 0.0216684
    endloop
  endfacet
  facet normal 0 0 -1
    outer loop
      vertex 65.7592 69.9087 0.0216684
      vertex 72.7408 69.9087 0.0216684
      vertex 72.5333 69.7978 0.0216684
    endloop
  endfacet
  facet normal 0 0 -1
    outer loop
      vertex 65.9667 69.7978 0.0216684
      vertex 72.5333 69.7978 0.0216684
      vertex 72.3515 69.6485 0.0216684
    endloop
  endfacet
  facet normal 0 0 -1
    outer loop
      vertex 66.1485 69.6485 0.0216684
      vertex 72.3515 69.6485 0.0216684
      vertex 72.2022 69.4667 0.0216684
    endloop
  endfacet
  facet normal 0 0 -1
    outer loop
      vertex 66.2978 69.4667 0.0216684
      vertex 72.2022 69.4667 0.0216684
      vertex 72.0913 69.2592 0.0216684
    endloop
  endfacet
  facet normal 0 0 -1
    outer loop
      vertex 66.5 68.8 0.0216684
      vertex 72 68.8 0.0216684
      vertex 66.5 31.2 0.0216684
    endloop
  endfacet
  facet normal 0 0 -1
    outer loop
      vertex 72 68.8 0.0216684
      vertex 66.5 68.8 0.0216684
      vertex 72.0231 69.0341 0.0216684
    endloop
  endfacet
  facet normal 0 0 -1
    outer loop
      vertex 66.4769 69.0341 0.0216684
      vertex 72.0231 69.0341 0.0216684
      vertex 66.5 68.8 0.0216684
    endloop
  endfacet
  facet normal 0 0 -1
    outer loop
      vertex 72.0231 69.0341 0.0216684
      vertex 66.4769 69.0341 0.0216684
      vertex 72.0913 69.2592 0.0216684
    endloop
  endfacet
  facet normal 0 0 -1
    outer loop
      vertex 66.4087 69.2592 0.0216684
      vertex 72.0913 69.2592 0.0216684
      vertex 66.4769 69.0341 0.0216684
    endloop
  endfacet
  facet normal 0 0 -1
    outer loop
      vertex 66.2978 69.4667 0.0216684
      vertex 72.0913 69.2592 0.0216684
      vertex 66.4087 69.2592 0.0216684
    endloop
  endfacet
  facet normal 0 0 -1
    outer loop
      vertex 72.2022 69.4667 0.0216684
      vertex 66.2978 69.4667 0.0216684
      vertex 66.1485 69.6485 0.0216684
    endloop
  endfacet
  facet normal 0 0 -1
    outer loop
      vertex 72.3515 69.6485 0.0216684
      vertex 66.1485 69.6485 0.0216684
      vertex 65.9667 69.7978 0.0216684
    endloop
  endfacet
  facet normal 0 0 -1
    outer loop
      vertex 72.5333 69.7978 0.0216684
      vertex 65.9667 69.7978 0.0216684
      vertex 65.7592 69.9087 0.0216684
    endloop
  endfacet
  facet normal 0 0 -1
    outer loop
      vertex 72.7408 69.9087 0.0216684
      vertex 65.7592 69.9087 0.0216684
      vertex 65.5341 69.9769 0.0216684
    endloop
  endfacet
  facet normal 0 0 -1
    outer loop
      vertex 72.9659 69.9769 0.0216684
      vertex 65.5341 69.9769 0.0216684
      vertex 65.3 70 0.0216684
    endloop
  endfacet
  facet normal 0 0 -1
    outer loop
      vertex 73.2 70 0.0216684
      vertex 65.3 70 0.0216684
      vertex 125 237.241 0.0216684
    endloop
  endfacet
  facet normal 0 0 -1
    outer loop
      vertex 65.2 70 0.0216684
      vertex 125 237.241 0.0216684
      vertex 65.3 70 0.0216684
    endloop
  endfacet
  facet normal 0 0 -1
    outer loop
      vertex 57.3 70 0.0216684
      vertex 65.2 70 0.0216684
      vertex 64.9659 69.9769 0.0216684
    endloop
  endfacet
  facet normal 0 0 -1
    outer loop
      vertex 57.5341 69.9769 0.0216684
      vertex 64.9659 69.9769 0.0216684
      vertex 64.7408 69.9087 0.0216684
    endloop
  endfacet
  facet normal 0 0 -1
    outer loop
      vertex 57.7592 69.9087 0.0216684
      vertex 64.7408 69.9087 0.0216684
      vertex 64.5333 69.7978 0.0216684
    endloop
  endfacet
  facet normal 0 0 -1
    outer loop
      vertex 57.9667 69.7978 0.0216684
      vertex 64.5333 69.7978 0.0216684
      vertex 64.3515 69.6485 0.0216684
    endloop
  endfacet
  facet normal 0 0 -1
    outer loop
      vertex 58.1485 69.6485 0.0216684
      vertex 64.3515 69.6485 0.0216684
      vertex 64.2022 69.4667 0.0216684
    endloop
  endfacet
  facet normal 0 0 -1
    outer loop
      vertex 58.2978 69.4667 0.0216684
      vertex 64.2022 69.4667 0.0216684
      vertex 64.0913 69.2592 0.0216684
    endloop
  endfacet
  facet normal 0 0 -1
    outer loop
      vertex 58.5 68.8 0.0216684
      vertex 64 68.8 0.0216684
      vertex 58.5 31.2 0.0216684
    endloop
  endfacet
  facet normal 0 0 -1
    outer loop
      vertex 64 68.8 0.0216684
      vertex 58.5 68.8 0.0216684
      vertex 64.0231 69.0341 0.0216684
    endloop
  endfacet
  facet normal 0 0 -1
    outer loop
      vertex 58.4769 69.0341 0.0216684
      vertex 64.0231 69.0341 0.0216684
      vertex 58.5 68.8 0.0216684
    endloop
  endfacet
  facet normal 0 0 -1
    outer loop
      vertex 64.0231 69.0341 0.0216684
      vertex 58.4769 69.0341 0.0216684
      vertex 64.0913 69.2592 0.0216684
    endloop
  endfacet
  facet normal 0 0 -1
    outer loop
      vertex 58.4087 69.2592 0.0216684
      vertex 64.0913 69.2592 0.0216684
      vertex 58.4769 69.0341 0.0216684
    endloop
  endfacet
  facet normal 0 0 -1
    outer loop
      vertex 58.2978 69.4667 0.0216684
      vertex 64.0913 69.2592 0.0216684
      vertex 58.4087 69.2592 0.0216684
    endloop
  endfacet
  facet normal 0 0 -1
    outer loop
      vertex 64.2022 69.4667 0.0216684
      vertex 58.2978 69.4667 0.0216684
      vertex 58.1485 69.6485 0.0216684
    endloop
  endfacet
  facet normal 0 0 -1
    outer loop
      vertex 64.3515 69.6485 0.0216684
      vertex 58.1485 69.6485 0.0216684
      vertex 57.9667 69.7978 0.0216684
    endloop
  endfacet
  facet normal 0 0 -1
    outer loop
      vertex 64.5333 69.7978 0.0216684
      vertex 57.9667 69.7978 0.0216684
      vertex 57.7592 69.9087 0.0216684
    endloop
  endfacet
  facet normal 0 0 -1
    outer loop
      vertex 64.7408 69.9087 0.0216684
      vertex 57.7592 69.9087 0.0216684
      vertex 57.5341 69.9769 0.0216684
    endloop
  endfacet
  facet normal 0 0 -1
    outer loop
      vertex 64.9659 69.9769 0.0216684
      vertex 57.5341 69.9769 0.0216684
      vertex 57.3 70 0.0216684
    endloop
  endfacet
  facet normal 0 0 -1
    outer loop
      vertex 65.2 70 0.0216684
      vertex 57.3 70 0.0216684
      vertex 4.5 237.241 0.0216684
    endloop
  endfacet
  facet normal 0 0 -1
    outer loop
      vertex 4.5 237.241 0.0216684
      vertex 57.3 70 0.0216684
      vertex 57.2 70 0.0216684
    endloop
  endfacet
  facet normal 0 0 -1
    outer loop
      vertex 49.3 70 0.0216684
      vertex 57.2 70 0.0216684
      vertex 56.9659 69.9769 0.0216684
    endloop
  endfacet
  facet normal 0 0 -1
    outer loop
      vertex 49.5341 69.9769 0.0216684
      vertex 56.9659 69.9769 0.0216684
      vertex 56.7408 69.9087 0.0216684
    endloop
  endfacet
  facet normal 0 0 -1
    outer loop
      vertex 49.7592 69.9087 0.0216684
      vertex 56.7408 69.9087 0.0216684
      vertex 56.5333 69.7978 0.0216684
    endloop
  endfacet
  facet normal 0 0 -1
    outer loop
      vertex 49.9667 69.7978 0.0216684
      vertex 56.5333 69.7978 0.0216684
      vertex 56.3515 69.6485 0.0216684
    endloop
  endfacet
  facet normal 0 0 -1
    outer loop
      vertex 50.1485 69.6485 0.0216684
      vertex 56.3515 69.6485 0.0216684
      vertex 56.2022 69.4667 0.0216684
    endloop
  endfacet
  facet normal 0 0 -1
    outer loop
      vertex 50.2978 69.4667 0.0216684
      vertex 56.2022 69.4667 0.0216684
      vertex 56.0913 69.2592 0.0216684
    endloop
  endfacet
  facet normal 0 0 -1
    outer loop
      vertex 50.5 68.8 0.0216684
      vertex 56 68.8 0.0216684
      vertex 50.5 31.2 0.0216684
    endloop
  endfacet
  facet normal 0 0 -1
    outer loop
      vertex 56 68.8 0.0216684
      vertex 50.5 68.8 0.0216684
      vertex 56.0231 69.0341 0.0216684
    endloop
  endfacet
  facet normal 0 0 -1
    outer loop
      vertex 50.4769 69.0341 0.0216684
      vertex 56.0231 69.0341 0.0216684
      vertex 50.5 68.8 0.0216684
    endloop
  endfacet
  facet normal 0 0 -1
    outer loop
      vertex 56.0231 69.0341 0.0216684
      vertex 50.4769 69.0341 0.0216684
      vertex 56.0913 69.2592 0.0216684
    endloop
  endfacet
  facet normal 0 0 -1
    outer loop
      vertex 50.4087 69.2592 0.0216684
      vertex 56.0913 69.2592 0.0216684
      vertex 50.4769 69.0341 0.0216684
    endloop
  endfacet
  facet normal 0 0 -1
    outer loop
      vertex 50.2978 69.4667 0.0216684
      vertex 56.0913 69.2592 0.0216684
      vertex 50.4087 69.2592 0.0216684
    endloop
  endfacet
  facet normal 0 0 -1
    outer loop
      vertex 56.2022 69.4667 0.0216684
      vertex 50.2978 69.4667 0.0216684
      vertex 50.1485 69.6485 0.0216684
    endloop
  endfacet
  facet normal 0 0 -1
    outer loop
      vertex 56.3515 69.6485 0.0216684
      vertex 50.1485 69.6485 0.0216684
      vertex 49.9667 69.7978 0.0216684
    endloop
  endfacet
  facet normal 0 0 -1
    outer loop
      vertex 56.5333 69.7978 0.0216684
      vertex 49.9667 69.7978 0.0216684
      vertex 49.7592 69.9087 0.0216684
    endloop
  endfacet
  facet normal 0 0 -1
    outer loop
      vertex 56.7408 69.9087 0.0216684
      vertex 49.7592 69.9087 0.0216684
      vertex 49.5341 69.9769 0.0216684
    endloop
  endfacet
  facet normal 0 0 -1
    outer loop
      vertex 56.9659 69.9769 0.0216684
      vertex 49.5341 69.9769 0.0216684
      vertex 49.3 70 0.0216684
    endloop
  endfacet
  facet normal 0 0 -1
    outer loop
      vertex 57.2 70 0.0216684
      vertex 49.3 70 0.0216684
      vertex 4.5 237.241 0.0216684
    endloop
  endfacet
  facet normal 0 0 -1
    outer loop
      vertex 4.5 237.241 0.0216684
      vertex 49.3 70 0.0216684
      vertex 49.2 70 0.0216684
    endloop
  endfacet
  facet normal 0 0 -1
    outer loop
      vertex 41.3 70 0.0216684
      vertex 49.2 70 0.0216684
      vertex 48.9659 69.9769 0.0216684
    endloop
  endfacet
  facet normal 0 0 -1
    outer loop
      vertex 41.5341 69.9769 0.0216684
      vertex 48.9659 69.9769 0.0216684
      vertex 48.7408 69.9087 0.0216684
    endloop
  endfacet
  facet normal 0 0 -1
    outer loop
      vertex 41.7592 69.9087 0.0216684
      vertex 48.7408 69.9087 0.0216684
      vertex 48.5333 69.7978 0.0216684
    endloop
  endfacet
  facet normal 0 0 -1
    outer loop
      vertex 41.9667 69.7978 0.0216684
      vertex 48.5333 69.7978 0.0216684
      vertex 48.3515 69.6485 0.0216684
    endloop
  endfacet
  facet normal 0 0 -1
    outer loop
      vertex 42.1485 69.6485 0.0216684
      vertex 48.3515 69.6485 0.0216684
      vertex 48.2022 69.4667 0.0216684
    endloop
  endfacet
  facet normal 0 0 -1
    outer loop
      vertex 42.2978 69.4667 0.0216684
      vertex 48.2022 69.4667 0.0216684
      vertex 48.0913 69.2592 0.0216684
    endloop
  endfacet
  facet normal 0 0 -1
    outer loop
      vertex 42.5 68.8 0.0216684
      vertex 48 68.8 0.0216684
      vertex 42.5 31.2 0.0216684
    endloop
  endfacet
  facet normal 0 0 -1
    outer loop
      vertex 48 68.8 0.0216684
      vertex 42.5 68.8 0.0216684
      vertex 48.0231 69.0341 0.0216684
    endloop
  endfacet
  facet normal 0 0 -1
    outer loop
      vertex 42.4769 69.0341 0.0216684
      vertex 48.0231 69.0341 0.0216684
      vertex 42.5 68.8 0.0216684
    endloop
  endfacet
  facet normal 0 0 -1
    outer loop
      vertex 48.0231 69.0341 0.0216684
      vertex 42.4769 69.0341 0.0216684
      vertex 48.0913 69.2592 0.0216684
    endloop
  endfacet
  facet normal 0 0 -1
    outer loop
      vertex 42.4087 69.2592 0.0216684
      vertex 48.0913 69.2592 0.0216684
      vertex 42.4769 69.0341 0.0216684
    endloop
  endfacet
  facet normal 0 0 -1
    outer loop
      vertex 42.2978 69.4667 0.0216684
      vertex 48.0913 69.2592 0.0216684
      vertex 42.4087 69.2592 0.0216684
    endloop
  endfacet
  facet normal 0 0 -1
    outer loop
      vertex 48.2022 69.4667 0.0216684
      vertex 42.2978 69.4667 0.0216684
      vertex 42.1485 69.6485 0.0216684
    endloop
  endfacet
  facet normal 0 0 -1
    outer loop
      vertex 48.3515 69.6485 0.0216684
      vertex 42.1485 69.6485 0.0216684
      vertex 41.9667 69.7978 0.0216684
    endloop
  endfacet
  facet normal 0 0 -1
    outer loop
      vertex 48.5333 69.7978 0.0216684
      vertex 41.9667 69.7978 0.0216684
      vertex 41.7592 69.9087 0.0216684
    endloop
  endfacet
  facet normal 0 0 -1
    outer loop
      vertex 48.7408 69.9087 0.0216684
      vertex 41.7592 69.9087 0.0216684
      vertex 41.5341 69.9769 0.0216684
    endloop
  endfacet
  facet normal 0 0 -1
    outer loop
      vertex 48.9659 69.9769 0.0216684
      vertex 41.5341 69.9769 0.0216684
      vertex 41.3 70 0.0216684
    endloop
  endfacet
  facet normal 0 0 -1
    outer loop
      vertex 49.2 70 0.0216684
      vertex 41.3 70 0.0216684
      vertex 4.5 237.241 0.0216684
    endloop
  endfacet
  facet normal 0 0 -1
    outer loop
      vertex 4.5 237.241 0.0216684
      vertex 41.3 70 0.0216684
      vertex 41.2 70 0.0216684
    endloop
  endfacet
  facet normal 0 0 -1
    outer loop
      vertex 4.5 237.241 0.0216684
      vertex 41.2 70 0.0216684
      vertex 40.9659 69.9769 0.0216684
    endloop
  endfacet
  facet normal 0 0 -1
    outer loop
      vertex 4.5 237.241 0.0216684
      vertex 40.9659 69.9769 0.0216684
      vertex 40.7408 69.9087 0.0216684
    endloop
  endfacet
  facet normal 0 0 -1
    outer loop
      vertex 4.5 237.241 0.0216684
      vertex 40.7408 69.9087 0.0216684
      vertex 40.5333 69.7978 0.0216684
    endloop
  endfacet
  facet normal 0 0 -1
    outer loop
      vertex 4.5 237.241 0.0216684
      vertex 40.5333 69.7978 0.0216684
      vertex 40.3515 69.6485 0.0216684
    endloop
  endfacet
  facet normal 0 0 -1
    outer loop
      vertex 4.5 237.241 0.0216684
      vertex 40.3515 69.6485 0.0216684
      vertex 40.2022 69.4667 0.0216684
    endloop
  endfacet
  facet normal 0 0 -1
    outer loop
      vertex 4.5 237.241 0.0216684
      vertex 40.2022 69.4667 0.0216684
      vertex 40.0913 69.2592 0.0216684
    endloop
  endfacet
  facet normal 0 0 -1
    outer loop
      vertex 65.2 70 0.0216684
      vertex 4.5 237.241 0.0216684
      vertex 125 237.241 0.0216684
    endloop
  endfacet
  facet normal 0 0 -1
    outer loop
      vertex 40.0231 69.0341 0.0216684
      vertex 4.5 237.241 0.0216684
      vertex 40.0913 69.2592 0.0216684
    endloop
  endfacet
  facet normal 0 0 -1
    outer loop
      vertex 4.5 237.241 0.0216684
      vertex 40.0231 69.0341 0.0216684
      vertex 40 68.8 0.0216684
    endloop
  endfacet
  facet normal 0 0.706982 -0.707231
    outer loop
      vertex 4.5 239.655 1.02145
      vertex 125 240.279 1.64523
      vertex 125 239.655 1.02145
    endloop
  endfacet
  facet normal 0 0.706982 -0.707231
    outer loop
      vertex 125 240.279 1.64523
      vertex 4.5 239.655 1.02145
      vertex 4.5 240.279 1.64523
    endloop
  endfacet
  facet normal -0.195091 0 -0.980785
    outer loop
      vertex 3.19372 19.5 0.193768
      vertex 4.05892 236.8 0.0216684
      vertex 4.05892 19.5 0.0216684
    endloop
  endfacet
  facet normal -0.195091 0 -0.980785
    outer loop
      vertex 4.05892 236.8 0.0216684
      vertex 3.19372 19.5 0.193768
      vertex 3.19372 236.8 0.193768
    endloop
  endfacet
  facet normal -0.734616 0.392263 -0.553596
    outer loop
      vertex 1.28624 238.131 1.64523
      vertex 1.20019 239.005 2.37871
      vertex 1.60769 238.733 1.64523
    endloop
  endfacet
  facet normal -0.643697 0.528406 -0.553571
    outer loop
      vertex 1.60769 238.733 1.64523
      vertex 1.20019 239.005 2.37871
      vertex 2.0403 239.26 1.64523
    endloop
  endfacet
  facet normal -0.58677 0.71434 -0.381339
    outer loop
      vertex 1.69374 239.606 2.37871
      vertex 1.45503 239.845 3.19372
      vertex 2.29514 240.1 2.37871
    endloop
  endfacet
  facet normal -0.39264 0.734055 -0.554074
    outer loop
      vertex 2.56742 239.692 1.64523
      vertex 2.29514 240.1 2.37871
      vertex 2.98126 240.467 2.37871
    endloop
  endfacet
  facet normal -0.267472 0.885022 -0.381045
    outer loop
      vertex 3.72575 240.692 2.37871
      vertex 2.98126 240.467 2.37871
      vertex 3.6599 241.023 3.19372
    endloop
  endfacet
  facet normal -0.0818193 0.828732 -0.553633
    outer loop
      vertex 4.5 240.279 1.64523
      vertex 3.82137 240.212 1.64523
      vertex 4.5 240.769 2.37871
    endloop
  endfacet
  facet normal 0 0.382685 -0.923879
    outer loop
      vertex 4.5 238.106 0.193768
      vertex 125 238.921 0.531354
      vertex 125 238.106 0.193768
    endloop
  endfacet
  facet normal 0 0.382685 -0.923879
    outer loop
      vertex 125 238.921 0.531354
      vertex 4.5 238.106 0.193768
      vertex 4.5 238.921 0.531354
    endloop
  endfacet
  facet normal -0.11172 0.367421 -0.92332
    outer loop
      vertex 4.24516 238.081 0.193768
      vertex 3.68822 238.76 0.531354
      vertex 4.08616 238.881 0.531354
    endloop
  endfacet
  facet normal -0.333505 0.625874 -0.705022
    outer loop
      vertex 2.91397 239.174 1.02145
      vertex 2.56742 239.692 1.64523
      vertex 3.40753 239.437 1.02145
    endloop
  endfacet
  facet normal -0.430981 0.353364 -0.830295
    outer loop
      vertex 3.00002 238.3 0.531354
      vertex 2.12635 238.386 1.02145
      vertex 2.48137 238.819 1.02145
    endloop
  endfacet
  facet normal -0.621909 0.758567 -0.194435
    outer loop
      vertex 1.45503 239.845 3.19372
      vertex 1.33334 239.967 4.05892
      vertex 2.10759 240.38 3.19372
    endloop
  endfacet
  facet normal -0.622263 0.758144 -0.194953
    outer loop
      vertex 2.10759 240.38 3.19372
      vertex 1.33334 239.967 4.05892
      vertex 2.01197 240.524 4.05892
    endloop
  endfacet
  facet normal -0.0909223 0.920287 -0.380531
    outer loop
      vertex 4.5 240.769 2.37871
      vertex 3.6599 241.023 3.19372
      vertex 4.5 241.106 3.19372
    endloop
  endfacet
  facet normal -0.0964497 0.976234 -0.194073
    outer loop
      vertex 4.5 241.106 3.19372
      vertex 3.6599 241.023 3.19372
      vertex 4.5 241.278 4.05892
    endloop
  endfacet
  facet normal -0.091497 0.92002 -0.38104
    outer loop
      vertex 3.72575 240.692 2.37871
      vertex 3.6599 241.023 3.19372
      vertex 4.5 240.769 2.37871
    endloop
  endfacet
  facet normal -0.0824395 0.828945 -0.553221
    outer loop
      vertex 3.82137 240.212 1.64523
      vertex 3.72575 240.692 2.37871
      vertex 4.5 240.769 2.37871
    endloop
  endfacet
  facet normal -0.29045 0.95689 0
    outer loop
      vertex 3.62632 241.192 4.05892
      vertex 2.78622 240.937 140
      vertex 3.62632 241.192 140
    endloop
  endfacet
  facet normal -0.29045 0.95689 0
    outer loop
      vertex 2.78622 240.937 140
      vertex 3.62632 241.192 4.05892
      vertex 2.78622 240.937 4.05892
    endloop
  endfacet
  facet normal -0.0979608 0.99519 0
    outer loop
      vertex 4.5 241.278 4.05892
      vertex 3.62632 241.192 140
      vertex 4.5 241.278 140
    endloop
  endfacet
  facet normal -0.0979608 0.99519 0
    outer loop
      vertex 3.62632 241.192 140
      vertex 4.5 241.278 4.05892
      vertex 3.62632 241.192 4.05892
    endloop
  endfacet
  facet normal 0 0.195134 -0.980777
    outer loop
      vertex 4.5 237.241 0.0216684
      vertex 125 238.106 0.193768
      vertex 125 237.241 0.0216684
    endloop
  endfacet
  facet normal 0 0.195134 -0.980777
    outer loop
      vertex 125 238.106 0.193768
      vertex 4.5 237.241 0.0216684
      vertex 4.5 238.106 0.193768
    endloop
  endfacet
  facet normal -0.554745 0.054628 -0.830225
    outer loop
      vertex 2.41947 237.214 0.531354
      vertex 1.64523 236.8 1.02145
      vertex 1.70008 237.357 1.02145
    endloop
  endfacet
  facet normal -0.705385 0.0694621 -0.705412
    outer loop
      vertex 1.64523 236.8 1.02145
      vertex 1.08829 237.479 1.64523
      vertex 1.70008 237.357 1.02145
    endloop
  endfacet
  facet normal -0.20637 0.678022 -0.705477
    outer loop
      vertex 3.94306 239.6 1.02145
      vertex 3.40753 239.437 1.02145
      vertex 3.82137 240.212 1.64523
    endloop
  endfacet
  facet normal -0.069629 0.705258 -0.705523
    outer loop
      vertex 3.94306 239.6 1.02145
      vertex 3.82137 240.212 1.64523
      vertex 4.5 240.279 1.64523
    endloop
  endfacet
  facet normal -0.195052 0.0191992 -0.980605
    outer loop
      vertex 4.0674 236.886 0.0216684
      vertex 3.19372 236.8 0.193768
      vertex 3.21882 237.055 0.193768
    endloop
  endfacet
  facet normal -0.181063 0.338792 -0.923275
    outer loop
      vertex 3.77427 237.886 0.193768
      vertex 3.32148 238.564 0.531354
      vertex 3.68822 238.76 0.531354
    endloop
  endfacet
  facet normal -0.393013 0.734032 -0.553839
    outer loop
      vertex 3.16882 240.014 1.64523
      vertex 2.56742 239.692 1.64523
      vertex 2.98126 240.467 2.37871
    endloop
  endfacet
  facet normal -0.241747 0.796728 -0.55388
    outer loop
      vertex 3.16882 240.014 1.64523
      vertex 2.98126 240.467 2.37871
      vertex 3.82137 240.212 1.64523
    endloop
  endfacet
  facet normal -0.436022 0.815614 -0.38034
    outer loop
      vertex 2.98126 240.467 2.37871
      vertex 2.10759 240.38 3.19372
      vertex 2.85208 240.778 3.19372
    endloop
  endfacet
  facet normal -0.462398 0.864951 -0.195062
    outer loop
      vertex 2.10759 240.38 3.19372
      vertex 2.01197 240.524 4.05892
      vertex 2.85208 240.778 3.19372
    endloop
  endfacet
  facet normal -0.172856 0.0923325 -0.98061
    outer loop
      vertex 4.13326 237.045 0.0216684
      vertex 3.29315 237.3 0.193768
      vertex 3.41387 237.526 0.193768
    endloop
  endfacet
  facet normal -0.367711 0.111559 -0.923224
    outer loop
      vertex 3.21882 237.055 0.193768
      vertex 2.41947 237.214 0.531354
      vertex 3.29315 237.3 0.193768
    endloop
  endfacet
  facet normal -0.533527 0.161828 -0.830157
    outer loop
      vertex 2.41947 237.214 0.531354
      vertex 1.86254 237.892 1.02145
      vertex 2.54019 237.612 0.531354
    endloop
  endfacet
  facet normal -0.491824 0.262648 -0.830136
    outer loop
      vertex 2.73622 237.979 0.531354
      vertex 1.86254 237.892 1.02145
      vertex 2.12635 238.386 1.02145
    endloop
  endfacet
  facet normal -0.353521 0.430798 -0.830323
    outer loop
      vertex 3.00002 238.3 0.531354
      vertex 2.48137 238.819 1.02145
      vertex 2.91397 239.174 1.02145
    endloop
  endfacet
  facet normal -0.0369492 0.382277 -0.923309
    outer loop
      vertex 4.24516 238.081 0.193768
      vertex 4.08616 238.881 0.531354
      vertex 4.5 238.921 0.531354
    endloop
  endfacet
  facet normal -0.187544 0.0568986 -0.980607
    outer loop
      vertex 4.0674 236.886 0.0216684
      vertex 3.21882 237.055 0.193768
      vertex 3.29315 237.3 0.193768
    endloop
  endfacet
  facet normal -0.172756 0.0926519 -0.980597
    outer loop
      vertex 4.0925 236.969 0.0216684
      vertex 3.29315 237.3 0.193768
      vertex 4.13326 237.045 0.0216684
    endloop
  endfacet
  facet normal -0.0928266 0.172657 -0.980598
    outer loop
      vertex 4.25495 237.167 0.0216684
      vertex 3.77427 237.886 0.193768
      vertex 4.33121 237.208 0.0216684
    endloop
  endfacet
  facet normal -0.297132 0.243783 -0.923191
    outer loop
      vertex 3.41387 237.526 0.193768
      vertex 3.00002 238.3 0.531354
      vertex 3.57632 237.724 0.193768
    endloop
  endfacet
  facet normal -0.548163 0.449443 -0.705349
    outer loop
      vertex 2.12635 238.386 1.02145
      vertex 2.0403 239.26 1.64523
      vertex 2.48137 238.819 1.02145
    endloop
  endfacet
  facet normal -0.353746 0.430739 -0.830258
    outer loop
      vertex 3.00002 238.3 0.531354
      vertex 2.91397 239.174 1.02145
      vertex 3.32148 238.564 0.531354
    endloop
  endfacet
  facet normal -0.162251 0.533604 -0.830025
    outer loop
      vertex 3.68822 238.76 0.531354
      vertex 3.40753 239.437 1.02145
      vertex 4.08616 238.881 0.531354
    endloop
  endfacet
  facet normal -0.338912 0.181033 -0.923237
    outer loop
      vertex 3.29315 237.3 0.193768
      vertex 2.73622 237.979 0.531354
      vertex 3.41387 237.526 0.193768
    endloop
  endfacet
  facet normal -0.243814 0.29688 -0.923264
    outer loop
      vertex 3.77427 237.886 0.193768
      vertex 3.00002 238.3 0.531354
      vertex 3.32148 238.564 0.531354
    endloop
  endfacet
  facet normal -0.491821 0.262702 -0.830121
    outer loop
      vertex 2.54019 237.612 0.531354
      vertex 1.86254 237.892 1.02145
      vertex 2.73622 237.979 0.531354
    endloop
  endfacet
  facet normal -0.338916 0.181029 -0.923236
    outer loop
      vertex 3.29315 237.3 0.193768
      vertex 2.54019 237.612 0.531354
      vertex 2.73622 237.979 0.531354
    endloop
  endfacet
  facet normal -0.0191393 0.195099 -0.980597
    outer loop
      vertex 4.5 237.241 0.0216684
      vertex 4.24516 238.081 0.193768
      vertex 4.5 238.106 0.193768
    endloop
  endfacet
  facet normal -0.0375153 0.382416 -0.923228
    outer loop
      vertex 4.5 238.106 0.193768
      vertex 4.24516 238.081 0.193768
      vertex 4.5 238.921 0.531354
    endloop
  endfacet
  facet normal -0.0926029 0.172838 -0.980587
    outer loop
      vertex 4.33121 237.208 0.0216684
      vertex 3.77427 237.886 0.193768
      vertex 4.00011 238.007 0.193768
    endloop
  endfacet
  facet normal -0.195055 0.0192333 -0.980604
    outer loop
      vertex 4.05892 236.8 0.0216684
      vertex 3.19372 236.8 0.193768
      vertex 4.0674 236.886 0.0216684
    endloop
  endfacet
  facet normal -0.151654 0.124153 -0.980606
    outer loop
      vertex 4.13326 237.045 0.0216684
      vertex 3.57632 237.724 0.193768
      vertex 4.18811 237.112 0.0216684
    endloop
  endfacet
  facet normal -0.243452 0.297477 -0.923168
    outer loop
      vertex 3.57632 237.724 0.193768
      vertex 3.00002 238.3 0.531354
      vertex 3.77427 237.886 0.193768
    endloop
  endfacet
  facet normal -0.449828 0.548157 -0.705109
    outer loop
      vertex 2.91397 239.174 1.02145
      vertex 2.48137 238.819 1.02145
      vertex 2.56742 239.692 1.64523
    endloop
  endfacet
  facet normal -0.124595 0.151416 -0.980586
    outer loop
      vertex 4.18811 237.112 0.0216684
      vertex 3.77427 237.886 0.193768
      vertex 4.25495 237.167 0.0216684
    endloop
  endfacet
  facet normal -0.124126 0.151671 -0.980606
    outer loop
      vertex 4.18811 237.112 0.0216684
      vertex 3.57632 237.724 0.193768
      vertex 3.77427 237.886 0.193768
    endloop
  endfacet
  facet normal -0.296851 0.243954 -0.923237
    outer loop
      vertex 3.41387 237.526 0.193768
      vertex 2.73622 237.979 0.531354
      vertex 3.00002 238.3 0.531354
    endloop
  endfacet
  facet normal -0.430805 0.354038 -0.830099
    outer loop
      vertex 2.73622 237.979 0.531354
      vertex 2.12635 238.386 1.02145
      vertex 3.00002 238.3 0.531354
    endloop
  endfacet
  facet normal -0.0567191 0.187718 -0.980584
    outer loop
      vertex 4.33121 237.208 0.0216684
      vertex 4.24516 238.081 0.193768
      vertex 4.41395 237.233 0.0216684
    endloop
  endfacet
  facet normal -0.187627 0.0567403 -0.9806
    outer loop
      vertex 4.0674 236.886 0.0216684
      vertex 3.29315 237.3 0.193768
      vertex 4.0925 236.969 0.0216684
    endloop
  endfacet
  facet normal -0.181483 0.338728 -0.923216
    outer loop
      vertex 3.77427 237.886 0.193768
      vertex 3.68822 238.76 0.531354
      vertex 4.00011 238.007 0.193768
    endloop
  endfacet
  facet normal -0.111093 0.367882 -0.923213
    outer loop
      vertex 4.00011 238.007 0.193768
      vertex 3.68822 238.76 0.531354
      vertex 4.24516 238.081 0.193768
    endloop
  endfacet
  facet normal -0.26213 0.491927 -0.830238
    outer loop
      vertex 3.32148 238.564 0.531354
      vertex 2.91397 239.174 1.02145
      vertex 3.40753 239.437 1.02145
    endloop
  endfacet
  facet normal -0.262881 0.491883 -0.830027
    outer loop
      vertex 3.68822 238.76 0.531354
      vertex 3.32148 238.564 0.531354
      vertex 3.40753 239.437 1.02145
    endloop
  endfacet
  facet normal 0.392057 -0.734502 0.553893
    outer loop
      vertex 4.05627 237.871 3.54841
      vertex 3.99375 238.022 3.7929
      vertex 3.85581 237.764 3.54841
    endloop
  endfacet
  facet normal 0 -1 0
    outer loop
      vertex 70.8779 238.293 133.414
      vertex 119 238.293 133.5
      vertex 70 238.293 133.5
    endloop
  endfacet
  facet normal 0 -1 0
    outer loop
      vertex 71.7221 238.293 133.157
      vertex 119 238.293 133.5
      vertex 70.8779 238.293 133.414
    endloop
  endfacet
  facet normal 0 -1 0
    outer loop
      vertex 72.5001 238.293 132.742
      vertex 119 238.293 133.5
      vertex 71.7221 238.293 133.157
    endloop
  endfacet
  facet normal 0 -1 0
    outer loop
      vertex 73.182 238.293 132.182
      vertex 119 238.293 133.5
      vertex 72.5001 238.293 132.742
    endloop
  endfacet
  facet normal 0 -1 0
    outer loop
      vertex 73.7416 238.293 131.5
      vertex 119 238.293 133.5
      vertex 73.182 238.293 132.182
    endloop
  endfacet
  facet normal 0 -1 0
    outer loop
      vertex 74.1575 238.293 130.722
      vertex 119 238.293 133.5
      vertex 73.7416 238.293 131.5
    endloop
  endfacet
  facet normal 0 -1 0
    outer loop
      vertex 74.4135 238.293 129.878
      vertex 119 238.293 133.5
      vertex 74.1575 238.293 130.722
    endloop
  endfacet
  facet normal 0 -1 0
    outer loop
      vertex 74.5 238.293 129
      vertex 119 238.293 133.5
      vertex 74.4135 238.293 129.878
    endloop
  endfacet
  facet normal 0 -1 0
    outer loop
      vertex 74.4135 238.293 128.122
      vertex 119 238.293 133.5
      vertex 74.5 238.293 129
    endloop
  endfacet
  facet normal 0 -1 0
    outer loop
      vertex 74.1575 238.293 127.278
      vertex 119 238.293 133.5
      vertex 74.4135 238.293 128.122
    endloop
  endfacet
  facet normal 0 -1 0
    outer loop
      vertex 110.818 238.293 100.182
      vertex 74.1575 238.293 127.278
      vertex 73.7416 238.293 126.5
    endloop
  endfacet
  facet normal 0 -1 0
    outer loop
      vertex 110.258 238.293 99.5001
      vertex 73.7416 238.293 126.5
      vertex 73.182 238.293 125.818
    endloop
  endfacet
  facet normal 0 -1 0
    outer loop
      vertex 109.843 238.293 98.7221
      vertex 73.182 238.293 125.818
      vertex 72.5001 238.293 125.258
    endloop
  endfacet
  facet normal 0 -1 0
    outer loop
      vertex 97.4333 238.293 84.7461
      vertex 72.5001 238.293 125.258
      vertex 71.7221 238.293 124.843
    endloop
  endfacet
  facet normal 0 -1 0
    outer loop
      vertex 97.1151 238.293 84.4849
      vertex 71.7221 238.293 124.843
      vertex 70.8779 238.293 124.586
    endloop
  endfacet
  facet normal 0 -1 0
    outer loop
      vertex 96.8539 238.293 84.1667
      vertex 70.8779 238.293 124.586
      vertex 70 238.293 124.5
    endloop
  endfacet
  facet normal 0 -1 0
    outer loop
      vertex 74.1575 238.293 127.278
      vertex 113.122 238.293 101.414
      vertex 119 238.293 133.5
    endloop
  endfacet
  facet normal 0 -1 0
    outer loop
      vertex 114.878 238.293 101.414
      vertex 119 238.293 133.5
      vertex 114 238.293 101.5
    endloop
  endfacet
  facet normal 0 -1 0
    outer loop
      vertex 115.722 238.293 101.157
      vertex 119 238.293 133.5
      vertex 114.878 238.293 101.414
    endloop
  endfacet
  facet normal 0 -1 0
    outer loop
      vertex 116.5 238.293 100.742
      vertex 119 238.293 133.5
      vertex 115.722 238.293 101.157
    endloop
  endfacet
  facet normal 0 -1 0
    outer loop
      vertex 117.182 238.293 100.182
      vertex 119 238.293 133.5
      vertex 116.5 238.293 100.742
    endloop
  endfacet
  facet normal 0 -1 0
    outer loop
      vertex 117.742 238.293 99.5001
      vertex 119 238.293 133.5
      vertex 117.182 238.293 100.182
    endloop
  endfacet
  facet normal 0 -1 0
    outer loop
      vertex 118.157 238.293 98.7221
      vertex 119 238.293 133.5
      vertex 117.742 238.293 99.5001
    endloop
  endfacet
  facet normal 0 -1 0
    outer loop
      vertex 118.414 238.293 97.8779
      vertex 119 238.293 133.5
      vertex 118.157 238.293 98.7221
    endloop
  endfacet
  facet normal 0 -1 0
    outer loop
      vertex 118.5 238.293 97
      vertex 119 238.293 133.5
      vertex 118.414 238.293 97.8779
    endloop
  endfacet
  facet normal 0 -1 0
    outer loop
      vertex 118.5 238.293 97
      vertex 119 238.293 91
      vertex 119 238.293 133.5
    endloop
  endfacet
  facet normal 0 -1 0
    outer loop
      vertex 118.414 238.293 96.1221
      vertex 119 238.293 91
      vertex 118.5 238.293 97
    endloop
  endfacet
  facet normal 0 -1 0
    outer loop
      vertex 118.157 238.293 95.2779
      vertex 119 238.293 91
      vertex 118.414 238.293 96.1221
    endloop
  endfacet
  facet normal 0 -1 0
    outer loop
      vertex 117.742 238.293 94.4999
      vertex 119 238.293 91
      vertex 118.157 238.293 95.2779
    endloop
  endfacet
  facet normal 0 -1 0
    outer loop
      vertex 117.182 238.293 93.818
      vertex 119 238.293 91
      vertex 117.742 238.293 94.4999
    endloop
  endfacet
  facet normal 0 -1 0
    outer loop
      vertex 116.5 238.293 93.2584
      vertex 119 238.293 91
      vertex 117.182 238.293 93.818
    endloop
  endfacet
  facet normal 0 -1 0
    outer loop
      vertex 115.722 238.293 92.8425
      vertex 119 238.293 91
      vertex 116.5 238.293 93.2584
    endloop
  endfacet
  facet normal 0 -1 0
    outer loop
      vertex 114.878 238.293 92.5865
      vertex 119 238.293 91
      vertex 115.722 238.293 92.8425
    endloop
  endfacet
  facet normal 0 -1 0
    outer loop
      vertex 119 238.293 91
      vertex 114.878 238.293 92.5865
      vertex 114 238.293 92.5
    endloop
  endfacet
  facet normal 0 -1 0
    outer loop
      vertex 4.5 238.293 134
      vertex 70 238.293 133.5
      vertex 125 238.293 134
    endloop
  endfacet
  facet normal 0 -1 0
    outer loop
      vertex 4.5 238.293 134
      vertex 69.1221 238.293 133.414
      vertex 70 238.293 133.5
    endloop
  endfacet
  facet normal 0 -1 0
    outer loop
      vertex 4.5 238.293 134
      vertex 68.2779 238.293 133.157
      vertex 69.1221 238.293 133.414
    endloop
  endfacet
  facet normal 0 -1 0
    outer loop
      vertex 4.5 238.293 134
      vertex 67.4999 238.293 132.742
      vertex 68.2779 238.293 133.157
    endloop
  endfacet
  facet normal 0 -1 0
    outer loop
      vertex 4.5 238.293 134
      vertex 66.818 238.293 132.182
      vertex 67.4999 238.293 132.742
    endloop
  endfacet
  facet normal 0 -1 0
    outer loop
      vertex 4.5 238.293 134
      vertex 66.2584 238.293 131.5
      vertex 66.818 238.293 132.182
    endloop
  endfacet
  facet normal 0 -1 0
    outer loop
      vertex 4.5 238.293 134
      vertex 65.8425 238.293 130.722
      vertex 66.2584 238.293 131.5
    endloop
  endfacet
  facet normal 0 -1 0
    outer loop
      vertex 4.5 238.293 134
      vertex 65.5865 238.293 129.878
      vertex 65.8425 238.293 130.722
    endloop
  endfacet
  facet normal 0 -1 0
    outer loop
      vertex 4.5 238.293 134
      vertex 65.5 238.293 129
      vertex 65.5865 238.293 129.878
    endloop
  endfacet
  facet normal 0 -1 0
    outer loop
      vertex 4.5 238.293 134
      vertex 65.5865 238.293 128.122
      vertex 65.5 238.293 129
    endloop
  endfacet
  facet normal 0 -1 0
    outer loop
      vertex 4.5 238.293 134
      vertex 65.8425 238.293 127.278
      vertex 65.5865 238.293 128.122
    endloop
  endfacet
  facet normal 0 -1 0
    outer loop
      vertex 4.5 238.293 134
      vertex 66.2584 238.293 126.5
      vertex 65.8425 238.293 127.278
    endloop
  endfacet
  facet normal 0 -1 0
    outer loop
      vertex 4.5 238.293 134
      vertex 66.818 238.293 125.818
      vertex 66.2584 238.293 126.5
    endloop
  endfacet
  facet normal 0 -1 0
    outer loop
      vertex 73.1819 238.293 64.5557
      vertex 66.818 238.293 125.818
      vertex 4.5 238.293 134
    endloop
  endfacet
  facet normal 0 -1 0
    outer loop
      vertex 66.818 238.293 125.818
      vertex 73.1819 238.293 64.5557
      vertex 67.4999 238.293 125.258
    endloop
  endfacet
  facet normal -0 -1 0
    outer loop
      vertex 74.2017 238.293 65.7983
      vertex 67.4999 238.293 125.258
      vertex 73.1819 238.293 64.5557
    endloop
  endfacet
  facet normal 0 -1 0
    outer loop
      vertex 76.862 238.293 67.5758
      vertex 70 238.293 124.5
      vertex 69.1221 238.293 124.586
    endloop
  endfacet
  facet normal 0 -1 0
    outer loop
      vertex 67.4999 238.293 125.258
      vertex 74.2017 238.293 65.7983
      vertex 68.2779 238.293 124.843
    endloop
  endfacet
  facet normal 0 -1 0
    outer loop
      vertex 119 238.293 133.5
      vertex 113.122 238.293 101.414
      vertex 114 238.293 101.5
    endloop
  endfacet
  facet normal 0 -1 0
    outer loop
      vertex 74.1575 238.293 127.278
      vertex 112.278 238.293 101.157
      vertex 113.122 238.293 101.414
    endloop
  endfacet
  facet normal 0 -1 0
    outer loop
      vertex 74.1575 238.293 127.278
      vertex 111.5 238.293 100.742
      vertex 112.278 238.293 101.157
    endloop
  endfacet
  facet normal 0 -1 0
    outer loop
      vertex 74.1575 238.293 127.278
      vertex 110.818 238.293 100.182
      vertex 111.5 238.293 100.742
    endloop
  endfacet
  facet normal 0 -1 0
    outer loop
      vertex 73.7416 238.293 126.5
      vertex 110.258 238.293 99.5001
      vertex 110.818 238.293 100.182
    endloop
  endfacet
  facet normal 0 -1 0
    outer loop
      vertex 72.5001 238.293 125.258
      vertex 97.4333 238.293 84.7461
      vertex 97.7964 238.293 84.9401
    endloop
  endfacet
  facet normal 0 -1 0
    outer loop
      vertex 73.182 238.293 125.818
      vertex 109.843 238.293 98.7221
      vertex 110.258 238.293 99.5001
    endloop
  endfacet
  facet normal 0 -1 0
    outer loop
      vertex 72.5001 238.293 125.258
      vertex 97.7964 238.293 84.9401
      vertex 109.843 238.293 98.7221
    endloop
  endfacet
  facet normal 0 -1 0
    outer loop
      vertex 109.843 238.293 98.7221
      vertex 97.7964 238.293 84.9401
      vertex 109.586 238.293 97.8779
    endloop
  endfacet
  facet normal -0 -1 0
    outer loop
      vertex 98.1903 238.293 85.0596
      vertex 109.586 238.293 97.8779
      vertex 97.7964 238.293 84.9401
    endloop
  endfacet
  facet normal 0 -1 0
    outer loop
      vertex 109.586 238.293 97.8779
      vertex 98.1903 238.293 85.0596
      vertex 109.5 238.293 97
    endloop
  endfacet
  facet normal -0 -1 0
    outer loop
      vertex 98.6 238.293 85.1
      vertex 109.5 238.293 97
      vertex 98.1903 238.293 85.0596
    endloop
  endfacet
  facet normal 0 -1 0
    outer loop
      vertex 99.0097 238.293 85.0596
      vertex 109.586 238.293 96.1221
      vertex 98.6 238.293 85.1
    endloop
  endfacet
  facet normal 0 -1 -0
    outer loop
      vertex 109.586 238.293 96.1221
      vertex 99.0097 238.293 85.0596
      vertex 109.843 238.293 95.2779
    endloop
  endfacet
  facet normal 0 -1 0
    outer loop
      vertex 104.6 238.293 77
      vertex 114 238.293 92.5
      vertex 113.122 238.293 92.5865
    endloop
  endfacet
  facet normal 0 -1 0
    outer loop
      vertex 119 238.293 91
      vertex 124.9 238.293 87
      vertex 124.9 238.293 91
    endloop
  endfacet
  facet normal 0 -1 -0
    outer loop
      vertex 114 238.293 92.5
      vertex 104.6 238.293 77
      vertex 119 238.293 91
    endloop
  endfacet
  facet normal 0 -1 0
    outer loop
      vertex 104.6 238.293 77
      vertex 113.122 238.293 92.5865
      vertex 112.278 238.293 92.8425
    endloop
  endfacet
  facet normal 0 -1 0
    outer loop
      vertex 99.4036 238.293 84.9401
      vertex 109.843 238.293 95.2779
      vertex 99.0097 238.293 85.0596
    endloop
  endfacet
  facet normal 0 -1 -0
    outer loop
      vertex 110.258 238.293 94.4999
      vertex 100.085 238.293 84.4849
      vertex 110.818 238.293 93.818
    endloop
  endfacet
  facet normal 0 -1 0
    outer loop
      vertex 100.085 238.293 84.4849
      vertex 110.258 238.293 94.4999
      vertex 99.7667 238.293 84.7461
    endloop
  endfacet
  facet normal 0 -1 -0
    outer loop
      vertex 109.843 238.293 95.2779
      vertex 99.7667 238.293 84.7461
      vertex 110.258 238.293 94.4999
    endloop
  endfacet
  facet normal 0 -1 0
    outer loop
      vertex 99.7667 238.293 84.7461
      vertex 109.843 238.293 95.2779
      vertex 99.4036 238.293 84.9401
    endloop
  endfacet
  facet normal 0 -1 -0
    outer loop
      vertex 109.5 238.293 97
      vertex 98.6 238.293 85.1
      vertex 109.586 238.293 96.1221
    endloop
  endfacet
  facet normal 0 -1 0
    outer loop
      vertex 71.7221 238.293 124.843
      vertex 97.1151 238.293 84.4849
      vertex 97.4333 238.293 84.7461
    endloop
  endfacet
  facet normal 0 -1 0
    outer loop
      vertex 70.8779 238.293 124.586
      vertex 96.8539 238.293 84.1667
      vertex 97.1151 238.293 84.4849
    endloop
  endfacet
  facet normal 0 -1 0
    outer loop
      vertex 70 238.293 124.5
      vertex 76.862 238.293 67.5758
      vertex 78.4003 238.293 68.0424
    endloop
  endfacet
  facet normal 0 -1 0
    outer loop
      vertex 70 238.293 124.5
      vertex 96.6599 238.293 83.8036
      vertex 96.8539 238.293 84.1667
    endloop
  endfacet
  facet normal 0 -1 0
    outer loop
      vertex 70 238.293 124.5
      vertex 78.4003 238.293 68.0424
      vertex 96.6599 238.293 83.8036
    endloop
  endfacet
  facet normal 0 -1 0
    outer loop
      vertex 96.6599 238.293 83.8036
      vertex 78.4003 238.293 68.0424
      vertex 96.5404 238.293 83.4097
    endloop
  endfacet
  facet normal -0 -1 0
    outer loop
      vertex 80 238.293 68.2
      vertex 96.5404 238.293 83.4097
      vertex 78.4003 238.293 68.0424
    endloop
  endfacet
  facet normal 0 -1 0
    outer loop
      vertex 96.5404 238.293 83.4097
      vertex 80 238.293 68.2
      vertex 96.5 238.293 83
    endloop
  endfacet
  facet normal 0 -1 0
    outer loop
      vertex 81.5997 238.293 68.0424
      vertex 96.5 238.293 83
      vertex 80 238.293 68.2
    endloop
  endfacet
  facet normal 0 -1 -0
    outer loop
      vertex 96.5 238.293 83
      vertex 81.5997 238.293 68.0424
      vertex 96.5404 238.293 82.5903
    endloop
  endfacet
  facet normal 0 -1 0
    outer loop
      vertex 98.1903 238.293 80.9404
      vertex 104.6 238.293 77
      vertex 98.6 238.293 80.9
    endloop
  endfacet
  facet normal 0 -1 0
    outer loop
      vertex 86.8181 238.293 64.5557
      vertex 98.1903 238.293 80.9404
      vertex 97.7964 238.293 81.0599
    endloop
  endfacet
  facet normal 0 -1 0
    outer loop
      vertex 85.7983 238.293 65.7983
      vertex 97.7964 238.293 81.0599
      vertex 97.4333 238.293 81.2539
    endloop
  endfacet
  facet normal 0 -1 -0
    outer loop
      vertex 96.5404 238.293 82.5903
      vertex 81.5997 238.293 68.0424
      vertex 96.6599 238.293 82.1964
    endloop
  endfacet
  facet normal 0 -1 -0
    outer loop
      vertex 96.6599 238.293 82.1964
      vertex 83.138 238.293 67.5758
      vertex 96.8539 238.293 81.8333
    endloop
  endfacet
  facet normal 0 -1 0
    outer loop
      vertex 84.5557 238.293 66.8181
      vertex 96.8539 238.293 81.8333
      vertex 83.138 238.293 67.5758
    endloop
  endfacet
  facet normal 0 -1 0
    outer loop
      vertex 83.138 238.293 67.5758
      vertex 96.6599 238.293 82.1964
      vertex 81.5997 238.293 68.0424
    endloop
  endfacet
  facet normal 0 -1 0
    outer loop
      vertex 69.1221 238.293 124.586
      vertex 75.4443 238.293 66.8181
      vertex 76.862 238.293 67.5758
    endloop
  endfacet
  facet normal 0 -1 0
    outer loop
      vertex 68.2779 238.293 124.843
      vertex 75.4443 238.293 66.8181
      vertex 69.1221 238.293 124.586
    endloop
  endfacet
  facet normal -0 -1 0
    outer loop
      vertex 75.4443 238.293 66.8181
      vertex 68.2779 238.293 124.843
      vertex 74.2017 238.293 65.7983
    endloop
  endfacet
  facet normal 0 -1 0
    outer loop
      vertex 4.5 238.293 134
      vertex 72.4242 238.293 63.138
      vertex 73.1819 238.293 64.5557
    endloop
  endfacet
  facet normal 0 -1 0
    outer loop
      vertex 4.5 238.293 134
      vertex 71.9576 238.293 61.5997
      vertex 72.4242 238.293 63.138
    endloop
  endfacet
  facet normal 0 -1 0
    outer loop
      vertex 4.5 238.293 4.35297
      vertex 71.9576 238.293 61.5997
      vertex 4.5 238.293 134
    endloop
  endfacet
  facet normal 0 -1 0
    outer loop
      vertex 71.9576 238.293 61.5997
      vertex 4.5 238.293 4.35297
      vertex 71.8 238.293 60
    endloop
  endfacet
  facet normal 0 -1 -0
    outer loop
      vertex 71.8 238.293 60
      vertex 4.5 238.293 4.35297
      vertex 71.9576 238.293 58.4003
    endloop
  endfacet
  facet normal 0 -1 -0
    outer loop
      vertex 71.9576 238.293 58.4003
      vertex 4.5 238.293 4.35297
      vertex 72.4242 238.293 56.862
    endloop
  endfacet
  facet normal 0 -1 -0
    outer loop
      vertex 72.4242 238.293 56.862
      vertex 4.5 238.293 4.35297
      vertex 73.1819 238.293 55.4443
    endloop
  endfacet
  facet normal 0 -1 0
    outer loop
      vertex 78.4003 238.293 51.9576
      vertex 104.6 238.293 15
      vertex 80 238.293 51.8
    endloop
  endfacet
  facet normal 0 -1 0
    outer loop
      vertex 76.862 238.293 52.4242
      vertex 104.6 238.293 15
      vertex 78.4003 238.293 51.9576
    endloop
  endfacet
  facet normal 0 -1 0
    outer loop
      vertex 4.5 238.293 4.35297
      vertex 76.862 238.293 52.4242
      vertex 75.4443 238.293 53.1819
    endloop
  endfacet
  facet normal 0 -1 0
    outer loop
      vertex 4.5 238.293 4.35297
      vertex 75.4443 238.293 53.1819
      vertex 74.2017 238.293 54.2017
    endloop
  endfacet
  facet normal 0 -1 -0
    outer loop
      vertex 73.1819 238.293 55.4443
      vertex 4.5 238.293 4.35297
      vertex 74.2017 238.293 54.2017
    endloop
  endfacet
  facet normal 0 -1 0
    outer loop
      vertex 121.433 238.293 10.7461
      vertex 125 238.293 15
      vertex 104.6 238.293 15
    endloop
  endfacet
  facet normal 0 -1 0
    outer loop
      vertex 125 238.293 15
      vertex 122.19 238.293 11.0596
      vertex 122.6 238.293 11.1
    endloop
  endfacet
  facet normal 0 -1 0
    outer loop
      vertex 125 238.293 15
      vertex 121.796 238.293 10.9401
      vertex 122.19 238.293 11.0596
    endloop
  endfacet
  facet normal 0 -1 0
    outer loop
      vertex 125 238.293 15
      vertex 121.433 238.293 10.7461
      vertex 121.796 238.293 10.9401
    endloop
  endfacet
  facet normal 0 -1 0
    outer loop
      vertex 104.6 238.293 15
      vertex 121.115 238.293 10.4849
      vertex 121.433 238.293 10.7461
    endloop
  endfacet
  facet normal 0 -1 0
    outer loop
      vertex 104.6 238.293 15
      vertex 120.854 238.293 10.1667
      vertex 121.115 238.293 10.4849
    endloop
  endfacet
  facet normal 0 -1 0
    outer loop
      vertex 104.6 238.293 15
      vertex 120.66 238.293 9.80363
      vertex 120.854 238.293 10.1667
    endloop
  endfacet
  facet normal 0 -1 0
    outer loop
      vertex 104.6 238.293 15
      vertex 120.54 238.293 9.40969
      vertex 120.66 238.293 9.80363
    endloop
  endfacet
  facet normal 0 -1 0
    outer loop
      vertex 104.6 238.293 15
      vertex 120.5 238.293 9
      vertex 120.54 238.293 9.40969
    endloop
  endfacet
  facet normal 0 -1 0
    outer loop
      vertex 104.6 238.293 15
      vertex 120.54 238.293 8.59031
      vertex 120.5 238.293 9
    endloop
  endfacet
  facet normal 0 -1 0
    outer loop
      vertex 104.6 238.293 15
      vertex 120.66 238.293 8.19636
      vertex 120.54 238.293 8.59031
    endloop
  endfacet
  facet normal 0 -1 0
    outer loop
      vertex 104.6 238.293 15
      vertex 120.854 238.293 7.8333
      vertex 120.66 238.293 8.19636
    endloop
  endfacet
  facet normal 0 -1 0
    outer loop
      vertex 104.6 238.293 15
      vertex 121.115 238.293 7.51508
      vertex 120.854 238.293 7.8333
    endloop
  endfacet
  facet normal 0 -1 0
    outer loop
      vertex 104.6 238.293 15
      vertex 121.433 238.293 7.25391
      vertex 121.115 238.293 7.51508
    endloop
  endfacet
  facet normal 0 -1 0
    outer loop
      vertex 125 238.293 4.35297
      vertex 121.433 238.293 7.25391
      vertex 104.6 238.293 15
    endloop
  endfacet
  facet normal 0 -1 0
    outer loop
      vertex 121.796 238.293 7.05985
      vertex 125 238.293 4.35297
      vertex 122.19 238.293 6.94035
    endloop
  endfacet
  facet normal 0 -1 0
    outer loop
      vertex 121.433 238.293 7.25391
      vertex 125 238.293 4.35297
      vertex 121.796 238.293 7.05985
    endloop
  endfacet
  facet normal 0 -1 0
    outer loop
      vertex 125 238.293 4.35297
      vertex 104.6 238.293 15
      vertex 4.5 238.293 4.35297
    endloop
  endfacet
  facet normal 0 -1 -0
    outer loop
      vertex 76.862 238.293 52.4242
      vertex 4.5 238.293 4.35297
      vertex 104.6 238.293 15
    endloop
  endfacet
  facet normal 0 -1 0
    outer loop
      vertex 119 238.293 133.5
      vertex 125 238.293 134
      vertex 70 238.293 133.5
    endloop
  endfacet
  facet normal 0 -1 -0
    outer loop
      vertex 125 238.293 134
      vertex 119 238.293 133.5
      vertex 125 238.293 133.5
    endloop
  endfacet
  facet normal 0 -1 0
    outer loop
      vertex 100.346 238.293 84.1667
      vertex 110.818 238.293 93.818
      vertex 100.085 238.293 84.4849
    endloop
  endfacet
  facet normal 0 -1 -0
    outer loop
      vertex 110.818 238.293 93.818
      vertex 100.346 238.293 84.1667
      vertex 111.5 238.293 93.2584
    endloop
  endfacet
  facet normal 0 -1 0
    outer loop
      vertex 100.54 238.293 83.8036
      vertex 111.5 238.293 93.2584
      vertex 100.346 238.293 84.1667
    endloop
  endfacet
  facet normal 0 -1 -0
    outer loop
      vertex 111.5 238.293 93.2584
      vertex 100.54 238.293 83.8036
      vertex 112.278 238.293 92.8425
    endloop
  endfacet
  facet normal 0 -1 0
    outer loop
      vertex 100.66 238.293 83.4097
      vertex 112.278 238.293 92.8425
      vertex 100.54 238.293 83.8036
    endloop
  endfacet
  facet normal 0 -1 0
    outer loop
      vertex 104.6 238.293 77
      vertex 112.278 238.293 92.8425
      vertex 100.66 238.293 83.4097
    endloop
  endfacet
  facet normal 0 -1 -0
    outer loop
      vertex 119 238.293 91
      vertex 104.6 238.293 77
      vertex 125 238.293 77
    endloop
  endfacet
  facet normal 0 -1 0
    outer loop
      vertex 104.6 238.293 77
      vertex 100.66 238.293 83.4097
      vertex 100.7 238.293 83
    endloop
  endfacet
  facet normal 0 -1 0
    outer loop
      vertex 104.6 238.293 77
      vertex 100.7 238.293 83
      vertex 100.66 238.293 82.5903
    endloop
  endfacet
  facet normal 0 -1 0
    outer loop
      vertex 104.6 238.293 77
      vertex 100.66 238.293 82.5903
      vertex 100.54 238.293 82.1964
    endloop
  endfacet
  facet normal 0 -1 0
    outer loop
      vertex 104.6 238.293 77
      vertex 100.54 238.293 82.1964
      vertex 100.346 238.293 81.8333
    endloop
  endfacet
  facet normal 0 -1 0
    outer loop
      vertex 104.6 238.293 77
      vertex 100.346 238.293 81.8333
      vertex 100.085 238.293 81.5151
    endloop
  endfacet
  facet normal 0 -1 0
    outer loop
      vertex 104.6 238.293 77
      vertex 100.085 238.293 81.5151
      vertex 99.7667 238.293 81.2539
    endloop
  endfacet
  facet normal 0 -1 0
    outer loop
      vertex 104.6 238.293 77
      vertex 99.7667 238.293 81.2539
      vertex 99.4036 238.293 81.0599
    endloop
  endfacet
  facet normal 0 -1 0
    outer loop
      vertex 104.6 238.293 77
      vertex 99.4036 238.293 81.0599
      vertex 99.0097 238.293 80.9404
    endloop
  endfacet
  facet normal 0 -1 0
    outer loop
      vertex 104.6 238.293 77
      vertex 99.0097 238.293 80.9404
      vertex 98.6 238.293 80.9
    endloop
  endfacet
  facet normal 0 -1 0
    outer loop
      vertex 119 238.293 91
      vertex 125 238.293 77
      vertex 124.9 238.293 87
    endloop
  endfacet
  facet normal 0 -1 0
    outer loop
      vertex 124.9 238.293 87
      vertex 125 238.293 77
      vertex 125 238.293 87
    endloop
  endfacet
  facet normal 0 -1 -0
    outer loop
      vertex 96.8539 238.293 81.8333
      vertex 84.5557 238.293 66.8181
      vertex 97.1151 238.293 81.5151
    endloop
  endfacet
  facet normal 0 -1 -0
    outer loop
      vertex 97.1151 238.293 81.5151
      vertex 84.5557 238.293 66.8181
      vertex 97.4333 238.293 81.2539
    endloop
  endfacet
  facet normal 0 -1 0
    outer loop
      vertex 85.7983 238.293 65.7983
      vertex 97.4333 238.293 81.2539
      vertex 84.5557 238.293 66.8181
    endloop
  endfacet
  facet normal 0 -1 0
    outer loop
      vertex 97.7964 238.293 81.0599
      vertex 85.7983 238.293 65.7983
      vertex 86.8181 238.293 64.5557
    endloop
  endfacet
  facet normal 0 -1 -0
    outer loop
      vertex 98.1903 238.293 80.9404
      vertex 86.8181 238.293 64.5557
      vertex 104.6 238.293 77
    endloop
  endfacet
  facet normal 0 -1 0
    outer loop
      vertex 87.5758 238.293 63.138
      vertex 104.6 238.293 77
      vertex 86.8181 238.293 64.5557
    endloop
  endfacet
  facet normal 0 -1 0
    outer loop
      vertex 88.0424 238.293 61.5997
      vertex 104.6 238.293 77
      vertex 87.5758 238.293 63.138
    endloop
  endfacet
  facet normal 0 -1 0
    outer loop
      vertex 88.2 238.293 60
      vertex 104.6 238.293 77
      vertex 88.0424 238.293 61.5997
    endloop
  endfacet
  facet normal 0 -1 0
    outer loop
      vertex 88.0424 238.293 58.4003
      vertex 104.6 238.293 77
      vertex 88.2 238.293 60
    endloop
  endfacet
  facet normal 0 -1 0
    outer loop
      vertex 87.5758 238.293 56.862
      vertex 104.6 238.293 77
      vertex 88.0424 238.293 58.4003
    endloop
  endfacet
  facet normal 0 -1 0
    outer loop
      vertex 104.6 238.293 15
      vertex 87.5758 238.293 56.862
      vertex 86.8181 238.293 55.4443
    endloop
  endfacet
  facet normal 0 -1 0
    outer loop
      vertex 104.6 238.293 15
      vertex 86.8181 238.293 55.4443
      vertex 85.7983 238.293 54.2017
    endloop
  endfacet
  facet normal 0 -1 0
    outer loop
      vertex 87.5758 238.293 56.862
      vertex 104.6 238.293 15
      vertex 104.6 238.293 77
    endloop
  endfacet
  facet normal 0 -1 0
    outer loop
      vertex 84.5557 238.293 53.1819
      vertex 104.6 238.293 15
      vertex 85.7983 238.293 54.2017
    endloop
  endfacet
  facet normal 0 -1 0
    outer loop
      vertex 83.138 238.293 52.4242
      vertex 104.6 238.293 15
      vertex 84.5557 238.293 53.1819
    endloop
  endfacet
  facet normal 0 -1 0
    outer loop
      vertex 81.5997 238.293 51.9576
      vertex 104.6 238.293 15
      vertex 83.138 238.293 52.4242
    endloop
  endfacet
  facet normal 0 -1 0
    outer loop
      vertex 104.6 238.293 15
      vertex 81.5997 238.293 51.9576
      vertex 80 238.293 51.8
    endloop
  endfacet
  facet normal 0 -1 0
    outer loop
      vertex 123.01 238.293 11.0596
      vertex 125 238.293 15
      vertex 122.6 238.293 11.1
    endloop
  endfacet
  facet normal 0 -1 0
    outer loop
      vertex 123.404 238.293 10.9401
      vertex 125 238.293 15
      vertex 123.01 238.293 11.0596
    endloop
  endfacet
  facet normal 0 -1 0
    outer loop
      vertex 123.767 238.293 10.7461
      vertex 125 238.293 15
      vertex 123.404 238.293 10.9401
    endloop
  endfacet
  facet normal 0 -1 0
    outer loop
      vertex 124.085 238.293 10.4849
      vertex 125 238.293 15
      vertex 123.767 238.293 10.7461
    endloop
  endfacet
  facet normal 0 -1 0
    outer loop
      vertex 124.346 238.293 10.1667
      vertex 125 238.293 15
      vertex 124.085 238.293 10.4849
    endloop
  endfacet
  facet normal 0 -1 0
    outer loop
      vertex 124.54 238.293 9.80363
      vertex 125 238.293 15
      vertex 124.346 238.293 10.1667
    endloop
  endfacet
  facet normal 0 -1 0
    outer loop
      vertex 124.66 238.293 9.40969
      vertex 125 238.293 15
      vertex 124.54 238.293 9.80363
    endloop
  endfacet
  facet normal 0 -1 0
    outer loop
      vertex 124.7 238.293 9
      vertex 125 238.293 15
      vertex 124.66 238.293 9.40969
    endloop
  endfacet
  facet normal 0 -1 0
    outer loop
      vertex 124.7 238.293 9
      vertex 125 238.293 4.35297
      vertex 125 238.293 15
    endloop
  endfacet
  facet normal 0 -1 0
    outer loop
      vertex 124.66 238.293 8.59031
      vertex 125 238.293 4.35297
      vertex 124.7 238.293 9
    endloop
  endfacet
  facet normal 0 -1 0
    outer loop
      vertex 124.54 238.293 8.19636
      vertex 125 238.293 4.35297
      vertex 124.66 238.293 8.59031
    endloop
  endfacet
  facet normal 0 -1 0
    outer loop
      vertex 124.346 238.293 7.8333
      vertex 125 238.293 4.35297
      vertex 124.54 238.293 8.19636
    endloop
  endfacet
  facet normal 0 -1 0
    outer loop
      vertex 124.085 238.293 7.51508
      vertex 125 238.293 4.35297
      vertex 124.346 238.293 7.8333
    endloop
  endfacet
  facet normal 0 -1 0
    outer loop
      vertex 123.767 238.293 7.25391
      vertex 125 238.293 4.35297
      vertex 124.085 238.293 7.51508
    endloop
  endfacet
  facet normal 0 -1 0
    outer loop
      vertex 123.404 238.293 7.05985
      vertex 125 238.293 4.35297
      vertex 123.767 238.293 7.25391
    endloop
  endfacet
  facet normal 0 -1 0
    outer loop
      vertex 123.01 238.293 6.94035
      vertex 125 238.293 4.35297
      vertex 123.404 238.293 7.05985
    endloop
  endfacet
  facet normal 0 -1 0
    outer loop
      vertex 122.6 238.293 6.9
      vertex 125 238.293 4.35297
      vertex 123.01 238.293 6.94035
    endloop
  endfacet
  facet normal 0 -1 0
    outer loop
      vertex 122.19 238.293 6.94035
      vertex 125 238.293 4.35297
      vertex 122.6 238.293 6.9
    endloop
  endfacet
  facet normal 1 0 0
    outer loop
      vertex 3.00722 -1.57708 140
      vertex 3.00722 -4 140
      vertex 3.00722 -2.10201 134
    endloop
  endfacet
  facet normal 1 0 0
    outer loop
      vertex 3.00722 50.5735 50.3279
      vertex 3.00722 196.686 94.2921
      vertex 3.00722 50.5735 94.2921
    endloop
  endfacet
  facet normal 1 0 0
    outer loop
      vertex 3.00722 196.686 94.2921
      vertex 3.00722 50.5735 50.3279
      vertex 3.00722 50.66 49.45
    endloop
  endfacet
  facet normal 1 -0 0
    outer loop
      vertex 3.00722 50.3175 93.4479
      vertex 3.00722 50.5735 50.3279
      vertex 3.00722 50.5735 94.2921
    endloop
  endfacet
  facet normal 1 0 0
    outer loop
      vertex 3.00722 50.3175 93.4479
      vertex 3.00722 50.3175 51.1721
      vertex 3.00722 50.5735 50.3279
    endloop
  endfacet
  facet normal 1 -0 0
    outer loop
      vertex 3.00722 49.9016 92.6699
      vertex 3.00722 50.3175 51.1721
      vertex 3.00722 50.3175 93.4479
    endloop
  endfacet
  facet normal 1 0 0
    outer loop
      vertex 3.00722 49.9016 92.6699
      vertex 3.00722 49.9016 51.9501
      vertex 3.00722 50.3175 51.1721
    endloop
  endfacet
  facet normal 1 -0 0
    outer loop
      vertex 3.00722 49.342 91.988
      vertex 3.00722 49.9016 51.9501
      vertex 3.00722 49.9016 92.6699
    endloop
  endfacet
  facet normal 1 0 0
    outer loop
      vertex 3.00722 49.342 91.988
      vertex 3.00722 49.342 52.632
      vertex 3.00722 49.9016 51.9501
    endloop
  endfacet
  facet normal 1 -0 0
    outer loop
      vertex 3.00722 48.6601 91.4284
      vertex 3.00722 49.342 52.632
      vertex 3.00722 49.342 91.988
    endloop
  endfacet
  facet normal 1 0 0
    outer loop
      vertex 3.00722 48.6601 91.4284
      vertex 3.00722 48.6601 53.1916
      vertex 3.00722 49.342 52.632
    endloop
  endfacet
  facet normal 1 -0 0
    outer loop
      vertex 3.00722 47.8821 91.0125
      vertex 3.00722 48.6601 53.1916
      vertex 3.00722 48.6601 91.4284
    endloop
  endfacet
  facet normal 1 0 0
    outer loop
      vertex 3.00722 47.8821 91.0125
      vertex 3.00722 47.8821 53.6075
      vertex 3.00722 48.6601 53.1916
    endloop
  endfacet
  facet normal 1 -0 0
    outer loop
      vertex 3.00722 47.0379 90.7565
      vertex 3.00722 47.8821 53.6075
      vertex 3.00722 47.8821 91.0125
    endloop
  endfacet
  facet normal 1 0 0
    outer loop
      vertex 3.00722 47.0379 90.7565
      vertex 3.00722 47.0379 53.8635
      vertex 3.00722 47.8821 53.6075
    endloop
  endfacet
  facet normal 1 -0 0
    outer loop
      vertex 3.00722 46.16 90.67
      vertex 3.00722 47.0379 53.8635
      vertex 3.00722 47.0379 90.7565
    endloop
  endfacet
  facet normal 1 0 0
    outer loop
      vertex 3.00722 46.16 90.67
      vertex 3.00722 46.16 53.95
      vertex 3.00722 47.0379 53.8635
    endloop
  endfacet
  facet normal 1 0 0
    outer loop
      vertex 3.00722 45.2821 90.7565
      vertex 3.00722 46.16 53.95
      vertex 3.00722 46.16 90.67
    endloop
  endfacet
  facet normal 1 0 0
    outer loop
      vertex 3.00722 45.2821 90.7565
      vertex 3.00722 45.2821 53.8635
      vertex 3.00722 46.16 53.95
    endloop
  endfacet
  facet normal 1 0 0
    outer loop
      vertex 3.00722 44.4379 91.0125
      vertex 3.00722 45.2821 53.8635
      vertex 3.00722 45.2821 90.7565
    endloop
  endfacet
  facet normal 1 0 0
    outer loop
      vertex 3.00722 44.4379 91.0125
      vertex 3.00722 44.4379 53.6075
      vertex 3.00722 45.2821 53.8635
    endloop
  endfacet
  facet normal 1 0 0
    outer loop
      vertex 3.00722 18.7416 60.9001
      vertex 3.00722 44.4379 91.0125
      vertex 3.00722 43.6599 91.4284
    endloop
  endfacet
  facet normal 1 0 0
    outer loop
      vertex 3.00722 44.4379 91.0125
      vertex 3.00722 18.7416 60.9001
      vertex 3.00722 44.4379 53.6075
    endloop
  endfacet
  facet normal 1 0 0
    outer loop
      vertex 3.00722 18.182 61.582
      vertex 3.00722 43.6599 91.4284
      vertex 3.00722 42.978 91.988
    endloop
  endfacet
  facet normal 1 0 0
    outer loop
      vertex 3.00722 44.4379 53.6075
      vertex 3.00722 18.7416 60.9001
      vertex 3.00722 43.6599 53.1916
    endloop
  endfacet
  facet normal 1 0 0
    outer loop
      vertex 3.00722 17.5001 62.1416
      vertex 3.00722 42.978 91.988
      vertex 3.00722 42.4184 92.6699
    endloop
  endfacet
  facet normal 1 -0 -0
    outer loop
      vertex 3.00722 19.1575 60.1221
      vertex 3.00722 43.6599 53.1916
      vertex 3.00722 18.7416 60.9001
    endloop
  endfacet
  facet normal 1 0 0
    outer loop
      vertex 3.00722 8.66733 89.6684
      vertex 3.00722 42.4184 92.6699
      vertex 3.00722 42.0025 93.4479
    endloop
  endfacet
  facet normal 1 0 0
    outer loop
      vertex 3.00722 43.6599 53.1916
      vertex 3.00722 19.1575 60.1221
      vertex 3.00722 42.978 52.632
    endloop
  endfacet
  facet normal 1 0 0
    outer loop
      vertex 3.00722 8.7 90
      vertex 3.00722 42.0025 93.4479
      vertex 3.00722 41.7465 94.2921
    endloop
  endfacet
  facet normal 1 -0 -0
    outer loop
      vertex 3.00722 19.4135 59.2779
      vertex 3.00722 42.978 52.632
      vertex 3.00722 19.1575 60.1221
    endloop
  endfacet
  facet normal 1 0 0
    outer loop
      vertex 3.00722 8.66733 90.3316
      vertex 3.00722 41.7465 94.2921
      vertex 3.00722 41.66 95.17
    endloop
  endfacet
  facet normal 1 0 0
    outer loop
      vertex 3.00722 42.978 52.632
      vertex 3.00722 19.4135 59.2779
      vertex 3.00722 42.4184 51.9501
    endloop
  endfacet
  facet normal 1 0 0
    outer loop
      vertex 3.00722 236.8 134
      vertex 3.00722 205.257 93.4479
      vertex 3.00722 236.8 4.35297
    endloop
  endfacet
  facet normal 1 0 0
    outer loop
      vertex 3.00722 236.8 4.35297
      vertex 3.00722 205.514 30.0079
      vertex 3.00722 205.6 29.13
    endloop
  endfacet
  facet normal 1 -0 0
    outer loop
      vertex 3.00722 204.842 92.6699
      vertex 3.00722 236.8 4.35297
      vertex 3.00722 205.257 93.4479
    endloop
  endfacet
  facet normal 1 0 0
    outer loop
      vertex 3.00722 236.8 4.35297
      vertex 3.00722 205.257 30.8521
      vertex 3.00722 205.514 30.0079
    endloop
  endfacet
  facet normal 1 -0 0
    outer loop
      vertex 3.00722 204.842 31.6301
      vertex 3.00722 236.8 4.35297
      vertex 3.00722 204.842 92.6699
    endloop
  endfacet
  facet normal 1 0 0
    outer loop
      vertex 3.00722 236.8 4.35297
      vertex 3.00722 204.842 31.6301
      vertex 3.00722 205.257 30.8521
    endloop
  endfacet
  facet normal 1 -0 0
    outer loop
      vertex 3.00722 204.282 91.988
      vertex 3.00722 204.842 31.6301
      vertex 3.00722 204.842 92.6699
    endloop
  endfacet
  facet normal 1 0 0
    outer loop
      vertex 3.00722 204.282 91.988
      vertex 3.00722 204.282 32.312
      vertex 3.00722 204.842 31.6301
    endloop
  endfacet
  facet normal 1 -0 0
    outer loop
      vertex 3.00722 203.6 91.4284
      vertex 3.00722 204.282 32.312
      vertex 3.00722 204.282 91.988
    endloop
  endfacet
  facet normal 1 0 0
    outer loop
      vertex 3.00722 203.6 91.4284
      vertex 3.00722 203.6 32.8716
      vertex 3.00722 204.282 32.312
    endloop
  endfacet
  facet normal 1 -0 0
    outer loop
      vertex 3.00722 202.822 91.0125
      vertex 3.00722 203.6 32.8716
      vertex 3.00722 203.6 91.4284
    endloop
  endfacet
  facet normal 1 0 0
    outer loop
      vertex 3.00722 202.822 91.0125
      vertex 3.00722 202.822 33.2875
      vertex 3.00722 203.6 32.8716
    endloop
  endfacet
  facet normal 1 -0 0
    outer loop
      vertex 3.00722 201.978 90.7565
      vertex 3.00722 202.822 33.2875
      vertex 3.00722 202.822 91.0125
    endloop
  endfacet
  facet normal 1 0 0
    outer loop
      vertex 3.00722 201.978 90.7565
      vertex 3.00722 201.978 33.5435
      vertex 3.00722 202.822 33.2875
    endloop
  endfacet
  facet normal 1 -0 0
    outer loop
      vertex 3.00722 201.1 90.67
      vertex 3.00722 201.978 33.5435
      vertex 3.00722 201.978 90.7565
    endloop
  endfacet
  facet normal 1 0 0
    outer loop
      vertex 3.00722 201.1 90.67
      vertex 3.00722 201.1 33.63
      vertex 3.00722 201.978 33.5435
    endloop
  endfacet
  facet normal 1 0 0
    outer loop
      vertex 3.00722 200.222 90.7565
      vertex 3.00722 201.1 33.63
      vertex 3.00722 201.1 90.67
    endloop
  endfacet
  facet normal 1 0 0
    outer loop
      vertex 3.00722 200.222 90.7565
      vertex 3.00722 200.222 33.5435
      vertex 3.00722 201.1 33.63
    endloop
  endfacet
  facet normal 1 0 0
    outer loop
      vertex 3.00722 199.378 91.0125
      vertex 3.00722 200.222 33.5435
      vertex 3.00722 200.222 90.7565
    endloop
  endfacet
  facet normal 1 0 0
    outer loop
      vertex 3.00722 199.378 91.0125
      vertex 3.00722 199.378 33.2875
      vertex 3.00722 200.222 33.5435
    endloop
  endfacet
  facet normal 1 0 0
    outer loop
      vertex 3.00722 198.6 91.4284
      vertex 3.00722 199.378 33.2875
      vertex 3.00722 199.378 91.0125
    endloop
  endfacet
  facet normal 1 0 0
    outer loop
      vertex 3.00722 198.6 91.4284
      vertex 3.00722 198.6 32.8716
      vertex 3.00722 199.378 33.2875
    endloop
  endfacet
  facet normal 1 0 0
    outer loop
      vertex 3.00722 197.918 91.988
      vertex 3.00722 198.6 32.8716
      vertex 3.00722 198.6 91.4284
    endloop
  endfacet
  facet normal 1 0 0
    outer loop
      vertex 3.00722 197.918 91.988
      vertex 3.00722 197.918 32.312
      vertex 3.00722 198.6 32.8716
    endloop
  endfacet
  facet normal 1 0 0
    outer loop
      vertex 3.00722 197.358 92.6699
      vertex 3.00722 197.918 32.312
      vertex 3.00722 197.918 91.988
    endloop
  endfacet
  facet normal 1 0 0
    outer loop
      vertex 3.00722 197.358 92.6699
      vertex 3.00722 197.358 31.6301
      vertex 3.00722 197.918 32.312
    endloop
  endfacet
  facet normal 1 0 0
    outer loop
      vertex 3.00722 196.943 93.4479
      vertex 3.00722 197.358 31.6301
      vertex 3.00722 197.358 92.6699
    endloop
  endfacet
  facet normal 1 0 0
    outer loop
      vertex 3.00722 196.943 93.4479
      vertex 3.00722 196.943 30.8521
      vertex 3.00722 197.358 31.6301
    endloop
  endfacet
  facet normal 1 0 0
    outer loop
      vertex 3.00722 50.66 49.45
      vertex 3.00722 196.943 93.4479
      vertex 3.00722 196.686 94.2921
    endloop
  endfacet
  facet normal 1 0 0
    outer loop
      vertex 3.00722 196.943 93.4479
      vertex 3.00722 50.66 49.45
      vertex 3.00722 196.943 30.8521
    endloop
  endfacet
  facet normal 1 -0 0
    outer loop
      vertex 3.00722 50.66 95.17
      vertex 3.00722 196.686 94.2921
      vertex 3.00722 196.6 95.17
    endloop
  endfacet
  facet normal 1 0 0
    outer loop
      vertex 3.00722 196.943 30.8521
      vertex 3.00722 50.66 49.45
      vertex 3.00722 196.686 30.0079
    endloop
  endfacet
  facet normal 1 0 0
    outer loop
      vertex 3.00722 205.514 94.2921
      vertex 3.00722 236.8 134
      vertex 3.00722 205.6 95.17
    endloop
  endfacet
  facet normal 1 0 0
    outer loop
      vertex 3.00722 236.8 134
      vertex 3.00722 205.514 96.0479
      vertex 3.00722 205.6 95.17
    endloop
  endfacet
  facet normal 1 0 0
    outer loop
      vertex 3.00722 236.8 134
      vertex 3.00722 205.257 96.8921
      vertex 3.00722 205.514 96.0479
    endloop
  endfacet
  facet normal 1 0 0
    outer loop
      vertex 3.00722 236.8 134
      vertex 3.00722 204.842 97.6701
      vertex 3.00722 205.257 96.8921
    endloop
  endfacet
  facet normal 1 0 0
    outer loop
      vertex 3.00722 236.8 134
      vertex 3.00722 204.282 98.352
      vertex 3.00722 204.842 97.6701
    endloop
  endfacet
  facet normal 1 0 0
    outer loop
      vertex 3.00722 236.8 134
      vertex 3.00722 203.6 98.9116
      vertex 3.00722 204.282 98.352
    endloop
  endfacet
  facet normal 1 0 0
    outer loop
      vertex 3.00722 236.8 134
      vertex 3.00722 202.822 99.3275
      vertex 3.00722 203.6 98.9116
    endloop
  endfacet
  facet normal 1 0 0
    outer loop
      vertex 3.00722 236.8 134
      vertex 3.00722 201.978 99.5835
      vertex 3.00722 202.822 99.3275
    endloop
  endfacet
  facet normal 1 0 0
    outer loop
      vertex 3.00722 236.8 134
      vertex 3.00722 201.1 99.67
      vertex 3.00722 201.978 99.5835
    endloop
  endfacet
  facet normal 1 0 0
    outer loop
      vertex 3.00722 236.8 134
      vertex 3.00722 200.222 99.5835
      vertex 3.00722 201.1 99.67
    endloop
  endfacet
  facet normal 1 0 0
    outer loop
      vertex 3.00722 236.8 134
      vertex 3.00722 199.378 99.3275
      vertex 3.00722 200.222 99.5835
    endloop
  endfacet
  facet normal 1 0 0
    outer loop
      vertex 3.00722 236.8 134
      vertex 3.00722 198.6 98.9116
      vertex 3.00722 199.378 99.3275
    endloop
  endfacet
  facet normal 1 -0 0
    outer loop
      vertex 3.00722 17.7416 131.5
      vertex 3.00722 198.6 98.9116
      vertex 3.00722 236.8 134
    endloop
  endfacet
  facet normal 1 0 0
    outer loop
      vertex 3.00722 50.5735 94.2921
      vertex 3.00722 196.686 94.2921
      vertex 3.00722 50.66 95.17
    endloop
  endfacet
  facet normal 1 0 0
    outer loop
      vertex 3.00722 196.686 96.0479
      vertex 3.00722 50.66 95.17
      vertex 3.00722 196.6 95.17
    endloop
  endfacet
  facet normal 1 0 0
    outer loop
      vertex 3.00722 50.5735 96.0479
      vertex 3.00722 196.686 96.0479
      vertex 3.00722 196.943 96.8921
    endloop
  endfacet
  facet normal 1 0 0
    outer loop
      vertex 3.00722 50.3175 96.8921
      vertex 3.00722 196.943 96.8921
      vertex 3.00722 197.358 97.6701
    endloop
  endfacet
  facet normal 1 0 0
    outer loop
      vertex 3.00722 49.9016 97.6701
      vertex 3.00722 197.358 97.6701
      vertex 3.00722 197.918 98.352
    endloop
  endfacet
  facet normal 1 0 -0
    outer loop
      vertex 3.00722 48.6601 98.9116
      vertex 3.00722 198.6 98.9116
      vertex 3.00722 17.7416 131.5
    endloop
  endfacet
  facet normal 1 0 0
    outer loop
      vertex 3.00722 196.686 96.0479
      vertex 3.00722 50.5735 96.0479
      vertex 3.00722 50.66 95.17
    endloop
  endfacet
  facet normal 1 0 0
    outer loop
      vertex 3.00722 196.943 96.8921
      vertex 3.00722 50.3175 96.8921
      vertex 3.00722 50.5735 96.0479
    endloop
  endfacet
  facet normal 1 0 0
    outer loop
      vertex 3.00722 197.358 97.6701
      vertex 3.00722 49.9016 97.6701
      vertex 3.00722 50.3175 96.8921
    endloop
  endfacet
  facet normal 1 0 0
    outer loop
      vertex 3.00722 197.918 98.352
      vertex 3.00722 49.342 98.352
      vertex 3.00722 49.9016 97.6701
    endloop
  endfacet
  facet normal 1 0 0
    outer loop
      vertex 3.00722 197.918 98.352
      vertex 3.00722 48.6601 98.9116
      vertex 3.00722 49.342 98.352
    endloop
  endfacet
  facet normal 1 0 0
    outer loop
      vertex 3.00722 198.6 98.9116
      vertex 3.00722 48.6601 98.9116
      vertex 3.00722 197.918 98.352
    endloop
  endfacet
  facet normal 1 -0 -0
    outer loop
      vertex 3.00722 18.1575 130.722
      vertex 3.00722 48.6601 98.9116
      vertex 3.00722 17.7416 131.5
    endloop
  endfacet
  facet normal 1 0 0
    outer loop
      vertex 3.00722 48.6601 98.9116
      vertex 3.00722 18.1575 130.722
      vertex 3.00722 47.8821 99.3275
    endloop
  endfacet
  facet normal 1 -0 -0
    outer loop
      vertex 3.00722 18.4135 129.878
      vertex 3.00722 47.8821 99.3275
      vertex 3.00722 18.1575 130.722
    endloop
  endfacet
  facet normal 1 -0 -0
    outer loop
      vertex 3.00722 19.5 58.4
      vertex 3.00722 42.4184 51.9501
      vertex 3.00722 19.4135 59.2779
    endloop
  endfacet
  facet normal 1 0 0
    outer loop
      vertex 3.00722 8.66733 90.3316
      vertex 3.00722 41.66 95.17
      vertex 3.00722 41.7465 96.0479
    endloop
  endfacet
  facet normal 1 0 0
    outer loop
      vertex 3.00722 8.66733 90.3316
      vertex 3.00722 41.7465 96.0479
      vertex 3.00722 42.0025 96.8921
    endloop
  endfacet
  facet normal 1 0 0
    outer loop
      vertex 3.00722 15.7221 124.843
      vertex 3.00722 42.0025 96.8921
      vertex 3.00722 42.4184 97.6701
    endloop
  endfacet
  facet normal 1 0 0
    outer loop
      vertex 3.00722 41.7465 50.3279
      vertex 3.00722 19.5 58.4
      vertex 3.00722 41.66 49.45
    endloop
  endfacet
  facet normal 1 0 0
    outer loop
      vertex 3.00722 42.0025 51.1721
      vertex 3.00722 19.5 58.4
      vertex 3.00722 41.7465 50.3279
    endloop
  endfacet
  facet normal 1 0 0
    outer loop
      vertex 3.00722 42.4184 51.9501
      vertex 3.00722 19.5 58.4
      vertex 3.00722 42.0025 51.1721
    endloop
  endfacet
  facet normal 1 0 0
    outer loop
      vertex 3.00722 44.4379 99.3275
      vertex 3.00722 17.7416 126.5
      vertex 3.00722 43.6599 98.9116
    endloop
  endfacet
  facet normal 1 -0 0
    outer loop
      vertex 3.00722 17.7416 126.5
      vertex 3.00722 44.4379 99.3275
      vertex 3.00722 18.1575 127.278
    endloop
  endfacet
  facet normal 1 0 0
    outer loop
      vertex 3.00722 45.2821 99.5835
      vertex 3.00722 18.1575 127.278
      vertex 3.00722 44.4379 99.3275
    endloop
  endfacet
  facet normal 1 -0 0
    outer loop
      vertex 3.00722 18.1575 127.278
      vertex 3.00722 45.2821 99.5835
      vertex 3.00722 18.4135 128.122
    endloop
  endfacet
  facet normal 1 0 0
    outer loop
      vertex 3.00722 46.16 99.67
      vertex 3.00722 18.4135 128.122
      vertex 3.00722 45.2821 99.5835
    endloop
  endfacet
  facet normal 1 0 0
    outer loop
      vertex 3.00722 47.8821 99.3275
      vertex 3.00722 18.4135 129.878
      vertex 3.00722 47.0379 99.5835
    endloop
  endfacet
  facet normal 1 -0 0
    outer loop
      vertex 3.00722 18.4135 128.122
      vertex 3.00722 46.16 99.67
      vertex 3.00722 18.5 129
    endloop
  endfacet
  facet normal 1 0 0
    outer loop
      vertex 3.00722 47.0379 99.5835
      vertex 3.00722 18.5 129
      vertex 3.00722 46.16 99.67
    endloop
  endfacet
  facet normal 1 -0 -0
    outer loop
      vertex 3.00722 18.5 129
      vertex 3.00722 47.0379 99.5835
      vertex 3.00722 18.4135 129.878
    endloop
  endfacet
  facet normal 1 0 0
    outer loop
      vertex 3.00722 236.8 134
      vertex 3.00722 17.182 132.182
      vertex 3.00722 17.7416 131.5
    endloop
  endfacet
  facet normal 1 0 0
    outer loop
      vertex 3.00722 236.8 134
      vertex 3.00722 16.5001 132.742
      vertex 3.00722 17.182 132.182
    endloop
  endfacet
  facet normal 1 0 0
    outer loop
      vertex 3.00722 236.8 134
      vertex 3.00722 15.7221 133.157
      vertex 3.00722 16.5001 132.742
    endloop
  endfacet
  facet normal 1 0 0
    outer loop
      vertex 3.00722 236.8 134
      vertex 3.00722 14.8779 133.414
      vertex 3.00722 15.7221 133.157
    endloop
  endfacet
  facet normal 1 0 0
    outer loop
      vertex 3.00722 236.8 134
      vertex 3.00722 14 133.5
      vertex 3.00722 14.8779 133.414
    endloop
  endfacet
  facet normal 1 0 0
    outer loop
      vertex 3.00722 41.7465 94.2921
      vertex 3.00722 8.66733 90.3316
      vertex 3.00722 8.7 90
    endloop
  endfacet
  facet normal 1 0 0
    outer loop
      vertex 3.00722 9.58647 128.122
      vertex 3.00722 8.57059 90.6506
      vertex 3.00722 8.66733 90.3316
    endloop
  endfacet
  facet normal 1 0 0
    outer loop
      vertex 3.00722 9.58647 128.122
      vertex 3.00722 8.4135 90.9445
      vertex 3.00722 8.57059 90.6506
    endloop
  endfacet
  facet normal 1 0 0
    outer loop
      vertex 3.00722 9.58647 128.122
      vertex 3.00722 8.20208 91.2021
      vertex 3.00722 8.4135 90.9445
    endloop
  endfacet
  facet normal 1 0 0
    outer loop
      vertex 3.00722 9.58647 128.122
      vertex 3.00722 7.94447 91.4135
      vertex 3.00722 8.20208 91.2021
    endloop
  endfacet
  facet normal 1 0 0
    outer loop
      vertex 3.00722 9.58647 128.122
      vertex 3.00722 7.65056 91.5706
      vertex 3.00722 7.94447 91.4135
    endloop
  endfacet
  facet normal 1 0 0
    outer loop
      vertex 3.00722 9.58647 128.122
      vertex 3.00722 7.33165 91.6673
      vertex 3.00722 7.65056 91.5706
    endloop
  endfacet
  facet normal 1 0 0
    outer loop
      vertex 3.00722 9.58647 128.122
      vertex 3.00722 7 91.7
      vertex 3.00722 7.33165 91.6673
    endloop
  endfacet
  facet normal 1 0 0
    outer loop
      vertex 3.00722 9.58647 128.122
      vertex 3.00722 6.66835 91.6673
      vertex 3.00722 7 91.7
    endloop
  endfacet
  facet normal 1 0 0
    outer loop
      vertex 3.00722 9.58647 128.122
      vertex 3.00722 6.34944 91.5706
      vertex 3.00722 6.66835 91.6673
    endloop
  endfacet
  facet normal 1 0 0
    outer loop
      vertex 3.00722 9.58647 128.122
      vertex 3.00722 6.05553 91.4135
      vertex 3.00722 6.34944 91.5706
    endloop
  endfacet
  facet normal 1 0 0
    outer loop
      vertex 3.00722 9.58647 128.122
      vertex 3.00722 -2.10201 134
      vertex 3.00722 6.05553 91.4135
    endloop
  endfacet
  facet normal 1 0 0
    outer loop
      vertex 3.00722 6.05553 91.4135
      vertex 3.00722 -2.10201 134
      vertex 3.00722 5.79792 91.2021
    endloop
  endfacet
  facet normal 1 0 0
    outer loop
      vertex 3.00722 -2.10201 134
      vertex 3.00722 9.5 129
      vertex 3.00722 9.58647 129.878
    endloop
  endfacet
  facet normal 1 0 0
    outer loop
      vertex 3.00722 5.79792 91.2021
      vertex 3.00722 -2.10201 134
      vertex 3.00722 5.5865 90.9445
    endloop
  endfacet
  facet normal 1 0 0
    outer loop
      vertex 3.00722 5.5865 90.9445
      vertex 3.00722 -2.10201 134
      vertex 3.00722 5.42941 90.6506
    endloop
  endfacet
  facet normal 1 0 0
    outer loop
      vertex 3.00722 -4 64.0925
      vertex 3.00722 5.33267 90.3316
      vertex 3.00722 -2.10201 134
    endloop
  endfacet
  facet normal 1 0 0
    outer loop
      vertex 3.00722 5.42941 90.6506
      vertex 3.00722 -2.10201 134
      vertex 3.00722 5.33267 90.3316
    endloop
  endfacet
  facet normal 1 0 0
    outer loop
      vertex 3.00722 9.84254 130.722
      vertex 3.00722 -2.10201 134
      vertex 3.00722 9.58647 129.878
    endloop
  endfacet
  facet normal 1 0 0
    outer loop
      vertex 3.00722 10.2584 131.5
      vertex 3.00722 -2.10201 134
      vertex 3.00722 9.84254 130.722
    endloop
  endfacet
  facet normal 1 0 0
    outer loop
      vertex 3.00722 10.818 132.182
      vertex 3.00722 -2.10201 134
      vertex 3.00722 10.2584 131.5
    endloop
  endfacet
  facet normal 1 0 0
    outer loop
      vertex 3.00722 11.4999 132.742
      vertex 3.00722 -2.10201 134
      vertex 3.00722 10.818 132.182
    endloop
  endfacet
  facet normal 1 0 0
    outer loop
      vertex 3.00722 12.2779 133.157
      vertex 3.00722 -2.10201 134
      vertex 3.00722 11.4999 132.742
    endloop
  endfacet
  facet normal 1 0 0
    outer loop
      vertex 3.00722 13.1221 133.414
      vertex 3.00722 -2.10201 134
      vertex 3.00722 12.2779 133.157
    endloop
  endfacet
  facet normal 1 0 0
    outer loop
      vertex 3.00722 14 133.5
      vertex 3.00722 -2.10201 134
      vertex 3.00722 13.1221 133.414
    endloop
  endfacet
  facet normal 1 -0 0
    outer loop
      vertex 3.00722 -2.10201 134
      vertex 3.00722 14 133.5
      vertex 3.00722 236.8 134
    endloop
  endfacet
  facet normal 1 0 0
    outer loop
      vertex 3.00722 205.257 93.4479
      vertex 3.00722 236.8 134
      vertex 3.00722 205.514 94.2921
    endloop
  endfacet
  facet normal 1 -0 0
    outer loop
      vertex 3.00722 205.514 28.2521
      vertex 3.00722 236.8 4.35297
      vertex 3.00722 205.6 29.13
    endloop
  endfacet
  facet normal 1 -0 0
    outer loop
      vertex 3.00722 205.257 27.4079
      vertex 3.00722 236.8 4.35297
      vertex 3.00722 205.514 28.2521
    endloop
  endfacet
  facet normal 1 -0 0
    outer loop
      vertex 3.00722 204.842 26.6299
      vertex 3.00722 236.8 4.35297
      vertex 3.00722 205.257 27.4079
    endloop
  endfacet
  facet normal 1 -0 0
    outer loop
      vertex 3.00722 204.282 25.948
      vertex 3.00722 236.8 4.35297
      vertex 3.00722 204.842 26.6299
    endloop
  endfacet
  facet normal 1 -0 0
    outer loop
      vertex 3.00722 203.6 25.3884
      vertex 3.00722 236.8 4.35297
      vertex 3.00722 204.282 25.948
    endloop
  endfacet
  facet normal 1 -0 0
    outer loop
      vertex 3.00722 202.822 24.9725
      vertex 3.00722 236.8 4.35297
      vertex 3.00722 203.6 25.3884
    endloop
  endfacet
  facet normal 1 -0 0
    outer loop
      vertex 3.00722 201.978 24.7165
      vertex 3.00722 236.8 4.35297
      vertex 3.00722 202.822 24.9725
    endloop
  endfacet
  facet normal 1 -0 0
    outer loop
      vertex 3.00722 201.1 24.63
      vertex 3.00722 236.8 4.35297
      vertex 3.00722 201.978 24.7165
    endloop
  endfacet
  facet normal 1 0 0
    outer loop
      vertex 3.00722 200.222 24.7165
      vertex 3.00722 236.8 4.35297
      vertex 3.00722 201.1 24.63
    endloop
  endfacet
  facet normal 1 0 0
    outer loop
      vertex 3.00722 199.378 24.9725
      vertex 3.00722 236.8 4.35297
      vertex 3.00722 200.222 24.7165
    endloop
  endfacet
  facet normal 1 0 0
    outer loop
      vertex 3.00722 19.5 4.35297
      vertex 3.00722 199.378 24.9725
      vertex 3.00722 198.6 25.3884
    endloop
  endfacet
  facet normal 1 -0 0
    outer loop
      vertex 3.00722 50.5735 48.5721
      vertex 3.00722 196.686 30.0079
      vertex 3.00722 50.66 49.45
    endloop
  endfacet
  facet normal 1 0 0
    outer loop
      vertex 3.00722 196.686 30.0079
      vertex 3.00722 50.5735 48.5721
      vertex 3.00722 196.6 29.13
    endloop
  endfacet
  facet normal 1 -0 0
    outer loop
      vertex 3.00722 50.3175 47.7279
      vertex 3.00722 196.6 29.13
      vertex 3.00722 50.5735 48.5721
    endloop
  endfacet
  facet normal 1 0 0
    outer loop
      vertex 3.00722 196.6 29.13
      vertex 3.00722 50.3175 47.7279
      vertex 3.00722 196.686 28.2521
    endloop
  endfacet
  facet normal 1 -0 0
    outer loop
      vertex 3.00722 49.9016 46.9499
      vertex 3.00722 196.686 28.2521
      vertex 3.00722 50.3175 47.7279
    endloop
  endfacet
  facet normal 1 0 0
    outer loop
      vertex 3.00722 196.686 28.2521
      vertex 3.00722 49.9016 46.9499
      vertex 3.00722 196.943 27.4079
    endloop
  endfacet
  facet normal 1 -0 0
    outer loop
      vertex 3.00722 49.342 46.268
      vertex 3.00722 196.943 27.4079
      vertex 3.00722 49.9016 46.9499
    endloop
  endfacet
  facet normal 1 0 0
    outer loop
      vertex 3.00722 196.943 27.4079
      vertex 3.00722 49.342 46.268
      vertex 3.00722 197.358 26.6299
    endloop
  endfacet
  facet normal 1 0 0
    outer loop
      vertex 3.00722 19.5 4.35297
      vertex 3.00722 197.358 26.6299
      vertex 3.00722 49.342 46.268
    endloop
  endfacet
  facet normal 1 0 0
    outer loop
      vertex 3.00722 197.358 26.6299
      vertex 3.00722 19.5 4.35297
      vertex 3.00722 197.918 25.948
    endloop
  endfacet
  facet normal 1 0 0
    outer loop
      vertex 3.00722 197.918 25.948
      vertex 3.00722 19.5 4.35297
      vertex 3.00722 198.6 25.3884
    endloop
  endfacet
  facet normal 1 0 0
    outer loop
      vertex 3.00722 19.5 4.35297
      vertex 3.00722 49.342 46.268
      vertex 3.00722 48.6601 45.7084
    endloop
  endfacet
  facet normal 1 0 0
    outer loop
      vertex 3.00722 19.5 4.35297
      vertex 3.00722 48.6601 45.7084
      vertex 3.00722 47.8821 45.2925
    endloop
  endfacet
  facet normal 1 0 0
    outer loop
      vertex 3.00722 19.5 4.35297
      vertex 3.00722 47.8821 45.2925
      vertex 3.00722 47.0379 45.0365
    endloop
  endfacet
  facet normal 1 0 0
    outer loop
      vertex 3.00722 19.5 4.35297
      vertex 3.00722 47.0379 45.0365
      vertex 3.00722 46.16 44.95
    endloop
  endfacet
  facet normal 1 0 0
    outer loop
      vertex 3.00722 19.5 4.35297
      vertex 3.00722 46.16 44.95
      vertex 3.00722 45.2821 45.0365
    endloop
  endfacet
  facet normal 1 0 0
    outer loop
      vertex 3.00722 19.5 58.4
      vertex 3.00722 41.7465 48.5721
      vertex 3.00722 41.66 49.45
    endloop
  endfacet
  facet normal 1 0 0
    outer loop
      vertex 3.00722 19.5 58.4
      vertex 3.00722 42.0025 47.7279
      vertex 3.00722 41.7465 48.5721
    endloop
  endfacet
  facet normal 1 0 0
    outer loop
      vertex 3.00722 19.5 58.4
      vertex 3.00722 42.4184 46.9499
      vertex 3.00722 42.0025 47.7279
    endloop
  endfacet
  facet normal 1 0 0
    outer loop
      vertex 3.00722 19.5 4.35297
      vertex 3.00722 42.4184 46.9499
      vertex 3.00722 19.5 58.4
    endloop
  endfacet
  facet normal 1 0 0
    outer loop
      vertex 3.00722 42.4184 46.9499
      vertex 3.00722 19.5 4.35297
      vertex 3.00722 42.978 46.268
    endloop
  endfacet
  facet normal 1 0 0
    outer loop
      vertex 3.00722 42.978 46.268
      vertex 3.00722 19.5 4.35297
      vertex 3.00722 43.6599 45.7084
    endloop
  endfacet
  facet normal 1 0 0
    outer loop
      vertex 3.00722 199.378 24.9725
      vertex 3.00722 19.5 4.35297
      vertex 3.00722 236.8 4.35297
    endloop
  endfacet
  facet normal 1 0 0
    outer loop
      vertex 3.00722 44.4379 45.2925
      vertex 3.00722 19.5 4.35297
      vertex 3.00722 45.2821 45.0365
    endloop
  endfacet
  facet normal 1 0 0
    outer loop
      vertex 3.00722 43.6599 45.7084
      vertex 3.00722 19.5 4.35297
      vertex 3.00722 44.4379 45.2925
    endloop
  endfacet
  facet normal 1 -0 0
    outer loop
      vertex 3.00722 17.182 125.818
      vertex 3.00722 43.6599 98.9116
      vertex 3.00722 17.7416 126.5
    endloop
  endfacet
  facet normal 1 0 0
    outer loop
      vertex 3.00722 43.6599 98.9116
      vertex 3.00722 17.182 125.818
      vertex 3.00722 42.978 98.352
    endloop
  endfacet
  facet normal 1 -0 0
    outer loop
      vertex 3.00722 16.5001 125.258
      vertex 3.00722 42.978 98.352
      vertex 3.00722 17.182 125.818
    endloop
  endfacet
  facet normal 1 0 0
    outer loop
      vertex 3.00722 42.0025 93.4479
      vertex 3.00722 8.7 90
      vertex 3.00722 8.66733 89.6684
    endloop
  endfacet
  facet normal 1 0 0
    outer loop
      vertex 3.00722 43.6599 91.4284
      vertex 3.00722 18.182 61.582
      vertex 3.00722 18.7416 60.9001
    endloop
  endfacet
  facet normal 1 0 0
    outer loop
      vertex 3.00722 42.978 98.352
      vertex 3.00722 16.5001 125.258
      vertex 3.00722 42.4184 97.6701
    endloop
  endfacet
  facet normal 1 0 0
    outer loop
      vertex 3.00722 42.4184 92.6699
      vertex 3.00722 8.66733 89.6684
      vertex 3.00722 8.57059 89.3494
    endloop
  endfacet
  facet normal 1 -0 0
    outer loop
      vertex 3.00722 15.7221 124.843
      vertex 3.00722 42.4184 97.6701
      vertex 3.00722 16.5001 125.258
    endloop
  endfacet
  facet normal 1 0 0
    outer loop
      vertex 3.00722 42.978 91.988
      vertex 3.00722 17.5001 62.1416
      vertex 3.00722 18.182 61.582
    endloop
  endfacet
  facet normal 1 0 0
    outer loop
      vertex 3.00722 42.0025 96.8921
      vertex 3.00722 15.7221 124.843
      vertex 3.00722 8.66733 90.3316
    endloop
  endfacet
  facet normal 1 0 0
    outer loop
      vertex 3.00722 42.4184 92.6699
      vertex 3.00722 8.57059 89.3494
      vertex 3.00722 17.5001 62.1416
    endloop
  endfacet
  facet normal 1 0 0
    outer loop
      vertex 3.00722 8.66733 90.3316
      vertex 3.00722 15.7221 124.843
      vertex 3.00722 14.8779 124.586
    endloop
  endfacet
  facet normal 1 0 0
    outer loop
      vertex 3.00722 8.66733 90.3316
      vertex 3.00722 14.8779 124.586
      vertex 3.00722 14 124.5
    endloop
  endfacet
  facet normal 1 0 0
    outer loop
      vertex 3.00722 8.66733 90.3316
      vertex 3.00722 14 124.5
      vertex 3.00722 13.1221 124.586
    endloop
  endfacet
  facet normal 1 0 0
    outer loop
      vertex 3.00722 8.66733 90.3316
      vertex 3.00722 13.1221 124.586
      vertex 3.00722 12.2779 124.843
    endloop
  endfacet
  facet normal 1 0 0
    outer loop
      vertex 3.00722 8.66733 90.3316
      vertex 3.00722 12.2779 124.843
      vertex 3.00722 11.4999 125.258
    endloop
  endfacet
  facet normal 1 0 0
    outer loop
      vertex 3.00722 8.66733 90.3316
      vertex 3.00722 11.4999 125.258
      vertex 3.00722 10.818 125.818
    endloop
  endfacet
  facet normal 1 0 0
    outer loop
      vertex 3.00722 8.66733 90.3316
      vertex 3.00722 10.818 125.818
      vertex 3.00722 10.2584 126.5
    endloop
  endfacet
  facet normal 1 0 0
    outer loop
      vertex 3.00722 8.66733 90.3316
      vertex 3.00722 10.2584 126.5
      vertex 3.00722 9.84254 127.278
    endloop
  endfacet
  facet normal 1 0 0
    outer loop
      vertex 3.00722 17.5001 62.1416
      vertex 3.00722 8.57059 89.3494
      vertex 3.00722 16.7221 62.5575
    endloop
  endfacet
  facet normal 1 0 0
    outer loop
      vertex 3.00722 8.66733 90.3316
      vertex 3.00722 9.84254 127.278
      vertex 3.00722 9.58647 128.122
    endloop
  endfacet
  facet normal 1 0 0
    outer loop
      vertex 3.00722 -2.10201 134
      vertex 3.00722 9.58647 128.122
      vertex 3.00722 9.5 129
    endloop
  endfacet
  facet normal 1 -0 0
    outer loop
      vertex 3.00722 8.4135 89.0555
      vertex 3.00722 16.7221 62.5575
      vertex 3.00722 8.57059 89.3494
    endloop
  endfacet
  facet normal 1 0 0
    outer loop
      vertex 3.00722 16.7221 62.5575
      vertex 3.00722 8.4135 89.0555
      vertex 3.00722 15.8779 62.8135
    endloop
  endfacet
  facet normal 1 -0 0
    outer loop
      vertex 3.00722 8.20208 88.7979
      vertex 3.00722 15.8779 62.8135
      vertex 3.00722 8.4135 89.0555
    endloop
  endfacet
  facet normal 1 -0 0
    outer loop
      vertex 3.00722 7.94447 88.5865
      vertex 3.00722 15.8779 62.8135
      vertex 3.00722 8.20208 88.7979
    endloop
  endfacet
  facet normal 1 0 0
    outer loop
      vertex 3.00722 15.8779 62.8135
      vertex 3.00722 7.94447 88.5865
      vertex 3.00722 15 62.9
    endloop
  endfacet
  facet normal 1 -0 0
    outer loop
      vertex 3.00722 7.65056 88.4294
      vertex 3.00722 15 62.9
      vertex 3.00722 7.94447 88.5865
    endloop
  endfacet
  facet normal 1 0 0
    outer loop
      vertex 3.00722 15 62.9
      vertex 3.00722 7.65056 88.4294
      vertex 3.00722 9.63051 62.9
    endloop
  endfacet
  facet normal 1 -0 0
    outer loop
      vertex 3.00722 7.33165 88.3327
      vertex 3.00722 9.63051 62.9
      vertex 3.00722 7.65056 88.4294
    endloop
  endfacet
  facet normal 1 -0 0
    outer loop
      vertex 3.00722 7 88.3
      vertex 3.00722 9.63051 62.9
      vertex 3.00722 7.33165 88.3327
    endloop
  endfacet
  facet normal 1 0 0
    outer loop
      vertex 3.00722 6.66835 88.3327
      vertex 3.00722 9.63051 62.9
      vertex 3.00722 7 88.3
    endloop
  endfacet
  facet normal 1 0 0
    outer loop
      vertex 3.00722 -4 64.0925
      vertex 3.00722 6.66835 88.3327
      vertex 3.00722 6.34944 88.4294
    endloop
  endfacet
  facet normal 1 0 0
    outer loop
      vertex 3.00722 -4 64.0925
      vertex 3.00722 6.34944 88.4294
      vertex 3.00722 6.05553 88.5865
    endloop
  endfacet
  facet normal 1 0 0
    outer loop
      vertex 3.00722 -4 64.0925
      vertex 3.00722 6.05553 88.5865
      vertex 3.00722 5.79792 88.7979
    endloop
  endfacet
  facet normal 1 0 0
    outer loop
      vertex 3.00722 -4 64.0925
      vertex 3.00722 5.79792 88.7979
      vertex 3.00722 5.5865 89.0555
    endloop
  endfacet
  facet normal 1 0 0
    outer loop
      vertex 3.00722 -4 64.0925
      vertex 3.00722 5.5865 89.0555
      vertex 3.00722 5.42941 89.3494
    endloop
  endfacet
  facet normal 1 0 0
    outer loop
      vertex 3.00722 -4 64.0925
      vertex 3.00722 5.42941 89.3494
      vertex 3.00722 5.33267 89.6684
    endloop
  endfacet
  facet normal 1 0 0
    outer loop
      vertex 3.00722 5.33267 90.3316
      vertex 3.00722 -4 64.0925
      vertex 3.00722 5.3 90
    endloop
  endfacet
  facet normal 1 0 0
    outer loop
      vertex 3.00722 5.3 90
      vertex 3.00722 -4 64.0925
      vertex 3.00722 5.33267 89.6684
    endloop
  endfacet
  facet normal 1 0 0
    outer loop
      vertex 3.00722 -4 64.0925
      vertex 3.00722 -2.10201 134
      vertex 3.00722 -4 140
    endloop
  endfacet
  facet normal 1 0 0
    outer loop
      vertex 3.00722 6.66835 88.3327
      vertex 3.00722 -4 64.0925
      vertex 3.00722 9.63051 62.9
    endloop
  endfacet
  facet normal 0.382685 0 0.923879
    outer loop
      vertex 3.7929 236.8 3.17712
      vertex 4.06457 19.5 3.06459
      vertex 4.06457 236.8 3.06459
    endloop
  endfacet
  facet normal 0.382685 0 0.923879
    outer loop
      vertex 4.06457 19.5 3.06459
      vertex 3.7929 236.8 3.17712
      vertex 3.7929 19.5 3.17712
    endloop
  endfacet
  facet normal 0.284972 -0.938832 0.193354
    outer loop
      vertex 4.21996 238.208 4.06457
      vertex 4.20877 238.264 4.35297
      vertex 3.92874 238.179 4.35297
    endloop
  endfacet
  facet normal 0.707107 -0 0.707107
    outer loop
      vertex 3.34048 19.5 3.54841
      vertex 3.54841 236.8 3.34048
      vertex 3.34048 236.8 3.54841
    endloop
  endfacet
  facet normal 0.707107 0 0.707107
    outer loop
      vertex 3.54841 236.8 3.34048
      vertex 3.34048 19.5 3.54841
      vertex 3.54841 19.5 3.34048
    endloop
  endfacet
  facet normal 0.1123 -0.366908 0.923454
    outer loop
      vertex 4.41505 237.227 3.06459
      vertex 4.36205 237.494 3.17712
      vertex 4.33337 237.202 3.06459
    endloop
  endfacet
  facet normal 0.367803 -0.111148 0.923237
    outer loop
      vertex 4.07294 236.885 3.06459
      vertex 4.09772 236.967 3.06459
      vertex 3.80649 236.938 3.17712
    endloop
  endfacet
  facet normal 0.976246 -0.0962491 0.194114
    outer loop
      vertex 3.09217 237.08 4.06457
      vertex 3.03591 237.091 4.35297
      vertex 3.00722 236.8 4.35297
    endloop
  endfacet
  facet normal 0.923879 -0 0.382685
    outer loop
      vertex 3.06459 19.5 4.06457
      vertex 3.17712 236.8 3.7929
      vertex 3.06459 236.8 4.06457
    endloop
  endfacet
  facet normal 0.923879 0 0.382685
    outer loop
      vertex 3.17712 236.8 3.7929
      vertex 3.06459 19.5 4.06457
      vertex 3.17712 19.5 3.7929
    endloop
  endfacet
  facet normal 0.0972179 -0.976302 0.193345
    outer loop
      vertex 4.21996 238.208 4.06457
      vertex 4.5 238.293 4.35297
      vertex 4.20877 238.264 4.35297
    endloop
  endfacet
  facet normal 0.0360024 -0.382041 0.923444
    outer loop
      vertex 4.5 237.235 3.06459
      vertex 4.5 237.507 3.17712
      vertex 4.36205 237.494 3.17712
    endloop
  endfacet
  facet normal 0.0568638 -0.55562 0.82949
    outer loop
      vertex 4.36205 237.494 3.17712
      vertex 4.5 237.752 3.34048
      vertex 4.31435 237.733 3.34048
    endloop
  endfacet
  facet normal 0.269317 -0.884377 0.381242
    outer loop
      vertex 3.99375 238.022 3.7929
      vertex 4.21996 238.208 4.06457
      vertex 3.95069 238.126 4.06457
    endloop
  endfacet
  facet normal 0.243933 -0.297016 0.923189
    outer loop
      vertex 4.19211 237.108 3.06459
      vertex 4.10716 237.388 3.17712
      vertex 4.00001 237.3 3.17712
    endloop
  endfacet
  facet normal 0.471539 -0.881845 0
    outer loop
      vertex 3.67066 238.041 4.35297
      vertex 3.92874 238.179 134
      vertex 3.67066 238.041 134
    endloop
  endfacet
  facet normal 0.471539 -0.881845 0
    outer loop
      vertex 3.92874 238.179 134
      vertex 3.67066 238.041 4.35297
      vertex 3.92874 238.179 4.35297
    endloop
  endfacet
  facet normal 0.529072 -0.642806 0.55397
    outer loop
      vertex 3.85581 237.764 3.54841
      vertex 3.76505 237.9 3.7929
      vertex 3.56458 237.735 3.7929
    endloop
  endfacet
  facet normal 0.180361 -0.339218 0.923256
    outer loop
      vertex 4.33337 237.202 3.06459
      vertex 4.22941 237.453 3.17712
      vertex 4.10716 237.388 3.17712
    endloop
  endfacet
  facet normal 0.195102 0 0.980783
    outer loop
      vertex 4.06457 236.8 3.06459
      vertex 4.35297 19.5 3.00722
      vertex 4.35297 236.8 3.00722
    endloop
  endfacet
  facet normal 0.195102 0 0.980783
    outer loop
      vertex 4.35297 19.5 3.00722
      vertex 4.06457 236.8 3.06459
      vertex 4.06457 19.5 3.06459
    endloop
  endfacet
  facet normal 0.555563 0 0.831474
    outer loop
      vertex 3.54841 236.8 3.34048
      vertex 3.7929 19.5 3.17712
      vertex 3.7929 236.8 3.17712
    endloop
  endfacet
  facet normal 0.555563 0 0.831474
    outer loop
      vertex 3.7929 19.5 3.17712
      vertex 3.54841 236.8 3.34048
      vertex 3.54841 19.5 3.34048
    endloop
  endfacet
  facet normal 0.161737 -0.534659 0.829446
    outer loop
      vertex 4.36205 237.494 3.17712
      vertex 4.31435 237.733 3.34048
      vertex 4.13584 237.679 3.34048
    endloop
  endfacet
  facet normal 0.980783 -0 0.195102
    outer loop
      vertex 3.00722 19.5 4.35297
      vertex 3.06459 236.8 4.06457
      vertex 3.00722 236.8 4.35297
    endloop
  endfacet
  facet normal 0.980783 0 0.195102
    outer loop
      vertex 3.06459 236.8 4.06457
      vertex 3.00722 19.5 4.35297
      vertex 3.06459 19.5 4.06457
    endloop
  endfacet
  facet normal 0.624535 -0.334595 0.705692
    outer loop
      vertex 3.62084 237.164 3.34048
      vertex 3.5359 237.444 3.54841
      vertex 3.42875 237.244 3.54841
    endloop
  endfacet
  facet normal 0.831474 -0 0.555563
    outer loop
      vertex 3.17712 19.5 3.7929
      vertex 3.34048 236.8 3.54841
      vertex 3.17712 236.8 3.7929
    endloop
  endfacet
  facet normal 0.831474 0 0.555563
    outer loop
      vertex 3.34048 236.8 3.54841
      vertex 3.17712 19.5 3.7929
      vertex 3.34048 19.5 3.54841
    endloop
  endfacet
  facet normal 0.881856 -0.471519 0
    outer loop
      vertex 3.12085 237.371 134
      vertex 3.2588 237.629 4.35297
      vertex 3.2588 237.629 134
    endloop
  endfacet
  facet normal 0.881856 -0.471519 0
    outer loop
      vertex 3.2588 237.629 4.35297
      vertex 3.12085 237.371 134
      vertex 3.12085 237.371 4.35297
    endloop
  endfacet
  facet normal 0.0721406 -0.70489 0.705639
    outer loop
      vertex 4.31435 237.733 3.34048
      vertex 4.5 237.752 3.34048
      vertex 4.27379 237.937 3.54841
    endloop
  endfacet
  facet normal 0 -0.554763 0.832008
    outer loop
      vertex 4.5 237.752 3.34048
      vertex 125 237.507 3.17712
      vertex 125 237.752 3.34048
    endloop
  endfacet
  facet normal 0 -0.554763 0.832008
    outer loop
      vertex 125 237.507 3.17712
      vertex 4.5 237.752 3.34048
      vertex 4.5 237.507 3.17712
    endloop
  endfacet
  facet normal 0 -0.706988 0.707226
    outer loop
      vertex 4.5 237.96 3.54841
      vertex 125 237.752 3.34048
      vertex 125 237.96 3.54841
    endloop
  endfacet
  facet normal 0 -0.706988 0.707226
    outer loop
      vertex 125 237.752 3.34048
      vertex 4.5 237.96 3.54841
      vertex 4.5 237.752 3.34048
    endloop
  endfacet
  facet normal 0.533171 -0.162198 0.830313
    outer loop
      vertex 3.80649 236.938 3.17712
      vertex 3.62084 237.164 3.34048
      vertex 3.56669 236.986 3.34048
    endloop
  endfacet
  facet normal 0.0522079 -0.554006 0.830874
    outer loop
      vertex 4.5 237.507 3.17712
      vertex 4.5 237.752 3.34048
      vertex 4.36205 237.494 3.17712
    endloop
  endfacet
  facet normal 0.353669 -0.430632 0.830346
    outer loop
      vertex 4.00001 237.3 3.17712
      vertex 4.10716 237.388 3.17712
      vertex 3.82712 237.473 3.34048
    endloop
  endfacet
  facet normal 0.296908 -0.24402 0.923201
    outer loop
      vertex 4.19211 237.108 3.06459
      vertex 4.00001 237.3 3.17712
      vertex 3.91207 237.193 3.17712
    endloop
  endfacet
  facet normal 0.382414 -0.0376594 0.923223
    outer loop
      vertex 4.06457 236.8 3.06459
      vertex 3.80649 236.938 3.17712
      vertex 3.7929 236.8 3.17712
    endloop
  endfacet
  facet normal 0.430516 -0.353828 0.830338
    outer loop
      vertex 3.91207 237.193 3.17712
      vertex 4.00001 237.3 3.17712
      vertex 3.82712 237.473 3.34048
    endloop
  endfacet
  facet normal 0.263089 -0.491857 0.829976
    outer loop
      vertex 4.10716 237.388 3.17712
      vertex 4.13584 237.679 3.34048
      vertex 3.97132 237.591 3.34048
    endloop
  endfacet
  facet normal 0.333836 -0.625427 0.705263
    outer loop
      vertex 4.13584 237.679 3.34048
      vertex 4.05627 237.871 3.54841
      vertex 3.85581 237.764 3.54841
    endloop
  endfacet
  facet normal 0.548076 -0.450412 0.704799
    outer loop
      vertex 3.70878 237.329 3.34048
      vertex 3.82712 237.473 3.34048
      vertex 3.5359 237.444 3.54841
    endloop
  endfacet
  facet normal 0.533789 -0.161501 0.830052
    outer loop
      vertex 3.80649 236.938 3.17712
      vertex 3.84673 237.071 3.17712
      vertex 3.62084 237.164 3.34048
    endloop
  endfacet
  facet normal 0 -0.83204 0.554716
    outer loop
      vertex 4.5 237.96 3.54841
      vertex 125 238.123 3.7929
      vertex 4.5 238.123 3.7929
    endloop
  endfacet
  facet normal 0 -0.83204 0.554716
    outer loop
      vertex 125 238.123 3.7929
      vertex 4.5 237.96 3.54841
      vertex 125 237.96 3.54841
    endloop
  endfacet
  facet normal 0.956938 -0.290294 0
    outer loop
      vertex 3.03591 237.091 134
      vertex 3.12085 237.371 4.35297
      vertex 3.12085 237.371 134
    endloop
  endfacet
  facet normal 0.956938 -0.290294 0
    outer loop
      vertex 3.12085 237.371 4.35297
      vertex 3.03591 237.091 134
      vertex 3.03591 237.091 4.35297
    endloop
  endfacet
  facet normal 0.920066 -0.0906514 0.381132
    outer loop
      vertex 3.17712 236.8 3.7929
      vertex 3.20254 237.058 3.7929
      vertex 3.09217 237.08 4.06457
    endloop
  endfacet
  facet normal 0.705395 -0.0695407 0.705395
    outer loop
      vertex 3.54841 236.8 3.34048
      vertex 3.36276 237.026 3.54841
      vertex 3.34048 236.8 3.54841
    endloop
  endfacet
  facet normal 0.995175 -0.0981154 0
    outer loop
      vertex 3.00722 236.8 134
      vertex 3.03591 237.091 4.35297
      vertex 3.03591 237.091 134
    endloop
  endfacet
  facet normal 0.995175 -0.0981154 0
    outer loop
      vertex 3.03591 237.091 4.35297
      vertex 3.00722 236.8 134
      vertex 3.00722 236.8 4.35297
    endloop
  endfacet
  facet normal 0.463304 -0.864462 0.195075
    outer loop
      vertex 3.70253 237.993 4.06457
      vertex 3.95069 238.126 4.06457
      vertex 3.67066 238.041 4.35297
    endloop
  endfacet
  facet normal 0.633072 -0.774093 0
    outer loop
      vertex 3.44445 237.856 4.35297
      vertex 3.67066 238.041 134
      vertex 3.44445 237.856 134
    endloop
  endfacet
  facet normal 0.633072 -0.774093 0
    outer loop
      vertex 3.67066 238.041 134
      vertex 3.44445 237.856 4.35297
      vertex 3.67066 238.041 4.35297
    endloop
  endfacet
  facet normal 0 -0.195363 0.980731
    outer loop
      vertex 4.5 237.235 3.06459
      vertex 125 236.947 3.00722
      vertex 125 237.235 3.06459
    endloop
  endfacet
  facet normal 0 -0.195363 0.980731
    outer loop
      vertex 125 236.947 3.00722
      vertex 4.5 237.235 3.06459
      vertex 4.5 236.947 3.00722
    endloop
  endfacet
  facet normal 0.261567 -0.491947 0.830404
    outer loop
      vertex 4.22941 237.453 3.17712
      vertex 4.13584 237.679 3.34048
      vertex 4.10716 237.388 3.17712
    endloop
  endfacet
  facet normal 0.035979 -0.382052 0.92344
    outer loop
      vertex 4.41505 237.227 3.06459
      vertex 4.5 237.235 3.06459
      vertex 4.36205 237.494 3.17712
    endloop
  endfacet
  facet normal 0.678247 -0.20531 0.70557
    outer loop
      vertex 3.62084 237.164 3.34048
      vertex 3.42875 237.244 3.54841
      vertex 3.36276 237.026 3.54841
    endloop
  endfacet
  facet normal 0.173968 -0.0908648 0.98055
    outer loop
      vertex 4.36417 236.856 3.00722
      vertex 4.37775 236.882 3.00722
      vertex 4.13796 237.042 3.06459
    endloop
  endfacet
  facet normal 0.172571 -0.0925901 0.980636
    outer loop
      vertex 4.36417 236.856 3.00722
      vertex 4.13796 237.042 3.06459
      vertex 4.09772 236.967 3.06459
    endloop
  endfacet
  facet normal 0.297026 -0.243696 0.923249
    outer loop
      vertex 4.13796 237.042 3.06459
      vertex 4.19211 237.108 3.06459
      vertex 3.91207 237.193 3.17712
    endloop
  endfacet
  facet normal 0.151608 -0.124387 0.980583
    outer loop
      vertex 4.37775 236.882 3.00722
      vertex 4.19211 237.108 3.06459
      vertex 4.13796 237.042 3.06459
    endloop
  endfacet
  facet normal 0.24328 -0.297252 0.923285
    outer loop
      vertex 4.19211 237.108 3.06459
      vertex 4.25809 237.162 3.06459
      vertex 4.10716 237.388 3.17712
    endloop
  endfacet
  facet normal 0.644527 -0.528073 0.552923
    outer loop
      vertex 3.6801 237.62 3.54841
      vertex 3.56458 237.735 3.7929
      vertex 3.5359 237.444 3.54841
    endloop
  endfacet
  facet normal 0.241743 -0.796726 0.553885
    outer loop
      vertex 4.05627 237.871 3.54841
      vertex 4.27379 237.937 3.54841
      vertex 3.99375 238.022 3.7929
    endloop
  endfacet
  facet normal 0.796758 -0.241855 0.553789
    outer loop
      vertex 3.36276 237.026 3.54841
      vertex 3.27782 237.306 3.7929
      vertex 3.20254 237.058 3.7929
    endloop
  endfacet
  facet normal 0.353193 -0.431613 0.830039
    outer loop
      vertex 4.10716 237.388 3.17712
      vertex 3.97132 237.591 3.34048
      vertex 3.82712 237.473 3.34048
    endloop
  endfacet
  facet normal 0.462563 -0.86506 0.19418
    outer loop
      vertex 3.95069 238.126 4.06457
      vertex 3.92874 238.179 4.35297
      vertex 3.67066 238.041 4.35297
    endloop
  endfacet
  facet normal 0.865057 -0.462537 0.194257
    outer loop
      vertex 3.17385 237.349 4.06457
      vertex 3.2588 237.629 4.35297
      vertex 3.12085 237.371 4.35297
    endloop
  endfacet
  facet normal 0.205196 -0.678324 0.705529
    outer loop
      vertex 4.31435 237.733 3.34048
      vertex 4.27379 237.937 3.54841
      vertex 4.13584 237.679 3.34048
    endloop
  endfacet
  facet normal 0.205851 -0.678434 0.705232
    outer loop
      vertex 4.13584 237.679 3.34048
      vertex 4.27379 237.937 3.54841
      vertex 4.05627 237.871 3.54841
    endloop
  endfacet
  facet normal 0.290453 -0.956889 0
    outer loop
      vertex 3.92874 238.179 4.35297
      vertex 4.20877 238.264 134
      vertex 3.92874 238.179 134
    endloop
  endfacet
  facet normal 0.290453 -0.956889 0
    outer loop
      vertex 4.20877 238.264 134
      vertex 3.92874 238.179 4.35297
      vertex 4.20877 238.264 4.35297
    endloop
  endfacet
  facet normal 0.0990876 -0.995079 0
    outer loop
      vertex 4.20877 238.264 4.35297
      vertex 4.5 238.293 134
      vertex 4.20877 238.264 134
    endloop
  endfacet
  facet normal 0.0990876 -0.995079 0
    outer loop
      vertex 4.5 238.293 134
      vertex 4.20877 238.264 4.35297
      vertex 4.5 238.293 4.35297
    endloop
  endfacet
  facet normal 0.0842969 -0.829078 0.552741
    outer loop
      vertex 4.5 237.96 3.54841
      vertex 4.5 238.123 3.7929
      vertex 4.27379 237.937 3.54841
    endloop
  endfacet
  facet normal 0.528226 -0.644545 0.552756
    outer loop
      vertex 3.6801 237.62 3.54841
      vertex 3.85581 237.764 3.54841
      vertex 3.56458 237.735 3.7929
    endloop
  endfacet
  facet normal 0.587876 -0.714252 0.379797
    outer loop
      vertex 3.76505 237.9 3.7929
      vertex 3.70253 237.993 4.06457
      vertex 3.56458 237.735 3.7929
    endloop
  endfacet
  facet normal 0.864965 -0.462651 0.194396
    outer loop
      vertex 3.3065 237.597 4.06457
      vertex 3.2588 237.629 4.35297
      vertex 3.17385 237.349 4.06457
    endloop
  endfacet
  facet normal 0.774086 -0.63308 0
    outer loop
      vertex 3.2588 237.629 134
      vertex 3.44445 237.856 4.35297
      vertex 3.44445 237.856 134
    endloop
  endfacet
  facet normal 0.774086 -0.63308 0
    outer loop
      vertex 3.44445 237.856 4.35297
      vertex 3.2588 237.629 134
      vertex 3.2588 237.629 4.35297
    endloop
  endfacet
  facet normal 0.938759 -0.284779 0.193991
    outer loop
      vertex 3.09217 237.08 4.06457
      vertex 3.12085 237.371 4.35297
      vertex 3.03591 237.091 4.35297
    endloop
  endfacet
  facet normal 0.797226 -0.241326 0.553346
    outer loop
      vertex 3.36276 237.026 3.54841
      vertex 3.42875 237.244 3.54841
      vertex 3.27782 237.306 3.7929
    endloop
  endfacet
  facet normal 0 0 1
    outer loop
      vertex 96.0231 69.0341 3.00722
      vertex 90.4769 69.0341 3.00722
      vertex 90.5 68.8 3.00722
    endloop
  endfacet
  facet normal 0 0 1
    outer loop
      vertex 107.6 93.8 3.00722
      vertex 90.4087 69.2592 3.00722
      vertex 90.4769 69.0341 3.00722
    endloop
  endfacet
  facet normal 0 0 1
    outer loop
      vertex 107.6 93.8 3.00722
      vertex 90.2978 69.4667 3.00722
      vertex 90.4087 69.2592 3.00722
    endloop
  endfacet
  facet normal 0 0 1
    outer loop
      vertex 107.6 93.8 3.00722
      vertex 90.1485 69.6485 3.00722
      vertex 90.2978 69.4667 3.00722
    endloop
  endfacet
  facet normal 0 0 1
    outer loop
      vertex 107.6 93.8 3.00722
      vertex 89.9667 69.7978 3.00722
      vertex 90.1485 69.6485 3.00722
    endloop
  endfacet
  facet normal 0 0 1
    outer loop
      vertex 107.6 93.8 3.00722
      vertex 89.7592 69.9087 3.00722
      vertex 89.9667 69.7978 3.00722
    endloop
  endfacet
  facet normal 0 0 1
    outer loop
      vertex 88.9659 69.9769 3.00722
      vertex 107.6 93.8 3.00722
      vertex 89.6 111.8 3.00722
    endloop
  endfacet
  facet normal 0 0 1
    outer loop
      vertex 107.6 93.8 3.00722
      vertex 89.5341 69.9769 3.00722
      vertex 89.7592 69.9087 3.00722
    endloop
  endfacet
  facet normal -0 0 1
    outer loop
      vertex 92.6 111.8 3.00722
      vertex 125 96.8 3.00722
      vertex 125 236.947 3.00722
    endloop
  endfacet
  facet normal 0 0 1
    outer loop
      vertex 92.6 111.8 3.00722
      vertex 107.6 93.8 3.00722
      vertex 107.6 96.8 3.00722
    endloop
  endfacet
  facet normal 0 0 1
    outer loop
      vertex 107.6 93.8 3.00722
      vertex 106.477 69.0341 3.00722
      vertex 106.5 68.8 3.00722
    endloop
  endfacet
  facet normal 0 0 1
    outer loop
      vertex 107.6 93.8 3.00722
      vertex 106.409 69.2592 3.00722
      vertex 106.477 69.0341 3.00722
    endloop
  endfacet
  facet normal 0 0 1
    outer loop
      vertex 107.6 93.8 3.00722
      vertex 106.298 69.4667 3.00722
      vertex 106.409 69.2592 3.00722
    endloop
  endfacet
  facet normal 0 0 1
    outer loop
      vertex 107.6 93.8 3.00722
      vertex 106.149 69.6485 3.00722
      vertex 106.298 69.4667 3.00722
    endloop
  endfacet
  facet normal 0 0 1
    outer loop
      vertex 107.6 93.8 3.00722
      vertex 105.967 69.7978 3.00722
      vertex 106.149 69.6485 3.00722
    endloop
  endfacet
  facet normal 0 0 1
    outer loop
      vertex 107.6 93.8 3.00722
      vertex 105.759 69.9087 3.00722
      vertex 105.967 69.7978 3.00722
    endloop
  endfacet
  facet normal 0 0 1
    outer loop
      vertex 107.6 93.8 3.00722
      vertex 105.534 69.9769 3.00722
      vertex 105.759 69.9087 3.00722
    endloop
  endfacet
  facet normal 0 0 1
    outer loop
      vertex 107.6 93.8 3.00722
      vertex 105.3 70 3.00722
      vertex 105.534 69.9769 3.00722
    endloop
  endfacet
  facet normal 0 0 1
    outer loop
      vertex 107.6 93.8 3.00722
      vertex 105.2 70 3.00722
      vertex 105.3 70 3.00722
    endloop
  endfacet
  facet normal 0 0 1
    outer loop
      vertex 107.6 93.8 3.00722
      vertex 104.966 69.9769 3.00722
      vertex 105.2 70 3.00722
    endloop
  endfacet
  facet normal 0 0 1
    outer loop
      vertex 107.6 93.8 3.00722
      vertex 97.5341 69.9769 3.00722
      vertex 104.966 69.9769 3.00722
    endloop
  endfacet
  facet normal 0 0 1
    outer loop
      vertex 104.966 69.9769 3.00722
      vertex 97.5341 69.9769 3.00722
      vertex 104.741 69.9087 3.00722
    endloop
  endfacet
  facet normal 0 -0 1
    outer loop
      vertex 97.7592 69.9087 3.00722
      vertex 104.741 69.9087 3.00722
      vertex 97.5341 69.9769 3.00722
    endloop
  endfacet
  facet normal 0 0 1
    outer loop
      vertex 104.741 69.9087 3.00722
      vertex 97.7592 69.9087 3.00722
      vertex 104.533 69.7978 3.00722
    endloop
  endfacet
  facet normal 0 0 1
    outer loop
      vertex 125 96.8 3.00722
      vertex 92.6 111.8 3.00722
      vertex 107.6 96.8 3.00722
    endloop
  endfacet
  facet normal -0 0 1
    outer loop
      vertex 89.6 111.8 3.00722
      vertex 107.6 93.8 3.00722
      vertex 92.6 111.8 3.00722
    endloop
  endfacet
  facet normal 0 -0 1
    outer loop
      vertex 97.9667 69.7978 3.00722
      vertex 104.533 69.7978 3.00722
      vertex 97.7592 69.9087 3.00722
    endloop
  endfacet
  facet normal 0 0 1
    outer loop
      vertex 104 68.8 3.00722
      vertex 98.5 68.8 3.00722
      vertex 104 31.2 3.00722
    endloop
  endfacet
  facet normal 0 0 1
    outer loop
      vertex 104.023 69.0341 3.00722
      vertex 98.5 68.8 3.00722
      vertex 104 68.8 3.00722
    endloop
  endfacet
  facet normal 0 0 1
    outer loop
      vertex 104.533 69.7978 3.00722
      vertex 97.9667 69.7978 3.00722
      vertex 104.351 69.6485 3.00722
    endloop
  endfacet
  facet normal 0 0 1
    outer loop
      vertex 104.023 69.0341 3.00722
      vertex 98.4769 69.0341 3.00722
      vertex 98.5 68.8 3.00722
    endloop
  endfacet
  facet normal 0 -0 1
    outer loop
      vertex 98.1485 69.6485 3.00722
      vertex 104.351 69.6485 3.00722
      vertex 97.9667 69.7978 3.00722
    endloop
  endfacet
  facet normal 0 0 1
    outer loop
      vertex 104.023 69.0341 3.00722
      vertex 98.4087 69.2592 3.00722
      vertex 98.4769 69.0341 3.00722
    endloop
  endfacet
  facet normal 0 0 1
    outer loop
      vertex 104.091 69.2592 3.00722
      vertex 98.4087 69.2592 3.00722
      vertex 104.023 69.0341 3.00722
    endloop
  endfacet
  facet normal 0 -0 1
    outer loop
      vertex 98.4087 69.2592 3.00722
      vertex 104.091 69.2592 3.00722
      vertex 98.2978 69.4667 3.00722
    endloop
  endfacet
  facet normal 0 0 1
    outer loop
      vertex 104.202 69.4667 3.00722
      vertex 98.2978 69.4667 3.00722
      vertex 104.091 69.2592 3.00722
    endloop
  endfacet
  facet normal 0 -0 1
    outer loop
      vertex 98.2978 69.4667 3.00722
      vertex 104.202 69.4667 3.00722
      vertex 98.1485 69.6485 3.00722
    endloop
  endfacet
  facet normal 0 0 1
    outer loop
      vertex 104.351 69.6485 3.00722
      vertex 98.1485 69.6485 3.00722
      vertex 104.202 69.4667 3.00722
    endloop
  endfacet
  facet normal 0 0 1
    outer loop
      vertex 107.6 93.8 3.00722
      vertex 97.3 70 3.00722
      vertex 97.5341 69.9769 3.00722
    endloop
  endfacet
  facet normal 0 0 1
    outer loop
      vertex 107.6 93.8 3.00722
      vertex 97.2 70 3.00722
      vertex 97.3 70 3.00722
    endloop
  endfacet
  facet normal 0 0 1
    outer loop
      vertex 107.6 93.8 3.00722
      vertex 96.9659 69.9769 3.00722
      vertex 97.2 70 3.00722
    endloop
  endfacet
  facet normal 0 0 1
    outer loop
      vertex 107.6 93.8 3.00722
      vertex 96.7408 69.9087 3.00722
      vertex 96.9659 69.9769 3.00722
    endloop
  endfacet
  facet normal 0 0 1
    outer loop
      vertex 90.4769 69.0341 3.00722
      vertex 96.7408 69.9087 3.00722
      vertex 107.6 93.8 3.00722
    endloop
  endfacet
  facet normal 0 0 1
    outer loop
      vertex 90.4769 69.0341 3.00722
      vertex 96.5333 69.7978 3.00722
      vertex 96.7408 69.9087 3.00722
    endloop
  endfacet
  facet normal 0 0 1
    outer loop
      vertex 90.4769 69.0341 3.00722
      vertex 96.3515 69.6485 3.00722
      vertex 96.5333 69.7978 3.00722
    endloop
  endfacet
  facet normal 0 0 1
    outer loop
      vertex 90.4769 69.0341 3.00722
      vertex 96.2022 69.4667 3.00722
      vertex 96.3515 69.6485 3.00722
    endloop
  endfacet
  facet normal 0 0 1
    outer loop
      vertex 90.4769 69.0341 3.00722
      vertex 96.0231 69.0341 3.00722
      vertex 96.0913 69.2592 3.00722
    endloop
  endfacet
  facet normal 0 0 1
    outer loop
      vertex 90.4769 69.0341 3.00722
      vertex 96.0913 69.2592 3.00722
      vertex 96.2022 69.4667 3.00722
    endloop
  endfacet
  facet normal 0 0 1
    outer loop
      vertex 92.6 111.8 3.00722
      vertex 125 236.947 3.00722
      vertex 92.6 221.8 3.00722
    endloop
  endfacet
  facet normal 0 0 1
    outer loop
      vertex 125 236.947 3.00722
      vertex 89.6 221.8 3.00722
      vertex 92.6 221.8 3.00722
    endloop
  endfacet
  facet normal 0 0 1
    outer loop
      vertex 4.35297 236.8 3.00722
      vertex 89.6 111.8 3.00722
      vertex 89.6 221.8 3.00722
    endloop
  endfacet
  facet normal 0 0 1
    outer loop
      vertex 107.6 93.8 3.00722
      vertex 89.3 70 3.00722
      vertex 89.5341 69.9769 3.00722
    endloop
  endfacet
  facet normal 0 0 1
    outer loop
      vertex 107.6 93.8 3.00722
      vertex 89.2 70 3.00722
      vertex 89.3 70 3.00722
    endloop
  endfacet
  facet normal 0 -0 1
    outer loop
      vertex 81.5341 69.9769 3.00722
      vertex 89.6 111.8 3.00722
      vertex 81.3 70 3.00722
    endloop
  endfacet
  facet normal 0 0 1
    outer loop
      vertex 107.6 93.8 3.00722
      vertex 88.9659 69.9769 3.00722
      vertex 89.2 70 3.00722
    endloop
  endfacet
  facet normal 0 0 1
    outer loop
      vertex 89.6 111.8 3.00722
      vertex 81.5341 69.9769 3.00722
      vertex 88.9659 69.9769 3.00722
    endloop
  endfacet
  facet normal 0 0 1
    outer loop
      vertex 88.9659 69.9769 3.00722
      vertex 81.5341 69.9769 3.00722
      vertex 88.7408 69.9087 3.00722
    endloop
  endfacet
  facet normal 0 0 1
    outer loop
      vertex 88.7408 69.9087 3.00722
      vertex 81.7592 69.9087 3.00722
      vertex 88.5333 69.7978 3.00722
    endloop
  endfacet
  facet normal 0 -0 1
    outer loop
      vertex 81.9667 69.7978 3.00722
      vertex 88.5333 69.7978 3.00722
      vertex 81.7592 69.9087 3.00722
    endloop
  endfacet
  facet normal 0 0 1
    outer loop
      vertex 88.5333 69.7978 3.00722
      vertex 81.9667 69.7978 3.00722
      vertex 88.3515 69.6485 3.00722
    endloop
  endfacet
  facet normal 0 -0 1
    outer loop
      vertex 82.1485 69.6485 3.00722
      vertex 88.3515 69.6485 3.00722
      vertex 81.9667 69.7978 3.00722
    endloop
  endfacet
  facet normal 0 0 1
    outer loop
      vertex 88 68.8 3.00722
      vertex 82.5 68.8 3.00722
      vertex 88 31.2 3.00722
    endloop
  endfacet
  facet normal 0 0 1
    outer loop
      vertex 88.3515 69.6485 3.00722
      vertex 82.1485 69.6485 3.00722
      vertex 88.2022 69.4667 3.00722
    endloop
  endfacet
  facet normal 0 0 1
    outer loop
      vertex 88 68.8 3.00722
      vertex 82.4769 69.0341 3.00722
      vertex 82.5 68.8 3.00722
    endloop
  endfacet
  facet normal 0 0 1
    outer loop
      vertex 88.0231 69.0341 3.00722
      vertex 82.4769 69.0341 3.00722
      vertex 88 68.8 3.00722
    endloop
  endfacet
  facet normal 0 -0 1
    outer loop
      vertex 82.4769 69.0341 3.00722
      vertex 88.0231 69.0341 3.00722
      vertex 82.4087 69.2592 3.00722
    endloop
  endfacet
  facet normal 0 0 1
    outer loop
      vertex 88.0913 69.2592 3.00722
      vertex 82.4087 69.2592 3.00722
      vertex 88.0231 69.0341 3.00722
    endloop
  endfacet
  facet normal 0 -0 1
    outer loop
      vertex 82.4087 69.2592 3.00722
      vertex 88.0913 69.2592 3.00722
      vertex 82.2978 69.4667 3.00722
    endloop
  endfacet
  facet normal 0 0 1
    outer loop
      vertex 88.2022 69.4667 3.00722
      vertex 82.2978 69.4667 3.00722
      vertex 88.0913 69.2592 3.00722
    endloop
  endfacet
  facet normal 0 -0 1
    outer loop
      vertex 82.2978 69.4667 3.00722
      vertex 88.2022 69.4667 3.00722
      vertex 82.1485 69.6485 3.00722
    endloop
  endfacet
  facet normal 0 -0 1
    outer loop
      vertex 81.7592 69.9087 3.00722
      vertex 88.7408 69.9087 3.00722
      vertex 81.5341 69.9769 3.00722
    endloop
  endfacet
  facet normal 0 0 1
    outer loop
      vertex 89.6 111.8 3.00722
      vertex 81.2 70 3.00722
      vertex 81.3 70 3.00722
    endloop
  endfacet
  facet normal 0 -0 1
    outer loop
      vertex 73.5341 69.9769 3.00722
      vertex 89.6 111.8 3.00722
      vertex 73.3 70 3.00722
    endloop
  endfacet
  facet normal 0 0 1
    outer loop
      vertex 89.6 111.8 3.00722
      vertex 80.9659 69.9769 3.00722
      vertex 81.2 70 3.00722
    endloop
  endfacet
  facet normal 0 0 1
    outer loop
      vertex 89.6 111.8 3.00722
      vertex 73.5341 69.9769 3.00722
      vertex 80.9659 69.9769 3.00722
    endloop
  endfacet
  facet normal 0 0 1
    outer loop
      vertex 80.9659 69.9769 3.00722
      vertex 73.5341 69.9769 3.00722
      vertex 80.7408 69.9087 3.00722
    endloop
  endfacet
  facet normal 0 0 1
    outer loop
      vertex 80.7408 69.9087 3.00722
      vertex 73.7592 69.9087 3.00722
      vertex 80.5333 69.7978 3.00722
    endloop
  endfacet
  facet normal 0 -0 1
    outer loop
      vertex 73.9667 69.7978 3.00722
      vertex 80.5333 69.7978 3.00722
      vertex 73.7592 69.9087 3.00722
    endloop
  endfacet
  facet normal 0 0 1
    outer loop
      vertex 80.5333 69.7978 3.00722
      vertex 73.9667 69.7978 3.00722
      vertex 80.3515 69.6485 3.00722
    endloop
  endfacet
  facet normal 0 -0 1
    outer loop
      vertex 74.1485 69.6485 3.00722
      vertex 80.3515 69.6485 3.00722
      vertex 73.9667 69.7978 3.00722
    endloop
  endfacet
  facet normal 0 0 1
    outer loop
      vertex 80 68.8 3.00722
      vertex 74.5 68.8 3.00722
      vertex 80 31.2 3.00722
    endloop
  endfacet
  facet normal 0 0 1
    outer loop
      vertex 80.3515 69.6485 3.00722
      vertex 74.1485 69.6485 3.00722
      vertex 80.2022 69.4667 3.00722
    endloop
  endfacet
  facet normal 0 0 1
    outer loop
      vertex 80 68.8 3.00722
      vertex 74.4769 69.0341 3.00722
      vertex 74.5 68.8 3.00722
    endloop
  endfacet
  facet normal 0 0 1
    outer loop
      vertex 80.0231 69.0341 3.00722
      vertex 74.4769 69.0341 3.00722
      vertex 80 68.8 3.00722
    endloop
  endfacet
  facet normal 0 -0 1
    outer loop
      vertex 74.4769 69.0341 3.00722
      vertex 80.0231 69.0341 3.00722
      vertex 74.4087 69.2592 3.00722
    endloop
  endfacet
  facet normal 0 0 1
    outer loop
      vertex 80.0913 69.2592 3.00722
      vertex 74.4087 69.2592 3.00722
      vertex 80.0231 69.0341 3.00722
    endloop
  endfacet
  facet normal 0 -0 1
    outer loop
      vertex 74.4087 69.2592 3.00722
      vertex 80.0913 69.2592 3.00722
      vertex 74.2978 69.4667 3.00722
    endloop
  endfacet
  facet normal 0 0 1
    outer loop
      vertex 80.2022 69.4667 3.00722
      vertex 74.2978 69.4667 3.00722
      vertex 80.0913 69.2592 3.00722
    endloop
  endfacet
  facet normal 0 -0 1
    outer loop
      vertex 74.2978 69.4667 3.00722
      vertex 80.2022 69.4667 3.00722
      vertex 74.1485 69.6485 3.00722
    endloop
  endfacet
  facet normal 0 -0 1
    outer loop
      vertex 73.7592 69.9087 3.00722
      vertex 80.7408 69.9087 3.00722
      vertex 73.5341 69.9769 3.00722
    endloop
  endfacet
  facet normal 0 0 1
    outer loop
      vertex 89.6 111.8 3.00722
      vertex 73.2 70 3.00722
      vertex 73.3 70 3.00722
    endloop
  endfacet
  facet normal 0 -0 1
    outer loop
      vertex 65.5341 69.9769 3.00722
      vertex 89.6 111.8 3.00722
      vertex 65.3 70 3.00722
    endloop
  endfacet
  facet normal 0 0 1
    outer loop
      vertex 89.6 111.8 3.00722
      vertex 72.9659 69.9769 3.00722
      vertex 73.2 70 3.00722
    endloop
  endfacet
  facet normal 0 0 1
    outer loop
      vertex 89.6 111.8 3.00722
      vertex 65.5341 69.9769 3.00722
      vertex 72.9659 69.9769 3.00722
    endloop
  endfacet
  facet normal 0 0 1
    outer loop
      vertex 72.9659 69.9769 3.00722
      vertex 65.5341 69.9769 3.00722
      vertex 72.7408 69.9087 3.00722
    endloop
  endfacet
  facet normal 0 0 1
    outer loop
      vertex 72.7408 69.9087 3.00722
      vertex 65.7592 69.9087 3.00722
      vertex 72.5333 69.7978 3.00722
    endloop
  endfacet
  facet normal 0 -0 1
    outer loop
      vertex 65.9667 69.7978 3.00722
      vertex 72.5333 69.7978 3.00722
      vertex 65.7592 69.9087 3.00722
    endloop
  endfacet
  facet normal 0 0 1
    outer loop
      vertex 72.5333 69.7978 3.00722
      vertex 65.9667 69.7978 3.00722
      vertex 72.3515 69.6485 3.00722
    endloop
  endfacet
  facet normal 0 0 1
    outer loop
      vertex 72 68.8 3.00722
      vertex 66.5 68.8 3.00722
      vertex 72 31.2 3.00722
    endloop
  endfacet
  facet normal 0 0 1
    outer loop
      vertex 72.0231 69.0341 3.00722
      vertex 66.5 68.8 3.00722
      vertex 72 68.8 3.00722
    endloop
  endfacet
  facet normal 0 -0 1
    outer loop
      vertex 66.1485 69.6485 3.00722
      vertex 72.3515 69.6485 3.00722
      vertex 65.9667 69.7978 3.00722
    endloop
  endfacet
  facet normal 0 0 1
    outer loop
      vertex 72.0231 69.0341 3.00722
      vertex 66.4769 69.0341 3.00722
      vertex 66.5 68.8 3.00722
    endloop
  endfacet
  facet normal 0 0 1
    outer loop
      vertex 72.0231 69.0341 3.00722
      vertex 66.4087 69.2592 3.00722
      vertex 66.4769 69.0341 3.00722
    endloop
  endfacet
  facet normal 0 0 1
    outer loop
      vertex 72.0913 69.2592 3.00722
      vertex 66.4087 69.2592 3.00722
      vertex 72.0231 69.0341 3.00722
    endloop
  endfacet
  facet normal 0 -0 1
    outer loop
      vertex 66.4087 69.2592 3.00722
      vertex 72.0913 69.2592 3.00722
      vertex 66.2978 69.4667 3.00722
    endloop
  endfacet
  facet normal 0 0 1
    outer loop
      vertex 72.2022 69.4667 3.00722
      vertex 66.2978 69.4667 3.00722
      vertex 72.0913 69.2592 3.00722
    endloop
  endfacet
  facet normal 0 -0 1
    outer loop
      vertex 66.2978 69.4667 3.00722
      vertex 72.2022 69.4667 3.00722
      vertex 66.1485 69.6485 3.00722
    endloop
  endfacet
  facet normal 0 0 1
    outer loop
      vertex 72.3515 69.6485 3.00722
      vertex 66.1485 69.6485 3.00722
      vertex 72.2022 69.4667 3.00722
    endloop
  endfacet
  facet normal 0 -0 1
    outer loop
      vertex 65.7592 69.9087 3.00722
      vertex 72.7408 69.9087 3.00722
      vertex 65.5341 69.9769 3.00722
    endloop
  endfacet
  facet normal 0 0 1
    outer loop
      vertex 89.6 111.8 3.00722
      vertex 65.2 70 3.00722
      vertex 65.3 70 3.00722
    endloop
  endfacet
  facet normal 0 -0 1
    outer loop
      vertex 57.5341 69.9769 3.00722
      vertex 89.6 111.8 3.00722
      vertex 57.3 70 3.00722
    endloop
  endfacet
  facet normal 0 0 1
    outer loop
      vertex 89.6 111.8 3.00722
      vertex 64.9659 69.9769 3.00722
      vertex 65.2 70 3.00722
    endloop
  endfacet
  facet normal 0 0 1
    outer loop
      vertex 89.6 111.8 3.00722
      vertex 57.5341 69.9769 3.00722
      vertex 64.9659 69.9769 3.00722
    endloop
  endfacet
  facet normal 0 0 1
    outer loop
      vertex 64.9659 69.9769 3.00722
      vertex 57.5341 69.9769 3.00722
      vertex 64.7408 69.9087 3.00722
    endloop
  endfacet
  facet normal 0 0 1
    outer loop
      vertex 64.7408 69.9087 3.00722
      vertex 57.7592 69.9087 3.00722
      vertex 64.5333 69.7978 3.00722
    endloop
  endfacet
  facet normal 0 -0 1
    outer loop
      vertex 57.9667 69.7978 3.00722
      vertex 64.5333 69.7978 3.00722
      vertex 57.7592 69.9087 3.00722
    endloop
  endfacet
  facet normal 0 0 1
    outer loop
      vertex 64.5333 69.7978 3.00722
      vertex 57.9667 69.7978 3.00722
      vertex 64.3515 69.6485 3.00722
    endloop
  endfacet
  facet normal 0 0 1
    outer loop
      vertex 64 68.8 3.00722
      vertex 58.5 68.8 3.00722
      vertex 64 31.2 3.00722
    endloop
  endfacet
  facet normal 0 0 1
    outer loop
      vertex 64.0231 69.0341 3.00722
      vertex 58.5 68.8 3.00722
      vertex 64 68.8 3.00722
    endloop
  endfacet
  facet normal 0 -0 1
    outer loop
      vertex 58.1485 69.6485 3.00722
      vertex 64.3515 69.6485 3.00722
      vertex 57.9667 69.7978 3.00722
    endloop
  endfacet
  facet normal 0 0 1
    outer loop
      vertex 64.0231 69.0341 3.00722
      vertex 58.4769 69.0341 3.00722
      vertex 58.5 68.8 3.00722
    endloop
  endfacet
  facet normal 0 0 1
    outer loop
      vertex 64.0231 69.0341 3.00722
      vertex 58.4087 69.2592 3.00722
      vertex 58.4769 69.0341 3.00722
    endloop
  endfacet
  facet normal 0 0 1
    outer loop
      vertex 64.0913 69.2592 3.00722
      vertex 58.4087 69.2592 3.00722
      vertex 64.0231 69.0341 3.00722
    endloop
  endfacet
  facet normal 0 -0 1
    outer loop
      vertex 58.4087 69.2592 3.00722
      vertex 64.0913 69.2592 3.00722
      vertex 58.2978 69.4667 3.00722
    endloop
  endfacet
  facet normal 0 0 1
    outer loop
      vertex 64.2022 69.4667 3.00722
      vertex 58.2978 69.4667 3.00722
      vertex 64.0913 69.2592 3.00722
    endloop
  endfacet
  facet normal 0 -0 1
    outer loop
      vertex 58.2978 69.4667 3.00722
      vertex 64.2022 69.4667 3.00722
      vertex 58.1485 69.6485 3.00722
    endloop
  endfacet
  facet normal 0 0 1
    outer loop
      vertex 64.3515 69.6485 3.00722
      vertex 58.1485 69.6485 3.00722
      vertex 64.2022 69.4667 3.00722
    endloop
  endfacet
  facet normal 0 -0 1
    outer loop
      vertex 57.7592 69.9087 3.00722
      vertex 64.7408 69.9087 3.00722
      vertex 57.5341 69.9769 3.00722
    endloop
  endfacet
  facet normal 0 0 1
    outer loop
      vertex 89.6 111.8 3.00722
      vertex 57.2 70 3.00722
      vertex 57.3 70 3.00722
    endloop
  endfacet
  facet normal 0 0 1
    outer loop
      vertex 89.6 111.8 3.00722
      vertex 49.3 70 3.00722
      vertex 57.2 70 3.00722
    endloop
  endfacet
  facet normal 0 0 1
    outer loop
      vertex 57.2 70 3.00722
      vertex 49.3 70 3.00722
      vertex 56.9659 69.9769 3.00722
    endloop
  endfacet
  facet normal 0 -0 1
    outer loop
      vertex 49.5341 69.9769 3.00722
      vertex 56.9659 69.9769 3.00722
      vertex 49.3 70 3.00722
    endloop
  endfacet
  facet normal 0 0 1
    outer loop
      vertex 56.9659 69.9769 3.00722
      vertex 49.5341 69.9769 3.00722
      vertex 56.7408 69.9087 3.00722
    endloop
  endfacet
  facet normal 0 0 1
    outer loop
      vertex 56.7408 69.9087 3.00722
      vertex 49.7592 69.9087 3.00722
      vertex 56.5333 69.7978 3.00722
    endloop
  endfacet
  facet normal 0 -0 1
    outer loop
      vertex 49.9667 69.7978 3.00722
      vertex 56.5333 69.7978 3.00722
      vertex 49.7592 69.9087 3.00722
    endloop
  endfacet
  facet normal 0 0 1
    outer loop
      vertex 56.5333 69.7978 3.00722
      vertex 49.9667 69.7978 3.00722
      vertex 56.3515 69.6485 3.00722
    endloop
  endfacet
  facet normal 0 0 1
    outer loop
      vertex 56 68.8 3.00722
      vertex 50.5 68.8 3.00722
      vertex 56 31.2 3.00722
    endloop
  endfacet
  facet normal 0 0 1
    outer loop
      vertex 56.0231 69.0341 3.00722
      vertex 50.5 68.8 3.00722
      vertex 56 68.8 3.00722
    endloop
  endfacet
  facet normal 0 -0 1
    outer loop
      vertex 50.1485 69.6485 3.00722
      vertex 56.3515 69.6485 3.00722
      vertex 49.9667 69.7978 3.00722
    endloop
  endfacet
  facet normal 0 0 1
    outer loop
      vertex 56.0231 69.0341 3.00722
      vertex 50.4769 69.0341 3.00722
      vertex 50.5 68.8 3.00722
    endloop
  endfacet
  facet normal 0 0 1
    outer loop
      vertex 56.0231 69.0341 3.00722
      vertex 50.4087 69.2592 3.00722
      vertex 50.4769 69.0341 3.00722
    endloop
  endfacet
  facet normal 0 0 1
    outer loop
      vertex 56.0913 69.2592 3.00722
      vertex 50.4087 69.2592 3.00722
      vertex 56.0231 69.0341 3.00722
    endloop
  endfacet
  facet normal 0 -0 1
    outer loop
      vertex 50.4087 69.2592 3.00722
      vertex 56.0913 69.2592 3.00722
      vertex 50.2978 69.4667 3.00722
    endloop
  endfacet
  facet normal 0 0 1
    outer loop
      vertex 56.2022 69.4667 3.00722
      vertex 50.2978 69.4667 3.00722
      vertex 56.0913 69.2592 3.00722
    endloop
  endfacet
  facet normal 0 -0 1
    outer loop
      vertex 50.2978 69.4667 3.00722
      vertex 56.2022 69.4667 3.00722
      vertex 50.1485 69.6485 3.00722
    endloop
  endfacet
  facet normal 0 0 1
    outer loop
      vertex 56.3515 69.6485 3.00722
      vertex 50.1485 69.6485 3.00722
      vertex 56.2022 69.4667 3.00722
    endloop
  endfacet
  facet normal 0 -0 1
    outer loop
      vertex 49.7592 69.9087 3.00722
      vertex 56.7408 69.9087 3.00722
      vertex 49.5341 69.9769 3.00722
    endloop
  endfacet
  facet normal 0 0 1
    outer loop
      vertex 89.6 111.8 3.00722
      vertex 49.2 70 3.00722
      vertex 49.3 70 3.00722
    endloop
  endfacet
  facet normal 0 0 1
    outer loop
      vertex 89.6 111.8 3.00722
      vertex 41.3 70 3.00722
      vertex 49.2 70 3.00722
    endloop
  endfacet
  facet normal 0 0 1
    outer loop
      vertex 49.2 70 3.00722
      vertex 41.3 70 3.00722
      vertex 48.9659 69.9769 3.00722
    endloop
  endfacet
  facet normal 0 -0 1
    outer loop
      vertex 41.5341 69.9769 3.00722
      vertex 48.9659 69.9769 3.00722
      vertex 41.3 70 3.00722
    endloop
  endfacet
  facet normal 0 0 1
    outer loop
      vertex 48.9659 69.9769 3.00722
      vertex 41.5341 69.9769 3.00722
      vertex 48.7408 69.9087 3.00722
    endloop
  endfacet
  facet normal 0 0 1
    outer loop
      vertex 48.7408 69.9087 3.00722
      vertex 41.7592 69.9087 3.00722
      vertex 48.5333 69.7978 3.00722
    endloop
  endfacet
  facet normal 0 -0 1
    outer loop
      vertex 41.9667 69.7978 3.00722
      vertex 48.5333 69.7978 3.00722
      vertex 41.7592 69.9087 3.00722
    endloop
  endfacet
  facet normal 0 0 1
    outer loop
      vertex 48.5333 69.7978 3.00722
      vertex 41.9667 69.7978 3.00722
      vertex 48.3515 69.6485 3.00722
    endloop
  endfacet
  facet normal 0 0 1
    outer loop
      vertex 48 68.8 3.00722
      vertex 42.5 68.8 3.00722
      vertex 48 31.2 3.00722
    endloop
  endfacet
  facet normal 0 0 1
    outer loop
      vertex 48.0231 69.0341 3.00722
      vertex 42.5 68.8 3.00722
      vertex 48 68.8 3.00722
    endloop
  endfacet
  facet normal 0 -0 1
    outer loop
      vertex 42.1485 69.6485 3.00722
      vertex 48.3515 69.6485 3.00722
      vertex 41.9667 69.7978 3.00722
    endloop
  endfacet
  facet normal 0 0 1
    outer loop
      vertex 48.0231 69.0341 3.00722
      vertex 42.4769 69.0341 3.00722
      vertex 42.5 68.8 3.00722
    endloop
  endfacet
  facet normal 0 0 1
    outer loop
      vertex 48.0231 69.0341 3.00722
      vertex 42.4087 69.2592 3.00722
      vertex 42.4769 69.0341 3.00722
    endloop
  endfacet
  facet normal 0 0 1
    outer loop
      vertex 48.0913 69.2592 3.00722
      vertex 42.4087 69.2592 3.00722
      vertex 48.0231 69.0341 3.00722
    endloop
  endfacet
  facet normal 0 -0 1
    outer loop
      vertex 42.4087 69.2592 3.00722
      vertex 48.0913 69.2592 3.00722
      vertex 42.2978 69.4667 3.00722
    endloop
  endfacet
  facet normal 0 0 1
    outer loop
      vertex 48.2022 69.4667 3.00722
      vertex 42.2978 69.4667 3.00722
      vertex 48.0913 69.2592 3.00722
    endloop
  endfacet
  facet normal 0 -0 1
    outer loop
      vertex 42.2978 69.4667 3.00722
      vertex 48.2022 69.4667 3.00722
      vertex 42.1485 69.6485 3.00722
    endloop
  endfacet
  facet normal 0 0 1
    outer loop
      vertex 48.3515 69.6485 3.00722
      vertex 42.1485 69.6485 3.00722
      vertex 48.2022 69.4667 3.00722
    endloop
  endfacet
  facet normal 0 -0 1
    outer loop
      vertex 41.7592 69.9087 3.00722
      vertex 48.7408 69.9087 3.00722
      vertex 41.5341 69.9769 3.00722
    endloop
  endfacet
  facet normal 0 0 1
    outer loop
      vertex 89.6 111.8 3.00722
      vertex 41.2 70 3.00722
      vertex 41.3 70 3.00722
    endloop
  endfacet
  facet normal 0 -0 1
    outer loop
      vertex 40.7408 69.9087 3.00722
      vertex 89.6 111.8 3.00722
      vertex 4.35297 236.8 3.00722
    endloop
  endfacet
  facet normal 0 0 1
    outer loop
      vertex 89.6 111.8 3.00722
      vertex 40.9659 69.9769 3.00722
      vertex 41.2 70 3.00722
    endloop
  endfacet
  facet normal 0 0 1
    outer loop
      vertex 89.6 111.8 3.00722
      vertex 40.7408 69.9087 3.00722
      vertex 40.9659 69.9769 3.00722
    endloop
  endfacet
  facet normal 0 0 1
    outer loop
      vertex 40.7408 69.9087 3.00722
      vertex 4.35297 236.8 3.00722
      vertex 40.5333 69.7978 3.00722
    endloop
  endfacet
  facet normal 0 0 1
    outer loop
      vertex 40.5333 69.7978 3.00722
      vertex 4.35297 236.8 3.00722
      vertex 40.3515 69.6485 3.00722
    endloop
  endfacet
  facet normal 0 0 1
    outer loop
      vertex 40.3515 69.6485 3.00722
      vertex 4.35297 236.8 3.00722
      vertex 40.2022 69.4667 3.00722
    endloop
  endfacet
  facet normal 0 0 1
    outer loop
      vertex 40 68.8 3.00722
      vertex 30 40 3.00722
      vertex 40 31.2 3.00722
    endloop
  endfacet
  facet normal 0 0 1
    outer loop
      vertex 20 40 3.00722
      vertex 40 68.8 3.00722
      vertex 40.0231 69.0341 3.00722
    endloop
  endfacet
  facet normal 0 0 1
    outer loop
      vertex 20 40 3.00722
      vertex 40.0231 69.0341 3.00722
      vertex 40.0913 69.2592 3.00722
    endloop
  endfacet
  facet normal 0 0 1
    outer loop
      vertex 40.2022 69.4667 3.00722
      vertex 4.35297 236.8 3.00722
      vertex 40.0913 69.2592 3.00722
    endloop
  endfacet
  facet normal 0 -0 1
    outer loop
      vertex 20 40 3.00722
      vertex 40.0913 69.2592 3.00722
      vertex 4.35297 236.8 3.00722
    endloop
  endfacet
  facet normal 0 0 1
    outer loop
      vertex 40 68.8 3.00722
      vertex 20 40 3.00722
      vertex 30 40 3.00722
    endloop
  endfacet
  facet normal -0 0 1
    outer loop
      vertex 4.35297 236.8 3.00722
      vertex 89.6 221.8 3.00722
      vertex 4.5 236.947 3.00722
    endloop
  endfacet
  facet normal -0 0 1
    outer loop
      vertex 4.5 236.947 3.00722
      vertex 89.6 221.8 3.00722
      vertex 125 236.947 3.00722
    endloop
  endfacet
  facet normal 0 0 1
    outer loop
      vertex 119 93.8 3.00722
      vertex 114.5 68.8 3.00722
      vertex 119 22.5 3.00722
    endloop
  endfacet
  facet normal 0 0 1
    outer loop
      vertex 119 93.8 3.00722
      vertex 114.477 69.0341 3.00722
      vertex 114.5 68.8 3.00722
    endloop
  endfacet
  facet normal 0 0 1
    outer loop
      vertex 119 93.8 3.00722
      vertex 114.409 69.2592 3.00722
      vertex 114.477 69.0341 3.00722
    endloop
  endfacet
  facet normal 0 0 1
    outer loop
      vertex 119 93.8 3.00722
      vertex 114.298 69.4667 3.00722
      vertex 114.409 69.2592 3.00722
    endloop
  endfacet
  facet normal 0 0 1
    outer loop
      vertex 119 93.8 3.00722
      vertex 114.149 69.6485 3.00722
      vertex 114.298 69.4667 3.00722
    endloop
  endfacet
  facet normal 0 0 1
    outer loop
      vertex 119 93.8 3.00722
      vertex 113.967 69.7978 3.00722
      vertex 114.149 69.6485 3.00722
    endloop
  endfacet
  facet normal 0 0 1
    outer loop
      vertex 119 93.8 3.00722
      vertex 113.759 69.9087 3.00722
      vertex 113.967 69.7978 3.00722
    endloop
  endfacet
  facet normal 0 0 1
    outer loop
      vertex 119 93.8 3.00722
      vertex 113.534 69.9769 3.00722
      vertex 113.759 69.9087 3.00722
    endloop
  endfacet
  facet normal 0 0 1
    outer loop
      vertex 119 93.8 3.00722
      vertex 113.3 70 3.00722
      vertex 113.534 69.9769 3.00722
    endloop
  endfacet
  facet normal 0 0 1
    outer loop
      vertex 119 93.8 3.00722
      vertex 113.2 70 3.00722
      vertex 113.3 70 3.00722
    endloop
  endfacet
  facet normal -0 0 1
    outer loop
      vertex 107.6 93.8 3.00722
      vertex 113.2 70 3.00722
      vertex 119 93.8 3.00722
    endloop
  endfacet
  facet normal 0 0 1
    outer loop
      vertex 113.2 70 3.00722
      vertex 107.6 93.8 3.00722
      vertex 112.966 69.9769 3.00722
    endloop
  endfacet
  facet normal 0 0 1
    outer loop
      vertex 112.966 69.9769 3.00722
      vertex 107.6 93.8 3.00722
      vertex 112.741 69.9087 3.00722
    endloop
  endfacet
  facet normal 0 0 1
    outer loop
      vertex 106.5 68.8 3.00722
      vertex 112.741 69.9087 3.00722
      vertex 107.6 93.8 3.00722
    endloop
  endfacet
  facet normal 0 0 1
    outer loop
      vertex 112.741 69.9087 3.00722
      vertex 106.5 68.8 3.00722
      vertex 112.533 69.7978 3.00722
    endloop
  endfacet
  facet normal 0 0 1
    outer loop
      vertex 112.533 69.7978 3.00722
      vertex 106.5 68.8 3.00722
      vertex 112.351 69.6485 3.00722
    endloop
  endfacet
  facet normal 0 0 1
    outer loop
      vertex 112.351 69.6485 3.00722
      vertex 106.5 68.8 3.00722
      vertex 112.202 69.4667 3.00722
    endloop
  endfacet
  facet normal 0 0 1
    outer loop
      vertex 112.023 69.0341 3.00722
      vertex 106.5 68.8 3.00722
      vertex 112 68.8 3.00722
    endloop
  endfacet
  facet normal 0 0 1
    outer loop
      vertex 112.091 69.2592 3.00722
      vertex 106.5 68.8 3.00722
      vertex 112.023 69.0341 3.00722
    endloop
  endfacet
  facet normal 0 0 1
    outer loop
      vertex 112.202 69.4667 3.00722
      vertex 106.5 68.8 3.00722
      vertex 112.091 69.2592 3.00722
    endloop
  endfacet
  facet normal -0 0 1
    outer loop
      vertex 119 22.5 3.00722
      vertex 125 19.5 3.00722
      vertex 125 22.5 3.00722
    endloop
  endfacet
  facet normal -0 0 1
    outer loop
      vertex 114.5 31.2 3.00722
      vertex 119 22.5 3.00722
      vertex 114.5 68.8 3.00722
    endloop
  endfacet
  facet normal -0 0 1
    outer loop
      vertex 114.477 30.9659 3.00722
      vertex 119 22.5 3.00722
      vertex 114.5 31.2 3.00722
    endloop
  endfacet
  facet normal -0 0 1
    outer loop
      vertex 114.409 30.7408 3.00722
      vertex 119 22.5 3.00722
      vertex 114.477 30.9659 3.00722
    endloop
  endfacet
  facet normal -0 0 1
    outer loop
      vertex 114.298 30.5333 3.00722
      vertex 119 22.5 3.00722
      vertex 114.409 30.7408 3.00722
    endloop
  endfacet
  facet normal -0 0 1
    outer loop
      vertex 114.149 30.3515 3.00722
      vertex 119 22.5 3.00722
      vertex 114.298 30.5333 3.00722
    endloop
  endfacet
  facet normal -0 0 1
    outer loop
      vertex 113.967 30.2022 3.00722
      vertex 119 22.5 3.00722
      vertex 114.149 30.3515 3.00722
    endloop
  endfacet
  facet normal -0 0 1
    outer loop
      vertex 113.759 30.0913 3.00722
      vertex 119 22.5 3.00722
      vertex 113.967 30.2022 3.00722
    endloop
  endfacet
  facet normal -0 0 1
    outer loop
      vertex 113.534 30.0231 3.00722
      vertex 119 22.5 3.00722
      vertex 113.759 30.0913 3.00722
    endloop
  endfacet
  facet normal -0 0 1
    outer loop
      vertex 113.3 30 3.00722
      vertex 119 22.5 3.00722
      vertex 113.534 30.0231 3.00722
    endloop
  endfacet
  facet normal -0 0 1
    outer loop
      vertex 113.2 30 3.00722
      vertex 119 22.5 3.00722
      vertex 113.3 30 3.00722
    endloop
  endfacet
  facet normal 0 0 1
    outer loop
      vertex 112.966 30.0231 3.00722
      vertex 119 22.5 3.00722
      vertex 113.2 30 3.00722
    endloop
  endfacet
  facet normal 0 0 1
    outer loop
      vertex 112.741 30.0913 3.00722
      vertex 119 22.5 3.00722
      vertex 112.966 30.0231 3.00722
    endloop
  endfacet
  facet normal 0 0 1
    outer loop
      vertex 105.759 30.0913 3.00722
      vertex 112.741 30.0913 3.00722
      vertex 112.533 30.2022 3.00722
    endloop
  endfacet
  facet normal 0 0 1
    outer loop
      vertex 105.967 30.2022 3.00722
      vertex 112.533 30.2022 3.00722
      vertex 112.351 30.3515 3.00722
    endloop
  endfacet
  facet normal 0 0 1
    outer loop
      vertex 112 68.8 3.00722
      vertex 106.5 68.8 3.00722
      vertex 112 31.2 3.00722
    endloop
  endfacet
  facet normal 0 0 1
    outer loop
      vertex 106.5 31.2 3.00722
      vertex 112 31.2 3.00722
      vertex 106.5 68.8 3.00722
    endloop
  endfacet
  facet normal 0 0 1
    outer loop
      vertex 112 31.2 3.00722
      vertex 106.5 31.2 3.00722
      vertex 112.023 30.9659 3.00722
    endloop
  endfacet
  facet normal 0 0 1
    outer loop
      vertex 106.477 30.9659 3.00722
      vertex 112.023 30.9659 3.00722
      vertex 106.5 31.2 3.00722
    endloop
  endfacet
  facet normal 0 0 1
    outer loop
      vertex 112.023 30.9659 3.00722
      vertex 106.477 30.9659 3.00722
      vertex 112.091 30.7408 3.00722
    endloop
  endfacet
  facet normal 0 0 1
    outer loop
      vertex 106.409 30.7408 3.00722
      vertex 112.091 30.7408 3.00722
      vertex 106.477 30.9659 3.00722
    endloop
  endfacet
  facet normal 0 0 1
    outer loop
      vertex 112.091 30.7408 3.00722
      vertex 106.409 30.7408 3.00722
      vertex 112.202 30.5333 3.00722
    endloop
  endfacet
  facet normal 0 0 1
    outer loop
      vertex 106.298 30.5333 3.00722
      vertex 112.202 30.5333 3.00722
      vertex 106.409 30.7408 3.00722
    endloop
  endfacet
  facet normal 0 0 1
    outer loop
      vertex 112.202 30.5333 3.00722
      vertex 106.298 30.5333 3.00722
      vertex 112.351 30.3515 3.00722
    endloop
  endfacet
  facet normal 0 0 1
    outer loop
      vertex 106.149 30.3515 3.00722
      vertex 112.351 30.3515 3.00722
      vertex 106.298 30.5333 3.00722
    endloop
  endfacet
  facet normal 0 0 1
    outer loop
      vertex 105.967 30.2022 3.00722
      vertex 112.351 30.3515 3.00722
      vertex 106.149 30.3515 3.00722
    endloop
  endfacet
  facet normal 0 0 1
    outer loop
      vertex 112.533 30.2022 3.00722
      vertex 105.967 30.2022 3.00722
      vertex 105.759 30.0913 3.00722
    endloop
  endfacet
  facet normal 0 0 1
    outer loop
      vertex 112.741 30.0913 3.00722
      vertex 105.759 30.0913 3.00722
      vertex 119 22.5 3.00722
    endloop
  endfacet
  facet normal -0 0 1
    outer loop
      vertex 105.534 30.0231 3.00722
      vertex 119 22.5 3.00722
      vertex 105.759 30.0913 3.00722
    endloop
  endfacet
  facet normal -0 0 1
    outer loop
      vertex 105.3 30 3.00722
      vertex 119 22.5 3.00722
      vertex 105.534 30.0231 3.00722
    endloop
  endfacet
  facet normal -0 0 1
    outer loop
      vertex 105.2 30 3.00722
      vertex 119 22.5 3.00722
      vertex 105.3 30 3.00722
    endloop
  endfacet
  facet normal 0 0 1
    outer loop
      vertex 104.966 30.0231 3.00722
      vertex 119 22.5 3.00722
      vertex 105.2 30 3.00722
    endloop
  endfacet
  facet normal 0 0 1
    outer loop
      vertex 97.5341 30.0231 3.00722
      vertex 104.966 30.0231 3.00722
      vertex 104.741 30.0913 3.00722
    endloop
  endfacet
  facet normal 0 0 1
    outer loop
      vertex 98.5 31.2 3.00722
      vertex 104 31.2 3.00722
      vertex 98.5 68.8 3.00722
    endloop
  endfacet
  facet normal 0 0 1
    outer loop
      vertex 104 31.2 3.00722
      vertex 98.5 31.2 3.00722
      vertex 104.023 30.9659 3.00722
    endloop
  endfacet
  facet normal 0 0 1
    outer loop
      vertex 98.4769 30.9659 3.00722
      vertex 104.023 30.9659 3.00722
      vertex 98.5 31.2 3.00722
    endloop
  endfacet
  facet normal 0 0 1
    outer loop
      vertex 104.023 30.9659 3.00722
      vertex 98.4769 30.9659 3.00722
      vertex 104.091 30.7408 3.00722
    endloop
  endfacet
  facet normal 0 0 1
    outer loop
      vertex 98.4087 30.7408 3.00722
      vertex 104.091 30.7408 3.00722
      vertex 98.4769 30.9659 3.00722
    endloop
  endfacet
  facet normal 0 0 1
    outer loop
      vertex 104.091 30.7408 3.00722
      vertex 98.4087 30.7408 3.00722
      vertex 104.202 30.5333 3.00722
    endloop
  endfacet
  facet normal 0 0 1
    outer loop
      vertex 98.2978 30.5333 3.00722
      vertex 104.202 30.5333 3.00722
      vertex 98.4087 30.7408 3.00722
    endloop
  endfacet
  facet normal 0 0 1
    outer loop
      vertex 104.202 30.5333 3.00722
      vertex 98.2978 30.5333 3.00722
      vertex 104.351 30.3515 3.00722
    endloop
  endfacet
  facet normal 0 0 1
    outer loop
      vertex 98.1485 30.3515 3.00722
      vertex 104.351 30.3515 3.00722
      vertex 98.2978 30.5333 3.00722
    endloop
  endfacet
  facet normal 0 0 1
    outer loop
      vertex 104.351 30.3515 3.00722
      vertex 98.1485 30.3515 3.00722
      vertex 104.533 30.2022 3.00722
    endloop
  endfacet
  facet normal 0 0 1
    outer loop
      vertex 97.9667 30.2022 3.00722
      vertex 104.533 30.2022 3.00722
      vertex 98.1485 30.3515 3.00722
    endloop
  endfacet
  facet normal 0 0 1
    outer loop
      vertex 104.533 30.2022 3.00722
      vertex 97.9667 30.2022 3.00722
      vertex 104.741 30.0913 3.00722
    endloop
  endfacet
  facet normal 0 0 1
    outer loop
      vertex 97.7592 30.0913 3.00722
      vertex 104.741 30.0913 3.00722
      vertex 97.9667 30.2022 3.00722
    endloop
  endfacet
  facet normal 0 0 1
    outer loop
      vertex 97.5341 30.0231 3.00722
      vertex 104.741 30.0913 3.00722
      vertex 97.7592 30.0913 3.00722
    endloop
  endfacet
  facet normal 0 0 1
    outer loop
      vertex 104.966 30.0231 3.00722
      vertex 97.5341 30.0231 3.00722
      vertex 119 22.5 3.00722
    endloop
  endfacet
  facet normal -0 0 1
    outer loop
      vertex 97.3 30 3.00722
      vertex 119 22.5 3.00722
      vertex 97.5341 30.0231 3.00722
    endloop
  endfacet
  facet normal -0 0 1
    outer loop
      vertex 97.2 30 3.00722
      vertex 119 22.5 3.00722
      vertex 97.3 30 3.00722
    endloop
  endfacet
  facet normal -0 0 1
    outer loop
      vertex 89.3 30 3.00722
      vertex 119 22.5 3.00722
      vertex 97.2 30 3.00722
    endloop
  endfacet
  facet normal 0 0 1
    outer loop
      vertex 89.3 30 3.00722
      vertex 97.2 30 3.00722
      vertex 96.9659 30.0231 3.00722
    endloop
  endfacet
  facet normal 0 0 1
    outer loop
      vertex 89.5341 30.0231 3.00722
      vertex 96.9659 30.0231 3.00722
      vertex 96.7408 30.0913 3.00722
    endloop
  endfacet
  facet normal 0 0 1
    outer loop
      vertex 96.0231 69.0341 3.00722
      vertex 90.5 68.8 3.00722
      vertex 96 68.8 3.00722
    endloop
  endfacet
  facet normal 0 0 1
    outer loop
      vertex 96 68.8 3.00722
      vertex 90.5 68.8 3.00722
      vertex 96 31.2 3.00722
    endloop
  endfacet
  facet normal 0 0 1
    outer loop
      vertex 90.5 31.2 3.00722
      vertex 96 31.2 3.00722
      vertex 90.5 68.8 3.00722
    endloop
  endfacet
  facet normal 0 0 1
    outer loop
      vertex 96 31.2 3.00722
      vertex 90.5 31.2 3.00722
      vertex 96.0231 30.9659 3.00722
    endloop
  endfacet
  facet normal 0 0 1
    outer loop
      vertex 90.4769 30.9659 3.00722
      vertex 96.0231 30.9659 3.00722
      vertex 90.5 31.2 3.00722
    endloop
  endfacet
  facet normal 0 0 1
    outer loop
      vertex 96.0231 30.9659 3.00722
      vertex 90.4769 30.9659 3.00722
      vertex 96.0913 30.7408 3.00722
    endloop
  endfacet
  facet normal 0 0 1
    outer loop
      vertex 90.4087 30.7408 3.00722
      vertex 96.0913 30.7408 3.00722
      vertex 90.4769 30.9659 3.00722
    endloop
  endfacet
  facet normal 0 0 1
    outer loop
      vertex 96.0913 30.7408 3.00722
      vertex 90.4087 30.7408 3.00722
      vertex 96.2022 30.5333 3.00722
    endloop
  endfacet
  facet normal 0 0 1
    outer loop
      vertex 90.2978 30.5333 3.00722
      vertex 96.2022 30.5333 3.00722
      vertex 90.4087 30.7408 3.00722
    endloop
  endfacet
  facet normal 0 0 1
    outer loop
      vertex 96.2022 30.5333 3.00722
      vertex 90.2978 30.5333 3.00722
      vertex 96.3515 30.3515 3.00722
    endloop
  endfacet
  facet normal 0 0 1
    outer loop
      vertex 90.1485 30.3515 3.00722
      vertex 96.3515 30.3515 3.00722
      vertex 90.2978 30.5333 3.00722
    endloop
  endfacet
  facet normal 0 0 1
    outer loop
      vertex 96.3515 30.3515 3.00722
      vertex 90.1485 30.3515 3.00722
      vertex 96.5333 30.2022 3.00722
    endloop
  endfacet
  facet normal 0 0 1
    outer loop
      vertex 89.9667 30.2022 3.00722
      vertex 96.5333 30.2022 3.00722
      vertex 90.1485 30.3515 3.00722
    endloop
  endfacet
  facet normal 0 0 1
    outer loop
      vertex 96.5333 30.2022 3.00722
      vertex 89.9667 30.2022 3.00722
      vertex 96.7408 30.0913 3.00722
    endloop
  endfacet
  facet normal 0 0 1
    outer loop
      vertex 89.7592 30.0913 3.00722
      vertex 96.7408 30.0913 3.00722
      vertex 89.9667 30.2022 3.00722
    endloop
  endfacet
  facet normal 0 0 1
    outer loop
      vertex 89.5341 30.0231 3.00722
      vertex 96.7408 30.0913 3.00722
      vertex 89.7592 30.0913 3.00722
    endloop
  endfacet
  facet normal 0 0 1
    outer loop
      vertex 96.9659 30.0231 3.00722
      vertex 89.5341 30.0231 3.00722
      vertex 89.3 30 3.00722
    endloop
  endfacet
  facet normal -0 0 1
    outer loop
      vertex 89.2 30 3.00722
      vertex 119 22.5 3.00722
      vertex 89.3 30 3.00722
    endloop
  endfacet
  facet normal -0 0 1
    outer loop
      vertex 81.3 30 3.00722
      vertex 119 22.5 3.00722
      vertex 89.2 30 3.00722
    endloop
  endfacet
  facet normal 0 0 1
    outer loop
      vertex 81.3 30 3.00722
      vertex 89.2 30 3.00722
      vertex 88.9659 30.0231 3.00722
    endloop
  endfacet
  facet normal 0 0 1
    outer loop
      vertex 82.5 31.2 3.00722
      vertex 88 31.2 3.00722
      vertex 82.5 68.8 3.00722
    endloop
  endfacet
  facet normal 0 0 1
    outer loop
      vertex 88 31.2 3.00722
      vertex 82.5 31.2 3.00722
      vertex 88.0231 30.9659 3.00722
    endloop
  endfacet
  facet normal 0 0 1
    outer loop
      vertex 82.4769 30.9659 3.00722
      vertex 88.0231 30.9659 3.00722
      vertex 82.5 31.2 3.00722
    endloop
  endfacet
  facet normal 0 0 1
    outer loop
      vertex 88.0231 30.9659 3.00722
      vertex 82.4769 30.9659 3.00722
      vertex 88.0913 30.7408 3.00722
    endloop
  endfacet
  facet normal 0 0 1
    outer loop
      vertex 82.4087 30.7408 3.00722
      vertex 88.0913 30.7408 3.00722
      vertex 82.4769 30.9659 3.00722
    endloop
  endfacet
  facet normal 0 0 1
    outer loop
      vertex 88.0913 30.7408 3.00722
      vertex 82.4087 30.7408 3.00722
      vertex 88.2022 30.5333 3.00722
    endloop
  endfacet
  facet normal 0 0 1
    outer loop
      vertex 82.2978 30.5333 3.00722
      vertex 88.2022 30.5333 3.00722
      vertex 82.4087 30.7408 3.00722
    endloop
  endfacet
  facet normal 0 0 1
    outer loop
      vertex 88.2022 30.5333 3.00722
      vertex 82.2978 30.5333 3.00722
      vertex 88.3515 30.3515 3.00722
    endloop
  endfacet
  facet normal 0 0 1
    outer loop
      vertex 82.1485 30.3515 3.00722
      vertex 88.3515 30.3515 3.00722
      vertex 82.2978 30.5333 3.00722
    endloop
  endfacet
  facet normal 0 0 1
    outer loop
      vertex 88.3515 30.3515 3.00722
      vertex 82.1485 30.3515 3.00722
      vertex 88.5333 30.2022 3.00722
    endloop
  endfacet
  facet normal 0 0 1
    outer loop
      vertex 81.9667 30.2022 3.00722
      vertex 88.5333 30.2022 3.00722
      vertex 82.1485 30.3515 3.00722
    endloop
  endfacet
  facet normal 0 0 1
    outer loop
      vertex 88.5333 30.2022 3.00722
      vertex 81.9667 30.2022 3.00722
      vertex 88.7408 30.0913 3.00722
    endloop
  endfacet
  facet normal 0 0 1
    outer loop
      vertex 81.7592 30.0913 3.00722
      vertex 88.7408 30.0913 3.00722
      vertex 81.9667 30.2022 3.00722
    endloop
  endfacet
  facet normal 0 0 1
    outer loop
      vertex 88.7408 30.0913 3.00722
      vertex 81.7592 30.0913 3.00722
      vertex 88.9659 30.0231 3.00722
    endloop
  endfacet
  facet normal 0 0 1
    outer loop
      vertex 81.5341 30.0231 3.00722
      vertex 88.9659 30.0231 3.00722
      vertex 81.7592 30.0913 3.00722
    endloop
  endfacet
  facet normal 0 0 1
    outer loop
      vertex 81.3 30 3.00722
      vertex 88.9659 30.0231 3.00722
      vertex 81.5341 30.0231 3.00722
    endloop
  endfacet
  facet normal 0 0 1
    outer loop
      vertex 119 22.5 3.00722
      vertex 81.3 30 3.00722
      vertex 125 19.5 3.00722
    endloop
  endfacet
  facet normal -0 0 1
    outer loop
      vertex 81.2 30 3.00722
      vertex 125 19.5 3.00722
      vertex 81.3 30 3.00722
    endloop
  endfacet
  facet normal 0 0 1
    outer loop
      vertex 73.3 30 3.00722
      vertex 81.2 30 3.00722
      vertex 80.9659 30.0231 3.00722
    endloop
  endfacet
  facet normal 0 0 1
    outer loop
      vertex 74.5 31.2 3.00722
      vertex 80 31.2 3.00722
      vertex 74.5 68.8 3.00722
    endloop
  endfacet
  facet normal 0 0 1
    outer loop
      vertex 80 31.2 3.00722
      vertex 74.5 31.2 3.00722
      vertex 80.0231 30.9659 3.00722
    endloop
  endfacet
  facet normal 0 0 1
    outer loop
      vertex 74.4769 30.9659 3.00722
      vertex 80.0231 30.9659 3.00722
      vertex 74.5 31.2 3.00722
    endloop
  endfacet
  facet normal 0 0 1
    outer loop
      vertex 80.0231 30.9659 3.00722
      vertex 74.4769 30.9659 3.00722
      vertex 80.0913 30.7408 3.00722
    endloop
  endfacet
  facet normal 0 0 1
    outer loop
      vertex 74.4087 30.7408 3.00722
      vertex 80.0913 30.7408 3.00722
      vertex 74.4769 30.9659 3.00722
    endloop
  endfacet
  facet normal 0 0 1
    outer loop
      vertex 80.0913 30.7408 3.00722
      vertex 74.4087 30.7408 3.00722
      vertex 80.2022 30.5333 3.00722
    endloop
  endfacet
  facet normal 0 0 1
    outer loop
      vertex 74.2978 30.5333 3.00722
      vertex 80.2022 30.5333 3.00722
      vertex 74.4087 30.7408 3.00722
    endloop
  endfacet
  facet normal 0 0 1
    outer loop
      vertex 80.2022 30.5333 3.00722
      vertex 74.2978 30.5333 3.00722
      vertex 80.3515 30.3515 3.00722
    endloop
  endfacet
  facet normal 0 0 1
    outer loop
      vertex 74.1485 30.3515 3.00722
      vertex 80.3515 30.3515 3.00722
      vertex 74.2978 30.5333 3.00722
    endloop
  endfacet
  facet normal 0 0 1
    outer loop
      vertex 80.3515 30.3515 3.00722
      vertex 74.1485 30.3515 3.00722
      vertex 80.5333 30.2022 3.00722
    endloop
  endfacet
  facet normal 0 0 1
    outer loop
      vertex 73.9667 30.2022 3.00722
      vertex 80.5333 30.2022 3.00722
      vertex 74.1485 30.3515 3.00722
    endloop
  endfacet
  facet normal 0 0 1
    outer loop
      vertex 80.5333 30.2022 3.00722
      vertex 73.9667 30.2022 3.00722
      vertex 80.7408 30.0913 3.00722
    endloop
  endfacet
  facet normal 0 0 1
    outer loop
      vertex 73.7592 30.0913 3.00722
      vertex 80.7408 30.0913 3.00722
      vertex 73.9667 30.2022 3.00722
    endloop
  endfacet
  facet normal 0 0 1
    outer loop
      vertex 80.7408 30.0913 3.00722
      vertex 73.7592 30.0913 3.00722
      vertex 80.9659 30.0231 3.00722
    endloop
  endfacet
  facet normal 0 0 1
    outer loop
      vertex 73.5341 30.0231 3.00722
      vertex 80.9659 30.0231 3.00722
      vertex 73.7592 30.0913 3.00722
    endloop
  endfacet
  facet normal 0 0 1
    outer loop
      vertex 73.3 30 3.00722
      vertex 80.9659 30.0231 3.00722
      vertex 73.5341 30.0231 3.00722
    endloop
  endfacet
  facet normal 0 0 1
    outer loop
      vertex 81.2 30 3.00722
      vertex 73.3 30 3.00722
      vertex 125 19.5 3.00722
    endloop
  endfacet
  facet normal -0 0 1
    outer loop
      vertex 73.2 30 3.00722
      vertex 125 19.5 3.00722
      vertex 73.3 30 3.00722
    endloop
  endfacet
  facet normal 0 0 1
    outer loop
      vertex 65.3 30 3.00722
      vertex 73.2 30 3.00722
      vertex 72.9659 30.0231 3.00722
    endloop
  endfacet
  facet normal 0 0 1
    outer loop
      vertex 66.5 31.2 3.00722
      vertex 72 31.2 3.00722
      vertex 66.5 68.8 3.00722
    endloop
  endfacet
  facet normal 0 0 1
    outer loop
      vertex 72 31.2 3.00722
      vertex 66.5 31.2 3.00722
      vertex 72.0231 30.9659 3.00722
    endloop
  endfacet
  facet normal 0 0 1
    outer loop
      vertex 66.4769 30.9659 3.00722
      vertex 72.0231 30.9659 3.00722
      vertex 66.5 31.2 3.00722
    endloop
  endfacet
  facet normal 0 0 1
    outer loop
      vertex 72.0231 30.9659 3.00722
      vertex 66.4769 30.9659 3.00722
      vertex 72.0913 30.7408 3.00722
    endloop
  endfacet
  facet normal 0 0 1
    outer loop
      vertex 66.4087 30.7408 3.00722
      vertex 72.0913 30.7408 3.00722
      vertex 66.4769 30.9659 3.00722
    endloop
  endfacet
  facet normal 0 0 1
    outer loop
      vertex 72.0913 30.7408 3.00722
      vertex 66.4087 30.7408 3.00722
      vertex 72.2022 30.5333 3.00722
    endloop
  endfacet
  facet normal 0 0 1
    outer loop
      vertex 66.2978 30.5333 3.00722
      vertex 72.2022 30.5333 3.00722
      vertex 66.4087 30.7408 3.00722
    endloop
  endfacet
  facet normal 0 0 1
    outer loop
      vertex 72.2022 30.5333 3.00722
      vertex 66.2978 30.5333 3.00722
      vertex 72.3515 30.3515 3.00722
    endloop
  endfacet
  facet normal 0 0 1
    outer loop
      vertex 66.1485 30.3515 3.00722
      vertex 72.3515 30.3515 3.00722
      vertex 66.2978 30.5333 3.00722
    endloop
  endfacet
  facet normal 0 0 1
    outer loop
      vertex 72.3515 30.3515 3.00722
      vertex 66.1485 30.3515 3.00722
      vertex 72.5333 30.2022 3.00722
    endloop
  endfacet
  facet normal 0 0 1
    outer loop
      vertex 65.9667 30.2022 3.00722
      vertex 72.5333 30.2022 3.00722
      vertex 66.1485 30.3515 3.00722
    endloop
  endfacet
  facet normal 0 0 1
    outer loop
      vertex 72.5333 30.2022 3.00722
      vertex 65.9667 30.2022 3.00722
      vertex 72.7408 30.0913 3.00722
    endloop
  endfacet
  facet normal 0 0 1
    outer loop
      vertex 65.7592 30.0913 3.00722
      vertex 72.7408 30.0913 3.00722
      vertex 65.9667 30.2022 3.00722
    endloop
  endfacet
  facet normal 0 0 1
    outer loop
      vertex 72.7408 30.0913 3.00722
      vertex 65.7592 30.0913 3.00722
      vertex 72.9659 30.0231 3.00722
    endloop
  endfacet
  facet normal 0 0 1
    outer loop
      vertex 65.5341 30.0231 3.00722
      vertex 72.9659 30.0231 3.00722
      vertex 65.7592 30.0913 3.00722
    endloop
  endfacet
  facet normal 0 0 1
    outer loop
      vertex 65.3 30 3.00722
      vertex 72.9659 30.0231 3.00722
      vertex 65.5341 30.0231 3.00722
    endloop
  endfacet
  facet normal 0 0 1
    outer loop
      vertex 73.2 30 3.00722
      vertex 65.3 30 3.00722
      vertex 30 22 3.00722
    endloop
  endfacet
  facet normal 0 0 1
    outer loop
      vertex 30 22 3.00722
      vertex 65.3 30 3.00722
      vertex 65.2 30 3.00722
    endloop
  endfacet
  facet normal 0 0 1
    outer loop
      vertex 57.3 30 3.00722
      vertex 65.2 30 3.00722
      vertex 64.9659 30.0231 3.00722
    endloop
  endfacet
  facet normal 0 0 1
    outer loop
      vertex 58.5 31.2 3.00722
      vertex 64 31.2 3.00722
      vertex 58.5 68.8 3.00722
    endloop
  endfacet
  facet normal 0 0 1
    outer loop
      vertex 64 31.2 3.00722
      vertex 58.5 31.2 3.00722
      vertex 64.0231 30.9659 3.00722
    endloop
  endfacet
  facet normal 0 0 1
    outer loop
      vertex 58.4769 30.9659 3.00722
      vertex 64.0231 30.9659 3.00722
      vertex 58.5 31.2 3.00722
    endloop
  endfacet
  facet normal 0 0 1
    outer loop
      vertex 64.0231 30.9659 3.00722
      vertex 58.4769 30.9659 3.00722
      vertex 64.0913 30.7408 3.00722
    endloop
  endfacet
  facet normal 0 0 1
    outer loop
      vertex 58.4087 30.7408 3.00722
      vertex 64.0913 30.7408 3.00722
      vertex 58.4769 30.9659 3.00722
    endloop
  endfacet
  facet normal 0 0 1
    outer loop
      vertex 64.0913 30.7408 3.00722
      vertex 58.4087 30.7408 3.00722
      vertex 64.2022 30.5333 3.00722
    endloop
  endfacet
  facet normal 0 0 1
    outer loop
      vertex 58.2978 30.5333 3.00722
      vertex 64.2022 30.5333 3.00722
      vertex 58.4087 30.7408 3.00722
    endloop
  endfacet
  facet normal 0 0 1
    outer loop
      vertex 64.2022 30.5333 3.00722
      vertex 58.2978 30.5333 3.00722
      vertex 64.3515 30.3515 3.00722
    endloop
  endfacet
  facet normal 0 0 1
    outer loop
      vertex 58.1485 30.3515 3.00722
      vertex 64.3515 30.3515 3.00722
      vertex 58.2978 30.5333 3.00722
    endloop
  endfacet
  facet normal 0 0 1
    outer loop
      vertex 64.3515 30.3515 3.00722
      vertex 58.1485 30.3515 3.00722
      vertex 64.5333 30.2022 3.00722
    endloop
  endfacet
  facet normal 0 0 1
    outer loop
      vertex 57.9667 30.2022 3.00722
      vertex 64.5333 30.2022 3.00722
      vertex 58.1485 30.3515 3.00722
    endloop
  endfacet
  facet normal 0 0 1
    outer loop
      vertex 64.5333 30.2022 3.00722
      vertex 57.9667 30.2022 3.00722
      vertex 64.7408 30.0913 3.00722
    endloop
  endfacet
  facet normal 0 0 1
    outer loop
      vertex 57.7592 30.0913 3.00722
      vertex 64.7408 30.0913 3.00722
      vertex 57.9667 30.2022 3.00722
    endloop
  endfacet
  facet normal 0 0 1
    outer loop
      vertex 64.7408 30.0913 3.00722
      vertex 57.7592 30.0913 3.00722
      vertex 64.9659 30.0231 3.00722
    endloop
  endfacet
  facet normal 0 0 1
    outer loop
      vertex 57.5341 30.0231 3.00722
      vertex 64.9659 30.0231 3.00722
      vertex 57.7592 30.0913 3.00722
    endloop
  endfacet
  facet normal 0 0 1
    outer loop
      vertex 57.3 30 3.00722
      vertex 64.9659 30.0231 3.00722
      vertex 57.5341 30.0231 3.00722
    endloop
  endfacet
  facet normal 0 0 1
    outer loop
      vertex 65.2 30 3.00722
      vertex 57.3 30 3.00722
      vertex 30 22 3.00722
    endloop
  endfacet
  facet normal 0 0 1
    outer loop
      vertex 30 22 3.00722
      vertex 57.3 30 3.00722
      vertex 57.2 30 3.00722
    endloop
  endfacet
  facet normal 0 0 1
    outer loop
      vertex 30 22 3.00722
      vertex 57.2 30 3.00722
      vertex 56.9659 30.0231 3.00722
    endloop
  endfacet
  facet normal 0 0 1
    outer loop
      vertex 50.5 31.2 3.00722
      vertex 56 31.2 3.00722
      vertex 50.5 68.8 3.00722
    endloop
  endfacet
  facet normal 0 0 1
    outer loop
      vertex 56 31.2 3.00722
      vertex 50.5 31.2 3.00722
      vertex 56.0231 30.9659 3.00722
    endloop
  endfacet
  facet normal 0 0 1
    outer loop
      vertex 50.4769 30.9659 3.00722
      vertex 56.0231 30.9659 3.00722
      vertex 50.5 31.2 3.00722
    endloop
  endfacet
  facet normal 0 0 1
    outer loop
      vertex 56.0231 30.9659 3.00722
      vertex 50.4769 30.9659 3.00722
      vertex 56.0913 30.7408 3.00722
    endloop
  endfacet
  facet normal 0 0 1
    outer loop
      vertex 50.4087 30.7408 3.00722
      vertex 56.0913 30.7408 3.00722
      vertex 50.4769 30.9659 3.00722
    endloop
  endfacet
  facet normal 0 0 1
    outer loop
      vertex 56.0913 30.7408 3.00722
      vertex 50.4087 30.7408 3.00722
      vertex 56.2022 30.5333 3.00722
    endloop
  endfacet
  facet normal 0 0 1
    outer loop
      vertex 50.2978 30.5333 3.00722
      vertex 56.2022 30.5333 3.00722
      vertex 50.4087 30.7408 3.00722
    endloop
  endfacet
  facet normal 0 0 1
    outer loop
      vertex 56.2022 30.5333 3.00722
      vertex 50.2978 30.5333 3.00722
      vertex 56.3515 30.3515 3.00722
    endloop
  endfacet
  facet normal 0 0 1
    outer loop
      vertex 50.1485 30.3515 3.00722
      vertex 56.3515 30.3515 3.00722
      vertex 50.2978 30.5333 3.00722
    endloop
  endfacet
  facet normal 0 0 1
    outer loop
      vertex 56.3515 30.3515 3.00722
      vertex 50.1485 30.3515 3.00722
      vertex 56.5333 30.2022 3.00722
    endloop
  endfacet
  facet normal 0 0 1
    outer loop
      vertex 49.9667 30.2022 3.00722
      vertex 56.5333 30.2022 3.00722
      vertex 50.1485 30.3515 3.00722
    endloop
  endfacet
  facet normal 0 0 1
    outer loop
      vertex 56.5333 30.2022 3.00722
      vertex 49.9667 30.2022 3.00722
      vertex 56.7408 30.0913 3.00722
    endloop
  endfacet
  facet normal 0 0 1
    outer loop
      vertex 49.7592 30.0913 3.00722
      vertex 56.7408 30.0913 3.00722
      vertex 49.9667 30.2022 3.00722
    endloop
  endfacet
  facet normal 0 0 1
    outer loop
      vertex 56.7408 30.0913 3.00722
      vertex 49.7592 30.0913 3.00722
      vertex 56.9659 30.0231 3.00722
    endloop
  endfacet
  facet normal 0 0 1
    outer loop
      vertex 49.5341 30.0231 3.00722
      vertex 56.9659 30.0231 3.00722
      vertex 49.7592 30.0913 3.00722
    endloop
  endfacet
  facet normal 0 0 1
    outer loop
      vertex 30 22 3.00722
      vertex 56.9659 30.0231 3.00722
      vertex 49.5341 30.0231 3.00722
    endloop
  endfacet
  facet normal 0 0 1
    outer loop
      vertex 30 22 3.00722
      vertex 49.5341 30.0231 3.00722
      vertex 49.3 30 3.00722
    endloop
  endfacet
  facet normal 0 0 1
    outer loop
      vertex 30 22 3.00722
      vertex 49.3 30 3.00722
      vertex 49.2 30 3.00722
    endloop
  endfacet
  facet normal 0 0 1
    outer loop
      vertex 30 22 3.00722
      vertex 49.2 30 3.00722
      vertex 48.9659 30.0231 3.00722
    endloop
  endfacet
  facet normal 0 0 1
    outer loop
      vertex 42.5 31.2 3.00722
      vertex 48 31.2 3.00722
      vertex 42.5 68.8 3.00722
    endloop
  endfacet
  facet normal 0 0 1
    outer loop
      vertex 48 31.2 3.00722
      vertex 42.5 31.2 3.00722
      vertex 48.0231 30.9659 3.00722
    endloop
  endfacet
  facet normal 0 0 1
    outer loop
      vertex 42.4769 30.9659 3.00722
      vertex 48.0231 30.9659 3.00722
      vertex 42.5 31.2 3.00722
    endloop
  endfacet
  facet normal 0 0 1
    outer loop
      vertex 48.0231 30.9659 3.00722
      vertex 42.4769 30.9659 3.00722
      vertex 48.0913 30.7408 3.00722
    endloop
  endfacet
  facet normal 0 0 1
    outer loop
      vertex 42.4087 30.7408 3.00722
      vertex 48.0913 30.7408 3.00722
      vertex 42.4769 30.9659 3.00722
    endloop
  endfacet
  facet normal 0 0 1
    outer loop
      vertex 48.0913 30.7408 3.00722
      vertex 42.4087 30.7408 3.00722
      vertex 48.2022 30.5333 3.00722
    endloop
  endfacet
  facet normal 0 0 1
    outer loop
      vertex 42.2978 30.5333 3.00722
      vertex 48.2022 30.5333 3.00722
      vertex 42.4087 30.7408 3.00722
    endloop
  endfacet
  facet normal 0 0 1
    outer loop
      vertex 48.2022 30.5333 3.00722
      vertex 42.2978 30.5333 3.00722
      vertex 48.3515 30.3515 3.00722
    endloop
  endfacet
  facet normal 0 0 1
    outer loop
      vertex 42.1485 30.3515 3.00722
      vertex 48.3515 30.3515 3.00722
      vertex 42.2978 30.5333 3.00722
    endloop
  endfacet
  facet normal 0 0 1
    outer loop
      vertex 48.3515 30.3515 3.00722
      vertex 42.1485 30.3515 3.00722
      vertex 48.5333 30.2022 3.00722
    endloop
  endfacet
  facet normal 0 0 1
    outer loop
      vertex 41.9667 30.2022 3.00722
      vertex 48.5333 30.2022 3.00722
      vertex 42.1485 30.3515 3.00722
    endloop
  endfacet
  facet normal 0 0 1
    outer loop
      vertex 48.5333 30.2022 3.00722
      vertex 41.9667 30.2022 3.00722
      vertex 48.7408 30.0913 3.00722
    endloop
  endfacet
  facet normal 0 0 1
    outer loop
      vertex 41.7592 30.0913 3.00722
      vertex 48.7408 30.0913 3.00722
      vertex 41.9667 30.2022 3.00722
    endloop
  endfacet
  facet normal 0 0 1
    outer loop
      vertex 48.7408 30.0913 3.00722
      vertex 41.7592 30.0913 3.00722
      vertex 48.9659 30.0231 3.00722
    endloop
  endfacet
  facet normal 0 0 1
    outer loop
      vertex 41.5341 30.0231 3.00722
      vertex 48.9659 30.0231 3.00722
      vertex 41.7592 30.0913 3.00722
    endloop
  endfacet
  facet normal 0 0 1
    outer loop
      vertex 48.9659 30.0231 3.00722
      vertex 41.5341 30.0231 3.00722
      vertex 30 22 3.00722
    endloop
  endfacet
  facet normal 0 0 1
    outer loop
      vertex 30 22 3.00722
      vertex 41.5341 30.0231 3.00722
      vertex 41.3 30 3.00722
    endloop
  endfacet
  facet normal 0 0 1
    outer loop
      vertex 30 22 3.00722
      vertex 41.3 30 3.00722
      vertex 41.2 30 3.00722
    endloop
  endfacet
  facet normal 0 0 1
    outer loop
      vertex 30 22 3.00722
      vertex 41.2 30 3.00722
      vertex 40.9659 30.0231 3.00722
    endloop
  endfacet
  facet normal 0 0 1
    outer loop
      vertex 30 22 3.00722
      vertex 40 31.2 3.00722
      vertex 30 40 3.00722
    endloop
  endfacet
  facet normal 0 0 1
    outer loop
      vertex 40 31.2 3.00722
      vertex 30 22 3.00722
      vertex 40.0231 30.9659 3.00722
    endloop
  endfacet
  facet normal 0 0 1
    outer loop
      vertex 40.0231 30.9659 3.00722
      vertex 30 22 3.00722
      vertex 40.0913 30.7408 3.00722
    endloop
  endfacet
  facet normal 0 0 1
    outer loop
      vertex 40.0913 30.7408 3.00722
      vertex 30 22 3.00722
      vertex 40.2022 30.5333 3.00722
    endloop
  endfacet
  facet normal 0 0 1
    outer loop
      vertex 40.2022 30.5333 3.00722
      vertex 30 22 3.00722
      vertex 40.3515 30.3515 3.00722
    endloop
  endfacet
  facet normal 0 0 1
    outer loop
      vertex 30 22 3.00722
      vertex 40.5333 30.2022 3.00722
      vertex 40.3515 30.3515 3.00722
    endloop
  endfacet
  facet normal 0 0 1
    outer loop
      vertex 30 22 3.00722
      vertex 40.7408 30.0913 3.00722
      vertex 40.5333 30.2022 3.00722
    endloop
  endfacet
  facet normal 0 0 1
    outer loop
      vertex 30 22 3.00722
      vertex 40.9659 30.0231 3.00722
      vertex 40.7408 30.0913 3.00722
    endloop
  endfacet
  facet normal 0 0 1
    outer loop
      vertex 73.2 30 3.00722
      vertex 30 22 3.00722
      vertex 125 19.5 3.00722
    endloop
  endfacet
  facet normal 0 0 1
    outer loop
      vertex 4.35297 19.5 3.00722
      vertex 30 22 3.00722
      vertex 20 22 3.00722
    endloop
  endfacet
  facet normal 0 0 1
    outer loop
      vertex 4.35297 236.8 3.00722
      vertex 4.5 236.947 3.00722
      vertex 4.47132 236.944 3.00722
    endloop
  endfacet
  facet normal 0 0 1
    outer loop
      vertex 4.35297 236.8 3.00722
      vertex 4.47132 236.944 3.00722
      vertex 4.44374 236.936 3.00722
    endloop
  endfacet
  facet normal 0 0 1
    outer loop
      vertex 4.35297 236.8 3.00722
      vertex 4.44374 236.936 3.00722
      vertex 4.41832 236.922 3.00722
    endloop
  endfacet
  facet normal 0 0 1
    outer loop
      vertex 4.35297 236.8 3.00722
      vertex 4.41832 236.922 3.00722
      vertex 4.39604 236.904 3.00722
    endloop
  endfacet
  facet normal 0 0 1
    outer loop
      vertex 4.35297 236.8 3.00722
      vertex 4.39604 236.904 3.00722
      vertex 4.37775 236.882 3.00722
    endloop
  endfacet
  facet normal 0 0 1
    outer loop
      vertex 4.35297 236.8 3.00722
      vertex 4.37775 236.882 3.00722
      vertex 4.36417 236.856 3.00722
    endloop
  endfacet
  facet normal 0 0 1
    outer loop
      vertex 4.35297 236.8 3.00722
      vertex 4.36417 236.856 3.00722
      vertex 4.3558 236.829 3.00722
    endloop
  endfacet
  facet normal 0 0 1
    outer loop
      vertex 4.35297 19.5 3.00722
      vertex 20 40 3.00722
      vertex 4.35297 236.8 3.00722
    endloop
  endfacet
  facet normal 0 0 1
    outer loop
      vertex 30 22 3.00722
      vertex 4.35297 19.5 3.00722
      vertex 125 19.5 3.00722
    endloop
  endfacet
  facet normal 0 0 1
    outer loop
      vertex 20 40 3.00722
      vertex 4.35297 19.5 3.00722
      vertex 20 22 3.00722
    endloop
  endfacet
  facet normal 0.057435 -0.187652 0.980555
    outer loop
      vertex 4.44374 236.936 3.00722
      vertex 4.41505 237.227 3.06459
      vertex 4.33337 237.202 3.06459
    endloop
  endfacet
  facet normal 0 -0.382289 0.924043
    outer loop
      vertex 4.5 237.507 3.17712
      vertex 125 237.235 3.06459
      vertex 125 237.507 3.17712
    endloop
  endfacet
  facet normal 0 -0.382289 0.924043
    outer loop
      vertex 125 237.235 3.06459
      vertex 4.5 237.507 3.17712
      vertex 4.5 237.235 3.06459
    endloop
  endfacet
  facet normal 0.164505 -0.532193 0.830487
    outer loop
      vertex 4.22941 237.453 3.17712
      vertex 4.36205 237.494 3.17712
      vertex 4.13584 237.679 3.34048
    endloop
  endfacet
  facet normal 0.113429 -0.366958 0.923296
    outer loop
      vertex 4.33337 237.202 3.06459
      vertex 4.36205 237.494 3.17712
      vertex 4.22941 237.453 3.17712
    endloop
  endfacet
  facet normal 0.705522 -0.0693384 0.705288
    outer loop
      vertex 3.54841 236.8 3.34048
      vertex 3.56669 236.986 3.34048
      vertex 3.36276 237.026 3.54841
    endloop
  endfacet
  facet normal 0.678429 -0.206387 0.705081
    outer loop
      vertex 3.56669 236.986 3.34048
      vertex 3.62084 237.164 3.34048
      vertex 3.36276 237.026 3.54841
    endloop
  endfacet
  facet normal 0.491838 -0.262135 0.83029
    outer loop
      vertex 3.91207 237.193 3.17712
      vertex 3.70878 237.329 3.34048
      vertex 3.62084 237.164 3.34048
    endloop
  endfacet
  facet normal 0.448769 -0.548411 0.705586
    outer loop
      vertex 3.97132 237.591 3.34048
      vertex 3.85581 237.764 3.54841
      vertex 3.82712 237.473 3.34048
    endloop
  endfacet
  facet normal 0.334234 -0.624866 0.70557
    outer loop
      vertex 3.97132 237.591 3.34048
      vertex 4.13584 237.679 3.34048
      vertex 3.85581 237.764 3.54841
    endloop
  endfacet
  facet normal 0.430537 -0.353818 0.830332
    outer loop
      vertex 3.91207 237.193 3.17712
      vertex 3.82712 237.473 3.34048
      vertex 3.70878 237.329 3.34048
    endloop
  endfacet
  facet normal 0.625931 -0.333602 0.704926
    outer loop
      vertex 3.62084 237.164 3.34048
      vertex 3.70878 237.329 3.34048
      vertex 3.5359 237.444 3.54841
    endloop
  endfacet
  facet normal 0.938638 -0.285011 0.194237
    outer loop
      vertex 3.17385 237.349 4.06457
      vertex 3.12085 237.371 4.35297
      vertex 3.09217 237.08 4.06457
    endloop
  endfacet
  facet normal 0.620922 -0.759236 0.19498
    outer loop
      vertex 3.70253 237.993 4.06457
      vertex 3.67066 238.041 4.35297
      vertex 3.44445 237.856 4.35297
    endloop
  endfacet
  facet normal 0.449335 -0.548282 0.705327
    outer loop
      vertex 3.82712 237.473 3.34048
      vertex 3.85581 237.764 3.54841
      vertex 3.6801 237.62 3.54841
    endloop
  endfacet
  facet normal 0.548339 -0.449264 0.705327
    outer loop
      vertex 3.82712 237.473 3.34048
      vertex 3.6801 237.62 3.54841
      vertex 3.5359 237.444 3.54841
    endloop
  endfacet
  facet normal 0.391828 -0.734516 0.554037
    outer loop
      vertex 3.85581 237.764 3.54841
      vertex 3.99375 238.022 3.7929
      vertex 3.76505 237.9 3.7929
    endloop
  endfacet
  facet normal 0.435433 -0.816258 0.379634
    outer loop
      vertex 3.76505 237.9 3.7929
      vertex 3.99375 238.022 3.7929
      vertex 3.70253 237.993 4.06457
    endloop
  endfacet
  facet normal 0.920077 -0.0906276 0.38111
    outer loop
      vertex 3.17712 236.8 3.7929
      vertex 3.09217 237.08 4.06457
      vertex 3.06459 236.8 4.06457
    endloop
  endfacet
  facet normal 0.976238 -0.0961594 0.194198
    outer loop
      vertex 3.06459 236.8 4.06457
      vertex 3.09217 237.08 4.06457
      vertex 3.00722 236.8 4.35297
    endloop
  endfacet
  facet normal 0.758841 -0.621379 0.195059
    outer loop
      vertex 3.48501 237.815 4.06457
      vertex 3.44445 237.856 4.35297
      vertex 3.3065 237.597 4.06457
    endloop
  endfacet
  facet normal 0.62111 -0.759011 0.195255
    outer loop
      vertex 3.48501 237.815 4.06457
      vertex 3.70253 237.993 4.06457
      vertex 3.44445 237.856 4.35297
    endloop
  endfacet
  facet normal 0.12325 -0.152556 0.980579
    outer loop
      vertex 4.39604 236.904 3.00722
      vertex 4.41832 236.922 3.00722
      vertex 4.19211 237.108 3.06459
    endloop
  endfacet
  facet normal 0.0545207 -0.18796 0.980662
    outer loop
      vertex 4.44374 236.936 3.00722
      vertex 4.47132 236.944 3.00722
      vertex 4.41505 237.227 3.06459
    endloop
  endfacet
  facet normal 0.0183765 -0.195135 0.980604
    outer loop
      vertex 4.47132 236.944 3.00722
      vertex 4.5 237.235 3.06459
      vertex 4.41505 237.227 3.06459
    endloop
  endfacet
  facet normal 0.828678 -0.0816473 0.553738
    outer loop
      vertex 3.36276 237.026 3.54841
      vertex 3.20254 237.058 3.7929
      vertex 3.17712 236.8 3.7929
    endloop
  endfacet
  facet normal 0.884658 -0.26862 0.381082
    outer loop
      vertex 3.27782 237.306 3.7929
      vertex 3.17385 237.349 4.06457
      vertex 3.09217 237.08 4.06457
    endloop
  endfacet
  facet normal 0.554694 -0.0545151 0.830267
    outer loop
      vertex 3.80649 236.938 3.17712
      vertex 3.56669 236.986 3.34048
      vertex 3.54841 236.8 3.34048
    endloop
  endfacet
  facet normal 0.187532 -0.0566712 0.980622
    outer loop
      vertex 4.36417 236.856 3.00722
      vertex 4.09772 236.967 3.06459
      vertex 4.07294 236.885 3.06459
    endloop
  endfacet
  facet normal 0.240983 -0.797398 0.553249
    outer loop
      vertex 4.27379 237.937 3.54841
      vertex 4.24192 238.097 3.7929
      vertex 3.99375 238.022 3.7929
    endloop
  endfacet
  facet normal 0.436718 -0.814857 0.381162
    outer loop
      vertex 3.99375 238.022 3.7929
      vertex 3.95069 238.126 4.06457
      vertex 3.70253 237.993 4.06457
    endloop
  endfacet
  facet normal 0.285772 -0.938413 0.194205
    outer loop
      vertex 3.95069 238.126 4.06457
      vertex 4.21996 238.208 4.06457
      vertex 3.92874 238.179 4.35297
    endloop
  endfacet
  facet normal 0.0716983 -0.705168 0.705406
    outer loop
      vertex 4.5 237.752 3.34048
      vertex 4.5 237.96 3.54841
      vertex 4.27379 237.937 3.54841
    endloop
  endfacet
  facet normal 0.759305 -0.620991 0.194489
    outer loop
      vertex 3.3065 237.597 4.06457
      vertex 3.44445 237.856 4.35297
      vertex 3.2588 237.629 4.35297
    endloop
  endfacet
  facet normal 0.884654 -0.268535 0.38115
    outer loop
      vertex 3.20254 237.058 3.7929
      vertex 3.27782 237.306 3.7929
      vertex 3.09217 237.08 4.06457
    endloop
  endfacet
  facet normal 0.180286 -0.339299 0.92324
    outer loop
      vertex 4.25809 237.162 3.06459
      vertex 4.33337 237.202 3.06459
      vertex 4.10716 237.388 3.17712
    endloop
  endfacet
  facet normal 0.0920726 -0.173281 0.980559
    outer loop
      vertex 4.44374 236.936 3.00722
      vertex 4.33337 237.202 3.06459
      vertex 4.25809 237.162 3.06459
    endloop
  endfacet
  facet normal 0.0204312 -0.195322 0.980526
    outer loop
      vertex 4.5 236.947 3.00722
      vertex 4.5 237.235 3.06459
      vertex 4.47132 236.944 3.00722
    endloop
  endfacet
  facet normal 0.828695 -0.0816961 0.553706
    outer loop
      vertex 3.34048 236.8 3.54841
      vertex 3.36276 237.026 3.54841
      vertex 3.17712 236.8 3.7929
    endloop
  endfacet
  facet normal 0.338522 -0.181629 0.923263
    outer loop
      vertex 4.09772 236.967 3.06459
      vertex 4.13796 237.042 3.06459
      vertex 3.91207 237.193 3.17712
    endloop
  endfacet
  facet normal 0.491765 -0.263377 0.829939
    outer loop
      vertex 3.84673 237.071 3.17712
      vertex 3.91207 237.193 3.17712
      vertex 3.62084 237.164 3.34048
    endloop
  endfacet
  facet normal 0.195067 -0.0190358 0.980605
    outer loop
      vertex 4.35297 236.8 3.00722
      vertex 4.3558 236.829 3.00722
      vertex 4.06457 236.8 3.06459
    endloop
  endfacet
  facet normal 0.382415 -0.0376566 0.923223
    outer loop
      vertex 4.06457 236.8 3.06459
      vertex 4.07294 236.885 3.06459
      vertex 3.80649 236.938 3.17712
    endloop
  endfacet
  facet normal 0.554734 -0.0546292 0.830233
    outer loop
      vertex 3.7929 236.8 3.17712
      vertex 3.80649 236.938 3.17712
      vertex 3.54841 236.8 3.34048
    endloop
  endfacet
  facet normal 0.150615 -0.125215 0.980631
    outer loop
      vertex 4.37775 236.882 3.00722
      vertex 4.39604 236.904 3.00722
      vertex 4.19211 237.108 3.06459
    endloop
  endfacet
  facet normal 0.0941028 -0.976021 0.196287
    outer loop
      vertex 4.5 238.235 4.06457
      vertex 4.5 238.293 4.35297
      vertex 4.21996 238.208 4.06457
    endloop
  endfacet
  facet normal 0.083497 -0.828805 0.553273
    outer loop
      vertex 4.27379 237.937 3.54841
      vertex 4.5 238.123 3.7929
      vertex 4.24192 238.097 3.7929
    endloop
  endfacet
  facet normal 0.714318 -0.587598 0.380103
    outer loop
      vertex 3.40006 237.535 3.7929
      vertex 3.56458 237.735 3.7929
      vertex 3.3065 237.597 4.06457
    endloop
  endfacet
  facet normal 0.734358 -0.393432 0.553108
    outer loop
      vertex 3.42875 237.244 3.54841
      vertex 3.5359 237.444 3.54841
      vertex 3.27782 237.306 3.7929
    endloop
  endfacet
  facet normal 0.815873 -0.435512 0.380369
    outer loop
      vertex 3.40006 237.535 3.7929
      vertex 3.3065 237.597 4.06457
      vertex 3.27782 237.306 3.7929
    endloop
  endfacet
  facet normal 0.815267 -0.436069 0.381029
    outer loop
      vertex 3.27782 237.306 3.7929
      vertex 3.3065 237.597 4.06457
      vertex 3.17385 237.349 4.06457
    endloop
  endfacet
  facet normal 0.124061 -0.151585 0.980628
    outer loop
      vertex 4.41832 236.922 3.00722
      vertex 4.25809 237.162 3.06459
      vertex 4.19211 237.108 3.06459
    endloop
  endfacet
  facet normal 0.0943974 -0.171399 0.980669
    outer loop
      vertex 4.41832 236.922 3.00722
      vertex 4.44374 236.936 3.00722
      vertex 4.25809 237.162 3.06459
    endloop
  endfacet
  facet normal 0.338746 -0.181424 0.923221
    outer loop
      vertex 4.09772 236.967 3.06459
      vertex 3.91207 237.193 3.17712
      vertex 3.84673 237.071 3.17712
    endloop
  endfacet
  facet normal 0.367809 -0.111283 0.923219
    outer loop
      vertex 4.09772 236.967 3.06459
      vertex 3.84673 237.071 3.17712
      vertex 3.80649 236.938 3.17712
    endloop
  endfacet
  facet normal 0.195083 -0.0192099 0.980599
    outer loop
      vertex 4.3558 236.829 3.00722
      vertex 4.07294 236.885 3.06459
      vertex 4.06457 236.8 3.06459
    endloop
  endfacet
  facet normal 0.18738 -0.0580878 0.980568
    outer loop
      vertex 4.3558 236.829 3.00722
      vertex 4.36417 236.856 3.00722
      vertex 4.07294 236.885 3.06459
    endloop
  endfacet
  facet normal 0.0887849 -0.920864 0.37964
    outer loop
      vertex 4.5 238.123 3.7929
      vertex 4.5 238.235 4.06457
      vertex 4.21996 238.208 4.06457
    endloop
  endfacet
  facet normal 0 -0.924515 0.381145
    outer loop
      vertex 4.5 238.123 3.7929
      vertex 125 238.235 4.06457
      vertex 4.5 238.235 4.06457
    endloop
  endfacet
  facet normal 0 -0.924515 0.381145
    outer loop
      vertex 125 238.235 4.06457
      vertex 4.5 238.123 3.7929
      vertex 125 238.123 3.7929
    endloop
  endfacet
  facet normal 0.585264 -0.715206 0.382029
    outer loop
      vertex 3.56458 237.735 3.7929
      vertex 3.70253 237.993 4.06457
      vertex 3.48501 237.815 4.06457
    endloop
  endfacet
  facet normal 0.71507 -0.585537 0.381865
    outer loop
      vertex 3.56458 237.735 3.7929
      vertex 3.48501 237.815 4.06457
      vertex 3.3065 237.597 4.06457
    endloop
  endfacet
  facet normal 0.642913 -0.52886 0.554049
    outer loop
      vertex 3.5359 237.444 3.54841
      vertex 3.56458 237.735 3.7929
      vertex 3.40006 237.535 3.7929
    endloop
  endfacet
  facet normal 0.734443 -0.392045 0.553981
    outer loop
      vertex 3.5359 237.444 3.54841
      vertex 3.40006 237.535 3.7929
      vertex 3.27782 237.306 3.7929
    endloop
  endfacet
  facet normal 0.267242 -0.884287 0.382908
    outer loop
      vertex 4.24192 238.097 3.7929
      vertex 4.21996 238.208 4.06457
      vertex 3.99375 238.022 3.7929
    endloop
  endfacet
  facet normal 0.0925929 -0.919092 0.383011
    outer loop
      vertex 4.24192 238.097 3.7929
      vertex 4.5 238.123 3.7929
      vertex 4.21996 238.208 4.06457
    endloop
  endfacet
  facet normal 0 -0.980371 0.197162
    outer loop
      vertex 4.5 238.235 4.06457
      vertex 125 238.293 4.35297
      vertex 4.5 238.293 4.35297
    endloop
  endfacet
  facet normal 0 -0.980371 0.197162
    outer loop
      vertex 125 238.293 4.35297
      vertex 4.5 238.235 4.06457
      vertex 125 238.235 4.06457
    endloop
  endfacet
  facet normal 0 -0.0871546 -0.996195
    outer loop
      vertex 0.0216684 -4 64.0925
      vertex 1.5 9.63051 62.9
      vertex 1.5 -4 64.0925
    endloop
  endfacet
  facet normal -0 -0.0871546 -0.996195
    outer loop
      vertex 1.5 9.63051 62.9
      vertex 0.0216684 -4 64.0925
      vertex 0.0216684 9.63051 62.9
    endloop
  endfacet
  facet normal 0 -0.0871546 -0.996195
    outer loop
      vertex 3 -4 64.0925
      vertex 3.00722 9.63051 62.9
      vertex 3.00722 -4 64.0925
    endloop
  endfacet
  facet normal -0 -0.0871546 -0.996195
    outer loop
      vertex 3.00722 9.63051 62.9
      vertex 3 -4 64.0925
      vertex 3 9.63051 62.9
    endloop
  endfacet
  facet normal 0 -0.881898 -0.471441
    outer loop
      vertex 0.0216684 19.1575 60.1221
      vertex 1.5 18.7416 60.9001
      vertex 0.0216684 18.7416 60.9001
    endloop
  endfacet
  facet normal 0 -0.881898 -0.471441
    outer loop
      vertex 1.5 18.7416 60.9001
      vertex 0.0216684 19.1575 60.1221
      vertex 1.5 19.1575 60.1221
    endloop
  endfacet
  facet normal 0 -0.881898 -0.471441
    outer loop
      vertex 3 19.1575 60.1221
      vertex 3.00722 18.7416 60.9001
      vertex 3 18.7416 60.9001
    endloop
  endfacet
  facet normal 0 -0.881898 -0.471441
    outer loop
      vertex 3.00722 18.7416 60.9001
      vertex 3 19.1575 60.1221
      vertex 3.00722 19.1575 60.1221
    endloop
  endfacet
  facet normal 0 -0.0980558 -0.995181
    outer loop
      vertex 0.0216684 15 62.9
      vertex 1.5 15.8779 62.8135
      vertex 1.5 15 62.9
    endloop
  endfacet
  facet normal -0 -0.0980558 -0.995181
    outer loop
      vertex 1.5 15.8779 62.8135
      vertex 0.0216684 15 62.9
      vertex 0.0216684 15.8779 62.8135
    endloop
  endfacet
  facet normal 0 -0.0980558 -0.995181
    outer loop
      vertex 3 15 62.9
      vertex 3.00722 15.8779 62.8135
      vertex 3.00722 15 62.9
    endloop
  endfacet
  facet normal -0 -0.0980558 -0.995181
    outer loop
      vertex 3.00722 15.8779 62.8135
      vertex 3 15 62.9
      vertex 3 15.8779 62.8135
    endloop
  endfacet
  facet normal 0 -1 0
    outer loop
      vertex 0.0216684 19.5 4.05892
      vertex 1.5 19.5 58.4
      vertex 0.0216684 19.5 58.4
    endloop
  endfacet
  facet normal 0 -1 0
    outer loop
      vertex 1.5 19.5 1.5
      vertex 0.0216684 19.5 4.05892
      vertex 0.193768 19.5 3.19372
    endloop
  endfacet
  facet normal 0 -1 0
    outer loop
      vertex 1.5 19.5 1.5
      vertex 0.193768 19.5 3.19372
      vertex 0.531354 19.5 2.37871
    endloop
  endfacet
  facet normal 0 -1 0
    outer loop
      vertex 1.5 19.5 1.5
      vertex 0.531354 19.5 2.37871
      vertex 1.02145 19.5 1.64523
    endloop
  endfacet
  facet normal 0 -1 0
    outer loop
      vertex 0.0216684 19.5 4.05892
      vertex 1.5 19.5 1.5
      vertex 1.5 19.5 58.4
    endloop
  endfacet
  facet normal 0 -1 0
    outer loop
      vertex 1.64523 19.5 1.02145
      vertex 1.5 19.5 1.5
      vertex 1.02145 19.5 1.64523
    endloop
  endfacet
  facet normal 0 -1 0
    outer loop
      vertex 2.37871 19.5 0.531354
      vertex 1.5 19.5 1.5
      vertex 1.64523 19.5 1.02145
    endloop
  endfacet
  facet normal 0 -1 0
    outer loop
      vertex 3.19372 19.5 0.193768
      vertex 1.5 19.5 1.5
      vertex 2.37871 19.5 0.531354
    endloop
  endfacet
  facet normal 0 -1 0
    outer loop
      vertex 1.5 19.5 1.5
      vertex 3.19372 19.5 0.193768
      vertex 4.05892 19.5 0.0216684
    endloop
  endfacet
  facet normal 0 -1 0
    outer loop
      vertex 1.5 19.5 1.5
      vertex 4.05892 19.5 0.0216684
      vertex 125 19.5 1.5
    endloop
  endfacet
  facet normal 0 -1 -0
    outer loop
      vertex 125 19.5 1.5
      vertex 4.05892 19.5 0.0216684
      vertex 125 19.5 0.0216684
    endloop
  endfacet
  facet normal 0 -1 0
    outer loop
      vertex 3 19.5 58.4
      vertex 3.00722 19.5 4.35297
      vertex 3.00722 19.5 58.4
    endloop
  endfacet
  facet normal 0 -1 0
    outer loop
      vertex 3 19.5 3
      vertex 3.00722 19.5 4.35297
      vertex 3 19.5 58.4
    endloop
  endfacet
  facet normal 0 -1 0
    outer loop
      vertex 3 19.5 3
      vertex 3.06459 19.5 4.06457
      vertex 3.00722 19.5 4.35297
    endloop
  endfacet
  facet normal 0 -1 0
    outer loop
      vertex 3 19.5 3
      vertex 3.17712 19.5 3.7929
      vertex 3.06459 19.5 4.06457
    endloop
  endfacet
  facet normal 0 -1 0
    outer loop
      vertex 3 19.5 3
      vertex 3.34048 19.5 3.54841
      vertex 3.17712 19.5 3.7929
    endloop
  endfacet
  facet normal 0 -1 0
    outer loop
      vertex 3 19.5 3
      vertex 3.54841 19.5 3.34048
      vertex 3.34048 19.5 3.54841
    endloop
  endfacet
  facet normal 0 -1 0
    outer loop
      vertex 3 19.5 3
      vertex 3.7929 19.5 3.17712
      vertex 3.54841 19.5 3.34048
    endloop
  endfacet
  facet normal 0 -1 0
    outer loop
      vertex 3 19.5 3
      vertex 4.06457 19.5 3.06459
      vertex 3.7929 19.5 3.17712
    endloop
  endfacet
  facet normal 0 -1 0
    outer loop
      vertex 3 19.5 3
      vertex 4.35297 19.5 3.00722
      vertex 4.06457 19.5 3.06459
    endloop
  endfacet
  facet normal 0 -1 0
    outer loop
      vertex 125 19.5 3
      vertex 4.35297 19.5 3.00722
      vertex 3 19.5 3
    endloop
  endfacet
  facet normal 0 -1 0
    outer loop
      vertex 4.35297 19.5 3.00722
      vertex 125 19.5 3
      vertex 125 19.5 3.00722
    endloop
  endfacet
  facet normal 0 0 -1
    outer loop
      vertex 0.0216684 9.63051 62.9
      vertex 1.5 15 62.9
      vertex 1.5 9.63051 62.9
    endloop
  endfacet
  facet normal -0 0 -1
    outer loop
      vertex 1.5 15 62.9
      vertex 0.0216684 9.63051 62.9
      vertex 0.0216684 15 62.9
    endloop
  endfacet
  facet normal 0 0 -1
    outer loop
      vertex 3 9.63051 62.9
      vertex 3.00722 15 62.9
      vertex 3.00722 9.63051 62.9
    endloop
  endfacet
  facet normal -0 0 -1
    outer loop
      vertex 3.00722 15 62.9
      vertex 3 9.63051 62.9
      vertex 3 15 62.9
    endloop
  endfacet
  facet normal 0 -0.634379 -0.773022
    outer loop
      vertex 0.0216684 17.5001 62.1416
      vertex 1.5 18.182 61.582
      vertex 1.5 17.5001 62.1416
    endloop
  endfacet
  facet normal -0 -0.634379 -0.773022
    outer loop
      vertex 1.5 18.182 61.582
      vertex 0.0216684 17.5001 62.1416
      vertex 0.0216684 18.182 61.582
    endloop
  endfacet
  facet normal 0 -0.634379 -0.773022
    outer loop
      vertex 3 17.5001 62.1416
      vertex 3.00722 18.182 61.582
      vertex 3.00722 17.5001 62.1416
    endloop
  endfacet
  facet normal -0 -0.634379 -0.773022
    outer loop
      vertex 3.00722 18.182 61.582
      vertex 3 17.5001 62.1416
      vertex 3 18.182 61.582
    endloop
  endfacet
  facet normal 0 -0.773022 -0.634379
    outer loop
      vertex 0.0216684 18.7416 60.9001
      vertex 1.5 18.182 61.582
      vertex 0.0216684 18.182 61.582
    endloop
  endfacet
  facet normal 0 -0.773022 -0.634379
    outer loop
      vertex 1.5 18.182 61.582
      vertex 0.0216684 18.7416 60.9001
      vertex 1.5 18.7416 60.9001
    endloop
  endfacet
  facet normal 0 -0.773022 -0.634379
    outer loop
      vertex 3 18.7416 60.9001
      vertex 3.00722 18.182 61.582
      vertex 3 18.182 61.582
    endloop
  endfacet
  facet normal 0 -0.773022 -0.634379
    outer loop
      vertex 3.00722 18.182 61.582
      vertex 3 18.7416 60.9001
      vertex 3.00722 18.7416 60.9001
    endloop
  endfacet
  facet normal 0 -0.995181 -0.0980558
    outer loop
      vertex 0.0216684 19.5 58.4
      vertex 1.5 19.4135 59.2779
      vertex 0.0216684 19.4135 59.2779
    endloop
  endfacet
  facet normal 0 -0.995181 -0.0980558
    outer loop
      vertex 1.5 19.4135 59.2779
      vertex 0.0216684 19.5 58.4
      vertex 1.5 19.5 58.4
    endloop
  endfacet
  facet normal 0 -0.995181 -0.0980558
    outer loop
      vertex 3 19.5 58.4
      vertex 3.00722 19.4135 59.2779
      vertex 3 19.4135 59.2779
    endloop
  endfacet
  facet normal 0 -0.995181 -0.0980558
    outer loop
      vertex 3.00722 19.4135 59.2779
      vertex 3 19.5 58.4
      vertex 3.00722 19.5 58.4
    endloop
  endfacet
  facet normal 0 -0.956967 -0.290196
    outer loop
      vertex 0.0216684 19.4135 59.2779
      vertex 1.5 19.1575 60.1221
      vertex 0.0216684 19.1575 60.1221
    endloop
  endfacet
  facet normal 0 -0.956967 -0.290196
    outer loop
      vertex 1.5 19.1575 60.1221
      vertex 0.0216684 19.4135 59.2779
      vertex 1.5 19.4135 59.2779
    endloop
  endfacet
  facet normal 0 -0.956967 -0.290196
    outer loop
      vertex 3 19.4135 59.2779
      vertex 3.00722 19.1575 60.1221
      vertex 3 19.1575 60.1221
    endloop
  endfacet
  facet normal 0 -0.956967 -0.290196
    outer loop
      vertex 3.00722 19.1575 60.1221
      vertex 3 19.4135 59.2779
      vertex 3.00722 19.4135 59.2779
    endloop
  endfacet
  facet normal 0 -0.290196 -0.956967
    outer loop
      vertex 0.0216684 15.8779 62.8135
      vertex 1.5 16.7221 62.5575
      vertex 1.5 15.8779 62.8135
    endloop
  endfacet
  facet normal -0 -0.290196 -0.956967
    outer loop
      vertex 1.5 16.7221 62.5575
      vertex 0.0216684 15.8779 62.8135
      vertex 0.0216684 16.7221 62.5575
    endloop
  endfacet
  facet normal 0 -0.290196 -0.956967
    outer loop
      vertex 3 15.8779 62.8135
      vertex 3.00722 16.7221 62.5575
      vertex 3.00722 15.8779 62.8135
    endloop
  endfacet
  facet normal -0 -0.290196 -0.956967
    outer loop
      vertex 3.00722 16.7221 62.5575
      vertex 3 15.8779 62.8135
      vertex 3 16.7221 62.5575
    endloop
  endfacet
  facet normal 0 -0.471441 -0.881898
    outer loop
      vertex 0.0216684 16.7221 62.5575
      vertex 1.5 17.5001 62.1416
      vertex 1.5 16.7221 62.5575
    endloop
  endfacet
  facet normal -0 -0.471441 -0.881898
    outer loop
      vertex 1.5 17.5001 62.1416
      vertex 0.0216684 16.7221 62.5575
      vertex 0.0216684 17.5001 62.1416
    endloop
  endfacet
  facet normal 0 -0.471441 -0.881898
    outer loop
      vertex 3 16.7221 62.5575
      vertex 3.00722 17.5001 62.1416
      vertex 3.00722 16.7221 62.5575
    endloop
  endfacet
  facet normal -0 -0.471441 -0.881898
    outer loop
      vertex 3.00722 17.5001 62.1416
      vertex 3 16.7221 62.5575
      vertex 3 17.5001 62.1416
    endloop
  endfacet
  facet normal 1 0 0
    outer loop
      vertex 1.5 24.5 63.4
      vertex 1.5 19.4135 59.2779
      vertex 1.5 19.5 58.4
    endloop
  endfacet
  facet normal 1 0 0
    outer loop
      vertex 1.5 21.7221 67.5575
      vertex 1.5 19.1575 60.1221
      vertex 1.5 19.4135 59.2779
    endloop
  endfacet
  facet normal 1 0 0
    outer loop
      vertex 1.5 21.7221 67.5575
      vertex 1.5 18.7416 60.9001
      vertex 1.5 19.1575 60.1221
    endloop
  endfacet
  facet normal 1 0 0
    outer loop
      vertex 1.5 21.7221 67.5575
      vertex 1.5 18.182 61.582
      vertex 1.5 18.7416 60.9001
    endloop
  endfacet
  facet normal 1 0 0
    outer loop
      vertex 1.5 20 67.9
      vertex 1.5 17.5001 62.1416
      vertex 1.5 18.182 61.582
    endloop
  endfacet
  facet normal 1 0 0
    outer loop
      vertex 1.5 20 67.9
      vertex 1.5 16.7221 62.5575
      vertex 1.5 17.5001 62.1416
    endloop
  endfacet
  facet normal 1 -0 0
    outer loop
      vertex 1.5 14.6305 67.9
      vertex 1.5 16.7221 62.5575
      vertex 1.5 20 67.9
    endloop
  endfacet
  facet normal 1 0 0
    outer loop
      vertex 1.5 16.7221 62.5575
      vertex 1.5 14.6305 67.9
      vertex 1.5 15.8779 62.8135
    endloop
  endfacet
  facet normal 1 0 0
    outer loop
      vertex 1.5 15.8779 62.8135
      vertex 1.5 14.6305 67.9
      vertex 1.5 15 62.9
    endloop
  endfacet
  facet normal 1 0 0
    outer loop
      vertex 1.5 14.6305 67.9
      vertex 1.5 9.63051 62.9
      vertex 1.5 15 62.9
    endloop
  endfacet
  facet normal 1 0 0
    outer loop
      vertex 1.5 -4 69.53
      vertex 1.5 9.63051 62.9
      vertex 1.5 14.6305 67.9
    endloop
  endfacet
  facet normal 1 0 0
    outer loop
      vertex 1.5 9.63051 62.9
      vertex 1.5 -4 69.53
      vertex 1.5 -4 64.0925
    endloop
  endfacet
  facet normal 1 0 0
    outer loop
      vertex 1.5 24.1575 65.1221
      vertex 1.5 19.4135 59.2779
      vertex 1.5 24.4135 64.2779
    endloop
  endfacet
  facet normal 1 0 0
    outer loop
      vertex 1.5 23.7416 65.9001
      vertex 1.5 19.4135 59.2779
      vertex 1.5 24.1575 65.1221
    endloop
  endfacet
  facet normal 1 0 0
    outer loop
      vertex 1.5 23.182 66.582
      vertex 1.5 19.4135 59.2779
      vertex 1.5 23.7416 65.9001
    endloop
  endfacet
  facet normal 1 0 0
    outer loop
      vertex 1.5 22.5001 67.1416
      vertex 1.5 19.4135 59.2779
      vertex 1.5 23.182 66.582
    endloop
  endfacet
  facet normal 1 0 0
    outer loop
      vertex 1.5 21.7221 67.5575
      vertex 1.5 19.4135 59.2779
      vertex 1.5 22.5001 67.1416
    endloop
  endfacet
  facet normal 1 0 0
    outer loop
      vertex 1.5 20.8779 67.8135
      vertex 1.5 18.182 61.582
      vertex 1.5 21.7221 67.5575
    endloop
  endfacet
  facet normal 1 0 0
    outer loop
      vertex 1.5 18.182 61.582
      vertex 1.5 20.8779 67.8135
      vertex 1.5 20 67.9
    endloop
  endfacet
  facet normal 1 0 0
    outer loop
      vertex 1.5 24.4135 64.2779
      vertex 1.5 19.4135 59.2779
      vertex 1.5 24.5 63.4
    endloop
  endfacet
  facet normal 1 0 0
    outer loop
      vertex 1.5 24.5 63.4
      vertex 1.5 19.5 58.4
      vertex 1.5 24.5 1.5
    endloop
  endfacet
  facet normal 1 0 0
    outer loop
      vertex 1.5 24.5 1.5
      vertex 1.5 19.5 58.4
      vertex 1.5 19.5 1.5
    endloop
  endfacet
  facet normal 1 0 0
    outer loop
      vertex 1.5 0.247942 140
      vertex 1.5 -4 140
      vertex 1.5 -4 91.4458
    endloop
  endfacet
  facet normal -0 0 1
    outer loop
      vertex 1.5 24.5 1.5
      vertex 125 19.5 1.5
      vertex 125 24.5 1.5
    endloop
  endfacet
  facet normal 0 0 1
    outer loop
      vertex 125 19.5 1.5
      vertex 1.5 24.5 1.5
      vertex 1.5 19.5 1.5
    endloop
  endfacet
  facet normal -1 0 0
    outer loop
      vertex 3 19.5 58.4
      vertex 3 24.5 63.4
      vertex 3 24.5 3
    endloop
  endfacet
  facet normal -1 0 0
    outer loop
      vertex 3 19.4135 59.2779
      vertex 3 24.5 63.4
      vertex 3 19.5 58.4
    endloop
  endfacet
  facet normal -1 0 0
    outer loop
      vertex 3 19.1575 60.1221
      vertex 3 24.5 63.4
      vertex 3 19.4135 59.2779
    endloop
  endfacet
  facet normal -1 0 0
    outer loop
      vertex 3 18.7416 60.9001
      vertex 3 24.5 63.4
      vertex 3 19.1575 60.1221
    endloop
  endfacet
  facet normal -1 0 0
    outer loop
      vertex 3 18.182 61.582
      vertex 3 24.5 63.4
      vertex 3 18.7416 60.9001
    endloop
  endfacet
  facet normal -1 -0 0
    outer loop
      vertex 3 24.5 63.4
      vertex 3 18.182 61.582
      vertex 3 24.4135 64.2779
    endloop
  endfacet
  facet normal -1 -0 0
    outer loop
      vertex 3 24.4135 64.2779
      vertex 3 18.182 61.582
      vertex 3 24.1575 65.1221
    endloop
  endfacet
  facet normal -1 -0 0
    outer loop
      vertex 3 24.1575 65.1221
      vertex 3 18.182 61.582
      vertex 3 23.7416 65.9001
    endloop
  endfacet
  facet normal -1 0 0
    outer loop
      vertex 3 19.5 58.4
      vertex 3 24.5 3
      vertex 3 19.5 3
    endloop
  endfacet
  facet normal -1 -0 0
    outer loop
      vertex 3 23.7416 65.9001
      vertex 3 18.182 61.582
      vertex 3 23.182 66.582
    endloop
  endfacet
  facet normal -1 -0 0
    outer loop
      vertex 3 23.182 66.582
      vertex 3 18.182 61.582
      vertex 3 22.5001 67.1416
    endloop
  endfacet
  facet normal -1 -0 0
    outer loop
      vertex 3 22.5001 67.1416
      vertex 3 18.182 61.582
      vertex 3 21.7221 67.5575
    endloop
  endfacet
  facet normal -1 -0 0
    outer loop
      vertex 3 21.7221 67.5575
      vertex 3 18.182 61.582
      vertex 3 20.8779 67.8135
    endloop
  endfacet
  facet normal -1 -0 0
    outer loop
      vertex 3 20.8779 67.8135
      vertex 3 18.182 61.582
      vertex 3 20 67.9
    endloop
  endfacet
  facet normal -1 0 0
    outer loop
      vertex 3 17.5001 62.1416
      vertex 3 20 67.9
      vertex 3 18.182 61.582
    endloop
  endfacet
  facet normal -1 0 0
    outer loop
      vertex 3 16.7221 62.5575
      vertex 3 20 67.9
      vertex 3 17.5001 62.1416
    endloop
  endfacet
  facet normal -1 0 0
    outer loop
      vertex 3 14.6305 67.9
      vertex 3 16.7221 62.5575
      vertex 3 15.8779 62.8135
    endloop
  endfacet
  facet normal -1 0 0
    outer loop
      vertex 3 14.6305 67.9
      vertex 3 15.8779 62.8135
      vertex 3 15 62.9
    endloop
  endfacet
  facet normal -1 0 0
    outer loop
      vertex 3 16.7221 62.5575
      vertex 3 14.6305 67.9
      vertex 3 20 67.9
    endloop
  endfacet
  facet normal -1 0 0
    outer loop
      vertex 3 9.63051 62.9
      vertex 3 14.6305 67.9
      vertex 3 15 62.9
    endloop
  endfacet
  facet normal -1 0 0
    outer loop
      vertex 3 -4 69.53
      vertex 3 9.63051 62.9
      vertex 3 -4 64.0925
    endloop
  endfacet
  facet normal -1 0 0
    outer loop
      vertex 3 9.63051 62.9
      vertex 3 -4 69.53
      vertex 3 14.6305 67.9
    endloop
  endfacet
  facet normal -1 -0 0
    outer loop
      vertex 3 -0.27699 134
      vertex 3 -4 91.4458
      vertex 3 -2.10201 134
    endloop
  endfacet
  facet normal -1 0 0
    outer loop
      vertex 3 -2.10201 134
      vertex 3 -4 140
      vertex 3 -1.57708 140
    endloop
  endfacet
  facet normal -1 0 0
    outer loop
      vertex 3 -4 140
      vertex 3 -2.10201 134
      vertex 3 -4 91.4458
    endloop
  endfacet
  facet normal 0 0 -1
    outer loop
      vertex 125 19.5 3
      vertex 119 22.5 3
      vertex 125 22.5 3
    endloop
  endfacet
  facet normal -0 0 -1
    outer loop
      vertex 119 22.5 3
      vertex 30 22 3
      vertex 119 24.5 3
    endloop
  endfacet
  facet normal 0 0 -1
    outer loop
      vertex 125 19.5 3
      vertex 30 22 3
      vertex 119 22.5 3
    endloop
  endfacet
  facet normal 0 0 -1
    outer loop
      vertex 3 19.5 3
      vertex 30 22 3
      vertex 125 19.5 3
    endloop
  endfacet
  facet normal -0 0 -1
    outer loop
      vertex 30 22 3
      vertex 3 19.5 3
      vertex 20 22 3
    endloop
  endfacet
  facet normal 0 0 -1
    outer loop
      vertex 3 24.5 3
      vertex 20 22 3
      vertex 3 19.5 3
    endloop
  endfacet
  facet normal 0 0 -1
    outer loop
      vertex 20 22 3
      vertex 3 24.5 3
      vertex 20 24.5 3
    endloop
  endfacet
  facet normal -0 0 -1
    outer loop
      vertex 119 24.5 3
      vertex 30 22 3
      vertex 30 24.5 3
    endloop
  endfacet
  facet normal 0 -0.087158 -0.996195
    outer loop
      vertex 1.5 -4 69.53
      vertex 3 14.6305 67.9
      vertex 3 -4 69.53
    endloop
  endfacet
  facet normal -0 -0.087158 -0.996195
    outer loop
      vertex 3 14.6305 67.9
      vertex 1.5 -4 69.53
      vertex 1.5 14.6305 67.9
    endloop
  endfacet
  facet normal 0 -0.996195 0.0871557
    outer loop
      vertex 1.5 0.247942 140
      vertex 2.50963 -0.27699 134
      vertex 2.50963 0.247942 140
    endloop
  endfacet
  facet normal -2.67105e-08 -0.996195 0.0871557
    outer loop
      vertex 1.5 -4 91.4458
      vertex 2.50963 -0.27699 134
      vertex 1.5 0.247942 140
    endloop
  endfacet
  facet normal 0 -0.996195 0.0871557
    outer loop
      vertex 3 -4 91.4458
      vertex 2.50963 -0.27699 134
      vertex 1.5 -4 91.4458
    endloop
  endfacet
  facet normal 0 -0.996195 0.0871557
    outer loop
      vertex 2.50963 -0.27699 134
      vertex 3 -4 91.4458
      vertex 3 -0.27699 134
    endloop
  endfacet
  facet normal 0 -0.881898 -0.471441
    outer loop
      vertex 1.5 24.1575 65.1221
      vertex 3 23.7416 65.9001
      vertex 1.5 23.7416 65.9001
    endloop
  endfacet
  facet normal 0 -0.881898 -0.471441
    outer loop
      vertex 3 23.7416 65.9001
      vertex 1.5 24.1575 65.1221
      vertex 3 24.1575 65.1221
    endloop
  endfacet
  facet normal 0 -0.0980558 -0.995181
    outer loop
      vertex 1.5 20 67.9
      vertex 3 20.8779 67.8135
      vertex 3 20 67.9
    endloop
  endfacet
  facet normal -0 -0.0980558 -0.995181
    outer loop
      vertex 3 20.8779 67.8135
      vertex 1.5 20 67.9
      vertex 1.5 20.8779 67.8135
    endloop
  endfacet
  facet normal 0 -1 0
    outer loop
      vertex 1.5 24.5 63.4
      vertex 3 24.5 3
      vertex 3 24.5 63.4
    endloop
  endfacet
  facet normal 0 -1 0
    outer loop
      vertex 3 24.5 3
      vertex 20 24.5 2.8
      vertex 20 24.5 3
    endloop
  endfacet
  facet normal 0 -1 0
    outer loop
      vertex 1.5 24.5 1.5
      vertex 30 24.5 2.8
      vertex 20 24.5 2.8
    endloop
  endfacet
  facet normal 0 -1 0
    outer loop
      vertex 1.5 24.5 1.5
      vertex 3 24.5 3
      vertex 1.5 24.5 63.4
    endloop
  endfacet
  facet normal 0 -1 0
    outer loop
      vertex 1.5 24.5 1.5
      vertex 20 24.5 2.8
      vertex 3 24.5 3
    endloop
  endfacet
  facet normal 0 -1 -0
    outer loop
      vertex 30 24.5 2.8
      vertex 1.5 24.5 1.5
      vertex 125 24.5 1.5
    endloop
  endfacet
  facet normal 0 -1 0
    outer loop
      vertex 30 24.5 2.8
      vertex 125 24.5 1.5
      vertex 119 24.5 2.50963
    endloop
  endfacet
  facet normal 0 -1 0
    outer loop
      vertex 119 24.5 2.50963
      vertex 125 24.5 1.5
      vertex 125 24.5 2.50963
    endloop
  endfacet
  facet normal 0 -1 0
    outer loop
      vertex 30 24.5 2.8
      vertex 119 24.5 3
      vertex 30 24.5 3
    endloop
  endfacet
  facet normal 0 -1 -0
    outer loop
      vertex 119 24.5 3
      vertex 30 24.5 2.8
      vertex 119 24.5 2.50963
    endloop
  endfacet
  facet normal 0 0 -1
    outer loop
      vertex 1.5 14.6305 67.9
      vertex 3 20 67.9
      vertex 3 14.6305 67.9
    endloop
  endfacet
  facet normal -0 0 -1
    outer loop
      vertex 3 20 67.9
      vertex 1.5 14.6305 67.9
      vertex 1.5 20 67.9
    endloop
  endfacet
  facet normal 0 -0.634379 -0.773022
    outer loop
      vertex 1.5 22.5001 67.1416
      vertex 3 23.182 66.582
      vertex 3 22.5001 67.1416
    endloop
  endfacet
  facet normal -0 -0.634379 -0.773022
    outer loop
      vertex 3 23.182 66.582
      vertex 1.5 22.5001 67.1416
      vertex 1.5 23.182 66.582
    endloop
  endfacet
  facet normal 0 -0.773022 -0.634379
    outer loop
      vertex 1.5 23.7416 65.9001
      vertex 3 23.182 66.582
      vertex 1.5 23.182 66.582
    endloop
  endfacet
  facet normal 0 -0.773022 -0.634379
    outer loop
      vertex 3 23.182 66.582
      vertex 1.5 23.7416 65.9001
      vertex 3 23.7416 65.9001
    endloop
  endfacet
  facet normal 0 -0.995181 -0.0980558
    outer loop
      vertex 1.5 24.5 63.4
      vertex 3 24.4135 64.2779
      vertex 1.5 24.4135 64.2779
    endloop
  endfacet
  facet normal 0 -0.995181 -0.0980558
    outer loop
      vertex 3 24.4135 64.2779
      vertex 1.5 24.5 63.4
      vertex 3 24.5 63.4
    endloop
  endfacet
  facet normal 0 -0.956967 -0.290196
    outer loop
      vertex 1.5 24.4135 64.2779
      vertex 3 24.1575 65.1221
      vertex 1.5 24.1575 65.1221
    endloop
  endfacet
  facet normal 0 -0.956967 -0.290196
    outer loop
      vertex 3 24.1575 65.1221
      vertex 1.5 24.4135 64.2779
      vertex 3 24.4135 64.2779
    endloop
  endfacet
  facet normal 0 -0.290196 -0.956967
    outer loop
      vertex 1.5 20.8779 67.8135
      vertex 3 21.7221 67.5575
      vertex 3 20.8779 67.8135
    endloop
  endfacet
  facet normal -0 -0.290196 -0.956967
    outer loop
      vertex 3 21.7221 67.5575
      vertex 1.5 20.8779 67.8135
      vertex 1.5 21.7221 67.5575
    endloop
  endfacet
  facet normal 0 -0.471441 -0.881898
    outer loop
      vertex 1.5 21.7221 67.5575
      vertex 3 22.5001 67.1416
      vertex 3 21.7221 67.5575
    endloop
  endfacet
  facet normal -0 -0.471441 -0.881898
    outer loop
      vertex 3 22.5001 67.1416
      vertex 1.5 21.7221 67.5575
      vertex 1.5 22.5001 67.1416
    endloop
  endfacet
  facet normal 0 0.0980558 -0.995181
    outer loop
      vertex 3.00722 46.16 90.67
      vertex 11 47.0379 90.7565
      vertex 11 46.16 90.67
    endloop
  endfacet
  facet normal 0 0.0980558 -0.995181
    outer loop
      vertex 11 47.0379 90.7565
      vertex 3.00722 46.16 90.67
      vertex 3.00722 47.0379 90.7565
    endloop
  endfacet
  facet normal 0 -0.0980558 0.995181
    outer loop
      vertex 3.00722 46.16 99.67
      vertex 11 45.2821 99.5835
      vertex 11 46.16 99.67
    endloop
  endfacet
  facet normal 0 -0.0980558 0.995181
    outer loop
      vertex 11 45.2821 99.5835
      vertex 3.00722 46.16 99.67
      vertex 3.00722 45.2821 99.5835
    endloop
  endfacet
  facet normal 0 0.995181 0.0980558
    outer loop
      vertex 11 50.66 95.17
      vertex 3.00722 50.5735 96.0479
      vertex 11 50.5735 96.0479
    endloop
  endfacet
  facet normal 0 0.995181 0.0980558
    outer loop
      vertex 3.00722 50.5735 96.0479
      vertex 11 50.66 95.17
      vertex 3.00722 50.66 95.17
    endloop
  endfacet
  facet normal 0 -0.995181 -0.0980558
    outer loop
      vertex 3.00722 41.7465 94.2921
      vertex 11 41.66 95.17
      vertex 3.00722 41.66 95.17
    endloop
  endfacet
  facet normal 0 -0.995181 -0.0980558
    outer loop
      vertex 11 41.66 95.17
      vertex 3.00722 41.7465 94.2921
      vertex 11 41.7465 94.2921
    endloop
  endfacet
  facet normal 0 -0.773022 0.634379
    outer loop
      vertex 3.00722 42.4184 97.6701
      vertex 11 42.978 98.352
      vertex 3.00722 42.978 98.352
    endloop
  endfacet
  facet normal 0 -0.773022 0.634379
    outer loop
      vertex 11 42.978 98.352
      vertex 3.00722 42.4184 97.6701
      vertex 11 42.4184 97.6701
    endloop
  endfacet
  facet normal -0 0.634379 0.773022
    outer loop
      vertex 3.00722 49.342 98.352
      vertex 11 48.6601 98.9116
      vertex 11 49.342 98.352
    endloop
  endfacet
  facet normal 0 0.634379 0.773022
    outer loop
      vertex 11 48.6601 98.9116
      vertex 3.00722 49.342 98.352
      vertex 3.00722 48.6601 98.9116
    endloop
  endfacet
  facet normal 0 0.881898 0.471441
    outer loop
      vertex 11 50.3175 96.8921
      vertex 3.00722 49.9016 97.6701
      vertex 11 49.9016 97.6701
    endloop
  endfacet
  facet normal 0 0.881898 0.471441
    outer loop
      vertex 3.00722 49.9016 97.6701
      vertex 11 50.3175 96.8921
      vertex 3.00722 50.3175 96.8921
    endloop
  endfacet
  facet normal 0 -0.634379 -0.773022
    outer loop
      vertex 3.00722 42.978 91.988
      vertex 11 43.6599 91.4284
      vertex 11 42.978 91.988
    endloop
  endfacet
  facet normal -0 -0.634379 -0.773022
    outer loop
      vertex 11 43.6599 91.4284
      vertex 3.00722 42.978 91.988
      vertex 3.00722 43.6599 91.4284
    endloop
  endfacet
  facet normal 0 -0.471441 0.881898
    outer loop
      vertex 3.00722 44.4379 99.3275
      vertex 11 43.6599 98.9116
      vertex 11 44.4379 99.3275
    endloop
  endfacet
  facet normal 0 -0.471441 0.881898
    outer loop
      vertex 11 43.6599 98.9116
      vertex 3.00722 44.4379 99.3275
      vertex 3.00722 43.6599 98.9116
    endloop
  endfacet
  facet normal 0 0.290196 -0.956967
    outer loop
      vertex 3.00722 47.0379 90.7565
      vertex 11 47.8821 91.0125
      vertex 11 47.0379 90.7565
    endloop
  endfacet
  facet normal 0 0.290196 -0.956967
    outer loop
      vertex 11 47.8821 91.0125
      vertex 3.00722 47.0379 90.7565
      vertex 3.00722 47.8821 91.0125
    endloop
  endfacet
  facet normal 0 0.634379 -0.773022
    outer loop
      vertex 3.00722 48.6601 91.4284
      vertex 11 49.342 91.988
      vertex 11 48.6601 91.4284
    endloop
  endfacet
  facet normal 0 0.634379 -0.773022
    outer loop
      vertex 11 49.342 91.988
      vertex 3.00722 48.6601 91.4284
      vertex 3.00722 49.342 91.988
    endloop
  endfacet
  facet normal 0 0.995181 -0.0980558
    outer loop
      vertex 11 50.5735 94.2921
      vertex 3.00722 50.66 95.17
      vertex 11 50.66 95.17
    endloop
  endfacet
  facet normal 0 0.995181 -0.0980558
    outer loop
      vertex 3.00722 50.66 95.17
      vertex 11 50.5735 94.2921
      vertex 3.00722 50.5735 94.2921
    endloop
  endfacet
  facet normal 0 0.881898 -0.471441
    outer loop
      vertex 11 49.9016 92.6699
      vertex 3.00722 50.3175 93.4479
      vertex 11 50.3175 93.4479
    endloop
  endfacet
  facet normal 0 0.881898 -0.471441
    outer loop
      vertex 3.00722 50.3175 93.4479
      vertex 11 49.9016 92.6699
      vertex 3.00722 49.9016 92.6699
    endloop
  endfacet
  facet normal -0 0.290196 0.956967
    outer loop
      vertex 3.00722 47.8821 99.3275
      vertex 11 47.0379 99.5835
      vertex 11 47.8821 99.3275
    endloop
  endfacet
  facet normal 0 0.290196 0.956967
    outer loop
      vertex 11 47.0379 99.5835
      vertex 3.00722 47.8821 99.3275
      vertex 3.00722 47.0379 99.5835
    endloop
  endfacet
  facet normal -0 0.471441 0.881898
    outer loop
      vertex 3.00722 48.6601 98.9116
      vertex 11 47.8821 99.3275
      vertex 11 48.6601 98.9116
    endloop
  endfacet
  facet normal 0 0.471441 0.881898
    outer loop
      vertex 11 47.8821 99.3275
      vertex 3.00722 48.6601 98.9116
      vertex 3.00722 47.8821 99.3275
    endloop
  endfacet
  facet normal -0 0.0980558 0.995181
    outer loop
      vertex 3.00722 47.0379 99.5835
      vertex 11 46.16 99.67
      vertex 11 47.0379 99.5835
    endloop
  endfacet
  facet normal 0 0.0980558 0.995181
    outer loop
      vertex 11 46.16 99.67
      vertex 3.00722 47.0379 99.5835
      vertex 3.00722 46.16 99.67
    endloop
  endfacet
  facet normal 0 0.773022 0.634379
    outer loop
      vertex 11 49.9016 97.6701
      vertex 3.00722 49.342 98.352
      vertex 11 49.342 98.352
    endloop
  endfacet
  facet normal 0 0.773022 0.634379
    outer loop
      vertex 3.00722 49.342 98.352
      vertex 11 49.9016 97.6701
      vertex 3.00722 49.9016 97.6701
    endloop
  endfacet
  facet normal 0 0.956967 0.290196
    outer loop
      vertex 11 50.5735 96.0479
      vertex 3.00722 50.3175 96.8921
      vertex 11 50.3175 96.8921
    endloop
  endfacet
  facet normal 0 0.956967 0.290196
    outer loop
      vertex 3.00722 50.3175 96.8921
      vertex 11 50.5735 96.0479
      vertex 3.00722 50.5735 96.0479
    endloop
  endfacet
  facet normal 0 -0.0980558 -0.995181
    outer loop
      vertex 3.00722 45.2821 90.7565
      vertex 11 46.16 90.67
      vertex 11 45.2821 90.7565
    endloop
  endfacet
  facet normal -0 -0.0980558 -0.995181
    outer loop
      vertex 11 46.16 90.67
      vertex 3.00722 45.2821 90.7565
      vertex 3.00722 46.16 90.67
    endloop
  endfacet
  facet normal 0 -0.956967 -0.290196
    outer loop
      vertex 3.00722 42.0025 93.4479
      vertex 11 41.7465 94.2921
      vertex 3.00722 41.7465 94.2921
    endloop
  endfacet
  facet normal 0 -0.956967 -0.290196
    outer loop
      vertex 11 41.7465 94.2921
      vertex 3.00722 42.0025 93.4479
      vertex 11 42.0025 93.4479
    endloop
  endfacet
  facet normal 0 -0.773022 -0.634379
    outer loop
      vertex 3.00722 42.978 91.988
      vertex 11 42.4184 92.6699
      vertex 3.00722 42.4184 92.6699
    endloop
  endfacet
  facet normal 0 -0.773022 -0.634379
    outer loop
      vertex 11 42.4184 92.6699
      vertex 3.00722 42.978 91.988
      vertex 11 42.978 91.988
    endloop
  endfacet
  facet normal 0 -0.956967 0.290196
    outer loop
      vertex 3.00722 41.7465 96.0479
      vertex 11 42.0025 96.8921
      vertex 3.00722 42.0025 96.8921
    endloop
  endfacet
  facet normal 0 -0.956967 0.290196
    outer loop
      vertex 11 42.0025 96.8921
      vertex 3.00722 41.7465 96.0479
      vertex 11 41.7465 96.0479
    endloop
  endfacet
  facet normal 0 -0.881898 0.471441
    outer loop
      vertex 3.00722 42.0025 96.8921
      vertex 11 42.4184 97.6701
      vertex 3.00722 42.4184 97.6701
    endloop
  endfacet
  facet normal 0 -0.881898 0.471441
    outer loop
      vertex 11 42.4184 97.6701
      vertex 3.00722 42.0025 96.8921
      vertex 11 42.0025 96.8921
    endloop
  endfacet
  facet normal 0 -0.995181 0.0980558
    outer loop
      vertex 3.00722 41.66 95.17
      vertex 11 41.7465 96.0479
      vertex 3.00722 41.7465 96.0479
    endloop
  endfacet
  facet normal 0 -0.995181 0.0980558
    outer loop
      vertex 11 41.7465 96.0479
      vertex 3.00722 41.66 95.17
      vertex 11 41.66 95.17
    endloop
  endfacet
  facet normal 1 0 0
    outer loop
      vertex 11 48.16 95.17
      vertex 11 50.66 95.17
      vertex 11 50.5735 96.0479
    endloop
  endfacet
  facet normal 1 0 0
    outer loop
      vertex 11 48.1216 95.5602
      vertex 11 50.5735 96.0479
      vertex 11 50.3175 96.8921
    endloop
  endfacet
  facet normal 1 0 0
    outer loop
      vertex 11 50.66 95.17
      vertex 11 48.16 95.17
      vertex 11 50.5735 94.2921
    endloop
  endfacet
  facet normal 1 0 0
    outer loop
      vertex 11 48.0078 95.9354
      vertex 11 50.3175 96.8921
      vertex 11 49.9016 97.6701
    endloop
  endfacet
  facet normal 1 -0 0
    outer loop
      vertex 11 48.1216 94.7798
      vertex 11 50.5735 94.2921
      vertex 11 48.16 95.17
    endloop
  endfacet
  facet normal 1 0 0
    outer loop
      vertex 11 47.8229 96.2811
      vertex 11 49.9016 97.6701
      vertex 11 49.342 98.352
    endloop
  endfacet
  facet normal 1 0 0
    outer loop
      vertex 11 50.5735 94.2921
      vertex 11 48.1216 94.7798
      vertex 11 50.3175 93.4479
    endloop
  endfacet
  facet normal 1 0 0
    outer loop
      vertex 11 47.5742 96.5842
      vertex 11 49.342 98.352
      vertex 11 48.6601 98.9116
    endloop
  endfacet
  facet normal 1 -0 0
    outer loop
      vertex 11 48.0078 94.4046
      vertex 11 50.3175 93.4479
      vertex 11 48.1216 94.7798
    endloop
  endfacet
  facet normal 1 0 0
    outer loop
      vertex 11 50.3175 93.4479
      vertex 11 48.0078 94.4046
      vertex 11 49.9016 92.6699
    endloop
  endfacet
  facet normal 1 0 0
    outer loop
      vertex 11 50.5735 96.0479
      vertex 11 48.1216 95.5602
      vertex 11 48.16 95.17
    endloop
  endfacet
  facet normal 1 0 0
    outer loop
      vertex 11 50.3175 96.8921
      vertex 11 48.0078 95.9354
      vertex 11 48.1216 95.5602
    endloop
  endfacet
  facet normal 1 0 0
    outer loop
      vertex 11 47.2711 96.8329
      vertex 11 48.6601 98.9116
      vertex 11 47.8821 99.3275
    endloop
  endfacet
  facet normal 1 0 0
    outer loop
      vertex 11 49.9016 97.6701
      vertex 11 47.8229 96.2811
      vertex 11 48.0078 95.9354
    endloop
  endfacet
  facet normal 1 0 0
    outer loop
      vertex 11 49.342 98.352
      vertex 11 47.5742 96.5842
      vertex 11 47.8229 96.2811
    endloop
  endfacet
  facet normal 1 0 0
    outer loop
      vertex 11 48.6601 98.9116
      vertex 11 47.2711 96.8329
      vertex 11 47.5742 96.5842
    endloop
  endfacet
  facet normal 1 0 0
    outer loop
      vertex 11 46.9254 97.0178
      vertex 11 47.8821 99.3275
      vertex 11 47.0379 99.5835
    endloop
  endfacet
  facet normal 1 0 0
    outer loop
      vertex 11 47.8821 99.3275
      vertex 11 46.9254 97.0178
      vertex 11 47.2711 96.8329
    endloop
  endfacet
  facet normal 1 0 0
    outer loop
      vertex 11 47.0379 99.5835
      vertex 11 46.5502 97.1316
      vertex 11 46.9254 97.0178
    endloop
  endfacet
  facet normal 1 0 0
    outer loop
      vertex 11 46.16 99.67
      vertex 11 46.5502 97.1316
      vertex 11 47.0379 99.5835
    endloop
  endfacet
  facet normal 1 0 0
    outer loop
      vertex 11 46.16 99.67
      vertex 11 46.16 97.17
      vertex 11 46.5502 97.1316
    endloop
  endfacet
  facet normal 1 0 0
    outer loop
      vertex 11 46.16 99.67
      vertex 11 45.7698 97.1316
      vertex 11 46.16 97.17
    endloop
  endfacet
  facet normal 1 -0 0
    outer loop
      vertex 11 45.2821 99.5835
      vertex 11 45.7698 97.1316
      vertex 11 46.16 99.67
    endloop
  endfacet
  facet normal 1 0 0
    outer loop
      vertex 11 45.7698 97.1316
      vertex 11 45.2821 99.5835
      vertex 11 45.3946 97.0178
    endloop
  endfacet
  facet normal 1 -0 0
    outer loop
      vertex 11 44.4379 99.3275
      vertex 11 45.3946 97.0178
      vertex 11 45.2821 99.5835
    endloop
  endfacet
  facet normal 1 0 0
    outer loop
      vertex 11 45.3946 97.0178
      vertex 11 44.4379 99.3275
      vertex 11 45.0489 96.8329
    endloop
  endfacet
  facet normal 1 -0 0
    outer loop
      vertex 11 43.6599 98.9116
      vertex 11 45.0489 96.8329
      vertex 11 44.4379 99.3275
    endloop
  endfacet
  facet normal 1 0 0
    outer loop
      vertex 11 45.0489 96.8329
      vertex 11 43.6599 98.9116
      vertex 11 44.7458 96.5842
    endloop
  endfacet
  facet normal 1 -0 0
    outer loop
      vertex 11 42.978 98.352
      vertex 11 44.7458 96.5842
      vertex 11 43.6599 98.9116
    endloop
  endfacet
  facet normal 1 0 0
    outer loop
      vertex 11 44.7458 96.5842
      vertex 11 42.978 98.352
      vertex 11 44.4971 96.2811
    endloop
  endfacet
  facet normal 1 -0 0
    outer loop
      vertex 11 42.4184 97.6701
      vertex 11 44.4971 96.2811
      vertex 11 42.978 98.352
    endloop
  endfacet
  facet normal 1 0 0
    outer loop
      vertex 11 44.4971 96.2811
      vertex 11 42.4184 97.6701
      vertex 11 44.3122 95.9354
    endloop
  endfacet
  facet normal 1 -0 0
    outer loop
      vertex 11 47.8229 94.0589
      vertex 11 49.9016 92.6699
      vertex 11 48.0078 94.4046
    endloop
  endfacet
  facet normal 1 0 0
    outer loop
      vertex 11 49.9016 92.6699
      vertex 11 47.8229 94.0589
      vertex 11 49.342 91.988
    endloop
  endfacet
  facet normal 1 -0 0
    outer loop
      vertex 11 47.5742 93.7558
      vertex 11 49.342 91.988
      vertex 11 47.8229 94.0589
    endloop
  endfacet
  facet normal 1 0 0
    outer loop
      vertex 11 49.342 91.988
      vertex 11 47.5742 93.7558
      vertex 11 48.6601 91.4284
    endloop
  endfacet
  facet normal 1 -0 0
    outer loop
      vertex 11 47.2711 93.5071
      vertex 11 48.6601 91.4284
      vertex 11 47.5742 93.7558
    endloop
  endfacet
  facet normal 1 0 0
    outer loop
      vertex 11 48.6601 91.4284
      vertex 11 47.2711 93.5071
      vertex 11 47.8821 91.0125
    endloop
  endfacet
  facet normal 1 -0 0
    outer loop
      vertex 11 46.9254 93.3222
      vertex 11 47.8821 91.0125
      vertex 11 47.2711 93.5071
    endloop
  endfacet
  facet normal 1 0 0
    outer loop
      vertex 11 47.8821 91.0125
      vertex 11 46.9254 93.3222
      vertex 11 47.0379 90.7565
    endloop
  endfacet
  facet normal 1 -0 0
    outer loop
      vertex 11 46.5502 93.2084
      vertex 11 47.0379 90.7565
      vertex 11 46.9254 93.3222
    endloop
  endfacet
  facet normal 1 -0 0
    outer loop
      vertex 11 46.16 93.17
      vertex 11 47.0379 90.7565
      vertex 11 46.5502 93.2084
    endloop
  endfacet
  facet normal 1 0 0
    outer loop
      vertex 11 46.16 93.17
      vertex 11 46.16 90.67
      vertex 11 47.0379 90.7565
    endloop
  endfacet
  facet normal 1 0 0
    outer loop
      vertex 11 45.7698 93.2084
      vertex 11 46.16 90.67
      vertex 11 46.16 93.17
    endloop
  endfacet
  facet normal 1 0 0
    outer loop
      vertex 11 45.2821 90.7565
      vertex 11 45.7698 93.2084
      vertex 11 45.3946 93.3222
    endloop
  endfacet
  facet normal 1 0 0
    outer loop
      vertex 11 45.7698 93.2084
      vertex 11 45.2821 90.7565
      vertex 11 46.16 90.67
    endloop
  endfacet
  facet normal 1 0 0
    outer loop
      vertex 11 44.4379 91.0125
      vertex 11 45.3946 93.3222
      vertex 11 45.0489 93.5071
    endloop
  endfacet
  facet normal 1 0 0
    outer loop
      vertex 11 43.6599 91.4284
      vertex 11 45.0489 93.5071
      vertex 11 44.7458 93.7558
    endloop
  endfacet
  facet normal 1 0 0
    outer loop
      vertex 11 42.978 91.988
      vertex 11 44.7458 93.7558
      vertex 11 44.4971 94.0589
    endloop
  endfacet
  facet normal 1 0 0
    outer loop
      vertex 11 45.3946 93.3222
      vertex 11 44.4379 91.0125
      vertex 11 45.2821 90.7565
    endloop
  endfacet
  facet normal 1 0 0
    outer loop
      vertex 11 42.4184 92.6699
      vertex 11 44.4971 94.0589
      vertex 11 44.3122 94.4046
    endloop
  endfacet
  facet normal 1 0 0
    outer loop
      vertex 11 42.0025 93.4479
      vertex 11 44.3122 94.4046
      vertex 11 44.1984 94.7798
    endloop
  endfacet
  facet normal 1 0 0
    outer loop
      vertex 11 41.7465 94.2921
      vertex 11 44.1984 94.7798
      vertex 11 44.16 95.17
    endloop
  endfacet
  facet normal 1 -0 0
    outer loop
      vertex 11 42.0025 96.8921
      vertex 11 44.3122 95.9354
      vertex 11 42.4184 97.6701
    endloop
  endfacet
  facet normal 1 0 0
    outer loop
      vertex 11 45.0489 93.5071
      vertex 11 43.6599 91.4284
      vertex 11 44.4379 91.0125
    endloop
  endfacet
  facet normal 1 0 0
    outer loop
      vertex 11 44.3122 95.9354
      vertex 11 42.0025 96.8921
      vertex 11 44.1984 95.5602
    endloop
  endfacet
  facet normal 1 0 0
    outer loop
      vertex 11 44.7458 93.7558
      vertex 11 42.978 91.988
      vertex 11 43.6599 91.4284
    endloop
  endfacet
  facet normal 1 -0 0
    outer loop
      vertex 11 41.7465 96.0479
      vertex 11 44.1984 95.5602
      vertex 11 42.0025 96.8921
    endloop
  endfacet
  facet normal 1 0 0
    outer loop
      vertex 11 44.4971 94.0589
      vertex 11 42.4184 92.6699
      vertex 11 42.978 91.988
    endloop
  endfacet
  facet normal 1 0 0
    outer loop
      vertex 11 44.1984 95.5602
      vertex 11 41.7465 96.0479
      vertex 11 44.16 95.17
    endloop
  endfacet
  facet normal 1 0 0
    outer loop
      vertex 11 44.3122 94.4046
      vertex 11 42.0025 93.4479
      vertex 11 42.4184 92.6699
    endloop
  endfacet
  facet normal 1 0 0
    outer loop
      vertex 11 41.66 95.17
      vertex 11 44.16 95.17
      vertex 11 41.7465 96.0479
    endloop
  endfacet
  facet normal 1 0 0
    outer loop
      vertex 11 44.1984 94.7798
      vertex 11 41.7465 94.2921
      vertex 11 42.0025 93.4479
    endloop
  endfacet
  facet normal 1 0 0
    outer loop
      vertex 11 44.16 95.17
      vertex 11 41.66 95.17
      vertex 11 41.7465 94.2921
    endloop
  endfacet
  facet normal 0 -0.634379 0.773022
    outer loop
      vertex 3.00722 43.6599 98.9116
      vertex 11 42.978 98.352
      vertex 11 43.6599 98.9116
    endloop
  endfacet
  facet normal 0 -0.634379 0.773022
    outer loop
      vertex 11 42.978 98.352
      vertex 3.00722 43.6599 98.9116
      vertex 3.00722 42.978 98.352
    endloop
  endfacet
  facet normal 0 -0.290196 0.956967
    outer loop
      vertex 3.00722 45.2821 99.5835
      vertex 11 44.4379 99.3275
      vertex 11 45.2821 99.5835
    endloop
  endfacet
  facet normal 0 -0.290196 0.956967
    outer loop
      vertex 11 44.4379 99.3275
      vertex 3.00722 45.2821 99.5835
      vertex 3.00722 44.4379 99.3275
    endloop
  endfacet
  facet normal 0 0.471441 -0.881898
    outer loop
      vertex 3.00722 47.8821 91.0125
      vertex 11 48.6601 91.4284
      vertex 11 47.8821 91.0125
    endloop
  endfacet
  facet normal 0 0.471441 -0.881898
    outer loop
      vertex 11 48.6601 91.4284
      vertex 3.00722 47.8821 91.0125
      vertex 3.00722 48.6601 91.4284
    endloop
  endfacet
  facet normal 0 0.773022 -0.634379
    outer loop
      vertex 11 49.342 91.988
      vertex 3.00722 49.9016 92.6699
      vertex 11 49.9016 92.6699
    endloop
  endfacet
  facet normal 0 0.773022 -0.634379
    outer loop
      vertex 3.00722 49.9016 92.6699
      vertex 11 49.342 91.988
      vertex 3.00722 49.342 91.988
    endloop
  endfacet
  facet normal 0 0.956967 -0.290196
    outer loop
      vertex 11 50.3175 93.4479
      vertex 3.00722 50.5735 94.2921
      vertex 11 50.5735 94.2921
    endloop
  endfacet
  facet normal 0 0.956967 -0.290196
    outer loop
      vertex 3.00722 50.5735 94.2921
      vertex 11 50.3175 93.4479
      vertex 3.00722 50.3175 93.4479
    endloop
  endfacet
  facet normal 0 -0.881898 -0.471441
    outer loop
      vertex 3.00722 42.4184 92.6699
      vertex 11 42.0025 93.4479
      vertex 3.00722 42.0025 93.4479
    endloop
  endfacet
  facet normal 0 -0.881898 -0.471441
    outer loop
      vertex 11 42.0025 93.4479
      vertex 3.00722 42.4184 92.6699
      vertex 11 42.4184 92.6699
    endloop
  endfacet
  facet normal 0 -0.290196 -0.956967
    outer loop
      vertex 3.00722 44.4379 91.0125
      vertex 11 45.2821 90.7565
      vertex 11 44.4379 91.0125
    endloop
  endfacet
  facet normal -0 -0.290196 -0.956967
    outer loop
      vertex 11 45.2821 90.7565
      vertex 3.00722 44.4379 91.0125
      vertex 3.00722 45.2821 90.7565
    endloop
  endfacet
  facet normal 0 -0.471441 -0.881898
    outer loop
      vertex 3.00722 43.6599 91.4284
      vertex 11 44.4379 91.0125
      vertex 11 43.6599 91.4284
    endloop
  endfacet
  facet normal -0 -0.471441 -0.881898
    outer loop
      vertex 11 44.4379 91.0125
      vertex 3.00722 43.6599 91.4284
      vertex 3.00722 44.4379 91.0125
    endloop
  endfacet
  facet normal 0 0.0980558 -0.995181
    outer loop
      vertex 3.00722 46.16 44.95
      vertex 11 47.0379 45.0365
      vertex 11 46.16 44.95
    endloop
  endfacet
  facet normal 0 0.0980558 -0.995181
    outer loop
      vertex 11 47.0379 45.0365
      vertex 3.00722 46.16 44.95
      vertex 3.00722 47.0379 45.0365
    endloop
  endfacet
  facet normal -0 0.0980558 0.995181
    outer loop
      vertex 3.00722 47.0379 53.8635
      vertex 11 46.16 53.95
      vertex 11 47.0379 53.8635
    endloop
  endfacet
  facet normal 0 0.0980558 0.995181
    outer loop
      vertex 11 46.16 53.95
      vertex 3.00722 47.0379 53.8635
      vertex 3.00722 46.16 53.95
    endloop
  endfacet
  facet normal 0 -0.995181 -0.0980558
    outer loop
      vertex 3.00722 41.7465 48.5721
      vertex 11 41.66 49.45
      vertex 3.00722 41.66 49.45
    endloop
  endfacet
  facet normal 0 -0.995181 -0.0980558
    outer loop
      vertex 11 41.66 49.45
      vertex 3.00722 41.7465 48.5721
      vertex 11 41.7465 48.5721
    endloop
  endfacet
  facet normal 0 0.773022 0.634379
    outer loop
      vertex 11 49.9016 51.9501
      vertex 3.00722 49.342 52.632
      vertex 11 49.342 52.632
    endloop
  endfacet
  facet normal 0 0.773022 0.634379
    outer loop
      vertex 3.00722 49.342 52.632
      vertex 11 49.9016 51.9501
      vertex 3.00722 49.9016 51.9501
    endloop
  endfacet
  facet normal 0 0.956967 0.290196
    outer loop
      vertex 11 50.5735 50.3279
      vertex 3.00722 50.3175 51.1721
      vertex 11 50.3175 51.1721
    endloop
  endfacet
  facet normal 0 0.956967 0.290196
    outer loop
      vertex 3.00722 50.3175 51.1721
      vertex 11 50.5735 50.3279
      vertex 3.00722 50.5735 50.3279
    endloop
  endfacet
  facet normal 0 -0.471441 -0.881898
    outer loop
      vertex 3.00722 43.6599 45.7084
      vertex 11 44.4379 45.2925
      vertex 11 43.6599 45.7084
    endloop
  endfacet
  facet normal -0 -0.471441 -0.881898
    outer loop
      vertex 11 44.4379 45.2925
      vertex 3.00722 43.6599 45.7084
      vertex 3.00722 44.4379 45.2925
    endloop
  endfacet
  facet normal 0 0.290196 -0.956967
    outer loop
      vertex 3.00722 47.0379 45.0365
      vertex 11 47.8821 45.2925
      vertex 11 47.0379 45.0365
    endloop
  endfacet
  facet normal 0 0.290196 -0.956967
    outer loop
      vertex 11 47.8821 45.2925
      vertex 3.00722 47.0379 45.0365
      vertex 3.00722 47.8821 45.2925
    endloop
  endfacet
  facet normal 0 0.634379 -0.773022
    outer loop
      vertex 3.00722 48.6601 45.7084
      vertex 11 49.342 46.268
      vertex 11 48.6601 45.7084
    endloop
  endfacet
  facet normal 0 0.634379 -0.773022
    outer loop
      vertex 11 49.342 46.268
      vertex 3.00722 48.6601 45.7084
      vertex 3.00722 49.342 46.268
    endloop
  endfacet
  facet normal 0 0.995181 -0.0980558
    outer loop
      vertex 11 50.5735 48.5721
      vertex 3.00722 50.66 49.45
      vertex 11 50.66 49.45
    endloop
  endfacet
  facet normal 0 0.995181 -0.0980558
    outer loop
      vertex 3.00722 50.66 49.45
      vertex 11 50.5735 48.5721
      vertex 3.00722 50.5735 48.5721
    endloop
  endfacet
  facet normal 0 0.881898 -0.471441
    outer loop
      vertex 11 49.9016 46.9499
      vertex 3.00722 50.3175 47.7279
      vertex 11 50.3175 47.7279
    endloop
  endfacet
  facet normal 0 0.881898 -0.471441
    outer loop
      vertex 3.00722 50.3175 47.7279
      vertex 11 49.9016 46.9499
      vertex 3.00722 49.9016 46.9499
    endloop
  endfacet
  facet normal -0 0.471441 0.881898
    outer loop
      vertex 3.00722 48.6601 53.1916
      vertex 11 47.8821 53.6075
      vertex 11 48.6601 53.1916
    endloop
  endfacet
  facet normal 0 0.471441 0.881898
    outer loop
      vertex 11 47.8821 53.6075
      vertex 3.00722 48.6601 53.1916
      vertex 3.00722 47.8821 53.6075
    endloop
  endfacet
  facet normal -0 0.634379 0.773022
    outer loop
      vertex 3.00722 49.342 52.632
      vertex 11 48.6601 53.1916
      vertex 11 49.342 52.632
    endloop
  endfacet
  facet normal 0 0.634379 0.773022
    outer loop
      vertex 11 48.6601 53.1916
      vertex 3.00722 49.342 52.632
      vertex 3.00722 48.6601 53.1916
    endloop
  endfacet
  facet normal -0 0.290196 0.956967
    outer loop
      vertex 3.00722 47.8821 53.6075
      vertex 11 47.0379 53.8635
      vertex 11 47.8821 53.6075
    endloop
  endfacet
  facet normal 0 0.290196 0.956967
    outer loop
      vertex 11 47.0379 53.8635
      vertex 3.00722 47.8821 53.6075
      vertex 3.00722 47.0379 53.8635
    endloop
  endfacet
  facet normal 0 0.881898 0.471441
    outer loop
      vertex 11 50.3175 51.1721
      vertex 3.00722 49.9016 51.9501
      vertex 11 49.9016 51.9501
    endloop
  endfacet
  facet normal 0 0.881898 0.471441
    outer loop
      vertex 3.00722 49.9016 51.9501
      vertex 11 50.3175 51.1721
      vertex 3.00722 50.3175 51.1721
    endloop
  endfacet
  facet normal 0 0.995181 0.0980558
    outer loop
      vertex 11 50.66 49.45
      vertex 3.00722 50.5735 50.3279
      vertex 11 50.5735 50.3279
    endloop
  endfacet
  facet normal 0 0.995181 0.0980558
    outer loop
      vertex 3.00722 50.5735 50.3279
      vertex 11 50.66 49.45
      vertex 3.00722 50.66 49.45
    endloop
  endfacet
  facet normal 0 -0.0980558 -0.995181
    outer loop
      vertex 3.00722 45.2821 45.0365
      vertex 11 46.16 44.95
      vertex 11 45.2821 45.0365
    endloop
  endfacet
  facet normal -0 -0.0980558 -0.995181
    outer loop
      vertex 11 46.16 44.95
      vertex 3.00722 45.2821 45.0365
      vertex 3.00722 46.16 44.95
    endloop
  endfacet
  facet normal 0 0.471441 -0.881898
    outer loop
      vertex 3.00722 47.8821 45.2925
      vertex 11 48.6601 45.7084
      vertex 11 47.8821 45.2925
    endloop
  endfacet
  facet normal 0 0.471441 -0.881898
    outer loop
      vertex 11 48.6601 45.7084
      vertex 3.00722 47.8821 45.2925
      vertex 3.00722 48.6601 45.7084
    endloop
  endfacet
  facet normal 0 0.773022 -0.634379
    outer loop
      vertex 11 49.342 46.268
      vertex 3.00722 49.9016 46.9499
      vertex 11 49.9016 46.9499
    endloop
  endfacet
  facet normal 0 0.773022 -0.634379
    outer loop
      vertex 3.00722 49.9016 46.9499
      vertex 11 49.342 46.268
      vertex 3.00722 49.342 46.268
    endloop
  endfacet
  facet normal 0 0.956967 -0.290196
    outer loop
      vertex 11 50.3175 47.7279
      vertex 3.00722 50.5735 48.5721
      vertex 11 50.5735 48.5721
    endloop
  endfacet
  facet normal 0 0.956967 -0.290196
    outer loop
      vertex 3.00722 50.5735 48.5721
      vertex 11 50.3175 47.7279
      vertex 3.00722 50.3175 47.7279
    endloop
  endfacet
  facet normal 0 -0.773022 -0.634379
    outer loop
      vertex 3.00722 42.978 46.268
      vertex 11 42.4184 46.9499
      vertex 3.00722 42.4184 46.9499
    endloop
  endfacet
  facet normal 0 -0.773022 -0.634379
    outer loop
      vertex 11 42.4184 46.9499
      vertex 3.00722 42.978 46.268
      vertex 11 42.978 46.268
    endloop
  endfacet
  facet normal 0 -0.634379 -0.773022
    outer loop
      vertex 3.00722 42.978 46.268
      vertex 11 43.6599 45.7084
      vertex 11 42.978 46.268
    endloop
  endfacet
  facet normal -0 -0.634379 -0.773022
    outer loop
      vertex 11 43.6599 45.7084
      vertex 3.00722 42.978 46.268
      vertex 3.00722 43.6599 45.7084
    endloop
  endfacet
  facet normal 0 -0.290196 -0.956967
    outer loop
      vertex 3.00722 44.4379 45.2925
      vertex 11 45.2821 45.0365
      vertex 11 44.4379 45.2925
    endloop
  endfacet
  facet normal -0 -0.290196 -0.956967
    outer loop
      vertex 11 45.2821 45.0365
      vertex 3.00722 44.4379 45.2925
      vertex 3.00722 45.2821 45.0365
    endloop
  endfacet
  facet normal 0 -0.773022 0.634379
    outer loop
      vertex 3.00722 42.4184 51.9501
      vertex 11 42.978 52.632
      vertex 3.00722 42.978 52.632
    endloop
  endfacet
  facet normal 0 -0.773022 0.634379
    outer loop
      vertex 11 42.978 52.632
      vertex 3.00722 42.4184 51.9501
      vertex 11 42.4184 51.9501
    endloop
  endfacet
  facet normal 0 -0.634379 0.773022
    outer loop
      vertex 3.00722 43.6599 53.1916
      vertex 11 42.978 52.632
      vertex 11 43.6599 53.1916
    endloop
  endfacet
  facet normal 0 -0.634379 0.773022
    outer loop
      vertex 11 42.978 52.632
      vertex 3.00722 43.6599 53.1916
      vertex 3.00722 42.978 52.632
    endloop
  endfacet
  facet normal 0 -0.956967 -0.290196
    outer loop
      vertex 3.00722 42.0025 47.7279
      vertex 11 41.7465 48.5721
      vertex 3.00722 41.7465 48.5721
    endloop
  endfacet
  facet normal 0 -0.956967 -0.290196
    outer loop
      vertex 11 41.7465 48.5721
      vertex 3.00722 42.0025 47.7279
      vertex 11 42.0025 47.7279
    endloop
  endfacet
  facet normal 0 -0.956967 0.290196
    outer loop
      vertex 3.00722 41.7465 50.3279
      vertex 11 42.0025 51.1721
      vertex 3.00722 42.0025 51.1721
    endloop
  endfacet
  facet normal 0 -0.956967 0.290196
    outer loop
      vertex 11 42.0025 51.1721
      vertex 3.00722 41.7465 50.3279
      vertex 11 41.7465 50.3279
    endloop
  endfacet
  facet normal 1 0 0
    outer loop
      vertex 11 48.16 49.45
      vertex 11 50.66 49.45
      vertex 11 50.5735 50.3279
    endloop
  endfacet
  facet normal 1 0 0
    outer loop
      vertex 11 48.1216 49.8402
      vertex 11 50.5735 50.3279
      vertex 11 50.3175 51.1721
    endloop
  endfacet
  facet normal 1 0 0
    outer loop
      vertex 11 50.66 49.45
      vertex 11 48.16 49.45
      vertex 11 50.5735 48.5721
    endloop
  endfacet
  facet normal 1 0 0
    outer loop
      vertex 11 48.0078 50.2154
      vertex 11 50.3175 51.1721
      vertex 11 49.9016 51.9501
    endloop
  endfacet
  facet normal 1 -0 0
    outer loop
      vertex 11 48.1216 49.0598
      vertex 11 50.5735 48.5721
      vertex 11 48.16 49.45
    endloop
  endfacet
  facet normal 1 0 0
    outer loop
      vertex 11 47.8229 50.5611
      vertex 11 49.9016 51.9501
      vertex 11 49.342 52.632
    endloop
  endfacet
  facet normal 1 0 0
    outer loop
      vertex 11 50.5735 48.5721
      vertex 11 48.1216 49.0598
      vertex 11 50.3175 47.7279
    endloop
  endfacet
  facet normal 1 0 0
    outer loop
      vertex 11 47.5742 50.8642
      vertex 11 49.342 52.632
      vertex 11 48.6601 53.1916
    endloop
  endfacet
  facet normal 1 -0 0
    outer loop
      vertex 11 48.0078 48.6846
      vertex 11 50.3175 47.7279
      vertex 11 48.1216 49.0598
    endloop
  endfacet
  facet normal 1 0 0
    outer loop
      vertex 11 50.3175 47.7279
      vertex 11 48.0078 48.6846
      vertex 11 49.9016 46.9499
    endloop
  endfacet
  facet normal 1 0 0
    outer loop
      vertex 11 50.5735 50.3279
      vertex 11 48.1216 49.8402
      vertex 11 48.16 49.45
    endloop
  endfacet
  facet normal 1 0 0
    outer loop
      vertex 11 50.3175 51.1721
      vertex 11 48.0078 50.2154
      vertex 11 48.1216 49.8402
    endloop
  endfacet
  facet normal 1 0 0
    outer loop
      vertex 11 47.2711 51.1129
      vertex 11 48.6601 53.1916
      vertex 11 47.8821 53.6075
    endloop
  endfacet
  facet normal 1 0 0
    outer loop
      vertex 11 49.9016 51.9501
      vertex 11 47.8229 50.5611
      vertex 11 48.0078 50.2154
    endloop
  endfacet
  facet normal 1 0 0
    outer loop
      vertex 11 49.342 52.632
      vertex 11 47.5742 50.8642
      vertex 11 47.8229 50.5611
    endloop
  endfacet
  facet normal 1 0 0
    outer loop
      vertex 11 48.6601 53.1916
      vertex 11 47.2711 51.1129
      vertex 11 47.5742 50.8642
    endloop
  endfacet
  facet normal 1 0 0
    outer loop
      vertex 11 46.9254 51.2978
      vertex 11 47.8821 53.6075
      vertex 11 47.0379 53.8635
    endloop
  endfacet
  facet normal 1 0 0
    outer loop
      vertex 11 47.8821 53.6075
      vertex 11 46.9254 51.2978
      vertex 11 47.2711 51.1129
    endloop
  endfacet
  facet normal 1 0 0
    outer loop
      vertex 11 47.0379 53.8635
      vertex 11 46.5502 51.4116
      vertex 11 46.9254 51.2978
    endloop
  endfacet
  facet normal 1 0 0
    outer loop
      vertex 11 46.16 53.95
      vertex 11 46.5502 51.4116
      vertex 11 47.0379 53.8635
    endloop
  endfacet
  facet normal 1 0 0
    outer loop
      vertex 11 46.16 53.95
      vertex 11 46.16 51.45
      vertex 11 46.5502 51.4116
    endloop
  endfacet
  facet normal 1 0 0
    outer loop
      vertex 11 46.16 53.95
      vertex 11 45.7698 51.4116
      vertex 11 46.16 51.45
    endloop
  endfacet
  facet normal 1 -0 0
    outer loop
      vertex 11 45.2821 53.8635
      vertex 11 45.7698 51.4116
      vertex 11 46.16 53.95
    endloop
  endfacet
  facet normal 1 0 0
    outer loop
      vertex 11 45.7698 51.4116
      vertex 11 45.2821 53.8635
      vertex 11 45.3946 51.2978
    endloop
  endfacet
  facet normal 1 -0 0
    outer loop
      vertex 11 44.4379 53.6075
      vertex 11 45.3946 51.2978
      vertex 11 45.2821 53.8635
    endloop
  endfacet
  facet normal 1 0 0
    outer loop
      vertex 11 45.3946 51.2978
      vertex 11 44.4379 53.6075
      vertex 11 45.0489 51.1129
    endloop
  endfacet
  facet normal 1 -0 0
    outer loop
      vertex 11 43.6599 53.1916
      vertex 11 45.0489 51.1129
      vertex 11 44.4379 53.6075
    endloop
  endfacet
  facet normal 1 0 0
    outer loop
      vertex 11 45.0489 51.1129
      vertex 11 43.6599 53.1916
      vertex 11 44.7458 50.8642
    endloop
  endfacet
  facet normal 1 -0 0
    outer loop
      vertex 11 42.978 52.632
      vertex 11 44.7458 50.8642
      vertex 11 43.6599 53.1916
    endloop
  endfacet
  facet normal 1 0 0
    outer loop
      vertex 11 44.7458 50.8642
      vertex 11 42.978 52.632
      vertex 11 44.4971 50.5611
    endloop
  endfacet
  facet normal 1 -0 0
    outer loop
      vertex 11 42.4184 51.9501
      vertex 11 44.4971 50.5611
      vertex 11 42.978 52.632
    endloop
  endfacet
  facet normal 1 0 0
    outer loop
      vertex 11 44.4971 50.5611
      vertex 11 42.4184 51.9501
      vertex 11 44.3122 50.2154
    endloop
  endfacet
  facet normal 1 -0 0
    outer loop
      vertex 11 47.8229 48.3389
      vertex 11 49.9016 46.9499
      vertex 11 48.0078 48.6846
    endloop
  endfacet
  facet normal 1 0 0
    outer loop
      vertex 11 49.9016 46.9499
      vertex 11 47.8229 48.3389
      vertex 11 49.342 46.268
    endloop
  endfacet
  facet normal 1 -0 0
    outer loop
      vertex 11 47.5742 48.0358
      vertex 11 49.342 46.268
      vertex 11 47.8229 48.3389
    endloop
  endfacet
  facet normal 1 0 0
    outer loop
      vertex 11 49.342 46.268
      vertex 11 47.5742 48.0358
      vertex 11 48.6601 45.7084
    endloop
  endfacet
  facet normal 1 -0 0
    outer loop
      vertex 11 47.2711 47.7871
      vertex 11 48.6601 45.7084
      vertex 11 47.5742 48.0358
    endloop
  endfacet
  facet normal 1 0 0
    outer loop
      vertex 11 48.6601 45.7084
      vertex 11 47.2711 47.7871
      vertex 11 47.8821 45.2925
    endloop
  endfacet
  facet normal 1 -0 0
    outer loop
      vertex 11 46.9254 47.6022
      vertex 11 47.8821 45.2925
      vertex 11 47.2711 47.7871
    endloop
  endfacet
  facet normal 1 0 0
    outer loop
      vertex 11 47.8821 45.2925
      vertex 11 46.9254 47.6022
      vertex 11 47.0379 45.0365
    endloop
  endfacet
  facet normal 1 -0 0
    outer loop
      vertex 11 46.5502 47.4884
      vertex 11 47.0379 45.0365
      vertex 11 46.9254 47.6022
    endloop
  endfacet
  facet normal 1 -0 0
    outer loop
      vertex 11 46.16 47.45
      vertex 11 47.0379 45.0365
      vertex 11 46.5502 47.4884
    endloop
  endfacet
  facet normal 1 0 0
    outer loop
      vertex 11 46.16 47.45
      vertex 11 46.16 44.95
      vertex 11 47.0379 45.0365
    endloop
  endfacet
  facet normal 1 0 0
    outer loop
      vertex 11 45.7698 47.4884
      vertex 11 46.16 44.95
      vertex 11 46.16 47.45
    endloop
  endfacet
  facet normal 1 0 0
    outer loop
      vertex 11 45.2821 45.0365
      vertex 11 45.7698 47.4884
      vertex 11 45.3946 47.6022
    endloop
  endfacet
  facet normal 1 0 0
    outer loop
      vertex 11 45.7698 47.4884
      vertex 11 45.2821 45.0365
      vertex 11 46.16 44.95
    endloop
  endfacet
  facet normal 1 0 0
    outer loop
      vertex 11 44.4379 45.2925
      vertex 11 45.3946 47.6022
      vertex 11 45.0489 47.7871
    endloop
  endfacet
  facet normal 1 0 0
    outer loop
      vertex 11 43.6599 45.7084
      vertex 11 45.0489 47.7871
      vertex 11 44.7458 48.0358
    endloop
  endfacet
  facet normal 1 0 0
    outer loop
      vertex 11 42.978 46.268
      vertex 11 44.7458 48.0358
      vertex 11 44.4971 48.3389
    endloop
  endfacet
  facet normal 1 0 0
    outer loop
      vertex 11 45.3946 47.6022
      vertex 11 44.4379 45.2925
      vertex 11 45.2821 45.0365
    endloop
  endfacet
  facet normal 1 0 0
    outer loop
      vertex 11 42.4184 46.9499
      vertex 11 44.4971 48.3389
      vertex 11 44.3122 48.6846
    endloop
  endfacet
  facet normal 1 0 0
    outer loop
      vertex 11 42.0025 47.7279
      vertex 11 44.3122 48.6846
      vertex 11 44.1984 49.0598
    endloop
  endfacet
  facet normal 1 0 0
    outer loop
      vertex 11 41.7465 48.5721
      vertex 11 44.1984 49.0598
      vertex 11 44.16 49.45
    endloop
  endfacet
  facet normal 1 -0 0
    outer loop
      vertex 11 42.0025 51.1721
      vertex 11 44.3122 50.2154
      vertex 11 42.4184 51.9501
    endloop
  endfacet
  facet normal 1 0 0
    outer loop
      vertex 11 45.0489 47.7871
      vertex 11 43.6599 45.7084
      vertex 11 44.4379 45.2925
    endloop
  endfacet
  facet normal 1 0 0
    outer loop
      vertex 11 44.3122 50.2154
      vertex 11 42.0025 51.1721
      vertex 11 44.1984 49.8402
    endloop
  endfacet
  facet normal 1 0 0
    outer loop
      vertex 11 44.7458 48.0358
      vertex 11 42.978 46.268
      vertex 11 43.6599 45.7084
    endloop
  endfacet
  facet normal 1 -0 0
    outer loop
      vertex 11 41.7465 50.3279
      vertex 11 44.1984 49.8402
      vertex 11 42.0025 51.1721
    endloop
  endfacet
  facet normal 1 0 0
    outer loop
      vertex 11 44.4971 48.3389
      vertex 11 42.4184 46.9499
      vertex 11 42.978 46.268
    endloop
  endfacet
  facet normal 1 0 0
    outer loop
      vertex 11 44.1984 49.8402
      vertex 11 41.7465 50.3279
      vertex 11 44.16 49.45
    endloop
  endfacet
  facet normal 1 0 0
    outer loop
      vertex 11 44.3122 48.6846
      vertex 11 42.0025 47.7279
      vertex 11 42.4184 46.9499
    endloop
  endfacet
  facet normal 1 0 0
    outer loop
      vertex 11 41.66 49.45
      vertex 11 44.16 49.45
      vertex 11 41.7465 50.3279
    endloop
  endfacet
  facet normal 1 0 0
    outer loop
      vertex 11 44.1984 49.0598
      vertex 11 41.7465 48.5721
      vertex 11 42.0025 47.7279
    endloop
  endfacet
  facet normal 1 0 0
    outer loop
      vertex 11 44.16 49.45
      vertex 11 41.66 49.45
      vertex 11 41.7465 48.5721
    endloop
  endfacet
  facet normal 0 -0.881898 0.471441
    outer loop
      vertex 3.00722 42.0025 51.1721
      vertex 11 42.4184 51.9501
      vertex 3.00722 42.4184 51.9501
    endloop
  endfacet
  facet normal 0 -0.881898 0.471441
    outer loop
      vertex 11 42.4184 51.9501
      vertex 3.00722 42.0025 51.1721
      vertex 11 42.0025 51.1721
    endloop
  endfacet
  facet normal 0 -0.471441 0.881898
    outer loop
      vertex 3.00722 44.4379 53.6075
      vertex 11 43.6599 53.1916
      vertex 11 44.4379 53.6075
    endloop
  endfacet
  facet normal 0 -0.471441 0.881898
    outer loop
      vertex 11 43.6599 53.1916
      vertex 3.00722 44.4379 53.6075
      vertex 3.00722 43.6599 53.1916
    endloop
  endfacet
  facet normal 0 -0.290196 0.956967
    outer loop
      vertex 3.00722 45.2821 53.8635
      vertex 11 44.4379 53.6075
      vertex 11 45.2821 53.8635
    endloop
  endfacet
  facet normal 0 -0.290196 0.956967
    outer loop
      vertex 11 44.4379 53.6075
      vertex 3.00722 45.2821 53.8635
      vertex 3.00722 44.4379 53.6075
    endloop
  endfacet
  facet normal 0 -0.0980558 0.995181
    outer loop
      vertex 3.00722 46.16 53.95
      vertex 11 45.2821 53.8635
      vertex 11 46.16 53.95
    endloop
  endfacet
  facet normal 0 -0.0980558 0.995181
    outer loop
      vertex 11 45.2821 53.8635
      vertex 3.00722 46.16 53.95
      vertex 3.00722 45.2821 53.8635
    endloop
  endfacet
  facet normal 0 -0.881898 -0.471441
    outer loop
      vertex 3.00722 42.4184 46.9499
      vertex 11 42.0025 47.7279
      vertex 3.00722 42.0025 47.7279
    endloop
  endfacet
  facet normal 0 -0.881898 -0.471441
    outer loop
      vertex 11 42.0025 47.7279
      vertex 3.00722 42.4184 46.9499
      vertex 11 42.4184 46.9499
    endloop
  endfacet
  facet normal 0 -0.995181 0.0980558
    outer loop
      vertex 3.00722 41.66 49.45
      vertex 11 41.7465 50.3279
      vertex 3.00722 41.7465 50.3279
    endloop
  endfacet
  facet normal 0 -0.995181 0.0980558
    outer loop
      vertex 11 41.7465 50.3279
      vertex 3.00722 41.66 49.45
      vertex 11 41.66 49.45
    endloop
  endfacet
  facet normal 0 0.0980447 -0.995182
    outer loop
      vertex 3.00722 201.1 90.67
      vertex 11 201.978 90.7565
      vertex 11 201.1 90.67
    endloop
  endfacet
  facet normal 0 0.0980447 -0.995182
    outer loop
      vertex 11 201.978 90.7565
      vertex 3.00722 201.1 90.67
      vertex 3.00722 201.978 90.7565
    endloop
  endfacet
  facet normal 0 -0.0980447 0.995182
    outer loop
      vertex 3.00722 201.1 99.67
      vertex 11 200.222 99.5835
      vertex 11 201.1 99.67
    endloop
  endfacet
  facet normal 0 -0.0980447 0.995182
    outer loop
      vertex 11 200.222 99.5835
      vertex 3.00722 201.1 99.67
      vertex 3.00722 200.222 99.5835
    endloop
  endfacet
  facet normal 0 0.995236 0.0974944
    outer loop
      vertex 11 205.6 95.17
      vertex 3.00722 205.514 96.0479
      vertex 11 205.514 96.0479
    endloop
  endfacet
  facet normal 0 0.995236 0.0974944
    outer loop
      vertex 3.00722 205.514 96.0479
      vertex 11 205.6 95.17
      vertex 3.00722 205.6 95.17
    endloop
  endfacet
  facet normal 0 -0.995236 -0.0974944
    outer loop
      vertex 3.00722 196.686 94.2921
      vertex 11 196.6 95.17
      vertex 3.00722 196.6 95.17
    endloop
  endfacet
  facet normal 0 -0.995236 -0.0974944
    outer loop
      vertex 11 196.6 95.17
      vertex 3.00722 196.686 94.2921
      vertex 11 196.686 94.2921
    endloop
  endfacet
  facet normal -0 0.634324 0.773068
    outer loop
      vertex 3.00722 204.282 98.352
      vertex 11 203.6 98.9116
      vertex 11 204.282 98.352
    endloop
  endfacet
  facet normal 0 0.634324 0.773068
    outer loop
      vertex 11 203.6 98.9116
      vertex 3.00722 204.282 98.352
      vertex 3.00722 203.6 98.9116
    endloop
  endfacet
  facet normal 0 0.882322 0.470647
    outer loop
      vertex 11 205.257 96.8921
      vertex 3.00722 204.842 97.6701
      vertex 11 204.842 97.6701
    endloop
  endfacet
  facet normal 0 0.882322 0.470647
    outer loop
      vertex 3.00722 204.842 97.6701
      vertex 11 205.257 96.8921
      vertex 3.00722 205.257 96.8921
    endloop
  endfacet
  facet normal 0 -0.290259 -0.956948
    outer loop
      vertex 3.00722 199.378 91.0125
      vertex 11 200.222 90.7565
      vertex 11 199.378 91.0125
    endloop
  endfacet
  facet normal -0 -0.290259 -0.956948
    outer loop
      vertex 11 200.222 90.7565
      vertex 3.00722 199.378 91.0125
      vertex 3.00722 200.222 90.7565
    endloop
  endfacet
  facet normal 0 0.290259 -0.956948
    outer loop
      vertex 3.00722 201.978 90.7565
      vertex 11 202.822 91.0125
      vertex 11 201.978 90.7565
    endloop
  endfacet
  facet normal 0 0.290259 -0.956948
    outer loop
      vertex 11 202.822 91.0125
      vertex 3.00722 201.978 90.7565
      vertex 3.00722 202.822 91.0125
    endloop
  endfacet
  facet normal 0 0.634324 -0.773068
    outer loop
      vertex 3.00722 203.6 91.4284
      vertex 11 204.282 91.988
      vertex 11 203.6 91.4284
    endloop
  endfacet
  facet normal 0 0.634324 -0.773068
    outer loop
      vertex 11 204.282 91.988
      vertex 3.00722 203.6 91.4284
      vertex 3.00722 204.282 91.988
    endloop
  endfacet
  facet normal 0 0.995236 -0.0974944
    outer loop
      vertex 11 205.514 94.2921
      vertex 3.00722 205.6 95.17
      vertex 11 205.6 95.17
    endloop
  endfacet
  facet normal 0 0.995236 -0.0974944
    outer loop
      vertex 3.00722 205.6 95.17
      vertex 11 205.514 94.2921
      vertex 3.00722 205.514 94.2921
    endloop
  endfacet
  facet normal 0 0.882322 -0.470647
    outer loop
      vertex 11 204.842 92.6699
      vertex 3.00722 205.257 93.4479
      vertex 11 205.257 93.4479
    endloop
  endfacet
  facet normal 0 0.882322 -0.470647
    outer loop
      vertex 3.00722 205.257 93.4479
      vertex 11 204.842 92.6699
      vertex 3.00722 204.842 92.6699
    endloop
  endfacet
  facet normal -0 0.290259 0.956948
    outer loop
      vertex 3.00722 202.822 99.3275
      vertex 11 201.978 99.5835
      vertex 11 202.822 99.3275
    endloop
  endfacet
  facet normal 0 0.290259 0.956948
    outer loop
      vertex 11 201.978 99.5835
      vertex 3.00722 202.822 99.3275
      vertex 3.00722 201.978 99.5835
    endloop
  endfacet
  facet normal -0 0.471441 0.881898
    outer loop
      vertex 3.00722 203.6 98.9116
      vertex 11 202.822 99.3275
      vertex 11 203.6 98.9116
    endloop
  endfacet
  facet normal 0 0.471441 0.881898
    outer loop
      vertex 11 202.822 99.3275
      vertex 3.00722 203.6 98.9116
      vertex 3.00722 202.822 99.3275
    endloop
  endfacet
  facet normal -0 0.0980447 0.995182
    outer loop
      vertex 3.00722 201.978 99.5835
      vertex 11 201.1 99.67
      vertex 11 201.978 99.5835
    endloop
  endfacet
  facet normal 0 0.0980447 0.995182
    outer loop
      vertex 11 201.1 99.67
      vertex 3.00722 201.978 99.5835
      vertex 3.00722 201.1 99.67
    endloop
  endfacet
  facet normal 0 0.7728 0.63465
    outer loop
      vertex 11 204.842 97.6701
      vertex 3.00722 204.282 98.352
      vertex 11 204.282 98.352
    endloop
  endfacet
  facet normal 0 0.7728 0.63465
    outer loop
      vertex 3.00722 204.282 98.352
      vertex 11 204.842 97.6701
      vertex 3.00722 204.842 97.6701
    endloop
  endfacet
  facet normal 0 0.956652 0.291234
    outer loop
      vertex 11 205.514 96.0479
      vertex 3.00722 205.257 96.8921
      vertex 11 205.257 96.8921
    endloop
  endfacet
  facet normal 0 0.956652 0.291234
    outer loop
      vertex 3.00722 205.257 96.8921
      vertex 11 205.514 96.0479
      vertex 3.00722 205.514 96.0479
    endloop
  endfacet
  facet normal 0 -0.0980447 -0.995182
    outer loop
      vertex 3.00722 200.222 90.7565
      vertex 11 201.1 90.67
      vertex 11 200.222 90.7565
    endloop
  endfacet
  facet normal -0 -0.0980447 -0.995182
    outer loop
      vertex 11 201.1 90.67
      vertex 3.00722 200.222 90.7565
      vertex 3.00722 201.1 90.67
    endloop
  endfacet
  facet normal 1 0 0
    outer loop
      vertex 11 203.1 95.17
      vertex 11 205.6 95.17
      vertex 11 205.514 96.0479
    endloop
  endfacet
  facet normal 1 0 0
    outer loop
      vertex 11 203.062 95.5602
      vertex 11 205.514 96.0479
      vertex 11 205.257 96.8921
    endloop
  endfacet
  facet normal 1 0 0
    outer loop
      vertex 11 205.6 95.17
      vertex 11 203.1 95.17
      vertex 11 205.514 94.2921
    endloop
  endfacet
  facet normal 1 0 0
    outer loop
      vertex 11 202.948 95.9354
      vertex 11 205.257 96.8921
      vertex 11 204.842 97.6701
    endloop
  endfacet
  facet normal 1 -0 0
    outer loop
      vertex 11 203.062 94.7798
      vertex 11 205.514 94.2921
      vertex 11 203.1 95.17
    endloop
  endfacet
  facet normal 1 0 0
    outer loop
      vertex 11 202.763 96.2811
      vertex 11 204.842 97.6701
      vertex 11 204.282 98.352
    endloop
  endfacet
  facet normal 1 0 0
    outer loop
      vertex 11 205.514 94.2921
      vertex 11 203.062 94.7798
      vertex 11 205.257 93.4479
    endloop
  endfacet
  facet normal 1 0 0
    outer loop
      vertex 11 202.514 96.5842
      vertex 11 204.282 98.352
      vertex 11 203.6 98.9116
    endloop
  endfacet
  facet normal 1 -0 0
    outer loop
      vertex 11 202.948 94.4046
      vertex 11 205.257 93.4479
      vertex 11 203.062 94.7798
    endloop
  endfacet
  facet normal 1 0 0
    outer loop
      vertex 11 205.257 93.4479
      vertex 11 202.948 94.4046
      vertex 11 204.842 92.6699
    endloop
  endfacet
  facet normal 1 0 0
    outer loop
      vertex 11 205.514 96.0479
      vertex 11 203.062 95.5602
      vertex 11 203.1 95.17
    endloop
  endfacet
  facet normal 1 0 0
    outer loop
      vertex 11 205.257 96.8921
      vertex 11 202.948 95.9354
      vertex 11 203.062 95.5602
    endloop
  endfacet
  facet normal 1 0 0
    outer loop
      vertex 11 202.211 96.8329
      vertex 11 203.6 98.9116
      vertex 11 202.822 99.3275
    endloop
  endfacet
  facet normal 1 0 0
    outer loop
      vertex 11 204.842 97.6701
      vertex 11 202.763 96.2811
      vertex 11 202.948 95.9354
    endloop
  endfacet
  facet normal 1 0 0
    outer loop
      vertex 11 204.282 98.352
      vertex 11 202.514 96.5842
      vertex 11 202.763 96.2811
    endloop
  endfacet
  facet normal 1 0 0
    outer loop
      vertex 11 203.6 98.9116
      vertex 11 202.211 96.8329
      vertex 11 202.514 96.5842
    endloop
  endfacet
  facet normal 1 0 0
    outer loop
      vertex 11 201.865 97.0178
      vertex 11 202.822 99.3275
      vertex 11 201.978 99.5835
    endloop
  endfacet
  facet normal 1 0 0
    outer loop
      vertex 11 202.822 99.3275
      vertex 11 201.865 97.0178
      vertex 11 202.211 96.8329
    endloop
  endfacet
  facet normal 1 0 0
    outer loop
      vertex 11 201.978 99.5835
      vertex 11 201.49 97.1316
      vertex 11 201.865 97.0178
    endloop
  endfacet
  facet normal 1 0 0
    outer loop
      vertex 11 201.1 99.67
      vertex 11 201.49 97.1316
      vertex 11 201.978 99.5835
    endloop
  endfacet
  facet normal 1 0 0
    outer loop
      vertex 11 201.1 99.67
      vertex 11 201.1 97.17
      vertex 11 201.49 97.1316
    endloop
  endfacet
  facet normal 1 0 0
    outer loop
      vertex 11 201.1 99.67
      vertex 11 200.71 97.1316
      vertex 11 201.1 97.17
    endloop
  endfacet
  facet normal 1 -0 0
    outer loop
      vertex 11 200.222 99.5835
      vertex 11 200.71 97.1316
      vertex 11 201.1 99.67
    endloop
  endfacet
  facet normal 1 0 0
    outer loop
      vertex 11 200.71 97.1316
      vertex 11 200.222 99.5835
      vertex 11 200.335 97.0178
    endloop
  endfacet
  facet normal 1 -0 0
    outer loop
      vertex 11 199.378 99.3275
      vertex 11 200.335 97.0178
      vertex 11 200.222 99.5835
    endloop
  endfacet
  facet normal 1 0 0
    outer loop
      vertex 11 200.335 97.0178
      vertex 11 199.378 99.3275
      vertex 11 199.989 96.8329
    endloop
  endfacet
  facet normal 1 -0 0
    outer loop
      vertex 11 198.6 98.9116
      vertex 11 199.989 96.8329
      vertex 11 199.378 99.3275
    endloop
  endfacet
  facet normal 1 0 0
    outer loop
      vertex 11 199.989 96.8329
      vertex 11 198.6 98.9116
      vertex 11 199.686 96.5842
    endloop
  endfacet
  facet normal 1 -0 0
    outer loop
      vertex 11 197.918 98.352
      vertex 11 199.686 96.5842
      vertex 11 198.6 98.9116
    endloop
  endfacet
  facet normal 1 0 0
    outer loop
      vertex 11 199.686 96.5842
      vertex 11 197.918 98.352
      vertex 11 199.437 96.2811
    endloop
  endfacet
  facet normal 1 -0 0
    outer loop
      vertex 11 197.358 97.6701
      vertex 11 199.437 96.2811
      vertex 11 197.918 98.352
    endloop
  endfacet
  facet normal 1 0 0
    outer loop
      vertex 11 199.437 96.2811
      vertex 11 197.358 97.6701
      vertex 11 199.252 95.9354
    endloop
  endfacet
  facet normal 1 -0 0
    outer loop
      vertex 11 202.763 94.0589
      vertex 11 204.842 92.6699
      vertex 11 202.948 94.4046
    endloop
  endfacet
  facet normal 1 0 0
    outer loop
      vertex 11 204.842 92.6699
      vertex 11 202.763 94.0589
      vertex 11 204.282 91.988
    endloop
  endfacet
  facet normal 1 -0 0
    outer loop
      vertex 11 202.514 93.7558
      vertex 11 204.282 91.988
      vertex 11 202.763 94.0589
    endloop
  endfacet
  facet normal 1 0 0
    outer loop
      vertex 11 204.282 91.988
      vertex 11 202.514 93.7558
      vertex 11 203.6 91.4284
    endloop
  endfacet
  facet normal 1 -0 0
    outer loop
      vertex 11 202.211 93.5071
      vertex 11 203.6 91.4284
      vertex 11 202.514 93.7558
    endloop
  endfacet
  facet normal 1 0 0
    outer loop
      vertex 11 203.6 91.4284
      vertex 11 202.211 93.5071
      vertex 11 202.822 91.0125
    endloop
  endfacet
  facet normal 1 -0 0
    outer loop
      vertex 11 201.865 93.3222
      vertex 11 202.822 91.0125
      vertex 11 202.211 93.5071
    endloop
  endfacet
  facet normal 1 0 0
    outer loop
      vertex 11 202.822 91.0125
      vertex 11 201.865 93.3222
      vertex 11 201.978 90.7565
    endloop
  endfacet
  facet normal 1 -0 0
    outer loop
      vertex 11 201.49 93.2084
      vertex 11 201.978 90.7565
      vertex 11 201.865 93.3222
    endloop
  endfacet
  facet normal 1 -0 0
    outer loop
      vertex 11 201.1 93.17
      vertex 11 201.978 90.7565
      vertex 11 201.49 93.2084
    endloop
  endfacet
  facet normal 1 0 0
    outer loop
      vertex 11 201.1 93.17
      vertex 11 201.1 90.67
      vertex 11 201.978 90.7565
    endloop
  endfacet
  facet normal 1 0 0
    outer loop
      vertex 11 200.71 93.2084
      vertex 11 201.1 90.67
      vertex 11 201.1 93.17
    endloop
  endfacet
  facet normal 1 0 0
    outer loop
      vertex 11 200.222 90.7565
      vertex 11 200.71 93.2084
      vertex 11 200.335 93.3222
    endloop
  endfacet
  facet normal 1 0 0
    outer loop
      vertex 11 200.71 93.2084
      vertex 11 200.222 90.7565
      vertex 11 201.1 90.67
    endloop
  endfacet
  facet normal 1 0 0
    outer loop
      vertex 11 199.378 91.0125
      vertex 11 200.335 93.3222
      vertex 11 199.989 93.5071
    endloop
  endfacet
  facet normal 1 0 0
    outer loop
      vertex 11 198.6 91.4284
      vertex 11 199.989 93.5071
      vertex 11 199.686 93.7558
    endloop
  endfacet
  facet normal 1 0 0
    outer loop
      vertex 11 197.918 91.988
      vertex 11 199.686 93.7558
      vertex 11 199.437 94.0589
    endloop
  endfacet
  facet normal 1 0 0
    outer loop
      vertex 11 200.335 93.3222
      vertex 11 199.378 91.0125
      vertex 11 200.222 90.7565
    endloop
  endfacet
  facet normal 1 0 0
    outer loop
      vertex 11 197.358 92.6699
      vertex 11 199.437 94.0589
      vertex 11 199.252 94.4046
    endloop
  endfacet
  facet normal 1 0 0
    outer loop
      vertex 11 196.943 93.4479
      vertex 11 199.252 94.4046
      vertex 11 199.138 94.7798
    endloop
  endfacet
  facet normal 1 0 0
    outer loop
      vertex 11 196.686 94.2921
      vertex 11 199.138 94.7798
      vertex 11 199.1 95.17
    endloop
  endfacet
  facet normal 1 -0 0
    outer loop
      vertex 11 196.943 96.8921
      vertex 11 199.252 95.9354
      vertex 11 197.358 97.6701
    endloop
  endfacet
  facet normal 1 0 0
    outer loop
      vertex 11 199.989 93.5071
      vertex 11 198.6 91.4284
      vertex 11 199.378 91.0125
    endloop
  endfacet
  facet normal 1 0 0
    outer loop
      vertex 11 199.252 95.9354
      vertex 11 196.943 96.8921
      vertex 11 199.138 95.5602
    endloop
  endfacet
  facet normal 1 0 0
    outer loop
      vertex 11 199.686 93.7558
      vertex 11 197.918 91.988
      vertex 11 198.6 91.4284
    endloop
  endfacet
  facet normal 1 -0 0
    outer loop
      vertex 11 196.686 96.0479
      vertex 11 199.138 95.5602
      vertex 11 196.943 96.8921
    endloop
  endfacet
  facet normal 1 0 0
    outer loop
      vertex 11 199.437 94.0589
      vertex 11 197.358 92.6699
      vertex 11 197.918 91.988
    endloop
  endfacet
  facet normal 1 0 0
    outer loop
      vertex 11 199.138 95.5602
      vertex 11 196.686 96.0479
      vertex 11 199.1 95.17
    endloop
  endfacet
  facet normal 1 0 0
    outer loop
      vertex 11 199.252 94.4046
      vertex 11 196.943 93.4479
      vertex 11 197.358 92.6699
    endloop
  endfacet
  facet normal 1 0 0
    outer loop
      vertex 11 196.6 95.17
      vertex 11 199.1 95.17
      vertex 11 196.686 96.0479
    endloop
  endfacet
  facet normal 1 0 0
    outer loop
      vertex 11 199.138 94.7798
      vertex 11 196.686 94.2921
      vertex 11 196.943 93.4479
    endloop
  endfacet
  facet normal 1 0 0
    outer loop
      vertex 11 199.1 95.17
      vertex 11 196.6 95.17
      vertex 11 196.686 94.2921
    endloop
  endfacet
  facet normal 0 -0.956652 -0.291234
    outer loop
      vertex 3.00722 196.943 93.4479
      vertex 11 196.686 94.2921
      vertex 3.00722 196.686 94.2921
    endloop
  endfacet
  facet normal 0 -0.956652 -0.291234
    outer loop
      vertex 11 196.686 94.2921
      vertex 3.00722 196.943 93.4479
      vertex 11 196.943 93.4479
    endloop
  endfacet
  facet normal 0 0.471441 -0.881898
    outer loop
      vertex 3.00722 202.822 91.0125
      vertex 11 203.6 91.4284
      vertex 11 202.822 91.0125
    endloop
  endfacet
  facet normal 0 0.471441 -0.881898
    outer loop
      vertex 11 203.6 91.4284
      vertex 3.00722 202.822 91.0125
      vertex 3.00722 203.6 91.4284
    endloop
  endfacet
  facet normal 0 0.7728 -0.63465
    outer loop
      vertex 11 204.282 91.988
      vertex 3.00722 204.842 92.6699
      vertex 11 204.842 92.6699
    endloop
  endfacet
  facet normal 0 0.7728 -0.63465
    outer loop
      vertex 3.00722 204.842 92.6699
      vertex 11 204.282 91.988
      vertex 3.00722 204.282 91.988
    endloop
  endfacet
  facet normal 0 0.956652 -0.291234
    outer loop
      vertex 11 205.257 93.4479
      vertex 3.00722 205.514 94.2921
      vertex 11 205.514 94.2921
    endloop
  endfacet
  facet normal 0 0.956652 -0.291234
    outer loop
      vertex 3.00722 205.514 94.2921
      vertex 11 205.257 93.4479
      vertex 3.00722 205.257 93.4479
    endloop
  endfacet
  facet normal 0 -0.471441 -0.881898
    outer loop
      vertex 3.00722 198.6 91.4284
      vertex 11 199.378 91.0125
      vertex 11 198.6 91.4284
    endloop
  endfacet
  facet normal -0 -0.471441 -0.881898
    outer loop
      vertex 11 199.378 91.0125
      vertex 3.00722 198.6 91.4284
      vertex 3.00722 199.378 91.0125
    endloop
  endfacet
  facet normal 0 -0.882322 0.470647
    outer loop
      vertex 3.00722 196.943 96.8921
      vertex 11 197.358 97.6701
      vertex 3.00722 197.358 97.6701
    endloop
  endfacet
  facet normal 0 -0.882322 0.470647
    outer loop
      vertex 11 197.358 97.6701
      vertex 3.00722 196.943 96.8921
      vertex 11 196.943 96.8921
    endloop
  endfacet
  facet normal 0 -0.7728 0.63465
    outer loop
      vertex 3.00722 197.358 97.6701
      vertex 11 197.918 98.352
      vertex 3.00722 197.918 98.352
    endloop
  endfacet
  facet normal 0 -0.7728 0.63465
    outer loop
      vertex 11 197.918 98.352
      vertex 3.00722 197.358 97.6701
      vertex 11 197.358 97.6701
    endloop
  endfacet
  facet normal 0 -0.7728 -0.63465
    outer loop
      vertex 3.00722 197.918 91.988
      vertex 11 197.358 92.6699
      vertex 3.00722 197.358 92.6699
    endloop
  endfacet
  facet normal 0 -0.7728 -0.63465
    outer loop
      vertex 11 197.358 92.6699
      vertex 3.00722 197.918 91.988
      vertex 11 197.918 91.988
    endloop
  endfacet
  facet normal 0 -0.882322 -0.470647
    outer loop
      vertex 3.00722 197.358 92.6699
      vertex 11 196.943 93.4479
      vertex 3.00722 196.943 93.4479
    endloop
  endfacet
  facet normal 0 -0.882322 -0.470647
    outer loop
      vertex 11 196.943 93.4479
      vertex 3.00722 197.358 92.6699
      vertex 11 197.358 92.6699
    endloop
  endfacet
  facet normal 0 -0.995236 0.0974944
    outer loop
      vertex 3.00722 196.6 95.17
      vertex 11 196.686 96.0479
      vertex 3.00722 196.686 96.0479
    endloop
  endfacet
  facet normal 0 -0.995236 0.0974944
    outer loop
      vertex 11 196.686 96.0479
      vertex 3.00722 196.6 95.17
      vertex 11 196.6 95.17
    endloop
  endfacet
  facet normal 0 -0.956652 0.291234
    outer loop
      vertex 3.00722 196.686 96.0479
      vertex 11 196.943 96.8921
      vertex 3.00722 196.943 96.8921
    endloop
  endfacet
  facet normal 0 -0.956652 0.291234
    outer loop
      vertex 11 196.943 96.8921
      vertex 3.00722 196.686 96.0479
      vertex 11 196.686 96.0479
    endloop
  endfacet
  facet normal 0 -0.634324 0.773068
    outer loop
      vertex 3.00722 198.6 98.9116
      vertex 11 197.918 98.352
      vertex 11 198.6 98.9116
    endloop
  endfacet
  facet normal 0 -0.634324 0.773068
    outer loop
      vertex 11 197.918 98.352
      vertex 3.00722 198.6 98.9116
      vertex 3.00722 197.918 98.352
    endloop
  endfacet
  facet normal 0 -0.471441 0.881898
    outer loop
      vertex 3.00722 199.378 99.3275
      vertex 11 198.6 98.9116
      vertex 11 199.378 99.3275
    endloop
  endfacet
  facet normal 0 -0.471441 0.881898
    outer loop
      vertex 11 198.6 98.9116
      vertex 3.00722 199.378 99.3275
      vertex 3.00722 198.6 98.9116
    endloop
  endfacet
  facet normal 0 -0.290259 0.956948
    outer loop
      vertex 3.00722 200.222 99.5835
      vertex 11 199.378 99.3275
      vertex 11 200.222 99.5835
    endloop
  endfacet
  facet normal 0 -0.290259 0.956948
    outer loop
      vertex 11 199.378 99.3275
      vertex 3.00722 200.222 99.5835
      vertex 3.00722 199.378 99.3275
    endloop
  endfacet
  facet normal 0 -0.634324 -0.773068
    outer loop
      vertex 3.00722 197.918 91.988
      vertex 11 198.6 91.4284
      vertex 11 197.918 91.988
    endloop
  endfacet
  facet normal -0 -0.634324 -0.773068
    outer loop
      vertex 11 198.6 91.4284
      vertex 3.00722 197.918 91.988
      vertex 3.00722 198.6 91.4284
    endloop
  endfacet
  facet normal 0 0.0980447 -0.995182
    outer loop
      vertex 3.00722 201.1 24.63
      vertex 11 201.978 24.7165
      vertex 11 201.1 24.63
    endloop
  endfacet
  facet normal 0 0.0980447 -0.995182
    outer loop
      vertex 11 201.978 24.7165
      vertex 3.00722 201.1 24.63
      vertex 3.00722 201.978 24.7165
    endloop
  endfacet
  facet normal 0 -0.0980447 0.995182
    outer loop
      vertex 3.00722 201.1 33.63
      vertex 11 200.222 33.5435
      vertex 11 201.1 33.63
    endloop
  endfacet
  facet normal 0 -0.0980447 0.995182
    outer loop
      vertex 11 200.222 33.5435
      vertex 3.00722 201.1 33.63
      vertex 3.00722 200.222 33.5435
    endloop
  endfacet
  facet normal 0 0.995236 0.0974944
    outer loop
      vertex 11 205.6 29.13
      vertex 3.00722 205.514 30.0079
      vertex 11 205.514 30.0079
    endloop
  endfacet
  facet normal 0 0.995236 0.0974944
    outer loop
      vertex 3.00722 205.514 30.0079
      vertex 11 205.6 29.13
      vertex 3.00722 205.6 29.13
    endloop
  endfacet
  facet normal 0 -0.995236 -0.0974944
    outer loop
      vertex 3.00722 196.686 28.2521
      vertex 11 196.6 29.13
      vertex 3.00722 196.6 29.13
    endloop
  endfacet
  facet normal 0 -0.995236 -0.0974944
    outer loop
      vertex 11 196.6 29.13
      vertex 3.00722 196.686 28.2521
      vertex 11 196.686 28.2521
    endloop
  endfacet
  facet normal 0 -0.634324 -0.773068
    outer loop
      vertex 3.00722 197.918 25.948
      vertex 11 198.6 25.3884
      vertex 11 197.918 25.948
    endloop
  endfacet
  facet normal -0 -0.634324 -0.773068
    outer loop
      vertex 11 198.6 25.3884
      vertex 3.00722 197.918 25.948
      vertex 3.00722 198.6 25.3884
    endloop
  endfacet
  facet normal -0 0.634324 0.773068
    outer loop
      vertex 3.00722 204.282 32.312
      vertex 11 203.6 32.8716
      vertex 11 204.282 32.312
    endloop
  endfacet
  facet normal 0 0.634324 0.773068
    outer loop
      vertex 11 203.6 32.8716
      vertex 3.00722 204.282 32.312
      vertex 3.00722 203.6 32.8716
    endloop
  endfacet
  facet normal 0 0.882322 0.470647
    outer loop
      vertex 11 205.257 30.8521
      vertex 3.00722 204.842 31.6301
      vertex 11 204.842 31.6301
    endloop
  endfacet
  facet normal 0 0.882322 0.470647
    outer loop
      vertex 3.00722 204.842 31.6301
      vertex 11 205.257 30.8521
      vertex 3.00722 205.257 30.8521
    endloop
  endfacet
  facet normal 0 0.290259 -0.956948
    outer loop
      vertex 3.00722 201.978 24.7165
      vertex 11 202.822 24.9725
      vertex 11 201.978 24.7165
    endloop
  endfacet
  facet normal 0 0.290259 -0.956948
    outer loop
      vertex 11 202.822 24.9725
      vertex 3.00722 201.978 24.7165
      vertex 3.00722 202.822 24.9725
    endloop
  endfacet
  facet normal 0 0.634324 -0.773068
    outer loop
      vertex 3.00722 203.6 25.3884
      vertex 11 204.282 25.948
      vertex 11 203.6 25.3884
    endloop
  endfacet
  facet normal 0 0.634324 -0.773068
    outer loop
      vertex 11 204.282 25.948
      vertex 3.00722 203.6 25.3884
      vertex 3.00722 204.282 25.948
    endloop
  endfacet
  facet normal 0 0.995236 -0.0974944
    outer loop
      vertex 11 205.514 28.2521
      vertex 3.00722 205.6 29.13
      vertex 11 205.6 29.13
    endloop
  endfacet
  facet normal 0 0.995236 -0.0974944
    outer loop
      vertex 3.00722 205.6 29.13
      vertex 11 205.514 28.2521
      vertex 3.00722 205.514 28.2521
    endloop
  endfacet
  facet normal 0 0.882322 -0.470647
    outer loop
      vertex 11 204.842 26.6299
      vertex 3.00722 205.257 27.4079
      vertex 11 205.257 27.4079
    endloop
  endfacet
  facet normal 0 0.882322 -0.470647
    outer loop
      vertex 3.00722 205.257 27.4079
      vertex 11 204.842 26.6299
      vertex 3.00722 204.842 26.6299
    endloop
  endfacet
  facet normal -0 0.290259 0.956948
    outer loop
      vertex 3.00722 202.822 33.2875
      vertex 11 201.978 33.5435
      vertex 11 202.822 33.2875
    endloop
  endfacet
  facet normal 0 0.290259 0.956948
    outer loop
      vertex 11 201.978 33.5435
      vertex 3.00722 202.822 33.2875
      vertex 3.00722 201.978 33.5435
    endloop
  endfacet
  facet normal -0 0.471441 0.881898
    outer loop
      vertex 3.00722 203.6 32.8716
      vertex 11 202.822 33.2875
      vertex 11 203.6 32.8716
    endloop
  endfacet
  facet normal 0 0.471441 0.881898
    outer loop
      vertex 11 202.822 33.2875
      vertex 3.00722 203.6 32.8716
      vertex 3.00722 202.822 33.2875
    endloop
  endfacet
  facet normal -0 0.0980447 0.995182
    outer loop
      vertex 3.00722 201.978 33.5435
      vertex 11 201.1 33.63
      vertex 11 201.978 33.5435
    endloop
  endfacet
  facet normal 0 0.0980447 0.995182
    outer loop
      vertex 11 201.1 33.63
      vertex 3.00722 201.978 33.5435
      vertex 3.00722 201.1 33.63
    endloop
  endfacet
  facet normal 0 0.7728 0.63465
    outer loop
      vertex 11 204.842 31.6301
      vertex 3.00722 204.282 32.312
      vertex 11 204.282 32.312
    endloop
  endfacet
  facet normal 0 0.7728 0.63465
    outer loop
      vertex 3.00722 204.282 32.312
      vertex 11 204.842 31.6301
      vertex 3.00722 204.842 31.6301
    endloop
  endfacet
  facet normal 0 0.956652 0.291234
    outer loop
      vertex 11 205.514 30.0079
      vertex 3.00722 205.257 30.8521
      vertex 11 205.257 30.8521
    endloop
  endfacet
  facet normal 0 0.956652 0.291234
    outer loop
      vertex 3.00722 205.257 30.8521
      vertex 11 205.514 30.0079
      vertex 3.00722 205.514 30.0079
    endloop
  endfacet
  facet normal 0 -0.0980447 -0.995182
    outer loop
      vertex 3.00722 200.222 24.7165
      vertex 11 201.1 24.63
      vertex 11 200.222 24.7165
    endloop
  endfacet
  facet normal -0 -0.0980447 -0.995182
    outer loop
      vertex 11 201.1 24.63
      vertex 3.00722 200.222 24.7165
      vertex 3.00722 201.1 24.63
    endloop
  endfacet
  facet normal 1 0 0
    outer loop
      vertex 11 203.1 29.13
      vertex 11 205.6 29.13
      vertex 11 205.514 30.0079
    endloop
  endfacet
  facet normal 1 0 0
    outer loop
      vertex 11 203.062 29.5202
      vertex 11 205.514 30.0079
      vertex 11 205.257 30.8521
    endloop
  endfacet
  facet normal 1 0 0
    outer loop
      vertex 11 205.6 29.13
      vertex 11 203.1 29.13
      vertex 11 205.514 28.2521
    endloop
  endfacet
  facet normal 1 0 0
    outer loop
      vertex 11 202.948 29.8954
      vertex 11 205.257 30.8521
      vertex 11 204.842 31.6301
    endloop
  endfacet
  facet normal 1 -0 0
    outer loop
      vertex 11 203.062 28.7398
      vertex 11 205.514 28.2521
      vertex 11 203.1 29.13
    endloop
  endfacet
  facet normal 1 0 0
    outer loop
      vertex 11 202.763 30.2411
      vertex 11 204.842 31.6301
      vertex 11 204.282 32.312
    endloop
  endfacet
  facet normal 1 0 0
    outer loop
      vertex 11 205.514 28.2521
      vertex 11 203.062 28.7398
      vertex 11 205.257 27.4079
    endloop
  endfacet
  facet normal 1 0 0
    outer loop
      vertex 11 202.514 30.5442
      vertex 11 204.282 32.312
      vertex 11 203.6 32.8716
    endloop
  endfacet
  facet normal 1 -0 0
    outer loop
      vertex 11 202.948 28.3646
      vertex 11 205.257 27.4079
      vertex 11 203.062 28.7398
    endloop
  endfacet
  facet normal 1 0 0
    outer loop
      vertex 11 205.257 27.4079
      vertex 11 202.948 28.3646
      vertex 11 204.842 26.6299
    endloop
  endfacet
  facet normal 1 0 0
    outer loop
      vertex 11 205.514 30.0079
      vertex 11 203.062 29.5202
      vertex 11 203.1 29.13
    endloop
  endfacet
  facet normal 1 0 0
    outer loop
      vertex 11 205.257 30.8521
      vertex 11 202.948 29.8954
      vertex 11 203.062 29.5202
    endloop
  endfacet
  facet normal 1 0 0
    outer loop
      vertex 11 202.211 30.7929
      vertex 11 203.6 32.8716
      vertex 11 202.822 33.2875
    endloop
  endfacet
  facet normal 1 0 0
    outer loop
      vertex 11 204.842 31.6301
      vertex 11 202.763 30.2411
      vertex 11 202.948 29.8954
    endloop
  endfacet
  facet normal 1 0 0
    outer loop
      vertex 11 204.282 32.312
      vertex 11 202.514 30.5442
      vertex 11 202.763 30.2411
    endloop
  endfacet
  facet normal 1 0 0
    outer loop
      vertex 11 203.6 32.8716
      vertex 11 202.211 30.7929
      vertex 11 202.514 30.5442
    endloop
  endfacet
  facet normal 1 0 0
    outer loop
      vertex 11 201.865 30.9778
      vertex 11 202.822 33.2875
      vertex 11 201.978 33.5435
    endloop
  endfacet
  facet normal 1 0 0
    outer loop
      vertex 11 202.822 33.2875
      vertex 11 201.865 30.9778
      vertex 11 202.211 30.7929
    endloop
  endfacet
  facet normal 1 0 0
    outer loop
      vertex 11 201.978 33.5435
      vertex 11 201.49 31.0916
      vertex 11 201.865 30.9778
    endloop
  endfacet
  facet normal 1 0 0
    outer loop
      vertex 11 201.1 33.63
      vertex 11 201.49 31.0916
      vertex 11 201.978 33.5435
    endloop
  endfacet
  facet normal 1 0 0
    outer loop
      vertex 11 201.1 33.63
      vertex 11 201.1 31.13
      vertex 11 201.49 31.0916
    endloop
  endfacet
  facet normal 1 0 0
    outer loop
      vertex 11 201.1 33.63
      vertex 11 200.71 31.0916
      vertex 11 201.1 31.13
    endloop
  endfacet
  facet normal 1 -0 0
    outer loop
      vertex 11 200.222 33.5435
      vertex 11 200.71 31.0916
      vertex 11 201.1 33.63
    endloop
  endfacet
  facet normal 1 0 0
    outer loop
      vertex 11 200.71 31.0916
      vertex 11 200.222 33.5435
      vertex 11 200.335 30.9778
    endloop
  endfacet
  facet normal 1 -0 0
    outer loop
      vertex 11 199.378 33.2875
      vertex 11 200.335 30.9778
      vertex 11 200.222 33.5435
    endloop
  endfacet
  facet normal 1 0 0
    outer loop
      vertex 11 200.335 30.9778
      vertex 11 199.378 33.2875
      vertex 11 199.989 30.7929
    endloop
  endfacet
  facet normal 1 -0 0
    outer loop
      vertex 11 198.6 32.8716
      vertex 11 199.989 30.7929
      vertex 11 199.378 33.2875
    endloop
  endfacet
  facet normal 1 0 0
    outer loop
      vertex 11 199.989 30.7929
      vertex 11 198.6 32.8716
      vertex 11 199.686 30.5442
    endloop
  endfacet
  facet normal 1 -0 0
    outer loop
      vertex 11 197.918 32.312
      vertex 11 199.686 30.5442
      vertex 11 198.6 32.8716
    endloop
  endfacet
  facet normal 1 0 0
    outer loop
      vertex 11 199.686 30.5442
      vertex 11 197.918 32.312
      vertex 11 199.437 30.2411
    endloop
  endfacet
  facet normal 1 -0 0
    outer loop
      vertex 11 197.358 31.6301
      vertex 11 199.437 30.2411
      vertex 11 197.918 32.312
    endloop
  endfacet
  facet normal 1 0 0
    outer loop
      vertex 11 199.437 30.2411
      vertex 11 197.358 31.6301
      vertex 11 199.252 29.8954
    endloop
  endfacet
  facet normal 1 -0 0
    outer loop
      vertex 11 202.763 28.0189
      vertex 11 204.842 26.6299
      vertex 11 202.948 28.3646
    endloop
  endfacet
  facet normal 1 0 0
    outer loop
      vertex 11 204.842 26.6299
      vertex 11 202.763 28.0189
      vertex 11 204.282 25.948
    endloop
  endfacet
  facet normal 1 -0 0
    outer loop
      vertex 11 202.514 27.7158
      vertex 11 204.282 25.948
      vertex 11 202.763 28.0189
    endloop
  endfacet
  facet normal 1 0 0
    outer loop
      vertex 11 204.282 25.948
      vertex 11 202.514 27.7158
      vertex 11 203.6 25.3884
    endloop
  endfacet
  facet normal 1 -0 0
    outer loop
      vertex 11 202.211 27.4671
      vertex 11 203.6 25.3884
      vertex 11 202.514 27.7158
    endloop
  endfacet
  facet normal 1 0 0
    outer loop
      vertex 11 203.6 25.3884
      vertex 11 202.211 27.4671
      vertex 11 202.822 24.9725
    endloop
  endfacet
  facet normal 1 -0 0
    outer loop
      vertex 11 201.865 27.2822
      vertex 11 202.822 24.9725
      vertex 11 202.211 27.4671
    endloop
  endfacet
  facet normal 1 0 0
    outer loop
      vertex 11 202.822 24.9725
      vertex 11 201.865 27.2822
      vertex 11 201.978 24.7165
    endloop
  endfacet
  facet normal 1 -0 0
    outer loop
      vertex 11 201.49 27.1684
      vertex 11 201.978 24.7165
      vertex 11 201.865 27.2822
    endloop
  endfacet
  facet normal 1 -0 0
    outer loop
      vertex 11 201.1 27.13
      vertex 11 201.978 24.7165
      vertex 11 201.49 27.1684
    endloop
  endfacet
  facet normal 1 0 0
    outer loop
      vertex 11 201.1 27.13
      vertex 11 201.1 24.63
      vertex 11 201.978 24.7165
    endloop
  endfacet
  facet normal 1 0 0
    outer loop
      vertex 11 200.71 27.1684
      vertex 11 201.1 24.63
      vertex 11 201.1 27.13
    endloop
  endfacet
  facet normal 1 0 0
    outer loop
      vertex 11 200.222 24.7165
      vertex 11 200.71 27.1684
      vertex 11 200.335 27.2822
    endloop
  endfacet
  facet normal 1 0 0
    outer loop
      vertex 11 200.71 27.1684
      vertex 11 200.222 24.7165
      vertex 11 201.1 24.63
    endloop
  endfacet
  facet normal 1 0 0
    outer loop
      vertex 11 199.378 24.9725
      vertex 11 200.335 27.2822
      vertex 11 199.989 27.4671
    endloop
  endfacet
  facet normal 1 0 0
    outer loop
      vertex 11 198.6 25.3884
      vertex 11 199.989 27.4671
      vertex 11 199.686 27.7158
    endloop
  endfacet
  facet normal 1 0 0
    outer loop
      vertex 11 197.918 25.948
      vertex 11 199.686 27.7158
      vertex 11 199.437 28.0189
    endloop
  endfacet
  facet normal 1 0 0
    outer loop
      vertex 11 200.335 27.2822
      vertex 11 199.378 24.9725
      vertex 11 200.222 24.7165
    endloop
  endfacet
  facet normal 1 0 0
    outer loop
      vertex 11 197.358 26.6299
      vertex 11 199.437 28.0189
      vertex 11 199.252 28.3646
    endloop
  endfacet
  facet normal 1 0 0
    outer loop
      vertex 11 196.943 27.4079
      vertex 11 199.252 28.3646
      vertex 11 199.138 28.7398
    endloop
  endfacet
  facet normal 1 0 0
    outer loop
      vertex 11 196.686 28.2521
      vertex 11 199.138 28.7398
      vertex 11 199.1 29.13
    endloop
  endfacet
  facet normal 1 -0 0
    outer loop
      vertex 11 196.943 30.8521
      vertex 11 199.252 29.8954
      vertex 11 197.358 31.6301
    endloop
  endfacet
  facet normal 1 0 0
    outer loop
      vertex 11 199.989 27.4671
      vertex 11 198.6 25.3884
      vertex 11 199.378 24.9725
    endloop
  endfacet
  facet normal 1 0 0
    outer loop
      vertex 11 199.252 29.8954
      vertex 11 196.943 30.8521
      vertex 11 199.138 29.5202
    endloop
  endfacet
  facet normal 1 0 0
    outer loop
      vertex 11 199.686 27.7158
      vertex 11 197.918 25.948
      vertex 11 198.6 25.3884
    endloop
  endfacet
  facet normal 1 -0 0
    outer loop
      vertex 11 196.686 30.0079
      vertex 11 199.138 29.5202
      vertex 11 196.943 30.8521
    endloop
  endfacet
  facet normal 1 0 0
    outer loop
      vertex 11 199.437 28.0189
      vertex 11 197.358 26.6299
      vertex 11 197.918 25.948
    endloop
  endfacet
  facet normal 1 0 0
    outer loop
      vertex 11 199.138 29.5202
      vertex 11 196.686 30.0079
      vertex 11 199.1 29.13
    endloop
  endfacet
  facet normal 1 0 0
    outer loop
      vertex 11 199.252 28.3646
      vertex 11 196.943 27.4079
      vertex 11 197.358 26.6299
    endloop
  endfacet
  facet normal 1 0 0
    outer loop
      vertex 11 196.6 29.13
      vertex 11 199.1 29.13
      vertex 11 196.686 30.0079
    endloop
  endfacet
  facet normal 1 0 0
    outer loop
      vertex 11 199.138 28.7398
      vertex 11 196.686 28.2521
      vertex 11 196.943 27.4079
    endloop
  endfacet
  facet normal 1 0 0
    outer loop
      vertex 11 199.1 29.13
      vertex 11 196.6 29.13
      vertex 11 196.686 28.2521
    endloop
  endfacet
  facet normal 0 -0.956652 -0.291234
    outer loop
      vertex 3.00722 196.943 27.4079
      vertex 11 196.686 28.2521
      vertex 3.00722 196.686 28.2521
    endloop
  endfacet
  facet normal 0 -0.956652 -0.291234
    outer loop
      vertex 11 196.686 28.2521
      vertex 3.00722 196.943 27.4079
      vertex 11 196.943 27.4079
    endloop
  endfacet
  facet normal 0 0.471441 -0.881898
    outer loop
      vertex 3.00722 202.822 24.9725
      vertex 11 203.6 25.3884
      vertex 11 202.822 24.9725
    endloop
  endfacet
  facet normal 0 0.471441 -0.881898
    outer loop
      vertex 11 203.6 25.3884
      vertex 3.00722 202.822 24.9725
      vertex 3.00722 203.6 25.3884
    endloop
  endfacet
  facet normal 0 0.7728 -0.63465
    outer loop
      vertex 11 204.282 25.948
      vertex 3.00722 204.842 26.6299
      vertex 11 204.842 26.6299
    endloop
  endfacet
  facet normal 0 0.7728 -0.63465
    outer loop
      vertex 3.00722 204.842 26.6299
      vertex 11 204.282 25.948
      vertex 3.00722 204.282 25.948
    endloop
  endfacet
  facet normal 0 0.956652 -0.291234
    outer loop
      vertex 11 205.257 27.4079
      vertex 3.00722 205.514 28.2521
      vertex 11 205.514 28.2521
    endloop
  endfacet
  facet normal 0 0.956652 -0.291234
    outer loop
      vertex 3.00722 205.514 28.2521
      vertex 11 205.257 27.4079
      vertex 3.00722 205.257 27.4079
    endloop
  endfacet
  facet normal 0 -0.471441 -0.881898
    outer loop
      vertex 3.00722 198.6 25.3884
      vertex 11 199.378 24.9725
      vertex 11 198.6 25.3884
    endloop
  endfacet
  facet normal -0 -0.471441 -0.881898
    outer loop
      vertex 11 199.378 24.9725
      vertex 3.00722 198.6 25.3884
      vertex 3.00722 199.378 24.9725
    endloop
  endfacet
  facet normal 0 -0.956652 0.291234
    outer loop
      vertex 3.00722 196.686 30.0079
      vertex 11 196.943 30.8521
      vertex 3.00722 196.943 30.8521
    endloop
  endfacet
  facet normal 0 -0.956652 0.291234
    outer loop
      vertex 11 196.943 30.8521
      vertex 3.00722 196.686 30.0079
      vertex 11 196.686 30.0079
    endloop
  endfacet
  facet normal 0 -0.7728 -0.63465
    outer loop
      vertex 3.00722 197.918 25.948
      vertex 11 197.358 26.6299
      vertex 3.00722 197.358 26.6299
    endloop
  endfacet
  facet normal 0 -0.7728 -0.63465
    outer loop
      vertex 11 197.358 26.6299
      vertex 3.00722 197.918 25.948
      vertex 11 197.918 25.948
    endloop
  endfacet
  facet normal 0 -0.882322 -0.470647
    outer loop
      vertex 3.00722 197.358 26.6299
      vertex 11 196.943 27.4079
      vertex 3.00722 196.943 27.4079
    endloop
  endfacet
  facet normal 0 -0.882322 -0.470647
    outer loop
      vertex 11 196.943 27.4079
      vertex 3.00722 197.358 26.6299
      vertex 11 197.358 26.6299
    endloop
  endfacet
  facet normal 0 -0.290259 -0.956948
    outer loop
      vertex 3.00722 199.378 24.9725
      vertex 11 200.222 24.7165
      vertex 11 199.378 24.9725
    endloop
  endfacet
  facet normal -0 -0.290259 -0.956948
    outer loop
      vertex 11 200.222 24.7165
      vertex 3.00722 199.378 24.9725
      vertex 3.00722 200.222 24.7165
    endloop
  endfacet
  facet normal 0 -0.995236 0.0974944
    outer loop
      vertex 3.00722 196.6 29.13
      vertex 11 196.686 30.0079
      vertex 3.00722 196.686 30.0079
    endloop
  endfacet
  facet normal 0 -0.995236 0.0974944
    outer loop
      vertex 11 196.686 30.0079
      vertex 3.00722 196.6 29.13
      vertex 11 196.6 29.13
    endloop
  endfacet
  facet normal 0 -0.882322 0.470647
    outer loop
      vertex 3.00722 196.943 30.8521
      vertex 11 197.358 31.6301
      vertex 3.00722 197.358 31.6301
    endloop
  endfacet
  facet normal 0 -0.882322 0.470647
    outer loop
      vertex 11 197.358 31.6301
      vertex 3.00722 196.943 30.8521
      vertex 11 196.943 30.8521
    endloop
  endfacet
  facet normal 0 -0.7728 0.63465
    outer loop
      vertex 3.00722 197.358 31.6301
      vertex 11 197.918 32.312
      vertex 3.00722 197.918 32.312
    endloop
  endfacet
  facet normal 0 -0.7728 0.63465
    outer loop
      vertex 11 197.918 32.312
      vertex 3.00722 197.358 31.6301
      vertex 11 197.358 31.6301
    endloop
  endfacet
  facet normal 0 -0.634324 0.773068
    outer loop
      vertex 3.00722 198.6 32.8716
      vertex 11 197.918 32.312
      vertex 11 198.6 32.8716
    endloop
  endfacet
  facet normal 0 -0.634324 0.773068
    outer loop
      vertex 11 197.918 32.312
      vertex 3.00722 198.6 32.8716
      vertex 3.00722 197.918 32.312
    endloop
  endfacet
  facet normal 0 -0.471441 0.881898
    outer loop
      vertex 3.00722 199.378 33.2875
      vertex 11 198.6 32.8716
      vertex 11 199.378 33.2875
    endloop
  endfacet
  facet normal 0 -0.471441 0.881898
    outer loop
      vertex 11 198.6 32.8716
      vertex 3.00722 199.378 33.2875
      vertex 3.00722 198.6 32.8716
    endloop
  endfacet
  facet normal 0 -0.290259 0.956948
    outer loop
      vertex 3.00722 200.222 33.5435
      vertex 11 199.378 33.2875
      vertex 11 200.222 33.5435
    endloop
  endfacet
  facet normal 0 -0.290259 0.956948
    outer loop
      vertex 11 199.378 33.2875
      vertex 3.00722 200.222 33.5435
      vertex 3.00722 199.378 33.2875
    endloop
  endfacet
  facet normal -1 0 0
    outer loop
      vertex 107.6 93.8 3.00722
      vertex 107.6 96.8 10.9
      vertex 107.6 96.8 3.00722
    endloop
  endfacet
  facet normal -1 -0 0
    outer loop
      vertex 107.6 96.8 10.9
      vertex 107.6 93.8 3.00722
      vertex 107.6 93.8 10.9
    endloop
  endfacet
  facet normal -0 0 1
    outer loop
      vertex 107.6 96.8 10.9
      vertex 125 93.8 10.9
      vertex 125 96.8 10.9
    endloop
  endfacet
  facet normal 0 0 1
    outer loop
      vertex 125 93.8 10.9
      vertex 107.6 96.8 10.9
      vertex 107.6 93.8 10.9
    endloop
  endfacet
  facet normal 0 1 -0
    outer loop
      vertex 125 96.8 3.00722
      vertex 107.6 96.8 10.9
      vertex 125 96.8 10.9
    endloop
  endfacet
  facet normal 0 1 0
    outer loop
      vertex 107.6 96.8 10.9
      vertex 125 96.8 3.00722
      vertex 107.6 96.8 3.00722
    endloop
  endfacet
  facet normal 0 -1 0
    outer loop
      vertex 107.6 93.8 10.9
      vertex 119 93.8 4.95005
      vertex 125 93.8 10.9
    endloop
  endfacet
  facet normal 0 -1 0
    outer loop
      vertex 107.6 93.8 3.00722
      vertex 119 93.8 4.95005
      vertex 107.6 93.8 10.9
    endloop
  endfacet
  facet normal 0 -1 -0
    outer loop
      vertex 119 93.8 4.95005
      vertex 107.6 93.8 3.00722
      vertex 119 93.8 3.00722
    endloop
  endfacet
  facet normal 0 -1 -0
    outer loop
      vertex 125 93.8 10.9
      vertex 119 93.8 4.95005
      vertex 125 93.8 4.95005
    endloop
  endfacet
  facet normal -1 0 0
    outer loop
      vertex 89.6 111.8 3.00722
      vertex 89.6 221.8 10.9
      vertex 89.6 221.8 3.00722
    endloop
  endfacet
  facet normal -1 -0 0
    outer loop
      vertex 89.6 221.8 10.9
      vertex 89.6 111.8 3.00722
      vertex 89.6 111.8 10.9
    endloop
  endfacet
  facet normal -0 0 1
    outer loop
      vertex 89.6 221.8 10.9
      vertex 92.6 111.8 10.9
      vertex 92.6 221.8 10.9
    endloop
  endfacet
  facet normal 0 0 1
    outer loop
      vertex 92.6 111.8 10.9
      vertex 89.6 221.8 10.9
      vertex 89.6 111.8 10.9
    endloop
  endfacet
  facet normal 1 -0 0
    outer loop
      vertex 92.6 111.8 10.9
      vertex 92.6 221.8 3.00722
      vertex 92.6 221.8 10.9
    endloop
  endfacet
  facet normal 1 0 0
    outer loop
      vertex 92.6 221.8 3.00722
      vertex 92.6 111.8 10.9
      vertex 92.6 111.8 3.00722
    endloop
  endfacet
  facet normal 0 1 -0
    outer loop
      vertex 92.6 221.8 3.00722
      vertex 89.6 221.8 10.9
      vertex 92.6 221.8 10.9
    endloop
  endfacet
  facet normal 0 1 0
    outer loop
      vertex 89.6 221.8 10.9
      vertex 92.6 221.8 3.00722
      vertex 89.6 221.8 3.00722
    endloop
  endfacet
  facet normal 0 -1 0
    outer loop
      vertex 89.6 111.8 3.00722
      vertex 92.6 111.8 10.9
      vertex 89.6 111.8 10.9
    endloop
  endfacet
  facet normal 0 -1 -0
    outer loop
      vertex 92.6 111.8 10.9
      vertex 89.6 111.8 3.00722
      vertex 92.6 111.8 3.00722
    endloop
  endfacet
  facet normal -1 0 0
    outer loop
      vertex 20 22 3.2
      vertex 20 40 3.00722
      vertex 20 22 3.00722
    endloop
  endfacet
  facet normal -1 0 0
    outer loop
      vertex 20 40 3.00722
      vertex 20 22 3.2
      vertex 20 40 11.2
    endloop
  endfacet
  facet normal -1 0 0
    outer loop
      vertex 20 8 11.2
      vertex 20 22 3.2
      vertex 20 8 3.2
    endloop
  endfacet
  facet normal -1 0 0
    outer loop
      vertex 20 22 3.2
      vertex 20 8 11.2
      vertex 20 40 11.2
    endloop
  endfacet
  facet normal -1 0 0
    outer loop
      vertex 20 22 2.8
      vertex 20 24.5 3
      vertex 20 24.5 2.8
    endloop
  endfacet
  facet normal -1 -0 0
    outer loop
      vertex 20 24.5 3
      vertex 20 22 2.8
      vertex 20 22 3
    endloop
  endfacet
  facet normal -0 0 1
    outer loop
      vertex 20 40 11.2
      vertex 30 8 11.2
      vertex 30 40 11.2
    endloop
  endfacet
  facet normal 0 0 1
    outer loop
      vertex 30 8 11.2
      vertex 20 40 11.2
      vertex 20 8 11.2
    endloop
  endfacet
  facet normal 1 0 0
    outer loop
      vertex 30 40 11.2
      vertex 30 22 3.2
      vertex 30 40 3.00722
    endloop
  endfacet
  facet normal 1 -0 0
    outer loop
      vertex 30 8 11.2
      vertex 30 22 3.2
      vertex 30 40 11.2
    endloop
  endfacet
  facet normal 1 0 0
    outer loop
      vertex 30 22 3.2
      vertex 30 8 11.2
      vertex 30 8 3.2
    endloop
  endfacet
  facet normal 1 0 0
    outer loop
      vertex 30 40 3.00722
      vertex 30 22 3.2
      vertex 30 22 3.00722
    endloop
  endfacet
  facet normal 1 -0 0
    outer loop
      vertex 30 22 3
      vertex 30 24.5 2.8
      vertex 30 24.5 3
    endloop
  endfacet
  facet normal 1 0 0
    outer loop
      vertex 30 24.5 2.8
      vertex 30 22 3
      vertex 30 22 2.8
    endloop
  endfacet
  facet normal 0 1 -0
    outer loop
      vertex 30 40 3.00722
      vertex 20 40 11.2
      vertex 30 40 11.2
    endloop
  endfacet
  facet normal 0 1 0
    outer loop
      vertex 20 40 11.2
      vertex 30 40 3.00722
      vertex 20 40 3.00722
    endloop
  endfacet
  facet normal 0 0 -1
    outer loop
      vertex 26.9616 12.3902 3.2
      vertex 30 8 3.2
      vertex 27 12 3.2
    endloop
  endfacet
  facet normal 0 0 -1
    outer loop
      vertex 30 8 3.2
      vertex 26.9616 11.6098 3.2
      vertex 27 12 3.2
    endloop
  endfacet
  facet normal 0 0 -1
    outer loop
      vertex 30 8 3.2
      vertex 26.8478 11.2346 3.2
      vertex 26.9616 11.6098 3.2
    endloop
  endfacet
  facet normal 0 0 -1
    outer loop
      vertex 30 8 3.2
      vertex 26.6629 10.8889 3.2
      vertex 26.8478 11.2346 3.2
    endloop
  endfacet
  facet normal 0 0 -1
    outer loop
      vertex 30 8 3.2
      vertex 26.4142 10.5858 3.2
      vertex 26.6629 10.8889 3.2
    endloop
  endfacet
  facet normal 0 0 -1
    outer loop
      vertex 30 8 3.2
      vertex 26.1111 10.3371 3.2
      vertex 26.4142 10.5858 3.2
    endloop
  endfacet
  facet normal 0 0 -1
    outer loop
      vertex 30 8 3.2
      vertex 25.7654 10.1522 3.2
      vertex 26.1111 10.3371 3.2
    endloop
  endfacet
  facet normal 0 0 -1
    outer loop
      vertex 30 8 3.2
      vertex 25.3902 10.0384 3.2
      vertex 25.7654 10.1522 3.2
    endloop
  endfacet
  facet normal 0 0 -1
    outer loop
      vertex 30 8 3.2
      vertex 25 10 3.2
      vertex 25.3902 10.0384 3.2
    endloop
  endfacet
  facet normal 0 0 -1
    outer loop
      vertex 20 8 3.2
      vertex 25 10 3.2
      vertex 30 8 3.2
    endloop
  endfacet
  facet normal -0 0 -1
    outer loop
      vertex 25 10 3.2
      vertex 20 8 3.2
      vertex 24.6098 10.0384 3.2
    endloop
  endfacet
  facet normal -0 0 -1
    outer loop
      vertex 23.0384 11.6098 3.2
      vertex 20 8 3.2
      vertex 23 12 3.2
    endloop
  endfacet
  facet normal -0 0 -1
    outer loop
      vertex 23.1522 11.2346 3.2
      vertex 20 8 3.2
      vertex 23.0384 11.6098 3.2
    endloop
  endfacet
  facet normal -0 0 -1
    outer loop
      vertex 23.3371 10.8889 3.2
      vertex 20 8 3.2
      vertex 23.1522 11.2346 3.2
    endloop
  endfacet
  facet normal -0 0 -1
    outer loop
      vertex 23.5858 10.5858 3.2
      vertex 20 8 3.2
      vertex 23.3371 10.8889 3.2
    endloop
  endfacet
  facet normal -0 0 -1
    outer loop
      vertex 23.8889 10.3371 3.2
      vertex 20 8 3.2
      vertex 23.5858 10.5858 3.2
    endloop
  endfacet
  facet normal -0 0 -1
    outer loop
      vertex 24.2346 10.1522 3.2
      vertex 20 8 3.2
      vertex 23.8889 10.3371 3.2
    endloop
  endfacet
  facet normal -0 0 -1
    outer loop
      vertex 24.6098 10.0384 3.2
      vertex 20 8 3.2
      vertex 24.2346 10.1522 3.2
    endloop
  endfacet
  facet normal 0 0 -1
    outer loop
      vertex 30 8 3.2
      vertex 26.9616 12.3902 3.2
      vertex 30 22 3.2
    endloop
  endfacet
  facet normal 0 0 -1
    outer loop
      vertex 26.8478 12.7654 3.2
      vertex 30 22 3.2
      vertex 26.9616 12.3902 3.2
    endloop
  endfacet
  facet normal 0 0 -1
    outer loop
      vertex 26.6629 13.1111 3.2
      vertex 30 22 3.2
      vertex 26.8478 12.7654 3.2
    endloop
  endfacet
  facet normal 0 0 -1
    outer loop
      vertex 26.4142 13.4142 3.2
      vertex 30 22 3.2
      vertex 26.6629 13.1111 3.2
    endloop
  endfacet
  facet normal 0 0 -1
    outer loop
      vertex 26.1111 13.6629 3.2
      vertex 30 22 3.2
      vertex 26.4142 13.4142 3.2
    endloop
  endfacet
  facet normal 0 0 -1
    outer loop
      vertex 25.7654 13.8478 3.2
      vertex 30 22 3.2
      vertex 26.1111 13.6629 3.2
    endloop
  endfacet
  facet normal 0 0 -1
    outer loop
      vertex 25.3902 13.9616 3.2
      vertex 30 22 3.2
      vertex 25.7654 13.8478 3.2
    endloop
  endfacet
  facet normal 0 0 -1
    outer loop
      vertex 25 14 3.2
      vertex 30 22 3.2
      vertex 25.3902 13.9616 3.2
    endloop
  endfacet
  facet normal 0 0 -1
    outer loop
      vertex 20 22 3.2
      vertex 25 14 3.2
      vertex 24.6098 13.9616 3.2
    endloop
  endfacet
  facet normal 0 0 -1
    outer loop
      vertex 20 22 3.2
      vertex 24.6098 13.9616 3.2
      vertex 24.2346 13.8478 3.2
    endloop
  endfacet
  facet normal 0 0 -1
    outer loop
      vertex 20 22 3.2
      vertex 24.2346 13.8478 3.2
      vertex 23.8889 13.6629 3.2
    endloop
  endfacet
  facet normal 0 0 -1
    outer loop
      vertex 20 22 3.2
      vertex 23.8889 13.6629 3.2
      vertex 23.5858 13.4142 3.2
    endloop
  endfacet
  facet normal 0 0 -1
    outer loop
      vertex 20 22 3.2
      vertex 23.5858 13.4142 3.2
      vertex 23.3371 13.1111 3.2
    endloop
  endfacet
  facet normal 0 0 -1
    outer loop
      vertex 20 8 3.2
      vertex 23.0384 12.3902 3.2
      vertex 23 12 3.2
    endloop
  endfacet
  facet normal 0 0 -1
    outer loop
      vertex 20 22 3.2
      vertex 23.0384 12.3902 3.2
      vertex 20 8 3.2
    endloop
  endfacet
  facet normal 0 0 -1
    outer loop
      vertex 23.0384 12.3902 3.2
      vertex 20 22 3.2
      vertex 23.1522 12.7654 3.2
    endloop
  endfacet
  facet normal 0 0 -1
    outer loop
      vertex 25 14 3.2
      vertex 20 22 3.2
      vertex 30 22 3.2
    endloop
  endfacet
  facet normal 0 0 -1
    outer loop
      vertex 23.1522 12.7654 3.2
      vertex 20 22 3.2
      vertex 23.3371 13.1111 3.2
    endloop
  endfacet
  facet normal 0 -1 0
    outer loop
      vertex 20 8 3.2
      vertex 30 8 11.2
      vertex 20 8 11.2
    endloop
  endfacet
  facet normal 0 -1 -0
    outer loop
      vertex 30 8 11.2
      vertex 20 8 3.2
      vertex 30 8 3.2
    endloop
  endfacet
  facet normal 0 0 -1
    outer loop
      vertex 20 22 2.8
      vertex 30 24.5 2.8
      vertex 30 22 2.8
    endloop
  endfacet
  facet normal -0 0 -1
    outer loop
      vertex 30 24.5 2.8
      vertex 20 22 2.8
      vertex 20 24.5 2.8
    endloop
  endfacet
  facet normal 0 -1 0
    outer loop
      vertex 20 22 2.8
      vertex 30 22 3
      vertex 20 22 3
    endloop
  endfacet
  facet normal 0 -1 -0
    outer loop
      vertex 30 22 3
      vertex 20 22 2.8
      vertex 30 22 2.8
    endloop
  endfacet
  facet normal 0 -1 0
    outer loop
      vertex 20 22 3.00722
      vertex 30 22 3.2
      vertex 20 22 3.2
    endloop
  endfacet
  facet normal 0 -1 -0
    outer loop
      vertex 30 22 3.2
      vertex 20 22 3.00722
      vertex 30 22 3.00722
    endloop
  endfacet
  facet normal -0.995193 -0.097938 0
    outer loop
      vertex 27 12 3.2
      vertex 26.9616 12.3902 10.1
      vertex 26.9616 12.3902 3.2
    endloop
  endfacet
  facet normal -0.995193 -0.097938 0
    outer loop
      vertex 26.9616 12.3902 10.1
      vertex 27 12 3.2
      vertex 27 12 10.1
    endloop
  endfacet
  facet normal 0.097938 -0.995193 0
    outer loop
      vertex 24.6098 13.9616 3.2
      vertex 25 14 10.1
      vertex 24.6098 13.9616 10.1
    endloop
  endfacet
  facet normal 0.097938 -0.995193 0
    outer loop
      vertex 25 14 10.1
      vertex 24.6098 13.9616 3.2
      vertex 25 14 3.2
    endloop
  endfacet
  facet normal -0.634321 -0.77307 0
    outer loop
      vertex 26.1111 13.6629 3.2
      vertex 26.4142 13.4142 10.1
      vertex 26.1111 13.6629 10.1
    endloop
  endfacet
  facet normal -0.634321 -0.77307 -0
    outer loop
      vertex 26.4142 13.4142 10.1
      vertex 26.1111 13.6629 3.2
      vertex 26.4142 13.4142 3.2
    endloop
  endfacet
  facet normal 0.77307 -0.634321 0
    outer loop
      vertex 23.3371 13.1111 10.1
      vertex 23.5858 13.4142 3.2
      vertex 23.5858 13.4142 10.1
    endloop
  endfacet
  facet normal 0.77307 -0.634321 0
    outer loop
      vertex 23.5858 13.4142 3.2
      vertex 23.3371 13.1111 10.1
      vertex 23.3371 13.1111 3.2
    endloop
  endfacet
  facet normal 0.471634 -0.881795 0
    outer loop
      vertex 23.8889 13.6629 3.2
      vertex 24.2346 13.8478 10.1
      vertex 23.8889 13.6629 10.1
    endloop
  endfacet
  facet normal 0.471634 -0.881795 0
    outer loop
      vertex 24.2346 13.8478 10.1
      vertex 23.8889 13.6629 3.2
      vertex 24.2346 13.8478 3.2
    endloop
  endfacet
  facet normal -0.881795 0.471634 0
    outer loop
      vertex 26.6629 10.8889 3.2
      vertex 26.8478 11.2346 10.1
      vertex 26.8478 11.2346 3.2
    endloop
  endfacet
  facet normal -0.881795 0.471634 0
    outer loop
      vertex 26.8478 11.2346 10.1
      vertex 26.6629 10.8889 3.2
      vertex 26.6629 10.8889 10.1
    endloop
  endfacet
  facet normal -0.881795 -0.471634 0
    outer loop
      vertex 26.8478 12.7654 3.2
      vertex 26.6629 13.1111 10.1
      vertex 26.6629 13.1111 3.2
    endloop
  endfacet
  facet normal -0.881795 -0.471634 0
    outer loop
      vertex 26.6629 13.1111 10.1
      vertex 26.8478 12.7654 3.2
      vertex 26.8478 12.7654 10.1
    endloop
  endfacet
  facet normal -0.956951 -0.290248 0
    outer loop
      vertex 26.9616 12.3902 3.2
      vertex 26.8478 12.7654 10.1
      vertex 26.8478 12.7654 3.2
    endloop
  endfacet
  facet normal -0.956951 -0.290248 0
    outer loop
      vertex 26.8478 12.7654 10.1
      vertex 26.9616 12.3902 3.2
      vertex 26.9616 12.3902 10.1
    endloop
  endfacet
  facet normal -0.77307 -0.634321 0
    outer loop
      vertex 26.6629 13.1111 3.2
      vertex 26.4142 13.4142 10.1
      vertex 26.4142 13.4142 3.2
    endloop
  endfacet
  facet normal -0.77307 -0.634321 0
    outer loop
      vertex 26.4142 13.4142 10.1
      vertex 26.6629 13.1111 3.2
      vertex 26.6629 13.1111 10.1
    endloop
  endfacet
  facet normal -0.290248 -0.956951 0
    outer loop
      vertex 25.3902 13.9616 3.2
      vertex 25.7654 13.8478 10.1
      vertex 25.3902 13.9616 10.1
    endloop
  endfacet
  facet normal -0.290248 -0.956951 -0
    outer loop
      vertex 25.7654 13.8478 10.1
      vertex 25.3902 13.9616 3.2
      vertex 25.7654 13.8478 3.2
    endloop
  endfacet
  facet normal -0.097938 -0.995193 0
    outer loop
      vertex 25 14 3.2
      vertex 25.3902 13.9616 10.1
      vertex 25 14 10.1
    endloop
  endfacet
  facet normal -0.097938 -0.995193 -0
    outer loop
      vertex 25.3902 13.9616 10.1
      vertex 25 14 3.2
      vertex 25.3902 13.9616 3.2
    endloop
  endfacet
  facet normal -0.471634 -0.881795 0
    outer loop
      vertex 25.7654 13.8478 3.2
      vertex 26.1111 13.6629 10.1
      vertex 25.7654 13.8478 10.1
    endloop
  endfacet
  facet normal -0.471634 -0.881795 -0
    outer loop
      vertex 26.1111 13.6629 10.1
      vertex 25.7654 13.8478 3.2
      vertex 26.1111 13.6629 3.2
    endloop
  endfacet
  facet normal 0.956951 -0.290248 0
    outer loop
      vertex 23.0384 12.3902 10.1
      vertex 23.1522 12.7654 3.2
      vertex 23.1522 12.7654 10.1
    endloop
  endfacet
  facet normal 0.956951 -0.290248 0
    outer loop
      vertex 23.1522 12.7654 3.2
      vertex 23.0384 12.3902 10.1
      vertex 23.0384 12.3902 3.2
    endloop
  endfacet
  facet normal 0.881795 -0.471634 0
    outer loop
      vertex 23.1522 12.7654 10.1
      vertex 23.3371 13.1111 3.2
      vertex 23.3371 13.1111 10.1
    endloop
  endfacet
  facet normal 0.881795 -0.471634 0
    outer loop
      vertex 23.3371 13.1111 3.2
      vertex 23.1522 12.7654 10.1
      vertex 23.1522 12.7654 3.2
    endloop
  endfacet
  facet normal 0.995193 -0.097938 0
    outer loop
      vertex 23 12 10.1
      vertex 23.0384 12.3902 3.2
      vertex 23.0384 12.3902 10.1
    endloop
  endfacet
  facet normal 0.995193 -0.097938 0
    outer loop
      vertex 23.0384 12.3902 3.2
      vertex 23 12 10.1
      vertex 23 12 3.2
    endloop
  endfacet
  facet normal 0 0 -1
    outer loop
      vertex 26.9616 11.6098 10.1
      vertex 26.9616 12.3902 10.1
      vertex 27 12 10.1
    endloop
  endfacet
  facet normal 0 0 -1
    outer loop
      vertex 26.8478 11.2346 10.1
      vertex 26.9616 12.3902 10.1
      vertex 26.9616 11.6098 10.1
    endloop
  endfacet
  facet normal 0 0 -1
    outer loop
      vertex 26.8478 11.2346 10.1
      vertex 26.8478 12.7654 10.1
      vertex 26.9616 12.3902 10.1
    endloop
  endfacet
  facet normal 0 0 -1
    outer loop
      vertex 26.6629 10.8889 10.1
      vertex 26.8478 12.7654 10.1
      vertex 26.8478 11.2346 10.1
    endloop
  endfacet
  facet normal 0 0 -1
    outer loop
      vertex 26.6629 10.8889 10.1
      vertex 26.6629 13.1111 10.1
      vertex 26.8478 12.7654 10.1
    endloop
  endfacet
  facet normal 0 0 -1
    outer loop
      vertex 26.4142 10.5858 10.1
      vertex 26.6629 13.1111 10.1
      vertex 26.6629 10.8889 10.1
    endloop
  endfacet
  facet normal 0 0 -1
    outer loop
      vertex 26.4142 10.5858 10.1
      vertex 26.4142 13.4142 10.1
      vertex 26.6629 13.1111 10.1
    endloop
  endfacet
  facet normal 0 0 -1
    outer loop
      vertex 26.1111 10.3371 10.1
      vertex 26.4142 13.4142 10.1
      vertex 26.4142 10.5858 10.1
    endloop
  endfacet
  facet normal 0 0 -1
    outer loop
      vertex 26.1111 10.3371 10.1
      vertex 26.1111 13.6629 10.1
      vertex 26.4142 13.4142 10.1
    endloop
  endfacet
  facet normal 0 0 -1
    outer loop
      vertex 25.7654 10.1522 10.1
      vertex 26.1111 13.6629 10.1
      vertex 26.1111 10.3371 10.1
    endloop
  endfacet
  facet normal 0 0 -1
    outer loop
      vertex 25.7654 10.1522 10.1
      vertex 25.7654 13.8478 10.1
      vertex 26.1111 13.6629 10.1
    endloop
  endfacet
  facet normal 0 0 -1
    outer loop
      vertex 25.3902 10.0384 10.1
      vertex 25.7654 13.8478 10.1
      vertex 25.7654 10.1522 10.1
    endloop
  endfacet
  facet normal 0 0 -1
    outer loop
      vertex 25.3902 10.0384 10.1
      vertex 25.3902 13.9616 10.1
      vertex 25.7654 13.8478 10.1
    endloop
  endfacet
  facet normal 0 0 -1
    outer loop
      vertex 25 10 10.1
      vertex 25.3902 13.9616 10.1
      vertex 25.3902 10.0384 10.1
    endloop
  endfacet
  facet normal 0 0 -1
    outer loop
      vertex 25 10 10.1
      vertex 25 14 10.1
      vertex 25.3902 13.9616 10.1
    endloop
  endfacet
  facet normal 0 0 -1
    outer loop
      vertex 24.6098 10.0384 10.1
      vertex 25 14 10.1
      vertex 25 10 10.1
    endloop
  endfacet
  facet normal 0 0 -1
    outer loop
      vertex 24.6098 10.0384 10.1
      vertex 24.6098 13.9616 10.1
      vertex 25 14 10.1
    endloop
  endfacet
  facet normal 0 0 -1
    outer loop
      vertex 24.2346 10.1522 10.1
      vertex 24.6098 13.9616 10.1
      vertex 24.6098 10.0384 10.1
    endloop
  endfacet
  facet normal 0 0 -1
    outer loop
      vertex 24.2346 10.1522 10.1
      vertex 24.2346 13.8478 10.1
      vertex 24.6098 13.9616 10.1
    endloop
  endfacet
  facet normal 0 0 -1
    outer loop
      vertex 23.8889 10.3371 10.1
      vertex 24.2346 13.8478 10.1
      vertex 24.2346 10.1522 10.1
    endloop
  endfacet
  facet normal 0 0 -1
    outer loop
      vertex 23.8889 10.3371 10.1
      vertex 23.8889 13.6629 10.1
      vertex 24.2346 13.8478 10.1
    endloop
  endfacet
  facet normal 0 0 -1
    outer loop
      vertex 23.5858 10.5858 10.1
      vertex 23.8889 13.6629 10.1
      vertex 23.8889 10.3371 10.1
    endloop
  endfacet
  facet normal 0 0 -1
    outer loop
      vertex 23.5858 10.5858 10.1
      vertex 23.5858 13.4142 10.1
      vertex 23.8889 13.6629 10.1
    endloop
  endfacet
  facet normal 0 0 -1
    outer loop
      vertex 23.3371 10.8889 10.1
      vertex 23.5858 13.4142 10.1
      vertex 23.5858 10.5858 10.1
    endloop
  endfacet
  facet normal 0 0 -1
    outer loop
      vertex 23.3371 10.8889 10.1
      vertex 23.3371 13.1111 10.1
      vertex 23.5858 13.4142 10.1
    endloop
  endfacet
  facet normal 0 0 -1
    outer loop
      vertex 23.1522 11.2346 10.1
      vertex 23.3371 13.1111 10.1
      vertex 23.3371 10.8889 10.1
    endloop
  endfacet
  facet normal 0 0 -1
    outer loop
      vertex 23.1522 11.2346 10.1
      vertex 23.1522 12.7654 10.1
      vertex 23.3371 13.1111 10.1
    endloop
  endfacet
  facet normal 0 0 -1
    outer loop
      vertex 23.0384 11.6098 10.1
      vertex 23.1522 12.7654 10.1
      vertex 23.1522 11.2346 10.1
    endloop
  endfacet
  facet normal 0 0 -1
    outer loop
      vertex 23.0384 11.6098 10.1
      vertex 23.0384 12.3902 10.1
      vertex 23.1522 12.7654 10.1
    endloop
  endfacet
  facet normal 0 -0 -1
    outer loop
      vertex 23.0384 12.3902 10.1
      vertex 23.0384 11.6098 10.1
      vertex 23 12 10.1
    endloop
  endfacet
  facet normal 0.634321 -0.77307 0
    outer loop
      vertex 23.5858 13.4142 3.2
      vertex 23.8889 13.6629 10.1
      vertex 23.5858 13.4142 10.1
    endloop
  endfacet
  facet normal 0.634321 -0.77307 0
    outer loop
      vertex 23.8889 13.6629 10.1
      vertex 23.5858 13.4142 3.2
      vertex 23.8889 13.6629 3.2
    endloop
  endfacet
  facet normal 0.290248 -0.956951 0
    outer loop
      vertex 24.2346 13.8478 3.2
      vertex 24.6098 13.9616 10.1
      vertex 24.2346 13.8478 10.1
    endloop
  endfacet
  facet normal 0.290248 -0.956951 0
    outer loop
      vertex 24.6098 13.9616 10.1
      vertex 24.2346 13.8478 3.2
      vertex 24.6098 13.9616 3.2
    endloop
  endfacet
  facet normal -0.290248 0.956951 0
    outer loop
      vertex 25.7654 10.1522 3.2
      vertex 25.3902 10.0384 10.1
      vertex 25.7654 10.1522 10.1
    endloop
  endfacet
  facet normal -0.290248 0.956951 0
    outer loop
      vertex 25.3902 10.0384 10.1
      vertex 25.7654 10.1522 3.2
      vertex 25.3902 10.0384 3.2
    endloop
  endfacet
  facet normal -0.634321 0.77307 0
    outer loop
      vertex 26.4142 10.5858 3.2
      vertex 26.1111 10.3371 10.1
      vertex 26.4142 10.5858 10.1
    endloop
  endfacet
  facet normal -0.634321 0.77307 0
    outer loop
      vertex 26.1111 10.3371 10.1
      vertex 26.4142 10.5858 3.2
      vertex 26.1111 10.3371 3.2
    endloop
  endfacet
  facet normal 0.471634 0.881795 -0
    outer loop
      vertex 24.2346 10.1522 3.2
      vertex 23.8889 10.3371 10.1
      vertex 24.2346 10.1522 10.1
    endloop
  endfacet
  facet normal 0.471634 0.881795 0
    outer loop
      vertex 23.8889 10.3371 10.1
      vertex 24.2346 10.1522 3.2
      vertex 23.8889 10.3371 3.2
    endloop
  endfacet
  facet normal 0.097938 0.995193 -0
    outer loop
      vertex 25 10 3.2
      vertex 24.6098 10.0384 10.1
      vertex 25 10 10.1
    endloop
  endfacet
  facet normal 0.097938 0.995193 0
    outer loop
      vertex 24.6098 10.0384 10.1
      vertex 25 10 3.2
      vertex 24.6098 10.0384 3.2
    endloop
  endfacet
  facet normal 0.77307 0.634321 0
    outer loop
      vertex 23.5858 10.5858 10.1
      vertex 23.3371 10.8889 3.2
      vertex 23.3371 10.8889 10.1
    endloop
  endfacet
  facet normal 0.77307 0.634321 0
    outer loop
      vertex 23.3371 10.8889 3.2
      vertex 23.5858 10.5858 10.1
      vertex 23.5858 10.5858 3.2
    endloop
  endfacet
  facet normal 0.956951 0.290248 0
    outer loop
      vertex 23.1522 11.2346 10.1
      vertex 23.0384 11.6098 3.2
      vertex 23.0384 11.6098 10.1
    endloop
  endfacet
  facet normal 0.956951 0.290248 0
    outer loop
      vertex 23.0384 11.6098 3.2
      vertex 23.1522 11.2346 10.1
      vertex 23.1522 11.2346 3.2
    endloop
  endfacet
  facet normal 0.995193 0.097938 0
    outer loop
      vertex 23.0384 11.6098 10.1
      vertex 23 12 3.2
      vertex 23 12 10.1
    endloop
  endfacet
  facet normal 0.995193 0.097938 0
    outer loop
      vertex 23 12 3.2
      vertex 23.0384 11.6098 10.1
      vertex 23.0384 11.6098 3.2
    endloop
  endfacet
  facet normal -0.471634 0.881795 0
    outer loop
      vertex 26.1111 10.3371 3.2
      vertex 25.7654 10.1522 10.1
      vertex 26.1111 10.3371 10.1
    endloop
  endfacet
  facet normal -0.471634 0.881795 0
    outer loop
      vertex 25.7654 10.1522 10.1
      vertex 26.1111 10.3371 3.2
      vertex 25.7654 10.1522 3.2
    endloop
  endfacet
  facet normal -0.77307 0.634321 0
    outer loop
      vertex 26.4142 10.5858 3.2
      vertex 26.6629 10.8889 10.1
      vertex 26.6629 10.8889 3.2
    endloop
  endfacet
  facet normal -0.77307 0.634321 0
    outer loop
      vertex 26.6629 10.8889 10.1
      vertex 26.4142 10.5858 3.2
      vertex 26.4142 10.5858 10.1
    endloop
  endfacet
  facet normal -0.956951 0.290248 0
    outer loop
      vertex 26.8478 11.2346 3.2
      vertex 26.9616 11.6098 10.1
      vertex 26.9616 11.6098 3.2
    endloop
  endfacet
  facet normal -0.956951 0.290248 0
    outer loop
      vertex 26.9616 11.6098 10.1
      vertex 26.8478 11.2346 3.2
      vertex 26.8478 11.2346 10.1
    endloop
  endfacet
  facet normal -0.995193 0.097938 0
    outer loop
      vertex 26.9616 11.6098 3.2
      vertex 27 12 10.1
      vertex 27 12 3.2
    endloop
  endfacet
  facet normal -0.995193 0.097938 0
    outer loop
      vertex 27 12 10.1
      vertex 26.9616 11.6098 3.2
      vertex 26.9616 11.6098 10.1
    endloop
  endfacet
  facet normal 0.290248 0.956951 -0
    outer loop
      vertex 24.6098 10.0384 3.2
      vertex 24.2346 10.1522 10.1
      vertex 24.6098 10.0384 10.1
    endloop
  endfacet
  facet normal 0.290248 0.956951 0
    outer loop
      vertex 24.2346 10.1522 10.1
      vertex 24.6098 10.0384 3.2
      vertex 24.2346 10.1522 3.2
    endloop
  endfacet
  facet normal -0.097938 0.995193 0
    outer loop
      vertex 25.3902 10.0384 3.2
      vertex 25 10 10.1
      vertex 25.3902 10.0384 10.1
    endloop
  endfacet
  facet normal -0.097938 0.995193 0
    outer loop
      vertex 25 10 10.1
      vertex 25.3902 10.0384 3.2
      vertex 25 10 3.2
    endloop
  endfacet
  facet normal 0.634321 0.77307 -0
    outer loop
      vertex 23.8889 10.3371 3.2
      vertex 23.5858 10.5858 10.1
      vertex 23.8889 10.3371 10.1
    endloop
  endfacet
  facet normal 0.634321 0.77307 0
    outer loop
      vertex 23.5858 10.5858 10.1
      vertex 23.8889 10.3371 3.2
      vertex 23.5858 10.5858 3.2
    endloop
  endfacet
  facet normal 0.881795 0.471634 0
    outer loop
      vertex 23.3371 10.8889 10.1
      vertex 23.1522 11.2346 3.2
      vertex 23.1522 11.2346 10.1
    endloop
  endfacet
  facet normal 0.881795 0.471634 0
    outer loop
      vertex 23.1522 11.2346 3.2
      vertex 23.3371 10.8889 10.1
      vertex 23.3371 10.8889 3.2
    endloop
  endfacet
  facet normal 0 -0.097938 -0.995193
    outer loop
      vertex 1.61 46.16 97.17
      vertex 11 46.5502 97.1316
      vertex 11 46.16 97.17
    endloop
  endfacet
  facet normal -0 -0.097938 -0.995193
    outer loop
      vertex 11 46.5502 97.1316
      vertex 1.61 46.16 97.17
      vertex 1.61 46.5502 97.1316
    endloop
  endfacet
  facet normal 0 -0.290248 -0.956951
    outer loop
      vertex 1.61 46.5502 97.1316
      vertex 11 46.9254 97.0178
      vertex 11 46.5502 97.1316
    endloop
  endfacet
  facet normal -0 -0.290248 -0.956951
    outer loop
      vertex 11 46.9254 97.0178
      vertex 1.61 46.5502 97.1316
      vertex 1.61 46.9254 97.0178
    endloop
  endfacet
  facet normal 0 -0.097938 0.995193
    outer loop
      vertex 1.61 46.5502 93.2084
      vertex 11 46.16 93.17
      vertex 11 46.5502 93.2084
    endloop
  endfacet
  facet normal 0 -0.097938 0.995193
    outer loop
      vertex 11 46.16 93.17
      vertex 1.61 46.5502 93.2084
      vertex 1.61 46.16 93.17
    endloop
  endfacet
  facet normal 0 -0.77307 0.634321
    outer loop
      vertex 1.61 47.5742 93.7558
      vertex 11 47.8229 94.0589
      vertex 1.61 47.8229 94.0589
    endloop
  endfacet
  facet normal 0 -0.77307 0.634321
    outer loop
      vertex 11 47.8229 94.0589
      vertex 1.61 47.5742 93.7558
      vertex 11 47.5742 93.7558
    endloop
  endfacet
  facet normal 0 -0.956951 0.290248
    outer loop
      vertex 1.61 48.0078 94.4046
      vertex 11 48.1216 94.7798
      vertex 1.61 48.1216 94.7798
    endloop
  endfacet
  facet normal 0 -0.956951 0.290248
    outer loop
      vertex 11 48.1216 94.7798
      vertex 1.61 48.0078 94.4046
      vertex 11 48.0078 94.4046
    endloop
  endfacet
  facet normal 0 -0.881795 -0.471634
    outer loop
      vertex 1.61 48.0078 95.9354
      vertex 11 47.8229 96.2811
      vertex 1.61 47.8229 96.2811
    endloop
  endfacet
  facet normal 0 -0.881795 -0.471634
    outer loop
      vertex 11 47.8229 96.2811
      vertex 1.61 48.0078 95.9354
      vertex 11 48.0078 95.9354
    endloop
  endfacet
  facet normal 0 -0.471634 0.881795
    outer loop
      vertex 1.61 47.2711 93.5071
      vertex 11 46.9254 93.3222
      vertex 11 47.2711 93.5071
    endloop
  endfacet
  facet normal 0 -0.471634 0.881795
    outer loop
      vertex 11 46.9254 93.3222
      vertex 1.61 47.2711 93.5071
      vertex 1.61 46.9254 93.3222
    endloop
  endfacet
  facet normal 0 -0.634321 0.77307
    outer loop
      vertex 1.61 47.5742 93.7558
      vertex 11 47.2711 93.5071
      vertex 11 47.5742 93.7558
    endloop
  endfacet
  facet normal 0 -0.634321 0.77307
    outer loop
      vertex 11 47.2711 93.5071
      vertex 1.61 47.5742 93.7558
      vertex 1.61 47.2711 93.5071
    endloop
  endfacet
  facet normal 0 -0.995193 0.097938
    outer loop
      vertex 1.61 48.1216 94.7798
      vertex 11 48.16 95.17
      vertex 1.61 48.16 95.17
    endloop
  endfacet
  facet normal 0 -0.995193 0.097938
    outer loop
      vertex 11 48.16 95.17
      vertex 1.61 48.1216 94.7798
      vertex 11 48.1216 94.7798
    endloop
  endfacet
  facet normal 0 0.097938 -0.995193
    outer loop
      vertex 1.61 45.7698 97.1316
      vertex 11 46.16 97.17
      vertex 11 45.7698 97.1316
    endloop
  endfacet
  facet normal 0 0.097938 -0.995193
    outer loop
      vertex 11 46.16 97.17
      vertex 1.61 45.7698 97.1316
      vertex 1.61 46.16 97.17
    endloop
  endfacet
  facet normal 0 0.995193 -0.097938
    outer loop
      vertex 11 44.16 95.17
      vertex 1.61 44.1984 95.5602
      vertex 11 44.1984 95.5602
    endloop
  endfacet
  facet normal 0 0.995193 -0.097938
    outer loop
      vertex 1.61 44.1984 95.5602
      vertex 11 44.16 95.17
      vertex 1.61 44.16 95.17
    endloop
  endfacet
  facet normal 0 0.881795 -0.471634
    outer loop
      vertex 11 44.3122 95.9354
      vertex 1.61 44.4971 96.2811
      vertex 11 44.4971 96.2811
    endloop
  endfacet
  facet normal 0 0.881795 -0.471634
    outer loop
      vertex 1.61 44.4971 96.2811
      vertex 11 44.3122 95.9354
      vertex 1.61 44.3122 95.9354
    endloop
  endfacet
  facet normal 0 -0.471634 -0.881795
    outer loop
      vertex 1.61 46.9254 97.0178
      vertex 11 47.2711 96.8329
      vertex 11 46.9254 97.0178
    endloop
  endfacet
  facet normal -0 -0.471634 -0.881795
    outer loop
      vertex 11 47.2711 96.8329
      vertex 1.61 46.9254 97.0178
      vertex 1.61 47.2711 96.8329
    endloop
  endfacet
  facet normal 0 -0.634321 -0.77307
    outer loop
      vertex 1.61 47.2711 96.8329
      vertex 11 47.5742 96.5842
      vertex 11 47.2711 96.8329
    endloop
  endfacet
  facet normal -0 -0.634321 -0.77307
    outer loop
      vertex 11 47.5742 96.5842
      vertex 1.61 47.2711 96.8329
      vertex 1.61 47.5742 96.5842
    endloop
  endfacet
  facet normal 0 -0.77307 -0.634321
    outer loop
      vertex 1.61 47.8229 96.2811
      vertex 11 47.5742 96.5842
      vertex 1.61 47.5742 96.5842
    endloop
  endfacet
  facet normal 0 -0.77307 -0.634321
    outer loop
      vertex 11 47.5742 96.5842
      vertex 1.61 47.8229 96.2811
      vertex 11 47.8229 96.2811
    endloop
  endfacet
  facet normal 0 -0.956951 -0.290248
    outer loop
      vertex 1.61 48.1216 95.5602
      vertex 11 48.0078 95.9354
      vertex 1.61 48.0078 95.9354
    endloop
  endfacet
  facet normal 0 -0.956951 -0.290248
    outer loop
      vertex 11 48.0078 95.9354
      vertex 1.61 48.1216 95.5602
      vertex 11 48.1216 95.5602
    endloop
  endfacet
  facet normal 0 -0.995193 -0.097938
    outer loop
      vertex 1.61 48.16 95.17
      vertex 11 48.1216 95.5602
      vertex 1.61 48.1216 95.5602
    endloop
  endfacet
  facet normal 0 -0.995193 -0.097938
    outer loop
      vertex 11 48.1216 95.5602
      vertex 1.61 48.16 95.17
      vertex 11 48.16 95.17
    endloop
  endfacet
  facet normal 0 -0.290248 0.956951
    outer loop
      vertex 1.61 46.9254 93.3222
      vertex 11 46.5502 93.2084
      vertex 11 46.9254 93.3222
    endloop
  endfacet
  facet normal 0 -0.290248 0.956951
    outer loop
      vertex 11 46.5502 93.2084
      vertex 1.61 46.9254 93.3222
      vertex 1.61 46.5502 93.2084
    endloop
  endfacet
  facet normal 0 -0.881795 0.471634
    outer loop
      vertex 1.61 47.8229 94.0589
      vertex 11 48.0078 94.4046
      vertex 1.61 48.0078 94.4046
    endloop
  endfacet
  facet normal 0 -0.881795 0.471634
    outer loop
      vertex 11 48.0078 94.4046
      vertex 1.61 47.8229 94.0589
      vertex 11 47.8229 94.0589
    endloop
  endfacet
  facet normal 0 0.471634 -0.881795
    outer loop
      vertex 1.61 45.0489 96.8329
      vertex 11 45.3946 97.0178
      vertex 11 45.0489 96.8329
    endloop
  endfacet
  facet normal 0 0.471634 -0.881795
    outer loop
      vertex 11 45.3946 97.0178
      vertex 1.61 45.0489 96.8329
      vertex 1.61 45.3946 97.0178
    endloop
  endfacet
  facet normal 1 0 0
    outer loop
      vertex 1.61 48.1216 95.5602
      vertex 1.61 48.1216 94.7798
      vertex 1.61 48.16 95.17
    endloop
  endfacet
  facet normal 1 0 0
    outer loop
      vertex 1.61 48.0078 95.9354
      vertex 1.61 48.1216 94.7798
      vertex 1.61 48.1216 95.5602
    endloop
  endfacet
  facet normal 1 0 0
    outer loop
      vertex 1.61 48.0078 95.9354
      vertex 1.61 48.0078 94.4046
      vertex 1.61 48.1216 94.7798
    endloop
  endfacet
  facet normal 1 0 0
    outer loop
      vertex 1.61 47.8229 96.2811
      vertex 1.61 48.0078 94.4046
      vertex 1.61 48.0078 95.9354
    endloop
  endfacet
  facet normal 1 0 0
    outer loop
      vertex 1.61 47.8229 96.2811
      vertex 1.61 47.8229 94.0589
      vertex 1.61 48.0078 94.4046
    endloop
  endfacet
  facet normal 1 0 0
    outer loop
      vertex 1.61 47.5742 96.5842
      vertex 1.61 47.8229 94.0589
      vertex 1.61 47.8229 96.2811
    endloop
  endfacet
  facet normal 1 0 0
    outer loop
      vertex 1.61 47.5742 96.5842
      vertex 1.61 47.5742 93.7558
      vertex 1.61 47.8229 94.0589
    endloop
  endfacet
  facet normal 1 0 0
    outer loop
      vertex 1.61 47.2711 96.8329
      vertex 1.61 47.5742 93.7558
      vertex 1.61 47.5742 96.5842
    endloop
  endfacet
  facet normal 1 0 0
    outer loop
      vertex 1.61 47.2711 96.8329
      vertex 1.61 47.2711 93.5071
      vertex 1.61 47.5742 93.7558
    endloop
  endfacet
  facet normal 1 0 0
    outer loop
      vertex 1.61 46.9254 97.0178
      vertex 1.61 47.2711 93.5071
      vertex 1.61 47.2711 96.8329
    endloop
  endfacet
  facet normal 1 0 0
    outer loop
      vertex 1.61 46.9254 97.0178
      vertex 1.61 46.9254 93.3222
      vertex 1.61 47.2711 93.5071
    endloop
  endfacet
  facet normal 1 0 0
    outer loop
      vertex 1.61 46.5502 97.1316
      vertex 1.61 46.9254 93.3222
      vertex 1.61 46.9254 97.0178
    endloop
  endfacet
  facet normal 1 0 0
    outer loop
      vertex 1.61 46.5502 97.1316
      vertex 1.61 46.5502 93.2084
      vertex 1.61 46.9254 93.3222
    endloop
  endfacet
  facet normal 1 0 0
    outer loop
      vertex 1.61 46.16 97.17
      vertex 1.61 46.5502 93.2084
      vertex 1.61 46.5502 97.1316
    endloop
  endfacet
  facet normal 1 0 0
    outer loop
      vertex 1.61 46.16 97.17
      vertex 1.61 46.16 93.17
      vertex 1.61 46.5502 93.2084
    endloop
  endfacet
  facet normal 1 -0 0
    outer loop
      vertex 1.61 45.7698 97.1316
      vertex 1.61 46.16 93.17
      vertex 1.61 46.16 97.17
    endloop
  endfacet
  facet normal 1 0 0
    outer loop
      vertex 1.61 45.7698 97.1316
      vertex 1.61 45.7698 93.2084
      vertex 1.61 46.16 93.17
    endloop
  endfacet
  facet normal 1 -0 0
    outer loop
      vertex 1.61 45.3946 97.0178
      vertex 1.61 45.7698 93.2084
      vertex 1.61 45.7698 97.1316
    endloop
  endfacet
  facet normal 1 0 0
    outer loop
      vertex 1.61 45.3946 97.0178
      vertex 1.61 45.3946 93.3222
      vertex 1.61 45.7698 93.2084
    endloop
  endfacet
  facet normal 1 -0 0
    outer loop
      vertex 1.61 45.0489 96.8329
      vertex 1.61 45.3946 93.3222
      vertex 1.61 45.3946 97.0178
    endloop
  endfacet
  facet normal 1 0 0
    outer loop
      vertex 1.61 45.0489 96.8329
      vertex 1.61 45.0489 93.5071
      vertex 1.61 45.3946 93.3222
    endloop
  endfacet
  facet normal 1 -0 0
    outer loop
      vertex 1.61 44.7458 96.5842
      vertex 1.61 45.0489 93.5071
      vertex 1.61 45.0489 96.8329
    endloop
  endfacet
  facet normal 1 0 0
    outer loop
      vertex 1.61 44.7458 96.5842
      vertex 1.61 44.7458 93.7558
      vertex 1.61 45.0489 93.5071
    endloop
  endfacet
  facet normal 1 -0 0
    outer loop
      vertex 1.61 44.4971 96.2811
      vertex 1.61 44.7458 93.7558
      vertex 1.61 44.7458 96.5842
    endloop
  endfacet
  facet normal 1 0 0
    outer loop
      vertex 1.61 44.4971 96.2811
      vertex 1.61 44.4971 94.0589
      vertex 1.61 44.7458 93.7558
    endloop
  endfacet
  facet normal 1 -0 0
    outer loop
      vertex 1.61 44.3122 95.9354
      vertex 1.61 44.4971 94.0589
      vertex 1.61 44.4971 96.2811
    endloop
  endfacet
  facet normal 1 0 0
    outer loop
      vertex 1.61 44.3122 95.9354
      vertex 1.61 44.3122 94.4046
      vertex 1.61 44.4971 94.0589
    endloop
  endfacet
  facet normal 1 -0 0
    outer loop
      vertex 1.61 44.1984 95.5602
      vertex 1.61 44.3122 94.4046
      vertex 1.61 44.3122 95.9354
    endloop
  endfacet
  facet normal 1 0 0
    outer loop
      vertex 1.61 44.1984 95.5602
      vertex 1.61 44.1984 94.7798
      vertex 1.61 44.3122 94.4046
    endloop
  endfacet
  facet normal 1 0 -0
    outer loop
      vertex 1.61 44.1984 94.7798
      vertex 1.61 44.1984 95.5602
      vertex 1.61 44.16 95.17
    endloop
  endfacet
  facet normal -0 0.097938 0.995193
    outer loop
      vertex 1.61 46.16 93.17
      vertex 11 45.7698 93.2084
      vertex 11 46.16 93.17
    endloop
  endfacet
  facet normal 0 0.097938 0.995193
    outer loop
      vertex 11 45.7698 93.2084
      vertex 1.61 46.16 93.17
      vertex 1.61 45.7698 93.2084
    endloop
  endfacet
  facet normal 0 0.956951 -0.290248
    outer loop
      vertex 11 44.1984 95.5602
      vertex 1.61 44.3122 95.9354
      vertex 11 44.3122 95.9354
    endloop
  endfacet
  facet normal 0 0.956951 -0.290248
    outer loop
      vertex 1.61 44.3122 95.9354
      vertex 11 44.1984 95.5602
      vertex 1.61 44.1984 95.5602
    endloop
  endfacet
  facet normal 0 0.290248 -0.956951
    outer loop
      vertex 1.61 45.3946 97.0178
      vertex 11 45.7698 97.1316
      vertex 11 45.3946 97.0178
    endloop
  endfacet
  facet normal 0 0.290248 -0.956951
    outer loop
      vertex 11 45.7698 97.1316
      vertex 1.61 45.3946 97.0178
      vertex 1.61 45.7698 97.1316
    endloop
  endfacet
  facet normal 0 0.77307 0.634321
    outer loop
      vertex 11 44.7458 93.7558
      vertex 1.61 44.4971 94.0589
      vertex 11 44.4971 94.0589
    endloop
  endfacet
  facet normal 0 0.77307 0.634321
    outer loop
      vertex 1.61 44.4971 94.0589
      vertex 11 44.7458 93.7558
      vertex 1.61 44.7458 93.7558
    endloop
  endfacet
  facet normal 0 0.881795 0.471634
    outer loop
      vertex 11 44.4971 94.0589
      vertex 1.61 44.3122 94.4046
      vertex 11 44.3122 94.4046
    endloop
  endfacet
  facet normal 0 0.881795 0.471634
    outer loop
      vertex 1.61 44.3122 94.4046
      vertex 11 44.4971 94.0589
      vertex 1.61 44.4971 94.0589
    endloop
  endfacet
  facet normal 0 0.956951 0.290248
    outer loop
      vertex 11 44.3122 94.4046
      vertex 1.61 44.1984 94.7798
      vertex 11 44.1984 94.7798
    endloop
  endfacet
  facet normal 0 0.956951 0.290248
    outer loop
      vertex 1.61 44.1984 94.7798
      vertex 11 44.3122 94.4046
      vertex 1.61 44.3122 94.4046
    endloop
  endfacet
  facet normal 0 0.995193 0.097938
    outer loop
      vertex 11 44.1984 94.7798
      vertex 1.61 44.16 95.17
      vertex 11 44.16 95.17
    endloop
  endfacet
  facet normal 0 0.995193 0.097938
    outer loop
      vertex 1.61 44.16 95.17
      vertex 11 44.1984 94.7798
      vertex 1.61 44.1984 94.7798
    endloop
  endfacet
  facet normal -0 0.634321 0.77307
    outer loop
      vertex 1.61 45.0489 93.5071
      vertex 11 44.7458 93.7558
      vertex 11 45.0489 93.5071
    endloop
  endfacet
  facet normal 0 0.634321 0.77307
    outer loop
      vertex 11 44.7458 93.7558
      vertex 1.61 45.0489 93.5071
      vertex 1.61 44.7458 93.7558
    endloop
  endfacet
  facet normal -0 0.471634 0.881795
    outer loop
      vertex 1.61 45.3946 93.3222
      vertex 11 45.0489 93.5071
      vertex 11 45.3946 93.3222
    endloop
  endfacet
  facet normal 0 0.471634 0.881795
    outer loop
      vertex 11 45.0489 93.5071
      vertex 1.61 45.3946 93.3222
      vertex 1.61 45.0489 93.5071
    endloop
  endfacet
  facet normal -0 0.290248 0.956951
    outer loop
      vertex 1.61 45.7698 93.2084
      vertex 11 45.3946 93.3222
      vertex 11 45.7698 93.2084
    endloop
  endfacet
  facet normal 0 0.290248 0.956951
    outer loop
      vertex 11 45.3946 93.3222
      vertex 1.61 45.7698 93.2084
      vertex 1.61 45.3946 93.3222
    endloop
  endfacet
  facet normal 0 0.77307 -0.634321
    outer loop
      vertex 11 44.4971 96.2811
      vertex 1.61 44.7458 96.5842
      vertex 11 44.7458 96.5842
    endloop
  endfacet
  facet normal 0 0.77307 -0.634321
    outer loop
      vertex 1.61 44.7458 96.5842
      vertex 11 44.4971 96.2811
      vertex 1.61 44.4971 96.2811
    endloop
  endfacet
  facet normal 0 0.634321 -0.77307
    outer loop
      vertex 1.61 44.7458 96.5842
      vertex 11 45.0489 96.8329
      vertex 11 44.7458 96.5842
    endloop
  endfacet
  facet normal 0 0.634321 -0.77307
    outer loop
      vertex 11 45.0489 96.8329
      vertex 1.61 44.7458 96.5842
      vertex 1.61 45.0489 96.8329
    endloop
  endfacet
  facet normal 0 -0.097938 -0.995193
    outer loop
      vertex 1.61 46.16 51.45
      vertex 11 46.5502 51.4116
      vertex 11 46.16 51.45
    endloop
  endfacet
  facet normal -0 -0.097938 -0.995193
    outer loop
      vertex 11 46.5502 51.4116
      vertex 1.61 46.16 51.45
      vertex 1.61 46.5502 51.4116
    endloop
  endfacet
  facet normal 0 -0.290248 -0.956951
    outer loop
      vertex 1.61 46.5502 51.4116
      vertex 11 46.9254 51.2978
      vertex 11 46.5502 51.4116
    endloop
  endfacet
  facet normal -0 -0.290248 -0.956951
    outer loop
      vertex 11 46.9254 51.2978
      vertex 1.61 46.5502 51.4116
      vertex 1.61 46.9254 51.2978
    endloop
  endfacet
  facet normal 0 -0.097938 0.995193
    outer loop
      vertex 1.61 46.5502 47.4884
      vertex 11 46.16 47.45
      vertex 11 46.5502 47.4884
    endloop
  endfacet
  facet normal 0 -0.097938 0.995193
    outer loop
      vertex 11 46.16 47.45
      vertex 1.61 46.5502 47.4884
      vertex 1.61 46.16 47.45
    endloop
  endfacet
  facet normal 0 -0.77307 0.634321
    outer loop
      vertex 1.61 47.5742 48.0358
      vertex 11 47.8229 48.3389
      vertex 1.61 47.8229 48.3389
    endloop
  endfacet
  facet normal 0 -0.77307 0.634321
    outer loop
      vertex 11 47.8229 48.3389
      vertex 1.61 47.5742 48.0358
      vertex 11 47.5742 48.0358
    endloop
  endfacet
  facet normal 0 -0.956951 0.290248
    outer loop
      vertex 1.61 48.0078 48.6846
      vertex 11 48.1216 49.0598
      vertex 1.61 48.1216 49.0598
    endloop
  endfacet
  facet normal 0 -0.956951 0.290248
    outer loop
      vertex 11 48.1216 49.0598
      vertex 1.61 48.0078 48.6846
      vertex 11 48.0078 48.6846
    endloop
  endfacet
  facet normal 0 0.471634 -0.881795
    outer loop
      vertex 1.61 45.0489 51.1129
      vertex 11 45.3946 51.2978
      vertex 11 45.0489 51.1129
    endloop
  endfacet
  facet normal 0 0.471634 -0.881795
    outer loop
      vertex 11 45.3946 51.2978
      vertex 1.61 45.0489 51.1129
      vertex 1.61 45.3946 51.2978
    endloop
  endfacet
  facet normal 0 -0.995193 -0.097938
    outer loop
      vertex 1.61 48.16 49.45
      vertex 11 48.1216 49.8402
      vertex 1.61 48.1216 49.8402
    endloop
  endfacet
  facet normal 0 -0.995193 -0.097938
    outer loop
      vertex 11 48.1216 49.8402
      vertex 1.61 48.16 49.45
      vertex 11 48.16 49.45
    endloop
  endfacet
  facet normal 0 -0.881795 -0.471634
    outer loop
      vertex 1.61 48.0078 50.2154
      vertex 11 47.8229 50.5611
      vertex 1.61 47.8229 50.5611
    endloop
  endfacet
  facet normal 0 -0.881795 -0.471634
    outer loop
      vertex 11 47.8229 50.5611
      vertex 1.61 48.0078 50.2154
      vertex 11 48.0078 50.2154
    endloop
  endfacet
  facet normal 0 -0.471634 0.881795
    outer loop
      vertex 1.61 47.2711 47.7871
      vertex 11 46.9254 47.6022
      vertex 11 47.2711 47.7871
    endloop
  endfacet
  facet normal 0 -0.471634 0.881795
    outer loop
      vertex 11 46.9254 47.6022
      vertex 1.61 47.2711 47.7871
      vertex 1.61 46.9254 47.6022
    endloop
  endfacet
  facet normal 0 -0.634321 0.77307
    outer loop
      vertex 1.61 47.5742 48.0358
      vertex 11 47.2711 47.7871
      vertex 11 47.5742 48.0358
    endloop
  endfacet
  facet normal 0 -0.634321 0.77307
    outer loop
      vertex 11 47.2711 47.7871
      vertex 1.61 47.5742 48.0358
      vertex 1.61 47.2711 47.7871
    endloop
  endfacet
  facet normal 0 -0.995193 0.097938
    outer loop
      vertex 1.61 48.1216 49.0598
      vertex 11 48.16 49.45
      vertex 1.61 48.16 49.45
    endloop
  endfacet
  facet normal 0 -0.995193 0.097938
    outer loop
      vertex 11 48.16 49.45
      vertex 1.61 48.1216 49.0598
      vertex 11 48.1216 49.0598
    endloop
  endfacet
  facet normal 0 0.995193 -0.097938
    outer loop
      vertex 11 44.16 49.45
      vertex 1.61 44.1984 49.8402
      vertex 11 44.1984 49.8402
    endloop
  endfacet
  facet normal 0 0.995193 -0.097938
    outer loop
      vertex 1.61 44.1984 49.8402
      vertex 11 44.16 49.45
      vertex 1.61 44.16 49.45
    endloop
  endfacet
  facet normal 0 0.881795 -0.471634
    outer loop
      vertex 11 44.3122 50.2154
      vertex 1.61 44.4971 50.5611
      vertex 11 44.4971 50.5611
    endloop
  endfacet
  facet normal 0 0.881795 -0.471634
    outer loop
      vertex 1.61 44.4971 50.5611
      vertex 11 44.3122 50.2154
      vertex 1.61 44.3122 50.2154
    endloop
  endfacet
  facet normal 0 -0.471634 -0.881795
    outer loop
      vertex 1.61 46.9254 51.2978
      vertex 11 47.2711 51.1129
      vertex 11 46.9254 51.2978
    endloop
  endfacet
  facet normal -0 -0.471634 -0.881795
    outer loop
      vertex 11 47.2711 51.1129
      vertex 1.61 46.9254 51.2978
      vertex 1.61 47.2711 51.1129
    endloop
  endfacet
  facet normal 0 -0.634321 -0.77307
    outer loop
      vertex 1.61 47.2711 51.1129
      vertex 11 47.5742 50.8642
      vertex 11 47.2711 51.1129
    endloop
  endfacet
  facet normal -0 -0.634321 -0.77307
    outer loop
      vertex 11 47.5742 50.8642
      vertex 1.61 47.2711 51.1129
      vertex 1.61 47.5742 50.8642
    endloop
  endfacet
  facet normal 0 -0.77307 -0.634321
    outer loop
      vertex 1.61 47.8229 50.5611
      vertex 11 47.5742 50.8642
      vertex 1.61 47.5742 50.8642
    endloop
  endfacet
  facet normal 0 -0.77307 -0.634321
    outer loop
      vertex 11 47.5742 50.8642
      vertex 1.61 47.8229 50.5611
      vertex 11 47.8229 50.5611
    endloop
  endfacet
  facet normal 0 -0.956951 -0.290248
    outer loop
      vertex 1.61 48.1216 49.8402
      vertex 11 48.0078 50.2154
      vertex 1.61 48.0078 50.2154
    endloop
  endfacet
  facet normal 0 -0.956951 -0.290248
    outer loop
      vertex 11 48.0078 50.2154
      vertex 1.61 48.1216 49.8402
      vertex 11 48.1216 49.8402
    endloop
  endfacet
  facet normal 0 -0.290248 0.956951
    outer loop
      vertex 1.61 46.9254 47.6022
      vertex 11 46.5502 47.4884
      vertex 11 46.9254 47.6022
    endloop
  endfacet
  facet normal 0 -0.290248 0.956951
    outer loop
      vertex 11 46.5502 47.4884
      vertex 1.61 46.9254 47.6022
      vertex 1.61 46.5502 47.4884
    endloop
  endfacet
  facet normal 0 -0.881795 0.471634
    outer loop
      vertex 1.61 47.8229 48.3389
      vertex 11 48.0078 48.6846
      vertex 1.61 48.0078 48.6846
    endloop
  endfacet
  facet normal 0 -0.881795 0.471634
    outer loop
      vertex 11 48.0078 48.6846
      vertex 1.61 47.8229 48.3389
      vertex 11 47.8229 48.3389
    endloop
  endfacet
  facet normal 0 0.290248 -0.956951
    outer loop
      vertex 1.61 45.3946 51.2978
      vertex 11 45.7698 51.4116
      vertex 11 45.3946 51.2978
    endloop
  endfacet
  facet normal 0 0.290248 -0.956951
    outer loop
      vertex 11 45.7698 51.4116
      vertex 1.61 45.3946 51.2978
      vertex 1.61 45.7698 51.4116
    endloop
  endfacet
  facet normal 0 0.097938 -0.995193
    outer loop
      vertex 1.61 45.7698 51.4116
      vertex 11 46.16 51.45
      vertex 11 45.7698 51.4116
    endloop
  endfacet
  facet normal 0 0.097938 -0.995193
    outer loop
      vertex 11 46.16 51.45
      vertex 1.61 45.7698 51.4116
      vertex 1.61 46.16 51.45
    endloop
  endfacet
  facet normal 1 0 0
    outer loop
      vertex 1.61 48.1216 49.8402
      vertex 1.61 48.1216 49.0598
      vertex 1.61 48.16 49.45
    endloop
  endfacet
  facet normal 1 0 0
    outer loop
      vertex 1.61 48.0078 50.2154
      vertex 1.61 48.1216 49.0598
      vertex 1.61 48.1216 49.8402
    endloop
  endfacet
  facet normal 1 0 0
    outer loop
      vertex 1.61 48.0078 50.2154
      vertex 1.61 48.0078 48.6846
      vertex 1.61 48.1216 49.0598
    endloop
  endfacet
  facet normal 1 0 0
    outer loop
      vertex 1.61 47.8229 50.5611
      vertex 1.61 48.0078 48.6846
      vertex 1.61 48.0078 50.2154
    endloop
  endfacet
  facet normal 1 0 0
    outer loop
      vertex 1.61 47.8229 50.5611
      vertex 1.61 47.8229 48.3389
      vertex 1.61 48.0078 48.6846
    endloop
  endfacet
  facet normal 1 0 0
    outer loop
      vertex 1.61 47.5742 50.8642
      vertex 1.61 47.8229 48.3389
      vertex 1.61 47.8229 50.5611
    endloop
  endfacet
  facet normal 1 0 0
    outer loop
      vertex 1.61 47.5742 50.8642
      vertex 1.61 47.5742 48.0358
      vertex 1.61 47.8229 48.3389
    endloop
  endfacet
  facet normal 1 0 0
    outer loop
      vertex 1.61 47.2711 51.1129
      vertex 1.61 47.5742 48.0358
      vertex 1.61 47.5742 50.8642
    endloop
  endfacet
  facet normal 1 0 0
    outer loop
      vertex 1.61 47.2711 51.1129
      vertex 1.61 47.2711 47.7871
      vertex 1.61 47.5742 48.0358
    endloop
  endfacet
  facet normal 1 0 0
    outer loop
      vertex 1.61 46.9254 51.2978
      vertex 1.61 47.2711 47.7871
      vertex 1.61 47.2711 51.1129
    endloop
  endfacet
  facet normal 1 0 0
    outer loop
      vertex 1.61 46.9254 51.2978
      vertex 1.61 46.9254 47.6022
      vertex 1.61 47.2711 47.7871
    endloop
  endfacet
  facet normal 1 0 0
    outer loop
      vertex 1.61 46.5502 51.4116
      vertex 1.61 46.9254 47.6022
      vertex 1.61 46.9254 51.2978
    endloop
  endfacet
  facet normal 1 0 0
    outer loop
      vertex 1.61 46.5502 51.4116
      vertex 1.61 46.5502 47.4884
      vertex 1.61 46.9254 47.6022
    endloop
  endfacet
  facet normal 1 0 0
    outer loop
      vertex 1.61 46.16 51.45
      vertex 1.61 46.5502 47.4884
      vertex 1.61 46.5502 51.4116
    endloop
  endfacet
  facet normal 1 0 0
    outer loop
      vertex 1.61 46.16 51.45
      vertex 1.61 46.16 47.45
      vertex 1.61 46.5502 47.4884
    endloop
  endfacet
  facet normal 1 -0 0
    outer loop
      vertex 1.61 45.7698 51.4116
      vertex 1.61 46.16 47.45
      vertex 1.61 46.16 51.45
    endloop
  endfacet
  facet normal 1 0 0
    outer loop
      vertex 1.61 45.7698 51.4116
      vertex 1.61 45.7698 47.4884
      vertex 1.61 46.16 47.45
    endloop
  endfacet
  facet normal 1 -0 0
    outer loop
      vertex 1.61 45.3946 51.2978
      vertex 1.61 45.7698 47.4884
      vertex 1.61 45.7698 51.4116
    endloop
  endfacet
  facet normal 1 0 0
    outer loop
      vertex 1.61 45.3946 51.2978
      vertex 1.61 45.3946 47.6022
      vertex 1.61 45.7698 47.4884
    endloop
  endfacet
  facet normal 1 -0 0
    outer loop
      vertex 1.61 45.0489 51.1129
      vertex 1.61 45.3946 47.6022
      vertex 1.61 45.3946 51.2978
    endloop
  endfacet
  facet normal 1 0 0
    outer loop
      vertex 1.61 45.0489 51.1129
      vertex 1.61 45.0489 47.7871
      vertex 1.61 45.3946 47.6022
    endloop
  endfacet
  facet normal 1 -0 0
    outer loop
      vertex 1.61 44.7458 50.8642
      vertex 1.61 45.0489 47.7871
      vertex 1.61 45.0489 51.1129
    endloop
  endfacet
  facet normal 1 0 0
    outer loop
      vertex 1.61 44.7458 50.8642
      vertex 1.61 44.7458 48.0358
      vertex 1.61 45.0489 47.7871
    endloop
  endfacet
  facet normal 1 -0 0
    outer loop
      vertex 1.61 44.4971 50.5611
      vertex 1.61 44.7458 48.0358
      vertex 1.61 44.7458 50.8642
    endloop
  endfacet
  facet normal 1 0 0
    outer loop
      vertex 1.61 44.4971 50.5611
      vertex 1.61 44.4971 48.3389
      vertex 1.61 44.7458 48.0358
    endloop
  endfacet
  facet normal 1 -0 0
    outer loop
      vertex 1.61 44.3122 50.2154
      vertex 1.61 44.4971 48.3389
      vertex 1.61 44.4971 50.5611
    endloop
  endfacet
  facet normal 1 0 0
    outer loop
      vertex 1.61 44.3122 50.2154
      vertex 1.61 44.3122 48.6846
      vertex 1.61 44.4971 48.3389
    endloop
  endfacet
  facet normal 1 -0 0
    outer loop
      vertex 1.61 44.1984 49.8402
      vertex 1.61 44.3122 48.6846
      vertex 1.61 44.3122 50.2154
    endloop
  endfacet
  facet normal 1 0 0
    outer loop
      vertex 1.61 44.1984 49.8402
      vertex 1.61 44.1984 49.0598
      vertex 1.61 44.3122 48.6846
    endloop
  endfacet
  facet normal 1 0 -0
    outer loop
      vertex 1.61 44.1984 49.0598
      vertex 1.61 44.1984 49.8402
      vertex 1.61 44.16 49.45
    endloop
  endfacet
  facet normal -0 0.290248 0.956951
    outer loop
      vertex 1.61 45.7698 47.4884
      vertex 11 45.3946 47.6022
      vertex 11 45.7698 47.4884
    endloop
  endfacet
  facet normal 0 0.290248 0.956951
    outer loop
      vertex 11 45.3946 47.6022
      vertex 1.61 45.7698 47.4884
      vertex 1.61 45.3946 47.6022
    endloop
  endfacet
  facet normal -0 0.097938 0.995193
    outer loop
      vertex 1.61 46.16 47.45
      vertex 11 45.7698 47.4884
      vertex 11 46.16 47.45
    endloop
  endfacet
  facet normal 0 0.097938 0.995193
    outer loop
      vertex 11 45.7698 47.4884
      vertex 1.61 46.16 47.45
      vertex 1.61 45.7698 47.4884
    endloop
  endfacet
  facet normal 0 0.956951 -0.290248
    outer loop
      vertex 11 44.1984 49.8402
      vertex 1.61 44.3122 50.2154
      vertex 11 44.3122 50.2154
    endloop
  endfacet
  facet normal 0 0.956951 -0.290248
    outer loop
      vertex 1.61 44.3122 50.2154
      vertex 11 44.1984 49.8402
      vertex 1.61 44.1984 49.8402
    endloop
  endfacet
  facet normal 0 0.77307 0.634321
    outer loop
      vertex 11 44.7458 48.0358
      vertex 1.61 44.4971 48.3389
      vertex 11 44.4971 48.3389
    endloop
  endfacet
  facet normal 0 0.77307 0.634321
    outer loop
      vertex 1.61 44.4971 48.3389
      vertex 11 44.7458 48.0358
      vertex 1.61 44.7458 48.0358
    endloop
  endfacet
  facet normal 0 0.881795 0.471634
    outer loop
      vertex 11 44.4971 48.3389
      vertex 1.61 44.3122 48.6846
      vertex 11 44.3122 48.6846
    endloop
  endfacet
  facet normal 0 0.881795 0.471634
    outer loop
      vertex 1.61 44.3122 48.6846
      vertex 11 44.4971 48.3389
      vertex 1.61 44.4971 48.3389
    endloop
  endfacet
  facet normal 0 0.956951 0.290248
    outer loop
      vertex 11 44.3122 48.6846
      vertex 1.61 44.1984 49.0598
      vertex 11 44.1984 49.0598
    endloop
  endfacet
  facet normal 0 0.956951 0.290248
    outer loop
      vertex 1.61 44.1984 49.0598
      vertex 11 44.3122 48.6846
      vertex 1.61 44.3122 48.6846
    endloop
  endfacet
  facet normal 0 0.995193 0.097938
    outer loop
      vertex 11 44.1984 49.0598
      vertex 1.61 44.16 49.45
      vertex 11 44.16 49.45
    endloop
  endfacet
  facet normal 0 0.995193 0.097938
    outer loop
      vertex 1.61 44.16 49.45
      vertex 11 44.1984 49.0598
      vertex 1.61 44.1984 49.0598
    endloop
  endfacet
  facet normal -0 0.634321 0.77307
    outer loop
      vertex 1.61 45.0489 47.7871
      vertex 11 44.7458 48.0358
      vertex 11 45.0489 47.7871
    endloop
  endfacet
  facet normal 0 0.634321 0.77307
    outer loop
      vertex 11 44.7458 48.0358
      vertex 1.61 45.0489 47.7871
      vertex 1.61 44.7458 48.0358
    endloop
  endfacet
  facet normal -0 0.471634 0.881795
    outer loop
      vertex 1.61 45.3946 47.6022
      vertex 11 45.0489 47.7871
      vertex 11 45.3946 47.6022
    endloop
  endfacet
  facet normal 0 0.471634 0.881795
    outer loop
      vertex 11 45.0489 47.7871
      vertex 1.61 45.3946 47.6022
      vertex 1.61 45.0489 47.7871
    endloop
  endfacet
  facet normal 0 0.77307 -0.634321
    outer loop
      vertex 11 44.4971 50.5611
      vertex 1.61 44.7458 50.8642
      vertex 11 44.7458 50.8642
    endloop
  endfacet
  facet normal 0 0.77307 -0.634321
    outer loop
      vertex 1.61 44.7458 50.8642
      vertex 11 44.4971 50.5611
      vertex 1.61 44.4971 50.5611
    endloop
  endfacet
  facet normal 0 0.634321 -0.77307
    outer loop
      vertex 1.61 44.7458 50.8642
      vertex 11 45.0489 51.1129
      vertex 11 44.7458 50.8642
    endloop
  endfacet
  facet normal 0 0.634321 -0.77307
    outer loop
      vertex 11 45.0489 51.1129
      vertex 1.61 44.7458 50.8642
      vertex 1.61 45.0489 51.1129
    endloop
  endfacet
  facet normal 0 -0.0979877 -0.995188
    outer loop
      vertex 1.61 201.1 97.17
      vertex 11 201.49 97.1316
      vertex 11 201.1 97.17
    endloop
  endfacet
  facet normal -0 -0.0979877 -0.995188
    outer loop
      vertex 11 201.49 97.1316
      vertex 1.61 201.1 97.17
      vertex 1.61 201.49 97.1316
    endloop
  endfacet
  facet normal 0 -0.29039 -0.956908
    outer loop
      vertex 1.61 201.49 97.1316
      vertex 11 201.865 97.0178
      vertex 11 201.49 97.1316
    endloop
  endfacet
  facet normal -0 -0.29039 -0.956908
    outer loop
      vertex 11 201.865 97.0178
      vertex 1.61 201.49 97.1316
      vertex 1.61 201.865 97.0178
    endloop
  endfacet
  facet normal 0 -0.0979877 0.995188
    outer loop
      vertex 1.61 201.49 93.2084
      vertex 11 201.1 93.17
      vertex 11 201.49 93.2084
    endloop
  endfacet
  facet normal 0 -0.0979877 0.995188
    outer loop
      vertex 11 201.1 93.17
      vertex 1.61 201.49 93.2084
      vertex 1.61 201.1 93.17
    endloop
  endfacet
  facet normal 0 -0.772695 0.634777
    outer loop
      vertex 1.61 202.514 93.7558
      vertex 11 202.763 94.0589
      vertex 1.61 202.763 94.0589
    endloop
  endfacet
  facet normal 0 -0.772695 0.634777
    outer loop
      vertex 11 202.763 94.0589
      vertex 1.61 202.514 93.7558
      vertex 11 202.514 93.7558
    endloop
  endfacet
  facet normal 0 -0.95681 0.290715
    outer loop
      vertex 1.61 202.948 94.4046
      vertex 11 203.062 94.7798
      vertex 1.61 203.062 94.7798
    endloop
  endfacet
  facet normal 0 -0.95681 0.290715
    outer loop
      vertex 11 203.062 94.7798
      vertex 1.61 202.948 94.4046
      vertex 11 202.948 94.4046
    endloop
  endfacet
  facet normal 0 -0.881688 -0.471832
    outer loop
      vertex 1.61 202.948 95.9354
      vertex 11 202.763 96.2811
      vertex 1.61 202.763 96.2811
    endloop
  endfacet
  facet normal 0 -0.881688 -0.471832
    outer loop
      vertex 11 202.763 96.2811
      vertex 1.61 202.948 95.9354
      vertex 11 202.948 95.9354
    endloop
  endfacet
  facet normal 0 -0.471316 0.881965
    outer loop
      vertex 1.61 202.211 93.5071
      vertex 11 201.865 93.3222
      vertex 11 202.211 93.5071
    endloop
  endfacet
  facet normal 0 -0.471316 0.881965
    outer loop
      vertex 11 201.865 93.3222
      vertex 1.61 202.211 93.5071
      vertex 1.61 201.865 93.3222
    endloop
  endfacet
  facet normal 0 -0.634446 0.772968
    outer loop
      vertex 1.61 202.514 93.7558
      vertex 11 202.211 93.5071
      vertex 11 202.514 93.7558
    endloop
  endfacet
  facet normal 0 -0.634446 0.772968
    outer loop
      vertex 11 202.211 93.5071
      vertex 1.61 202.514 93.7558
      vertex 1.61 202.211 93.5071
    endloop
  endfacet
  facet normal 0 0.0979877 -0.995188
    outer loop
      vertex 1.61 200.71 97.1316
      vertex 11 201.1 97.17
      vertex 11 200.71 97.1316
    endloop
  endfacet
  facet normal 0 0.0979877 -0.995188
    outer loop
      vertex 11 201.1 97.17
      vertex 1.61 200.71 97.1316
      vertex 1.61 201.1 97.17
    endloop
  endfacet
  facet normal 0 0.95681 -0.290715
    outer loop
      vertex 11 199.138 95.5602
      vertex 1.61 199.252 95.9354
      vertex 11 199.252 95.9354
    endloop
  endfacet
  facet normal 0 0.95681 -0.290715
    outer loop
      vertex 1.61 199.252 95.9354
      vertex 11 199.138 95.5602
      vertex 1.61 199.138 95.5602
    endloop
  endfacet
  facet normal 0 0.881688 -0.471832
    outer loop
      vertex 11 199.252 95.9354
      vertex 1.61 199.437 96.2811
      vertex 11 199.437 96.2811
    endloop
  endfacet
  facet normal 0 0.881688 -0.471832
    outer loop
      vertex 1.61 199.437 96.2811
      vertex 11 199.252 95.9354
      vertex 1.61 199.252 95.9354
    endloop
  endfacet
  facet normal 0 -0.471316 -0.881965
    outer loop
      vertex 1.61 201.865 97.0178
      vertex 11 202.211 96.8329
      vertex 11 201.865 97.0178
    endloop
  endfacet
  facet normal -0 -0.471316 -0.881965
    outer loop
      vertex 11 202.211 96.8329
      vertex 1.61 201.865 97.0178
      vertex 1.61 202.211 96.8329
    endloop
  endfacet
  facet normal 0 -0.634446 -0.772968
    outer loop
      vertex 1.61 202.211 96.8329
      vertex 11 202.514 96.5842
      vertex 11 202.211 96.8329
    endloop
  endfacet
  facet normal -0 -0.634446 -0.772968
    outer loop
      vertex 11 202.514 96.5842
      vertex 1.61 202.211 96.8329
      vertex 1.61 202.514 96.5842
    endloop
  endfacet
  facet normal 0 -0.772695 -0.634777
    outer loop
      vertex 1.61 202.763 96.2811
      vertex 11 202.514 96.5842
      vertex 1.61 202.514 96.5842
    endloop
  endfacet
  facet normal 0 -0.772695 -0.634777
    outer loop
      vertex 11 202.514 96.5842
      vertex 1.61 202.763 96.2811
      vertex 11 202.763 96.2811
    endloop
  endfacet
  facet normal 0 -0.995291 -0.0969274
    outer loop
      vertex 1.61 203.1 95.17
      vertex 11 203.062 95.5602
      vertex 1.61 203.062 95.5602
    endloop
  endfacet
  facet normal 0 -0.995291 -0.0969274
    outer loop
      vertex 11 203.062 95.5602
      vertex 1.61 203.1 95.17
      vertex 11 203.1 95.17
    endloop
  endfacet
  facet normal 0 -0.995291 0.0969274
    outer loop
      vertex 1.61 203.062 94.7798
      vertex 11 203.1 95.17
      vertex 1.61 203.1 95.17
    endloop
  endfacet
  facet normal 0 -0.995291 0.0969274
    outer loop
      vertex 11 203.1 95.17
      vertex 1.61 203.062 94.7798
      vertex 11 203.062 94.7798
    endloop
  endfacet
  facet normal 0 -0.95681 -0.290715
    outer loop
      vertex 1.61 203.062 95.5602
      vertex 11 202.948 95.9354
      vertex 1.61 202.948 95.9354
    endloop
  endfacet
  facet normal 0 -0.95681 -0.290715
    outer loop
      vertex 11 202.948 95.9354
      vertex 1.61 203.062 95.5602
      vertex 11 203.062 95.5602
    endloop
  endfacet
  facet normal 0 -0.29039 0.956908
    outer loop
      vertex 1.61 201.865 93.3222
      vertex 11 201.49 93.2084
      vertex 11 201.865 93.3222
    endloop
  endfacet
  facet normal 0 -0.29039 0.956908
    outer loop
      vertex 11 201.49 93.2084
      vertex 1.61 201.865 93.3222
      vertex 1.61 201.49 93.2084
    endloop
  endfacet
  facet normal 0 -0.881688 0.471832
    outer loop
      vertex 1.61 202.763 94.0589
      vertex 11 202.948 94.4046
      vertex 1.61 202.948 94.4046
    endloop
  endfacet
  facet normal 0 -0.881688 0.471832
    outer loop
      vertex 11 202.948 94.4046
      vertex 1.61 202.763 94.0589
      vertex 11 202.763 94.0589
    endloop
  endfacet
  facet normal 0 0.471316 -0.881965
    outer loop
      vertex 1.61 199.989 96.8329
      vertex 11 200.335 97.0178
      vertex 11 199.989 96.8329
    endloop
  endfacet
  facet normal 0 0.471316 -0.881965
    outer loop
      vertex 11 200.335 97.0178
      vertex 1.61 199.989 96.8329
      vertex 1.61 200.335 97.0178
    endloop
  endfacet
  facet normal -0 0.0979877 0.995188
    outer loop
      vertex 1.61 201.1 93.17
      vertex 11 200.71 93.2084
      vertex 11 201.1 93.17
    endloop
  endfacet
  facet normal 0 0.0979877 0.995188
    outer loop
      vertex 11 200.71 93.2084
      vertex 1.61 201.1 93.17
      vertex 1.61 200.71 93.2084
    endloop
  endfacet
  facet normal 0 0.995291 -0.0969274
    outer loop
      vertex 11 199.1 95.17
      vertex 1.61 199.138 95.5602
      vertex 11 199.138 95.5602
    endloop
  endfacet
  facet normal 0 0.995291 -0.0969274
    outer loop
      vertex 1.61 199.138 95.5602
      vertex 11 199.1 95.17
      vertex 1.61 199.1 95.17
    endloop
  endfacet
  facet normal 0 0.29039 -0.956908
    outer loop
      vertex 1.61 200.335 97.0178
      vertex 11 200.71 97.1316
      vertex 11 200.335 97.0178
    endloop
  endfacet
  facet normal 0 0.29039 -0.956908
    outer loop
      vertex 11 200.71 97.1316
      vertex 1.61 200.335 97.0178
      vertex 1.61 200.71 97.1316
    endloop
  endfacet
  facet normal 0 0.995291 0.0969274
    outer loop
      vertex 11 199.138 94.7798
      vertex 1.61 199.1 95.17
      vertex 11 199.1 95.17
    endloop
  endfacet
  facet normal 0 0.995291 0.0969274
    outer loop
      vertex 1.61 199.1 95.17
      vertex 11 199.138 94.7798
      vertex 1.61 199.138 94.7798
    endloop
  endfacet
  facet normal 1 0 0
    outer loop
      vertex 1.61 203.062 95.5602
      vertex 1.61 203.062 94.7798
      vertex 1.61 203.1 95.17
    endloop
  endfacet
  facet normal 1 0 0
    outer loop
      vertex 1.61 202.948 95.9354
      vertex 1.61 203.062 94.7798
      vertex 1.61 203.062 95.5602
    endloop
  endfacet
  facet normal 1 0 0
    outer loop
      vertex 1.61 202.948 95.9354
      vertex 1.61 202.948 94.4046
      vertex 1.61 203.062 94.7798
    endloop
  endfacet
  facet normal 1 0 0
    outer loop
      vertex 1.61 202.763 96.2811
      vertex 1.61 202.948 94.4046
      vertex 1.61 202.948 95.9354
    endloop
  endfacet
  facet normal 1 0 0
    outer loop
      vertex 1.61 202.763 96.2811
      vertex 1.61 202.763 94.0589
      vertex 1.61 202.948 94.4046
    endloop
  endfacet
  facet normal 1 0 0
    outer loop
      vertex 1.61 202.514 96.5842
      vertex 1.61 202.763 94.0589
      vertex 1.61 202.763 96.2811
    endloop
  endfacet
  facet normal 1 0 0
    outer loop
      vertex 1.61 202.514 96.5842
      vertex 1.61 202.514 93.7558
      vertex 1.61 202.763 94.0589
    endloop
  endfacet
  facet normal 1 0 0
    outer loop
      vertex 1.61 202.211 96.8329
      vertex 1.61 202.514 93.7558
      vertex 1.61 202.514 96.5842
    endloop
  endfacet
  facet normal 1 0 0
    outer loop
      vertex 1.61 202.211 96.8329
      vertex 1.61 202.211 93.5071
      vertex 1.61 202.514 93.7558
    endloop
  endfacet
  facet normal 1 0 0
    outer loop
      vertex 1.61 201.865 97.0178
      vertex 1.61 202.211 93.5071
      vertex 1.61 202.211 96.8329
    endloop
  endfacet
  facet normal 1 0 0
    outer loop
      vertex 1.61 201.865 97.0178
      vertex 1.61 201.865 93.3222
      vertex 1.61 202.211 93.5071
    endloop
  endfacet
  facet normal 1 0 0
    outer loop
      vertex 1.61 201.49 97.1316
      vertex 1.61 201.865 93.3222
      vertex 1.61 201.865 97.0178
    endloop
  endfacet
  facet normal 1 0 0
    outer loop
      vertex 1.61 201.49 97.1316
      vertex 1.61 201.49 93.2084
      vertex 1.61 201.865 93.3222
    endloop
  endfacet
  facet normal 1 0 0
    outer loop
      vertex 1.61 201.1 97.17
      vertex 1.61 201.49 93.2084
      vertex 1.61 201.49 97.1316
    endloop
  endfacet
  facet normal 1 0 0
    outer loop
      vertex 1.61 201.1 97.17
      vertex 1.61 201.1 93.17
      vertex 1.61 201.49 93.2084
    endloop
  endfacet
  facet normal 1 -0 0
    outer loop
      vertex 1.61 200.71 97.1316
      vertex 1.61 201.1 93.17
      vertex 1.61 201.1 97.17
    endloop
  endfacet
  facet normal 1 0 0
    outer loop
      vertex 1.61 200.71 97.1316
      vertex 1.61 200.71 93.2084
      vertex 1.61 201.1 93.17
    endloop
  endfacet
  facet normal 1 -0 0
    outer loop
      vertex 1.61 200.335 97.0178
      vertex 1.61 200.71 93.2084
      vertex 1.61 200.71 97.1316
    endloop
  endfacet
  facet normal 1 0 0
    outer loop
      vertex 1.61 200.335 97.0178
      vertex 1.61 200.335 93.3222
      vertex 1.61 200.71 93.2084
    endloop
  endfacet
  facet normal 1 -0 0
    outer loop
      vertex 1.61 199.989 96.8329
      vertex 1.61 200.335 93.3222
      vertex 1.61 200.335 97.0178
    endloop
  endfacet
  facet normal 1 0 0
    outer loop
      vertex 1.61 199.989 96.8329
      vertex 1.61 199.989 93.5071
      vertex 1.61 200.335 93.3222
    endloop
  endfacet
  facet normal 1 -0 0
    outer loop
      vertex 1.61 199.686 96.5842
      vertex 1.61 199.989 93.5071
      vertex 1.61 199.989 96.8329
    endloop
  endfacet
  facet normal 1 0 0
    outer loop
      vertex 1.61 199.686 96.5842
      vertex 1.61 199.686 93.7558
      vertex 1.61 199.989 93.5071
    endloop
  endfacet
  facet normal 1 -0 0
    outer loop
      vertex 1.61 199.437 96.2811
      vertex 1.61 199.686 93.7558
      vertex 1.61 199.686 96.5842
    endloop
  endfacet
  facet normal 1 0 0
    outer loop
      vertex 1.61 199.437 96.2811
      vertex 1.61 199.437 94.0589
      vertex 1.61 199.686 93.7558
    endloop
  endfacet
  facet normal 1 -0 0
    outer loop
      vertex 1.61 199.252 95.9354
      vertex 1.61 199.437 94.0589
      vertex 1.61 199.437 96.2811
    endloop
  endfacet
  facet normal 1 0 0
    outer loop
      vertex 1.61 199.252 95.9354
      vertex 1.61 199.252 94.4046
      vertex 1.61 199.437 94.0589
    endloop
  endfacet
  facet normal 1 -0 0
    outer loop
      vertex 1.61 199.138 95.5602
      vertex 1.61 199.252 94.4046
      vertex 1.61 199.252 95.9354
    endloop
  endfacet
  facet normal 1 0 0
    outer loop
      vertex 1.61 199.138 95.5602
      vertex 1.61 199.138 94.7798
      vertex 1.61 199.252 94.4046
    endloop
  endfacet
  facet normal 1 0 -0
    outer loop
      vertex 1.61 199.138 94.7798
      vertex 1.61 199.138 95.5602
      vertex 1.61 199.1 95.17
    endloop
  endfacet
  facet normal -0 0.634446 0.772968
    outer loop
      vertex 1.61 199.989 93.5071
      vertex 11 199.686 93.7558
      vertex 11 199.989 93.5071
    endloop
  endfacet
  facet normal 0 0.634446 0.772968
    outer loop
      vertex 11 199.686 93.7558
      vertex 1.61 199.989 93.5071
      vertex 1.61 199.686 93.7558
    endloop
  endfacet
  facet normal -0 0.471316 0.881965
    outer loop
      vertex 1.61 200.335 93.3222
      vertex 11 199.989 93.5071
      vertex 11 200.335 93.3222
    endloop
  endfacet
  facet normal 0 0.471316 0.881965
    outer loop
      vertex 11 199.989 93.5071
      vertex 1.61 200.335 93.3222
      vertex 1.61 199.989 93.5071
    endloop
  endfacet
  facet normal 0 0.772695 -0.634777
    outer loop
      vertex 11 199.437 96.2811
      vertex 1.61 199.686 96.5842
      vertex 11 199.686 96.5842
    endloop
  endfacet
  facet normal 0 0.772695 -0.634777
    outer loop
      vertex 1.61 199.686 96.5842
      vertex 11 199.437 96.2811
      vertex 1.61 199.437 96.2811
    endloop
  endfacet
  facet normal 0 0.634446 -0.772968
    outer loop
      vertex 1.61 199.686 96.5842
      vertex 11 199.989 96.8329
      vertex 11 199.686 96.5842
    endloop
  endfacet
  facet normal 0 0.634446 -0.772968
    outer loop
      vertex 11 199.989 96.8329
      vertex 1.61 199.686 96.5842
      vertex 1.61 199.989 96.8329
    endloop
  endfacet
  facet normal 0 0.772695 0.634777
    outer loop
      vertex 11 199.686 93.7558
      vertex 1.61 199.437 94.0589
      vertex 11 199.437 94.0589
    endloop
  endfacet
  facet normal 0 0.772695 0.634777
    outer loop
      vertex 1.61 199.437 94.0589
      vertex 11 199.686 93.7558
      vertex 1.61 199.686 93.7558
    endloop
  endfacet
  facet normal 0 0.881688 0.471832
    outer loop
      vertex 11 199.437 94.0589
      vertex 1.61 199.252 94.4046
      vertex 11 199.252 94.4046
    endloop
  endfacet
  facet normal 0 0.881688 0.471832
    outer loop
      vertex 1.61 199.252 94.4046
      vertex 11 199.437 94.0589
      vertex 1.61 199.437 94.0589
    endloop
  endfacet
  facet normal 0 0.95681 0.290715
    outer loop
      vertex 11 199.252 94.4046
      vertex 1.61 199.138 94.7798
      vertex 11 199.138 94.7798
    endloop
  endfacet
  facet normal 0 0.95681 0.290715
    outer loop
      vertex 1.61 199.138 94.7798
      vertex 11 199.252 94.4046
      vertex 1.61 199.252 94.4046
    endloop
  endfacet
  facet normal -0 0.29039 0.956908
    outer loop
      vertex 1.61 200.71 93.2084
      vertex 11 200.335 93.3222
      vertex 11 200.71 93.2084
    endloop
  endfacet
  facet normal 0 0.29039 0.956908
    outer loop
      vertex 11 200.335 93.3222
      vertex 1.61 200.71 93.2084
      vertex 1.61 200.335 93.3222
    endloop
  endfacet
  facet normal 0 -0.0979877 -0.995188
    outer loop
      vertex 1.61 201.1 31.13
      vertex 11 201.49 31.0916
      vertex 11 201.1 31.13
    endloop
  endfacet
  facet normal -0 -0.0979877 -0.995188
    outer loop
      vertex 11 201.49 31.0916
      vertex 1.61 201.1 31.13
      vertex 1.61 201.49 31.0916
    endloop
  endfacet
  facet normal 0 -0.29039 -0.956908
    outer loop
      vertex 1.61 201.49 31.0916
      vertex 11 201.865 30.9778
      vertex 11 201.49 31.0916
    endloop
  endfacet
  facet normal -0 -0.29039 -0.956908
    outer loop
      vertex 11 201.865 30.9778
      vertex 1.61 201.49 31.0916
      vertex 1.61 201.865 30.9778
    endloop
  endfacet
  facet normal 0 -0.0979877 0.995188
    outer loop
      vertex 1.61 201.49 27.1684
      vertex 11 201.1 27.13
      vertex 11 201.49 27.1684
    endloop
  endfacet
  facet normal 0 -0.0979877 0.995188
    outer loop
      vertex 11 201.1 27.13
      vertex 1.61 201.49 27.1684
      vertex 1.61 201.1 27.13
    endloop
  endfacet
  facet normal 0 -0.772695 0.634777
    outer loop
      vertex 1.61 202.514 27.7158
      vertex 11 202.763 28.0189
      vertex 1.61 202.763 28.0189
    endloop
  endfacet
  facet normal 0 -0.772695 0.634777
    outer loop
      vertex 11 202.763 28.0189
      vertex 1.61 202.514 27.7158
      vertex 11 202.514 27.7158
    endloop
  endfacet
  facet normal 0 -0.95681 0.290715
    outer loop
      vertex 1.61 202.948 28.3646
      vertex 11 203.062 28.7398
      vertex 1.61 203.062 28.7398
    endloop
  endfacet
  facet normal 0 -0.95681 0.290715
    outer loop
      vertex 11 203.062 28.7398
      vertex 1.61 202.948 28.3646
      vertex 11 202.948 28.3646
    endloop
  endfacet
  facet normal 0 -0.881688 -0.471832
    outer loop
      vertex 1.61 202.948 29.8954
      vertex 11 202.763 30.2411
      vertex 1.61 202.763 30.2411
    endloop
  endfacet
  facet normal 0 -0.881688 -0.471832
    outer loop
      vertex 11 202.763 30.2411
      vertex 1.61 202.948 29.8954
      vertex 11 202.948 29.8954
    endloop
  endfacet
  facet normal 0 -0.471316 0.881965
    outer loop
      vertex 1.61 202.211 27.4671
      vertex 11 201.865 27.2822
      vertex 11 202.211 27.4671
    endloop
  endfacet
  facet normal 0 -0.471316 0.881965
    outer loop
      vertex 11 201.865 27.2822
      vertex 1.61 202.211 27.4671
      vertex 1.61 201.865 27.2822
    endloop
  endfacet
  facet normal 0 -0.634446 0.772968
    outer loop
      vertex 1.61 202.514 27.7158
      vertex 11 202.211 27.4671
      vertex 11 202.514 27.7158
    endloop
  endfacet
  facet normal 0 -0.634446 0.772968
    outer loop
      vertex 11 202.211 27.4671
      vertex 1.61 202.514 27.7158
      vertex 1.61 202.211 27.4671
    endloop
  endfacet
  facet normal 0 0.0979877 -0.995188
    outer loop
      vertex 1.61 200.71 31.0916
      vertex 11 201.1 31.13
      vertex 11 200.71 31.0916
    endloop
  endfacet
  facet normal 0 0.0979877 -0.995188
    outer loop
      vertex 11 201.1 31.13
      vertex 1.61 200.71 31.0916
      vertex 1.61 201.1 31.13
    endloop
  endfacet
  facet normal 0 0.95681 -0.290715
    outer loop
      vertex 11 199.138 29.5202
      vertex 1.61 199.252 29.8954
      vertex 11 199.252 29.8954
    endloop
  endfacet
  facet normal 0 0.95681 -0.290715
    outer loop
      vertex 1.61 199.252 29.8954
      vertex 11 199.138 29.5202
      vertex 1.61 199.138 29.5202
    endloop
  endfacet
  facet normal 0 0.881688 -0.471832
    outer loop
      vertex 11 199.252 29.8954
      vertex 1.61 199.437 30.2411
      vertex 11 199.437 30.2411
    endloop
  endfacet
  facet normal 0 0.881688 -0.471832
    outer loop
      vertex 1.61 199.437 30.2411
      vertex 11 199.252 29.8954
      vertex 1.61 199.252 29.8954
    endloop
  endfacet
  facet normal 0 -0.471316 -0.881965
    outer loop
      vertex 1.61 201.865 30.9778
      vertex 11 202.211 30.7929
      vertex 11 201.865 30.9778
    endloop
  endfacet
  facet normal -0 -0.471316 -0.881965
    outer loop
      vertex 11 202.211 30.7929
      vertex 1.61 201.865 30.9778
      vertex 1.61 202.211 30.7929
    endloop
  endfacet
  facet normal 0 -0.634446 -0.772968
    outer loop
      vertex 1.61 202.211 30.7929
      vertex 11 202.514 30.5442
      vertex 11 202.211 30.7929
    endloop
  endfacet
  facet normal -0 -0.634446 -0.772968
    outer loop
      vertex 11 202.514 30.5442
      vertex 1.61 202.211 30.7929
      vertex 1.61 202.514 30.5442
    endloop
  endfacet
  facet normal 0 -0.772695 -0.634777
    outer loop
      vertex 1.61 202.763 30.2411
      vertex 11 202.514 30.5442
      vertex 1.61 202.514 30.5442
    endloop
  endfacet
  facet normal 0 -0.772695 -0.634777
    outer loop
      vertex 11 202.514 30.5442
      vertex 1.61 202.763 30.2411
      vertex 11 202.763 30.2411
    endloop
  endfacet
  facet normal 0 -0.995291 -0.0969274
    outer loop
      vertex 1.61 203.1 29.13
      vertex 11 203.062 29.5202
      vertex 1.61 203.062 29.5202
    endloop
  endfacet
  facet normal 0 -0.995291 -0.0969274
    outer loop
      vertex 11 203.062 29.5202
      vertex 1.61 203.1 29.13
      vertex 11 203.1 29.13
    endloop
  endfacet
  facet normal 0 -0.995291 0.0969274
    outer loop
      vertex 1.61 203.062 28.7398
      vertex 11 203.1 29.13
      vertex 1.61 203.1 29.13
    endloop
  endfacet
  facet normal 0 -0.995291 0.0969274
    outer loop
      vertex 11 203.1 29.13
      vertex 1.61 203.062 28.7398
      vertex 11 203.062 28.7398
    endloop
  endfacet
  facet normal 0 -0.95681 -0.290715
    outer loop
      vertex 1.61 203.062 29.5202
      vertex 11 202.948 29.8954
      vertex 1.61 202.948 29.8954
    endloop
  endfacet
  facet normal 0 -0.95681 -0.290715
    outer loop
      vertex 11 202.948 29.8954
      vertex 1.61 203.062 29.5202
      vertex 11 203.062 29.5202
    endloop
  endfacet
  facet normal 0 -0.29039 0.956908
    outer loop
      vertex 1.61 201.865 27.2822
      vertex 11 201.49 27.1684
      vertex 11 201.865 27.2822
    endloop
  endfacet
  facet normal 0 -0.29039 0.956908
    outer loop
      vertex 11 201.49 27.1684
      vertex 1.61 201.865 27.2822
      vertex 1.61 201.49 27.1684
    endloop
  endfacet
  facet normal 0 -0.881688 0.471832
    outer loop
      vertex 1.61 202.763 28.0189
      vertex 11 202.948 28.3646
      vertex 1.61 202.948 28.3646
    endloop
  endfacet
  facet normal 0 -0.881688 0.471832
    outer loop
      vertex 11 202.948 28.3646
      vertex 1.61 202.763 28.0189
      vertex 11 202.763 28.0189
    endloop
  endfacet
  facet normal 0 0.471316 -0.881965
    outer loop
      vertex 1.61 199.989 30.7929
      vertex 11 200.335 30.9778
      vertex 11 199.989 30.7929
    endloop
  endfacet
  facet normal 0 0.471316 -0.881965
    outer loop
      vertex 11 200.335 30.9778
      vertex 1.61 199.989 30.7929
      vertex 1.61 200.335 30.9778
    endloop
  endfacet
  facet normal -0 0.0979877 0.995188
    outer loop
      vertex 1.61 201.1 27.13
      vertex 11 200.71 27.1684
      vertex 11 201.1 27.13
    endloop
  endfacet
  facet normal 0 0.0979877 0.995188
    outer loop
      vertex 11 200.71 27.1684
      vertex 1.61 201.1 27.13
      vertex 1.61 200.71 27.1684
    endloop
  endfacet
  facet normal 0 0.995291 -0.0969274
    outer loop
      vertex 11 199.1 29.13
      vertex 1.61 199.138 29.5202
      vertex 11 199.138 29.5202
    endloop
  endfacet
  facet normal 0 0.995291 -0.0969274
    outer loop
      vertex 1.61 199.138 29.5202
      vertex 11 199.1 29.13
      vertex 1.61 199.1 29.13
    endloop
  endfacet
  facet normal 0 0.29039 -0.956908
    outer loop
      vertex 1.61 200.335 30.9778
      vertex 11 200.71 31.0916
      vertex 11 200.335 30.9778
    endloop
  endfacet
  facet normal 0 0.29039 -0.956908
    outer loop
      vertex 11 200.71 31.0916
      vertex 1.61 200.335 30.9778
      vertex 1.61 200.71 31.0916
    endloop
  endfacet
  facet normal 0 0.995291 0.0969274
    outer loop
      vertex 11 199.138 28.7398
      vertex 1.61 199.1 29.13
      vertex 11 199.1 29.13
    endloop
  endfacet
  facet normal 0 0.995291 0.0969274
    outer loop
      vertex 1.61 199.1 29.13
      vertex 11 199.138 28.7398
      vertex 1.61 199.138 28.7398
    endloop
  endfacet
  facet normal 1 0 0
    outer loop
      vertex 1.61 203.062 29.5202
      vertex 1.61 203.062 28.7398
      vertex 1.61 203.1 29.13
    endloop
  endfacet
  facet normal 1 0 0
    outer loop
      vertex 1.61 202.948 29.8954
      vertex 1.61 203.062 28.7398
      vertex 1.61 203.062 29.5202
    endloop
  endfacet
  facet normal 1 0 0
    outer loop
      vertex 1.61 202.948 29.8954
      vertex 1.61 202.948 28.3646
      vertex 1.61 203.062 28.7398
    endloop
  endfacet
  facet normal 1 0 0
    outer loop
      vertex 1.61 202.763 30.2411
      vertex 1.61 202.948 28.3646
      vertex 1.61 202.948 29.8954
    endloop
  endfacet
  facet normal 1 0 0
    outer loop
      vertex 1.61 202.763 30.2411
      vertex 1.61 202.763 28.0189
      vertex 1.61 202.948 28.3646
    endloop
  endfacet
  facet normal 1 0 0
    outer loop
      vertex 1.61 202.514 30.5442
      vertex 1.61 202.763 28.0189
      vertex 1.61 202.763 30.2411
    endloop
  endfacet
  facet normal 1 0 0
    outer loop
      vertex 1.61 202.514 30.5442
      vertex 1.61 202.514 27.7158
      vertex 1.61 202.763 28.0189
    endloop
  endfacet
  facet normal 1 0 0
    outer loop
      vertex 1.61 202.211 30.7929
      vertex 1.61 202.514 27.7158
      vertex 1.61 202.514 30.5442
    endloop
  endfacet
  facet normal 1 0 0
    outer loop
      vertex 1.61 202.211 30.7929
      vertex 1.61 202.211 27.4671
      vertex 1.61 202.514 27.7158
    endloop
  endfacet
  facet normal 1 0 0
    outer loop
      vertex 1.61 201.865 30.9778
      vertex 1.61 202.211 27.4671
      vertex 1.61 202.211 30.7929
    endloop
  endfacet
  facet normal 1 0 0
    outer loop
      vertex 1.61 201.865 30.9778
      vertex 1.61 201.865 27.2822
      vertex 1.61 202.211 27.4671
    endloop
  endfacet
  facet normal 1 0 0
    outer loop
      vertex 1.61 201.49 31.0916
      vertex 1.61 201.865 27.2822
      vertex 1.61 201.865 30.9778
    endloop
  endfacet
  facet normal 1 0 0
    outer loop
      vertex 1.61 201.49 31.0916
      vertex 1.61 201.49 27.1684
      vertex 1.61 201.865 27.2822
    endloop
  endfacet
  facet normal 1 0 0
    outer loop
      vertex 1.61 201.1 31.13
      vertex 1.61 201.49 27.1684
      vertex 1.61 201.49 31.0916
    endloop
  endfacet
  facet normal 1 0 0
    outer loop
      vertex 1.61 201.1 31.13
      vertex 1.61 201.1 27.13
      vertex 1.61 201.49 27.1684
    endloop
  endfacet
  facet normal 1 -0 0
    outer loop
      vertex 1.61 200.71 31.0916
      vertex 1.61 201.1 27.13
      vertex 1.61 201.1 31.13
    endloop
  endfacet
  facet normal 1 0 0
    outer loop
      vertex 1.61 200.71 31.0916
      vertex 1.61 200.71 27.1684
      vertex 1.61 201.1 27.13
    endloop
  endfacet
  facet normal 1 -0 0
    outer loop
      vertex 1.61 200.335 30.9778
      vertex 1.61 200.71 27.1684
      vertex 1.61 200.71 31.0916
    endloop
  endfacet
  facet normal 1 0 0
    outer loop
      vertex 1.61 200.335 30.9778
      vertex 1.61 200.335 27.2822
      vertex 1.61 200.71 27.1684
    endloop
  endfacet
  facet normal 1 -0 0
    outer loop
      vertex 1.61 199.989 30.7929
      vertex 1.61 200.335 27.2822
      vertex 1.61 200.335 30.9778
    endloop
  endfacet
  facet normal 1 0 0
    outer loop
      vertex 1.61 199.989 30.7929
      vertex 1.61 199.989 27.4671
      vertex 1.61 200.335 27.2822
    endloop
  endfacet
  facet normal 1 -0 0
    outer loop
      vertex 1.61 199.686 30.5442
      vertex 1.61 199.989 27.4671
      vertex 1.61 199.989 30.7929
    endloop
  endfacet
  facet normal 1 0 0
    outer loop
      vertex 1.61 199.686 30.5442
      vertex 1.61 199.686 27.7158
      vertex 1.61 199.989 27.4671
    endloop
  endfacet
  facet normal 1 -0 0
    outer loop
      vertex 1.61 199.437 30.2411
      vertex 1.61 199.686 27.7158
      vertex 1.61 199.686 30.5442
    endloop
  endfacet
  facet normal 1 0 0
    outer loop
      vertex 1.61 199.437 30.2411
      vertex 1.61 199.437 28.0189
      vertex 1.61 199.686 27.7158
    endloop
  endfacet
  facet normal 1 -0 0
    outer loop
      vertex 1.61 199.252 29.8954
      vertex 1.61 199.437 28.0189
      vertex 1.61 199.437 30.2411
    endloop
  endfacet
  facet normal 1 0 0
    outer loop
      vertex 1.61 199.252 29.8954
      vertex 1.61 199.252 28.3646
      vertex 1.61 199.437 28.0189
    endloop
  endfacet
  facet normal 1 -0 0
    outer loop
      vertex 1.61 199.138 29.5202
      vertex 1.61 199.252 28.3646
      vertex 1.61 199.252 29.8954
    endloop
  endfacet
  facet normal 1 0 0
    outer loop
      vertex 1.61 199.138 29.5202
      vertex 1.61 199.138 28.7398
      vertex 1.61 199.252 28.3646
    endloop
  endfacet
  facet normal 1 0 -0
    outer loop
      vertex 1.61 199.138 28.7398
      vertex 1.61 199.138 29.5202
      vertex 1.61 199.1 29.13
    endloop
  endfacet
  facet normal -0 0.634446 0.772968
    outer loop
      vertex 1.61 199.989 27.4671
      vertex 11 199.686 27.7158
      vertex 11 199.989 27.4671
    endloop
  endfacet
  facet normal 0 0.634446 0.772968
    outer loop
      vertex 11 199.686 27.7158
      vertex 1.61 199.989 27.4671
      vertex 1.61 199.686 27.7158
    endloop
  endfacet
  facet normal -0 0.471316 0.881965
    outer loop
      vertex 1.61 200.335 27.2822
      vertex 11 199.989 27.4671
      vertex 11 200.335 27.2822
    endloop
  endfacet
  facet normal 0 0.471316 0.881965
    outer loop
      vertex 11 199.989 27.4671
      vertex 1.61 200.335 27.2822
      vertex 1.61 199.989 27.4671
    endloop
  endfacet
  facet normal 0 0.772695 -0.634777
    outer loop
      vertex 11 199.437 30.2411
      vertex 1.61 199.686 30.5442
      vertex 11 199.686 30.5442
    endloop
  endfacet
  facet normal 0 0.772695 -0.634777
    outer loop
      vertex 1.61 199.686 30.5442
      vertex 11 199.437 30.2411
      vertex 1.61 199.437 30.2411
    endloop
  endfacet
  facet normal 0 0.634446 -0.772968
    outer loop
      vertex 1.61 199.686 30.5442
      vertex 11 199.989 30.7929
      vertex 11 199.686 30.5442
    endloop
  endfacet
  facet normal 0 0.634446 -0.772968
    outer loop
      vertex 11 199.989 30.7929
      vertex 1.61 199.686 30.5442
      vertex 1.61 199.989 30.7929
    endloop
  endfacet
  facet normal 0 0.772695 0.634777
    outer loop
      vertex 11 199.686 27.7158
      vertex 1.61 199.437 28.0189
      vertex 11 199.437 28.0189
    endloop
  endfacet
  facet normal 0 0.772695 0.634777
    outer loop
      vertex 1.61 199.437 28.0189
      vertex 11 199.686 27.7158
      vertex 1.61 199.686 27.7158
    endloop
  endfacet
  facet normal 0 0.881688 0.471832
    outer loop
      vertex 11 199.437 28.0189
      vertex 1.61 199.252 28.3646
      vertex 11 199.252 28.3646
    endloop
  endfacet
  facet normal 0 0.881688 0.471832
    outer loop
      vertex 1.61 199.252 28.3646
      vertex 11 199.437 28.0189
      vertex 1.61 199.437 28.0189
    endloop
  endfacet
  facet normal 0 0.95681 0.290715
    outer loop
      vertex 11 199.252 28.3646
      vertex 1.61 199.138 28.7398
      vertex 11 199.138 28.7398
    endloop
  endfacet
  facet normal 0 0.95681 0.290715
    outer loop
      vertex 1.61 199.138 28.7398
      vertex 11 199.252 28.3646
      vertex 1.61 199.252 28.3646
    endloop
  endfacet
  facet normal -0 0.29039 0.956908
    outer loop
      vertex 1.61 200.71 27.1684
      vertex 11 200.335 27.2822
      vertex 11 200.71 27.1684
    endloop
  endfacet
  facet normal 0 0.29039 0.956908
    outer loop
      vertex 11 200.335 27.2822
      vertex 1.61 200.71 27.1684
      vertex 1.61 200.335 27.2822
    endloop
  endfacet
  facet normal -0.995268 0 0.0971704
    outer loop
      vertex 100.66 238.293 82.5903
      vertex 100.7 241.278 83
      vertex 100.66 241.278 82.5903
    endloop
  endfacet
  facet normal -0.995268 0 0.0971704
    outer loop
      vertex 100.7 241.278 83
      vertex 100.66 238.293 82.5903
      vertex 100.7 238.293 83
    endloop
  endfacet
  facet normal 0.0981328 0 0.995173
    outer loop
      vertex 98.1903 241.278 80.9404
      vertex 98.6 238.293 80.9
      vertex 98.6 241.278 80.9
    endloop
  endfacet
  facet normal 0.0981328 0 0.995173
    outer loop
      vertex 98.6 238.293 80.9
      vertex 98.1903 241.278 80.9404
      vertex 98.1903 238.293 80.9404
    endloop
  endfacet
  facet normal -0.0981328 0 -0.995173
    outer loop
      vertex 98.6 238.293 85.1
      vertex 99.0097 241.278 85.0596
      vertex 99.0097 238.293 85.0596
    endloop
  endfacet
  facet normal -0.0981328 0 -0.995173
    outer loop
      vertex 99.0097 241.278 85.0596
      vertex 98.6 238.293 85.1
      vertex 98.6 241.278 85.1
    endloop
  endfacet
  facet normal -0.634361 0 0.773037
    outer loop
      vertex 99.7667 241.278 81.2539
      vertex 100.085 238.293 81.5151
      vertex 100.085 241.278 81.5151
    endloop
  endfacet
  facet normal -0.634361 0 0.773037
    outer loop
      vertex 100.085 238.293 81.5151
      vertex 99.7667 241.278 81.2539
      vertex 99.7667 238.293 81.2539
    endloop
  endfacet
  facet normal 0.772939 -0 0.63448
    outer loop
      vertex 96.8539 238.293 81.8333
      vertex 97.1151 241.278 81.5151
      vertex 96.8539 241.278 81.8333
    endloop
  endfacet
  facet normal 0.772939 0 0.63448
    outer loop
      vertex 97.1151 241.278 81.5151
      vertex 96.8539 238.293 81.8333
      vertex 97.1151 238.293 81.5151
    endloop
  endfacet
  facet normal 0.471244 0 0.882003
    outer loop
      vertex 97.4333 241.278 81.2539
      vertex 97.7964 238.293 81.0599
      vertex 97.7964 241.278 81.0599
    endloop
  endfacet
  facet normal 0.471244 0 0.882003
    outer loop
      vertex 97.7964 238.293 81.0599
      vertex 97.4333 241.278 81.2539
      vertex 97.4333 238.293 81.2539
    endloop
  endfacet
  facet normal -0.882003 0 -0.471244
    outer loop
      vertex 100.54 238.293 83.8036
      vertex 100.346 241.278 84.1667
      vertex 100.54 241.278 83.8036
    endloop
  endfacet
  facet normal -0.882003 -0 -0.471244
    outer loop
      vertex 100.346 241.278 84.1667
      vertex 100.54 238.293 83.8036
      vertex 100.346 238.293 84.1667
    endloop
  endfacet
  facet normal -0.882003 0 0.471244
    outer loop
      vertex 100.346 238.293 81.8333
      vertex 100.54 241.278 82.1964
      vertex 100.346 241.278 81.8333
    endloop
  endfacet
  facet normal -0.882003 0 0.471244
    outer loop
      vertex 100.54 241.278 82.1964
      vertex 100.346 238.293 81.8333
      vertex 100.54 238.293 82.1964
    endloop
  endfacet
  facet normal -0.956594 0 0.291423
    outer loop
      vertex 100.54 238.293 82.1964
      vertex 100.66 241.278 82.5903
      vertex 100.54 241.278 82.1964
    endloop
  endfacet
  facet normal -0.956594 0 0.291423
    outer loop
      vertex 100.66 241.278 82.5903
      vertex 100.54 238.293 82.1964
      vertex 100.66 238.293 82.5903
    endloop
  endfacet
  facet normal -0.773177 0 0.63419
    outer loop
      vertex 100.085 238.293 81.5151
      vertex 100.346 241.278 81.8333
      vertex 100.085 241.278 81.5151
    endloop
  endfacet
  facet normal -0.773177 0 0.63419
    outer loop
      vertex 100.346 241.278 81.8333
      vertex 100.085 238.293 81.5151
      vertex 100.346 238.293 81.8333
    endloop
  endfacet
  facet normal -0.290311 0 0.956932
    outer loop
      vertex 99.0097 241.278 80.9404
      vertex 99.4036 238.293 81.0599
      vertex 99.4036 241.278 81.0599
    endloop
  endfacet
  facet normal -0.290311 0 0.956932
    outer loop
      vertex 99.4036 238.293 81.0599
      vertex 99.0097 241.278 80.9404
      vertex 99.0097 238.293 80.9404
    endloop
  endfacet
  facet normal -0.0981328 0 0.995173
    outer loop
      vertex 98.6 241.278 80.9
      vertex 99.0097 238.293 80.9404
      vertex 99.0097 241.278 80.9404
    endloop
  endfacet
  facet normal -0.0981328 0 0.995173
    outer loop
      vertex 99.0097 238.293 80.9404
      vertex 98.6 241.278 80.9
      vertex 98.6 238.293 80.9
    endloop
  endfacet
  facet normal -0.471244 0 0.882003
    outer loop
      vertex 99.4036 241.278 81.0599
      vertex 99.7667 238.293 81.2539
      vertex 99.7667 241.278 81.2539
    endloop
  endfacet
  facet normal -0.471244 0 0.882003
    outer loop
      vertex 99.7667 238.293 81.2539
      vertex 99.4036 241.278 81.0599
      vertex 99.4036 238.293 81.0599
    endloop
  endfacet
  facet normal 0.956932 -0 0.290311
    outer loop
      vertex 96.5404 238.293 82.5903
      vertex 96.6599 241.278 82.1964
      vertex 96.5404 241.278 82.5903
    endloop
  endfacet
  facet normal 0.956932 0 0.290311
    outer loop
      vertex 96.6599 241.278 82.1964
      vertex 96.5404 238.293 82.5903
      vertex 96.6599 238.293 82.1964
    endloop
  endfacet
  facet normal 0.882003 -0 0.471244
    outer loop
      vertex 96.6599 238.293 82.1964
      vertex 96.8539 241.278 81.8333
      vertex 96.6599 241.278 82.1964
    endloop
  endfacet
  facet normal 0.882003 0 0.471244
    outer loop
      vertex 96.8539 241.278 81.8333
      vertex 96.6599 238.293 82.1964
      vertex 96.8539 238.293 81.8333
    endloop
  endfacet
  facet normal 0.995173 -0 0.0981328
    outer loop
      vertex 96.5 238.293 83
      vertex 96.5404 241.278 82.5903
      vertex 96.5 241.278 83
    endloop
  endfacet
  facet normal 0.995173 0 0.0981328
    outer loop
      vertex 96.5404 241.278 82.5903
      vertex 96.5 238.293 83
      vertex 96.5404 238.293 82.5903
    endloop
  endfacet
  facet normal 0.63448 0 0.772939
    outer loop
      vertex 97.1151 241.278 81.5151
      vertex 97.4333 238.293 81.2539
      vertex 97.4333 241.278 81.2539
    endloop
  endfacet
  facet normal 0.63448 0 0.772939
    outer loop
      vertex 97.4333 238.293 81.2539
      vertex 97.1151 241.278 81.5151
      vertex 97.1151 238.293 81.5151
    endloop
  endfacet
  facet normal 0.290311 0 0.956932
    outer loop
      vertex 97.7964 241.278 81.0599
      vertex 98.1903 238.293 80.9404
      vertex 98.1903 241.278 80.9404
    endloop
  endfacet
  facet normal 0.290311 0 0.956932
    outer loop
      vertex 98.1903 238.293 80.9404
      vertex 97.7964 241.278 81.0599
      vertex 97.7964 238.293 81.0599
    endloop
  endfacet
  facet normal -0.995268 0 -0.0971704
    outer loop
      vertex 100.7 238.293 83
      vertex 100.66 241.278 83.4097
      vertex 100.7 241.278 83
    endloop
  endfacet
  facet normal -0.995268 -0 -0.0971704
    outer loop
      vertex 100.66 241.278 83.4097
      vertex 100.7 238.293 83
      vertex 100.66 238.293 83.4097
    endloop
  endfacet
  facet normal 0.995173 0 -0.0981328
    outer loop
      vertex 96.5404 238.293 83.4097
      vertex 96.5 241.278 83
      vertex 96.5404 241.278 83.4097
    endloop
  endfacet
  facet normal 0.995173 0 -0.0981328
    outer loop
      vertex 96.5 241.278 83
      vertex 96.5404 238.293 83.4097
      vertex 96.5 238.293 83
    endloop
  endfacet
  facet normal -0.634361 0 -0.773037
    outer loop
      vertex 99.7667 238.293 84.7461
      vertex 100.085 241.278 84.4849
      vertex 100.085 238.293 84.4849
    endloop
  endfacet
  facet normal -0.634361 0 -0.773037
    outer loop
      vertex 100.085 241.278 84.4849
      vertex 99.7667 238.293 84.7461
      vertex 99.7667 241.278 84.7461
    endloop
  endfacet
  facet normal -0.773177 0 -0.63419
    outer loop
      vertex 100.346 238.293 84.1667
      vertex 100.085 241.278 84.4849
      vertex 100.346 241.278 84.1667
    endloop
  endfacet
  facet normal -0.773177 -0 -0.63419
    outer loop
      vertex 100.085 241.278 84.4849
      vertex 100.346 238.293 84.1667
      vertex 100.085 238.293 84.4849
    endloop
  endfacet
  facet normal -0.956594 0 -0.291423
    outer loop
      vertex 100.66 238.293 83.4097
      vertex 100.54 241.278 83.8036
      vertex 100.66 241.278 83.4097
    endloop
  endfacet
  facet normal -0.956594 -0 -0.291423
    outer loop
      vertex 100.54 241.278 83.8036
      vertex 100.66 238.293 83.4097
      vertex 100.54 238.293 83.8036
    endloop
  endfacet
  facet normal 0.471244 0 -0.882003
    outer loop
      vertex 97.4333 238.293 84.7461
      vertex 97.7964 241.278 84.9401
      vertex 97.7964 238.293 84.9401
    endloop
  endfacet
  facet normal 0.471244 0 -0.882003
    outer loop
      vertex 97.7964 241.278 84.9401
      vertex 97.4333 238.293 84.7461
      vertex 97.4333 241.278 84.7461
    endloop
  endfacet
  facet normal 0.772939 0 -0.63448
    outer loop
      vertex 97.1151 238.293 84.4849
      vertex 96.8539 241.278 84.1667
      vertex 97.1151 241.278 84.4849
    endloop
  endfacet
  facet normal 0.772939 0 -0.63448
    outer loop
      vertex 96.8539 241.278 84.1667
      vertex 97.1151 238.293 84.4849
      vertex 96.8539 238.293 84.1667
    endloop
  endfacet
  facet normal 0.63448 0 -0.772939
    outer loop
      vertex 97.1151 238.293 84.4849
      vertex 97.4333 241.278 84.7461
      vertex 97.4333 238.293 84.7461
    endloop
  endfacet
  facet normal 0.63448 0 -0.772939
    outer loop
      vertex 97.4333 241.278 84.7461
      vertex 97.1151 238.293 84.4849
      vertex 97.1151 241.278 84.4849
    endloop
  endfacet
  facet normal 0.0981328 0 -0.995173
    outer loop
      vertex 98.1903 238.293 85.0596
      vertex 98.6 241.278 85.1
      vertex 98.6 238.293 85.1
    endloop
  endfacet
  facet normal 0.0981328 0 -0.995173
    outer loop
      vertex 98.6 241.278 85.1
      vertex 98.1903 238.293 85.0596
      vertex 98.1903 241.278 85.0596
    endloop
  endfacet
  facet normal 0.882003 0 -0.471244
    outer loop
      vertex 96.8539 238.293 84.1667
      vertex 96.6599 241.278 83.8036
      vertex 96.8539 241.278 84.1667
    endloop
  endfacet
  facet normal 0.882003 0 -0.471244
    outer loop
      vertex 96.6599 241.278 83.8036
      vertex 96.8539 238.293 84.1667
      vertex 96.6599 238.293 83.8036
    endloop
  endfacet
  facet normal 0.956932 0 -0.290311
    outer loop
      vertex 96.6599 238.293 83.8036
      vertex 96.5404 241.278 83.4097
      vertex 96.6599 241.278 83.8036
    endloop
  endfacet
  facet normal 0.956932 0 -0.290311
    outer loop
      vertex 96.5404 241.278 83.4097
      vertex 96.6599 238.293 83.8036
      vertex 96.5404 238.293 83.4097
    endloop
  endfacet
  facet normal -0.471244 0 -0.882003
    outer loop
      vertex 99.4036 238.293 84.9401
      vertex 99.7667 241.278 84.7461
      vertex 99.7667 238.293 84.7461
    endloop
  endfacet
  facet normal -0.471244 0 -0.882003
    outer loop
      vertex 99.7667 241.278 84.7461
      vertex 99.4036 238.293 84.9401
      vertex 99.4036 241.278 84.9401
    endloop
  endfacet
  facet normal -0.290311 0 -0.956932
    outer loop
      vertex 99.0097 238.293 85.0596
      vertex 99.4036 241.278 84.9401
      vertex 99.4036 238.293 84.9401
    endloop
  endfacet
  facet normal -0.290311 0 -0.956932
    outer loop
      vertex 99.4036 241.278 84.9401
      vertex 99.0097 238.293 85.0596
      vertex 99.0097 241.278 85.0596
    endloop
  endfacet
  facet normal 0.290311 0 -0.956932
    outer loop
      vertex 97.7964 238.293 84.9401
      vertex 98.1903 241.278 85.0596
      vertex 98.1903 238.293 85.0596
    endloop
  endfacet
  facet normal 0.290311 0 -0.956932
    outer loop
      vertex 98.1903 241.278 85.0596
      vertex 97.7964 238.293 84.9401
      vertex 97.7964 241.278 84.9401
    endloop
  endfacet
  facet normal -0.995268 0 0.0971727
    outer loop
      vertex 124.66 238.293 8.59031
      vertex 124.7 241.278 9
      vertex 124.66 241.278 8.59031
    endloop
  endfacet
  facet normal -0.995268 0 0.0971727
    outer loop
      vertex 124.7 241.278 9
      vertex 124.66 238.293 8.59031
      vertex 124.7 238.293 9
    endloop
  endfacet
  facet normal 0.0979415 0 0.995192
    outer loop
      vertex 122.19 241.278 6.94035
      vertex 122.6 238.293 6.9
      vertex 122.6 241.278 6.9
    endloop
  endfacet
  facet normal 0.0979415 0 0.995192
    outer loop
      vertex 122.6 238.293 6.9
      vertex 122.19 241.278 6.94035
      vertex 122.19 238.293 6.94035
    endloop
  endfacet
  facet normal -0.0980617 0 -0.99518
    outer loop
      vertex 122.6 238.293 11.1
      vertex 123.01 241.278 11.0596
      vertex 123.01 238.293 11.0596
    endloop
  endfacet
  facet normal -0.0980617 0 -0.99518
    outer loop
      vertex 123.01 241.278 11.0596
      vertex 122.6 238.293 11.1
      vertex 122.6 241.278 11.1
    endloop
  endfacet
  facet normal -0.634675 0 0.772779
    outer loop
      vertex 123.767 241.278 7.25391
      vertex 124.085 238.293 7.51508
      vertex 124.085 241.278 7.51508
    endloop
  endfacet
  facet normal -0.634675 0 0.772779
    outer loop
      vertex 124.085 238.293 7.51508
      vertex 123.767 241.278 7.25391
      vertex 123.767 238.293 7.25391
    endloop
  endfacet
  facet normal 0.773197 -0 0.634166
    outer loop
      vertex 120.854 238.293 7.8333
      vertex 121.115 241.278 7.51508
      vertex 120.854 241.278 7.8333
    endloop
  endfacet
  facet normal 0.773197 0 0.634166
    outer loop
      vertex 121.115 241.278 7.51508
      vertex 120.854 238.293 7.8333
      vertex 121.115 238.293 7.51508
    endloop
  endfacet
  facet normal 0.471458 0 0.881888
    outer loop
      vertex 121.433 241.278 7.25391
      vertex 121.796 238.293 7.05985
      vertex 121.796 241.278 7.05985
    endloop
  endfacet
  facet normal 0.471458 0 0.881888
    outer loop
      vertex 121.796 238.293 7.05985
      vertex 121.433 241.278 7.25391
      vertex 121.433 238.293 7.25391
    endloop
  endfacet
  facet normal -0.881987 0 -0.471274
    outer loop
      vertex 124.54 238.293 9.80363
      vertex 124.346 241.278 10.1667
      vertex 124.54 241.278 9.80363
    endloop
  endfacet
  facet normal -0.881987 -0 -0.471274
    outer loop
      vertex 124.346 241.278 10.1667
      vertex 124.54 238.293 9.80363
      vertex 124.346 238.293 10.1667
    endloop
  endfacet
  facet normal -0.881981 0 0.471284
    outer loop
      vertex 124.346 238.293 7.8333
      vertex 124.54 241.278 8.19636
      vertex 124.346 241.278 7.8333
    endloop
  endfacet
  facet normal -0.881981 0 0.471284
    outer loop
      vertex 124.54 241.278 8.19636
      vertex 124.346 238.293 7.8333
      vertex 124.54 238.293 8.19636
    endloop
  endfacet
  facet normal -0.956605 0 0.291389
    outer loop
      vertex 124.54 238.293 8.19636
      vertex 124.66 241.278 8.59031
      vertex 124.54 241.278 8.19636
    endloop
  endfacet
  facet normal -0.956605 0 0.291389
    outer loop
      vertex 124.66 241.278 8.59031
      vertex 124.54 238.293 8.19636
      vertex 124.66 238.293 8.59031
    endloop
  endfacet
  facet normal -0.773197 0 0.634166
    outer loop
      vertex 124.085 238.293 7.51508
      vertex 124.346 241.278 7.8333
      vertex 124.085 241.278 7.51508
    endloop
  endfacet
  facet normal -0.773197 0 0.634166
    outer loop
      vertex 124.346 241.278 7.8333
      vertex 124.085 238.293 7.51508
      vertex 124.346 238.293 7.8333
    endloop
  endfacet
  facet normal -0.290243 0 0.956953
    outer loop
      vertex 123.01 241.278 6.94035
      vertex 123.404 238.293 7.05985
      vertex 123.404 241.278 7.05985
    endloop
  endfacet
  facet normal -0.290243 0 0.956953
    outer loop
      vertex 123.404 238.293 7.05985
      vertex 123.01 241.278 6.94035
      vertex 123.01 238.293 6.94035
    endloop
  endfacet
  facet normal -0.0979415 0 0.995192
    outer loop
      vertex 122.6 241.278 6.9
      vertex 123.01 238.293 6.94035
      vertex 123.01 241.278 6.94035
    endloop
  endfacet
  facet normal -0.0979415 0 0.995192
    outer loop
      vertex 123.01 238.293 6.94035
      vertex 122.6 241.278 6.9
      vertex 122.6 238.293 6.9
    endloop
  endfacet
  facet normal -0.471458 0 0.881888
    outer loop
      vertex 123.404 241.278 7.05985
      vertex 123.767 238.293 7.25391
      vertex 123.767 241.278 7.25391
    endloop
  endfacet
  facet normal -0.471458 0 0.881888
    outer loop
      vertex 123.767 238.293 7.25391
      vertex 123.404 241.278 7.05985
      vertex 123.404 238.293 7.05985
    endloop
  endfacet
  facet normal 0.956605 -0 0.291389
    outer loop
      vertex 120.54 238.293 8.59031
      vertex 120.66 241.278 8.19636
      vertex 120.54 241.278 8.59031
    endloop
  endfacet
  facet normal 0.956605 0 0.291389
    outer loop
      vertex 120.66 241.278 8.19636
      vertex 120.54 238.293 8.59031
      vertex 120.66 238.293 8.19636
    endloop
  endfacet
  facet normal 0.881981 -0 0.471284
    outer loop
      vertex 120.66 238.293 8.19636
      vertex 120.854 241.278 7.8333
      vertex 120.66 241.278 8.19636
    endloop
  endfacet
  facet normal 0.881981 0 0.471284
    outer loop
      vertex 120.854 241.278 7.8333
      vertex 120.66 238.293 8.19636
      vertex 120.854 238.293 7.8333
    endloop
  endfacet
  facet normal 0.995268 -0 0.0971727
    outer loop
      vertex 120.5 238.293 9
      vertex 120.54 241.278 8.59031
      vertex 120.5 241.278 9
    endloop
  endfacet
  facet normal 0.995268 0 0.0971727
    outer loop
      vertex 120.54 241.278 8.59031
      vertex 120.5 238.293 9
      vertex 120.54 238.293 8.59031
    endloop
  endfacet
  facet normal 0.634675 0 0.772779
    outer loop
      vertex 121.115 241.278 7.51508
      vertex 121.433 238.293 7.25391
      vertex 121.433 241.278 7.25391
    endloop
  endfacet
  facet normal 0.634675 0 0.772779
    outer loop
      vertex 121.433 238.293 7.25391
      vertex 121.115 241.278 7.51508
      vertex 121.115 238.293 7.51508
    endloop
  endfacet
  facet normal 0.290243 0 0.956953
    outer loop
      vertex 121.796 241.278 7.05985
      vertex 122.19 238.293 6.94035
      vertex 122.19 241.278 6.94035
    endloop
  endfacet
  facet normal 0.290243 0 0.956953
    outer loop
      vertex 122.19 238.293 6.94035
      vertex 121.796 241.278 7.05985
      vertex 121.796 238.293 7.05985
    endloop
  endfacet
  facet normal -0.995268 0 -0.0971727
    outer loop
      vertex 124.7 238.293 9
      vertex 124.66 241.278 9.40969
      vertex 124.7 241.278 9
    endloop
  endfacet
  facet normal -0.995268 -0 -0.0971727
    outer loop
      vertex 124.66 241.278 9.40969
      vertex 124.7 238.293 9
      vertex 124.66 238.293 9.40969
    endloop
  endfacet
  facet normal 0.995268 0 -0.0971727
    outer loop
      vertex 120.54 238.293 9.40969
      vertex 120.5 241.278 9
      vertex 120.54 241.278 9.40969
    endloop
  endfacet
  facet normal 0.995268 0 -0.0971727
    outer loop
      vertex 120.5 241.278 9
      vertex 120.54 238.293 9.40969
      vertex 120.5 238.293 9
    endloop
  endfacet
  facet normal -0.634719 0 -0.772743
    outer loop
      vertex 123.767 238.293 10.7461
      vertex 124.085 241.278 10.4849
      vertex 124.085 238.293 10.4849
    endloop
  endfacet
  facet normal -0.634719 0 -0.772743
    outer loop
      vertex 124.085 241.278 10.4849
      vertex 123.767 238.293 10.7461
      vertex 123.767 241.278 10.7461
    endloop
  endfacet
  facet normal -0.773177 0 -0.63419
    outer loop
      vertex 124.346 238.293 10.1667
      vertex 124.085 241.278 10.4849
      vertex 124.346 241.278 10.1667
    endloop
  endfacet
  facet normal -0.773177 -0 -0.63419
    outer loop
      vertex 124.085 241.278 10.4849
      vertex 124.346 238.293 10.1667
      vertex 124.085 238.293 10.4849
    endloop
  endfacet
  facet normal -0.956603 0 -0.291395
    outer loop
      vertex 124.66 238.293 9.40969
      vertex 124.54 241.278 9.80363
      vertex 124.66 241.278 9.40969
    endloop
  endfacet
  facet normal -0.956603 -0 -0.291395
    outer loop
      vertex 124.54 241.278 9.80363
      vertex 124.66 238.293 9.40969
      vertex 124.54 238.293 9.80363
    endloop
  endfacet
  facet normal 0.471345 0 -0.881949
    outer loop
      vertex 121.433 238.293 10.7461
      vertex 121.796 241.278 10.9401
      vertex 121.796 238.293 10.9401
    endloop
  endfacet
  facet normal 0.471345 0 -0.881949
    outer loop
      vertex 121.796 241.278 10.9401
      vertex 121.433 238.293 10.7461
      vertex 121.433 241.278 10.7461
    endloop
  endfacet
  facet normal 0.773177 0 -0.63419
    outer loop
      vertex 121.115 238.293 10.4849
      vertex 120.854 241.278 10.1667
      vertex 121.115 241.278 10.4849
    endloop
  endfacet
  facet normal 0.773177 0 -0.63419
    outer loop
      vertex 120.854 241.278 10.1667
      vertex 121.115 238.293 10.4849
      vertex 120.854 238.293 10.1667
    endloop
  endfacet
  facet normal 0.634719 0 -0.772743
    outer loop
      vertex 121.115 238.293 10.4849
      vertex 121.433 241.278 10.7461
      vertex 121.433 238.293 10.7461
    endloop
  endfacet
  facet normal 0.634719 0 -0.772743
    outer loop
      vertex 121.433 241.278 10.7461
      vertex 121.115 238.293 10.4849
      vertex 121.115 241.278 10.4849
    endloop
  endfacet
  facet normal 0.0980617 0 -0.99518
    outer loop
      vertex 122.19 238.293 11.0596
      vertex 122.6 241.278 11.1
      vertex 122.6 238.293 11.1
    endloop
  endfacet
  facet normal 0.0980617 0 -0.99518
    outer loop
      vertex 122.6 241.278 11.1
      vertex 122.19 238.293 11.0596
      vertex 122.19 241.278 11.0596
    endloop
  endfacet
  facet normal 0.881987 0 -0.471274
    outer loop
      vertex 120.854 238.293 10.1667
      vertex 120.66 241.278 9.80363
      vertex 120.854 241.278 10.1667
    endloop
  endfacet
  facet normal 0.881987 0 -0.471274
    outer loop
      vertex 120.66 241.278 9.80363
      vertex 120.854 238.293 10.1667
      vertex 120.66 238.293 9.80363
    endloop
  endfacet
  facet normal 0.956603 0 -0.291395
    outer loop
      vertex 120.66 238.293 9.80363
      vertex 120.54 241.278 9.40969
      vertex 120.66 241.278 9.80363
    endloop
  endfacet
  facet normal 0.956603 0 -0.291395
    outer loop
      vertex 120.54 241.278 9.40969
      vertex 120.66 238.293 9.80363
      vertex 120.54 238.293 9.40969
    endloop
  endfacet
  facet normal -0.471345 0 -0.881949
    outer loop
      vertex 123.404 238.293 10.9401
      vertex 123.767 241.278 10.7461
      vertex 123.767 238.293 10.7461
    endloop
  endfacet
  facet normal -0.471345 0 -0.881949
    outer loop
      vertex 123.767 241.278 10.7461
      vertex 123.404 238.293 10.9401
      vertex 123.404 241.278 10.9401
    endloop
  endfacet
  facet normal -0.290243 0 -0.956953
    outer loop
      vertex 123.01 238.293 11.0596
      vertex 123.404 241.278 10.9401
      vertex 123.404 238.293 10.9401
    endloop
  endfacet
  facet normal -0.290243 0 -0.956953
    outer loop
      vertex 123.404 241.278 10.9401
      vertex 123.01 238.293 11.0596
      vertex 123.01 241.278 11.0596
    endloop
  endfacet
  facet normal 0.290243 0 -0.956953
    outer loop
      vertex 121.796 238.293 10.9401
      vertex 122.19 241.278 11.0596
      vertex 122.19 238.293 11.0596
    endloop
  endfacet
  facet normal 0.290243 0 -0.956953
    outer loop
      vertex 122.19 241.278 11.0596
      vertex 121.796 238.293 10.9401
      vertex 121.796 241.278 10.9401
    endloop
  endfacet
  facet normal 1 -0 0
    outer loop
      vertex 104.6 238.293 77
      vertex 104.6 241.278 15
      vertex 104.6 241.278 77
    endloop
  endfacet
  facet normal 1 0 0
    outer loop
      vertex 104.6 241.278 15
      vertex 104.6 238.293 77
      vertex 104.6 238.293 15
    endloop
  endfacet
  facet normal 0 0 -1
    outer loop
      vertex 104.6 238.293 77
      vertex 125 241.278 77
      vertex 125 238.293 77
    endloop
  endfacet
  facet normal -0 0 -1
    outer loop
      vertex 125 241.278 77
      vertex 104.6 238.293 77
      vertex 104.6 241.278 77
    endloop
  endfacet
  facet normal -0 0 1
    outer loop
      vertex 104.6 241.278 15
      vertex 125 238.293 15
      vertex 125 241.278 15
    endloop
  endfacet
  facet normal 0 0 1
    outer loop
      vertex 125 238.293 15
      vertex 104.6 241.278 15
      vertex 104.6 238.293 15
    endloop
  endfacet
  facet normal 1 -0 0
    outer loop
      vertex 40 31.2 3.00722
      vertex 40 68.8 0.0216684
      vertex 40 68.8 3.00722
    endloop
  endfacet
  facet normal 1 0 0
    outer loop
      vertex 40 68.8 0.0216684
      vertex 40 31.2 3.00722
      vertex 40 31.2 0.0216684
    endloop
  endfacet
  facet normal 0.47136 -0.881941 0
    outer loop
      vertex 40.5333 69.7978 0.0216684
      vertex 40.7408 69.9087 3.00722
      vertex 40.5333 69.7978 3.00722
    endloop
  endfacet
  facet normal 0.47136 -0.881941 0
    outer loop
      vertex 40.7408 69.9087 3.00722
      vertex 40.5333 69.7978 0.0216684
      vertex 40.7408 69.9087 0.0216684
    endloop
  endfacet
  facet normal 0.957039 -0.28996 0
    outer loop
      vertex 40.0231 69.0341 3.00722
      vertex 40.0913 69.2592 0.0216684
      vertex 40.0913 69.2592 3.00722
    endloop
  endfacet
  facet normal 0.957039 -0.28996 0
    outer loop
      vertex 40.0913 69.2592 0.0216684
      vertex 40.0231 69.0341 3.00722
      vertex 40.0231 69.0341 0.0216684
    endloop
  endfacet
  facet normal -1 0 0
    outer loop
      vertex 42.5 31.2 0.0216684
      vertex 42.5 68.8 3.00722
      vertex 42.5 68.8 0.0216684
    endloop
  endfacet
  facet normal -1 -0 0
    outer loop
      vertex 42.5 68.8 3.00722
      vertex 42.5 31.2 0.0216684
      vertex 42.5 31.2 3.00722
    endloop
  endfacet
  facet normal 0.881941 -0.47136 0
    outer loop
      vertex 40.0913 69.2592 3.00722
      vertex 40.2022 69.4667 0.0216684
      vertex 40.2022 69.4667 3.00722
    endloop
  endfacet
  facet normal 0.881941 -0.47136 0
    outer loop
      vertex 40.2022 69.4667 0.0216684
      vertex 40.0913 69.2592 3.00722
      vertex 40.0913 69.2592 0.0216684
    endloop
  endfacet
  facet normal 0.28996 -0.957039 0
    outer loop
      vertex 40.7408 69.9087 0.0216684
      vertex 40.9659 69.9769 3.00722
      vertex 40.7408 69.9087 3.00722
    endloop
  endfacet
  facet normal 0.28996 -0.957039 0
    outer loop
      vertex 40.9659 69.9769 3.00722
      vertex 40.7408 69.9087 0.0216684
      vertex 40.9659 69.9769 0.0216684
    endloop
  endfacet
  facet normal -0.957039 0.28996 0
    outer loop
      vertex 42.4087 30.7408 0.0216684
      vertex 42.4769 30.9659 3.00722
      vertex 42.4769 30.9659 0.0216684
    endloop
  endfacet
  facet normal -0.957039 0.28996 0
    outer loop
      vertex 42.4769 30.9659 3.00722
      vertex 42.4087 30.7408 0.0216684
      vertex 42.4087 30.7408 3.00722
    endloop
  endfacet
  facet normal 0.995167 0.0981989 0
    outer loop
      vertex 40.0231 30.9659 3.00722
      vertex 40 31.2 0.0216684
      vertex 40 31.2 3.00722
    endloop
  endfacet
  facet normal 0.995167 0.0981989 0
    outer loop
      vertex 40 31.2 0.0216684
      vertex 40.0231 30.9659 3.00722
      vertex 40.0231 30.9659 0.0216684
    endloop
  endfacet
  facet normal 0.995167 -0.0981989 0
    outer loop
      vertex 40 68.8 3.00722
      vertex 40.0231 69.0341 0.0216684
      vertex 40.0231 69.0341 3.00722
    endloop
  endfacet
  facet normal 0.995167 -0.0981989 0
    outer loop
      vertex 40.0231 69.0341 0.0216684
      vertex 40 68.8 3.00722
      vertex 40 68.8 0.0216684
    endloop
  endfacet
  facet normal 0.772801 -0.634649 0
    outer loop
      vertex 40.2022 69.4667 3.00722
      vertex 40.3515 69.6485 0.0216684
      vertex 40.3515 69.6485 3.00722
    endloop
  endfacet
  facet normal 0.772801 -0.634649 0
    outer loop
      vertex 40.3515 69.6485 0.0216684
      vertex 40.2022 69.4667 3.00722
      vertex 40.2022 69.4667 0.0216684
    endloop
  endfacet
  facet normal 0.634649 -0.772801 0
    outer loop
      vertex 40.3515 69.6485 0.0216684
      vertex 40.5333 69.7978 3.00722
      vertex 40.3515 69.6485 3.00722
    endloop
  endfacet
  facet normal 0.634649 -0.772801 0
    outer loop
      vertex 40.5333 69.7978 3.00722
      vertex 40.3515 69.6485 0.0216684
      vertex 40.5333 69.7978 0.0216684
    endloop
  endfacet
  facet normal 0.0981989 -0.995167 0
    outer loop
      vertex 40.9659 69.9769 0.0216684
      vertex 41.2 70 3.00722
      vertex 40.9659 69.9769 3.00722
    endloop
  endfacet
  facet normal 0.0981989 -0.995167 0
    outer loop
      vertex 41.2 70 3.00722
      vertex 40.9659 69.9769 0.0216684
      vertex 41.2 70 0.0216684
    endloop
  endfacet
  facet normal -0.995167 -0.0981989 0
    outer loop
      vertex 42.5 68.8 0.0216684
      vertex 42.4769 69.0341 3.00722
      vertex 42.4769 69.0341 0.0216684
    endloop
  endfacet
  facet normal -0.995167 -0.0981989 0
    outer loop
      vertex 42.4769 69.0341 3.00722
      vertex 42.5 68.8 0.0216684
      vertex 42.5 68.8 3.00722
    endloop
  endfacet
  facet normal 0.957039 0.28996 0
    outer loop
      vertex 40.0913 30.7408 3.00722
      vertex 40.0231 30.9659 0.0216684
      vertex 40.0231 30.9659 3.00722
    endloop
  endfacet
  facet normal 0.957039 0.28996 0
    outer loop
      vertex 40.0231 30.9659 0.0216684
      vertex 40.0913 30.7408 3.00722
      vertex 40.0913 30.7408 0.0216684
    endloop
  endfacet
  facet normal 0.634649 0.772801 -0
    outer loop
      vertex 40.5333 30.2022 0.0216684
      vertex 40.3515 30.3515 3.00722
      vertex 40.5333 30.2022 3.00722
    endloop
  endfacet
  facet normal 0.634649 0.772801 0
    outer loop
      vertex 40.3515 30.3515 3.00722
      vertex 40.5333 30.2022 0.0216684
      vertex 40.3515 30.3515 0.0216684
    endloop
  endfacet
  facet normal 0.28996 0.957039 -0
    outer loop
      vertex 40.9659 30.0231 0.0216684
      vertex 40.7408 30.0913 3.00722
      vertex 40.9659 30.0231 3.00722
    endloop
  endfacet
  facet normal 0.28996 0.957039 0
    outer loop
      vertex 40.7408 30.0913 3.00722
      vertex 40.9659 30.0231 0.0216684
      vertex 40.7408 30.0913 0.0216684
    endloop
  endfacet
  facet normal -0.28996 0.957039 0
    outer loop
      vertex 41.7592 30.0913 0.0216684
      vertex 41.5341 30.0231 3.00722
      vertex 41.7592 30.0913 3.00722
    endloop
  endfacet
  facet normal -0.28996 0.957039 0
    outer loop
      vertex 41.5341 30.0231 3.00722
      vertex 41.7592 30.0913 0.0216684
      vertex 41.5341 30.0231 0.0216684
    endloop
  endfacet
  facet normal -0.995167 0.0981989 0
    outer loop
      vertex 42.4769 30.9659 0.0216684
      vertex 42.5 31.2 3.00722
      vertex 42.5 31.2 0.0216684
    endloop
  endfacet
  facet normal -0.995167 0.0981989 0
    outer loop
      vertex 42.5 31.2 3.00722
      vertex 42.4769 30.9659 0.0216684
      vertex 42.4769 30.9659 3.00722
    endloop
  endfacet
  facet normal -0.881941 0.47136 0
    outer loop
      vertex 42.2978 30.5333 0.0216684
      vertex 42.4087 30.7408 3.00722
      vertex 42.4087 30.7408 0.0216684
    endloop
  endfacet
  facet normal -0.881941 0.47136 0
    outer loop
      vertex 42.4087 30.7408 3.00722
      vertex 42.2978 30.5333 0.0216684
      vertex 42.2978 30.5333 3.00722
    endloop
  endfacet
  facet normal -0.47136 -0.881941 0
    outer loop
      vertex 41.7592 69.9087 0.0216684
      vertex 41.9667 69.7978 3.00722
      vertex 41.7592 69.9087 3.00722
    endloop
  endfacet
  facet normal -0.47136 -0.881941 -0
    outer loop
      vertex 41.9667 69.7978 3.00722
      vertex 41.7592 69.9087 0.0216684
      vertex 41.9667 69.7978 0.0216684
    endloop
  endfacet
  facet normal -0.28996 -0.957039 0
    outer loop
      vertex 41.5341 69.9769 0.0216684
      vertex 41.7592 69.9087 3.00722
      vertex 41.5341 69.9769 3.00722
    endloop
  endfacet
  facet normal -0.28996 -0.957039 -0
    outer loop
      vertex 41.7592 69.9087 3.00722
      vertex 41.5341 69.9769 0.0216684
      vertex 41.7592 69.9087 0.0216684
    endloop
  endfacet
  facet normal -0.957039 -0.28996 0
    outer loop
      vertex 42.4769 69.0341 0.0216684
      vertex 42.4087 69.2592 3.00722
      vertex 42.4087 69.2592 0.0216684
    endloop
  endfacet
  facet normal -0.957039 -0.28996 0
    outer loop
      vertex 42.4087 69.2592 3.00722
      vertex 42.4769 69.0341 0.0216684
      vertex 42.4769 69.0341 3.00722
    endloop
  endfacet
  facet normal 0.881941 0.47136 0
    outer loop
      vertex 40.2022 30.5333 3.00722
      vertex 40.0913 30.7408 0.0216684
      vertex 40.0913 30.7408 3.00722
    endloop
  endfacet
  facet normal 0.881941 0.47136 0
    outer loop
      vertex 40.0913 30.7408 0.0216684
      vertex 40.2022 30.5333 3.00722
      vertex 40.2022 30.5333 0.0216684
    endloop
  endfacet
  facet normal 0.47136 0.881941 -0
    outer loop
      vertex 40.7408 30.0913 0.0216684
      vertex 40.5333 30.2022 3.00722
      vertex 40.7408 30.0913 3.00722
    endloop
  endfacet
  facet normal 0.47136 0.881941 0
    outer loop
      vertex 40.5333 30.2022 3.00722
      vertex 40.7408 30.0913 0.0216684
      vertex 40.5333 30.2022 0.0216684
    endloop
  endfacet
  facet normal 0.0981989 0.995167 -0
    outer loop
      vertex 41.2 30 0.0216684
      vertex 40.9659 30.0231 3.00722
      vertex 41.2 30 3.00722
    endloop
  endfacet
  facet normal 0.0981989 0.995167 0
    outer loop
      vertex 40.9659 30.0231 3.00722
      vertex 41.2 30 0.0216684
      vertex 40.9659 30.0231 0.0216684
    endloop
  endfacet
  facet normal 0 1 -0
    outer loop
      vertex 41.3 30 0.0216684
      vertex 41.2 30 3.00722
      vertex 41.3 30 3.00722
    endloop
  endfacet
  facet normal 0 1 0
    outer loop
      vertex 41.2 30 3.00722
      vertex 41.3 30 0.0216684
      vertex 41.2 30 0.0216684
    endloop
  endfacet
  facet normal -0.0981989 0.995167 0
    outer loop
      vertex 41.5341 30.0231 0.0216684
      vertex 41.3 30 3.00722
      vertex 41.5341 30.0231 3.00722
    endloop
  endfacet
  facet normal -0.0981989 0.995167 0
    outer loop
      vertex 41.3 30 3.00722
      vertex 41.5341 30.0231 0.0216684
      vertex 41.3 30 0.0216684
    endloop
  endfacet
  facet normal -0.634649 0.772801 0
    outer loop
      vertex 42.1485 30.3515 0.0216684
      vertex 41.9667 30.2022 3.00722
      vertex 42.1485 30.3515 3.00722
    endloop
  endfacet
  facet normal -0.634649 0.772801 0
    outer loop
      vertex 41.9667 30.2022 3.00722
      vertex 42.1485 30.3515 0.0216684
      vertex 41.9667 30.2022 0.0216684
    endloop
  endfacet
  facet normal -0.634649 -0.772801 0
    outer loop
      vertex 41.9667 69.7978 0.0216684
      vertex 42.1485 69.6485 3.00722
      vertex 41.9667 69.7978 3.00722
    endloop
  endfacet
  facet normal -0.634649 -0.772801 -0
    outer loop
      vertex 42.1485 69.6485 3.00722
      vertex 41.9667 69.7978 0.0216684
      vertex 42.1485 69.6485 0.0216684
    endloop
  endfacet
  facet normal -0.772801 -0.634649 0
    outer loop
      vertex 42.2978 69.4667 0.0216684
      vertex 42.1485 69.6485 3.00722
      vertex 42.1485 69.6485 0.0216684
    endloop
  endfacet
  facet normal -0.772801 -0.634649 0
    outer loop
      vertex 42.1485 69.6485 3.00722
      vertex 42.2978 69.4667 0.0216684
      vertex 42.2978 69.4667 3.00722
    endloop
  endfacet
  facet normal -0.881941 -0.47136 0
    outer loop
      vertex 42.4087 69.2592 0.0216684
      vertex 42.2978 69.4667 3.00722
      vertex 42.2978 69.4667 0.0216684
    endloop
  endfacet
  facet normal -0.881941 -0.47136 0
    outer loop
      vertex 42.2978 69.4667 3.00722
      vertex 42.4087 69.2592 0.0216684
      vertex 42.4087 69.2592 3.00722
    endloop
  endfacet
  facet normal 0.772801 0.634649 0
    outer loop
      vertex 40.3515 30.3515 3.00722
      vertex 40.2022 30.5333 0.0216684
      vertex 40.2022 30.5333 3.00722
    endloop
  endfacet
  facet normal 0.772801 0.634649 0
    outer loop
      vertex 40.2022 30.5333 0.0216684
      vertex 40.3515 30.3515 3.00722
      vertex 40.3515 30.3515 0.0216684
    endloop
  endfacet
  facet normal -0.47136 0.881941 0
    outer loop
      vertex 41.9667 30.2022 0.0216684
      vertex 41.7592 30.0913 3.00722
      vertex 41.9667 30.2022 3.00722
    endloop
  endfacet
  facet normal -0.47136 0.881941 0
    outer loop
      vertex 41.7592 30.0913 3.00722
      vertex 41.9667 30.2022 0.0216684
      vertex 41.7592 30.0913 0.0216684
    endloop
  endfacet
  facet normal -0.772801 0.634649 0
    outer loop
      vertex 42.1485 30.3515 0.0216684
      vertex 42.2978 30.5333 3.00722
      vertex 42.2978 30.5333 0.0216684
    endloop
  endfacet
  facet normal -0.772801 0.634649 0
    outer loop
      vertex 42.2978 30.5333 3.00722
      vertex 42.1485 30.3515 0.0216684
      vertex 42.1485 30.3515 3.00722
    endloop
  endfacet
  facet normal 0 -1 0
    outer loop
      vertex 41.2 70 0.0216684
      vertex 41.3 70 3.00722
      vertex 41.2 70 3.00722
    endloop
  endfacet
  facet normal 0 -1 -0
    outer loop
      vertex 41.3 70 3.00722
      vertex 41.2 70 0.0216684
      vertex 41.3 70 0.0216684
    endloop
  endfacet
  facet normal -0.0981989 -0.995167 0
    outer loop
      vertex 41.3 70 0.0216684
      vertex 41.5341 69.9769 3.00722
      vertex 41.3 70 3.00722
    endloop
  endfacet
  facet normal -0.0981989 -0.995167 -0
    outer loop
      vertex 41.5341 69.9769 3.00722
      vertex 41.3 70 0.0216684
      vertex 41.5341 69.9769 0.0216684
    endloop
  endfacet
  facet normal 1 -0 0
    outer loop
      vertex 48 31.2 3.00722
      vertex 48 68.8 0.0216684
      vertex 48 68.8 3.00722
    endloop
  endfacet
  facet normal 1 0 0
    outer loop
      vertex 48 68.8 0.0216684
      vertex 48 31.2 3.00722
      vertex 48 31.2 0.0216684
    endloop
  endfacet
  facet normal -1 0 0
    outer loop
      vertex 50.5 31.2 0.0216684
      vertex 50.5 68.8 3.00722
      vertex 50.5 68.8 0.0216684
    endloop
  endfacet
  facet normal -1 -0 0
    outer loop
      vertex 50.5 68.8 3.00722
      vertex 50.5 31.2 0.0216684
      vertex 50.5 31.2 3.00722
    endloop
  endfacet
  facet normal 0.881941 -0.47136 0
    outer loop
      vertex 48.0913 69.2592 3.00722
      vertex 48.2022 69.4667 0.0216684
      vertex 48.2022 69.4667 3.00722
    endloop
  endfacet
  facet normal 0.881941 -0.47136 0
    outer loop
      vertex 48.2022 69.4667 0.0216684
      vertex 48.0913 69.2592 3.00722
      vertex 48.0913 69.2592 0.0216684
    endloop
  endfacet
  facet normal 0.28996 -0.957039 0
    outer loop
      vertex 48.7408 69.9087 0.0216684
      vertex 48.9659 69.9769 3.00722
      vertex 48.7408 69.9087 3.00722
    endloop
  endfacet
  facet normal 0.28996 -0.957039 0
    outer loop
      vertex 48.9659 69.9769 3.00722
      vertex 48.7408 69.9087 0.0216684
      vertex 48.9659 69.9769 0.0216684
    endloop
  endfacet
  facet normal -0.957039 0.28996 0
    outer loop
      vertex 50.4087 30.7408 0.0216684
      vertex 50.4769 30.9659 3.00722
      vertex 50.4769 30.9659 0.0216684
    endloop
  endfacet
  facet normal -0.957039 0.28996 0
    outer loop
      vertex 50.4769 30.9659 3.00722
      vertex 50.4087 30.7408 0.0216684
      vertex 50.4087 30.7408 3.00722
    endloop
  endfacet
  facet normal 0.995167 0.0981989 0
    outer loop
      vertex 48.0231 30.9659 3.00722
      vertex 48 31.2 0.0216684
      vertex 48 31.2 3.00722
    endloop
  endfacet
  facet normal 0.995167 0.0981989 0
    outer loop
      vertex 48 31.2 0.0216684
      vertex 48.0231 30.9659 3.00722
      vertex 48.0231 30.9659 0.0216684
    endloop
  endfacet
  facet normal 0.995167 -0.0981989 0
    outer loop
      vertex 48 68.8 3.00722
      vertex 48.0231 69.0341 0.0216684
      vertex 48.0231 69.0341 3.00722
    endloop
  endfacet
  facet normal 0.995167 -0.0981989 0
    outer loop
      vertex 48.0231 69.0341 0.0216684
      vertex 48 68.8 3.00722
      vertex 48 68.8 0.0216684
    endloop
  endfacet
  facet normal 0.772801 -0.634649 0
    outer loop
      vertex 48.2022 69.4667 3.00722
      vertex 48.3515 69.6485 0.0216684
      vertex 48.3515 69.6485 3.00722
    endloop
  endfacet
  facet normal 0.772801 -0.634649 0
    outer loop
      vertex 48.3515 69.6485 0.0216684
      vertex 48.2022 69.4667 3.00722
      vertex 48.2022 69.4667 0.0216684
    endloop
  endfacet
  facet normal 0.634649 -0.772801 0
    outer loop
      vertex 48.3515 69.6485 0.0216684
      vertex 48.5333 69.7978 3.00722
      vertex 48.3515 69.6485 3.00722
    endloop
  endfacet
  facet normal 0.634649 -0.772801 0
    outer loop
      vertex 48.5333 69.7978 3.00722
      vertex 48.3515 69.6485 0.0216684
      vertex 48.5333 69.7978 0.0216684
    endloop
  endfacet
  facet normal 0.0981989 -0.995167 0
    outer loop
      vertex 48.9659 69.9769 0.0216684
      vertex 49.2 70 3.00722
      vertex 48.9659 69.9769 3.00722
    endloop
  endfacet
  facet normal 0.0981989 -0.995167 0
    outer loop
      vertex 49.2 70 3.00722
      vertex 48.9659 69.9769 0.0216684
      vertex 49.2 70 0.0216684
    endloop
  endfacet
  facet normal -0.995167 -0.0981989 0
    outer loop
      vertex 50.5 68.8 0.0216684
      vertex 50.4769 69.0341 3.00722
      vertex 50.4769 69.0341 0.0216684
    endloop
  endfacet
  facet normal -0.995167 -0.0981989 0
    outer loop
      vertex 50.4769 69.0341 3.00722
      vertex 50.5 68.8 0.0216684
      vertex 50.5 68.8 3.00722
    endloop
  endfacet
  facet normal 0.957039 0.28996 0
    outer loop
      vertex 48.0913 30.7408 3.00722
      vertex 48.0231 30.9659 0.0216684
      vertex 48.0231 30.9659 3.00722
    endloop
  endfacet
  facet normal 0.957039 0.28996 0
    outer loop
      vertex 48.0231 30.9659 0.0216684
      vertex 48.0913 30.7408 3.00722
      vertex 48.0913 30.7408 0.0216684
    endloop
  endfacet
  facet normal 0.634649 0.772801 -0
    outer loop
      vertex 48.5333 30.2022 0.0216684
      vertex 48.3515 30.3515 3.00722
      vertex 48.5333 30.2022 3.00722
    endloop
  endfacet
  facet normal 0.634649 0.772801 0
    outer loop
      vertex 48.3515 30.3515 3.00722
      vertex 48.5333 30.2022 0.0216684
      vertex 48.3515 30.3515 0.0216684
    endloop
  endfacet
  facet normal 0.28996 0.957039 -0
    outer loop
      vertex 48.9659 30.0231 0.0216684
      vertex 48.7408 30.0913 3.00722
      vertex 48.9659 30.0231 3.00722
    endloop
  endfacet
  facet normal 0.28996 0.957039 0
    outer loop
      vertex 48.7408 30.0913 3.00722
      vertex 48.9659 30.0231 0.0216684
      vertex 48.7408 30.0913 0.0216684
    endloop
  endfacet
  facet normal -0.28996 0.957039 0
    outer loop
      vertex 49.7592 30.0913 0.0216684
      vertex 49.5341 30.0231 3.00722
      vertex 49.7592 30.0913 3.00722
    endloop
  endfacet
  facet normal -0.28996 0.957039 0
    outer loop
      vertex 49.5341 30.0231 3.00722
      vertex 49.7592 30.0913 0.0216684
      vertex 49.5341 30.0231 0.0216684
    endloop
  endfacet
  facet normal -0.995167 0.0981989 0
    outer loop
      vertex 50.4769 30.9659 0.0216684
      vertex 50.5 31.2 3.00722
      vertex 50.5 31.2 0.0216684
    endloop
  endfacet
  facet normal -0.995167 0.0981989 0
    outer loop
      vertex 50.5 31.2 3.00722
      vertex 50.4769 30.9659 0.0216684
      vertex 50.4769 30.9659 3.00722
    endloop
  endfacet
  facet normal -0.881941 0.47136 0
    outer loop
      vertex 50.2978 30.5333 0.0216684
      vertex 50.4087 30.7408 3.00722
      vertex 50.4087 30.7408 0.0216684
    endloop
  endfacet
  facet normal -0.881941 0.47136 0
    outer loop
      vertex 50.4087 30.7408 3.00722
      vertex 50.2978 30.5333 0.0216684
      vertex 50.2978 30.5333 3.00722
    endloop
  endfacet
  facet normal 0.957039 -0.28996 0
    outer loop
      vertex 48.0231 69.0341 3.00722
      vertex 48.0913 69.2592 0.0216684
      vertex 48.0913 69.2592 3.00722
    endloop
  endfacet
  facet normal 0.957039 -0.28996 0
    outer loop
      vertex 48.0913 69.2592 0.0216684
      vertex 48.0231 69.0341 3.00722
      vertex 48.0231 69.0341 0.0216684
    endloop
  endfacet
  facet normal 0.47136 -0.881941 0
    outer loop
      vertex 48.5333 69.7978 0.0216684
      vertex 48.7408 69.9087 3.00722
      vertex 48.5333 69.7978 3.00722
    endloop
  endfacet
  facet normal 0.47136 -0.881941 0
    outer loop
      vertex 48.7408 69.9087 3.00722
      vertex 48.5333 69.7978 0.0216684
      vertex 48.7408 69.9087 0.0216684
    endloop
  endfacet
  facet normal -0.47136 -0.881941 0
    outer loop
      vertex 49.7592 69.9087 0.0216684
      vertex 49.9667 69.7978 3.00722
      vertex 49.7592 69.9087 3.00722
    endloop
  endfacet
  facet normal -0.47136 -0.881941 -0
    outer loop
      vertex 49.9667 69.7978 3.00722
      vertex 49.7592 69.9087 0.0216684
      vertex 49.9667 69.7978 0.0216684
    endloop
  endfacet
  facet normal -0.28996 -0.957039 0
    outer loop
      vertex 49.5341 69.9769 0.0216684
      vertex 49.7592 69.9087 3.00722
      vertex 49.5341 69.9769 3.00722
    endloop
  endfacet
  facet normal -0.28996 -0.957039 -0
    outer loop
      vertex 49.7592 69.9087 3.00722
      vertex 49.5341 69.9769 0.0216684
      vertex 49.7592 69.9087 0.0216684
    endloop
  endfacet
  facet normal 0.881941 0.47136 0
    outer loop
      vertex 48.2022 30.5333 3.00722
      vertex 48.0913 30.7408 0.0216684
      vertex 48.0913 30.7408 3.00722
    endloop
  endfacet
  facet normal 0.881941 0.47136 0
    outer loop
      vertex 48.0913 30.7408 0.0216684
      vertex 48.2022 30.5333 3.00722
      vertex 48.2022 30.5333 0.0216684
    endloop
  endfacet
  facet normal 0.47136 0.881941 -0
    outer loop
      vertex 48.7408 30.0913 0.0216684
      vertex 48.5333 30.2022 3.00722
      vertex 48.7408 30.0913 3.00722
    endloop
  endfacet
  facet normal 0.47136 0.881941 0
    outer loop
      vertex 48.5333 30.2022 3.00722
      vertex 48.7408 30.0913 0.0216684
      vertex 48.5333 30.2022 0.0216684
    endloop
  endfacet
  facet normal 0.0981989 0.995167 -0
    outer loop
      vertex 49.2 30 0.0216684
      vertex 48.9659 30.0231 3.00722
      vertex 49.2 30 3.00722
    endloop
  endfacet
  facet normal 0.0981989 0.995167 0
    outer loop
      vertex 48.9659 30.0231 3.00722
      vertex 49.2 30 0.0216684
      vertex 48.9659 30.0231 0.0216684
    endloop
  endfacet
  facet normal 0 1 -0
    outer loop
      vertex 49.3 30 0.0216684
      vertex 49.2 30 3.00722
      vertex 49.3 30 3.00722
    endloop
  endfacet
  facet normal 0 1 0
    outer loop
      vertex 49.2 30 3.00722
      vertex 49.3 30 0.0216684
      vertex 49.2 30 0.0216684
    endloop
  endfacet
  facet normal -0.0981989 0.995167 0
    outer loop
      vertex 49.5341 30.0231 0.0216684
      vertex 49.3 30 3.00722
      vertex 49.5341 30.0231 3.00722
    endloop
  endfacet
  facet normal -0.0981989 0.995167 0
    outer loop
      vertex 49.3 30 3.00722
      vertex 49.5341 30.0231 0.0216684
      vertex 49.3 30 0.0216684
    endloop
  endfacet
  facet normal -0.634649 0.772801 0
    outer loop
      vertex 50.1485 30.3515 0.0216684
      vertex 49.9667 30.2022 3.00722
      vertex 50.1485 30.3515 3.00722
    endloop
  endfacet
  facet normal -0.634649 0.772801 0
    outer loop
      vertex 49.9667 30.2022 3.00722
      vertex 50.1485 30.3515 0.0216684
      vertex 49.9667 30.2022 0.0216684
    endloop
  endfacet
  facet normal -0.634649 -0.772801 0
    outer loop
      vertex 49.9667 69.7978 0.0216684
      vertex 50.1485 69.6485 3.00722
      vertex 49.9667 69.7978 3.00722
    endloop
  endfacet
  facet normal -0.634649 -0.772801 -0
    outer loop
      vertex 50.1485 69.6485 3.00722
      vertex 49.9667 69.7978 0.0216684
      vertex 50.1485 69.6485 0.0216684
    endloop
  endfacet
  facet normal -0.957039 -0.28996 0
    outer loop
      vertex 50.4769 69.0341 0.0216684
      vertex 50.4087 69.2592 3.00722
      vertex 50.4087 69.2592 0.0216684
    endloop
  endfacet
  facet normal -0.957039 -0.28996 0
    outer loop
      vertex 50.4087 69.2592 3.00722
      vertex 50.4769 69.0341 0.0216684
      vertex 50.4769 69.0341 3.00722
    endloop
  endfacet
  facet normal -0.772801 -0.634649 0
    outer loop
      vertex 50.2978 69.4667 0.0216684
      vertex 50.1485 69.6485 3.00722
      vertex 50.1485 69.6485 0.0216684
    endloop
  endfacet
  facet normal -0.772801 -0.634649 0
    outer loop
      vertex 50.1485 69.6485 3.00722
      vertex 50.2978 69.4667 0.0216684
      vertex 50.2978 69.4667 3.00722
    endloop
  endfacet
  facet normal -0.881941 -0.47136 0
    outer loop
      vertex 50.4087 69.2592 0.0216684
      vertex 50.2978 69.4667 3.00722
      vertex 50.2978 69.4667 0.0216684
    endloop
  endfacet
  facet normal -0.881941 -0.47136 0
    outer loop
      vertex 50.2978 69.4667 3.00722
      vertex 50.4087 69.2592 0.0216684
      vertex 50.4087 69.2592 3.00722
    endloop
  endfacet
  facet normal 0.772801 0.634649 0
    outer loop
      vertex 48.3515 30.3515 3.00722
      vertex 48.2022 30.5333 0.0216684
      vertex 48.2022 30.5333 3.00722
    endloop
  endfacet
  facet normal 0.772801 0.634649 0
    outer loop
      vertex 48.2022 30.5333 0.0216684
      vertex 48.3515 30.3515 3.00722
      vertex 48.3515 30.3515 0.0216684
    endloop
  endfacet
  facet normal -0.47136 0.881941 0
    outer loop
      vertex 49.9667 30.2022 0.0216684
      vertex 49.7592 30.0913 3.00722
      vertex 49.9667 30.2022 3.00722
    endloop
  endfacet
  facet normal -0.47136 0.881941 0
    outer loop
      vertex 49.7592 30.0913 3.00722
      vertex 49.9667 30.2022 0.0216684
      vertex 49.7592 30.0913 0.0216684
    endloop
  endfacet
  facet normal -0.772801 0.634649 0
    outer loop
      vertex 50.1485 30.3515 0.0216684
      vertex 50.2978 30.5333 3.00722
      vertex 50.2978 30.5333 0.0216684
    endloop
  endfacet
  facet normal -0.772801 0.634649 0
    outer loop
      vertex 50.2978 30.5333 3.00722
      vertex 50.1485 30.3515 0.0216684
      vertex 50.1485 30.3515 3.00722
    endloop
  endfacet
  facet normal 0 -1 0
    outer loop
      vertex 49.2 70 0.0216684
      vertex 49.3 70 3.00722
      vertex 49.2 70 3.00722
    endloop
  endfacet
  facet normal 0 -1 -0
    outer loop
      vertex 49.3 70 3.00722
      vertex 49.2 70 0.0216684
      vertex 49.3 70 0.0216684
    endloop
  endfacet
  facet normal -0.0981989 -0.995167 0
    outer loop
      vertex 49.3 70 0.0216684
      vertex 49.5341 69.9769 3.00722
      vertex 49.3 70 3.00722
    endloop
  endfacet
  facet normal -0.0981989 -0.995167 -0
    outer loop
      vertex 49.5341 69.9769 3.00722
      vertex 49.3 70 0.0216684
      vertex 49.5341 69.9769 0.0216684
    endloop
  endfacet
  facet normal 1 -0 0
    outer loop
      vertex 56 31.2 3.00722
      vertex 56 68.8 0.0216684
      vertex 56 68.8 3.00722
    endloop
  endfacet
  facet normal 1 0 0
    outer loop
      vertex 56 68.8 0.0216684
      vertex 56 31.2 3.00722
      vertex 56 31.2 0.0216684
    endloop
  endfacet
  facet normal -1 0 0
    outer loop
      vertex 58.5 31.2 0.0216684
      vertex 58.5 68.8 3.00722
      vertex 58.5 68.8 0.0216684
    endloop
  endfacet
  facet normal -1 -0 0
    outer loop
      vertex 58.5 68.8 3.00722
      vertex 58.5 31.2 0.0216684
      vertex 58.5 31.2 3.00722
    endloop
  endfacet
  facet normal 0.881941 -0.47136 0
    outer loop
      vertex 56.0913 69.2592 3.00722
      vertex 56.2022 69.4667 0.0216684
      vertex 56.2022 69.4667 3.00722
    endloop
  endfacet
  facet normal 0.881941 -0.47136 0
    outer loop
      vertex 56.2022 69.4667 0.0216684
      vertex 56.0913 69.2592 3.00722
      vertex 56.0913 69.2592 0.0216684
    endloop
  endfacet
  facet normal 0.28996 -0.957039 0
    outer loop
      vertex 56.7408 69.9087 0.0216684
      vertex 56.9659 69.9769 3.00722
      vertex 56.7408 69.9087 3.00722
    endloop
  endfacet
  facet normal 0.28996 -0.957039 0
    outer loop
      vertex 56.9659 69.9769 3.00722
      vertex 56.7408 69.9087 0.0216684
      vertex 56.9659 69.9769 0.0216684
    endloop
  endfacet
  facet normal -0.957039 0.28996 0
    outer loop
      vertex 58.4087 30.7408 0.0216684
      vertex 58.4769 30.9659 3.00722
      vertex 58.4769 30.9659 0.0216684
    endloop
  endfacet
  facet normal -0.957039 0.28996 0
    outer loop
      vertex 58.4769 30.9659 3.00722
      vertex 58.4087 30.7408 0.0216684
      vertex 58.4087 30.7408 3.00722
    endloop
  endfacet
  facet normal 0.995167 0.0981989 0
    outer loop
      vertex 56.0231 30.9659 3.00722
      vertex 56 31.2 0.0216684
      vertex 56 31.2 3.00722
    endloop
  endfacet
  facet normal 0.995167 0.0981989 0
    outer loop
      vertex 56 31.2 0.0216684
      vertex 56.0231 30.9659 3.00722
      vertex 56.0231 30.9659 0.0216684
    endloop
  endfacet
  facet normal 0.995167 -0.0981989 0
    outer loop
      vertex 56 68.8 3.00722
      vertex 56.0231 69.0341 0.0216684
      vertex 56.0231 69.0341 3.00722
    endloop
  endfacet
  facet normal 0.995167 -0.0981989 0
    outer loop
      vertex 56.0231 69.0341 0.0216684
      vertex 56 68.8 3.00722
      vertex 56 68.8 0.0216684
    endloop
  endfacet
  facet normal 0.772801 -0.634649 0
    outer loop
      vertex 56.2022 69.4667 3.00722
      vertex 56.3515 69.6485 0.0216684
      vertex 56.3515 69.6485 3.00722
    endloop
  endfacet
  facet normal 0.772801 -0.634649 0
    outer loop
      vertex 56.3515 69.6485 0.0216684
      vertex 56.2022 69.4667 3.00722
      vertex 56.2022 69.4667 0.0216684
    endloop
  endfacet
  facet normal 0.634649 -0.772801 0
    outer loop
      vertex 56.3515 69.6485 0.0216684
      vertex 56.5333 69.7978 3.00722
      vertex 56.3515 69.6485 3.00722
    endloop
  endfacet
  facet normal 0.634649 -0.772801 0
    outer loop
      vertex 56.5333 69.7978 3.00722
      vertex 56.3515 69.6485 0.0216684
      vertex 56.5333 69.7978 0.0216684
    endloop
  endfacet
  facet normal 0.0981989 -0.995167 0
    outer loop
      vertex 56.9659 69.9769 0.0216684
      vertex 57.2 70 3.00722
      vertex 56.9659 69.9769 3.00722
    endloop
  endfacet
  facet normal 0.0981989 -0.995167 0
    outer loop
      vertex 57.2 70 3.00722
      vertex 56.9659 69.9769 0.0216684
      vertex 57.2 70 0.0216684
    endloop
  endfacet
  facet normal -0.995167 -0.0981989 0
    outer loop
      vertex 58.5 68.8 0.0216684
      vertex 58.4769 69.0341 3.00722
      vertex 58.4769 69.0341 0.0216684
    endloop
  endfacet
  facet normal -0.995167 -0.0981989 0
    outer loop
      vertex 58.4769 69.0341 3.00722
      vertex 58.5 68.8 0.0216684
      vertex 58.5 68.8 3.00722
    endloop
  endfacet
  facet normal 0.957039 0.28996 0
    outer loop
      vertex 56.0913 30.7408 3.00722
      vertex 56.0231 30.9659 0.0216684
      vertex 56.0231 30.9659 3.00722
    endloop
  endfacet
  facet normal 0.957039 0.28996 0
    outer loop
      vertex 56.0231 30.9659 0.0216684
      vertex 56.0913 30.7408 3.00722
      vertex 56.0913 30.7408 0.0216684
    endloop
  endfacet
  facet normal 0.634649 0.772801 -0
    outer loop
      vertex 56.5333 30.2022 0.0216684
      vertex 56.3515 30.3515 3.00722
      vertex 56.5333 30.2022 3.00722
    endloop
  endfacet
  facet normal 0.634649 0.772801 0
    outer loop
      vertex 56.3515 30.3515 3.00722
      vertex 56.5333 30.2022 0.0216684
      vertex 56.3515 30.3515 0.0216684
    endloop
  endfacet
  facet normal 0.28996 0.957039 -0
    outer loop
      vertex 56.9659 30.0231 0.0216684
      vertex 56.7408 30.0913 3.00722
      vertex 56.9659 30.0231 3.00722
    endloop
  endfacet
  facet normal 0.28996 0.957039 0
    outer loop
      vertex 56.7408 30.0913 3.00722
      vertex 56.9659 30.0231 0.0216684
      vertex 56.7408 30.0913 0.0216684
    endloop
  endfacet
  facet normal -0.28996 0.957039 0
    outer loop
      vertex 57.7592 30.0913 0.0216684
      vertex 57.5341 30.0231 3.00722
      vertex 57.7592 30.0913 3.00722
    endloop
  endfacet
  facet normal -0.28996 0.957039 0
    outer loop
      vertex 57.5341 30.0231 3.00722
      vertex 57.7592 30.0913 0.0216684
      vertex 57.5341 30.0231 0.0216684
    endloop
  endfacet
  facet normal -0.995167 0.0981989 0
    outer loop
      vertex 58.4769 30.9659 0.0216684
      vertex 58.5 31.2 3.00722
      vertex 58.5 31.2 0.0216684
    endloop
  endfacet
  facet normal -0.995167 0.0981989 0
    outer loop
      vertex 58.5 31.2 3.00722
      vertex 58.4769 30.9659 0.0216684
      vertex 58.4769 30.9659 3.00722
    endloop
  endfacet
  facet normal -0.881941 0.47136 0
    outer loop
      vertex 58.2978 30.5333 0.0216684
      vertex 58.4087 30.7408 3.00722
      vertex 58.4087 30.7408 0.0216684
    endloop
  endfacet
  facet normal -0.881941 0.47136 0
    outer loop
      vertex 58.4087 30.7408 3.00722
      vertex 58.2978 30.5333 0.0216684
      vertex 58.2978 30.5333 3.00722
    endloop
  endfacet
  facet normal 0.957039 -0.28996 0
    outer loop
      vertex 56.0231 69.0341 3.00722
      vertex 56.0913 69.2592 0.0216684
      vertex 56.0913 69.2592 3.00722
    endloop
  endfacet
  facet normal 0.957039 -0.28996 0
    outer loop
      vertex 56.0913 69.2592 0.0216684
      vertex 56.0231 69.0341 3.00722
      vertex 56.0231 69.0341 0.0216684
    endloop
  endfacet
  facet normal 0.47136 -0.881941 0
    outer loop
      vertex 56.5333 69.7978 0.0216684
      vertex 56.7408 69.9087 3.00722
      vertex 56.5333 69.7978 3.00722
    endloop
  endfacet
  facet normal 0.47136 -0.881941 0
    outer loop
      vertex 56.7408 69.9087 3.00722
      vertex 56.5333 69.7978 0.0216684
      vertex 56.7408 69.9087 0.0216684
    endloop
  endfacet
  facet normal -0.47136 -0.881941 0
    outer loop
      vertex 57.7592 69.9087 0.0216684
      vertex 57.9667 69.7978 3.00722
      vertex 57.7592 69.9087 3.00722
    endloop
  endfacet
  facet normal -0.47136 -0.881941 -0
    outer loop
      vertex 57.9667 69.7978 3.00722
      vertex 57.7592 69.9087 0.0216684
      vertex 57.9667 69.7978 0.0216684
    endloop
  endfacet
  facet normal -0.28996 -0.957039 0
    outer loop
      vertex 57.5341 69.9769 0.0216684
      vertex 57.7592 69.9087 3.00722
      vertex 57.5341 69.9769 3.00722
    endloop
  endfacet
  facet normal -0.28996 -0.957039 -0
    outer loop
      vertex 57.7592 69.9087 3.00722
      vertex 57.5341 69.9769 0.0216684
      vertex 57.7592 69.9087 0.0216684
    endloop
  endfacet
  facet normal -0.957039 -0.28996 0
    outer loop
      vertex 58.4769 69.0341 0.0216684
      vertex 58.4087 69.2592 3.00722
      vertex 58.4087 69.2592 0.0216684
    endloop
  endfacet
  facet normal -0.957039 -0.28996 0
    outer loop
      vertex 58.4087 69.2592 3.00722
      vertex 58.4769 69.0341 0.0216684
      vertex 58.4769 69.0341 3.00722
    endloop
  endfacet
  facet normal 0.881941 0.47136 0
    outer loop
      vertex 56.2022 30.5333 3.00722
      vertex 56.0913 30.7408 0.0216684
      vertex 56.0913 30.7408 3.00722
    endloop
  endfacet
  facet normal 0.881941 0.47136 0
    outer loop
      vertex 56.0913 30.7408 0.0216684
      vertex 56.2022 30.5333 3.00722
      vertex 56.2022 30.5333 0.0216684
    endloop
  endfacet
  facet normal 0.47136 0.881941 -0
    outer loop
      vertex 56.7408 30.0913 0.0216684
      vertex 56.5333 30.2022 3.00722
      vertex 56.7408 30.0913 3.00722
    endloop
  endfacet
  facet normal 0.47136 0.881941 0
    outer loop
      vertex 56.5333 30.2022 3.00722
      vertex 56.7408 30.0913 0.0216684
      vertex 56.5333 30.2022 0.0216684
    endloop
  endfacet
  facet normal 0.0981989 0.995167 -0
    outer loop
      vertex 57.2 30 0.0216684
      vertex 56.9659 30.0231 3.00722
      vertex 57.2 30 3.00722
    endloop
  endfacet
  facet normal 0.0981989 0.995167 0
    outer loop
      vertex 56.9659 30.0231 3.00722
      vertex 57.2 30 0.0216684
      vertex 56.9659 30.0231 0.0216684
    endloop
  endfacet
  facet normal 0 1 -0
    outer loop
      vertex 57.3 30 0.0216684
      vertex 57.2 30 3.00722
      vertex 57.3 30 3.00722
    endloop
  endfacet
  facet normal 0 1 0
    outer loop
      vertex 57.2 30 3.00722
      vertex 57.3 30 0.0216684
      vertex 57.2 30 0.0216684
    endloop
  endfacet
  facet normal -0.0981989 0.995167 0
    outer loop
      vertex 57.5341 30.0231 0.0216684
      vertex 57.3 30 3.00722
      vertex 57.5341 30.0231 3.00722
    endloop
  endfacet
  facet normal -0.0981989 0.995167 0
    outer loop
      vertex 57.3 30 3.00722
      vertex 57.5341 30.0231 0.0216684
      vertex 57.3 30 0.0216684
    endloop
  endfacet
  facet normal -0.634649 0.772801 0
    outer loop
      vertex 58.1485 30.3515 0.0216684
      vertex 57.9667 30.2022 3.00722
      vertex 58.1485 30.3515 3.00722
    endloop
  endfacet
  facet normal -0.634649 0.772801 0
    outer loop
      vertex 57.9667 30.2022 3.00722
      vertex 58.1485 30.3515 0.0216684
      vertex 57.9667 30.2022 0.0216684
    endloop
  endfacet
  facet normal -0.634649 -0.772801 0
    outer loop
      vertex 57.9667 69.7978 0.0216684
      vertex 58.1485 69.6485 3.00722
      vertex 57.9667 69.7978 3.00722
    endloop
  endfacet
  facet normal -0.634649 -0.772801 -0
    outer loop
      vertex 58.1485 69.6485 3.00722
      vertex 57.9667 69.7978 0.0216684
      vertex 58.1485 69.6485 0.0216684
    endloop
  endfacet
  facet normal -0.772801 -0.634649 0
    outer loop
      vertex 58.2978 69.4667 0.0216684
      vertex 58.1485 69.6485 3.00722
      vertex 58.1485 69.6485 0.0216684
    endloop
  endfacet
  facet normal -0.772801 -0.634649 0
    outer loop
      vertex 58.1485 69.6485 3.00722
      vertex 58.2978 69.4667 0.0216684
      vertex 58.2978 69.4667 3.00722
    endloop
  endfacet
  facet normal -0.881941 -0.47136 0
    outer loop
      vertex 58.4087 69.2592 0.0216684
      vertex 58.2978 69.4667 3.00722
      vertex 58.2978 69.4667 0.0216684
    endloop
  endfacet
  facet normal -0.881941 -0.47136 0
    outer loop
      vertex 58.2978 69.4667 3.00722
      vertex 58.4087 69.2592 0.0216684
      vertex 58.4087 69.2592 3.00722
    endloop
  endfacet
  facet normal 0.772801 0.634649 0
    outer loop
      vertex 56.3515 30.3515 3.00722
      vertex 56.2022 30.5333 0.0216684
      vertex 56.2022 30.5333 3.00722
    endloop
  endfacet
  facet normal 0.772801 0.634649 0
    outer loop
      vertex 56.2022 30.5333 0.0216684
      vertex 56.3515 30.3515 3.00722
      vertex 56.3515 30.3515 0.0216684
    endloop
  endfacet
  facet normal -0.47136 0.881941 0
    outer loop
      vertex 57.9667 30.2022 0.0216684
      vertex 57.7592 30.0913 3.00722
      vertex 57.9667 30.2022 3.00722
    endloop
  endfacet
  facet normal -0.47136 0.881941 0
    outer loop
      vertex 57.7592 30.0913 3.00722
      vertex 57.9667 30.2022 0.0216684
      vertex 57.7592 30.0913 0.0216684
    endloop
  endfacet
  facet normal -0.772801 0.634649 0
    outer loop
      vertex 58.1485 30.3515 0.0216684
      vertex 58.2978 30.5333 3.00722
      vertex 58.2978 30.5333 0.0216684
    endloop
  endfacet
  facet normal -0.772801 0.634649 0
    outer loop
      vertex 58.2978 30.5333 3.00722
      vertex 58.1485 30.3515 0.0216684
      vertex 58.1485 30.3515 3.00722
    endloop
  endfacet
  facet normal 0 -1 0
    outer loop
      vertex 57.2 70 0.0216684
      vertex 57.3 70 3.00722
      vertex 57.2 70 3.00722
    endloop
  endfacet
  facet normal 0 -1 -0
    outer loop
      vertex 57.3 70 3.00722
      vertex 57.2 70 0.0216684
      vertex 57.3 70 0.0216684
    endloop
  endfacet
  facet normal -0.0981989 -0.995167 0
    outer loop
      vertex 57.3 70 0.0216684
      vertex 57.5341 69.9769 3.00722
      vertex 57.3 70 3.00722
    endloop
  endfacet
  facet normal -0.0981989 -0.995167 -0
    outer loop
      vertex 57.5341 69.9769 3.00722
      vertex 57.3 70 0.0216684
      vertex 57.5341 69.9769 0.0216684
    endloop
  endfacet
  facet normal 1 -0 0
    outer loop
      vertex 64 31.2 3.00722
      vertex 64 68.8 0.0216684
      vertex 64 68.8 3.00722
    endloop
  endfacet
  facet normal 1 0 0
    outer loop
      vertex 64 68.8 0.0216684
      vertex 64 31.2 3.00722
      vertex 64 31.2 0.0216684
    endloop
  endfacet
  facet normal 0.957039 -0.28996 0
    outer loop
      vertex 64.0231 69.0341 3.00722
      vertex 64.0913 69.2592 0.0216684
      vertex 64.0913 69.2592 3.00722
    endloop
  endfacet
  facet normal 0.957039 -0.28996 0
    outer loop
      vertex 64.0913 69.2592 0.0216684
      vertex 64.0231 69.0341 3.00722
      vertex 64.0231 69.0341 0.0216684
    endloop
  endfacet
  facet normal -1 0 0
    outer loop
      vertex 66.5 31.2 0.0216684
      vertex 66.5 68.8 3.00722
      vertex 66.5 68.8 0.0216684
    endloop
  endfacet
  facet normal -1 -0 0
    outer loop
      vertex 66.5 68.8 3.00722
      vertex 66.5 31.2 0.0216684
      vertex 66.5 31.2 3.00722
    endloop
  endfacet
  facet normal 0.881941 -0.47136 0
    outer loop
      vertex 64.0913 69.2592 3.00722
      vertex 64.2022 69.4667 0.0216684
      vertex 64.2022 69.4667 3.00722
    endloop
  endfacet
  facet normal 0.881941 -0.47136 0
    outer loop
      vertex 64.2022 69.4667 0.0216684
      vertex 64.0913 69.2592 3.00722
      vertex 64.0913 69.2592 0.0216684
    endloop
  endfacet
  facet normal 0.28996 -0.957039 0
    outer loop
      vertex 64.7408 69.9087 0.0216684
      vertex 64.9659 69.9769 3.00722
      vertex 64.7408 69.9087 3.00722
    endloop
  endfacet
  facet normal 0.28996 -0.957039 0
    outer loop
      vertex 64.9659 69.9769 3.00722
      vertex 64.7408 69.9087 0.0216684
      vertex 64.9659 69.9769 0.0216684
    endloop
  endfacet
  facet normal -0.957039 0.28996 0
    outer loop
      vertex 66.4087 30.7408 0.0216684
      vertex 66.4769 30.9659 3.00722
      vertex 66.4769 30.9659 0.0216684
    endloop
  endfacet
  facet normal -0.957039 0.28996 0
    outer loop
      vertex 66.4769 30.9659 3.00722
      vertex 66.4087 30.7408 0.0216684
      vertex 66.4087 30.7408 3.00722
    endloop
  endfacet
  facet normal 0.995167 0.0981989 0
    outer loop
      vertex 64.0231 30.9659 3.00722
      vertex 64 31.2 0.0216684
      vertex 64 31.2 3.00722
    endloop
  endfacet
  facet normal 0.995167 0.0981989 0
    outer loop
      vertex 64 31.2 0.0216684
      vertex 64.0231 30.9659 3.00722
      vertex 64.0231 30.9659 0.0216684
    endloop
  endfacet
  facet normal 0.995167 -0.0981989 0
    outer loop
      vertex 64 68.8 3.00722
      vertex 64.0231 69.0341 0.0216684
      vertex 64.0231 69.0341 3.00722
    endloop
  endfacet
  facet normal 0.995167 -0.0981989 0
    outer loop
      vertex 64.0231 69.0341 0.0216684
      vertex 64 68.8 3.00722
      vertex 64 68.8 0.0216684
    endloop
  endfacet
  facet normal 0.772801 -0.634649 0
    outer loop
      vertex 64.2022 69.4667 3.00722
      vertex 64.3515 69.6485 0.0216684
      vertex 64.3515 69.6485 3.00722
    endloop
  endfacet
  facet normal 0.772801 -0.634649 0
    outer loop
      vertex 64.3515 69.6485 0.0216684
      vertex 64.2022 69.4667 3.00722
      vertex 64.2022 69.4667 0.0216684
    endloop
  endfacet
  facet normal 0.634649 -0.772801 0
    outer loop
      vertex 64.3515 69.6485 0.0216684
      vertex 64.5333 69.7978 3.00722
      vertex 64.3515 69.6485 3.00722
    endloop
  endfacet
  facet normal 0.634649 -0.772801 0
    outer loop
      vertex 64.5333 69.7978 3.00722
      vertex 64.3515 69.6485 0.0216684
      vertex 64.5333 69.7978 0.0216684
    endloop
  endfacet
  facet normal 0.0981989 -0.995167 0
    outer loop
      vertex 64.9659 69.9769 0.0216684
      vertex 65.2 70 3.00722
      vertex 64.9659 69.9769 3.00722
    endloop
  endfacet
  facet normal 0.0981989 -0.995167 0
    outer loop
      vertex 65.2 70 3.00722
      vertex 64.9659 69.9769 0.0216684
      vertex 65.2 70 0.0216684
    endloop
  endfacet
  facet normal -0.995167 -0.0981989 0
    outer loop
      vertex 66.5 68.8 0.0216684
      vertex 66.4769 69.0341 3.00722
      vertex 66.4769 69.0341 0.0216684
    endloop
  endfacet
  facet normal -0.995167 -0.0981989 0
    outer loop
      vertex 66.4769 69.0341 3.00722
      vertex 66.5 68.8 0.0216684
      vertex 66.5 68.8 3.00722
    endloop
  endfacet
  facet normal 0.957039 0.28996 0
    outer loop
      vertex 64.0913 30.7408 3.00722
      vertex 64.0231 30.9659 0.0216684
      vertex 64.0231 30.9659 3.00722
    endloop
  endfacet
  facet normal 0.957039 0.28996 0
    outer loop
      vertex 64.0231 30.9659 0.0216684
      vertex 64.0913 30.7408 3.00722
      vertex 64.0913 30.7408 0.0216684
    endloop
  endfacet
  facet normal 0.634649 0.772801 -0
    outer loop
      vertex 64.5333 30.2022 0.0216684
      vertex 64.3515 30.3515 3.00722
      vertex 64.5333 30.2022 3.00722
    endloop
  endfacet
  facet normal 0.634649 0.772801 0
    outer loop
      vertex 64.3515 30.3515 3.00722
      vertex 64.5333 30.2022 0.0216684
      vertex 64.3515 30.3515 0.0216684
    endloop
  endfacet
  facet normal 0.28996 0.957039 -0
    outer loop
      vertex 64.9659 30.0231 0.0216684
      vertex 64.7408 30.0913 3.00722
      vertex 64.9659 30.0231 3.00722
    endloop
  endfacet
  facet normal 0.28996 0.957039 0
    outer loop
      vertex 64.7408 30.0913 3.00722
      vertex 64.9659 30.0231 0.0216684
      vertex 64.7408 30.0913 0.0216684
    endloop
  endfacet
  facet normal -0.28996 0.957039 0
    outer loop
      vertex 65.7592 30.0913 0.0216684
      vertex 65.5341 30.0231 3.00722
      vertex 65.7592 30.0913 3.00722
    endloop
  endfacet
  facet normal -0.28996 0.957039 0
    outer loop
      vertex 65.5341 30.0231 3.00722
      vertex 65.7592 30.0913 0.0216684
      vertex 65.5341 30.0231 0.0216684
    endloop
  endfacet
  facet normal -0.995167 0.0981989 0
    outer loop
      vertex 66.4769 30.9659 0.0216684
      vertex 66.5 31.2 3.00722
      vertex 66.5 31.2 0.0216684
    endloop
  endfacet
  facet normal -0.995167 0.0981989 0
    outer loop
      vertex 66.5 31.2 3.00722
      vertex 66.4769 30.9659 0.0216684
      vertex 66.4769 30.9659 3.00722
    endloop
  endfacet
  facet normal -0.881941 0.47136 0
    outer loop
      vertex 66.2978 30.5333 0.0216684
      vertex 66.4087 30.7408 3.00722
      vertex 66.4087 30.7408 0.0216684
    endloop
  endfacet
  facet normal -0.881941 0.47136 0
    outer loop
      vertex 66.4087 30.7408 3.00722
      vertex 66.2978 30.5333 0.0216684
      vertex 66.2978 30.5333 3.00722
    endloop
  endfacet
  facet normal 0.47136 -0.881941 0
    outer loop
      vertex 64.5333 69.7978 0.0216684
      vertex 64.7408 69.9087 3.00722
      vertex 64.5333 69.7978 3.00722
    endloop
  endfacet
  facet normal 0.47136 -0.881941 0
    outer loop
      vertex 64.7408 69.9087 3.00722
      vertex 64.5333 69.7978 0.0216684
      vertex 64.7408 69.9087 0.0216684
    endloop
  endfacet
  facet normal -0.47136 -0.881941 0
    outer loop
      vertex 65.7592 69.9087 0.0216684
      vertex 65.9667 69.7978 3.00722
      vertex 65.7592 69.9087 3.00722
    endloop
  endfacet
  facet normal -0.47136 -0.881941 -0
    outer loop
      vertex 65.9667 69.7978 3.00722
      vertex 65.7592 69.9087 0.0216684
      vertex 65.9667 69.7978 0.0216684
    endloop
  endfacet
  facet normal -0.28996 -0.957039 0
    outer loop
      vertex 65.5341 69.9769 0.0216684
      vertex 65.7592 69.9087 3.00722
      vertex 65.5341 69.9769 3.00722
    endloop
  endfacet
  facet normal -0.28996 -0.957039 -0
    outer loop
      vertex 65.7592 69.9087 3.00722
      vertex 65.5341 69.9769 0.0216684
      vertex 65.7592 69.9087 0.0216684
    endloop
  endfacet
  facet normal -0.957039 -0.28996 0
    outer loop
      vertex 66.4769 69.0341 0.0216684
      vertex 66.4087 69.2592 3.00722
      vertex 66.4087 69.2592 0.0216684
    endloop
  endfacet
  facet normal -0.957039 -0.28996 0
    outer loop
      vertex 66.4087 69.2592 3.00722
      vertex 66.4769 69.0341 0.0216684
      vertex 66.4769 69.0341 3.00722
    endloop
  endfacet
  facet normal 0.881941 0.47136 0
    outer loop
      vertex 64.2022 30.5333 3.00722
      vertex 64.0913 30.7408 0.0216684
      vertex 64.0913 30.7408 3.00722
    endloop
  endfacet
  facet normal 0.881941 0.47136 0
    outer loop
      vertex 64.0913 30.7408 0.0216684
      vertex 64.2022 30.5333 3.00722
      vertex 64.2022 30.5333 0.0216684
    endloop
  endfacet
  facet normal 0.47136 0.881941 -0
    outer loop
      vertex 64.7408 30.0913 0.0216684
      vertex 64.5333 30.2022 3.00722
      vertex 64.7408 30.0913 3.00722
    endloop
  endfacet
  facet normal 0.47136 0.881941 0
    outer loop
      vertex 64.5333 30.2022 3.00722
      vertex 64.7408 30.0913 0.0216684
      vertex 64.5333 30.2022 0.0216684
    endloop
  endfacet
  facet normal 0.0981989 0.995167 -0
    outer loop
      vertex 65.2 30 0.0216684
      vertex 64.9659 30.0231 3.00722
      vertex 65.2 30 3.00722
    endloop
  endfacet
  facet normal 0.0981989 0.995167 0
    outer loop
      vertex 64.9659 30.0231 3.00722
      vertex 65.2 30 0.0216684
      vertex 64.9659 30.0231 0.0216684
    endloop
  endfacet
  facet normal 0 1 -0
    outer loop
      vertex 65.3 30 0.0216684
      vertex 65.2 30 3.00722
      vertex 65.3 30 3.00722
    endloop
  endfacet
  facet normal 0 1 0
    outer loop
      vertex 65.2 30 3.00722
      vertex 65.3 30 0.0216684
      vertex 65.2 30 0.0216684
    endloop
  endfacet
  facet normal -0.0981989 0.995167 0
    outer loop
      vertex 65.5341 30.0231 0.0216684
      vertex 65.3 30 3.00722
      vertex 65.5341 30.0231 3.00722
    endloop
  endfacet
  facet normal -0.0981989 0.995167 0
    outer loop
      vertex 65.3 30 3.00722
      vertex 65.5341 30.0231 0.0216684
      vertex 65.3 30 0.0216684
    endloop
  endfacet
  facet normal -0.634649 0.772801 0
    outer loop
      vertex 66.1485 30.3515 0.0216684
      vertex 65.9667 30.2022 3.00722
      vertex 66.1485 30.3515 3.00722
    endloop
  endfacet
  facet normal -0.634649 0.772801 0
    outer loop
      vertex 65.9667 30.2022 3.00722
      vertex 66.1485 30.3515 0.0216684
      vertex 65.9667 30.2022 0.0216684
    endloop
  endfacet
  facet normal -0.634649 -0.772801 0
    outer loop
      vertex 65.9667 69.7978 0.0216684
      vertex 66.1485 69.6485 3.00722
      vertex 65.9667 69.7978 3.00722
    endloop
  endfacet
  facet normal -0.634649 -0.772801 -0
    outer loop
      vertex 66.1485 69.6485 3.00722
      vertex 65.9667 69.7978 0.0216684
      vertex 66.1485 69.6485 0.0216684
    endloop
  endfacet
  facet normal -0.772801 -0.634649 0
    outer loop
      vertex 66.2978 69.4667 0.0216684
      vertex 66.1485 69.6485 3.00722
      vertex 66.1485 69.6485 0.0216684
    endloop
  endfacet
  facet normal -0.772801 -0.634649 0
    outer loop
      vertex 66.1485 69.6485 3.00722
      vertex 66.2978 69.4667 0.0216684
      vertex 66.2978 69.4667 3.00722
    endloop
  endfacet
  facet normal -0.881941 -0.47136 0
    outer loop
      vertex 66.4087 69.2592 0.0216684
      vertex 66.2978 69.4667 3.00722
      vertex 66.2978 69.4667 0.0216684
    endloop
  endfacet
  facet normal -0.881941 -0.47136 0
    outer loop
      vertex 66.2978 69.4667 3.00722
      vertex 66.4087 69.2592 0.0216684
      vertex 66.4087 69.2592 3.00722
    endloop
  endfacet
  facet normal 0.772801 0.634649 0
    outer loop
      vertex 64.3515 30.3515 3.00722
      vertex 64.2022 30.5333 0.0216684
      vertex 64.2022 30.5333 3.00722
    endloop
  endfacet
  facet normal 0.772801 0.634649 0
    outer loop
      vertex 64.2022 30.5333 0.0216684
      vertex 64.3515 30.3515 3.00722
      vertex 64.3515 30.3515 0.0216684
    endloop
  endfacet
  facet normal -0.47136 0.881941 0
    outer loop
      vertex 65.9667 30.2022 0.0216684
      vertex 65.7592 30.0913 3.00722
      vertex 65.9667 30.2022 3.00722
    endloop
  endfacet
  facet normal -0.47136 0.881941 0
    outer loop
      vertex 65.7592 30.0913 3.00722
      vertex 65.9667 30.2022 0.0216684
      vertex 65.7592 30.0913 0.0216684
    endloop
  endfacet
  facet normal -0.772801 0.634649 0
    outer loop
      vertex 66.1485 30.3515 0.0216684
      vertex 66.2978 30.5333 3.00722
      vertex 66.2978 30.5333 0.0216684
    endloop
  endfacet
  facet normal -0.772801 0.634649 0
    outer loop
      vertex 66.2978 30.5333 3.00722
      vertex 66.1485 30.3515 0.0216684
      vertex 66.1485 30.3515 3.00722
    endloop
  endfacet
  facet normal 0 -1 0
    outer loop
      vertex 65.2 70 0.0216684
      vertex 65.3 70 3.00722
      vertex 65.2 70 3.00722
    endloop
  endfacet
  facet normal 0 -1 -0
    outer loop
      vertex 65.3 70 3.00722
      vertex 65.2 70 0.0216684
      vertex 65.3 70 0.0216684
    endloop
  endfacet
  facet normal -0.0981989 -0.995167 0
    outer loop
      vertex 65.3 70 0.0216684
      vertex 65.5341 69.9769 3.00722
      vertex 65.3 70 3.00722
    endloop
  endfacet
  facet normal -0.0981989 -0.995167 -0
    outer loop
      vertex 65.5341 69.9769 3.00722
      vertex 65.3 70 0.0216684
      vertex 65.5341 69.9769 0.0216684
    endloop
  endfacet
  facet normal 1 -0 0
    outer loop
      vertex 72 31.2 3.00722
      vertex 72 68.8 0.0216684
      vertex 72 68.8 3.00722
    endloop
  endfacet
  facet normal 1 0 0
    outer loop
      vertex 72 68.8 0.0216684
      vertex 72 31.2 3.00722
      vertex 72 31.2 0.0216684
    endloop
  endfacet
  facet normal 0.957039 -0.28996 0
    outer loop
      vertex 72.0231 69.0341 3.00722
      vertex 72.0913 69.2592 0.0216684
      vertex 72.0913 69.2592 3.00722
    endloop
  endfacet
  facet normal 0.957039 -0.28996 0
    outer loop
      vertex 72.0913 69.2592 0.0216684
      vertex 72.0231 69.0341 3.00722
      vertex 72.0231 69.0341 0.0216684
    endloop
  endfacet
  facet normal -0.881941 0.47136 0
    outer loop
      vertex 74.2978 30.5333 0.0216684
      vertex 74.4087 30.7408 3.00722
      vertex 74.4087 30.7408 0.0216684
    endloop
  endfacet
  facet normal -0.881941 0.47136 0
    outer loop
      vertex 74.4087 30.7408 3.00722
      vertex 74.2978 30.5333 0.0216684
      vertex 74.2978 30.5333 3.00722
    endloop
  endfacet
  facet normal -1 0 0
    outer loop
      vertex 74.5 31.2 0.0216684
      vertex 74.5 68.8 3.00722
      vertex 74.5 68.8 0.0216684
    endloop
  endfacet
  facet normal -1 -0 0
    outer loop
      vertex 74.5 68.8 3.00722
      vertex 74.5 31.2 0.0216684
      vertex 74.5 31.2 3.00722
    endloop
  endfacet
  facet normal 0.881941 -0.47136 0
    outer loop
      vertex 72.0913 69.2592 3.00722
      vertex 72.2022 69.4667 0.0216684
      vertex 72.2022 69.4667 3.00722
    endloop
  endfacet
  facet normal 0.881941 -0.47136 0
    outer loop
      vertex 72.2022 69.4667 0.0216684
      vertex 72.0913 69.2592 3.00722
      vertex 72.0913 69.2592 0.0216684
    endloop
  endfacet
  facet normal 0.28996 -0.957039 0
    outer loop
      vertex 72.7408 69.9087 0.0216684
      vertex 72.9659 69.9769 3.00722
      vertex 72.7408 69.9087 3.00722
    endloop
  endfacet
  facet normal 0.28996 -0.957039 0
    outer loop
      vertex 72.9659 69.9769 3.00722
      vertex 72.7408 69.9087 0.0216684
      vertex 72.9659 69.9769 0.0216684
    endloop
  endfacet
  facet normal -0.957039 0.28996 0
    outer loop
      vertex 74.4087 30.7408 0.0216684
      vertex 74.4769 30.9659 3.00722
      vertex 74.4769 30.9659 0.0216684
    endloop
  endfacet
  facet normal -0.957039 0.28996 0
    outer loop
      vertex 74.4769 30.9659 3.00722
      vertex 74.4087 30.7408 0.0216684
      vertex 74.4087 30.7408 3.00722
    endloop
  endfacet
  facet normal 0.995167 0.0981989 0
    outer loop
      vertex 72.0231 30.9659 3.00722
      vertex 72 31.2 0.0216684
      vertex 72 31.2 3.00722
    endloop
  endfacet
  facet normal 0.995167 0.0981989 0
    outer loop
      vertex 72 31.2 0.0216684
      vertex 72.0231 30.9659 3.00722
      vertex 72.0231 30.9659 0.0216684
    endloop
  endfacet
  facet normal 0.995167 -0.0981989 0
    outer loop
      vertex 72 68.8 3.00722
      vertex 72.0231 69.0341 0.0216684
      vertex 72.0231 69.0341 3.00722
    endloop
  endfacet
  facet normal 0.995167 -0.0981989 0
    outer loop
      vertex 72.0231 69.0341 0.0216684
      vertex 72 68.8 3.00722
      vertex 72 68.8 0.0216684
    endloop
  endfacet
  facet normal 0.772801 -0.634649 0
    outer loop
      vertex 72.2022 69.4667 3.00722
      vertex 72.3515 69.6485 0.0216684
      vertex 72.3515 69.6485 3.00722
    endloop
  endfacet
  facet normal 0.772801 -0.634649 0
    outer loop
      vertex 72.3515 69.6485 0.0216684
      vertex 72.2022 69.4667 3.00722
      vertex 72.2022 69.4667 0.0216684
    endloop
  endfacet
  facet normal 0.634649 -0.772801 0
    outer loop
      vertex 72.3515 69.6485 0.0216684
      vertex 72.5333 69.7978 3.00722
      vertex 72.3515 69.6485 3.00722
    endloop
  endfacet
  facet normal 0.634649 -0.772801 0
    outer loop
      vertex 72.5333 69.7978 3.00722
      vertex 72.3515 69.6485 0.0216684
      vertex 72.5333 69.7978 0.0216684
    endloop
  endfacet
  facet normal 0.0981989 -0.995167 0
    outer loop
      vertex 72.9659 69.9769 0.0216684
      vertex 73.2 70 3.00722
      vertex 72.9659 69.9769 3.00722
    endloop
  endfacet
  facet normal 0.0981989 -0.995167 0
    outer loop
      vertex 73.2 70 3.00722
      vertex 72.9659 69.9769 0.0216684
      vertex 73.2 70 0.0216684
    endloop
  endfacet
  facet normal 0.957039 0.28996 0
    outer loop
      vertex 72.0913 30.7408 3.00722
      vertex 72.0231 30.9659 0.0216684
      vertex 72.0231 30.9659 3.00722
    endloop
  endfacet
  facet normal 0.957039 0.28996 0
    outer loop
      vertex 72.0231 30.9659 0.0216684
      vertex 72.0913 30.7408 3.00722
      vertex 72.0913 30.7408 0.0216684
    endloop
  endfacet
  facet normal 0.634649 0.772801 -0
    outer loop
      vertex 72.5333 30.2022 0.0216684
      vertex 72.3515 30.3515 3.00722
      vertex 72.5333 30.2022 3.00722
    endloop
  endfacet
  facet normal 0.634649 0.772801 0
    outer loop
      vertex 72.3515 30.3515 3.00722
      vertex 72.5333 30.2022 0.0216684
      vertex 72.3515 30.3515 0.0216684
    endloop
  endfacet
  facet normal 0.28996 0.957039 -0
    outer loop
      vertex 72.9659 30.0231 0.0216684
      vertex 72.7408 30.0913 3.00722
      vertex 72.9659 30.0231 3.00722
    endloop
  endfacet
  facet normal 0.28996 0.957039 0
    outer loop
      vertex 72.7408 30.0913 3.00722
      vertex 72.9659 30.0231 0.0216684
      vertex 72.7408 30.0913 0.0216684
    endloop
  endfacet
  facet normal -0.28996 0.957039 0
    outer loop
      vertex 73.7592 30.0913 0.0216684
      vertex 73.5341 30.0231 3.00722
      vertex 73.7592 30.0913 3.00722
    endloop
  endfacet
  facet normal -0.28996 0.957039 0
    outer loop
      vertex 73.5341 30.0231 3.00722
      vertex 73.7592 30.0913 0.0216684
      vertex 73.5341 30.0231 0.0216684
    endloop
  endfacet
  facet normal -0.995167 0.0981989 0
    outer loop
      vertex 74.4769 30.9659 0.0216684
      vertex 74.5 31.2 3.00722
      vertex 74.5 31.2 0.0216684
    endloop
  endfacet
  facet normal -0.995167 0.0981989 0
    outer loop
      vertex 74.5 31.2 3.00722
      vertex 74.4769 30.9659 0.0216684
      vertex 74.4769 30.9659 3.00722
    endloop
  endfacet
  facet normal 0.47136 -0.881941 0
    outer loop
      vertex 72.5333 69.7978 0.0216684
      vertex 72.7408 69.9087 3.00722
      vertex 72.5333 69.7978 3.00722
    endloop
  endfacet
  facet normal 0.47136 -0.881941 0
    outer loop
      vertex 72.7408 69.9087 3.00722
      vertex 72.5333 69.7978 0.0216684
      vertex 72.7408 69.9087 0.0216684
    endloop
  endfacet
  facet normal -0.28996 -0.957039 0
    outer loop
      vertex 73.5341 69.9769 0.0216684
      vertex 73.7592 69.9087 3.00722
      vertex 73.5341 69.9769 3.00722
    endloop
  endfacet
  facet normal -0.28996 -0.957039 -0
    outer loop
      vertex 73.7592 69.9087 3.00722
      vertex 73.5341 69.9769 0.0216684
      vertex 73.7592 69.9087 0.0216684
    endloop
  endfacet
  facet normal -0.47136 -0.881941 0
    outer loop
      vertex 73.7592 69.9087 0.0216684
      vertex 73.9667 69.7978 3.00722
      vertex 73.7592 69.9087 3.00722
    endloop
  endfacet
  facet normal -0.47136 -0.881941 -0
    outer loop
      vertex 73.9667 69.7978 3.00722
      vertex 73.7592 69.9087 0.0216684
      vertex 73.9667 69.7978 0.0216684
    endloop
  endfacet
  facet normal -0.881941 -0.47136 0
    outer loop
      vertex 74.4087 69.2592 0.0216684
      vertex 74.2978 69.4667 3.00722
      vertex 74.2978 69.4667 0.0216684
    endloop
  endfacet
  facet normal -0.881941 -0.47136 0
    outer loop
      vertex 74.2978 69.4667 3.00722
      vertex 74.4087 69.2592 0.0216684
      vertex 74.4087 69.2592 3.00722
    endloop
  endfacet
  facet normal 0.47136 0.881941 -0
    outer loop
      vertex 72.7408 30.0913 0.0216684
      vertex 72.5333 30.2022 3.00722
      vertex 72.7408 30.0913 3.00722
    endloop
  endfacet
  facet normal 0.47136 0.881941 0
    outer loop
      vertex 72.5333 30.2022 3.00722
      vertex 72.7408 30.0913 0.0216684
      vertex 72.5333 30.2022 0.0216684
    endloop
  endfacet
  facet normal 0.0981989 0.995167 -0
    outer loop
      vertex 73.2 30 0.0216684
      vertex 72.9659 30.0231 3.00722
      vertex 73.2 30 3.00722
    endloop
  endfacet
  facet normal 0.0981989 0.995167 0
    outer loop
      vertex 72.9659 30.0231 3.00722
      vertex 73.2 30 0.0216684
      vertex 72.9659 30.0231 0.0216684
    endloop
  endfacet
  facet normal 0 1 -0
    outer loop
      vertex 73.3 30 0.0216684
      vertex 73.2 30 3.00722
      vertex 73.3 30 3.00722
    endloop
  endfacet
  facet normal 0 1 0
    outer loop
      vertex 73.2 30 3.00722
      vertex 73.3 30 0.0216684
      vertex 73.2 30 0.0216684
    endloop
  endfacet
  facet normal -0.0981989 0.995167 0
    outer loop
      vertex 73.5341 30.0231 0.0216684
      vertex 73.3 30 3.00722
      vertex 73.5341 30.0231 3.00722
    endloop
  endfacet
  facet normal -0.0981989 0.995167 0
    outer loop
      vertex 73.3 30 3.00722
      vertex 73.5341 30.0231 0.0216684
      vertex 73.3 30 0.0216684
    endloop
  endfacet
  facet normal -0.47136 0.881941 0
    outer loop
      vertex 73.9667 30.2022 0.0216684
      vertex 73.7592 30.0913 3.00722
      vertex 73.9667 30.2022 3.00722
    endloop
  endfacet
  facet normal -0.47136 0.881941 0
    outer loop
      vertex 73.7592 30.0913 3.00722
      vertex 73.9667 30.2022 0.0216684
      vertex 73.7592 30.0913 0.0216684
    endloop
  endfacet
  facet normal -0.634649 0.772801 0
    outer loop
      vertex 74.1485 30.3515 0.0216684
      vertex 73.9667 30.2022 3.00722
      vertex 74.1485 30.3515 3.00722
    endloop
  endfacet
  facet normal -0.634649 0.772801 0
    outer loop
      vertex 73.9667 30.2022 3.00722
      vertex 74.1485 30.3515 0.0216684
      vertex 73.9667 30.2022 0.0216684
    endloop
  endfacet
  facet normal -0.0981989 -0.995167 0
    outer loop
      vertex 73.3 70 0.0216684
      vertex 73.5341 69.9769 3.00722
      vertex 73.3 70 3.00722
    endloop
  endfacet
  facet normal -0.0981989 -0.995167 -0
    outer loop
      vertex 73.5341 69.9769 3.00722
      vertex 73.3 70 0.0216684
      vertex 73.5341 69.9769 0.0216684
    endloop
  endfacet
  facet normal -0.634649 -0.772801 0
    outer loop
      vertex 73.9667 69.7978 0.0216684
      vertex 74.1485 69.6485 3.00722
      vertex 73.9667 69.7978 3.00722
    endloop
  endfacet
  facet normal -0.634649 -0.772801 -0
    outer loop
      vertex 74.1485 69.6485 3.00722
      vertex 73.9667 69.7978 0.0216684
      vertex 74.1485 69.6485 0.0216684
    endloop
  endfacet
  facet normal -0.957039 -0.28996 0
    outer loop
      vertex 74.4769 69.0341 0.0216684
      vertex 74.4087 69.2592 3.00722
      vertex 74.4087 69.2592 0.0216684
    endloop
  endfacet
  facet normal -0.957039 -0.28996 0
    outer loop
      vertex 74.4087 69.2592 3.00722
      vertex 74.4769 69.0341 0.0216684
      vertex 74.4769 69.0341 3.00722
    endloop
  endfacet
  facet normal -0.995167 -0.0981989 0
    outer loop
      vertex 74.5 68.8 0.0216684
      vertex 74.4769 69.0341 3.00722
      vertex 74.4769 69.0341 0.0216684
    endloop
  endfacet
  facet normal -0.995167 -0.0981989 0
    outer loop
      vertex 74.4769 69.0341 3.00722
      vertex 74.5 68.8 0.0216684
      vertex 74.5 68.8 3.00722
    endloop
  endfacet
  facet normal -0.772801 -0.634649 0
    outer loop
      vertex 74.2978 69.4667 0.0216684
      vertex 74.1485 69.6485 3.00722
      vertex 74.1485 69.6485 0.0216684
    endloop
  endfacet
  facet normal -0.772801 -0.634649 0
    outer loop
      vertex 74.1485 69.6485 3.00722
      vertex 74.2978 69.4667 0.0216684
      vertex 74.2978 69.4667 3.00722
    endloop
  endfacet
  facet normal 0.772801 0.634649 0
    outer loop
      vertex 72.3515 30.3515 3.00722
      vertex 72.2022 30.5333 0.0216684
      vertex 72.2022 30.5333 3.00722
    endloop
  endfacet
  facet normal 0.772801 0.634649 0
    outer loop
      vertex 72.2022 30.5333 0.0216684
      vertex 72.3515 30.3515 3.00722
      vertex 72.3515 30.3515 0.0216684
    endloop
  endfacet
  facet normal 0.881941 0.47136 0
    outer loop
      vertex 72.2022 30.5333 3.00722
      vertex 72.0913 30.7408 0.0216684
      vertex 72.0913 30.7408 3.00722
    endloop
  endfacet
  facet normal 0.881941 0.47136 0
    outer loop
      vertex 72.0913 30.7408 0.0216684
      vertex 72.2022 30.5333 3.00722
      vertex 72.2022 30.5333 0.0216684
    endloop
  endfacet
  facet normal 0 -1 0
    outer loop
      vertex 73.2 70 0.0216684
      vertex 73.3 70 3.00722
      vertex 73.2 70 3.00722
    endloop
  endfacet
  facet normal 0 -1 -0
    outer loop
      vertex 73.3 70 3.00722
      vertex 73.2 70 0.0216684
      vertex 73.3 70 0.0216684
    endloop
  endfacet
  facet normal -0.772801 0.634649 0
    outer loop
      vertex 74.1485 30.3515 0.0216684
      vertex 74.2978 30.5333 3.00722
      vertex 74.2978 30.5333 0.0216684
    endloop
  endfacet
  facet normal -0.772801 0.634649 0
    outer loop
      vertex 74.2978 30.5333 3.00722
      vertex 74.1485 30.3515 0.0216684
      vertex 74.1485 30.3515 3.00722
    endloop
  endfacet
  facet normal 1 -0 0
    outer loop
      vertex 80 31.2 3.00722
      vertex 80 68.8 0.0216684
      vertex 80 68.8 3.00722
    endloop
  endfacet
  facet normal 1 0 0
    outer loop
      vertex 80 68.8 0.0216684
      vertex 80 31.2 3.00722
      vertex 80 31.2 0.0216684
    endloop
  endfacet
  facet normal -1 0 0
    outer loop
      vertex 82.5 31.2 0.0216684
      vertex 82.5 68.8 3.00722
      vertex 82.5 68.8 0.0216684
    endloop
  endfacet
  facet normal -1 -0 0
    outer loop
      vertex 82.5 68.8 3.00722
      vertex 82.5 31.2 0.0216684
      vertex 82.5 31.2 3.00722
    endloop
  endfacet
  facet normal 0.995167 -0.0981989 0
    outer loop
      vertex 80 68.8 3.00722
      vertex 80.0231 69.0341 0.0216684
      vertex 80.0231 69.0341 3.00722
    endloop
  endfacet
  facet normal 0.995167 -0.0981989 0
    outer loop
      vertex 80.0231 69.0341 0.0216684
      vertex 80 68.8 3.00722
      vertex 80 68.8 0.0216684
    endloop
  endfacet
  facet normal -0.881941 0.47136 0
    outer loop
      vertex 82.2978 30.5333 0.0216684
      vertex 82.4087 30.7408 3.00722
      vertex 82.4087 30.7408 0.0216684
    endloop
  endfacet
  facet normal -0.881941 0.47136 0
    outer loop
      vertex 82.4087 30.7408 3.00722
      vertex 82.2978 30.5333 0.0216684
      vertex 82.2978 30.5333 3.00722
    endloop
  endfacet
  facet normal 0.634649 0.772801 -0
    outer loop
      vertex 80.5333 30.2022 0.0216684
      vertex 80.3515 30.3515 3.00722
      vertex 80.5333 30.2022 3.00722
    endloop
  endfacet
  facet normal 0.634649 0.772801 0
    outer loop
      vertex 80.3515 30.3515 3.00722
      vertex 80.5333 30.2022 0.0216684
      vertex 80.3515 30.3515 0.0216684
    endloop
  endfacet
  facet normal 0.772801 -0.634649 0
    outer loop
      vertex 80.2022 69.4667 3.00722
      vertex 80.3515 69.6485 0.0216684
      vertex 80.3515 69.6485 3.00722
    endloop
  endfacet
  facet normal 0.772801 -0.634649 0
    outer loop
      vertex 80.3515 69.6485 0.0216684
      vertex 80.2022 69.4667 3.00722
      vertex 80.2022 69.4667 0.0216684
    endloop
  endfacet
  facet normal 0.995167 0.0981989 0
    outer loop
      vertex 80.0231 30.9659 3.00722
      vertex 80 31.2 0.0216684
      vertex 80 31.2 3.00722
    endloop
  endfacet
  facet normal 0.995167 0.0981989 0
    outer loop
      vertex 80 31.2 0.0216684
      vertex 80.0231 30.9659 3.00722
      vertex 80.0231 30.9659 0.0216684
    endloop
  endfacet
  facet normal 0.957039 -0.28996 0
    outer loop
      vertex 80.0231 69.0341 3.00722
      vertex 80.0913 69.2592 0.0216684
      vertex 80.0913 69.2592 3.00722
    endloop
  endfacet
  facet normal 0.957039 -0.28996 0
    outer loop
      vertex 80.0913 69.2592 0.0216684
      vertex 80.0231 69.0341 3.00722
      vertex 80.0231 69.0341 0.0216684
    endloop
  endfacet
  facet normal 0.881941 -0.47136 0
    outer loop
      vertex 80.0913 69.2592 3.00722
      vertex 80.2022 69.4667 0.0216684
      vertex 80.2022 69.4667 3.00722
    endloop
  endfacet
  facet normal 0.881941 -0.47136 0
    outer loop
      vertex 80.2022 69.4667 0.0216684
      vertex 80.0913 69.2592 3.00722
      vertex 80.0913 69.2592 0.0216684
    endloop
  endfacet
  facet normal 0.634649 -0.772801 0
    outer loop
      vertex 80.3515 69.6485 0.0216684
      vertex 80.5333 69.7978 3.00722
      vertex 80.3515 69.6485 3.00722
    endloop
  endfacet
  facet normal 0.634649 -0.772801 0
    outer loop
      vertex 80.5333 69.7978 3.00722
      vertex 80.3515 69.6485 0.0216684
      vertex 80.5333 69.7978 0.0216684
    endloop
  endfacet
  facet normal 0.28996 -0.957039 0
    outer loop
      vertex 80.7408 69.9087 0.0216684
      vertex 80.9659 69.9769 3.00722
      vertex 80.7408 69.9087 3.00722
    endloop
  endfacet
  facet normal 0.28996 -0.957039 0
    outer loop
      vertex 80.9659 69.9769 3.00722
      vertex 80.7408 69.9087 0.0216684
      vertex 80.9659 69.9769 0.0216684
    endloop
  endfacet
  facet normal 0.0981989 -0.995167 0
    outer loop
      vertex 80.9659 69.9769 0.0216684
      vertex 81.2 70 3.00722
      vertex 80.9659 69.9769 3.00722
    endloop
  endfacet
  facet normal 0.0981989 -0.995167 0
    outer loop
      vertex 81.2 70 3.00722
      vertex 80.9659 69.9769 0.0216684
      vertex 81.2 70 0.0216684
    endloop
  endfacet
  facet normal 0.47136 -0.881941 0
    outer loop
      vertex 80.5333 69.7978 0.0216684
      vertex 80.7408 69.9087 3.00722
      vertex 80.5333 69.7978 3.00722
    endloop
  endfacet
  facet normal 0.47136 -0.881941 0
    outer loop
      vertex 80.7408 69.9087 3.00722
      vertex 80.5333 69.7978 0.0216684
      vertex 80.7408 69.9087 0.0216684
    endloop
  endfacet
  facet normal -0.995167 -0.0981989 0
    outer loop
      vertex 82.5 68.8 0.0216684
      vertex 82.4769 69.0341 3.00722
      vertex 82.4769 69.0341 0.0216684
    endloop
  endfacet
  facet normal -0.995167 -0.0981989 0
    outer loop
      vertex 82.4769 69.0341 3.00722
      vertex 82.5 68.8 0.0216684
      vertex 82.5 68.8 3.00722
    endloop
  endfacet
  facet normal 0.47136 0.881941 -0
    outer loop
      vertex 80.7408 30.0913 0.0216684
      vertex 80.5333 30.2022 3.00722
      vertex 80.7408 30.0913 3.00722
    endloop
  endfacet
  facet normal 0.47136 0.881941 0
    outer loop
      vertex 80.5333 30.2022 3.00722
      vertex 80.7408 30.0913 0.0216684
      vertex 80.5333 30.2022 0.0216684
    endloop
  endfacet
  facet normal -0.772801 0.634649 0
    outer loop
      vertex 82.1485 30.3515 0.0216684
      vertex 82.2978 30.5333 3.00722
      vertex 82.2978 30.5333 0.0216684
    endloop
  endfacet
  facet normal -0.772801 0.634649 0
    outer loop
      vertex 82.2978 30.5333 3.00722
      vertex 82.1485 30.3515 0.0216684
      vertex 82.1485 30.3515 3.00722
    endloop
  endfacet
  facet normal -0.28996 0.957039 0
    outer loop
      vertex 81.7592 30.0913 0.0216684
      vertex 81.5341 30.0231 3.00722
      vertex 81.7592 30.0913 3.00722
    endloop
  endfacet
  facet normal -0.28996 0.957039 0
    outer loop
      vertex 81.5341 30.0231 3.00722
      vertex 81.7592 30.0913 0.0216684
      vertex 81.5341 30.0231 0.0216684
    endloop
  endfacet
  facet normal -0.957039 0.28996 0
    outer loop
      vertex 82.4087 30.7408 0.0216684
      vertex 82.4769 30.9659 3.00722
      vertex 82.4769 30.9659 0.0216684
    endloop
  endfacet
  facet normal -0.957039 0.28996 0
    outer loop
      vertex 82.4769 30.9659 3.00722
      vertex 82.4087 30.7408 0.0216684
      vertex 82.4087 30.7408 3.00722
    endloop
  endfacet
  facet normal -0.995167 0.0981989 0
    outer loop
      vertex 82.4769 30.9659 0.0216684
      vertex 82.5 31.2 3.00722
      vertex 82.5 31.2 0.0216684
    endloop
  endfacet
  facet normal -0.995167 0.0981989 0
    outer loop
      vertex 82.5 31.2 3.00722
      vertex 82.4769 30.9659 0.0216684
      vertex 82.4769 30.9659 3.00722
    endloop
  endfacet
  facet normal -0.47136 -0.881941 0
    outer loop
      vertex 81.7592 69.9087 0.0216684
      vertex 81.9667 69.7978 3.00722
      vertex 81.7592 69.9087 3.00722
    endloop
  endfacet
  facet normal -0.47136 -0.881941 -0
    outer loop
      vertex 81.9667 69.7978 3.00722
      vertex 81.7592 69.9087 0.0216684
      vertex 81.9667 69.7978 0.0216684
    endloop
  endfacet
  facet normal -0.28996 -0.957039 0
    outer loop
      vertex 81.5341 69.9769 0.0216684
      vertex 81.7592 69.9087 3.00722
      vertex 81.5341 69.9769 3.00722
    endloop
  endfacet
  facet normal -0.28996 -0.957039 -0
    outer loop
      vertex 81.7592 69.9087 3.00722
      vertex 81.5341 69.9769 0.0216684
      vertex 81.7592 69.9087 0.0216684
    endloop
  endfacet
  facet normal -0.957039 -0.28996 0
    outer loop
      vertex 82.4769 69.0341 0.0216684
      vertex 82.4087 69.2592 3.00722
      vertex 82.4087 69.2592 0.0216684
    endloop
  endfacet
  facet normal -0.957039 -0.28996 0
    outer loop
      vertex 82.4087 69.2592 3.00722
      vertex 82.4769 69.0341 0.0216684
      vertex 82.4769 69.0341 3.00722
    endloop
  endfacet
  facet normal 0.957039 0.28996 0
    outer loop
      vertex 80.0913 30.7408 3.00722
      vertex 80.0231 30.9659 0.0216684
      vertex 80.0231 30.9659 3.00722
    endloop
  endfacet
  facet normal 0.957039 0.28996 0
    outer loop
      vertex 80.0231 30.9659 0.0216684
      vertex 80.0913 30.7408 3.00722
      vertex 80.0913 30.7408 0.0216684
    endloop
  endfacet
  facet normal 0.881941 0.47136 0
    outer loop
      vertex 80.2022 30.5333 3.00722
      vertex 80.0913 30.7408 0.0216684
      vertex 80.0913 30.7408 3.00722
    endloop
  endfacet
  facet normal 0.881941 0.47136 0
    outer loop
      vertex 80.0913 30.7408 0.0216684
      vertex 80.2022 30.5333 3.00722
      vertex 80.2022 30.5333 0.0216684
    endloop
  endfacet
  facet normal 0 1 -0
    outer loop
      vertex 81.3 30 0.0216684
      vertex 81.2 30 3.00722
      vertex 81.3 30 3.00722
    endloop
  endfacet
  facet normal 0 1 0
    outer loop
      vertex 81.2 30 3.00722
      vertex 81.3 30 0.0216684
      vertex 81.2 30 0.0216684
    endloop
  endfacet
  facet normal 0.28996 0.957039 -0
    outer loop
      vertex 80.9659 30.0231 0.0216684
      vertex 80.7408 30.0913 3.00722
      vertex 80.9659 30.0231 3.00722
    endloop
  endfacet
  facet normal 0.28996 0.957039 0
    outer loop
      vertex 80.7408 30.0913 3.00722
      vertex 80.9659 30.0231 0.0216684
      vertex 80.7408 30.0913 0.0216684
    endloop
  endfacet
  facet normal 0.0981989 0.995167 -0
    outer loop
      vertex 81.2 30 0.0216684
      vertex 80.9659 30.0231 3.00722
      vertex 81.2 30 3.00722
    endloop
  endfacet
  facet normal 0.0981989 0.995167 0
    outer loop
      vertex 80.9659 30.0231 3.00722
      vertex 81.2 30 0.0216684
      vertex 80.9659 30.0231 0.0216684
    endloop
  endfacet
  facet normal -0.47136 0.881941 0
    outer loop
      vertex 81.9667 30.2022 0.0216684
      vertex 81.7592 30.0913 3.00722
      vertex 81.9667 30.2022 3.00722
    endloop
  endfacet
  facet normal -0.47136 0.881941 0
    outer loop
      vertex 81.7592 30.0913 3.00722
      vertex 81.9667 30.2022 0.0216684
      vertex 81.7592 30.0913 0.0216684
    endloop
  endfacet
  facet normal -0.634649 0.772801 0
    outer loop
      vertex 82.1485 30.3515 0.0216684
      vertex 81.9667 30.2022 3.00722
      vertex 82.1485 30.3515 3.00722
    endloop
  endfacet
  facet normal -0.634649 0.772801 0
    outer loop
      vertex 81.9667 30.2022 3.00722
      vertex 82.1485 30.3515 0.0216684
      vertex 81.9667 30.2022 0.0216684
    endloop
  endfacet
  facet normal -0.634649 -0.772801 0
    outer loop
      vertex 81.9667 69.7978 0.0216684
      vertex 82.1485 69.6485 3.00722
      vertex 81.9667 69.7978 3.00722
    endloop
  endfacet
  facet normal -0.634649 -0.772801 -0
    outer loop
      vertex 82.1485 69.6485 3.00722
      vertex 81.9667 69.7978 0.0216684
      vertex 82.1485 69.6485 0.0216684
    endloop
  endfacet
  facet normal -0.772801 -0.634649 0
    outer loop
      vertex 82.2978 69.4667 0.0216684
      vertex 82.1485 69.6485 3.00722
      vertex 82.1485 69.6485 0.0216684
    endloop
  endfacet
  facet normal -0.772801 -0.634649 0
    outer loop
      vertex 82.1485 69.6485 3.00722
      vertex 82.2978 69.4667 0.0216684
      vertex 82.2978 69.4667 3.00722
    endloop
  endfacet
  facet normal -0.881941 -0.47136 0
    outer loop
      vertex 82.4087 69.2592 0.0216684
      vertex 82.2978 69.4667 3.00722
      vertex 82.2978 69.4667 0.0216684
    endloop
  endfacet
  facet normal -0.881941 -0.47136 0
    outer loop
      vertex 82.2978 69.4667 3.00722
      vertex 82.4087 69.2592 0.0216684
      vertex 82.4087 69.2592 3.00722
    endloop
  endfacet
  facet normal 0.772801 0.634649 0
    outer loop
      vertex 80.3515 30.3515 3.00722
      vertex 80.2022 30.5333 0.0216684
      vertex 80.2022 30.5333 3.00722
    endloop
  endfacet
  facet normal 0.772801 0.634649 0
    outer loop
      vertex 80.2022 30.5333 0.0216684
      vertex 80.3515 30.3515 3.00722
      vertex 80.3515 30.3515 0.0216684
    endloop
  endfacet
  facet normal -0.0981989 0.995167 0
    outer loop
      vertex 81.5341 30.0231 0.0216684
      vertex 81.3 30 3.00722
      vertex 81.5341 30.0231 3.00722
    endloop
  endfacet
  facet normal -0.0981989 0.995167 0
    outer loop
      vertex 81.3 30 3.00722
      vertex 81.5341 30.0231 0.0216684
      vertex 81.3 30 0.0216684
    endloop
  endfacet
  facet normal 0 -1 0
    outer loop
      vertex 81.2 70 0.0216684
      vertex 81.3 70 3.00722
      vertex 81.2 70 3.00722
    endloop
  endfacet
  facet normal 0 -1 -0
    outer loop
      vertex 81.3 70 3.00722
      vertex 81.2 70 0.0216684
      vertex 81.3 70 0.0216684
    endloop
  endfacet
  facet normal -0.0981989 -0.995167 0
    outer loop
      vertex 81.3 70 0.0216684
      vertex 81.5341 69.9769 3.00722
      vertex 81.3 70 3.00722
    endloop
  endfacet
  facet normal -0.0981989 -0.995167 -0
    outer loop
      vertex 81.5341 69.9769 3.00722
      vertex 81.3 70 0.0216684
      vertex 81.5341 69.9769 0.0216684
    endloop
  endfacet
  facet normal 1 -0 0
    outer loop
      vertex 88 31.2 3.00722
      vertex 88 68.8 0.0216684
      vertex 88 68.8 3.00722
    endloop
  endfacet
  facet normal 1 0 0
    outer loop
      vertex 88 68.8 0.0216684
      vertex 88 31.2 3.00722
      vertex 88 31.2 0.0216684
    endloop
  endfacet
  facet normal -1 0 0
    outer loop
      vertex 90.5 31.2 0.0216684
      vertex 90.5 68.8 3.00722
      vertex 90.5 68.8 0.0216684
    endloop
  endfacet
  facet normal -1 -0 0
    outer loop
      vertex 90.5 68.8 3.00722
      vertex 90.5 31.2 0.0216684
      vertex 90.5 31.2 3.00722
    endloop
  endfacet
  facet normal 0.995167 -0.0981989 0
    outer loop
      vertex 88 68.8 3.00722
      vertex 88.0231 69.0341 0.0216684
      vertex 88.0231 69.0341 3.00722
    endloop
  endfacet
  facet normal 0.995167 -0.0981989 0
    outer loop
      vertex 88.0231 69.0341 0.0216684
      vertex 88 68.8 3.00722
      vertex 88 68.8 0.0216684
    endloop
  endfacet
  facet normal -0.881941 0.47136 0
    outer loop
      vertex 90.2978 30.5333 0.0216684
      vertex 90.4087 30.7408 3.00722
      vertex 90.4087 30.7408 0.0216684
    endloop
  endfacet
  facet normal -0.881941 0.47136 0
    outer loop
      vertex 90.4087 30.7408 3.00722
      vertex 90.2978 30.5333 0.0216684
      vertex 90.2978 30.5333 3.00722
    endloop
  endfacet
  facet normal 0.634649 0.772801 -0
    outer loop
      vertex 88.5333 30.2022 0.0216684
      vertex 88.3515 30.3515 3.00722
      vertex 88.5333 30.2022 3.00722
    endloop
  endfacet
  facet normal 0.634649 0.772801 0
    outer loop
      vertex 88.3515 30.3515 3.00722
      vertex 88.5333 30.2022 0.0216684
      vertex 88.3515 30.3515 0.0216684
    endloop
  endfacet
  facet normal 0.772801 -0.634649 0
    outer loop
      vertex 88.2022 69.4667 3.00722
      vertex 88.3515 69.6485 0.0216684
      vertex 88.3515 69.6485 3.00722
    endloop
  endfacet
  facet normal 0.772801 -0.634649 0
    outer loop
      vertex 88.3515 69.6485 0.0216684
      vertex 88.2022 69.4667 3.00722
      vertex 88.2022 69.4667 0.0216684
    endloop
  endfacet
  facet normal 0.995167 0.0981989 0
    outer loop
      vertex 88.0231 30.9659 3.00722
      vertex 88 31.2 0.0216684
      vertex 88 31.2 3.00722
    endloop
  endfacet
  facet normal 0.995167 0.0981989 0
    outer loop
      vertex 88 31.2 0.0216684
      vertex 88.0231 30.9659 3.00722
      vertex 88.0231 30.9659 0.0216684
    endloop
  endfacet
  facet normal 0.957039 -0.28996 0
    outer loop
      vertex 88.0231 69.0341 3.00722
      vertex 88.0913 69.2592 0.0216684
      vertex 88.0913 69.2592 3.00722
    endloop
  endfacet
  facet normal 0.957039 -0.28996 0
    outer loop
      vertex 88.0913 69.2592 0.0216684
      vertex 88.0231 69.0341 3.00722
      vertex 88.0231 69.0341 0.0216684
    endloop
  endfacet
  facet normal 0.881941 -0.47136 0
    outer loop
      vertex 88.0913 69.2592 3.00722
      vertex 88.2022 69.4667 0.0216684
      vertex 88.2022 69.4667 3.00722
    endloop
  endfacet
  facet normal 0.881941 -0.47136 0
    outer loop
      vertex 88.2022 69.4667 0.0216684
      vertex 88.0913 69.2592 3.00722
      vertex 88.0913 69.2592 0.0216684
    endloop
  endfacet
  facet normal 0.634649 -0.772801 0
    outer loop
      vertex 88.3515 69.6485 0.0216684
      vertex 88.5333 69.7978 3.00722
      vertex 88.3515 69.6485 3.00722
    endloop
  endfacet
  facet normal 0.634649 -0.772801 0
    outer loop
      vertex 88.5333 69.7978 3.00722
      vertex 88.3515 69.6485 0.0216684
      vertex 88.5333 69.7978 0.0216684
    endloop
  endfacet
  facet normal 0.28996 -0.957039 0
    outer loop
      vertex 88.7408 69.9087 0.0216684
      vertex 88.9659 69.9769 3.00722
      vertex 88.7408 69.9087 3.00722
    endloop
  endfacet
  facet normal 0.28996 -0.957039 0
    outer loop
      vertex 88.9659 69.9769 3.00722
      vertex 88.7408 69.9087 0.0216684
      vertex 88.9659 69.9769 0.0216684
    endloop
  endfacet
  facet normal 0.0981989 -0.995167 0
    outer loop
      vertex 88.9659 69.9769 0.0216684
      vertex 89.2 70 3.00722
      vertex 88.9659 69.9769 3.00722
    endloop
  endfacet
  facet normal 0.0981989 -0.995167 0
    outer loop
      vertex 89.2 70 3.00722
      vertex 88.9659 69.9769 0.0216684
      vertex 89.2 70 0.0216684
    endloop
  endfacet
  facet normal 0.47136 -0.881941 0
    outer loop
      vertex 88.5333 69.7978 0.0216684
      vertex 88.7408 69.9087 3.00722
      vertex 88.5333 69.7978 3.00722
    endloop
  endfacet
  facet normal 0.47136 -0.881941 0
    outer loop
      vertex 88.7408 69.9087 3.00722
      vertex 88.5333 69.7978 0.0216684
      vertex 88.7408 69.9087 0.0216684
    endloop
  endfacet
  facet normal -0.995167 -0.0981989 0
    outer loop
      vertex 90.5 68.8 0.0216684
      vertex 90.4769 69.0341 3.00722
      vertex 90.4769 69.0341 0.0216684
    endloop
  endfacet
  facet normal -0.995167 -0.0981989 0
    outer loop
      vertex 90.4769 69.0341 3.00722
      vertex 90.5 68.8 0.0216684
      vertex 90.5 68.8 3.00722
    endloop
  endfacet
  facet normal 0.47136 0.881941 -0
    outer loop
      vertex 88.7408 30.0913 0.0216684
      vertex 88.5333 30.2022 3.00722
      vertex 88.7408 30.0913 3.00722
    endloop
  endfacet
  facet normal 0.47136 0.881941 0
    outer loop
      vertex 88.5333 30.2022 3.00722
      vertex 88.7408 30.0913 0.0216684
      vertex 88.5333 30.2022 0.0216684
    endloop
  endfacet
  facet normal -0.772801 0.634649 0
    outer loop
      vertex 90.1485 30.3515 0.0216684
      vertex 90.2978 30.5333 3.00722
      vertex 90.2978 30.5333 0.0216684
    endloop
  endfacet
  facet normal -0.772801 0.634649 0
    outer loop
      vertex 90.2978 30.5333 3.00722
      vertex 90.1485 30.3515 0.0216684
      vertex 90.1485 30.3515 3.00722
    endloop
  endfacet
  facet normal -0.28996 0.957039 0
    outer loop
      vertex 89.7592 30.0913 0.0216684
      vertex 89.5341 30.0231 3.00722
      vertex 89.7592 30.0913 3.00722
    endloop
  endfacet
  facet normal -0.28996 0.957039 0
    outer loop
      vertex 89.5341 30.0231 3.00722
      vertex 89.7592 30.0913 0.0216684
      vertex 89.5341 30.0231 0.0216684
    endloop
  endfacet
  facet normal -0.957039 0.28996 0
    outer loop
      vertex 90.4087 30.7408 0.0216684
      vertex 90.4769 30.9659 3.00722
      vertex 90.4769 30.9659 0.0216684
    endloop
  endfacet
  facet normal -0.957039 0.28996 0
    outer loop
      vertex 90.4769 30.9659 3.00722
      vertex 90.4087 30.7408 0.0216684
      vertex 90.4087 30.7408 3.00722
    endloop
  endfacet
  facet normal -0.995167 0.0981989 0
    outer loop
      vertex 90.4769 30.9659 0.0216684
      vertex 90.5 31.2 3.00722
      vertex 90.5 31.2 0.0216684
    endloop
  endfacet
  facet normal -0.995167 0.0981989 0
    outer loop
      vertex 90.5 31.2 3.00722
      vertex 90.4769 30.9659 0.0216684
      vertex 90.4769 30.9659 3.00722
    endloop
  endfacet
  facet normal -0.47136 -0.881941 0
    outer loop
      vertex 89.7592 69.9087 0.0216684
      vertex 89.9667 69.7978 3.00722
      vertex 89.7592 69.9087 3.00722
    endloop
  endfacet
  facet normal -0.47136 -0.881941 -0
    outer loop
      vertex 89.9667 69.7978 3.00722
      vertex 89.7592 69.9087 0.0216684
      vertex 89.9667 69.7978 0.0216684
    endloop
  endfacet
  facet normal -0.28996 -0.957039 0
    outer loop
      vertex 89.5341 69.9769 0.0216684
      vertex 89.7592 69.9087 3.00722
      vertex 89.5341 69.9769 3.00722
    endloop
  endfacet
  facet normal -0.28996 -0.957039 -0
    outer loop
      vertex 89.7592 69.9087 3.00722
      vertex 89.5341 69.9769 0.0216684
      vertex 89.7592 69.9087 0.0216684
    endloop
  endfacet
  facet normal -0.957039 -0.28996 0
    outer loop
      vertex 90.4769 69.0341 0.0216684
      vertex 90.4087 69.2592 3.00722
      vertex 90.4087 69.2592 0.0216684
    endloop
  endfacet
  facet normal -0.957039 -0.28996 0
    outer loop
      vertex 90.4087 69.2592 3.00722
      vertex 90.4769 69.0341 0.0216684
      vertex 90.4769 69.0341 3.00722
    endloop
  endfacet
  facet normal 0.957039 0.28996 0
    outer loop
      vertex 88.0913 30.7408 3.00722
      vertex 88.0231 30.9659 0.0216684
      vertex 88.0231 30.9659 3.00722
    endloop
  endfacet
  facet normal 0.957039 0.28996 0
    outer loop
      vertex 88.0231 30.9659 0.0216684
      vertex 88.0913 30.7408 3.00722
      vertex 88.0913 30.7408 0.0216684
    endloop
  endfacet
  facet normal 0.881941 0.47136 0
    outer loop
      vertex 88.2022 30.5333 3.00722
      vertex 88.0913 30.7408 0.0216684
      vertex 88.0913 30.7408 3.00722
    endloop
  endfacet
  facet normal 0.881941 0.47136 0
    outer loop
      vertex 88.0913 30.7408 0.0216684
      vertex 88.2022 30.5333 3.00722
      vertex 88.2022 30.5333 0.0216684
    endloop
  endfacet
  facet normal 0 1 -0
    outer loop
      vertex 89.3 30 0.0216684
      vertex 89.2 30 3.00722
      vertex 89.3 30 3.00722
    endloop
  endfacet
  facet normal 0 1 0
    outer loop
      vertex 89.2 30 3.00722
      vertex 89.3 30 0.0216684
      vertex 89.2 30 0.0216684
    endloop
  endfacet
  facet normal 0.28996 0.957039 -0
    outer loop
      vertex 88.9659 30.0231 0.0216684
      vertex 88.7408 30.0913 3.00722
      vertex 88.9659 30.0231 3.00722
    endloop
  endfacet
  facet normal 0.28996 0.957039 0
    outer loop
      vertex 88.7408 30.0913 3.00722
      vertex 88.9659 30.0231 0.0216684
      vertex 88.7408 30.0913 0.0216684
    endloop
  endfacet
  facet normal 0.0981989 0.995167 -0
    outer loop
      vertex 89.2 30 0.0216684
      vertex 88.9659 30.0231 3.00722
      vertex 89.2 30 3.00722
    endloop
  endfacet
  facet normal 0.0981989 0.995167 0
    outer loop
      vertex 88.9659 30.0231 3.00722
      vertex 89.2 30 0.0216684
      vertex 88.9659 30.0231 0.0216684
    endloop
  endfacet
  facet normal -0.47136 0.881941 0
    outer loop
      vertex 89.9667 30.2022 0.0216684
      vertex 89.7592 30.0913 3.00722
      vertex 89.9667 30.2022 3.00722
    endloop
  endfacet
  facet normal -0.47136 0.881941 0
    outer loop
      vertex 89.7592 30.0913 3.00722
      vertex 89.9667 30.2022 0.0216684
      vertex 89.7592 30.0913 0.0216684
    endloop
  endfacet
  facet normal -0.634649 0.772801 0
    outer loop
      vertex 90.1485 30.3515 0.0216684
      vertex 89.9667 30.2022 3.00722
      vertex 90.1485 30.3515 3.00722
    endloop
  endfacet
  facet normal -0.634649 0.772801 0
    outer loop
      vertex 89.9667 30.2022 3.00722
      vertex 90.1485 30.3515 0.0216684
      vertex 89.9667 30.2022 0.0216684
    endloop
  endfacet
  facet normal -0.634649 -0.772801 0
    outer loop
      vertex 89.9667 69.7978 0.0216684
      vertex 90.1485 69.6485 3.00722
      vertex 89.9667 69.7978 3.00722
    endloop
  endfacet
  facet normal -0.634649 -0.772801 -0
    outer loop
      vertex 90.1485 69.6485 3.00722
      vertex 89.9667 69.7978 0.0216684
      vertex 90.1485 69.6485 0.0216684
    endloop
  endfacet
  facet normal -0.772801 -0.634649 0
    outer loop
      vertex 90.2978 69.4667 0.0216684
      vertex 90.1485 69.6485 3.00722
      vertex 90.1485 69.6485 0.0216684
    endloop
  endfacet
  facet normal -0.772801 -0.634649 0
    outer loop
      vertex 90.1485 69.6485 3.00722
      vertex 90.2978 69.4667 0.0216684
      vertex 90.2978 69.4667 3.00722
    endloop
  endfacet
  facet normal -0.881941 -0.47136 0
    outer loop
      vertex 90.4087 69.2592 0.0216684
      vertex 90.2978 69.4667 3.00722
      vertex 90.2978 69.4667 0.0216684
    endloop
  endfacet
  facet normal -0.881941 -0.47136 0
    outer loop
      vertex 90.2978 69.4667 3.00722
      vertex 90.4087 69.2592 0.0216684
      vertex 90.4087 69.2592 3.00722
    endloop
  endfacet
  facet normal 0.772801 0.634649 0
    outer loop
      vertex 88.3515 30.3515 3.00722
      vertex 88.2022 30.5333 0.0216684
      vertex 88.2022 30.5333 3.00722
    endloop
  endfacet
  facet normal 0.772801 0.634649 0
    outer loop
      vertex 88.2022 30.5333 0.0216684
      vertex 88.3515 30.3515 3.00722
      vertex 88.3515 30.3515 0.0216684
    endloop
  endfacet
  facet normal -0.0981989 0.995167 0
    outer loop
      vertex 89.5341 30.0231 0.0216684
      vertex 89.3 30 3.00722
      vertex 89.5341 30.0231 3.00722
    endloop
  endfacet
  facet normal -0.0981989 0.995167 0
    outer loop
      vertex 89.3 30 3.00722
      vertex 89.5341 30.0231 0.0216684
      vertex 89.3 30 0.0216684
    endloop
  endfacet
  facet normal 0 -1 0
    outer loop
      vertex 89.2 70 0.0216684
      vertex 89.3 70 3.00722
      vertex 89.2 70 3.00722
    endloop
  endfacet
  facet normal 0 -1 -0
    outer loop
      vertex 89.3 70 3.00722
      vertex 89.2 70 0.0216684
      vertex 89.3 70 0.0216684
    endloop
  endfacet
  facet normal -0.0981989 -0.995167 0
    outer loop
      vertex 89.3 70 0.0216684
      vertex 89.5341 69.9769 3.00722
      vertex 89.3 70 3.00722
    endloop
  endfacet
  facet normal -0.0981989 -0.995167 -0
    outer loop
      vertex 89.5341 69.9769 3.00722
      vertex 89.3 70 0.0216684
      vertex 89.5341 69.9769 0.0216684
    endloop
  endfacet
  facet normal 1 -0 0
    outer loop
      vertex 96 31.2 3.00722
      vertex 96 68.8 0.0216684
      vertex 96 68.8 3.00722
    endloop
  endfacet
  facet normal 1 0 0
    outer loop
      vertex 96 68.8 0.0216684
      vertex 96 31.2 3.00722
      vertex 96 31.2 0.0216684
    endloop
  endfacet
  facet normal -1 0 0
    outer loop
      vertex 98.5 31.2 0.0216684
      vertex 98.5 68.8 3.00722
      vertex 98.5 68.8 0.0216684
    endloop
  endfacet
  facet normal -1 -0 0
    outer loop
      vertex 98.5 68.8 3.00722
      vertex 98.5 31.2 0.0216684
      vertex 98.5 31.2 3.00722
    endloop
  endfacet
  facet normal 0.995167 -0.0981989 0
    outer loop
      vertex 96 68.8 3.00722
      vertex 96.0231 69.0341 0.0216684
      vertex 96.0231 69.0341 3.00722
    endloop
  endfacet
  facet normal 0.995167 -0.0981989 0
    outer loop
      vertex 96.0231 69.0341 0.0216684
      vertex 96 68.8 3.00722
      vertex 96 68.8 0.0216684
    endloop
  endfacet
  facet normal -0.881941 0.47136 0
    outer loop
      vertex 98.2978 30.5333 0.0216684
      vertex 98.4087 30.7408 3.00722
      vertex 98.4087 30.7408 0.0216684
    endloop
  endfacet
  facet normal -0.881941 0.47136 0
    outer loop
      vertex 98.4087 30.7408 3.00722
      vertex 98.2978 30.5333 0.0216684
      vertex 98.2978 30.5333 3.00722
    endloop
  endfacet
  facet normal 0.634649 0.772801 -0
    outer loop
      vertex 96.5333 30.2022 0.0216684
      vertex 96.3515 30.3515 3.00722
      vertex 96.5333 30.2022 3.00722
    endloop
  endfacet
  facet normal 0.634649 0.772801 0
    outer loop
      vertex 96.3515 30.3515 3.00722
      vertex 96.5333 30.2022 0.0216684
      vertex 96.3515 30.3515 0.0216684
    endloop
  endfacet
  facet normal 0.772801 -0.634649 0
    outer loop
      vertex 96.2022 69.4667 3.00722
      vertex 96.3515 69.6485 0.0216684
      vertex 96.3515 69.6485 3.00722
    endloop
  endfacet
  facet normal 0.772801 -0.634649 0
    outer loop
      vertex 96.3515 69.6485 0.0216684
      vertex 96.2022 69.4667 3.00722
      vertex 96.2022 69.4667 0.0216684
    endloop
  endfacet
  facet normal 0.995167 0.0981989 0
    outer loop
      vertex 96.0231 30.9659 3.00722
      vertex 96 31.2 0.0216684
      vertex 96 31.2 3.00722
    endloop
  endfacet
  facet normal 0.995167 0.0981989 0
    outer loop
      vertex 96 31.2 0.0216684
      vertex 96.0231 30.9659 3.00722
      vertex 96.0231 30.9659 0.0216684
    endloop
  endfacet
  facet normal 0.957039 -0.28996 0
    outer loop
      vertex 96.0231 69.0341 3.00722
      vertex 96.0913 69.2592 0.0216684
      vertex 96.0913 69.2592 3.00722
    endloop
  endfacet
  facet normal 0.957039 -0.28996 0
    outer loop
      vertex 96.0913 69.2592 0.0216684
      vertex 96.0231 69.0341 3.00722
      vertex 96.0231 69.0341 0.0216684
    endloop
  endfacet
  facet normal 0.881941 -0.47136 0
    outer loop
      vertex 96.0913 69.2592 3.00722
      vertex 96.2022 69.4667 0.0216684
      vertex 96.2022 69.4667 3.00722
    endloop
  endfacet
  facet normal 0.881941 -0.47136 0
    outer loop
      vertex 96.2022 69.4667 0.0216684
      vertex 96.0913 69.2592 3.00722
      vertex 96.0913 69.2592 0.0216684
    endloop
  endfacet
  facet normal 0.634649 -0.772801 0
    outer loop
      vertex 96.3515 69.6485 0.0216684
      vertex 96.5333 69.7978 3.00722
      vertex 96.3515 69.6485 3.00722
    endloop
  endfacet
  facet normal 0.634649 -0.772801 0
    outer loop
      vertex 96.5333 69.7978 3.00722
      vertex 96.3515 69.6485 0.0216684
      vertex 96.5333 69.7978 0.0216684
    endloop
  endfacet
  facet normal 0.28996 -0.957039 0
    outer loop
      vertex 96.7408 69.9087 0.0216684
      vertex 96.9659 69.9769 3.00722
      vertex 96.7408 69.9087 3.00722
    endloop
  endfacet
  facet normal 0.28996 -0.957039 0
    outer loop
      vertex 96.9659 69.9769 3.00722
      vertex 96.7408 69.9087 0.0216684
      vertex 96.9659 69.9769 0.0216684
    endloop
  endfacet
  facet normal 0.0981989 -0.995167 0
    outer loop
      vertex 96.9659 69.9769 0.0216684
      vertex 97.2 70 3.00722
      vertex 96.9659 69.9769 3.00722
    endloop
  endfacet
  facet normal 0.0981989 -0.995167 0
    outer loop
      vertex 97.2 70 3.00722
      vertex 96.9659 69.9769 0.0216684
      vertex 97.2 70 0.0216684
    endloop
  endfacet
  facet normal 0.47136 -0.881941 0
    outer loop
      vertex 96.5333 69.7978 0.0216684
      vertex 96.7408 69.9087 3.00722
      vertex 96.5333 69.7978 3.00722
    endloop
  endfacet
  facet normal 0.47136 -0.881941 0
    outer loop
      vertex 96.7408 69.9087 3.00722
      vertex 96.5333 69.7978 0.0216684
      vertex 96.7408 69.9087 0.0216684
    endloop
  endfacet
  facet normal -0.995167 -0.0981989 0
    outer loop
      vertex 98.5 68.8 0.0216684
      vertex 98.4769 69.0341 3.00722
      vertex 98.4769 69.0341 0.0216684
    endloop
  endfacet
  facet normal -0.995167 -0.0981989 0
    outer loop
      vertex 98.4769 69.0341 3.00722
      vertex 98.5 68.8 0.0216684
      vertex 98.5 68.8 3.00722
    endloop
  endfacet
  facet normal 0.47136 0.881941 -0
    outer loop
      vertex 96.7408 30.0913 0.0216684
      vertex 96.5333 30.2022 3.00722
      vertex 96.7408 30.0913 3.00722
    endloop
  endfacet
  facet normal 0.47136 0.881941 0
    outer loop
      vertex 96.5333 30.2022 3.00722
      vertex 96.7408 30.0913 0.0216684
      vertex 96.5333 30.2022 0.0216684
    endloop
  endfacet
  facet normal -0.772801 0.634649 0
    outer loop
      vertex 98.1485 30.3515 0.0216684
      vertex 98.2978 30.5333 3.00722
      vertex 98.2978 30.5333 0.0216684
    endloop
  endfacet
  facet normal -0.772801 0.634649 0
    outer loop
      vertex 98.2978 30.5333 3.00722
      vertex 98.1485 30.3515 0.0216684
      vertex 98.1485 30.3515 3.00722
    endloop
  endfacet
  facet normal -0.28996 0.957039 0
    outer loop
      vertex 97.7592 30.0913 0.0216684
      vertex 97.5341 30.0231 3.00722
      vertex 97.7592 30.0913 3.00722
    endloop
  endfacet
  facet normal -0.28996 0.957039 0
    outer loop
      vertex 97.5341 30.0231 3.00722
      vertex 97.7592 30.0913 0.0216684
      vertex 97.5341 30.0231 0.0216684
    endloop
  endfacet
  facet normal -0.957039 0.28996 0
    outer loop
      vertex 98.4087 30.7408 0.0216684
      vertex 98.4769 30.9659 3.00722
      vertex 98.4769 30.9659 0.0216684
    endloop
  endfacet
  facet normal -0.957039 0.28996 0
    outer loop
      vertex 98.4769 30.9659 3.00722
      vertex 98.4087 30.7408 0.0216684
      vertex 98.4087 30.7408 3.00722
    endloop
  endfacet
  facet normal -0.995167 0.0981989 0
    outer loop
      vertex 98.4769 30.9659 0.0216684
      vertex 98.5 31.2 3.00722
      vertex 98.5 31.2 0.0216684
    endloop
  endfacet
  facet normal -0.995167 0.0981989 0
    outer loop
      vertex 98.5 31.2 3.00722
      vertex 98.4769 30.9659 0.0216684
      vertex 98.4769 30.9659 3.00722
    endloop
  endfacet
  facet normal -0.47136 -0.881941 0
    outer loop
      vertex 97.7592 69.9087 0.0216684
      vertex 97.9667 69.7978 3.00722
      vertex 97.7592 69.9087 3.00722
    endloop
  endfacet
  facet normal -0.47136 -0.881941 -0
    outer loop
      vertex 97.9667 69.7978 3.00722
      vertex 97.7592 69.9087 0.0216684
      vertex 97.9667 69.7978 0.0216684
    endloop
  endfacet
  facet normal -0.28996 -0.957039 0
    outer loop
      vertex 97.5341 69.9769 0.0216684
      vertex 97.7592 69.9087 3.00722
      vertex 97.5341 69.9769 3.00722
    endloop
  endfacet
  facet normal -0.28996 -0.957039 -0
    outer loop
      vertex 97.7592 69.9087 3.00722
      vertex 97.5341 69.9769 0.0216684
      vertex 97.7592 69.9087 0.0216684
    endloop
  endfacet
  facet normal -0.957039 -0.28996 0
    outer loop
      vertex 98.4769 69.0341 0.0216684
      vertex 98.4087 69.2592 3.00722
      vertex 98.4087 69.2592 0.0216684
    endloop
  endfacet
  facet normal -0.957039 -0.28996 0
    outer loop
      vertex 98.4087 69.2592 3.00722
      vertex 98.4769 69.0341 0.0216684
      vertex 98.4769 69.0341 3.00722
    endloop
  endfacet
  facet normal 0.957039 0.28996 0
    outer loop
      vertex 96.0913 30.7408 3.00722
      vertex 96.0231 30.9659 0.0216684
      vertex 96.0231 30.9659 3.00722
    endloop
  endfacet
  facet normal 0.957039 0.28996 0
    outer loop
      vertex 96.0231 30.9659 0.0216684
      vertex 96.0913 30.7408 3.00722
      vertex 96.0913 30.7408 0.0216684
    endloop
  endfacet
  facet normal 0.881941 0.47136 0
    outer loop
      vertex 96.2022 30.5333 3.00722
      vertex 96.0913 30.7408 0.0216684
      vertex 96.0913 30.7408 3.00722
    endloop
  endfacet
  facet normal 0.881941 0.47136 0
    outer loop
      vertex 96.0913 30.7408 0.0216684
      vertex 96.2022 30.5333 3.00722
      vertex 96.2022 30.5333 0.0216684
    endloop
  endfacet
  facet normal 0 1 -0
    outer loop
      vertex 97.3 30 0.0216684
      vertex 97.2 30 3.00722
      vertex 97.3 30 3.00722
    endloop
  endfacet
  facet normal 0 1 0
    outer loop
      vertex 97.2 30 3.00722
      vertex 97.3 30 0.0216684
      vertex 97.2 30 0.0216684
    endloop
  endfacet
  facet normal 0.28996 0.957039 -0
    outer loop
      vertex 96.9659 30.0231 0.0216684
      vertex 96.7408 30.0913 3.00722
      vertex 96.9659 30.0231 3.00722
    endloop
  endfacet
  facet normal 0.28996 0.957039 0
    outer loop
      vertex 96.7408 30.0913 3.00722
      vertex 96.9659 30.0231 0.0216684
      vertex 96.7408 30.0913 0.0216684
    endloop
  endfacet
  facet normal 0.0981989 0.995167 -0
    outer loop
      vertex 97.2 30 0.0216684
      vertex 96.9659 30.0231 3.00722
      vertex 97.2 30 3.00722
    endloop
  endfacet
  facet normal 0.0981989 0.995167 0
    outer loop
      vertex 96.9659 30.0231 3.00722
      vertex 97.2 30 0.0216684
      vertex 96.9659 30.0231 0.0216684
    endloop
  endfacet
  facet normal -0.47136 0.881941 0
    outer loop
      vertex 97.9667 30.2022 0.0216684
      vertex 97.7592 30.0913 3.00722
      vertex 97.9667 30.2022 3.00722
    endloop
  endfacet
  facet normal -0.47136 0.881941 0
    outer loop
      vertex 97.7592 30.0913 3.00722
      vertex 97.9667 30.2022 0.0216684
      vertex 97.7592 30.0913 0.0216684
    endloop
  endfacet
  facet normal -0.634649 0.772801 0
    outer loop
      vertex 98.1485 30.3515 0.0216684
      vertex 97.9667 30.2022 3.00722
      vertex 98.1485 30.3515 3.00722
    endloop
  endfacet
  facet normal -0.634649 0.772801 0
    outer loop
      vertex 97.9667 30.2022 3.00722
      vertex 98.1485 30.3515 0.0216684
      vertex 97.9667 30.2022 0.0216684
    endloop
  endfacet
  facet normal -0.634649 -0.772801 0
    outer loop
      vertex 97.9667 69.7978 0.0216684
      vertex 98.1485 69.6485 3.00722
      vertex 97.9667 69.7978 3.00722
    endloop
  endfacet
  facet normal -0.634649 -0.772801 -0
    outer loop
      vertex 98.1485 69.6485 3.00722
      vertex 97.9667 69.7978 0.0216684
      vertex 98.1485 69.6485 0.0216684
    endloop
  endfacet
  facet normal -0.772801 -0.634649 0
    outer loop
      vertex 98.2978 69.4667 0.0216684
      vertex 98.1485 69.6485 3.00722
      vertex 98.1485 69.6485 0.0216684
    endloop
  endfacet
  facet normal -0.772801 -0.634649 0
    outer loop
      vertex 98.1485 69.6485 3.00722
      vertex 98.2978 69.4667 0.0216684
      vertex 98.2978 69.4667 3.00722
    endloop
  endfacet
  facet normal -0.881941 -0.47136 0
    outer loop
      vertex 98.4087 69.2592 0.0216684
      vertex 98.2978 69.4667 3.00722
      vertex 98.2978 69.4667 0.0216684
    endloop
  endfacet
  facet normal -0.881941 -0.47136 0
    outer loop
      vertex 98.2978 69.4667 3.00722
      vertex 98.4087 69.2592 0.0216684
      vertex 98.4087 69.2592 3.00722
    endloop
  endfacet
  facet normal 0.772801 0.634649 0
    outer loop
      vertex 96.3515 30.3515 3.00722
      vertex 96.2022 30.5333 0.0216684
      vertex 96.2022 30.5333 3.00722
    endloop
  endfacet
  facet normal 0.772801 0.634649 0
    outer loop
      vertex 96.2022 30.5333 0.0216684
      vertex 96.3515 30.3515 3.00722
      vertex 96.3515 30.3515 0.0216684
    endloop
  endfacet
  facet normal -0.0981989 0.995167 0
    outer loop
      vertex 97.5341 30.0231 0.0216684
      vertex 97.3 30 3.00722
      vertex 97.5341 30.0231 3.00722
    endloop
  endfacet
  facet normal -0.0981989 0.995167 0
    outer loop
      vertex 97.3 30 3.00722
      vertex 97.5341 30.0231 0.0216684
      vertex 97.3 30 0.0216684
    endloop
  endfacet
  facet normal 0 -1 0
    outer loop
      vertex 97.2 70 0.0216684
      vertex 97.3 70 3.00722
      vertex 97.2 70 3.00722
    endloop
  endfacet
  facet normal 0 -1 -0
    outer loop
      vertex 97.3 70 3.00722
      vertex 97.2 70 0.0216684
      vertex 97.3 70 0.0216684
    endloop
  endfacet
  facet normal -0.0981989 -0.995167 0
    outer loop
      vertex 97.3 70 0.0216684
      vertex 97.5341 69.9769 3.00722
      vertex 97.3 70 3.00722
    endloop
  endfacet
  facet normal -0.0981989 -0.995167 -0
    outer loop
      vertex 97.5341 69.9769 3.00722
      vertex 97.3 70 0.0216684
      vertex 97.5341 69.9769 0.0216684
    endloop
  endfacet
  facet normal 1 -0 0
    outer loop
      vertex 104 31.2 3.00722
      vertex 104 68.8 0.0216684
      vertex 104 68.8 3.00722
    endloop
  endfacet
  facet normal 1 0 0
    outer loop
      vertex 104 68.8 0.0216684
      vertex 104 31.2 3.00722
      vertex 104 31.2 0.0216684
    endloop
  endfacet
  facet normal -1 0 0
    outer loop
      vertex 106.5 31.2 0.0216684
      vertex 106.5 68.8 3.00722
      vertex 106.5 68.8 0.0216684
    endloop
  endfacet
  facet normal -1 -0 0
    outer loop
      vertex 106.5 68.8 3.00722
      vertex 106.5 31.2 0.0216684
      vertex 106.5 31.2 3.00722
    endloop
  endfacet
  facet normal 0.995208 -0.0977778 0
    outer loop
      vertex 104 68.8 3.00722
      vertex 104.023 69.0341 0.0216684
      vertex 104.023 69.0341 3.00722
    endloop
  endfacet
  facet normal 0.995208 -0.0977778 0
    outer loop
      vertex 104.023 69.0341 0.0216684
      vertex 104 68.8 3.00722
      vertex 104 68.8 0.0216684
    endloop
  endfacet
  facet normal -0.881764 0.471691 0
    outer loop
      vertex 106.298 30.5333 0.0216684
      vertex 106.409 30.7408 3.00722
      vertex 106.409 30.7408 0.0216684
    endloop
  endfacet
  facet normal -0.881764 0.471691 0
    outer loop
      vertex 106.409 30.7408 3.00722
      vertex 106.298 30.5333 0.0216684
      vertex 106.298 30.5333 3.00722
    endloop
  endfacet
  facet normal 0.634232 0.773143 -0
    outer loop
      vertex 104.533 30.2022 0.0216684
      vertex 104.351 30.3515 3.00722
      vertex 104.533 30.2022 3.00722
    endloop
  endfacet
  facet normal 0.634232 0.773143 0
    outer loop
      vertex 104.351 30.3515 3.00722
      vertex 104.533 30.2022 0.0216684
      vertex 104.351 30.3515 0.0216684
    endloop
  endfacet
  facet normal 0.773426 -0.633886 0
    outer loop
      vertex 104.202 69.4667 3.00722
      vertex 104.351 69.6485 0.0216684
      vertex 104.351 69.6485 3.00722
    endloop
  endfacet
  facet normal 0.773426 -0.633886 0
    outer loop
      vertex 104.351 69.6485 0.0216684
      vertex 104.202 69.4667 3.00722
      vertex 104.202 69.4667 0.0216684
    endloop
  endfacet
  facet normal 0.995208 0.0977778 0
    outer loop
      vertex 104.023 30.9659 3.00722
      vertex 104 31.2 0.0216684
      vertex 104 31.2 3.00722
    endloop
  endfacet
  facet normal 0.995208 0.0977778 0
    outer loop
      vertex 104 31.2 0.0216684
      vertex 104.023 30.9659 3.00722
      vertex 104.023 30.9659 0.0216684
    endloop
  endfacet
  facet normal 0.957274 -0.289181 0
    outer loop
      vertex 104.023 69.0341 3.00722
      vertex 104.091 69.2592 0.0216684
      vertex 104.091 69.2592 3.00722
    endloop
  endfacet
  facet normal 0.957274 -0.289181 0
    outer loop
      vertex 104.091 69.2592 0.0216684
      vertex 104.023 69.0341 3.00722
      vertex 104.023 69.0341 0.0216684
    endloop
  endfacet
  facet normal 0.881764 -0.471691 0
    outer loop
      vertex 104.091 69.2592 3.00722
      vertex 104.202 69.4667 0.0216684
      vertex 104.202 69.4667 3.00722
    endloop
  endfacet
  facet normal 0.881764 -0.471691 0
    outer loop
      vertex 104.202 69.4667 0.0216684
      vertex 104.091 69.2592 3.00722
      vertex 104.091 69.2592 0.0216684
    endloop
  endfacet
  facet normal 0.634232 -0.773143 0
    outer loop
      vertex 104.351 69.6485 0.0216684
      vertex 104.533 69.7978 3.00722
      vertex 104.351 69.6485 3.00722
    endloop
  endfacet
  facet normal 0.634232 -0.773143 0
    outer loop
      vertex 104.533 69.7978 3.00722
      vertex 104.351 69.6485 0.0216684
      vertex 104.533 69.7978 0.0216684
    endloop
  endfacet
  facet normal 0.290078 -0.957003 0
    outer loop
      vertex 104.741 69.9087 0.0216684
      vertex 104.966 69.9769 3.00722
      vertex 104.741 69.9087 3.00722
    endloop
  endfacet
  facet normal 0.290078 -0.957003 0
    outer loop
      vertex 104.966 69.9769 3.00722
      vertex 104.741 69.9087 0.0216684
      vertex 104.966 69.9769 0.0216684
    endloop
  endfacet
  facet normal 0.0982404 -0.995163 0
    outer loop
      vertex 104.966 69.9769 0.0216684
      vertex 105.2 70 3.00722
      vertex 104.966 69.9769 3.00722
    endloop
  endfacet
  facet normal 0.0982404 -0.995163 0
    outer loop
      vertex 105.2 70 3.00722
      vertex 104.966 69.9769 0.0216684
      vertex 105.2 70 0.0216684
    endloop
  endfacet
  facet normal 0.470478 -0.882412 0
    outer loop
      vertex 104.533 69.7978 0.0216684
      vertex 104.741 69.9087 3.00722
      vertex 104.533 69.7978 3.00722
    endloop
  endfacet
  facet normal 0.470478 -0.882412 0
    outer loop
      vertex 104.741 69.9087 3.00722
      vertex 104.533 69.7978 0.0216684
      vertex 104.741 69.9087 0.0216684
    endloop
  endfacet
  facet normal -0.995208 -0.0977778 0
    outer loop
      vertex 106.5 68.8 0.0216684
      vertex 106.477 69.0341 3.00722
      vertex 106.477 69.0341 0.0216684
    endloop
  endfacet
  facet normal -0.995208 -0.0977778 0
    outer loop
      vertex 106.477 69.0341 3.00722
      vertex 106.5 68.8 0.0216684
      vertex 106.5 68.8 3.00722
    endloop
  endfacet
  facet normal 0.470478 0.882412 -0
    outer loop
      vertex 104.741 30.0913 0.0216684
      vertex 104.533 30.2022 3.00722
      vertex 104.741 30.0913 3.00722
    endloop
  endfacet
  facet normal 0.470478 0.882412 0
    outer loop
      vertex 104.533 30.2022 3.00722
      vertex 104.741 30.0913 0.0216684
      vertex 104.533 30.2022 0.0216684
    endloop
  endfacet
  facet normal -0.773426 0.633886 0
    outer loop
      vertex 106.149 30.3515 0.0216684
      vertex 106.298 30.5333 3.00722
      vertex 106.298 30.5333 0.0216684
    endloop
  endfacet
  facet normal -0.773426 0.633886 0
    outer loop
      vertex 106.298 30.5333 3.00722
      vertex 106.149 30.3515 0.0216684
      vertex 106.149 30.3515 3.00722
    endloop
  endfacet
  facet normal -0.290078 0.957003 0
    outer loop
      vertex 105.759 30.0913 0.0216684
      vertex 105.534 30.0231 3.00722
      vertex 105.759 30.0913 3.00722
    endloop
  endfacet
  facet normal -0.290078 0.957003 0
    outer loop
      vertex 105.534 30.0231 3.00722
      vertex 105.759 30.0913 0.0216684
      vertex 105.534 30.0231 0.0216684
    endloop
  endfacet
  facet normal -0.957274 0.289181 0
    outer loop
      vertex 106.409 30.7408 0.0216684
      vertex 106.477 30.9659 3.00722
      vertex 106.477 30.9659 0.0216684
    endloop
  endfacet
  facet normal -0.957274 0.289181 0
    outer loop
      vertex 106.477 30.9659 3.00722
      vertex 106.409 30.7408 0.0216684
      vertex 106.409 30.7408 3.00722
    endloop
  endfacet
  facet normal -0.470478 -0.882412 0
    outer loop
      vertex 105.759 69.9087 0.0216684
      vertex 105.967 69.7978 3.00722
      vertex 105.759 69.9087 3.00722
    endloop
  endfacet
  facet normal -0.470478 -0.882412 -0
    outer loop
      vertex 105.967 69.7978 3.00722
      vertex 105.759 69.9087 0.0216684
      vertex 105.967 69.7978 0.0216684
    endloop
  endfacet
  facet normal -0.290078 -0.957003 0
    outer loop
      vertex 105.534 69.9769 0.0216684
      vertex 105.759 69.9087 3.00722
      vertex 105.534 69.9769 3.00722
    endloop
  endfacet
  facet normal -0.290078 -0.957003 -0
    outer loop
      vertex 105.759 69.9087 3.00722
      vertex 105.534 69.9769 0.0216684
      vertex 105.759 69.9087 0.0216684
    endloop
  endfacet
  facet normal -0.957274 -0.289181 0
    outer loop
      vertex 106.477 69.0341 0.0216684
      vertex 106.409 69.2592 3.00722
      vertex 106.409 69.2592 0.0216684
    endloop
  endfacet
  facet normal -0.957274 -0.289181 0
    outer loop
      vertex 106.409 69.2592 3.00722
      vertex 106.477 69.0341 0.0216684
      vertex 106.477 69.0341 3.00722
    endloop
  endfacet
  facet normal 0.957274 0.289181 0
    outer loop
      vertex 104.091 30.7408 3.00722
      vertex 104.023 30.9659 0.0216684
      vertex 104.023 30.9659 3.00722
    endloop
  endfacet
  facet normal 0.957274 0.289181 0
    outer loop
      vertex 104.023 30.9659 0.0216684
      vertex 104.091 30.7408 3.00722
      vertex 104.091 30.7408 0.0216684
    endloop
  endfacet
  facet normal 0.881764 0.471691 0
    outer loop
      vertex 104.202 30.5333 3.00722
      vertex 104.091 30.7408 0.0216684
      vertex 104.091 30.7408 3.00722
    endloop
  endfacet
  facet normal 0.881764 0.471691 0
    outer loop
      vertex 104.091 30.7408 0.0216684
      vertex 104.202 30.5333 3.00722
      vertex 104.202 30.5333 0.0216684
    endloop
  endfacet
  facet normal 0 1 -0
    outer loop
      vertex 105.3 30 0.0216684
      vertex 105.2 30 3.00722
      vertex 105.3 30 3.00722
    endloop
  endfacet
  facet normal 0 1 0
    outer loop
      vertex 105.2 30 3.00722
      vertex 105.3 30 0.0216684
      vertex 105.2 30 0.0216684
    endloop
  endfacet
  facet normal 0.290078 0.957003 -0
    outer loop
      vertex 104.966 30.0231 0.0216684
      vertex 104.741 30.0913 3.00722
      vertex 104.966 30.0231 3.00722
    endloop
  endfacet
  facet normal 0.290078 0.957003 0
    outer loop
      vertex 104.741 30.0913 3.00722
      vertex 104.966 30.0231 0.0216684
      vertex 104.741 30.0913 0.0216684
    endloop
  endfacet
  facet normal 0.0982404 0.995163 -0
    outer loop
      vertex 105.2 30 0.0216684
      vertex 104.966 30.0231 3.00722
      vertex 105.2 30 3.00722
    endloop
  endfacet
  facet normal 0.0982404 0.995163 0
    outer loop
      vertex 104.966 30.0231 3.00722
      vertex 105.2 30 0.0216684
      vertex 104.966 30.0231 0.0216684
    endloop
  endfacet
  facet normal -0.470478 0.882412 0
    outer loop
      vertex 105.967 30.2022 0.0216684
      vertex 105.759 30.0913 3.00722
      vertex 105.967 30.2022 3.00722
    endloop
  endfacet
  facet normal -0.470478 0.882412 0
    outer loop
      vertex 105.759 30.0913 3.00722
      vertex 105.967 30.2022 0.0216684
      vertex 105.759 30.0913 0.0216684
    endloop
  endfacet
  facet normal -0.634232 0.773143 0
    outer loop
      vertex 106.149 30.3515 0.0216684
      vertex 105.967 30.2022 3.00722
      vertex 106.149 30.3515 3.00722
    endloop
  endfacet
  facet normal -0.634232 0.773143 0
    outer loop
      vertex 105.967 30.2022 3.00722
      vertex 106.149 30.3515 0.0216684
      vertex 105.967 30.2022 0.0216684
    endloop
  endfacet
  facet normal -0.995208 0.0977778 0
    outer loop
      vertex 106.477 30.9659 0.0216684
      vertex 106.5 31.2 3.00722
      vertex 106.5 31.2 0.0216684
    endloop
  endfacet
  facet normal -0.995208 0.0977778 0
    outer loop
      vertex 106.5 31.2 3.00722
      vertex 106.477 30.9659 0.0216684
      vertex 106.477 30.9659 3.00722
    endloop
  endfacet
  facet normal -0.634232 -0.773143 0
    outer loop
      vertex 105.967 69.7978 0.0216684
      vertex 106.149 69.6485 3.00722
      vertex 105.967 69.7978 3.00722
    endloop
  endfacet
  facet normal -0.634232 -0.773143 -0
    outer loop
      vertex 106.149 69.6485 3.00722
      vertex 105.967 69.7978 0.0216684
      vertex 106.149 69.6485 0.0216684
    endloop
  endfacet
  facet normal -0.773426 -0.633886 0
    outer loop
      vertex 106.298 69.4667 0.0216684
      vertex 106.149 69.6485 3.00722
      vertex 106.149 69.6485 0.0216684
    endloop
  endfacet
  facet normal -0.773426 -0.633886 0
    outer loop
      vertex 106.149 69.6485 3.00722
      vertex 106.298 69.4667 0.0216684
      vertex 106.298 69.4667 3.00722
    endloop
  endfacet
  facet normal -0.881764 -0.471691 0
    outer loop
      vertex 106.409 69.2592 0.0216684
      vertex 106.298 69.4667 3.00722
      vertex 106.298 69.4667 0.0216684
    endloop
  endfacet
  facet normal -0.881764 -0.471691 0
    outer loop
      vertex 106.298 69.4667 3.00722
      vertex 106.409 69.2592 0.0216684
      vertex 106.409 69.2592 3.00722
    endloop
  endfacet
  facet normal 0.773426 0.633886 0
    outer loop
      vertex 104.351 30.3515 3.00722
      vertex 104.202 30.5333 0.0216684
      vertex 104.202 30.5333 3.00722
    endloop
  endfacet
  facet normal 0.773426 0.633886 0
    outer loop
      vertex 104.202 30.5333 0.0216684
      vertex 104.351 30.3515 3.00722
      vertex 104.351 30.3515 0.0216684
    endloop
  endfacet
  facet normal -0.0982404 0.995163 0
    outer loop
      vertex 105.534 30.0231 0.0216684
      vertex 105.3 30 3.00722
      vertex 105.534 30.0231 3.00722
    endloop
  endfacet
  facet normal -0.0982404 0.995163 0
    outer loop
      vertex 105.3 30 3.00722
      vertex 105.534 30.0231 0.0216684
      vertex 105.3 30 0.0216684
    endloop
  endfacet
  facet normal 0 -1 0
    outer loop
      vertex 105.2 70 0.0216684
      vertex 105.3 70 3.00722
      vertex 105.2 70 3.00722
    endloop
  endfacet
  facet normal 0 -1 -0
    outer loop
      vertex 105.3 70 3.00722
      vertex 105.2 70 0.0216684
      vertex 105.3 70 0.0216684
    endloop
  endfacet
  facet normal -0.0982404 -0.995163 0
    outer loop
      vertex 105.3 70 0.0216684
      vertex 105.534 69.9769 3.00722
      vertex 105.3 70 3.00722
    endloop
  endfacet
  facet normal -0.0982404 -0.995163 -0
    outer loop
      vertex 105.534 69.9769 3.00722
      vertex 105.3 70 0.0216684
      vertex 105.534 69.9769 0.0216684
    endloop
  endfacet
  facet normal 1 -0 0
    outer loop
      vertex 112 31.2 3.00722
      vertex 112 68.8 0.0216684
      vertex 112 68.8 3.00722
    endloop
  endfacet
  facet normal 1 0 0
    outer loop
      vertex 112 68.8 0.0216684
      vertex 112 31.2 3.00722
      vertex 112 31.2 0.0216684
    endloop
  endfacet
  facet normal -1 0 0
    outer loop
      vertex 114.5 31.2 0.0216684
      vertex 114.5 68.8 3.00722
      vertex 114.5 68.8 0.0216684
    endloop
  endfacet
  facet normal -1 -0 0
    outer loop
      vertex 114.5 68.8 3.00722
      vertex 114.5 31.2 0.0216684
      vertex 114.5 31.2 3.00722
    endloop
  endfacet
  facet normal 0.995208 -0.0977778 0
    outer loop
      vertex 112 68.8 3.00722
      vertex 112.023 69.0341 0.0216684
      vertex 112.023 69.0341 3.00722
    endloop
  endfacet
  facet normal 0.995208 -0.0977778 0
    outer loop
      vertex 112.023 69.0341 0.0216684
      vertex 112 68.8 3.00722
      vertex 112 68.8 0.0216684
    endloop
  endfacet
  facet normal -0.881764 0.471691 0
    outer loop
      vertex 114.298 30.5333 0.0216684
      vertex 114.409 30.7408 3.00722
      vertex 114.409 30.7408 0.0216684
    endloop
  endfacet
  facet normal -0.881764 0.471691 0
    outer loop
      vertex 114.409 30.7408 3.00722
      vertex 114.298 30.5333 0.0216684
      vertex 114.298 30.5333 3.00722
    endloop
  endfacet
  facet normal 0.634232 0.773143 -0
    outer loop
      vertex 112.533 30.2022 0.0216684
      vertex 112.351 30.3515 3.00722
      vertex 112.533 30.2022 3.00722
    endloop
  endfacet
  facet normal 0.634232 0.773143 0
    outer loop
      vertex 112.351 30.3515 3.00722
      vertex 112.533 30.2022 0.0216684
      vertex 112.351 30.3515 0.0216684
    endloop
  endfacet
  facet normal 0.773426 -0.633886 0
    outer loop
      vertex 112.202 69.4667 3.00722
      vertex 112.351 69.6485 0.0216684
      vertex 112.351 69.6485 3.00722
    endloop
  endfacet
  facet normal 0.773426 -0.633886 0
    outer loop
      vertex 112.351 69.6485 0.0216684
      vertex 112.202 69.4667 3.00722
      vertex 112.202 69.4667 0.0216684
    endloop
  endfacet
  facet normal 0.995208 0.0977778 0
    outer loop
      vertex 112.023 30.9659 3.00722
      vertex 112 31.2 0.0216684
      vertex 112 31.2 3.00722
    endloop
  endfacet
  facet normal 0.995208 0.0977778 0
    outer loop
      vertex 112 31.2 0.0216684
      vertex 112.023 30.9659 3.00722
      vertex 112.023 30.9659 0.0216684
    endloop
  endfacet
  facet normal 0.957274 -0.289181 0
    outer loop
      vertex 112.023 69.0341 3.00722
      vertex 112.091 69.2592 0.0216684
      vertex 112.091 69.2592 3.00722
    endloop
  endfacet
  facet normal 0.957274 -0.289181 0
    outer loop
      vertex 112.091 69.2592 0.0216684
      vertex 112.023 69.0341 3.00722
      vertex 112.023 69.0341 0.0216684
    endloop
  endfacet
  facet normal 0.881764 -0.471691 0
    outer loop
      vertex 112.091 69.2592 3.00722
      vertex 112.202 69.4667 0.0216684
      vertex 112.202 69.4667 3.00722
    endloop
  endfacet
  facet normal 0.881764 -0.471691 0
    outer loop
      vertex 112.202 69.4667 0.0216684
      vertex 112.091 69.2592 3.00722
      vertex 112.091 69.2592 0.0216684
    endloop
  endfacet
  facet normal 0.634232 -0.773143 0
    outer loop
      vertex 112.351 69.6485 0.0216684
      vertex 112.533 69.7978 3.00722
      vertex 112.351 69.6485 3.00722
    endloop
  endfacet
  facet normal 0.634232 -0.773143 0
    outer loop
      vertex 112.533 69.7978 3.00722
      vertex 112.351 69.6485 0.0216684
      vertex 112.533 69.7978 0.0216684
    endloop
  endfacet
  facet normal 0.290078 -0.957003 0
    outer loop
      vertex 112.741 69.9087 0.0216684
      vertex 112.966 69.9769 3.00722
      vertex 112.741 69.9087 3.00722
    endloop
  endfacet
  facet normal 0.290078 -0.957003 0
    outer loop
      vertex 112.966 69.9769 3.00722
      vertex 112.741 69.9087 0.0216684
      vertex 112.966 69.9769 0.0216684
    endloop
  endfacet
  facet normal 0.0982404 -0.995163 0
    outer loop
      vertex 112.966 69.9769 0.0216684
      vertex 113.2 70 3.00722
      vertex 112.966 69.9769 3.00722
    endloop
  endfacet
  facet normal 0.0982404 -0.995163 0
    outer loop
      vertex 113.2 70 3.00722
      vertex 112.966 69.9769 0.0216684
      vertex 113.2 70 0.0216684
    endloop
  endfacet
  facet normal 0.470478 -0.882412 0
    outer loop
      vertex 112.533 69.7978 0.0216684
      vertex 112.741 69.9087 3.00722
      vertex 112.533 69.7978 3.00722
    endloop
  endfacet
  facet normal 0.470478 -0.882412 0
    outer loop
      vertex 112.741 69.9087 3.00722
      vertex 112.533 69.7978 0.0216684
      vertex 112.741 69.9087 0.0216684
    endloop
  endfacet
  facet normal -0.995208 -0.0977778 0
    outer loop
      vertex 114.5 68.8 0.0216684
      vertex 114.477 69.0341 3.00722
      vertex 114.477 69.0341 0.0216684
    endloop
  endfacet
  facet normal -0.995208 -0.0977778 0
    outer loop
      vertex 114.477 69.0341 3.00722
      vertex 114.5 68.8 0.0216684
      vertex 114.5 68.8 3.00722
    endloop
  endfacet
  facet normal 0.470478 0.882412 -0
    outer loop
      vertex 112.741 30.0913 0.0216684
      vertex 112.533 30.2022 3.00722
      vertex 112.741 30.0913 3.00722
    endloop
  endfacet
  facet normal 0.470478 0.882412 0
    outer loop
      vertex 112.533 30.2022 3.00722
      vertex 112.741 30.0913 0.0216684
      vertex 112.533 30.2022 0.0216684
    endloop
  endfacet
  facet normal -0.773426 0.633886 0
    outer loop
      vertex 114.149 30.3515 0.0216684
      vertex 114.298 30.5333 3.00722
      vertex 114.298 30.5333 0.0216684
    endloop
  endfacet
  facet normal -0.773426 0.633886 0
    outer loop
      vertex 114.298 30.5333 3.00722
      vertex 114.149 30.3515 0.0216684
      vertex 114.149 30.3515 3.00722
    endloop
  endfacet
  facet normal -0.290078 0.957003 0
    outer loop
      vertex 113.759 30.0913 0.0216684
      vertex 113.534 30.0231 3.00722
      vertex 113.759 30.0913 3.00722
    endloop
  endfacet
  facet normal -0.290078 0.957003 0
    outer loop
      vertex 113.534 30.0231 3.00722
      vertex 113.759 30.0913 0.0216684
      vertex 113.534 30.0231 0.0216684
    endloop
  endfacet
  facet normal -0.957274 0.289181 0
    outer loop
      vertex 114.409 30.7408 0.0216684
      vertex 114.477 30.9659 3.00722
      vertex 114.477 30.9659 0.0216684
    endloop
  endfacet
  facet normal -0.957274 0.289181 0
    outer loop
      vertex 114.477 30.9659 3.00722
      vertex 114.409 30.7408 0.0216684
      vertex 114.409 30.7408 3.00722
    endloop
  endfacet
  facet normal -0.995208 0.0977778 0
    outer loop
      vertex 114.477 30.9659 0.0216684
      vertex 114.5 31.2 3.00722
      vertex 114.5 31.2 0.0216684
    endloop
  endfacet
  facet normal -0.995208 0.0977778 0
    outer loop
      vertex 114.5 31.2 3.00722
      vertex 114.477 30.9659 0.0216684
      vertex 114.477 30.9659 3.00722
    endloop
  endfacet
  facet normal -0.470478 -0.882412 0
    outer loop
      vertex 113.759 69.9087 0.0216684
      vertex 113.967 69.7978 3.00722
      vertex 113.759 69.9087 3.00722
    endloop
  endfacet
  facet normal -0.470478 -0.882412 -0
    outer loop
      vertex 113.967 69.7978 3.00722
      vertex 113.759 69.9087 0.0216684
      vertex 113.967 69.7978 0.0216684
    endloop
  endfacet
  facet normal -0.290078 -0.957003 0
    outer loop
      vertex 113.534 69.9769 0.0216684
      vertex 113.759 69.9087 3.00722
      vertex 113.534 69.9769 3.00722
    endloop
  endfacet
  facet normal -0.290078 -0.957003 -0
    outer loop
      vertex 113.759 69.9087 3.00722
      vertex 113.534 69.9769 0.0216684
      vertex 113.759 69.9087 0.0216684
    endloop
  endfacet
  facet normal -0.957274 -0.289181 0
    outer loop
      vertex 114.477 69.0341 0.0216684
      vertex 114.409 69.2592 3.00722
      vertex 114.409 69.2592 0.0216684
    endloop
  endfacet
  facet normal -0.957274 -0.289181 0
    outer loop
      vertex 114.409 69.2592 3.00722
      vertex 114.477 69.0341 0.0216684
      vertex 114.477 69.0341 3.00722
    endloop
  endfacet
  facet normal 0.957274 0.289181 0
    outer loop
      vertex 112.091 30.7408 3.00722
      vertex 112.023 30.9659 0.0216684
      vertex 112.023 30.9659 3.00722
    endloop
  endfacet
  facet normal 0.957274 0.289181 0
    outer loop
      vertex 112.023 30.9659 0.0216684
      vertex 112.091 30.7408 3.00722
      vertex 112.091 30.7408 0.0216684
    endloop
  endfacet
  facet normal 0.881764 0.471691 0
    outer loop
      vertex 112.202 30.5333 3.00722
      vertex 112.091 30.7408 0.0216684
      vertex 112.091 30.7408 3.00722
    endloop
  endfacet
  facet normal 0.881764 0.471691 0
    outer loop
      vertex 112.091 30.7408 0.0216684
      vertex 112.202 30.5333 3.00722
      vertex 112.202 30.5333 0.0216684
    endloop
  endfacet
  facet normal 0 1 -0
    outer loop
      vertex 113.3 30 0.0216684
      vertex 113.2 30 3.00722
      vertex 113.3 30 3.00722
    endloop
  endfacet
  facet normal 0 1 0
    outer loop
      vertex 113.2 30 3.00722
      vertex 113.3 30 0.0216684
      vertex 113.2 30 0.0216684
    endloop
  endfacet
  facet normal 0.290078 0.957003 -0
    outer loop
      vertex 112.966 30.0231 0.0216684
      vertex 112.741 30.0913 3.00722
      vertex 112.966 30.0231 3.00722
    endloop
  endfacet
  facet normal 0.290078 0.957003 0
    outer loop
      vertex 112.741 30.0913 3.00722
      vertex 112.966 30.0231 0.0216684
      vertex 112.741 30.0913 0.0216684
    endloop
  endfacet
  facet normal 0.0982404 0.995163 -0
    outer loop
      vertex 113.2 30 0.0216684
      vertex 112.966 30.0231 3.00722
      vertex 113.2 30 3.00722
    endloop
  endfacet
  facet normal 0.0982404 0.995163 0
    outer loop
      vertex 112.966 30.0231 3.00722
      vertex 113.2 30 0.0216684
      vertex 112.966 30.0231 0.0216684
    endloop
  endfacet
  facet normal -0.470478 0.882412 0
    outer loop
      vertex 113.967 30.2022 0.0216684
      vertex 113.759 30.0913 3.00722
      vertex 113.967 30.2022 3.00722
    endloop
  endfacet
  facet normal -0.470478 0.882412 0
    outer loop
      vertex 113.759 30.0913 3.00722
      vertex 113.967 30.2022 0.0216684
      vertex 113.759 30.0913 0.0216684
    endloop
  endfacet
  facet normal -0.634232 0.773143 0
    outer loop
      vertex 114.149 30.3515 0.0216684
      vertex 113.967 30.2022 3.00722
      vertex 114.149 30.3515 3.00722
    endloop
  endfacet
  facet normal -0.634232 0.773143 0
    outer loop
      vertex 113.967 30.2022 3.00722
      vertex 114.149 30.3515 0.0216684
      vertex 113.967 30.2022 0.0216684
    endloop
  endfacet
  facet normal -0.0982404 0.995163 0
    outer loop
      vertex 113.534 30.0231 0.0216684
      vertex 113.3 30 3.00722
      vertex 113.534 30.0231 3.00722
    endloop
  endfacet
  facet normal -0.0982404 0.995163 0
    outer loop
      vertex 113.3 30 3.00722
      vertex 113.534 30.0231 0.0216684
      vertex 113.3 30 0.0216684
    endloop
  endfacet
  facet normal -0.634232 -0.773143 0
    outer loop
      vertex 113.967 69.7978 0.0216684
      vertex 114.149 69.6485 3.00722
      vertex 113.967 69.7978 3.00722
    endloop
  endfacet
  facet normal -0.634232 -0.773143 -0
    outer loop
      vertex 114.149 69.6485 3.00722
      vertex 113.967 69.7978 0.0216684
      vertex 114.149 69.6485 0.0216684
    endloop
  endfacet
  facet normal -0.773426 -0.633886 0
    outer loop
      vertex 114.298 69.4667 0.0216684
      vertex 114.149 69.6485 3.00722
      vertex 114.149 69.6485 0.0216684
    endloop
  endfacet
  facet normal -0.773426 -0.633886 0
    outer loop
      vertex 114.149 69.6485 3.00722
      vertex 114.298 69.4667 0.0216684
      vertex 114.298 69.4667 3.00722
    endloop
  endfacet
  facet normal -0.881764 -0.471691 0
    outer loop
      vertex 114.409 69.2592 0.0216684
      vertex 114.298 69.4667 3.00722
      vertex 114.298 69.4667 0.0216684
    endloop
  endfacet
  facet normal -0.881764 -0.471691 0
    outer loop
      vertex 114.298 69.4667 3.00722
      vertex 114.409 69.2592 0.0216684
      vertex 114.409 69.2592 3.00722
    endloop
  endfacet
  facet normal 0.773426 0.633886 0
    outer loop
      vertex 112.351 30.3515 3.00722
      vertex 112.202 30.5333 0.0216684
      vertex 112.202 30.5333 3.00722
    endloop
  endfacet
  facet normal 0.773426 0.633886 0
    outer loop
      vertex 112.202 30.5333 0.0216684
      vertex 112.351 30.3515 3.00722
      vertex 112.351 30.3515 0.0216684
    endloop
  endfacet
  facet normal 0 -1 0
    outer loop
      vertex 113.2 70 0.0216684
      vertex 113.3 70 3.00722
      vertex 113.2 70 3.00722
    endloop
  endfacet
  facet normal 0 -1 -0
    outer loop
      vertex 113.3 70 3.00722
      vertex 113.2 70 0.0216684
      vertex 113.3 70 0.0216684
    endloop
  endfacet
  facet normal -0.0982404 -0.995163 0
    outer loop
      vertex 113.3 70 0.0216684
      vertex 113.534 69.9769 3.00722
      vertex 113.3 70 3.00722
    endloop
  endfacet
  facet normal -0.0982404 -0.995163 -0
    outer loop
      vertex 113.534 69.9769 3.00722
      vertex 113.3 70 0.0216684
      vertex 113.534 69.9769 0.0216684
    endloop
  endfacet
  facet normal -0.47136 0 0.881941
    outer loop
      vertex 83.138 241.278 52.4242
      vertex 84.5557 238.293 53.1819
      vertex 84.5557 241.278 53.1819
    endloop
  endfacet
  facet normal -0.47136 0 0.881941
    outer loop
      vertex 84.5557 238.293 53.1819
      vertex 83.138 241.278 52.4242
      vertex 83.138 238.293 52.4242
    endloop
  endfacet
  facet normal -0.995182 0 -0.0980438
    outer loop
      vertex 88.2 238.293 60
      vertex 88.0424 241.278 61.5997
      vertex 88.2 241.278 60
    endloop
  endfacet
  facet normal -0.995182 -0 -0.0980438
    outer loop
      vertex 88.0424 241.278 61.5997
      vertex 88.2 238.293 60
      vertex 88.0424 238.293 61.5997
    endloop
  endfacet
  facet normal 0.290263 0 -0.956947
    outer loop
      vertex 76.862 238.293 67.5758
      vertex 78.4003 241.278 68.0424
      vertex 78.4003 238.293 68.0424
    endloop
  endfacet
  facet normal 0.290263 0 -0.956947
    outer loop
      vertex 78.4003 241.278 68.0424
      vertex 76.862 238.293 67.5758
      vertex 76.862 241.278 67.5758
    endloop
  endfacet
  facet normal 0.290263 0 0.956947
    outer loop
      vertex 76.862 241.278 52.4242
      vertex 78.4003 238.293 51.9576
      vertex 78.4003 241.278 51.9576
    endloop
  endfacet
  facet normal 0.290263 0 0.956947
    outer loop
      vertex 78.4003 238.293 51.9576
      vertex 76.862 241.278 52.4242
      vertex 76.862 238.293 52.4242
    endloop
  endfacet
  facet normal 0.881941 -0 0.47136
    outer loop
      vertex 72.4242 238.293 56.862
      vertex 73.1819 241.278 55.4443
      vertex 72.4242 241.278 56.862
    endloop
  endfacet
  facet normal 0.881941 0 0.47136
    outer loop
      vertex 73.1819 241.278 55.4443
      vertex 72.4242 238.293 56.862
      vertex 73.1819 238.293 55.4443
    endloop
  endfacet
  facet normal -0.773003 0 -0.634402
    outer loop
      vertex 86.8181 238.293 64.5557
      vertex 85.7983 241.278 65.7983
      vertex 86.8181 241.278 64.5557
    endloop
  endfacet
  facet normal -0.773003 -0 -0.634402
    outer loop
      vertex 85.7983 241.278 65.7983
      vertex 86.8181 238.293 64.5557
      vertex 85.7983 238.293 65.7983
    endloop
  endfacet
  facet normal 0.881941 0 -0.47136
    outer loop
      vertex 73.1819 238.293 64.5557
      vertex 72.4242 241.278 63.138
      vertex 73.1819 241.278 64.5557
    endloop
  endfacet
  facet normal 0.881941 0 -0.47136
    outer loop
      vertex 72.4242 241.278 63.138
      vertex 73.1819 238.293 64.5557
      vertex 72.4242 238.293 63.138
    endloop
  endfacet
  facet normal -0.881941 0 0.47136
    outer loop
      vertex 86.8181 238.293 55.4443
      vertex 87.5758 241.278 56.862
      vertex 86.8181 241.278 55.4443
    endloop
  endfacet
  facet normal -0.881941 0 0.47136
    outer loop
      vertex 87.5758 241.278 56.862
      vertex 86.8181 238.293 55.4443
      vertex 87.5758 238.293 56.862
    endloop
  endfacet
  facet normal -0.773003 0 0.634402
    outer loop
      vertex 85.7983 238.293 54.2017
      vertex 86.8181 241.278 55.4443
      vertex 85.7983 241.278 54.2017
    endloop
  endfacet
  facet normal -0.773003 0 0.634402
    outer loop
      vertex 86.8181 241.278 55.4443
      vertex 85.7983 238.293 54.2017
      vertex 86.8181 238.293 55.4443
    endloop
  endfacet
  facet normal -0.634402 0 0.773003
    outer loop
      vertex 84.5557 241.278 53.1819
      vertex 85.7983 238.293 54.2017
      vertex 85.7983 241.278 54.2017
    endloop
  endfacet
  facet normal -0.634402 0 0.773003
    outer loop
      vertex 85.7983 238.293 54.2017
      vertex 84.5557 241.278 53.1819
      vertex 84.5557 238.293 53.1819
    endloop
  endfacet
  facet normal -0.0980438 0 0.995182
    outer loop
      vertex 80 241.278 51.8
      vertex 81.5997 238.293 51.9576
      vertex 81.5997 241.278 51.9576
    endloop
  endfacet
  facet normal -0.0980438 0 0.995182
    outer loop
      vertex 81.5997 238.293 51.9576
      vertex 80 241.278 51.8
      vertex 80 238.293 51.8
    endloop
  endfacet
  facet normal 0.995182 -0 0.0980438
    outer loop
      vertex 71.8 238.293 60
      vertex 71.9576 241.278 58.4003
      vertex 71.8 241.278 60
    endloop
  endfacet
  facet normal 0.995182 0 0.0980438
    outer loop
      vertex 71.9576 241.278 58.4003
      vertex 71.8 238.293 60
      vertex 71.9576 238.293 58.4003
    endloop
  endfacet
  facet normal 0.773003 -0 0.634402
    outer loop
      vertex 73.1819 238.293 55.4443
      vertex 74.2017 241.278 54.2017
      vertex 73.1819 241.278 55.4443
    endloop
  endfacet
  facet normal 0.773003 0 0.634402
    outer loop
      vertex 74.2017 241.278 54.2017
      vertex 73.1819 238.293 55.4443
      vertex 74.2017 238.293 54.2017
    endloop
  endfacet
  facet normal 0.47136 0 0.881941
    outer loop
      vertex 75.4443 241.278 53.1819
      vertex 76.862 238.293 52.4242
      vertex 76.862 241.278 52.4242
    endloop
  endfacet
  facet normal 0.47136 0 0.881941
    outer loop
      vertex 76.862 238.293 52.4242
      vertex 75.4443 241.278 53.1819
      vertex 75.4443 238.293 53.1819
    endloop
  endfacet
  facet normal 0.0980438 0 0.995182
    outer loop
      vertex 78.4003 241.278 51.9576
      vertex 80 238.293 51.8
      vertex 80 241.278 51.8
    endloop
  endfacet
  facet normal 0.0980438 0 0.995182
    outer loop
      vertex 80 238.293 51.8
      vertex 78.4003 241.278 51.9576
      vertex 78.4003 238.293 51.9576
    endloop
  endfacet
  facet normal 0.634402 0 0.773003
    outer loop
      vertex 74.2017 241.278 54.2017
      vertex 75.4443 238.293 53.1819
      vertex 75.4443 241.278 53.1819
    endloop
  endfacet
  facet normal 0.634402 0 0.773003
    outer loop
      vertex 75.4443 238.293 53.1819
      vertex 74.2017 241.278 54.2017
      vertex 74.2017 238.293 54.2017
    endloop
  endfacet
  facet normal -0.995182 0 0.0980438
    outer loop
      vertex 88.0424 238.293 58.4003
      vertex 88.2 241.278 60
      vertex 88.0424 241.278 58.4003
    endloop
  endfacet
  facet normal -0.995182 0 0.0980438
    outer loop
      vertex 88.2 241.278 60
      vertex 88.0424 238.293 58.4003
      vertex 88.2 238.293 60
    endloop
  endfacet
  facet normal -0.47136 0 -0.881941
    outer loop
      vertex 83.138 238.293 67.5758
      vertex 84.5557 241.278 66.8181
      vertex 84.5557 238.293 66.8181
    endloop
  endfacet
  facet normal -0.47136 0 -0.881941
    outer loop
      vertex 84.5557 241.278 66.8181
      vertex 83.138 238.293 67.5758
      vertex 83.138 241.278 67.5758
    endloop
  endfacet
  facet normal -0.881941 0 -0.47136
    outer loop
      vertex 87.5758 238.293 63.138
      vertex 86.8181 241.278 64.5557
      vertex 87.5758 241.278 63.138
    endloop
  endfacet
  facet normal -0.881941 -0 -0.47136
    outer loop
      vertex 86.8181 241.278 64.5557
      vertex 87.5758 238.293 63.138
      vertex 86.8181 238.293 64.5557
    endloop
  endfacet
  facet normal -0.956947 0 -0.290263
    outer loop
      vertex 88.0424 238.293 61.5997
      vertex 87.5758 241.278 63.138
      vertex 88.0424 241.278 61.5997
    endloop
  endfacet
  facet normal -0.956947 -0 -0.290263
    outer loop
      vertex 87.5758 241.278 63.138
      vertex 88.0424 238.293 61.5997
      vertex 87.5758 238.293 63.138
    endloop
  endfacet
  facet normal -0.634402 0 -0.773003
    outer loop
      vertex 84.5557 238.293 66.8181
      vertex 85.7983 241.278 65.7983
      vertex 85.7983 238.293 65.7983
    endloop
  endfacet
  facet normal -0.634402 0 -0.773003
    outer loop
      vertex 85.7983 241.278 65.7983
      vertex 84.5557 238.293 66.8181
      vertex 84.5557 241.278 66.8181
    endloop
  endfacet
  facet normal 0.0980438 0 -0.995182
    outer loop
      vertex 78.4003 238.293 68.0424
      vertex 80 241.278 68.2
      vertex 80 238.293 68.2
    endloop
  endfacet
  facet normal 0.0980438 0 -0.995182
    outer loop
      vertex 80 241.278 68.2
      vertex 78.4003 238.293 68.0424
      vertex 78.4003 241.278 68.0424
    endloop
  endfacet
  facet normal 0.634402 0 -0.773003
    outer loop
      vertex 74.2017 238.293 65.7983
      vertex 75.4443 241.278 66.8181
      vertex 75.4443 238.293 66.8181
    endloop
  endfacet
  facet normal 0.634402 0 -0.773003
    outer loop
      vertex 75.4443 241.278 66.8181
      vertex 74.2017 238.293 65.7983
      vertex 74.2017 241.278 65.7983
    endloop
  endfacet
  facet normal 0.995182 0 -0.0980438
    outer loop
      vertex 71.9576 238.293 61.5997
      vertex 71.8 241.278 60
      vertex 71.9576 241.278 61.5997
    endloop
  endfacet
  facet normal 0.995182 0 -0.0980438
    outer loop
      vertex 71.8 241.278 60
      vertex 71.9576 238.293 61.5997
      vertex 71.8 238.293 60
    endloop
  endfacet
  facet normal -0.956947 0 0.290263
    outer loop
      vertex 87.5758 238.293 56.862
      vertex 88.0424 241.278 58.4003
      vertex 87.5758 241.278 56.862
    endloop
  endfacet
  facet normal -0.956947 0 0.290263
    outer loop
      vertex 88.0424 241.278 58.4003
      vertex 87.5758 238.293 56.862
      vertex 88.0424 238.293 58.4003
    endloop
  endfacet
  facet normal -0.290263 0 0.956947
    outer loop
      vertex 81.5997 241.278 51.9576
      vertex 83.138 238.293 52.4242
      vertex 83.138 241.278 52.4242
    endloop
  endfacet
  facet normal -0.290263 0 0.956947
    outer loop
      vertex 83.138 238.293 52.4242
      vertex 81.5997 241.278 51.9576
      vertex 81.5997 238.293 51.9576
    endloop
  endfacet
  facet normal 0.956947 -0 0.290263
    outer loop
      vertex 71.9576 238.293 58.4003
      vertex 72.4242 241.278 56.862
      vertex 71.9576 241.278 58.4003
    endloop
  endfacet
  facet normal 0.956947 0 0.290263
    outer loop
      vertex 72.4242 241.278 56.862
      vertex 71.9576 238.293 58.4003
      vertex 72.4242 238.293 56.862
    endloop
  endfacet
  facet normal -0.0980438 0 -0.995182
    outer loop
      vertex 80 238.293 68.2
      vertex 81.5997 241.278 68.0424
      vertex 81.5997 238.293 68.0424
    endloop
  endfacet
  facet normal -0.0980438 0 -0.995182
    outer loop
      vertex 81.5997 241.278 68.0424
      vertex 80 238.293 68.2
      vertex 80 241.278 68.2
    endloop
  endfacet
  facet normal -0.290263 0 -0.956947
    outer loop
      vertex 81.5997 238.293 68.0424
      vertex 83.138 241.278 67.5758
      vertex 83.138 238.293 67.5758
    endloop
  endfacet
  facet normal -0.290263 0 -0.956947
    outer loop
      vertex 83.138 241.278 67.5758
      vertex 81.5997 238.293 68.0424
      vertex 81.5997 241.278 68.0424
    endloop
  endfacet
  facet normal 0.47136 0 -0.881941
    outer loop
      vertex 75.4443 238.293 66.8181
      vertex 76.862 241.278 67.5758
      vertex 76.862 238.293 67.5758
    endloop
  endfacet
  facet normal 0.47136 0 -0.881941
    outer loop
      vertex 76.862 241.278 67.5758
      vertex 75.4443 238.293 66.8181
      vertex 75.4443 241.278 66.8181
    endloop
  endfacet
  facet normal 0.956947 0 -0.290263
    outer loop
      vertex 72.4242 238.293 63.138
      vertex 71.9576 241.278 61.5997
      vertex 72.4242 241.278 63.138
    endloop
  endfacet
  facet normal 0.956947 0 -0.290263
    outer loop
      vertex 71.9576 241.278 61.5997
      vertex 72.4242 238.293 63.138
      vertex 71.9576 238.293 61.5997
    endloop
  endfacet
  facet normal 0.773003 0 -0.634402
    outer loop
      vertex 74.2017 238.293 65.7983
      vertex 73.1819 241.278 64.5557
      vertex 74.2017 241.278 65.7983
    endloop
  endfacet
  facet normal 0.773003 0 -0.634402
    outer loop
      vertex 73.1819 241.278 64.5557
      vertex 74.2017 238.293 65.7983
      vertex 73.1819 238.293 64.5557
    endloop
  endfacet
  facet normal 0 0 1
    outer loop
      vertex 125 241.278 140
      vertex 80 239.3 140
      vertex 125 238.143 140
    endloop
  endfacet
  facet normal 0 0 1
    outer loop
      vertex 125 241.278 140
      vertex 60 239.3 140
      vertex 80 239.3 140
    endloop
  endfacet
  facet normal -0 0 1
    outer loop
      vertex 4.5 241.278 140
      vertex 60 239.3 140
      vertex 125 241.278 140
    endloop
  endfacet
  facet normal 0 0 1
    outer loop
      vertex 4.5 238.143 140
      vertex 60 239.3 140
      vertex 4.5 241.278 140
    endloop
  endfacet
  facet normal 0 0 1
    outer loop
      vertex 60 239.3 140
      vertex 4.5 238.143 140
      vertex 60 238.143 140
    endloop
  endfacet
  facet normal 0 0 1
    outer loop
      vertex 4.5 241.278 140
      vertex 4.2379 238.118 140
      vertex 4.5 238.143 140
    endloop
  endfacet
  facet normal -0 0 1
    outer loop
      vertex 3.62632 241.192 140
      vertex 4.2379 238.118 140
      vertex 4.5 241.278 140
    endloop
  endfacet
  facet normal 0 0 1
    outer loop
      vertex 4.2379 238.118 140
      vertex 3.62632 241.192 140
      vertex 3.98586 238.041 140
    endloop
  endfacet
  facet normal -0 0 1
    outer loop
      vertex 2.78622 240.937 140
      vertex 3.98586 238.041 140
      vertex 3.62632 241.192 140
    endloop
  endfacet
  facet normal 0 0 1
    outer loop
      vertex 3.98586 238.041 140
      vertex 2.78622 240.937 140
      vertex 3.75359 237.917 140
    endloop
  endfacet
  facet normal -0 0 1
    outer loop
      vertex 2.01197 240.524 140
      vertex 3.75359 237.917 140
      vertex 2.78622 240.937 140
    endloop
  endfacet
  facet normal 0 0 1
    outer loop
      vertex 3.75359 237.917 140
      vertex 2.01197 240.524 140
      vertex 3.55 237.75 140
    endloop
  endfacet
  facet normal -0 0 1
    outer loop
      vertex 1.33334 239.967 140
      vertex 3.55 237.75 140
      vertex 2.01197 240.524 140
    endloop
  endfacet
  facet normal 0 0 1
    outer loop
      vertex 3.55 237.75 140
      vertex 1.33334 239.967 140
      vertex 3.38292 237.546 140
    endloop
  endfacet
  facet normal -0 0 1
    outer loop
      vertex 0.776403 239.288 140
      vertex 3.38292 237.546 140
      vertex 1.33334 239.967 140
    endloop
  endfacet
  facet normal 0 0 1
    outer loop
      vertex 3.38292 237.546 140
      vertex 0.776403 239.288 140
      vertex 3.25877 237.314 140
    endloop
  endfacet
  facet normal -0 0 1
    outer loop
      vertex 0.362561 238.514 140
      vertex 3.25877 237.314 140
      vertex 0.776403 239.288 140
    endloop
  endfacet
  facet normal 0 0 1
    outer loop
      vertex 3.1565 236.8 140
      vertex 0.0216684 236.8 140
      vertex 3.1565 24 140
    endloop
  endfacet
  facet normal 0 0 1
    outer loop
      vertex 0.0216684 -4 140
      vertex 2 4 140
      vertex 2 24 140
    endloop
  endfacet
  facet normal 0 0 1
    outer loop
      vertex 3.1565 24 140
      vertex 0.0216684 236.8 140
      vertex 2 24 140
    endloop
  endfacet
  facet normal 0 0 1
    outer loop
      vertex 3.25877 237.314 140
      vertex 0.362561 238.514 140
      vertex 3.18231 237.062 140
    endloop
  endfacet
  facet normal 0 0 1
    outer loop
      vertex 0.0216684 -4 140
      vertex 2 24 140
      vertex 0.0216684 236.8 140
    endloop
  endfacet
  facet normal -0 0 1
    outer loop
      vertex 0.107718 237.674 140
      vertex 3.18231 237.062 140
      vertex 0.362561 238.514 140
    endloop
  endfacet
  facet normal 0 0 1
    outer loop
      vertex 3.18231 237.062 140
      vertex 0.107718 237.674 140
      vertex 3.1565 236.8 140
    endloop
  endfacet
  facet normal 0 0 1
    outer loop
      vertex 3.1565 236.8 140
      vertex 0.107718 237.674 140
      vertex 0.0216684 236.8 140
    endloop
  endfacet
  facet normal 0 0 1
    outer loop
      vertex 2 4 140
      vertex 0.0216684 -4 140
      vertex 1.5 0.247942 140
    endloop
  endfacet
  facet normal 0 0 1
    outer loop
      vertex 1.5 0.247942 140
      vertex 0.0216684 -4 140
      vertex 1.5 -4 140
    endloop
  endfacet
  facet normal 0 0 1
    outer loop
      vertex 125 238.143 140
      vertex 80 239.3 140
      vertex 80 238.143 140
    endloop
  endfacet
  facet normal -0 0 1
    outer loop
      vertex 2.50963 0.247942 140
      vertex 3.1565 -1.57708 140
      vertex 3.1565 4 140
    endloop
  endfacet
  facet normal 0 0 1
    outer loop
      vertex 3.00722 -1.57708 140
      vertex 3 -1.57708 140
      vertex 3.00722 -4 140
    endloop
  endfacet
  facet normal 0 0 1
    outer loop
      vertex 3.1565 -1.57708 140
      vertex 2.50963 0.247942 140
      vertex 3.00722 -1.57708 140
    endloop
  endfacet
  facet normal 0 0 1
    outer loop
      vertex 3.00722 -1.57708 140
      vertex 2.50963 0.247942 140
      vertex 3 -1.57708 140
    endloop
  endfacet
  facet normal -0 0 1
    outer loop
      vertex 2 4 140
      vertex 2.50963 0.247942 140
      vertex 3.1565 4 140
    endloop
  endfacet
  facet normal 0 0 1
    outer loop
      vertex 2.50963 0.247942 140
      vertex 2 4 140
      vertex 1.5 0.247942 140
    endloop
  endfacet
  facet normal 0 0 1
    outer loop
      vertex 3.00722 -4 140
      vertex 3 -1.57708 140
      vertex 3 -4 140
    endloop
  endfacet
  facet normal 0 0 1
    outer loop
      vertex 3 -1.57708 140
      vertex 2.50963 0.247942 140
      vertex 2.50963 -1.57708 140
    endloop
  endfacet
  facet normal -1 0 0
    outer loop
      vertex 2.50963 -0.27699 134
      vertex 2.50963 -1.57708 140
      vertex 2.50963 0.247942 140
    endloop
  endfacet
  facet normal -1 0 -0
    outer loop
      vertex 2.50963 -1.57708 140
      vertex 2.50963 -0.27699 134
      vertex 2.50963 -2.10201 134
    endloop
  endfacet
  facet normal 0 0 -1
    outer loop
      vertex 119 22.5 2.50963
      vertex 125 24.5 2.50963
      vertex 125 22.5 2.50963
    endloop
  endfacet
  facet normal -0 0 -1
    outer loop
      vertex 125 24.5 2.50963
      vertex 119 22.5 2.50963
      vertex 119 24.5 2.50963
    endloop
  endfacet
  facet normal 0.961705 -0.274086 0
    outer loop
      vertex 4.95024 236.342 148
      vertex 4.95081 236.344 134
      vertex 4.95081 236.344 148
    endloop
  endfacet
  facet normal 0.961705 -0.274086 0
    outer loop
      vertex 4.95081 236.344 134
      vertex 4.95024 236.342 148
      vertex 4.95024 236.342 134
    endloop
  endfacet
  facet normal 1 0 0
    outer loop
      vertex 4.95005 4 148
      vertex 4.95005 -0.877171 148
      vertex 4.95005 4 139.9
    endloop
  endfacet
  facet normal 1 0 0
    outer loop
      vertex 4.95005 24 139.9
      vertex 4.95005 236.34 148
      vertex 4.95005 24 148
    endloop
  endfacet
  facet normal 1 0 0
    outer loop
      vertex 4.95005 236.34 148
      vertex 4.95005 24 139.9
      vertex 4.95005 236.34 134
    endloop
  endfacet
  facet normal 1 0 0
    outer loop
      vertex 4.95005 -2.10201 134
      vertex 4.95005 24 139.9
      vertex 4.95005 4 139.9
    endloop
  endfacet
  facet normal 1 0 0
    outer loop
      vertex 4.95005 24 139.9
      vertex 4.95005 -2.10201 134
      vertex 4.95005 236.34 134
    endloop
  endfacet
  facet normal 1 0 0
    outer loop
      vertex 4.95005 -2.10201 134
      vertex 4.95005 4 139.9
      vertex 4.95005 -0.877171 148
    endloop
  endfacet
  facet normal 0 -1 0
    outer loop
      vertex 119 236.35 133.5
      vertex 124.9 236.35 107
      vertex 133 236.35 133.5
    endloop
  endfacet
  facet normal 0 -1 0
    outer loop
      vertex 119 236.35 91
      vertex 124.9 236.35 107
      vertex 119 236.35 133.5
    endloop
  endfacet
  facet normal 0 -1 -0
    outer loop
      vertex 124.9 236.35 107
      vertex 119 236.35 91
      vertex 124.9 236.35 91
    endloop
  endfacet
  facet normal 0 -1 -0
    outer loop
      vertex 133 236.35 133.5
      vertex 124.9 236.35 107
      vertex 133 236.35 107
    endloop
  endfacet
  facet normal 0 -1 0
    outer loop
      vertex 4.96 236.35 148
      vertex 60 236.35 139.9
      vertex 60 236.35 148
    endloop
  endfacet
  facet normal 0 -1 0
    outer loop
      vertex 125 236.35 134
      vertex 60 236.35 139.9
      vertex 4.96 236.35 134
    endloop
  endfacet
  facet normal 0 -1 0
    outer loop
      vertex 4.96 236.35 134
      vertex 60 236.35 139.9
      vertex 4.96 236.35 148
    endloop
  endfacet
  facet normal 0 -1 0
    outer loop
      vertex 80 236.35 139.9
      vertex 125 236.35 148
      vertex 80 236.35 148
    endloop
  endfacet
  facet normal 0 -1 0
    outer loop
      vertex 80 236.35 139.9
      vertex 125 236.35 134
      vertex 125 236.35 148
    endloop
  endfacet
  facet normal 0 -1 0
    outer loop
      vertex 60 236.35 139.9
      vertex 125 236.35 134
      vertex 80 236.35 139.9
    endloop
  endfacet
  facet normal 0 -1 0
    outer loop
      vertex 4.95806 236.35 134
      vertex 4.96 236.35 148
      vertex 4.95806 236.35 148
    endloop
  endfacet
  facet normal 0 -1 -0
    outer loop
      vertex 4.96 236.35 148
      vertex 4.95806 236.35 134
      vertex 4.96 236.35 134
    endloop
  endfacet
  facet normal 0.50262 -0.864507 0
    outer loop
      vertex 4.95447 236.348 134
      vertex 4.95619 236.349 148
      vertex 4.95447 236.348 148
    endloop
  endfacet
  facet normal 0.50262 -0.864507 0
    outer loop
      vertex 4.95619 236.349 148
      vertex 4.95447 236.348 134
      vertex 4.95619 236.349 134
    endloop
  endfacet
  facet normal 0.471567 -0.88183 0
    outer loop
      vertex 4.95619 236.349 134
      vertex 4.95806 236.35 148
      vertex 4.95619 236.349 148
    endloop
  endfacet
  facet normal 0.471567 -0.88183 0
    outer loop
      vertex 4.95806 236.35 148
      vertex 4.95619 236.349 134
      vertex 4.95806 236.35 134
    endloop
  endfacet
  facet normal 0.995518 -0.0945742 0
    outer loop
      vertex 4.95005 236.34 148
      vertex 4.95024 236.342 134
      vertex 4.95024 236.342 148
    endloop
  endfacet
  facet normal 0.995518 -0.0945742 0
    outer loop
      vertex 4.95024 236.342 134
      vertex 4.95005 236.34 148
      vertex 4.95005 236.34 134
    endloop
  endfacet
  facet normal 0.63083 -0.775921 0
    outer loop
      vertex 4.95173 236.346 148
      vertex 4.95296 236.347 134
      vertex 4.95296 236.347 148
    endloop
  endfacet
  facet normal 0.63083 -0.775921 0
    outer loop
      vertex 4.95296 236.347 134
      vertex 4.95173 236.346 148
      vertex 4.95173 236.346 134
    endloop
  endfacet
  facet normal 0.552149 -0.833745 0
    outer loop
      vertex 4.95296 236.347 134
      vertex 4.95447 236.348 148
      vertex 4.95296 236.347 148
    endloop
  endfacet
  facet normal 0.552149 -0.833745 0
    outer loop
      vertex 4.95447 236.348 148
      vertex 4.95296 236.347 134
      vertex 4.95447 236.348 134
    endloop
  endfacet
  facet normal 0.90849 -0.417906 0
    outer loop
      vertex 4.95081 236.344 148
      vertex 4.95173 236.346 134
      vertex 4.95173 236.346 148
    endloop
  endfacet
  facet normal 0.90849 -0.417906 0
    outer loop
      vertex 4.95173 236.346 134
      vertex 4.95081 236.344 148
      vertex 4.95081 236.344 134
    endloop
  endfacet
  facet normal 0 0 1
    outer loop
      vertex 125 93.8 4.95005
      vertex 133 94 4.95005
      vertex 125 94 4.95005
    endloop
  endfacet
  facet normal 0 0 1
    outer loop
      vertex 133 94 4.95005
      vertex 125 93.8 4.95005
      vertex 133 22.5 4.95005
    endloop
  endfacet
  facet normal 0 0 1
    outer loop
      vertex 119 22.5 4.95005
      vertex 125 93.8 4.95005
      vertex 119 93.8 4.95005
    endloop
  endfacet
  facet normal 0 0 1
    outer loop
      vertex 125 93.8 4.95005
      vertex 119 22.5 4.95005
      vertex 133 22.5 4.95005
    endloop
  endfacet
  facet normal 0 0 -1
    outer loop
      vertex 3.00722 -2.10201 134
      vertex 4.95005 236.34 134
      vertex 4.95005 -2.10201 134
    endloop
  endfacet
  facet normal 0 -0 -1
    outer loop
      vertex 3.03591 237.091 134
      vertex 4.95005 236.34 134
      vertex 3.00722 236.8 134
    endloop
  endfacet
  facet normal 0 0 -1
    outer loop
      vertex 4.95005 236.34 134
      vertex 4.20877 238.264 134
      vertex 4.5 238.293 134
    endloop
  endfacet
  facet normal 0 0 -1
    outer loop
      vertex 4.95005 236.34 134
      vertex 3.92874 238.179 134
      vertex 4.20877 238.264 134
    endloop
  endfacet
  facet normal 0 0 -1
    outer loop
      vertex 4.95005 236.34 134
      vertex 3.67066 238.041 134
      vertex 3.92874 238.179 134
    endloop
  endfacet
  facet normal 0 0 -1
    outer loop
      vertex 4.95005 236.34 134
      vertex 3.44445 237.856 134
      vertex 3.67066 238.041 134
    endloop
  endfacet
  facet normal 0 0 -1
    outer loop
      vertex 4.95005 236.34 134
      vertex 3.2588 237.629 134
      vertex 3.44445 237.856 134
    endloop
  endfacet
  facet normal 0 0 -1
    outer loop
      vertex 4.95005 236.34 134
      vertex 3.12085 237.371 134
      vertex 3.2588 237.629 134
    endloop
  endfacet
  facet normal -0 0 -1
    outer loop
      vertex 4.95005 236.34 134
      vertex 3.00722 -2.10201 134
      vertex 3.00722 236.8 134
    endloop
  endfacet
  facet normal 0 0 -1
    outer loop
      vertex 4.95005 236.34 134
      vertex 3.03591 237.091 134
      vertex 3.12085 237.371 134
    endloop
  endfacet
  facet normal 0 0 -1
    outer loop
      vertex 4.96 236.35 134
      vertex 125 238.293 134
      vertex 125 236.35 134
    endloop
  endfacet
  facet normal 0 0 -1
    outer loop
      vertex 4.96 236.35 134
      vertex 4.5 238.293 134
      vertex 125 238.293 134
    endloop
  endfacet
  facet normal 0 0 -1
    outer loop
      vertex 4.95806 236.35 134
      vertex 4.5 238.293 134
      vertex 4.96 236.35 134
    endloop
  endfacet
  facet normal 0 0 -1
    outer loop
      vertex 4.95619 236.349 134
      vertex 4.5 238.293 134
      vertex 4.95806 236.35 134
    endloop
  endfacet
  facet normal 0 0 -1
    outer loop
      vertex 4.95447 236.348 134
      vertex 4.5 238.293 134
      vertex 4.95619 236.349 134
    endloop
  endfacet
  facet normal 0 0 -1
    outer loop
      vertex 4.95296 236.347 134
      vertex 4.5 238.293 134
      vertex 4.95447 236.348 134
    endloop
  endfacet
  facet normal 0 0 -1
    outer loop
      vertex 4.95173 236.346 134
      vertex 4.5 238.293 134
      vertex 4.95296 236.347 134
    endloop
  endfacet
  facet normal 0 0 -1
    outer loop
      vertex 4.95081 236.344 134
      vertex 4.5 238.293 134
      vertex 4.95173 236.346 134
    endloop
  endfacet
  facet normal 0 0 -1
    outer loop
      vertex 4.95024 236.342 134
      vertex 4.5 238.293 134
      vertex 4.95081 236.344 134
    endloop
  endfacet
  facet normal 0 0 -1
    outer loop
      vertex 4.5 238.293 134
      vertex 4.95024 236.342 134
      vertex 4.95005 236.34 134
    endloop
  endfacet
  facet normal 0 0 -1
    outer loop
      vertex 2.50963 -2.10201 134
      vertex 3 -0.27699 134
      vertex 3 -2.10201 134
    endloop
  endfacet
  facet normal -0 0 -1
    outer loop
      vertex 3 -0.27699 134
      vertex 2.50963 -2.10201 134
      vertex 2.50963 -0.27699 134
    endloop
  endfacet
  facet normal -0.0949525 0.995482 0
    outer loop
      vertex 4.5 238.143 140
      vertex 4.2379 238.118 148
      vertex 4.5 238.143 148
    endloop
  endfacet
  facet normal -0.0949525 0.995482 0
    outer loop
      vertex 4.2379 238.118 148
      vertex 4.5 238.143 140
      vertex 4.2379 238.118 140
    endloop
  endfacet
  facet normal 0 1 -0
    outer loop
      vertex 133 238.143 107
      vertex 125 238.143 133.5
      vertex 133 238.143 133.5
    endloop
  endfacet
  facet normal 0 1 0
    outer loop
      vertex 125 238.143 133.5
      vertex 133 238.143 107
      vertex 125 238.143 107
    endloop
  endfacet
  facet normal 0 1 -0
    outer loop
      vertex 60 238.143 140
      vertex 4.5 238.143 148
      vertex 60 238.143 148
    endloop
  endfacet
  facet normal 0 1 0
    outer loop
      vertex 4.5 238.143 148
      vertex 60 238.143 140
      vertex 4.5 238.143 140
    endloop
  endfacet
  facet normal 0 1 -0
    outer loop
      vertex 125 238.143 140
      vertex 80 238.143 148
      vertex 125 238.143 148
    endloop
  endfacet
  facet normal 0 1 0
    outer loop
      vertex 80 238.143 148
      vertex 125 238.143 140
      vertex 80 238.143 140
    endloop
  endfacet
  facet normal -0.292176 0.956365 0
    outer loop
      vertex 4.2379 238.118 140
      vertex 3.98586 238.041 148
      vertex 4.2379 238.118 148
    endloop
  endfacet
  facet normal -0.292176 0.956365 0
    outer loop
      vertex 3.98586 238.041 148
      vertex 4.2379 238.118 140
      vertex 3.98586 238.041 140
    endloop
  endfacet
  facet normal 0 0 -1
    outer loop
      vertex 125 22.5 3.1565
      vertex 133 94 3.1565
      vertex 133 22.5 3.1565
    endloop
  endfacet
  facet normal -0 0 -1
    outer loop
      vertex 133 94 3.1565
      vertex 125 22.5 3.1565
      vertex 125 94 3.1565
    endloop
  endfacet
  facet normal -0.956923 0.290343 0
    outer loop
      vertex 3.18231 237.062 140
      vertex 3.25877 237.314 148
      vertex 3.25877 237.314 140
    endloop
  endfacet
  facet normal -0.956923 0.290343 0
    outer loop
      vertex 3.25877 237.314 148
      vertex 3.18231 237.062 140
      vertex 3.18231 237.062 148
    endloop
  endfacet
  facet normal -0.881695 0.471821 0
    outer loop
      vertex 3.25877 237.314 140
      vertex 3.38292 237.546 148
      vertex 3.38292 237.546 140
    endloop
  endfacet
  facet normal -0.881695 0.471821 0
    outer loop
      vertex 3.38292 237.546 148
      vertex 3.25877 237.314 140
      vertex 3.25877 237.314 148
    endloop
  endfacet
  facet normal -0.77364 0.633626 0
    outer loop
      vertex 3.38292 237.546 140
      vertex 3.55 237.75 148
      vertex 3.55 237.75 140
    endloop
  endfacet
  facet normal -0.77364 0.633626 0
    outer loop
      vertex 3.55 237.75 148
      vertex 3.38292 237.546 140
      vertex 3.38292 237.546 148
    endloop
  endfacet
  facet normal -0.634207 0.773163 0
    outer loop
      vertex 3.75359 237.917 140
      vertex 3.55 237.75 148
      vertex 3.75359 237.917 148
    endloop
  endfacet
  facet normal -0.634207 0.773163 0
    outer loop
      vertex 3.55 237.75 148
      vertex 3.75359 237.917 140
      vertex 3.55 237.75 140
    endloop
  endfacet
  facet normal -0.470951 0.882159 0
    outer loop
      vertex 3.98586 238.041 140
      vertex 3.75359 237.917 148
      vertex 3.98586 238.041 148
    endloop
  endfacet
  facet normal -0.470951 0.882159 0
    outer loop
      vertex 3.75359 237.917 148
      vertex 3.98586 238.041 140
      vertex 3.75359 237.917 140
    endloop
  endfacet
  facet normal -0.995183 0.0980369 0
    outer loop
      vertex 3.1565 236.8 140
      vertex 3.18231 237.062 148
      vertex 3.18231 237.062 140
    endloop
  endfacet
  facet normal -0.995183 0.0980369 0
    outer loop
      vertex 3.18231 237.062 148
      vertex 3.1565 236.8 140
      vertex 3.1565 236.8 148
    endloop
  endfacet
  facet normal -1 0 0
    outer loop
      vertex 3.1565 24 140
      vertex 3.1565 236.8 148
      vertex 3.1565 236.8 140
    endloop
  endfacet
  facet normal -1 -0 0
    outer loop
      vertex 3.1565 236.8 148
      vertex 3.1565 24 140
      vertex 3.1565 24 148
    endloop
  endfacet
  facet normal -1 0 0
    outer loop
      vertex 3.1565 4 140
      vertex 3.1565 -0.877171 148
      vertex 3.1565 4 148
    endloop
  endfacet
  facet normal -1 0 -0
    outer loop
      vertex 3.1565 -0.877171 148
      vertex 3.1565 4 140
      vertex 3.1565 -1.57708 140
    endloop
  endfacet
  facet normal 0 0 1
    outer loop
      vertex 60 238.143 148
      vertex 4.96 236.35 148
      vertex 60 236.35 148
    endloop
  endfacet
  facet normal -0 0 1
    outer loop
      vertex 4.5 238.143 148
      vertex 4.96 236.35 148
      vertex 60 238.143 148
    endloop
  endfacet
  facet normal 0 0 1
    outer loop
      vertex 4.5 238.143 148
      vertex 4.95806 236.35 148
      vertex 4.96 236.35 148
    endloop
  endfacet
  facet normal 0 0 1
    outer loop
      vertex 4.5 238.143 148
      vertex 4.95619 236.349 148
      vertex 4.95806 236.35 148
    endloop
  endfacet
  facet normal 0 0 1
    outer loop
      vertex 4.5 238.143 148
      vertex 4.95447 236.348 148
      vertex 4.95619 236.349 148
    endloop
  endfacet
  facet normal -0 0 1
    outer loop
      vertex 4.2379 238.118 148
      vertex 4.95447 236.348 148
      vertex 4.5 238.143 148
    endloop
  endfacet
  facet normal -0 0 1
    outer loop
      vertex 3.98586 238.041 148
      vertex 4.95447 236.348 148
      vertex 4.2379 238.118 148
    endloop
  endfacet
  facet normal 0 0 1
    outer loop
      vertex 4.95447 236.348 148
      vertex 3.98586 238.041 148
      vertex 4.95296 236.347 148
    endloop
  endfacet
  facet normal -0 0 1
    outer loop
      vertex 3.75359 237.917 148
      vertex 4.95296 236.347 148
      vertex 3.98586 238.041 148
    endloop
  endfacet
  facet normal -0 0 1
    outer loop
      vertex 3.55 237.75 148
      vertex 4.95296 236.347 148
      vertex 3.75359 237.917 148
    endloop
  endfacet
  facet normal -0 0 1
    outer loop
      vertex 3.38292 237.546 148
      vertex 4.95296 236.347 148
      vertex 3.55 237.75 148
    endloop
  endfacet
  facet normal 0 0 1
    outer loop
      vertex 4.95296 236.347 148
      vertex 3.38292 237.546 148
      vertex 4.95173 236.346 148
    endloop
  endfacet
  facet normal -0 0 1
    outer loop
      vertex 3.25877 237.314 148
      vertex 4.95173 236.346 148
      vertex 3.38292 237.546 148
    endloop
  endfacet
  facet normal -0 0 1
    outer loop
      vertex 3.18231 237.062 148
      vertex 4.95173 236.346 148
      vertex 3.25877 237.314 148
    endloop
  endfacet
  facet normal -0 0 1
    outer loop
      vertex 3.1565 236.8 148
      vertex 4.95173 236.346 148
      vertex 3.18231 237.062 148
    endloop
  endfacet
  facet normal 0 0 1
    outer loop
      vertex 4.95173 236.346 148
      vertex 3.1565 236.8 148
      vertex 4.95081 236.344 148
    endloop
  endfacet
  facet normal 0 0 1
    outer loop
      vertex 4.95081 236.344 148
      vertex 3.1565 236.8 148
      vertex 4.95024 236.342 148
    endloop
  endfacet
  facet normal 0 0 1
    outer loop
      vertex 4.95024 236.342 148
      vertex 3.1565 236.8 148
      vertex 4.95005 236.34 148
    endloop
  endfacet
  facet normal 0 0 1
    outer loop
      vertex 3.1565 24 148
      vertex 4.95005 236.34 148
      vertex 3.1565 236.8 148
    endloop
  endfacet
  facet normal 0 0 1
    outer loop
      vertex 4.95005 236.34 148
      vertex 3.1565 24 148
      vertex 4.95005 24 148
    endloop
  endfacet
  facet normal -0 0 1
    outer loop
      vertex 3.1565 4 148
      vertex 4.95005 -0.877171 148
      vertex 4.95005 4 148
    endloop
  endfacet
  facet normal 0 0 1
    outer loop
      vertex 4.95005 -0.877171 148
      vertex 3.1565 4 148
      vertex 3.1565 -0.877171 148
    endloop
  endfacet
  facet normal -0 0 1
    outer loop
      vertex 80 238.143 148
      vertex 125 236.35 148
      vertex 125 238.143 148
    endloop
  endfacet
  facet normal 0 0 1
    outer loop
      vertex 125 236.35 148
      vertex 80 238.143 148
      vertex 80 236.35 148
    endloop
  endfacet
  facet normal 0 -0.996195 0.0871554
    outer loop
      vertex 2.50963 -2.10201 134
      vertex 3 -1.57708 140
      vertex 2.50963 -1.57708 140
    endloop
  endfacet
  facet normal 0 -0.996195 0.0871554
    outer loop
      vertex 3 -1.57708 140
      vertex 2.50963 -2.10201 134
      vertex 3 -2.10201 134
    endloop
  endfacet
  facet normal 0 -0.996195 0.0871554
    outer loop
      vertex 3.00722 -1.57708 140
      vertex 3.00722 -2.10201 134
      vertex 3.1565 -1.57708 140
    endloop
  endfacet
  facet normal 0 -0.996195 0.0871557
    outer loop
      vertex 3.1565 -1.57708 140
      vertex 4.95005 -0.877171 148
      vertex 3.1565 -0.877171 148
    endloop
  endfacet
  facet normal 0 -0.996195 0.0871554
    outer loop
      vertex 4.95005 -2.10201 134
      vertex 3.1565 -1.57708 140
      vertex 3.00722 -2.10201 134
    endloop
  endfacet
  facet normal 5.55432e-07 -0.996195 0.0871556
    outer loop
      vertex 3.1565 -1.57708 140
      vertex 4.95005 -2.10201 134
      vertex 4.95005 -0.877171 148
    endloop
  endfacet
  facet normal 0 -1 0
    outer loop
      vertex 119 22.5 2.50963
      vertex 125 22.5 3
      vertex 119 22.5 3
    endloop
  endfacet
  facet normal 0 -1 -0
    outer loop
      vertex 125 22.5 3
      vertex 119 22.5 2.50963
      vertex 125 22.5 2.50963
    endloop
  endfacet
  facet normal 0 -1 0
    outer loop
      vertex 119 22.5 4.95005
      vertex 125 22.5 3.1565
      vertex 133 22.5 4.95005
    endloop
  endfacet
  facet normal 0 -1 0
    outer loop
      vertex 119 22.5 3.00722
      vertex 125 22.5 3.1565
      vertex 119 22.5 4.95005
    endloop
  endfacet
  facet normal 0 -1 -0
    outer loop
      vertex 125 22.5 3.1565
      vertex 119 22.5 3.00722
      vertex 125 22.5 3.00722
    endloop
  endfacet
  facet normal 0 -1 -0
    outer loop
      vertex 133 22.5 4.95005
      vertex 125 22.5 3.1565
      vertex 133 22.5 3.1565
    endloop
  endfacet
  facet normal 0 0.470647 -0.882322
    outer loop
      vertex 3.00722 15.7221 124.843
      vertex 15 16.5001 125.258
      vertex 15 15.7221 124.843
    endloop
  endfacet
  facet normal 0 0.470647 -0.882322
    outer loop
      vertex 15 16.5001 125.258
      vertex 3.00722 15.7221 124.843
      vertex 3.00722 16.5001 125.258
    endloop
  endfacet
  facet normal 0 0.291234 -0.956652
    outer loop
      vertex 3.00722 14.8779 124.586
      vertex 15 15.7221 124.843
      vertex 15 14.8779 124.586
    endloop
  endfacet
  facet normal 0 0.291234 -0.956652
    outer loop
      vertex 15 15.7221 124.843
      vertex 3.00722 14.8779 124.586
      vertex 3.00722 15.7221 124.843
    endloop
  endfacet
  facet normal 0 0.956948 -0.290259
    outer loop
      vertex 15 18.1575 127.278
      vertex 3.00722 18.4135 128.122
      vertex 15 18.4135 128.122
    endloop
  endfacet
  facet normal 0 0.956948 -0.290259
    outer loop
      vertex 3.00722 18.4135 128.122
      vertex 15 18.1575 127.278
      vertex 3.00722 18.1575 127.278
    endloop
  endfacet
  facet normal 0 0.956948 0.290259
    outer loop
      vertex 15 18.4135 129.878
      vertex 3.00722 18.1575 130.722
      vertex 15 18.1575 130.722
    endloop
  endfacet
  facet normal 0 0.956948 0.290259
    outer loop
      vertex 3.00722 18.1575 130.722
      vertex 15 18.4135 129.878
      vertex 3.00722 18.4135 129.878
    endloop
  endfacet
  facet normal -0 0.470647 0.882322
    outer loop
      vertex 3.00722 16.5001 132.742
      vertex 15 15.7221 133.157
      vertex 15 16.5001 132.742
    endloop
  endfacet
  facet normal 0 0.470647 0.882322
    outer loop
      vertex 15 15.7221 133.157
      vertex 3.00722 16.5001 132.742
      vertex 3.00722 15.7221 133.157
    endloop
  endfacet
  facet normal 0 -0.0974944 -0.995236
    outer loop
      vertex 3.00722 13.1221 124.586
      vertex 15 14 124.5
      vertex 15 13.1221 124.586
    endloop
  endfacet
  facet normal -0 -0.0974944 -0.995236
    outer loop
      vertex 15 14 124.5
      vertex 3.00722 13.1221 124.586
      vertex 3.00722 14 124.5
    endloop
  endfacet
  facet normal 0 -0.956926 -0.290332
    outer loop
      vertex 3.00722 9.84254 127.278
      vertex 15 9.58647 128.122
      vertex 3.00722 9.58647 128.122
    endloop
  endfacet
  facet normal 0 -0.956926 -0.290332
    outer loop
      vertex 15 9.58647 128.122
      vertex 3.00722 9.84254 127.278
      vertex 15 9.84254 127.278
    endloop
  endfacet
  facet normal 0 0.995182 -0.0980447
    outer loop
      vertex 15 18.4135 128.122
      vertex 3.00722 18.5 129
      vertex 15 18.5 129
    endloop
  endfacet
  facet normal 0 0.995182 -0.0980447
    outer loop
      vertex 3.00722 18.5 129
      vertex 15 18.4135 128.122
      vertex 3.00722 18.4135 128.122
    endloop
  endfacet
  facet normal 0 0.773068 -0.634324
    outer loop
      vertex 15 17.182 125.818
      vertex 3.00722 17.7416 126.5
      vertex 15 17.7416 126.5
    endloop
  endfacet
  facet normal 0 0.773068 -0.634324
    outer loop
      vertex 3.00722 17.7416 126.5
      vertex 15 17.182 125.818
      vertex 3.00722 17.182 125.818
    endloop
  endfacet
  facet normal -0 0.0974944 0.995236
    outer loop
      vertex 3.00722 14.8779 133.414
      vertex 15 14 133.5
      vertex 15 14.8779 133.414
    endloop
  endfacet
  facet normal 0 0.0974944 0.995236
    outer loop
      vertex 15 14 133.5
      vertex 3.00722 14.8779 133.414
      vertex 3.00722 14 133.5
    endloop
  endfacet
  facet normal -0 0.63465 0.7728
    outer loop
      vertex 3.00722 17.182 132.182
      vertex 15 16.5001 132.742
      vertex 15 17.182 132.182
    endloop
  endfacet
  facet normal 0 0.63465 0.7728
    outer loop
      vertex 15 16.5001 132.742
      vertex 3.00722 17.182 132.182
      vertex 3.00722 16.5001 132.742
    endloop
  endfacet
  facet normal 0 0.881898 0.471441
    outer loop
      vertex 15 18.1575 130.722
      vertex 3.00722 17.7416 131.5
      vertex 15 17.7416 131.5
    endloop
  endfacet
  facet normal 0 0.881898 0.471441
    outer loop
      vertex 3.00722 17.7416 131.5
      vertex 15 18.1575 130.722
      vertex 3.00722 18.1575 130.722
    endloop
  endfacet
  facet normal 0 0.995182 0.0980447
    outer loop
      vertex 15 18.5 129
      vertex 3.00722 18.4135 129.878
      vertex 15 18.4135 129.878
    endloop
  endfacet
  facet normal 0 0.995182 0.0980447
    outer loop
      vertex 3.00722 18.4135 129.878
      vertex 15 18.5 129
      vertex 3.00722 18.5 129
    endloop
  endfacet
  facet normal 0 0.773068 0.634324
    outer loop
      vertex 15 17.7416 131.5
      vertex 3.00722 17.182 132.182
      vertex 15 17.182 132.182
    endloop
  endfacet
  facet normal 0 0.773068 0.634324
    outer loop
      vertex 3.00722 17.182 132.182
      vertex 15 17.7416 131.5
      vertex 3.00722 17.7416 131.5
    endloop
  endfacet
  facet normal 0 0.0974944 -0.995236
    outer loop
      vertex 3.00722 14 124.5
      vertex 15 14.8779 124.586
      vertex 15 14 124.5
    endloop
  endfacet
  facet normal 0 0.0974944 -0.995236
    outer loop
      vertex 15 14.8779 124.586
      vertex 3.00722 14 124.5
      vertex 3.00722 14.8779 124.586
    endloop
  endfacet
  facet normal 0 -0.773068 -0.634324
    outer loop
      vertex 3.00722 10.818 125.818
      vertex 15 10.2584 126.5
      vertex 3.00722 10.2584 126.5
    endloop
  endfacet
  facet normal 0 -0.773068 -0.634324
    outer loop
      vertex 15 10.2584 126.5
      vertex 3.00722 10.818 125.818
      vertex 15 10.818 125.818
    endloop
  endfacet
  facet normal 0 -0.291234 -0.956652
    outer loop
      vertex 3.00722 12.2779 124.843
      vertex 15 13.1221 124.586
      vertex 15 12.2779 124.843
    endloop
  endfacet
  facet normal -0 -0.291234 -0.956652
    outer loop
      vertex 15 13.1221 124.586
      vertex 3.00722 12.2779 124.843
      vertex 3.00722 13.1221 124.586
    endloop
  endfacet
  facet normal 0 -0.773068 0.634324
    outer loop
      vertex 3.00722 10.2584 131.5
      vertex 15 10.818 132.182
      vertex 3.00722 10.818 132.182
    endloop
  endfacet
  facet normal 0 -0.773068 0.634324
    outer loop
      vertex 15 10.818 132.182
      vertex 3.00722 10.2584 131.5
      vertex 15 10.2584 131.5
    endloop
  endfacet
  facet normal 0 0.63465 -0.7728
    outer loop
      vertex 3.00722 16.5001 125.258
      vertex 15 17.182 125.818
      vertex 15 16.5001 125.258
    endloop
  endfacet
  facet normal 0 0.63465 -0.7728
    outer loop
      vertex 15 17.182 125.818
      vertex 3.00722 16.5001 125.258
      vertex 3.00722 17.182 125.818
    endloop
  endfacet
  facet normal 0 0.881898 -0.471441
    outer loop
      vertex 15 17.7416 126.5
      vertex 3.00722 18.1575 127.278
      vertex 15 18.1575 127.278
    endloop
  endfacet
  facet normal 0 0.881898 -0.471441
    outer loop
      vertex 3.00722 18.1575 127.278
      vertex 15 17.7416 126.5
      vertex 3.00722 17.7416 126.5
    endloop
  endfacet
  facet normal -0 0.291234 0.956652
    outer loop
      vertex 3.00722 15.7221 133.157
      vertex 15 14.8779 133.414
      vertex 15 15.7221 133.157
    endloop
  endfacet
  facet normal 0 0.291234 0.956652
    outer loop
      vertex 15 14.8779 133.414
      vertex 3.00722 15.7221 133.157
      vertex 3.00722 14.8779 133.414
    endloop
  endfacet
  facet normal 0 -0.470647 -0.882322
    outer loop
      vertex 3.00722 11.4999 125.258
      vertex 15 12.2779 124.843
      vertex 15 11.4999 125.258
    endloop
  endfacet
  facet normal -0 -0.470647 -0.882322
    outer loop
      vertex 15 12.2779 124.843
      vertex 3.00722 11.4999 125.258
      vertex 3.00722 12.2779 124.843
    endloop
  endfacet
  facet normal 0 -0.291234 0.956652
    outer loop
      vertex 3.00722 13.1221 133.414
      vertex 15 12.2779 133.157
      vertex 15 13.1221 133.414
    endloop
  endfacet
  facet normal 0 -0.291234 0.956652
    outer loop
      vertex 15 12.2779 133.157
      vertex 3.00722 13.1221 133.414
      vertex 3.00722 12.2779 133.157
    endloop
  endfacet
  facet normal 0 -0.0974944 0.995236
    outer loop
      vertex 3.00722 14 133.5
      vertex 15 13.1221 133.414
      vertex 15 14 133.5
    endloop
  endfacet
  facet normal 0 -0.0974944 0.995236
    outer loop
      vertex 15 13.1221 133.414
      vertex 3.00722 14 133.5
      vertex 3.00722 13.1221 133.414
    endloop
  endfacet
  facet normal 0 -0.63465 0.7728
    outer loop
      vertex 3.00722 11.4999 132.742
      vertex 15 10.818 132.182
      vertex 15 11.4999 132.742
    endloop
  endfacet
  facet normal 0 -0.63465 0.7728
    outer loop
      vertex 15 10.818 132.182
      vertex 3.00722 11.4999 132.742
      vertex 3.00722 10.818 132.182
    endloop
  endfacet
  facet normal 0 -0.881916 -0.471406
    outer loop
      vertex 3.00722 10.2584 126.5
      vertex 15 9.84254 127.278
      vertex 3.00722 9.84254 127.278
    endloop
  endfacet
  facet normal 0 -0.881916 -0.471406
    outer loop
      vertex 15 9.84254 127.278
      vertex 3.00722 10.2584 126.5
      vertex 15 10.2584 126.5
    endloop
  endfacet
  facet normal 0 -0.63465 -0.7728
    outer loop
      vertex 3.00722 10.818 125.818
      vertex 15 11.4999 125.258
      vertex 15 10.818 125.818
    endloop
  endfacet
  facet normal -0 -0.63465 -0.7728
    outer loop
      vertex 15 11.4999 125.258
      vertex 3.00722 10.818 125.818
      vertex 3.00722 11.4999 125.258
    endloop
  endfacet
  facet normal 0 -0.881916 0.471406
    outer loop
      vertex 3.00722 9.84254 130.722
      vertex 15 10.2584 131.5
      vertex 3.00722 10.2584 131.5
    endloop
  endfacet
  facet normal 0 -0.881916 0.471406
    outer loop
      vertex 15 10.2584 131.5
      vertex 3.00722 9.84254 130.722
      vertex 15 9.84254 130.722
    endloop
  endfacet
  facet normal 0 -0.995185 -0.098011
    outer loop
      vertex 3.00722 9.58647 128.122
      vertex 15 9.5 129
      vertex 3.00722 9.5 129
    endloop
  endfacet
  facet normal 0 -0.995185 -0.098011
    outer loop
      vertex 15 9.5 129
      vertex 3.00722 9.58647 128.122
      vertex 15 9.58647 128.122
    endloop
  endfacet
  facet normal 0 -0.995185 0.098011
    outer loop
      vertex 3.00722 9.5 129
      vertex 15 9.58647 129.878
      vertex 3.00722 9.58647 129.878
    endloop
  endfacet
  facet normal 0 -0.995185 0.098011
    outer loop
      vertex 15 9.58647 129.878
      vertex 3.00722 9.5 129
      vertex 15 9.5 129
    endloop
  endfacet
  facet normal 0 -0.470647 0.882322
    outer loop
      vertex 3.00722 12.2779 133.157
      vertex 15 11.4999 132.742
      vertex 15 12.2779 133.157
    endloop
  endfacet
  facet normal 0 -0.470647 0.882322
    outer loop
      vertex 15 11.4999 132.742
      vertex 3.00722 12.2779 133.157
      vertex 3.00722 11.4999 132.742
    endloop
  endfacet
  facet normal 1 0 0
    outer loop
      vertex 15 16 129
      vertex 15 18.5 129
      vertex 15 18.4135 129.878
    endloop
  endfacet
  facet normal 1 0 0
    outer loop
      vertex 15 15.9616 129.39
      vertex 15 18.4135 129.878
      vertex 15 18.1575 130.722
    endloop
  endfacet
  facet normal 1 0 0
    outer loop
      vertex 15 18.5 129
      vertex 15 16 129
      vertex 15 18.4135 128.122
    endloop
  endfacet
  facet normal 1 0 0
    outer loop
      vertex 15 15.8478 129.765
      vertex 15 18.1575 130.722
      vertex 15 17.7416 131.5
    endloop
  endfacet
  facet normal 1 -0 0
    outer loop
      vertex 15 15.9616 128.61
      vertex 15 18.4135 128.122
      vertex 15 16 129
    endloop
  endfacet
  facet normal 1 0 0
    outer loop
      vertex 15 15.6629 130.111
      vertex 15 17.7416 131.5
      vertex 15 17.182 132.182
    endloop
  endfacet
  facet normal 1 0 0
    outer loop
      vertex 15 18.4135 128.122
      vertex 15 15.9616 128.61
      vertex 15 18.1575 127.278
    endloop
  endfacet
  facet normal 1 0 0
    outer loop
      vertex 15 15.4142 130.414
      vertex 15 17.182 132.182
      vertex 15 16.5001 132.742
    endloop
  endfacet
  facet normal 1 -0 0
    outer loop
      vertex 15 15.8478 128.235
      vertex 15 18.1575 127.278
      vertex 15 15.9616 128.61
    endloop
  endfacet
  facet normal 1 0 0
    outer loop
      vertex 15 18.1575 127.278
      vertex 15 15.8478 128.235
      vertex 15 17.7416 126.5
    endloop
  endfacet
  facet normal 1 0 0
    outer loop
      vertex 15 18.4135 129.878
      vertex 15 15.9616 129.39
      vertex 15 16 129
    endloop
  endfacet
  facet normal 1 0 0
    outer loop
      vertex 15 18.1575 130.722
      vertex 15 15.8478 129.765
      vertex 15 15.9616 129.39
    endloop
  endfacet
  facet normal 1 0 0
    outer loop
      vertex 15 15.1111 130.663
      vertex 15 16.5001 132.742
      vertex 15 15.7221 133.157
    endloop
  endfacet
  facet normal 1 0 0
    outer loop
      vertex 15 17.7416 131.5
      vertex 15 15.6629 130.111
      vertex 15 15.8478 129.765
    endloop
  endfacet
  facet normal 1 0 0
    outer loop
      vertex 15 17.182 132.182
      vertex 15 15.4142 130.414
      vertex 15 15.6629 130.111
    endloop
  endfacet
  facet normal 1 0 0
    outer loop
      vertex 15 16.5001 132.742
      vertex 15 15.1111 130.663
      vertex 15 15.4142 130.414
    endloop
  endfacet
  facet normal 1 0 0
    outer loop
      vertex 15 14.7654 130.848
      vertex 15 15.7221 133.157
      vertex 15 14.8779 133.414
    endloop
  endfacet
  facet normal 1 0 0
    outer loop
      vertex 15 15.7221 133.157
      vertex 15 14.7654 130.848
      vertex 15 15.1111 130.663
    endloop
  endfacet
  facet normal 1 0 0
    outer loop
      vertex 15 14.8779 133.414
      vertex 15 14.3902 130.962
      vertex 15 14.7654 130.848
    endloop
  endfacet
  facet normal 1 0 0
    outer loop
      vertex 15 14 133.5
      vertex 15 14.3902 130.962
      vertex 15 14.8779 133.414
    endloop
  endfacet
  facet normal 1 0 0
    outer loop
      vertex 15 14 133.5
      vertex 15 14 131
      vertex 15 14.3902 130.962
    endloop
  endfacet
  facet normal 1 0 0
    outer loop
      vertex 15 14 133.5
      vertex 15 13.6098 130.962
      vertex 15 14 131
    endloop
  endfacet
  facet normal 1 -0 0
    outer loop
      vertex 15 13.1221 133.414
      vertex 15 13.6098 130.962
      vertex 15 14 133.5
    endloop
  endfacet
  facet normal 1 0 0
    outer loop
      vertex 15 13.6098 130.962
      vertex 15 13.1221 133.414
      vertex 15 13.2346 130.848
    endloop
  endfacet
  facet normal 1 -0 0
    outer loop
      vertex 15 12.2779 133.157
      vertex 15 13.2346 130.848
      vertex 15 13.1221 133.414
    endloop
  endfacet
  facet normal 1 0 0
    outer loop
      vertex 15 13.2346 130.848
      vertex 15 12.2779 133.157
      vertex 15 12.8889 130.663
    endloop
  endfacet
  facet normal 1 -0 0
    outer loop
      vertex 15 11.4999 132.742
      vertex 15 12.8889 130.663
      vertex 15 12.2779 133.157
    endloop
  endfacet
  facet normal 1 0 0
    outer loop
      vertex 15 12.8889 130.663
      vertex 15 11.4999 132.742
      vertex 15 12.5858 130.414
    endloop
  endfacet
  facet normal 1 -0 0
    outer loop
      vertex 15 10.818 132.182
      vertex 15 12.5858 130.414
      vertex 15 11.4999 132.742
    endloop
  endfacet
  facet normal 1 0 0
    outer loop
      vertex 15 12.5858 130.414
      vertex 15 10.818 132.182
      vertex 15 12.3371 130.111
    endloop
  endfacet
  facet normal 1 -0 0
    outer loop
      vertex 15 10.2584 131.5
      vertex 15 12.3371 130.111
      vertex 15 10.818 132.182
    endloop
  endfacet
  facet normal 1 0 0
    outer loop
      vertex 15 12.3371 130.111
      vertex 15 10.2584 131.5
      vertex 15 12.1522 129.765
    endloop
  endfacet
  facet normal 1 -0 0
    outer loop
      vertex 15 15.6629 127.889
      vertex 15 17.7416 126.5
      vertex 15 15.8478 128.235
    endloop
  endfacet
  facet normal 1 0 0
    outer loop
      vertex 15 17.7416 126.5
      vertex 15 15.6629 127.889
      vertex 15 17.182 125.818
    endloop
  endfacet
  facet normal 1 -0 0
    outer loop
      vertex 15 15.4142 127.586
      vertex 15 17.182 125.818
      vertex 15 15.6629 127.889
    endloop
  endfacet
  facet normal 1 0 0
    outer loop
      vertex 15 17.182 125.818
      vertex 15 15.4142 127.586
      vertex 15 16.5001 125.258
    endloop
  endfacet
  facet normal 1 -0 0
    outer loop
      vertex 15 15.1111 127.337
      vertex 15 16.5001 125.258
      vertex 15 15.4142 127.586
    endloop
  endfacet
  facet normal 1 0 0
    outer loop
      vertex 15 16.5001 125.258
      vertex 15 15.1111 127.337
      vertex 15 15.7221 124.843
    endloop
  endfacet
  facet normal 1 -0 0
    outer loop
      vertex 15 14.7654 127.152
      vertex 15 15.7221 124.843
      vertex 15 15.1111 127.337
    endloop
  endfacet
  facet normal 1 0 0
    outer loop
      vertex 15 15.7221 124.843
      vertex 15 14.7654 127.152
      vertex 15 14.8779 124.586
    endloop
  endfacet
  facet normal 1 -0 0
    outer loop
      vertex 15 14.3902 127.038
      vertex 15 14.8779 124.586
      vertex 15 14.7654 127.152
    endloop
  endfacet
  facet normal 1 -0 0
    outer loop
      vertex 15 14 127
      vertex 15 14.8779 124.586
      vertex 15 14.3902 127.038
    endloop
  endfacet
  facet normal 1 0 0
    outer loop
      vertex 15 14 127
      vertex 15 14 124.5
      vertex 15 14.8779 124.586
    endloop
  endfacet
  facet normal 1 0 0
    outer loop
      vertex 15 13.6098 127.038
      vertex 15 14 124.5
      vertex 15 14 127
    endloop
  endfacet
  facet normal 1 0 0
    outer loop
      vertex 15 13.1221 124.586
      vertex 15 13.6098 127.038
      vertex 15 13.2346 127.152
    endloop
  endfacet
  facet normal 1 0 0
    outer loop
      vertex 15 13.6098 127.038
      vertex 15 13.1221 124.586
      vertex 15 14 124.5
    endloop
  endfacet
  facet normal 1 0 0
    outer loop
      vertex 15 12.2779 124.843
      vertex 15 13.2346 127.152
      vertex 15 12.8889 127.337
    endloop
  endfacet
  facet normal 1 0 0
    outer loop
      vertex 15 11.4999 125.258
      vertex 15 12.8889 127.337
      vertex 15 12.5858 127.586
    endloop
  endfacet
  facet normal 1 0 0
    outer loop
      vertex 15 10.818 125.818
      vertex 15 12.5858 127.586
      vertex 15 12.3371 127.889
    endloop
  endfacet
  facet normal 1 0 0
    outer loop
      vertex 15 13.2346 127.152
      vertex 15 12.2779 124.843
      vertex 15 13.1221 124.586
    endloop
  endfacet
  facet normal 1 0 0
    outer loop
      vertex 15 10.2584 126.5
      vertex 15 12.3371 127.889
      vertex 15 12.1522 128.235
    endloop
  endfacet
  facet normal 1 0 0
    outer loop
      vertex 15 9.84254 127.278
      vertex 15 12.1522 128.235
      vertex 15 12.0384 128.61
    endloop
  endfacet
  facet normal 1 0 0
    outer loop
      vertex 15 9.58647 128.122
      vertex 15 12.0384 128.61
      vertex 15 12 129
    endloop
  endfacet
  facet normal 1 -0 0
    outer loop
      vertex 15 9.84254 130.722
      vertex 15 12.1522 129.765
      vertex 15 10.2584 131.5
    endloop
  endfacet
  facet normal 1 0 0
    outer loop
      vertex 15 12.8889 127.337
      vertex 15 11.4999 125.258
      vertex 15 12.2779 124.843
    endloop
  endfacet
  facet normal 1 0 0
    outer loop
      vertex 15 12.1522 129.765
      vertex 15 9.84254 130.722
      vertex 15 12.0384 129.39
    endloop
  endfacet
  facet normal 1 0 0
    outer loop
      vertex 15 12.5858 127.586
      vertex 15 10.818 125.818
      vertex 15 11.4999 125.258
    endloop
  endfacet
  facet normal 1 -0 0
    outer loop
      vertex 15 9.58647 129.878
      vertex 15 12.0384 129.39
      vertex 15 9.84254 130.722
    endloop
  endfacet
  facet normal 1 0 0
    outer loop
      vertex 15 12.3371 127.889
      vertex 15 10.2584 126.5
      vertex 15 10.818 125.818
    endloop
  endfacet
  facet normal 1 0 0
    outer loop
      vertex 15 12.0384 129.39
      vertex 15 9.58647 129.878
      vertex 15 12 129
    endloop
  endfacet
  facet normal 1 0 0
    outer loop
      vertex 15 12.1522 128.235
      vertex 15 9.84254 127.278
      vertex 15 10.2584 126.5
    endloop
  endfacet
  facet normal 1 0 0
    outer loop
      vertex 15 9.5 129
      vertex 15 12 129
      vertex 15 9.58647 129.878
    endloop
  endfacet
  facet normal 1 0 0
    outer loop
      vertex 15 12.0384 128.61
      vertex 15 9.58647 128.122
      vertex 15 9.84254 127.278
    endloop
  endfacet
  facet normal 1 0 0
    outer loop
      vertex 15 12 129
      vertex 15 9.5 129
      vertex 15 9.58647 128.122
    endloop
  endfacet
  facet normal 0 -0.956926 0.290332
    outer loop
      vertex 3.00722 9.58647 129.878
      vertex 15 9.84254 130.722
      vertex 3.00722 9.84254 130.722
    endloop
  endfacet
  facet normal 0 -0.956926 0.290332
    outer loop
      vertex 15 9.84254 130.722
      vertex 3.00722 9.58647 129.878
      vertex 15 9.58647 129.878
    endloop
  endfacet
  facet normal 0.995182 -0 0.0980447
    outer loop
      vertex 74.4135 226.3 129.878
      vertex 74.5 238.293 129
      vertex 74.4135 238.293 129.878
    endloop
  endfacet
  facet normal 0.995182 0 0.0980447
    outer loop
      vertex 74.5 238.293 129
      vertex 74.4135 226.3 129.878
      vertex 74.5 226.3 129
    endloop
  endfacet
  facet normal 0.995182 0 -0.0980447
    outer loop
      vertex 74.5 226.3 129
      vertex 74.4135 238.293 128.122
      vertex 74.5 238.293 129
    endloop
  endfacet
  facet normal 0.995182 0 -0.0980447
    outer loop
      vertex 74.4135 238.293 128.122
      vertex 74.5 226.3 129
      vertex 74.4135 226.3 128.122
    endloop
  endfacet
  facet normal -0.0974944 0 -0.995236
    outer loop
      vertex 69.1221 226.3 124.586
      vertex 70 238.293 124.5
      vertex 70 226.3 124.5
    endloop
  endfacet
  facet normal -0.0974944 0 -0.995236
    outer loop
      vertex 70 238.293 124.5
      vertex 69.1221 226.3 124.586
      vertex 69.1221 238.293 124.586
    endloop
  endfacet
  facet normal 0.470647 0 0.882322
    outer loop
      vertex 71.7221 238.293 133.157
      vertex 72.5001 226.3 132.742
      vertex 72.5001 238.293 132.742
    endloop
  endfacet
  facet normal 0.470647 0 0.882322
    outer loop
      vertex 72.5001 226.3 132.742
      vertex 71.7221 238.293 133.157
      vertex 71.7221 226.3 133.157
    endloop
  endfacet
  facet normal -0.470647 0 0.882322
    outer loop
      vertex 67.4999 238.293 132.742
      vertex 68.2779 226.3 133.157
      vertex 68.2779 238.293 133.157
    endloop
  endfacet
  facet normal -0.470647 0 0.882322
    outer loop
      vertex 68.2779 226.3 133.157
      vertex 67.4999 238.293 132.742
      vertex 67.4999 226.3 132.742
    endloop
  endfacet
  facet normal -0.956948 0 0.290259
    outer loop
      vertex 65.5865 226.3 129.878
      vertex 65.8425 238.293 130.722
      vertex 65.5865 238.293 129.878
    endloop
  endfacet
  facet normal -0.956948 0 0.290259
    outer loop
      vertex 65.8425 238.293 130.722
      vertex 65.5865 226.3 129.878
      vertex 65.8425 226.3 130.722
    endloop
  endfacet
  facet normal 0.881898 -0 0.471441
    outer loop
      vertex 73.7416 226.3 131.5
      vertex 74.1575 238.293 130.722
      vertex 73.7416 238.293 131.5
    endloop
  endfacet
  facet normal 0.881898 0 0.471441
    outer loop
      vertex 74.1575 238.293 130.722
      vertex 73.7416 226.3 131.5
      vertex 74.1575 226.3 130.722
    endloop
  endfacet
  facet normal 0.63465 0 0.7728
    outer loop
      vertex 72.5001 238.293 132.742
      vertex 73.182 226.3 132.182
      vertex 73.182 238.293 132.182
    endloop
  endfacet
  facet normal 0.63465 0 0.7728
    outer loop
      vertex 73.182 226.3 132.182
      vertex 72.5001 238.293 132.742
      vertex 72.5001 226.3 132.742
    endloop
  endfacet
  facet normal 0.291234 0 0.956652
    outer loop
      vertex 70.8779 238.293 133.414
      vertex 71.7221 226.3 133.157
      vertex 71.7221 238.293 133.157
    endloop
  endfacet
  facet normal 0.291234 0 0.956652
    outer loop
      vertex 71.7221 226.3 133.157
      vertex 70.8779 238.293 133.414
      vertex 70.8779 226.3 133.414
    endloop
  endfacet
  facet normal -0.0974944 0 0.995236
    outer loop
      vertex 69.1221 238.293 133.414
      vertex 70 226.3 133.5
      vertex 70 238.293 133.5
    endloop
  endfacet
  facet normal -0.0974944 0 0.995236
    outer loop
      vertex 70 226.3 133.5
      vertex 69.1221 238.293 133.414
      vertex 69.1221 226.3 133.414
    endloop
  endfacet
  facet normal -0.995182 0 -0.0980447
    outer loop
      vertex 65.5865 226.3 128.122
      vertex 65.5 238.293 129
      vertex 65.5865 238.293 128.122
    endloop
  endfacet
  facet normal -0.995182 -0 -0.0980447
    outer loop
      vertex 65.5 238.293 129
      vertex 65.5865 226.3 128.122
      vertex 65.5 226.3 129
    endloop
  endfacet
  facet normal -0.881898 0 0.471441
    outer loop
      vertex 65.8425 226.3 130.722
      vertex 66.2584 238.293 131.5
      vertex 65.8425 238.293 130.722
    endloop
  endfacet
  facet normal -0.881898 0 0.471441
    outer loop
      vertex 66.2584 238.293 131.5
      vertex 65.8425 226.3 130.722
      vertex 66.2584 226.3 131.5
    endloop
  endfacet
  facet normal 0.291234 0 -0.956652
    outer loop
      vertex 70.8779 226.3 124.586
      vertex 71.7221 238.293 124.843
      vertex 71.7221 226.3 124.843
    endloop
  endfacet
  facet normal 0.291234 0 -0.956652
    outer loop
      vertex 71.7221 238.293 124.843
      vertex 70.8779 226.3 124.586
      vertex 70.8779 238.293 124.586
    endloop
  endfacet
  facet normal 0.881898 0 -0.471441
    outer loop
      vertex 74.1575 226.3 127.278
      vertex 73.7416 238.293 126.5
      vertex 74.1575 238.293 127.278
    endloop
  endfacet
  facet normal 0.881898 0 -0.471441
    outer loop
      vertex 73.7416 238.293 126.5
      vertex 74.1575 226.3 127.278
      vertex 73.7416 226.3 126.5
    endloop
  endfacet
  facet normal 0.470647 0 -0.882322
    outer loop
      vertex 71.7221 226.3 124.843
      vertex 72.5001 238.293 125.258
      vertex 72.5001 226.3 125.258
    endloop
  endfacet
  facet normal 0.470647 0 -0.882322
    outer loop
      vertex 72.5001 238.293 125.258
      vertex 71.7221 226.3 124.843
      vertex 71.7221 238.293 124.843
    endloop
  endfacet
  facet normal 0.0974944 0 -0.995236
    outer loop
      vertex 70 226.3 124.5
      vertex 70.8779 238.293 124.586
      vertex 70.8779 226.3 124.586
    endloop
  endfacet
  facet normal 0.0974944 0 -0.995236
    outer loop
      vertex 70.8779 238.293 124.586
      vertex 70 226.3 124.5
      vertex 70 238.293 124.5
    endloop
  endfacet
  facet normal -0.470647 0 -0.882322
    outer loop
      vertex 67.4999 226.3 125.258
      vertex 68.2779 238.293 124.843
      vertex 68.2779 226.3 124.843
    endloop
  endfacet
  facet normal -0.470647 0 -0.882322
    outer loop
      vertex 68.2779 238.293 124.843
      vertex 67.4999 226.3 125.258
      vertex 67.4999 238.293 125.258
    endloop
  endfacet
  facet normal 0.956948 -0 0.290259
    outer loop
      vertex 74.1575 226.3 130.722
      vertex 74.4135 238.293 129.878
      vertex 74.1575 238.293 130.722
    endloop
  endfacet
  facet normal 0.956948 0 0.290259
    outer loop
      vertex 74.4135 238.293 129.878
      vertex 74.1575 226.3 130.722
      vertex 74.4135 226.3 129.878
    endloop
  endfacet
  facet normal 0.773068 -0 0.634324
    outer loop
      vertex 73.182 226.3 132.182
      vertex 73.7416 238.293 131.5
      vertex 73.182 238.293 132.182
    endloop
  endfacet
  facet normal 0.773068 0 0.634324
    outer loop
      vertex 73.7416 238.293 131.5
      vertex 73.182 226.3 132.182
      vertex 73.7416 226.3 131.5
    endloop
  endfacet
  facet normal 0.0974944 0 0.995236
    outer loop
      vertex 70 238.293 133.5
      vertex 70.8779 226.3 133.414
      vertex 70.8779 238.293 133.414
    endloop
  endfacet
  facet normal 0.0974944 0 0.995236
    outer loop
      vertex 70.8779 226.3 133.414
      vertex 70 238.293 133.5
      vertex 70 226.3 133.5
    endloop
  endfacet
  facet normal 0 -1 0
    outer loop
      vertex 69.1221 226.3 133.414
      vertex 70.8779 226.3 133.414
      vertex 70 226.3 133.5
    endloop
  endfacet
  facet normal 0 -1 0
    outer loop
      vertex 68.2779 226.3 133.157
      vertex 70.8779 226.3 133.414
      vertex 69.1221 226.3 133.414
    endloop
  endfacet
  facet normal 0 -1 0
    outer loop
      vertex 68.2779 226.3 133.157
      vertex 71.7221 226.3 133.157
      vertex 70.8779 226.3 133.414
    endloop
  endfacet
  facet normal 0 -1 0
    outer loop
      vertex 67.4999 226.3 132.742
      vertex 71.7221 226.3 133.157
      vertex 68.2779 226.3 133.157
    endloop
  endfacet
  facet normal 0 -1 0
    outer loop
      vertex 67.4999 226.3 132.742
      vertex 72.5001 226.3 132.742
      vertex 71.7221 226.3 133.157
    endloop
  endfacet
  facet normal 0 -1 0
    outer loop
      vertex 66.818 226.3 132.182
      vertex 72.5001 226.3 132.742
      vertex 67.4999 226.3 132.742
    endloop
  endfacet
  facet normal 0 -1 0
    outer loop
      vertex 66.818 226.3 132.182
      vertex 73.182 226.3 132.182
      vertex 72.5001 226.3 132.742
    endloop
  endfacet
  facet normal 0 -1 0
    outer loop
      vertex 66.2584 226.3 131.5
      vertex 73.182 226.3 132.182
      vertex 66.818 226.3 132.182
    endloop
  endfacet
  facet normal 0 -1 0
    outer loop
      vertex 66.2584 226.3 131.5
      vertex 73.7416 226.3 131.5
      vertex 73.182 226.3 132.182
    endloop
  endfacet
  facet normal 0 -1 0
    outer loop
      vertex 65.8425 226.3 130.722
      vertex 73.7416 226.3 131.5
      vertex 66.2584 226.3 131.5
    endloop
  endfacet
  facet normal 0 -1 0
    outer loop
      vertex 65.8425 226.3 130.722
      vertex 74.1575 226.3 130.722
      vertex 73.7416 226.3 131.5
    endloop
  endfacet
  facet normal 0 -1 0
    outer loop
      vertex 65.5865 226.3 129.878
      vertex 74.1575 226.3 130.722
      vertex 65.8425 226.3 130.722
    endloop
  endfacet
  facet normal 0 -1 0
    outer loop
      vertex 65.5865 226.3 129.878
      vertex 74.4135 226.3 129.878
      vertex 74.1575 226.3 130.722
    endloop
  endfacet
  facet normal 0 -1 0
    outer loop
      vertex 65.5 226.3 129
      vertex 74.4135 226.3 129.878
      vertex 65.5865 226.3 129.878
    endloop
  endfacet
  facet normal 0 -1 0
    outer loop
      vertex 65.5 226.3 129
      vertex 74.5 226.3 129
      vertex 74.4135 226.3 129.878
    endloop
  endfacet
  facet normal 0 -1 0
    outer loop
      vertex 65.5865 226.3 128.122
      vertex 74.5 226.3 129
      vertex 65.5 226.3 129
    endloop
  endfacet
  facet normal 0 -1 0
    outer loop
      vertex 65.5865 226.3 128.122
      vertex 74.4135 226.3 128.122
      vertex 74.5 226.3 129
    endloop
  endfacet
  facet normal 0 -1 0
    outer loop
      vertex 65.8425 226.3 127.278
      vertex 74.4135 226.3 128.122
      vertex 65.5865 226.3 128.122
    endloop
  endfacet
  facet normal 0 -1 0
    outer loop
      vertex 65.8425 226.3 127.278
      vertex 74.1575 226.3 127.278
      vertex 74.4135 226.3 128.122
    endloop
  endfacet
  facet normal 0 -1 0
    outer loop
      vertex 66.2584 226.3 126.5
      vertex 74.1575 226.3 127.278
      vertex 65.8425 226.3 127.278
    endloop
  endfacet
  facet normal 0 -1 0
    outer loop
      vertex 66.2584 226.3 126.5
      vertex 73.7416 226.3 126.5
      vertex 74.1575 226.3 127.278
    endloop
  endfacet
  facet normal 0 -1 0
    outer loop
      vertex 66.818 226.3 125.818
      vertex 73.7416 226.3 126.5
      vertex 66.2584 226.3 126.5
    endloop
  endfacet
  facet normal 0 -1 0
    outer loop
      vertex 66.818 226.3 125.818
      vertex 73.182 226.3 125.818
      vertex 73.7416 226.3 126.5
    endloop
  endfacet
  facet normal 0 -1 0
    outer loop
      vertex 67.4999 226.3 125.258
      vertex 73.182 226.3 125.818
      vertex 66.818 226.3 125.818
    endloop
  endfacet
  facet normal 0 -1 0
    outer loop
      vertex 67.4999 226.3 125.258
      vertex 72.5001 226.3 125.258
      vertex 73.182 226.3 125.818
    endloop
  endfacet
  facet normal 0 -1 0
    outer loop
      vertex 68.2779 226.3 124.843
      vertex 72.5001 226.3 125.258
      vertex 67.4999 226.3 125.258
    endloop
  endfacet
  facet normal 0 -1 0
    outer loop
      vertex 68.2779 226.3 124.843
      vertex 71.7221 226.3 124.843
      vertex 72.5001 226.3 125.258
    endloop
  endfacet
  facet normal 0 -1 0
    outer loop
      vertex 69.1221 226.3 124.586
      vertex 71.7221 226.3 124.843
      vertex 68.2779 226.3 124.843
    endloop
  endfacet
  facet normal 0 -1 0
    outer loop
      vertex 69.1221 226.3 124.586
      vertex 70.8779 226.3 124.586
      vertex 71.7221 226.3 124.843
    endloop
  endfacet
  facet normal -0 -1 0
    outer loop
      vertex 70.8779 226.3 124.586
      vertex 69.1221 226.3 124.586
      vertex 70 226.3 124.5
    endloop
  endfacet
  facet normal -0.995182 0 0.0980447
    outer loop
      vertex 65.5 226.3 129
      vertex 65.5865 238.293 129.878
      vertex 65.5 238.293 129
    endloop
  endfacet
  facet normal -0.995182 0 0.0980447
    outer loop
      vertex 65.5865 238.293 129.878
      vertex 65.5 226.3 129
      vertex 65.5865 226.3 129.878
    endloop
  endfacet
  facet normal -0.291234 0 0.956652
    outer loop
      vertex 68.2779 238.293 133.157
      vertex 69.1221 226.3 133.414
      vertex 69.1221 238.293 133.414
    endloop
  endfacet
  facet normal -0.291234 0 0.956652
    outer loop
      vertex 69.1221 226.3 133.414
      vertex 68.2779 238.293 133.157
      vertex 68.2779 226.3 133.157
    endloop
  endfacet
  facet normal -0.63465 0 0.7728
    outer loop
      vertex 66.818 238.293 132.182
      vertex 67.4999 226.3 132.742
      vertex 67.4999 238.293 132.742
    endloop
  endfacet
  facet normal -0.63465 0 0.7728
    outer loop
      vertex 67.4999 226.3 132.742
      vertex 66.818 238.293 132.182
      vertex 66.818 226.3 132.182
    endloop
  endfacet
  facet normal -0.773068 0 0.634324
    outer loop
      vertex 66.2584 226.3 131.5
      vertex 66.818 238.293 132.182
      vertex 66.2584 238.293 131.5
    endloop
  endfacet
  facet normal -0.773068 0 0.634324
    outer loop
      vertex 66.818 238.293 132.182
      vertex 66.2584 226.3 131.5
      vertex 66.818 226.3 132.182
    endloop
  endfacet
  facet normal 0.956948 0 -0.290259
    outer loop
      vertex 74.4135 226.3 128.122
      vertex 74.1575 238.293 127.278
      vertex 74.4135 238.293 128.122
    endloop
  endfacet
  facet normal 0.956948 0 -0.290259
    outer loop
      vertex 74.1575 238.293 127.278
      vertex 74.4135 226.3 128.122
      vertex 74.1575 226.3 127.278
    endloop
  endfacet
  facet normal 0.63465 0 -0.7728
    outer loop
      vertex 72.5001 226.3 125.258
      vertex 73.182 238.293 125.818
      vertex 73.182 226.3 125.818
    endloop
  endfacet
  facet normal 0.63465 0 -0.7728
    outer loop
      vertex 73.182 238.293 125.818
      vertex 72.5001 226.3 125.258
      vertex 72.5001 238.293 125.258
    endloop
  endfacet
  facet normal 0.773068 0 -0.634324
    outer loop
      vertex 73.7416 226.3 126.5
      vertex 73.182 238.293 125.818
      vertex 73.7416 238.293 126.5
    endloop
  endfacet
  facet normal 0.773068 0 -0.634324
    outer loop
      vertex 73.182 238.293 125.818
      vertex 73.7416 226.3 126.5
      vertex 73.182 226.3 125.818
    endloop
  endfacet
  facet normal -0.291234 0 -0.956652
    outer loop
      vertex 68.2779 226.3 124.843
      vertex 69.1221 238.293 124.586
      vertex 69.1221 226.3 124.586
    endloop
  endfacet
  facet normal -0.291234 0 -0.956652
    outer loop
      vertex 69.1221 238.293 124.586
      vertex 68.2779 226.3 124.843
      vertex 68.2779 238.293 124.843
    endloop
  endfacet
  facet normal -0.956948 0 -0.290259
    outer loop
      vertex 65.8425 226.3 127.278
      vertex 65.5865 238.293 128.122
      vertex 65.8425 238.293 127.278
    endloop
  endfacet
  facet normal -0.956948 -0 -0.290259
    outer loop
      vertex 65.5865 238.293 128.122
      vertex 65.8425 226.3 127.278
      vertex 65.5865 226.3 128.122
    endloop
  endfacet
  facet normal -0.881898 0 -0.471441
    outer loop
      vertex 66.2584 226.3 126.5
      vertex 65.8425 238.293 127.278
      vertex 66.2584 238.293 126.5
    endloop
  endfacet
  facet normal -0.881898 -0 -0.471441
    outer loop
      vertex 65.8425 238.293 127.278
      vertex 66.2584 226.3 126.5
      vertex 65.8425 226.3 127.278
    endloop
  endfacet
  facet normal -0.773068 0 -0.634324
    outer loop
      vertex 66.818 226.3 125.818
      vertex 66.2584 238.293 126.5
      vertex 66.818 238.293 125.818
    endloop
  endfacet
  facet normal -0.773068 -0 -0.634324
    outer loop
      vertex 66.2584 238.293 126.5
      vertex 66.818 226.3 125.818
      vertex 66.2584 226.3 126.5
    endloop
  endfacet
  facet normal -0.63465 0 -0.7728
    outer loop
      vertex 66.818 226.3 125.818
      vertex 67.4999 238.293 125.258
      vertex 67.4999 226.3 125.258
    endloop
  endfacet
  facet normal -0.63465 0 -0.7728
    outer loop
      vertex 67.4999 238.293 125.258
      vertex 66.818 226.3 125.818
      vertex 66.818 238.293 125.818
    endloop
  endfacet
  facet normal 1 -0 0
    outer loop
      vertex 2 4 140
      vertex 2 24 139.9
      vertex 2 24 140
    endloop
  endfacet
  facet normal 1 0 0
    outer loop
      vertex 2 24 139.9
      vertex 2 4 140
      vertex 2 4 139.9
    endloop
  endfacet
  facet normal 0 -1 0
    outer loop
      vertex 2 24 140
      vertex 2 24 139.9
      vertex 3.1565 24 140
    endloop
  endfacet
  facet normal 0 -1 0
    outer loop
      vertex 3.1565 24 140
      vertex 4.95005 24 148
      vertex 3.1565 24 148
    endloop
  endfacet
  facet normal 0 -1 0
    outer loop
      vertex 3.1565 24 140
      vertex 4.95005 24 139.9
      vertex 4.95005 24 148
    endloop
  endfacet
  facet normal 0 -1 0
    outer loop
      vertex 4.95005 24 139.9
      vertex 3.1565 24 140
      vertex 2 24 139.9
    endloop
  endfacet
  facet normal -0 0 1
    outer loop
      vertex 2 24 139.9
      vertex 4.95005 4 139.9
      vertex 4.95005 24 139.9
    endloop
  endfacet
  facet normal 0 0 1
    outer loop
      vertex 4.95005 4 139.9
      vertex 2 24 139.9
      vertex 2 4 139.9
    endloop
  endfacet
  facet normal 0 1 0
    outer loop
      vertex 4.95005 4 148
      vertex 3.1565 4 140
      vertex 3.1565 4 148
    endloop
  endfacet
  facet normal 0 1 -0
    outer loop
      vertex 4.95005 4 139.9
      vertex 3.1565 4 140
      vertex 4.95005 4 148
    endloop
  endfacet
  facet normal 0 1 0
    outer loop
      vertex 2 4 139.9
      vertex 3.1565 4 140
      vertex 4.95005 4 139.9
    endloop
  endfacet
  facet normal 0 1 0
    outer loop
      vertex 3.1565 4 140
      vertex 2 4 139.9
      vertex 2 4 140
    endloop
  endfacet
  facet normal 1 0 0
    outer loop
      vertex 60 238.143 148
      vertex 60 236.35 148
      vertex 60 238.143 140
    endloop
  endfacet
  facet normal 1 -0 0
    outer loop
      vertex 60 238.143 140
      vertex 60 239.3 139.9
      vertex 60 239.3 140
    endloop
  endfacet
  facet normal 1 0 0
    outer loop
      vertex 60 238.143 140
      vertex 60 236.35 139.9
      vertex 60 239.3 139.9
    endloop
  endfacet
  facet normal 1 0 0
    outer loop
      vertex 60 236.35 139.9
      vertex 60 238.143 140
      vertex 60 236.35 148
    endloop
  endfacet
  facet normal -1 0 0
    outer loop
      vertex 80 239.3 139.9
      vertex 80 238.143 140
      vertex 80 239.3 140
    endloop
  endfacet
  facet normal -1 0 0
    outer loop
      vertex 80 236.35 139.9
      vertex 80 238.143 140
      vertex 80 239.3 139.9
    endloop
  endfacet
  facet normal -1 0 0
    outer loop
      vertex 80 236.35 148
      vertex 80 238.143 140
      vertex 80 236.35 139.9
    endloop
  endfacet
  facet normal -1 0 0
    outer loop
      vertex 80 238.143 140
      vertex 80 236.35 148
      vertex 80 238.143 148
    endloop
  endfacet
  facet normal 0 -1 0
    outer loop
      vertex 60 239.3 139.9
      vertex 80 239.3 140
      vertex 60 239.3 140
    endloop
  endfacet
  facet normal 0 -1 -0
    outer loop
      vertex 80 239.3 140
      vertex 60 239.3 139.9
      vertex 80 239.3 139.9
    endloop
  endfacet
  facet normal -0 0 1
    outer loop
      vertex 60 239.3 139.9
      vertex 80 236.35 139.9
      vertex 80 239.3 139.9
    endloop
  endfacet
  facet normal 0 0 1
    outer loop
      vertex 80 236.35 139.9
      vertex 60 239.3 139.9
      vertex 60 236.35 139.9
    endloop
  endfacet
  facet normal 0 -0.0969274 -0.995291
    outer loop
      vertex 5.51 14 131
      vertex 15 14.3902 130.962
      vertex 15 14 131
    endloop
  endfacet
  facet normal -0 -0.0969274 -0.995291
    outer loop
      vertex 15 14.3902 130.962
      vertex 5.51 14 131
      vertex 5.51 14.3902 130.962
    endloop
  endfacet
  facet normal 0 0.0969274 -0.995291
    outer loop
      vertex 5.51 13.6098 130.962
      vertex 15 14 131
      vertex 15 13.6098 130.962
    endloop
  endfacet
  facet normal 0 0.0969274 -0.995291
    outer loop
      vertex 15 14 131
      vertex 5.51 13.6098 130.962
      vertex 5.51 14 131
    endloop
  endfacet
  facet normal 0 -0.881965 -0.471316
    outer loop
      vertex 5.51 15.8478 129.765
      vertex 15 15.6629 130.111
      vertex 5.51 15.6629 130.111
    endloop
  endfacet
  facet normal 0 -0.881965 -0.471316
    outer loop
      vertex 15 15.6629 130.111
      vertex 5.51 15.8478 129.765
      vertex 15 15.8478 129.765
    endloop
  endfacet
  facet normal 0 -0.881965 0.471316
    outer loop
      vertex 5.51 15.6629 127.889
      vertex 15 15.8478 128.235
      vertex 5.51 15.8478 128.235
    endloop
  endfacet
  facet normal 0 -0.881965 0.471316
    outer loop
      vertex 15 15.8478 128.235
      vertex 5.51 15.6629 127.889
      vertex 15 15.6629 127.889
    endloop
  endfacet
  facet normal 0 -0.290715 0.95681
    outer loop
      vertex 5.51 14.7654 127.152
      vertex 15 14.3902 127.038
      vertex 15 14.7654 127.152
    endloop
  endfacet
  facet normal 0 -0.290715 0.95681
    outer loop
      vertex 15 14.3902 127.038
      vertex 5.51 14.7654 127.152
      vertex 5.51 14.3902 127.038
    endloop
  endfacet
  facet normal -0 0.471832 0.881688
    outer loop
      vertex 5.51 13.2346 127.152
      vertex 15 12.8889 127.337
      vertex 15 13.2346 127.152
    endloop
  endfacet
  facet normal 0 0.471832 0.881688
    outer loop
      vertex 15 12.8889 127.337
      vertex 5.51 13.2346 127.152
      vertex 5.51 12.8889 127.337
    endloop
  endfacet
  facet normal 0 0.956908 0.29039
    outer loop
      vertex 15 12.1522 128.235
      vertex 5.51 12.0384 128.61
      vertex 15 12.0384 128.61
    endloop
  endfacet
  facet normal 0 0.956908 0.29039
    outer loop
      vertex 5.51 12.0384 128.61
      vertex 15 12.1522 128.235
      vertex 5.51 12.1522 128.235
    endloop
  endfacet
  facet normal 0 -0.471832 -0.881688
    outer loop
      vertex 5.51 14.7654 130.848
      vertex 15 15.1111 130.663
      vertex 15 14.7654 130.848
    endloop
  endfacet
  facet normal -0 -0.471832 -0.881688
    outer loop
      vertex 15 15.1111 130.663
      vertex 5.51 14.7654 130.848
      vertex 5.51 15.1111 130.663
    endloop
  endfacet
  facet normal 0 -0.995188 0.0979877
    outer loop
      vertex 5.51 15.9616 128.61
      vertex 15 16 129
      vertex 5.51 16 129
    endloop
  endfacet
  facet normal 0 -0.995188 0.0979877
    outer loop
      vertex 15 16 129
      vertex 5.51 15.9616 128.61
      vertex 15 15.9616 128.61
    endloop
  endfacet
  facet normal -0 0.0969274 0.995291
    outer loop
      vertex 5.51 14 127
      vertex 15 13.6098 127.038
      vertex 15 14 127
    endloop
  endfacet
  facet normal 0 0.0969274 0.995291
    outer loop
      vertex 15 13.6098 127.038
      vertex 5.51 14 127
      vertex 5.51 13.6098 127.038
    endloop
  endfacet
  facet normal 0 -0.471832 0.881688
    outer loop
      vertex 5.51 15.1111 127.337
      vertex 15 14.7654 127.152
      vertex 15 15.1111 127.337
    endloop
  endfacet
  facet normal 0 -0.471832 0.881688
    outer loop
      vertex 15 14.7654 127.152
      vertex 5.51 15.1111 127.337
      vertex 5.51 14.7654 127.152
    endloop
  endfacet
  facet normal 0 -0.634777 0.772695
    outer loop
      vertex 5.51 15.4142 127.586
      vertex 15 15.1111 127.337
      vertex 15 15.4142 127.586
    endloop
  endfacet
  facet normal 0 -0.634777 0.772695
    outer loop
      vertex 15 15.1111 127.337
      vertex 5.51 15.4142 127.586
      vertex 5.51 15.1111 127.337
    endloop
  endfacet
  facet normal 0 0.471832 -0.881688
    outer loop
      vertex 5.51 12.8889 130.663
      vertex 15 13.2346 130.848
      vertex 15 12.8889 130.663
    endloop
  endfacet
  facet normal 0 0.471832 -0.881688
    outer loop
      vertex 15 13.2346 130.848
      vertex 5.51 12.8889 130.663
      vertex 5.51 13.2346 130.848
    endloop
  endfacet
  facet normal 0 0.881965 -0.471316
    outer loop
      vertex 15 12.1522 129.765
      vertex 5.51 12.3371 130.111
      vertex 15 12.3371 130.111
    endloop
  endfacet
  facet normal 0 0.881965 -0.471316
    outer loop
      vertex 5.51 12.3371 130.111
      vertex 15 12.1522 129.765
      vertex 5.51 12.1522 129.765
    endloop
  endfacet
  facet normal 0 0.995188 -0.0979877
    outer loop
      vertex 15 12 129
      vertex 5.51 12.0384 129.39
      vertex 15 12.0384 129.39
    endloop
  endfacet
  facet normal 0 0.995188 -0.0979877
    outer loop
      vertex 5.51 12.0384 129.39
      vertex 15 12 129
      vertex 5.51 12 129
    endloop
  endfacet
  facet normal 0 0.881965 0.471316
    outer loop
      vertex 15 12.3371 127.889
      vertex 5.51 12.1522 128.235
      vertex 15 12.1522 128.235
    endloop
  endfacet
  facet normal 0 0.881965 0.471316
    outer loop
      vertex 5.51 12.1522 128.235
      vertex 15 12.3371 127.889
      vertex 5.51 12.3371 127.889
    endloop
  endfacet
  facet normal 0 0.772968 0.634446
    outer loop
      vertex 15 12.5858 127.586
      vertex 5.51 12.3371 127.889
      vertex 15 12.3371 127.889
    endloop
  endfacet
  facet normal 0 0.772968 0.634446
    outer loop
      vertex 5.51 12.3371 127.889
      vertex 15 12.5858 127.586
      vertex 5.51 12.5858 127.586
    endloop
  endfacet
  facet normal 0 -0.290715 -0.95681
    outer loop
      vertex 5.51 14.3902 130.962
      vertex 15 14.7654 130.848
      vertex 15 14.3902 130.962
    endloop
  endfacet
  facet normal -0 -0.290715 -0.95681
    outer loop
      vertex 15 14.7654 130.848
      vertex 5.51 14.3902 130.962
      vertex 5.51 14.7654 130.848
    endloop
  endfacet
  facet normal 0 -0.634777 -0.772695
    outer loop
      vertex 5.51 15.1111 130.663
      vertex 15 15.4142 130.414
      vertex 15 15.1111 130.663
    endloop
  endfacet
  facet normal -0 -0.634777 -0.772695
    outer loop
      vertex 15 15.4142 130.414
      vertex 5.51 15.1111 130.663
      vertex 5.51 15.4142 130.414
    endloop
  endfacet
  facet normal 0 -0.772968 -0.634446
    outer loop
      vertex 5.51 15.6629 130.111
      vertex 15 15.4142 130.414
      vertex 5.51 15.4142 130.414
    endloop
  endfacet
  facet normal 0 -0.772968 -0.634446
    outer loop
      vertex 15 15.4142 130.414
      vertex 5.51 15.6629 130.111
      vertex 15 15.6629 130.111
    endloop
  endfacet
  facet normal 0 -0.956908 -0.29039
    outer loop
      vertex 5.51 15.9616 129.39
      vertex 15 15.8478 129.765
      vertex 5.51 15.8478 129.765
    endloop
  endfacet
  facet normal 0 -0.956908 -0.29039
    outer loop
      vertex 15 15.8478 129.765
      vertex 5.51 15.9616 129.39
      vertex 15 15.9616 129.39
    endloop
  endfacet
  facet normal 0 -0.995188 -0.0979877
    outer loop
      vertex 5.51 16 129
      vertex 15 15.9616 129.39
      vertex 5.51 15.9616 129.39
    endloop
  endfacet
  facet normal 0 -0.995188 -0.0979877
    outer loop
      vertex 15 15.9616 129.39
      vertex 5.51 16 129
      vertex 15 16 129
    endloop
  endfacet
  facet normal 0 -0.0969274 0.995291
    outer loop
      vertex 5.51 14.3902 127.038
      vertex 15 14 127
      vertex 15 14.3902 127.038
    endloop
  endfacet
  facet normal 0 -0.0969274 0.995291
    outer loop
      vertex 15 14 127
      vertex 5.51 14.3902 127.038
      vertex 5.51 14 127
    endloop
  endfacet
  facet normal 0 -0.956908 0.29039
    outer loop
      vertex 5.51 15.8478 128.235
      vertex 15 15.9616 128.61
      vertex 5.51 15.9616 128.61
    endloop
  endfacet
  facet normal 0 -0.956908 0.29039
    outer loop
      vertex 15 15.9616 128.61
      vertex 5.51 15.8478 128.235
      vertex 15 15.8478 128.235
    endloop
  endfacet
  facet normal 0 -0.772968 0.634446
    outer loop
      vertex 5.51 15.4142 127.586
      vertex 15 15.6629 127.889
      vertex 5.51 15.6629 127.889
    endloop
  endfacet
  facet normal 0 -0.772968 0.634446
    outer loop
      vertex 15 15.6629 127.889
      vertex 5.51 15.4142 127.586
      vertex 15 15.4142 127.586
    endloop
  endfacet
  facet normal 0 0.956908 -0.29039
    outer loop
      vertex 15 12.0384 129.39
      vertex 5.51 12.1522 129.765
      vertex 15 12.1522 129.765
    endloop
  endfacet
  facet normal 0 0.956908 -0.29039
    outer loop
      vertex 5.51 12.1522 129.765
      vertex 15 12.0384 129.39
      vertex 5.51 12.0384 129.39
    endloop
  endfacet
  facet normal 0 0.772968 -0.634446
    outer loop
      vertex 15 12.3371 130.111
      vertex 5.51 12.5858 130.414
      vertex 15 12.5858 130.414
    endloop
  endfacet
  facet normal 0 0.772968 -0.634446
    outer loop
      vertex 5.51 12.5858 130.414
      vertex 15 12.3371 130.111
      vertex 5.51 12.3371 130.111
    endloop
  endfacet
  facet normal 0 0.634777 -0.772695
    outer loop
      vertex 5.51 12.5858 130.414
      vertex 15 12.8889 130.663
      vertex 15 12.5858 130.414
    endloop
  endfacet
  facet normal 0 0.634777 -0.772695
    outer loop
      vertex 15 12.8889 130.663
      vertex 5.51 12.5858 130.414
      vertex 5.51 12.8889 130.663
    endloop
  endfacet
  facet normal 0 0.290715 -0.95681
    outer loop
      vertex 5.51 13.2346 130.848
      vertex 15 13.6098 130.962
      vertex 15 13.2346 130.848
    endloop
  endfacet
  facet normal 0 0.290715 -0.95681
    outer loop
      vertex 15 13.6098 130.962
      vertex 5.51 13.2346 130.848
      vertex 5.51 13.6098 130.962
    endloop
  endfacet
  facet normal 1 0 0
    outer loop
      vertex 5.51 15.9616 129.39
      vertex 5.51 15.9616 128.61
      vertex 5.51 16 129
    endloop
  endfacet
  facet normal 1 0 0
    outer loop
      vertex 5.51 15.8478 129.765
      vertex 5.51 15.9616 128.61
      vertex 5.51 15.9616 129.39
    endloop
  endfacet
  facet normal 1 0 0
    outer loop
      vertex 5.51 15.8478 129.765
      vertex 5.51 15.8478 128.235
      vertex 5.51 15.9616 128.61
    endloop
  endfacet
  facet normal 1 0 0
    outer loop
      vertex 5.51 15.6629 130.111
      vertex 5.51 15.8478 128.235
      vertex 5.51 15.8478 129.765
    endloop
  endfacet
  facet normal 1 0 0
    outer loop
      vertex 5.51 15.6629 130.111
      vertex 5.51 15.6629 127.889
      vertex 5.51 15.8478 128.235
    endloop
  endfacet
  facet normal 1 0 0
    outer loop
      vertex 5.51 15.4142 130.414
      vertex 5.51 15.6629 127.889
      vertex 5.51 15.6629 130.111
    endloop
  endfacet
  facet normal 1 0 0
    outer loop
      vertex 5.51 15.4142 130.414
      vertex 5.51 15.4142 127.586
      vertex 5.51 15.6629 127.889
    endloop
  endfacet
  facet normal 1 0 0
    outer loop
      vertex 5.51 15.1111 130.663
      vertex 5.51 15.4142 127.586
      vertex 5.51 15.4142 130.414
    endloop
  endfacet
  facet normal 1 0 0
    outer loop
      vertex 5.51 15.1111 130.663
      vertex 5.51 15.1111 127.337
      vertex 5.51 15.4142 127.586
    endloop
  endfacet
  facet normal 1 0 0
    outer loop
      vertex 5.51 14.7654 130.848
      vertex 5.51 15.1111 127.337
      vertex 5.51 15.1111 130.663
    endloop
  endfacet
  facet normal 1 0 0
    outer loop
      vertex 5.51 14.7654 130.848
      vertex 5.51 14.7654 127.152
      vertex 5.51 15.1111 127.337
    endloop
  endfacet
  facet normal 1 0 0
    outer loop
      vertex 5.51 14.3902 130.962
      vertex 5.51 14.7654 127.152
      vertex 5.51 14.7654 130.848
    endloop
  endfacet
  facet normal 1 0 0
    outer loop
      vertex 5.51 14.3902 130.962
      vertex 5.51 14.3902 127.038
      vertex 5.51 14.7654 127.152
    endloop
  endfacet
  facet normal 1 0 0
    outer loop
      vertex 5.51 14 131
      vertex 5.51 14.3902 127.038
      vertex 5.51 14.3902 130.962
    endloop
  endfacet
  facet normal 1 0 0
    outer loop
      vertex 5.51 14 131
      vertex 5.51 14 127
      vertex 5.51 14.3902 127.038
    endloop
  endfacet
  facet normal 1 -0 0
    outer loop
      vertex 5.51 13.6098 130.962
      vertex 5.51 14 127
      vertex 5.51 14 131
    endloop
  endfacet
  facet normal 1 0 0
    outer loop
      vertex 5.51 13.6098 130.962
      vertex 5.51 13.6098 127.038
      vertex 5.51 14 127
    endloop
  endfacet
  facet normal 1 -0 0
    outer loop
      vertex 5.51 13.2346 130.848
      vertex 5.51 13.6098 127.038
      vertex 5.51 13.6098 130.962
    endloop
  endfacet
  facet normal 1 0 0
    outer loop
      vertex 5.51 13.2346 130.848
      vertex 5.51 13.2346 127.152
      vertex 5.51 13.6098 127.038
    endloop
  endfacet
  facet normal 1 -0 0
    outer loop
      vertex 5.51 12.8889 130.663
      vertex 5.51 13.2346 127.152
      vertex 5.51 13.2346 130.848
    endloop
  endfacet
  facet normal 1 0 0
    outer loop
      vertex 5.51 12.8889 130.663
      vertex 5.51 12.8889 127.337
      vertex 5.51 13.2346 127.152
    endloop
  endfacet
  facet normal 1 -0 0
    outer loop
      vertex 5.51 12.5858 130.414
      vertex 5.51 12.8889 127.337
      vertex 5.51 12.8889 130.663
    endloop
  endfacet
  facet normal 1 0 0
    outer loop
      vertex 5.51 12.5858 130.414
      vertex 5.51 12.5858 127.586
      vertex 5.51 12.8889 127.337
    endloop
  endfacet
  facet normal 1 -0 0
    outer loop
      vertex 5.51 12.3371 130.111
      vertex 5.51 12.5858 127.586
      vertex 5.51 12.5858 130.414
    endloop
  endfacet
  facet normal 1 0 0
    outer loop
      vertex 5.51 12.3371 130.111
      vertex 5.51 12.3371 127.889
      vertex 5.51 12.5858 127.586
    endloop
  endfacet
  facet normal 1 -0 0
    outer loop
      vertex 5.51 12.1522 129.765
      vertex 5.51 12.3371 127.889
      vertex 5.51 12.3371 130.111
    endloop
  endfacet
  facet normal 1 0 0
    outer loop
      vertex 5.51 12.1522 129.765
      vertex 5.51 12.1522 128.235
      vertex 5.51 12.3371 127.889
    endloop
  endfacet
  facet normal 1 -0 0
    outer loop
      vertex 5.51 12.0384 129.39
      vertex 5.51 12.1522 128.235
      vertex 5.51 12.1522 129.765
    endloop
  endfacet
  facet normal 1 0 0
    outer loop
      vertex 5.51 12.0384 129.39
      vertex 5.51 12.0384 128.61
      vertex 5.51 12.1522 128.235
    endloop
  endfacet
  facet normal 1 0 -0
    outer loop
      vertex 5.51 12.0384 128.61
      vertex 5.51 12.0384 129.39
      vertex 5.51 12 129
    endloop
  endfacet
  facet normal 0 0.995188 0.0979877
    outer loop
      vertex 15 12.0384 128.61
      vertex 5.51 12 129
      vertex 15 12 129
    endloop
  endfacet
  facet normal 0 0.995188 0.0979877
    outer loop
      vertex 5.51 12 129
      vertex 15 12.0384 128.61
      vertex 5.51 12.0384 128.61
    endloop
  endfacet
  facet normal -0 0.290715 0.95681
    outer loop
      vertex 5.51 13.6098 127.038
      vertex 15 13.2346 127.152
      vertex 15 13.6098 127.038
    endloop
  endfacet
  facet normal 0 0.290715 0.95681
    outer loop
      vertex 15 13.2346 127.152
      vertex 5.51 13.6098 127.038
      vertex 5.51 13.2346 127.152
    endloop
  endfacet
  facet normal -0 0.634777 0.772695
    outer loop
      vertex 5.51 12.8889 127.337
      vertex 15 12.5858 127.586
      vertex 15 12.8889 127.337
    endloop
  endfacet
  facet normal 0 0.634777 0.772695
    outer loop
      vertex 15 12.5858 127.586
      vertex 5.51 12.8889 127.337
      vertex 5.51 12.5858 127.586
    endloop
  endfacet
  facet normal 0 -0.881925 0.47139
    outer loop
      vertex 1.65 8.4135 89.0555
      vertex 3.00722 8.57059 89.3494
      vertex 1.65 8.57059 89.3494
    endloop
  endfacet
  facet normal 0 -0.881925 0.47139
    outer loop
      vertex 3.00722 8.57059 89.3494
      vertex 1.65 8.4135 89.0555
      vertex 3.00722 8.4135 89.0555
    endloop
  endfacet
  facet normal -0 0.0981221 0.995174
    outer loop
      vertex 1.65 7 88.3
      vertex 3.00722 6.66835 88.3327
      vertex 3.00722 7 88.3
    endloop
  endfacet
  facet normal 0 0.0981221 0.995174
    outer loop
      vertex 3.00722 6.66835 88.3327
      vertex 1.65 7 88.3
      vertex 1.65 6.66835 88.3327
    endloop
  endfacet
  facet normal 0 0.956963 -0.290209
    outer loop
      vertex 3.00722 5.33267 90.3316
      vertex 1.65 5.42941 90.6506
      vertex 3.00722 5.42941 90.6506
    endloop
  endfacet
  facet normal 0 0.956963 -0.290209
    outer loop
      vertex 1.65 5.42941 90.6506
      vertex 3.00722 5.33267 90.3316
      vertex 1.65 5.33267 90.3316
    endloop
  endfacet
  facet normal 0 -0.956963 -0.290209
    outer loop
      vertex 1.65 8.66733 90.3316
      vertex 3.00722 8.57059 90.6506
      vertex 1.65 8.57059 90.6506
    endloop
  endfacet
  facet normal 0 -0.956963 -0.290209
    outer loop
      vertex 3.00722 8.57059 90.6506
      vertex 1.65 8.66733 90.3316
      vertex 3.00722 8.66733 90.3316
    endloop
  endfacet
  facet normal 0 -0.471401 -0.881919
    outer loop
      vertex 1.65 7.65056 91.5706
      vertex 3.00722 7.94447 91.4135
      vertex 3.00722 7.65056 91.5706
    endloop
  endfacet
  facet normal -0 -0.471401 -0.881919
    outer loop
      vertex 3.00722 7.94447 91.4135
      vertex 1.65 7.65056 91.5706
      vertex 1.65 7.94447 91.4135
    endloop
  endfacet
  facet normal 0 -0.290174 0.956974
    outer loop
      vertex 1.65 7.65056 88.4294
      vertex 3.00722 7.33165 88.3327
      vertex 3.00722 7.65056 88.4294
    endloop
  endfacet
  facet normal 0 -0.290174 0.956974
    outer loop
      vertex 3.00722 7.33165 88.3327
      vertex 1.65 7.65056 88.4294
      vertex 1.65 7.33165 88.3327
    endloop
  endfacet
  facet normal 0 -0.471401 0.881919
    outer loop
      vertex 1.65 7.94447 88.5865
      vertex 3.00722 7.65056 88.4294
      vertex 3.00722 7.94447 88.5865
    endloop
  endfacet
  facet normal 0 -0.471401 0.881919
    outer loop
      vertex 3.00722 7.65056 88.4294
      vertex 1.65 7.94447 88.5865
      vertex 1.65 7.65056 88.4294
    endloop
  endfacet
  facet normal 0 -0.634366 0.773033
    outer loop
      vertex 1.65 8.20208 88.7979
      vertex 3.00722 7.94447 88.5865
      vertex 3.00722 8.20208 88.7979
    endloop
  endfacet
  facet normal 0 -0.634366 0.773033
    outer loop
      vertex 3.00722 7.94447 88.5865
      vertex 1.65 8.20208 88.7979
      vertex 1.65 7.94447 88.5865
    endloop
  endfacet
  facet normal 0 -0.772991 0.634417
    outer loop
      vertex 1.65 8.20208 88.7979
      vertex 3.00722 8.4135 89.0555
      vertex 1.65 8.4135 89.0555
    endloop
  endfacet
  facet normal 0 -0.772991 0.634417
    outer loop
      vertex 3.00722 8.4135 89.0555
      vertex 1.65 8.20208 88.7979
      vertex 3.00722 8.20208 88.7979
    endloop
  endfacet
  facet normal 0 -0.995182 0.0980476
    outer loop
      vertex 1.65 8.66733 89.6684
      vertex 3.00722 8.7 90
      vertex 1.65 8.7 90
    endloop
  endfacet
  facet normal 0 -0.995182 0.0980476
    outer loop
      vertex 3.00722 8.7 90
      vertex 1.65 8.66733 89.6684
      vertex 3.00722 8.66733 89.6684
    endloop
  endfacet
  facet normal 0 -0.0981221 -0.995174
    outer loop
      vertex 1.65 7 91.7
      vertex 3.00722 7.33165 91.6673
      vertex 3.00722 7 91.7
    endloop
  endfacet
  facet normal -0 -0.0981221 -0.995174
    outer loop
      vertex 3.00722 7.33165 91.6673
      vertex 1.65 7 91.7
      vertex 1.65 7.33165 91.6673
    endloop
  endfacet
  facet normal 0 -0.634366 -0.773033
    outer loop
      vertex 1.65 7.94447 91.4135
      vertex 3.00722 8.20208 91.2021
      vertex 3.00722 7.94447 91.4135
    endloop
  endfacet
  facet normal -0 -0.634366 -0.773033
    outer loop
      vertex 3.00722 8.20208 91.2021
      vertex 1.65 7.94447 91.4135
      vertex 1.65 8.20208 91.2021
    endloop
  endfacet
  facet normal 0 -0.881925 -0.47139
    outer loop
      vertex 1.65 8.57059 90.6506
      vertex 3.00722 8.4135 90.9445
      vertex 1.65 8.4135 90.9445
    endloop
  endfacet
  facet normal 0 -0.881925 -0.47139
    outer loop
      vertex 3.00722 8.4135 90.9445
      vertex 1.65 8.57059 90.6506
      vertex 3.00722 8.57059 90.6506
    endloop
  endfacet
  facet normal 0 -0.995182 -0.0980476
    outer loop
      vertex 1.65 8.7 90
      vertex 3.00722 8.66733 90.3316
      vertex 1.65 8.66733 90.3316
    endloop
  endfacet
  facet normal 0 -0.995182 -0.0980476
    outer loop
      vertex 3.00722 8.66733 90.3316
      vertex 1.65 8.7 90
      vertex 3.00722 8.7 90
    endloop
  endfacet
  facet normal 0 -0.772991 -0.634417
    outer loop
      vertex 1.65 8.4135 90.9445
      vertex 3.00722 8.20208 91.2021
      vertex 1.65 8.20208 91.2021
    endloop
  endfacet
  facet normal 0 -0.772991 -0.634417
    outer loop
      vertex 3.00722 8.20208 91.2021
      vertex 1.65 8.4135 90.9445
      vertex 3.00722 8.4135 90.9445
    endloop
  endfacet
  facet normal 0 -0.0981221 0.995174
    outer loop
      vertex 1.65 7.33165 88.3327
      vertex 3.00722 7 88.3
      vertex 3.00722 7.33165 88.3327
    endloop
  endfacet
  facet normal 0 -0.0981221 0.995174
    outer loop
      vertex 3.00722 7 88.3
      vertex 1.65 7.33165 88.3327
      vertex 1.65 7 88.3
    endloop
  endfacet
  facet normal 0 0.995182 0.0980476
    outer loop
      vertex 3.00722 5.33267 89.6684
      vertex 1.65 5.3 90
      vertex 3.00722 5.3 90
    endloop
  endfacet
  facet normal 0 0.995182 0.0980476
    outer loop
      vertex 1.65 5.3 90
      vertex 3.00722 5.33267 89.6684
      vertex 1.65 5.33267 89.6684
    endloop
  endfacet
  facet normal -0 0.471401 0.881919
    outer loop
      vertex 1.65 6.34944 88.4294
      vertex 3.00722 6.05553 88.5865
      vertex 3.00722 6.34944 88.4294
    endloop
  endfacet
  facet normal 0 0.471401 0.881919
    outer loop
      vertex 3.00722 6.05553 88.5865
      vertex 1.65 6.34944 88.4294
      vertex 1.65 6.05553 88.5865
    endloop
  endfacet
  facet normal -0 0.290174 0.956974
    outer loop
      vertex 1.65 6.66835 88.3327
      vertex 3.00722 6.34944 88.4294
      vertex 3.00722 6.66835 88.3327
    endloop
  endfacet
  facet normal 0 0.290174 0.956974
    outer loop
      vertex 3.00722 6.34944 88.4294
      vertex 1.65 6.66835 88.3327
      vertex 1.65 6.34944 88.4294
    endloop
  endfacet
  facet normal 0 0.956963 0.290209
    outer loop
      vertex 3.00722 5.42941 89.3494
      vertex 1.65 5.33267 89.6684
      vertex 3.00722 5.33267 89.6684
    endloop
  endfacet
  facet normal 0 0.956963 0.290209
    outer loop
      vertex 1.65 5.33267 89.6684
      vertex 3.00722 5.42941 89.3494
      vertex 1.65 5.42941 89.3494
    endloop
  endfacet
  facet normal 0 0.881925 0.47139
    outer loop
      vertex 3.00722 5.5865 89.0555
      vertex 1.65 5.42941 89.3494
      vertex 3.00722 5.42941 89.3494
    endloop
  endfacet
  facet normal 0 0.881925 0.47139
    outer loop
      vertex 1.65 5.42941 89.3494
      vertex 3.00722 5.5865 89.0555
      vertex 1.65 5.5865 89.0555
    endloop
  endfacet
  facet normal 0 0.995182 -0.0980476
    outer loop
      vertex 3.00722 5.3 90
      vertex 1.65 5.33267 90.3316
      vertex 3.00722 5.33267 90.3316
    endloop
  endfacet
  facet normal 0 0.995182 -0.0980476
    outer loop
      vertex 1.65 5.33267 90.3316
      vertex 3.00722 5.3 90
      vertex 1.65 5.3 90
    endloop
  endfacet
  facet normal 0 0.772991 -0.634417
    outer loop
      vertex 3.00722 5.5865 90.9445
      vertex 1.65 5.79792 91.2021
      vertex 3.00722 5.79792 91.2021
    endloop
  endfacet
  facet normal 0 0.772991 -0.634417
    outer loop
      vertex 1.65 5.79792 91.2021
      vertex 3.00722 5.5865 90.9445
      vertex 1.65 5.5865 90.9445
    endloop
  endfacet
  facet normal 0 0.471401 -0.881919
    outer loop
      vertex 1.65 6.05553 91.4135
      vertex 3.00722 6.34944 91.5706
      vertex 3.00722 6.05553 91.4135
    endloop
  endfacet
  facet normal 0 0.471401 -0.881919
    outer loop
      vertex 3.00722 6.34944 91.5706
      vertex 1.65 6.05553 91.4135
      vertex 1.65 6.34944 91.5706
    endloop
  endfacet
  facet normal 0 0.0981221 -0.995174
    outer loop
      vertex 1.65 6.66835 91.6673
      vertex 3.00722 7 91.7
      vertex 3.00722 6.66835 91.6673
    endloop
  endfacet
  facet normal 0 0.0981221 -0.995174
    outer loop
      vertex 3.00722 7 91.7
      vertex 1.65 6.66835 91.6673
      vertex 1.65 7 91.7
    endloop
  endfacet
  facet normal 0 0.634366 -0.773033
    outer loop
      vertex 1.65 5.79792 91.2021
      vertex 3.00722 6.05553 91.4135
      vertex 3.00722 5.79792 91.2021
    endloop
  endfacet
  facet normal 0 0.634366 -0.773033
    outer loop
      vertex 3.00722 6.05553 91.4135
      vertex 1.65 5.79792 91.2021
      vertex 1.65 6.05553 91.4135
    endloop
  endfacet
  facet normal 0 -0.956963 0.290209
    outer loop
      vertex 1.65 8.57059 89.3494
      vertex 3.00722 8.66733 89.6684
      vertex 1.65 8.66733 89.6684
    endloop
  endfacet
  facet normal 0 -0.956963 0.290209
    outer loop
      vertex 3.00722 8.66733 89.6684
      vertex 1.65 8.57059 89.3494
      vertex 3.00722 8.57059 89.3494
    endloop
  endfacet
  facet normal 0 -0.290174 -0.956974
    outer loop
      vertex 1.65 7.33165 91.6673
      vertex 3.00722 7.65056 91.5706
      vertex 3.00722 7.33165 91.6673
    endloop
  endfacet
  facet normal -0 -0.290174 -0.956974
    outer loop
      vertex 3.00722 7.65056 91.5706
      vertex 1.65 7.33165 91.6673
      vertex 1.65 7.65056 91.5706
    endloop
  endfacet
  facet normal 0 0.772991 0.634417
    outer loop
      vertex 3.00722 5.79792 88.7979
      vertex 1.65 5.5865 89.0555
      vertex 3.00722 5.5865 89.0555
    endloop
  endfacet
  facet normal 0 0.772991 0.634417
    outer loop
      vertex 1.65 5.5865 89.0555
      vertex 3.00722 5.79792 88.7979
      vertex 1.65 5.79792 88.7979
    endloop
  endfacet
  facet normal 0 0.881925 -0.47139
    outer loop
      vertex 3.00722 5.42941 90.6506
      vertex 1.65 5.5865 90.9445
      vertex 3.00722 5.5865 90.9445
    endloop
  endfacet
  facet normal 0 0.881925 -0.47139
    outer loop
      vertex 1.65 5.5865 90.9445
      vertex 3.00722 5.42941 90.6506
      vertex 1.65 5.42941 90.6506
    endloop
  endfacet
  facet normal 0 0.290174 -0.956974
    outer loop
      vertex 1.65 6.34944 91.5706
      vertex 3.00722 6.66835 91.6673
      vertex 3.00722 6.34944 91.5706
    endloop
  endfacet
  facet normal 0 0.290174 -0.956974
    outer loop
      vertex 3.00722 6.66835 91.6673
      vertex 1.65 6.34944 91.5706
      vertex 1.65 6.66835 91.6673
    endloop
  endfacet
  facet normal -0 0.634366 0.773033
    outer loop
      vertex 1.65 6.05553 88.5865
      vertex 3.00722 5.79792 88.7979
      vertex 3.00722 6.05553 88.5865
    endloop
  endfacet
  facet normal 0 0.634366 0.773033
    outer loop
      vertex 3.00722 5.79792 88.7979
      vertex 1.65 6.05553 88.5865
      vertex 1.65 5.79792 88.7979
    endloop
  endfacet
  facet normal -0.6836 -0.0714969 0.726347
    outer loop
      vertex 1.65 7 88.3
      vertex 0.0216684 7.61666 86.8282
      vertex 0.0216684 7 86.7675
    endloop
  endfacet
  facet normal -0.6836 0.0714969 -0.726347
    outer loop
      vertex 0.0216684 7 93.2325
      vertex 1.65 7 91.7
      vertex 0.0216684 6.38334 93.1718
    endloop
  endfacet
  facet normal -0.683602 0.643677 0.344047
    outer loop
      vertex 0.0216684 4.02014 88.7506
      vertex 1.65 5.42941 89.3494
      vertex 1.65 5.5865 89.0555
    endloop
  endfacet
  facet normal -0.683618 0.643833 0.343724
    outer loop
      vertex 1.65 5.42941 89.3494
      vertex 0.0216684 4.02014 88.7506
      vertex 0.0216684 4.01352 88.763
    endloop
  endfacet
  facet normal -0.683616 -0.344045 0.643663
    outer loop
      vertex 1.65 7.94447 88.5865
      vertex 0.0216684 8.79591 87.3122
      vertex 0.0216684 8.24943 87.0201
    endloop
  endfacet
  facet normal -0.683616 -0.344045 -0.643663
    outer loop
      vertex 0.0216684 8.79591 92.6878
      vertex 1.65 7.94447 91.4135
      vertex 0.0216684 8.24943 92.9799
    endloop
  endfacet
  facet normal -0.683608 -0.564167 -0.463029
    outer loop
      vertex 1.65 8.20208 91.2021
      vertex 0.0216684 9.29467 92.2749
      vertex 1.65 8.4135 90.9445
    endloop
  endfacet
  facet normal -0.683543 -0.565127 -0.461953
    outer loop
      vertex 0.0216684 9.29467 92.2749
      vertex 1.65 8.20208 91.2021
      vertex 0.0216684 9.28576 92.2858
    endloop
  endfacet
  facet normal -0.683613 -0.211893 -0.698409
    outer loop
      vertex 0.0216684 8.23704 92.9865
      vertex 1.65 7.65056 91.5706
      vertex 0.0216684 7.64408 93.1664
    endloop
  endfacet
  facet normal -0.684335 -0.699125 0.207148
    outer loop
      vertex 1.65 8.57059 89.3494
      vertex 0.0216684 10.1704 89.3694
      vertex 0.0216684 10.1664 89.3559
    endloop
  endfacet
  facet normal -0.683606 -0.698441 0.211809
    outer loop
      vertex 0.0216684 10.1704 89.3694
      vertex 1.65 8.57059 89.3494
      vertex 1.65 8.66733 89.6684
    endloop
  endfacet
  facet normal -0.683613 -0.211893 0.698409
    outer loop
      vertex 1.65 7.65056 88.4294
      vertex 0.0216684 8.23704 87.0135
      vertex 0.0216684 7.64408 86.8336
    endloop
  endfacet
  facet normal -0.683616 0.344045 0.643663
    outer loop
      vertex 1.65 6.05553 88.5865
      vertex 0.0216684 5.75057 87.0201
      vertex 0.0216684 5.20409 87.3122
    endloop
  endfacet
  facet normal -0.683615 0.463009 0.564174
    outer loop
      vertex 1.65 6.05553 88.5865
      vertex 0.0216684 5.20409 87.3122
      vertex 0.0216684 4.7251 87.7053
    endloop
  endfacet
  facet normal -0.6836 0.0714969 0.726347
    outer loop
      vertex 1.65 7 88.3
      vertex 0.0216684 7 86.7675
      vertex 0.0216684 6.38334 86.8282
    endloop
  endfacet
  facet normal -0.683615 -0.463009 -0.564174
    outer loop
      vertex 0.0216684 9.2749 92.2947
      vertex 1.65 7.94447 91.4135
      vertex 0.0216684 8.79591 92.6878
    endloop
  endfacet
  facet normal -0.683618 -0.643833 -0.343724
    outer loop
      vertex 1.65 8.57059 90.6506
      vertex 0.0216684 9.97986 91.2494
      vertex 0.0216684 9.98648 91.237
    endloop
  endfacet
  facet normal -0.683602 -0.643677 -0.344047
    outer loop
      vertex 0.0216684 9.97986 91.2494
      vertex 1.65 8.57059 90.6506
      vertex 1.65 8.4135 90.9445
    endloop
  endfacet
  facet normal -0.6836 -0.0714969 -0.726347
    outer loop
      vertex 0.0216684 7.61666 93.1718
      vertex 1.65 7 91.7
      vertex 0.0216684 7 93.2325
    endloop
  endfacet
  facet normal -0.683616 -0.344048 -0.643662
    outer loop
      vertex 1.65 7.65056 91.5706
      vertex 0.0216684 8.24943 92.9799
      vertex 1.65 7.94447 91.4135
    endloop
  endfacet
  facet normal -0.683661 -0.343111 -0.644113
    outer loop
      vertex 0.0216684 8.24943 92.9799
      vertex 1.65 7.65056 91.5706
      vertex 0.0216684 8.23704 92.9865
    endloop
  endfacet
  facet normal -0.683611 0.46299 -0.564195
    outer loop
      vertex 1.65 5.79792 91.2021
      vertex 0.0216684 4.7251 92.2947
      vertex 1.65 6.05553 91.4135
    endloop
  endfacet
  facet normal -0.683589 0.462632 -0.564515
    outer loop
      vertex 0.0216684 4.7251 92.2947
      vertex 1.65 5.79792 91.2021
      vertex 0.0216684 4.71424 92.2858
    endloop
  endfacet
  facet normal -0.683609 0.726334 -0.071538
    outer loop
      vertex 0.0216684 3.82819 90.6167
      vertex 1.65 5.3 90
      vertex 0.0216684 3.76745 90
    endloop
  endfacet
  facet normal -0.683602 0.564194 0.463004
    outer loop
      vertex 1.65 5.5865 89.0555
      vertex 0.0216684 4.70533 87.7251
      vertex 0.0216684 4.31224 88.2041
    endloop
  endfacet
  facet normal -0.6836 -0.726347 0.0714923
    outer loop
      vertex 1.65 8.7 90
      vertex 0.0216684 10.2325 90
      vertex 0.0216684 10.1718 89.3833
    endloop
  endfacet
  facet normal -0.68368 -0.726108 -0.0731332
    outer loop
      vertex 0.0216684 10.1718 90.6167
      vertex 1.65 8.66733 90.3316
      vertex 0.0216684 10.1704 90.6306
    endloop
  endfacet
  facet normal -0.68361 -0.726331 -0.0715598
    outer loop
      vertex 1.65 8.66733 90.3316
      vertex 0.0216684 10.1718 90.6167
      vertex 1.65 8.7 90
    endloop
  endfacet
  facet normal -0.683543 -0.565127 0.461953
    outer loop
      vertex 1.65 8.20208 88.7979
      vertex 0.0216684 9.29467 87.7251
      vertex 0.0216684 9.28576 87.7142
    endloop
  endfacet
  facet normal -0.683608 -0.564167 0.463029
    outer loop
      vertex 0.0216684 9.29467 87.7251
      vertex 1.65 8.20208 88.7979
      vertex 1.65 8.4135 89.0555
    endloop
  endfacet
  facet normal -0.683603 -0.643679 0.344042
    outer loop
      vertex 1.65 8.4135 89.0555
      vertex 0.0216684 9.97986 88.7506
      vertex 0.0216684 9.68776 88.2041
    endloop
  endfacet
  facet normal -0.683661 -0.343111 0.644113
    outer loop
      vertex 1.65 7.65056 88.4294
      vertex 0.0216684 8.24943 87.0201
      vertex 0.0216684 8.23704 87.0135
    endloop
  endfacet
  facet normal -0.683616 -0.344048 0.643662
    outer loop
      vertex 0.0216684 8.24943 87.0201
      vertex 1.65 7.65056 88.4294
      vertex 1.65 7.94447 88.5865
    endloop
  endfacet
  facet normal -0.683618 0.0716135 0.726318
    outer loop
      vertex 0.0216684 6.38334 86.8282
      vertex 1.65 6.66835 88.3327
      vertex 1.65 7 88.3
    endloop
  endfacet
  facet normal -0.683667 0.0727201 0.726162
    outer loop
      vertex 1.65 6.66835 88.3327
      vertex 0.0216684 6.38334 86.8282
      vertex 0.0216684 6.36936 86.8296
    endloop
  endfacet
  facet normal -0.683602 -0.564194 -0.463004
    outer loop
      vertex 0.0216684 9.68776 91.7959
      vertex 1.65 8.4135 90.9445
      vertex 0.0216684 9.29467 92.2749
    endloop
  endfacet
  facet normal -0.683603 -0.643679 -0.344042
    outer loop
      vertex 0.0216684 9.97986 91.2494
      vertex 1.65 8.4135 90.9445
      vertex 0.0216684 9.68776 91.7959
    endloop
  endfacet
  facet normal -0.683589 -0.462632 -0.564515
    outer loop
      vertex 1.65 8.20208 91.2021
      vertex 0.0216684 9.2749 92.2947
      vertex 0.0216684 9.28576 92.2858
    endloop
  endfacet
  facet normal -0.683611 -0.46299 -0.564195
    outer loop
      vertex 0.0216684 9.2749 92.2947
      vertex 1.65 8.20208 91.2021
      vertex 1.65 7.94447 91.4135
    endloop
  endfacet
  facet normal -0.6836 -0.726347 -0.0714923
    outer loop
      vertex 0.0216684 10.2325 90
      vertex 1.65 8.7 90
      vertex 0.0216684 10.1718 90.6167
    endloop
  endfacet
  facet normal -0.683613 -0.211782 -0.698442
    outer loop
      vertex 0.0216684 7.63064 93.1704
      vertex 1.65 7.65056 91.5706
      vertex 1.65 7.33165 91.6673
    endloop
  endfacet
  facet normal -0.684201 -0.208034 -0.698993
    outer loop
      vertex 1.65 7.65056 91.5706
      vertex 0.0216684 7.63064 93.1704
      vertex 0.0216684 7.64408 93.1664
    endloop
  endfacet
  facet normal -0.683618 -0.0716135 -0.726318
    outer loop
      vertex 0.0216684 7.61666 93.1718
      vertex 1.65 7.33165 91.6673
      vertex 1.65 7 91.7
    endloop
  endfacet
  facet normal -0.683667 -0.0727201 -0.726162
    outer loop
      vertex 1.65 7.33165 91.6673
      vertex 0.0216684 7.61666 93.1718
      vertex 0.0216684 7.63064 93.1704
    endloop
  endfacet
  facet normal -0.683667 0.0727201 -0.726162
    outer loop
      vertex 0.0216684 6.38334 93.1718
      vertex 1.65 6.66835 91.6673
      vertex 0.0216684 6.36936 93.1704
    endloop
  endfacet
  facet normal -0.683618 0.0716135 -0.726318
    outer loop
      vertex 1.65 6.66835 91.6673
      vertex 0.0216684 6.38334 93.1718
      vertex 1.65 7 91.7
    endloop
  endfacet
  facet normal -0.683637 0.726252 -0.0721027
    outer loop
      vertex 1.65 5.33267 90.3316
      vertex 0.0216684 3.82819 90.6167
      vertex 0.0216684 3.82957 90.6306
    endloop
  endfacet
  facet normal -0.683613 0.726328 -0.0715596
    outer loop
      vertex 0.0216684 3.82819 90.6167
      vertex 1.65 5.33267 90.3316
      vertex 1.65 5.3 90
    endloop
  endfacet
  facet normal -0.683602 0.643677 -0.344047
    outer loop
      vertex 1.65 5.42941 90.6506
      vertex 0.0216684 4.02014 91.2494
      vertex 1.65 5.5865 90.9445
    endloop
  endfacet
  facet normal -0.683618 0.643833 -0.343724
    outer loop
      vertex 0.0216684 4.02014 91.2494
      vertex 1.65 5.42941 90.6506
      vertex 0.0216684 4.01352 91.237
    endloop
  endfacet
  facet normal -0.683605 0.698417 0.211893
    outer loop
      vertex 1.65 5.42941 89.3494
      vertex 0.0216684 4.01352 88.763
      vertex 0.0216684 3.83364 89.3559
    endloop
  endfacet
  facet normal -0.683603 0.643679 0.344042
    outer loop
      vertex 1.65 5.5865 89.0555
      vertex 0.0216684 4.31224 88.2041
      vertex 0.0216684 4.02014 88.7506
    endloop
  endfacet
  facet normal -0.683602 -0.564194 0.463004
    outer loop
      vertex 1.65 8.4135 89.0555
      vertex 0.0216684 9.68776 88.2041
      vertex 0.0216684 9.29467 87.7251
    endloop
  endfacet
  facet normal -0.683607 -0.698402 0.211935
    outer loop
      vertex 1.65 8.57059 89.3494
      vertex 0.0216684 10.1664 89.3559
      vertex 0.0216684 9.98648 88.763
    endloop
  endfacet
  facet normal -0.683667 -0.0727201 0.726162
    outer loop
      vertex 0.0216684 7.61666 86.8282
      vertex 1.65 7.33165 88.3327
      vertex 0.0216684 7.63064 86.8296
    endloop
  endfacet
  facet normal -0.683618 -0.0716135 0.726318
    outer loop
      vertex 1.65 7.33165 88.3327
      vertex 0.0216684 7.61666 86.8282
      vertex 1.65 7 88.3
    endloop
  endfacet
  facet normal -0.684201 -0.208034 0.698993
    outer loop
      vertex 0.0216684 7.63064 86.8296
      vertex 1.65 7.65056 88.4294
      vertex 0.0216684 7.64408 86.8336
    endloop
  endfacet
  facet normal -0.683613 -0.211782 0.698442
    outer loop
      vertex 1.65 7.65056 88.4294
      vertex 0.0216684 7.63064 86.8296
      vertex 1.65 7.33165 88.3327
    endloop
  endfacet
  facet normal -0.683615 -0.463009 0.564174
    outer loop
      vertex 1.65 7.94447 88.5865
      vertex 0.0216684 9.2749 87.7053
      vertex 0.0216684 8.79591 87.3122
    endloop
  endfacet
  facet normal -0.683589 -0.462632 0.564515
    outer loop
      vertex 0.0216684 9.2749 87.7053
      vertex 1.65 8.20208 88.7979
      vertex 0.0216684 9.28576 87.7142
    endloop
  endfacet
  facet normal -0.683611 -0.46299 0.564195
    outer loop
      vertex 1.65 8.20208 88.7979
      vertex 0.0216684 9.2749 87.7053
      vertex 1.65 7.94447 88.5865
    endloop
  endfacet
  facet normal -0.683661 0.343111 0.644113
    outer loop
      vertex 0.0216684 5.75057 87.0201
      vertex 1.65 6.34944 88.4294
      vertex 0.0216684 5.76296 87.0135
    endloop
  endfacet
  facet normal -0.683616 0.344048 0.643662
    outer loop
      vertex 1.65 6.34944 88.4294
      vertex 0.0216684 5.75057 87.0201
      vertex 1.65 6.05553 88.5865
    endloop
  endfacet
  facet normal -0.683613 0.211893 0.698409
    outer loop
      vertex 1.65 6.34944 88.4294
      vertex 0.0216684 6.35592 86.8336
      vertex 0.0216684 5.76296 87.0135
    endloop
  endfacet
  facet normal -0.684335 -0.699125 -0.207148
    outer loop
      vertex 0.0216684 10.1704 90.6306
      vertex 1.65 8.57059 90.6506
      vertex 0.0216684 10.1664 90.6441
    endloop
  endfacet
  facet normal -0.683606 -0.698441 -0.211809
    outer loop
      vertex 1.65 8.57059 90.6506
      vertex 0.0216684 10.1704 90.6306
      vertex 1.65 8.66733 90.3316
    endloop
  endfacet
  facet normal -0.683607 -0.698402 -0.211935
    outer loop
      vertex 0.0216684 10.1664 90.6441
      vertex 1.65 8.57059 90.6506
      vertex 0.0216684 9.98648 91.237
    endloop
  endfacet
  facet normal -0.68361 -0.726331 0.0715598
    outer loop
      vertex 0.0216684 10.1718 89.3833
      vertex 1.65 8.66733 89.6684
      vertex 1.65 8.7 90
    endloop
  endfacet
  facet normal -0.68368 -0.726108 0.0731332
    outer loop
      vertex 1.65 8.66733 89.6684
      vertex 0.0216684 10.1718 89.3833
      vertex 0.0216684 10.1704 89.3694
    endloop
  endfacet
  facet normal -0.683616 0.344048 -0.643662
    outer loop
      vertex 0.0216684 5.75057 92.9799
      vertex 1.65 6.34944 91.5706
      vertex 1.65 6.05553 91.4135
    endloop
  endfacet
  facet normal -0.683661 0.343111 -0.644113
    outer loop
      vertex 1.65 6.34944 91.5706
      vertex 0.0216684 5.75057 92.9799
      vertex 0.0216684 5.76296 92.9865
    endloop
  endfacet
  facet normal -0.683616 0.344045 -0.643663
    outer loop
      vertex 0.0216684 5.75057 92.9799
      vertex 1.65 6.05553 91.4135
      vertex 0.0216684 5.20409 92.6878
    endloop
  endfacet
  facet normal -0.683615 0.463009 -0.564174
    outer loop
      vertex 0.0216684 5.20409 92.6878
      vertex 1.65 6.05553 91.4135
      vertex 0.0216684 4.7251 92.2947
    endloop
  endfacet
  facet normal -0.683602 0.564194 -0.463004
    outer loop
      vertex 0.0216684 4.70533 92.2749
      vertex 1.65 5.5865 90.9445
      vertex 0.0216684 4.31224 91.7959
    endloop
  endfacet
  facet normal -0.683603 0.643679 -0.344042
    outer loop
      vertex 0.0216684 4.31224 91.7959
      vertex 1.65 5.5865 90.9445
      vertex 0.0216684 4.02014 91.2494
    endloop
  endfacet
  facet normal -0.6838 0.698611 -0.210618
    outer loop
      vertex 1.65 5.42941 90.6506
      vertex 0.0216684 3.82957 90.6306
      vertex 0.0216684 3.83364 90.6441
    endloop
  endfacet
  facet normal -0.683613 0.698435 -0.211808
    outer loop
      vertex 0.0216684 3.82957 90.6306
      vertex 1.65 5.42941 90.6506
      vertex 1.65 5.33267 90.3316
    endloop
  endfacet
  facet normal -0.683605 0.698417 -0.211893
    outer loop
      vertex 0.0216684 4.01352 91.237
      vertex 1.65 5.42941 90.6506
      vertex 0.0216684 3.83364 90.6441
    endloop
  endfacet
  facet normal -0.683609 0.726334 0.071538
    outer loop
      vertex 1.65 5.3 90
      vertex 0.0216684 3.82819 89.3833
      vertex 0.0216684 3.76745 90
    endloop
  endfacet
  facet normal -0.683618 -0.643833 0.343724
    outer loop
      vertex 0.0216684 9.97986 88.7506
      vertex 1.65 8.57059 89.3494
      vertex 0.0216684 9.98648 88.763
    endloop
  endfacet
  facet normal -0.683602 -0.643677 0.344047
    outer loop
      vertex 1.65 8.57059 89.3494
      vertex 0.0216684 9.97986 88.7506
      vertex 1.65 8.4135 89.0555
    endloop
  endfacet
  facet normal -0.683543 0.565127 0.461953
    outer loop
      vertex 0.0216684 4.70533 87.7251
      vertex 1.65 5.79792 88.7979
      vertex 0.0216684 4.71424 87.7142
    endloop
  endfacet
  facet normal -0.683608 0.564167 0.463029
    outer loop
      vertex 1.65 5.79792 88.7979
      vertex 0.0216684 4.70533 87.7251
      vertex 1.65 5.5865 89.0555
    endloop
  endfacet
  facet normal -0.683611 0.46299 0.564195
    outer loop
      vertex 0.0216684 4.7251 87.7053
      vertex 1.65 5.79792 88.7979
      vertex 1.65 6.05553 88.5865
    endloop
  endfacet
  facet normal -0.683589 0.462632 0.564515
    outer loop
      vertex 1.65 5.79792 88.7979
      vertex 0.0216684 4.7251 87.7053
      vertex 0.0216684 4.71424 87.7142
    endloop
  endfacet
  facet normal -0.683613 0.211782 0.698442
    outer loop
      vertex 0.0216684 6.36936 86.8296
      vertex 1.65 6.34944 88.4294
      vertex 1.65 6.66835 88.3327
    endloop
  endfacet
  facet normal -0.684201 0.208034 0.698993
    outer loop
      vertex 1.65 6.34944 88.4294
      vertex 0.0216684 6.36936 86.8296
      vertex 0.0216684 6.35592 86.8336
    endloop
  endfacet
  facet normal -0.684201 0.208034 -0.698993
    outer loop
      vertex 0.0216684 6.36936 93.1704
      vertex 1.65 6.34944 91.5706
      vertex 0.0216684 6.35592 93.1664
    endloop
  endfacet
  facet normal -0.683613 0.211782 -0.698442
    outer loop
      vertex 1.65 6.34944 91.5706
      vertex 0.0216684 6.36936 93.1704
      vertex 1.65 6.66835 91.6673
    endloop
  endfacet
  facet normal -0.683613 0.211893 -0.698409
    outer loop
      vertex 0.0216684 6.35592 93.1664
      vertex 1.65 6.34944 91.5706
      vertex 0.0216684 5.76296 92.9865
    endloop
  endfacet
  facet normal -0.683608 0.564167 -0.463029
    outer loop
      vertex 0.0216684 4.70533 92.2749
      vertex 1.65 5.79792 91.2021
      vertex 1.65 5.5865 90.9445
    endloop
  endfacet
  facet normal -0.683543 0.565127 -0.461953
    outer loop
      vertex 1.65 5.79792 91.2021
      vertex 0.0216684 4.70533 92.2749
      vertex 0.0216684 4.71424 92.2858
    endloop
  endfacet
  facet normal -0.683613 0.726328 0.0715596
    outer loop
      vertex 1.65 5.33267 89.6684
      vertex 0.0216684 3.82819 89.3833
      vertex 1.65 5.3 90
    endloop
  endfacet
  facet normal -0.683637 0.726252 0.0721027
    outer loop
      vertex 0.0216684 3.82819 89.3833
      vertex 1.65 5.33267 89.6684
      vertex 0.0216684 3.82957 89.3694
    endloop
  endfacet
  facet normal -0.683613 0.698435 0.211808
    outer loop
      vertex 1.65 5.42941 89.3494
      vertex 0.0216684 3.82957 89.3694
      vertex 1.65 5.33267 89.6684
    endloop
  endfacet
  facet normal -0.6838 0.698611 0.210618
    outer loop
      vertex 0.0216684 3.82957 89.3694
      vertex 1.65 5.42941 89.3494
      vertex 0.0216684 3.83364 89.3559
    endloop
  endfacet
  facet normal 0 -1 0
    outer loop
      vertex 0.0216684 -4 140
      vertex 1.5 -4 91.4458
      vertex 1.5 -4 140
    endloop
  endfacet
  facet normal 0 -1 0
    outer loop
      vertex 1.5 -4 91.4458
      vertex 1.5 -4 69.53
      vertex 3 -4 91.4458
    endloop
  endfacet
  facet normal 0 -1 0
    outer loop
      vertex 0.0216684 -4 64.0925
      vertex 1.5 -4 91.4458
      vertex 0.0216684 -4 140
    endloop
  endfacet
  facet normal 0 -1 -0
    outer loop
      vertex 1.5 -4 91.4458
      vertex 0.0216684 -4 64.0925
      vertex 1.5 -4 69.53
    endloop
  endfacet
  facet normal 0 -1 -0
    outer loop
      vertex 1.5 -4 69.53
      vertex 0.0216684 -4 64.0925
      vertex 1.5 -4 64.0925
    endloop
  endfacet
  facet normal 0 -1 0
    outer loop
      vertex 3 -4 91.4458
      vertex 3.00722 -4 140
      vertex 3 -4 140
    endloop
  endfacet
  facet normal 0 -1 0
    outer loop
      vertex 3 -4 69.53
      vertex 3 -4 91.4458
      vertex 1.5 -4 69.53
    endloop
  endfacet
  facet normal 0 -1 0
    outer loop
      vertex 3 -4 69.53
      vertex 3.00722 -4 140
      vertex 3 -4 91.4458
    endloop
  endfacet
  facet normal 0 -1 0
    outer loop
      vertex 3.00722 -4 64.0925
      vertex 3 -4 69.53
      vertex 3 -4 64.0925
    endloop
  endfacet
  facet normal 0 -1 0
    outer loop
      vertex 3 -4 69.53
      vertex 3.00722 -4 64.0925
      vertex 3.00722 -4 140
    endloop
  endfacet
  facet normal 1 -0 0
    outer loop
      vertex 125 19.5 3.00722
      vertex 125 22.5 3
      vertex 125 22.5 3.00722
    endloop
  endfacet
  facet normal 1 0 0
    outer loop
      vertex 125 22.5 3
      vertex 125 19.5 3.00722
      vertex 125 19.5 3
    endloop
  endfacet
  facet normal 1 -0 0
    outer loop
      vertex 125 22.5 3.1565
      vertex 125 24.5 2.50963
      vertex 125 94 3.1565
    endloop
  endfacet
  facet normal 1 -0 0
    outer loop
      vertex 125 22.5 3.00722
      vertex 125 24.5 2.50963
      vertex 125 22.5 3.1565
    endloop
  endfacet
  facet normal 1 -0 0
    outer loop
      vertex 125 22.5 3
      vertex 125 24.5 2.50963
      vertex 125 22.5 3.00722
    endloop
  endfacet
  facet normal 1 0 0
    outer loop
      vertex 125 24.5 2.50963
      vertex 125 22.5 3
      vertex 125 22.5 2.50963
    endloop
  endfacet
  facet normal 1 0 0
    outer loop
      vertex 125 96.8 10.9
      vertex 125 94 4.95005
      vertex 125 96.8 3.00722
    endloop
  endfacet
  facet normal 1 -0 0
    outer loop
      vertex 125 93.8 10.9
      vertex 125 94 4.95005
      vertex 125 96.8 10.9
    endloop
  endfacet
  facet normal 1 0 0
    outer loop
      vertex 125 94 4.95005
      vertex 125 93.8 10.9
      vertex 125 93.8 4.95005
    endloop
  endfacet
  facet normal 1 -0 0
    outer loop
      vertex 125 238.293 4.35297
      vertex 125 241.278 4.05892
      vertex 125 241.278 15
    endloop
  endfacet
  facet normal 1 0 0
    outer loop
      vertex 125 241.278 4.05892
      vertex 125 238.293 4.35297
      vertex 125 241.106 3.19372
    endloop
  endfacet
  facet normal 1 -0 0
    outer loop
      vertex 125 238.235 4.06457
      vertex 125 241.106 3.19372
      vertex 125 238.293 4.35297
    endloop
  endfacet
  facet normal 1 0 0
    outer loop
      vertex 125 241.106 3.19372
      vertex 125 238.235 4.06457
      vertex 125 240.769 2.37871
    endloop
  endfacet
  facet normal 1 -0 0
    outer loop
      vertex 125 238.123 3.7929
      vertex 125 240.769 2.37871
      vertex 125 238.235 4.06457
    endloop
  endfacet
  facet normal 1 0 0
    outer loop
      vertex 125 238.293 4.35297
      vertex 125 241.278 15
      vertex 125 238.293 15
    endloop
  endfacet
  facet normal 1 0 0
    outer loop
      vertex 125 240.769 2.37871
      vertex 125 238.123 3.7929
      vertex 125 240.279 1.64523
    endloop
  endfacet
  facet normal 1 -0 0
    outer loop
      vertex 125 237.96 3.54841
      vertex 125 240.279 1.64523
      vertex 125 238.123 3.7929
    endloop
  endfacet
  facet normal 1 0 0
    outer loop
      vertex 125 240.279 1.64523
      vertex 125 237.96 3.54841
      vertex 125 239.655 1.02145
    endloop
  endfacet
  facet normal 1 -0 0
    outer loop
      vertex 125 237.752 3.34048
      vertex 125 239.655 1.02145
      vertex 125 237.96 3.54841
    endloop
  endfacet
  facet normal 1 0 0
    outer loop
      vertex 125 239.655 1.02145
      vertex 125 237.752 3.34048
      vertex 125 238.921 0.531354
    endloop
  endfacet
  facet normal 1 -0 0
    outer loop
      vertex 125 237.507 3.17712
      vertex 125 238.921 0.531354
      vertex 125 237.752 3.34048
    endloop
  endfacet
  facet normal 1 0 0
    outer loop
      vertex 125 238.921 0.531354
      vertex 125 237.507 3.17712
      vertex 125 238.106 0.193768
    endloop
  endfacet
  facet normal 1 -0 0
    outer loop
      vertex 125 237.235 3.06459
      vertex 125 238.106 0.193768
      vertex 125 237.507 3.17712
    endloop
  endfacet
  facet normal 1 0 0
    outer loop
      vertex 125 238.106 0.193768
      vertex 125 237.235 3.06459
      vertex 125 237.241 0.0216684
    endloop
  endfacet
  facet normal 1 -0 0
    outer loop
      vertex 125 236.947 3.00722
      vertex 125 237.241 0.0216684
      vertex 125 237.235 3.06459
    endloop
  endfacet
  facet normal 1 -0 0
    outer loop
      vertex 125 96.8 3.00722
      vertex 125 237.241 0.0216684
      vertex 125 236.947 3.00722
    endloop
  endfacet
  facet normal 1 -0 0
    outer loop
      vertex 125 94 3.1565
      vertex 125 96.8 3.00722
      vertex 125 94 4.95005
    endloop
  endfacet
  facet normal 1 0 0
    outer loop
      vertex 125 24.5 1.5
      vertex 125 94 3.1565
      vertex 125 24.5 2.50963
    endloop
  endfacet
  facet normal 1 0 0
    outer loop
      vertex 125 19.5 0.0216684
      vertex 125 94 3.1565
      vertex 125 24.5 1.5
    endloop
  endfacet
  facet normal 1 0 0
    outer loop
      vertex 125 94 3.1565
      vertex 125 19.5 0.0216684
      vertex 125 96.8 3.00722
    endloop
  endfacet
  facet normal 1 0 0
    outer loop
      vertex 125 19.5 0.0216684
      vertex 125 24.5 1.5
      vertex 125 19.5 1.5
    endloop
  endfacet
  facet normal 1 0 0
    outer loop
      vertex 125 96.8 3.00722
      vertex 125 19.5 0.0216684
      vertex 125 237.241 0.0216684
    endloop
  endfacet
  facet normal 1 0 0
    outer loop
      vertex 125 238.143 148
      vertex 125 236.35 148
      vertex 125 238.143 140
    endloop
  endfacet
  facet normal 1 0 0
    outer loop
      vertex 125 241.278 140
      vertex 125 239.3 107
      vertex 125 241.278 77
    endloop
  endfacet
  facet normal 1 0 0
    outer loop
      vertex 125 238.293 133.5
      vertex 125 241.278 140
      vertex 125 238.293 134
    endloop
  endfacet
  facet normal 1 -0 0
    outer loop
      vertex 125 238.143 140
      vertex 125 238.293 134
      vertex 125 241.278 140
    endloop
  endfacet
  facet normal 1 0 0
    outer loop
      vertex 125 236.35 134
      vertex 125 238.143 140
      vertex 125 236.35 148
    endloop
  endfacet
  facet normal 1 0 0
    outer loop
      vertex 125 238.143 140
      vertex 125 236.35 134
      vertex 125 238.293 134
    endloop
  endfacet
  facet normal 1 -0 0
    outer loop
      vertex 125 239.3 87
      vertex 125 241.278 77
      vertex 125 239.3 107
    endloop
  endfacet
  facet normal 1 0 0
    outer loop
      vertex 125 238.293 77
      vertex 125 239.3 87
      vertex 125 238.293 87
    endloop
  endfacet
  facet normal 1 0 0
    outer loop
      vertex 125 239.3 87
      vertex 125 238.293 77
      vertex 125 241.278 77
    endloop
  endfacet
  facet normal 1 0 0
    outer loop
      vertex 125 241.278 140
      vertex 125 238.293 133.5
      vertex 125 239.3 107
    endloop
  endfacet
  facet normal 1 0 0
    outer loop
      vertex 125 238.143 107
      vertex 125 238.293 133.5
      vertex 125 238.143 133.5
    endloop
  endfacet
  facet normal 1 0 0
    outer loop
      vertex 125 238.293 133.5
      vertex 125 238.143 107
      vertex 125 239.3 107
    endloop
  endfacet
  facet normal -1 0 0
    outer loop
      vertex 119 22.5 2.50963
      vertex 119 24.5 3
      vertex 119 24.5 2.50963
    endloop
  endfacet
  facet normal -1 -0 0
    outer loop
      vertex 119 24.5 3
      vertex 119 22.5 2.50963
      vertex 119 22.5 3
    endloop
  endfacet
  facet normal -1 0 0
    outer loop
      vertex 119 22.5 3.00722
      vertex 119 93.8 4.95005
      vertex 119 93.8 3.00722
    endloop
  endfacet
  facet normal -1 -0 0
    outer loop
      vertex 119 93.8 4.95005
      vertex 119 22.5 3.00722
      vertex 119 22.5 4.95005
    endloop
  endfacet
  facet normal -1 0 0
    outer loop
      vertex 119 236.35 91
      vertex 119 238.293 133.5
      vertex 119 238.293 91
    endloop
  endfacet
  facet normal -1 -0 0
    outer loop
      vertex 119 238.293 133.5
      vertex 119 236.35 91
      vertex 119 236.35 133.5
    endloop
  endfacet
  facet normal 1 -0 0
    outer loop
      vertex 133 22.5 4.95005
      vertex 133 94 3.1565
      vertex 133 94 4.95005
    endloop
  endfacet
  facet normal 1 0 0
    outer loop
      vertex 133 94 3.1565
      vertex 133 22.5 4.95005
      vertex 133 22.5 3.1565
    endloop
  endfacet
  facet normal 1 -0 0
    outer loop
      vertex 133 236.35 133.5
      vertex 133 238.143 107
      vertex 133 238.143 133.5
    endloop
  endfacet
  facet normal 1 0 0
    outer loop
      vertex 133 238.143 107
      vertex 133 236.35 133.5
      vertex 133 236.35 107
    endloop
  endfacet
  facet normal 0 0 1
    outer loop
      vertex 125 238.293 133.5
      vertex 119 238.293 133.5
      vertex 125 238.143 133.5
    endloop
  endfacet
  facet normal -0 0 1
    outer loop
      vertex 125 238.143 133.5
      vertex 133 236.35 133.5
      vertex 133 238.143 133.5
    endloop
  endfacet
  facet normal 0 0 1
    outer loop
      vertex 119 236.35 133.5
      vertex 125 238.143 133.5
      vertex 119 238.293 133.5
    endloop
  endfacet
  facet normal 0 0 1
    outer loop
      vertex 125 238.143 133.5
      vertex 119 236.35 133.5
      vertex 133 236.35 133.5
    endloop
  endfacet
  facet normal 0 0 -1
    outer loop
      vertex 119 236.35 91
      vertex 124.9 238.293 91
      vertex 124.9 236.35 91
    endloop
  endfacet
  facet normal -0 0 -1
    outer loop
      vertex 124.9 238.293 91
      vertex 119 236.35 91
      vertex 119 238.293 91
    endloop
  endfacet
  facet normal 0 1 -0
    outer loop
      vertex 133 94 3.1565
      vertex 125 94 4.95005
      vertex 133 94 4.95005
    endloop
  endfacet
  facet normal 0 1 0
    outer loop
      vertex 125 94 4.95005
      vertex 133 94 3.1565
      vertex 125 94 3.1565
    endloop
  endfacet
  facet normal -0.995236 0 -0.0974944
    outer loop
      vertex 109.586 226.3 96.1221
      vertex 109.5 238.293 97
      vertex 109.586 238.293 96.1221
    endloop
  endfacet
  facet normal -0.995236 -0 -0.0974944
    outer loop
      vertex 109.5 238.293 97
      vertex 109.586 226.3 96.1221
      vertex 109.5 226.3 97
    endloop
  endfacet
  facet normal -0.956652 0 -0.291234
    outer loop
      vertex 109.843 226.3 95.2779
      vertex 109.586 238.293 96.1221
      vertex 109.843 238.293 95.2779
    endloop
  endfacet
  facet normal -0.956652 -0 -0.291234
    outer loop
      vertex 109.586 238.293 96.1221
      vertex 109.843 226.3 95.2779
      vertex 109.586 226.3 96.1221
    endloop
  endfacet
  facet normal 0.7728 -0 0.63465
    outer loop
      vertex 117.182 226.3 100.182
      vertex 117.742 238.293 99.5001
      vertex 117.182 238.293 100.182
    endloop
  endfacet
  facet normal 0.7728 0 0.63465
    outer loop
      vertex 117.742 238.293 99.5001
      vertex 117.182 226.3 100.182
      vertex 117.742 226.3 99.5001
    endloop
  endfacet
  facet normal 0.290259 0 -0.956948
    outer loop
      vertex 114.878 226.3 92.5865
      vertex 115.722 238.293 92.8425
      vertex 115.722 226.3 92.8425
    endloop
  endfacet
  facet normal 0.290259 0 -0.956948
    outer loop
      vertex 115.722 238.293 92.8425
      vertex 114.878 226.3 92.5865
      vertex 114.878 238.293 92.5865
    endloop
  endfacet
  facet normal -0.634594 0 0.772845
    outer loop
      vertex 110.818 238.293 100.182
      vertex 111.5 226.3 100.742
      vertex 111.5 238.293 100.742
    endloop
  endfacet
  facet normal -0.634594 0 0.772845
    outer loop
      vertex 111.5 226.3 100.742
      vertex 110.818 238.293 100.182
      vertex 110.818 226.3 100.182
    endloop
  endfacet
  facet normal -0.0974834 0 0.995237
    outer loop
      vertex 113.122 238.293 101.414
      vertex 114 226.3 101.5
      vertex 114 238.293 101.5
    endloop
  endfacet
  facet normal -0.0974834 0 0.995237
    outer loop
      vertex 114 226.3 101.5
      vertex 113.122 238.293 101.414
      vertex 113.122 226.3 101.414
    endloop
  endfacet
  facet normal 0.956652 -0 0.291234
    outer loop
      vertex 118.157 226.3 98.7221
      vertex 118.414 238.293 97.8779
      vertex 118.157 238.293 98.7221
    endloop
  endfacet
  facet normal 0.956652 0 0.291234
    outer loop
      vertex 118.414 238.293 97.8779
      vertex 118.157 226.3 98.7221
      vertex 118.414 226.3 97.8779
    endloop
  endfacet
  facet normal -0.471441 0 -0.881898
    outer loop
      vertex 111.5 226.3 93.2584
      vertex 112.278 238.293 92.8425
      vertex 112.278 226.3 92.8425
    endloop
  endfacet
  facet normal -0.471441 0 -0.881898
    outer loop
      vertex 112.278 238.293 92.8425
      vertex 111.5 226.3 93.2584
      vertex 111.5 238.293 93.2584
    endloop
  endfacet
  facet normal 0.7728 0 -0.63465
    outer loop
      vertex 117.742 226.3 94.4999
      vertex 117.182 238.293 93.818
      vertex 117.742 238.293 94.4999
    endloop
  endfacet
  facet normal 0.7728 0 -0.63465
    outer loop
      vertex 117.182 238.293 93.818
      vertex 117.742 226.3 94.4999
      vertex 117.182 226.3 93.818
    endloop
  endfacet
  facet normal -0.291297 0 0.956633
    outer loop
      vertex 112.278 238.293 101.157
      vertex 113.122 226.3 101.414
      vertex 113.122 238.293 101.414
    endloop
  endfacet
  facet normal -0.291297 0 0.956633
    outer loop
      vertex 113.122 226.3 101.414
      vertex 112.278 238.293 101.157
      vertex 112.278 226.3 101.157
    endloop
  endfacet
  facet normal 0.470647 0 0.882322
    outer loop
      vertex 115.722 238.293 101.157
      vertex 116.5 226.3 100.742
      vertex 116.5 238.293 100.742
    endloop
  endfacet
  facet normal 0.470647 0 0.882322
    outer loop
      vertex 116.5 226.3 100.742
      vertex 115.722 238.293 101.157
      vertex 115.722 226.3 101.157
    endloop
  endfacet
  facet normal 0.634594 0 0.772845
    outer loop
      vertex 116.5 238.293 100.742
      vertex 117.182 226.3 100.182
      vertex 117.182 238.293 100.182
    endloop
  endfacet
  facet normal 0.634594 0 0.772845
    outer loop
      vertex 117.182 226.3 100.182
      vertex 116.5 238.293 100.742
      vertex 116.5 226.3 100.742
    endloop
  endfacet
  facet normal 0.995236 -0 0.0974944
    outer loop
      vertex 118.414 226.3 97.8779
      vertex 118.5 238.293 97
      vertex 118.414 238.293 97.8779
    endloop
  endfacet
  facet normal 0.995236 0 0.0974944
    outer loop
      vertex 118.5 238.293 97
      vertex 118.414 226.3 97.8779
      vertex 118.5 226.3 97
    endloop
  endfacet
  facet normal -0.882322 0 -0.470647
    outer loop
      vertex 110.258 226.3 94.4999
      vertex 109.843 238.293 95.2779
      vertex 110.258 238.293 94.4999
    endloop
  endfacet
  facet normal -0.882322 -0 -0.470647
    outer loop
      vertex 109.843 238.293 95.2779
      vertex 110.258 226.3 94.4999
      vertex 109.843 226.3 95.2779
    endloop
  endfacet
  facet normal -0.7728 0 -0.63465
    outer loop
      vertex 110.818 226.3 93.818
      vertex 110.258 238.293 94.4999
      vertex 110.818 238.293 93.818
    endloop
  endfacet
  facet normal -0.7728 -0 -0.63465
    outer loop
      vertex 110.258 238.293 94.4999
      vertex 110.818 226.3 93.818
      vertex 110.258 226.3 94.4999
    endloop
  endfacet
  facet normal -0.634324 0 -0.773068
    outer loop
      vertex 110.818 226.3 93.818
      vertex 111.5 238.293 93.2584
      vertex 111.5 226.3 93.2584
    endloop
  endfacet
  facet normal -0.634324 0 -0.773068
    outer loop
      vertex 111.5 238.293 93.2584
      vertex 110.818 226.3 93.818
      vertex 110.818 238.293 93.818
    endloop
  endfacet
  facet normal -0.0980447 0 -0.995182
    outer loop
      vertex 113.122 226.3 92.5865
      vertex 114 238.293 92.5
      vertex 114 226.3 92.5
    endloop
  endfacet
  facet normal -0.0980447 0 -0.995182
    outer loop
      vertex 114 238.293 92.5
      vertex 113.122 226.3 92.5865
      vertex 113.122 238.293 92.5865
    endloop
  endfacet
  facet normal 0.0980447 0 -0.995182
    outer loop
      vertex 114 226.3 92.5
      vertex 114.878 238.293 92.5865
      vertex 114.878 226.3 92.5865
    endloop
  endfacet
  facet normal 0.0980447 0 -0.995182
    outer loop
      vertex 114.878 238.293 92.5865
      vertex 114 226.3 92.5
      vertex 114 238.293 92.5
    endloop
  endfacet
  facet normal -0.290259 0 -0.956948
    outer loop
      vertex 112.278 226.3 92.8425
      vertex 113.122 238.293 92.5865
      vertex 113.122 226.3 92.5865
    endloop
  endfacet
  facet normal -0.290259 0 -0.956948
    outer loop
      vertex 113.122 238.293 92.5865
      vertex 112.278 226.3 92.8425
      vertex 112.278 238.293 92.8425
    endloop
  endfacet
  facet normal 0.882322 0 -0.470647
    outer loop
      vertex 118.157 226.3 95.2779
      vertex 117.742 238.293 94.4999
      vertex 118.157 238.293 95.2779
    endloop
  endfacet
  facet normal 0.882322 0 -0.470647
    outer loop
      vertex 117.742 238.293 94.4999
      vertex 118.157 226.3 95.2779
      vertex 117.742 226.3 94.4999
    endloop
  endfacet
  facet normal 0.956652 0 -0.291234
    outer loop
      vertex 118.414 226.3 96.1221
      vertex 118.157 238.293 95.2779
      vertex 118.414 238.293 96.1221
    endloop
  endfacet
  facet normal 0.956652 0 -0.291234
    outer loop
      vertex 118.157 238.293 95.2779
      vertex 118.414 226.3 96.1221
      vertex 118.157 226.3 95.2779
    endloop
  endfacet
  facet normal 0.995236 0 -0.0974944
    outer loop
      vertex 118.5 226.3 97
      vertex 118.414 238.293 96.1221
      vertex 118.5 238.293 97
    endloop
  endfacet
  facet normal 0.995236 0 -0.0974944
    outer loop
      vertex 118.414 238.293 96.1221
      vertex 118.5 226.3 97
      vertex 118.414 226.3 96.1221
    endloop
  endfacet
  facet normal 0.471441 0 -0.881898
    outer loop
      vertex 115.722 226.3 92.8425
      vertex 116.5 238.293 93.2584
      vertex 116.5 226.3 93.2584
    endloop
  endfacet
  facet normal 0.471441 0 -0.881898
    outer loop
      vertex 116.5 238.293 93.2584
      vertex 115.722 226.3 92.8425
      vertex 115.722 238.293 92.8425
    endloop
  endfacet
  facet normal 0.634324 0 -0.773068
    outer loop
      vertex 116.5 226.3 93.2584
      vertex 117.182 238.293 93.818
      vertex 117.182 226.3 93.818
    endloop
  endfacet
  facet normal 0.634324 0 -0.773068
    outer loop
      vertex 117.182 238.293 93.818
      vertex 116.5 226.3 93.2584
      vertex 116.5 238.293 93.2584
    endloop
  endfacet
  facet normal -0.470647 0 0.882322
    outer loop
      vertex 111.5 238.293 100.742
      vertex 112.278 226.3 101.157
      vertex 112.278 238.293 101.157
    endloop
  endfacet
  facet normal -0.470647 0 0.882322
    outer loop
      vertex 112.278 226.3 101.157
      vertex 111.5 238.293 100.742
      vertex 111.5 226.3 100.742
    endloop
  endfacet
  facet normal 0 -1 0
    outer loop
      vertex 114 226.3 99
      vertex 114 226.3 101.5
      vertex 113.122 226.3 101.414
    endloop
  endfacet
  facet normal 0 -1 0
    outer loop
      vertex 113.61 226.3 98.9616
      vertex 113.122 226.3 101.414
      vertex 112.278 226.3 101.157
    endloop
  endfacet
  facet normal 0 -1 0
    outer loop
      vertex 114 226.3 101.5
      vertex 114 226.3 99
      vertex 114.878 226.3 101.414
    endloop
  endfacet
  facet normal 0 -1 0
    outer loop
      vertex 113.235 226.3 98.8478
      vertex 112.278 226.3 101.157
      vertex 111.5 226.3 100.742
    endloop
  endfacet
  facet normal 0 -1 0
    outer loop
      vertex 114.39 226.3 98.9616
      vertex 114.878 226.3 101.414
      vertex 114 226.3 99
    endloop
  endfacet
  facet normal 0 -1 0
    outer loop
      vertex 112.889 226.3 98.6629
      vertex 111.5 226.3 100.742
      vertex 110.818 226.3 100.182
    endloop
  endfacet
  facet normal 0 -1 -0
    outer loop
      vertex 114.878 226.3 101.414
      vertex 114.39 226.3 98.9616
      vertex 115.722 226.3 101.157
    endloop
  endfacet
  facet normal 0 -1 0
    outer loop
      vertex 112.586 226.3 98.4142
      vertex 110.818 226.3 100.182
      vertex 110.258 226.3 99.5001
    endloop
  endfacet
  facet normal 0 -1 0
    outer loop
      vertex 114.765 226.3 98.8478
      vertex 115.722 226.3 101.157
      vertex 114.39 226.3 98.9616
    endloop
  endfacet
  facet normal 0 -1 -0
    outer loop
      vertex 115.722 226.3 101.157
      vertex 114.765 226.3 98.8478
      vertex 116.5 226.3 100.742
    endloop
  endfacet
  facet normal 0 -1 0
    outer loop
      vertex 113.122 226.3 101.414
      vertex 113.61 226.3 98.9616
      vertex 114 226.3 99
    endloop
  endfacet
  facet normal 0 -1 0
    outer loop
      vertex 112.278 226.3 101.157
      vertex 113.235 226.3 98.8478
      vertex 113.61 226.3 98.9616
    endloop
  endfacet
  facet normal 0 -1 0
    outer loop
      vertex 112.337 226.3 98.1111
      vertex 110.258 226.3 99.5001
      vertex 109.843 226.3 98.7221
    endloop
  endfacet
  facet normal 0 -1 0
    outer loop
      vertex 111.5 226.3 100.742
      vertex 112.889 226.3 98.6629
      vertex 113.235 226.3 98.8478
    endloop
  endfacet
  facet normal 0 -1 0
    outer loop
      vertex 110.818 226.3 100.182
      vertex 112.586 226.3 98.4142
      vertex 112.889 226.3 98.6629
    endloop
  endfacet
  facet normal 0 -1 0
    outer loop
      vertex 110.258 226.3 99.5001
      vertex 112.337 226.3 98.1111
      vertex 112.586 226.3 98.4142
    endloop
  endfacet
  facet normal 0 -1 0
    outer loop
      vertex 112.152 226.3 97.7654
      vertex 109.843 226.3 98.7221
      vertex 109.586 226.3 97.8779
    endloop
  endfacet
  facet normal 0 -1 0
    outer loop
      vertex 109.843 226.3 98.7221
      vertex 112.152 226.3 97.7654
      vertex 112.337 226.3 98.1111
    endloop
  endfacet
  facet normal 0 -1 0
    outer loop
      vertex 109.586 226.3 97.8779
      vertex 112.038 226.3 97.3902
      vertex 112.152 226.3 97.7654
    endloop
  endfacet
  facet normal 0 -1 0
    outer loop
      vertex 109.5 226.3 97
      vertex 112.038 226.3 97.3902
      vertex 109.586 226.3 97.8779
    endloop
  endfacet
  facet normal 0 -1 0
    outer loop
      vertex 109.5 226.3 97
      vertex 112 226.3 97
      vertex 112.038 226.3 97.3902
    endloop
  endfacet
  facet normal 0 -1 0
    outer loop
      vertex 109.5 226.3 97
      vertex 112.038 226.3 96.6098
      vertex 112 226.3 97
    endloop
  endfacet
  facet normal 0 -1 0
    outer loop
      vertex 109.586 226.3 96.1221
      vertex 112.038 226.3 96.6098
      vertex 109.5 226.3 97
    endloop
  endfacet
  facet normal 0 -1 -0
    outer loop
      vertex 112.038 226.3 96.6098
      vertex 109.586 226.3 96.1221
      vertex 112.152 226.3 96.2346
    endloop
  endfacet
  facet normal 0 -1 0
    outer loop
      vertex 109.843 226.3 95.2779
      vertex 112.152 226.3 96.2346
      vertex 109.586 226.3 96.1221
    endloop
  endfacet
  facet normal 0 -1 -0
    outer loop
      vertex 112.152 226.3 96.2346
      vertex 109.843 226.3 95.2779
      vertex 112.337 226.3 95.8889
    endloop
  endfacet
  facet normal 0 -1 0
    outer loop
      vertex 110.258 226.3 94.4999
      vertex 112.337 226.3 95.8889
      vertex 109.843 226.3 95.2779
    endloop
  endfacet
  facet normal 0 -1 -0
    outer loop
      vertex 112.337 226.3 95.8889
      vertex 110.258 226.3 94.4999
      vertex 112.586 226.3 95.5858
    endloop
  endfacet
  facet normal 0 -1 0
    outer loop
      vertex 110.818 226.3 93.818
      vertex 112.586 226.3 95.5858
      vertex 110.258 226.3 94.4999
    endloop
  endfacet
  facet normal 0 -1 -0
    outer loop
      vertex 112.586 226.3 95.5858
      vertex 110.818 226.3 93.818
      vertex 112.889 226.3 95.3371
    endloop
  endfacet
  facet normal 0 -1 0
    outer loop
      vertex 111.5 226.3 93.2584
      vertex 112.889 226.3 95.3371
      vertex 110.818 226.3 93.818
    endloop
  endfacet
  facet normal 0 -1 -0
    outer loop
      vertex 112.889 226.3 95.3371
      vertex 111.5 226.3 93.2584
      vertex 113.235 226.3 95.1522
    endloop
  endfacet
  facet normal 0 -1 0
    outer loop
      vertex 115.111 226.3 98.6629
      vertex 116.5 226.3 100.742
      vertex 114.765 226.3 98.8478
    endloop
  endfacet
  facet normal 0 -1 -0
    outer loop
      vertex 116.5 226.3 100.742
      vertex 115.111 226.3 98.6629
      vertex 117.182 226.3 100.182
    endloop
  endfacet
  facet normal 0 -1 0
    outer loop
      vertex 115.414 226.3 98.4142
      vertex 117.182 226.3 100.182
      vertex 115.111 226.3 98.6629
    endloop
  endfacet
  facet normal 0 -1 -0
    outer loop
      vertex 117.182 226.3 100.182
      vertex 115.414 226.3 98.4142
      vertex 117.742 226.3 99.5001
    endloop
  endfacet
  facet normal 0 -1 0
    outer loop
      vertex 115.663 226.3 98.1111
      vertex 117.742 226.3 99.5001
      vertex 115.414 226.3 98.4142
    endloop
  endfacet
  facet normal 0 -1 -0
    outer loop
      vertex 117.742 226.3 99.5001
      vertex 115.663 226.3 98.1111
      vertex 118.157 226.3 98.7221
    endloop
  endfacet
  facet normal 0 -1 0
    outer loop
      vertex 115.848 226.3 97.7654
      vertex 118.157 226.3 98.7221
      vertex 115.663 226.3 98.1111
    endloop
  endfacet
  facet normal 0 -1 -0
    outer loop
      vertex 118.157 226.3 98.7221
      vertex 115.848 226.3 97.7654
      vertex 118.414 226.3 97.8779
    endloop
  endfacet
  facet normal 0 -1 0
    outer loop
      vertex 115.962 226.3 97.3902
      vertex 118.414 226.3 97.8779
      vertex 115.848 226.3 97.7654
    endloop
  endfacet
  facet normal 0 -1 0
    outer loop
      vertex 116 226.3 97
      vertex 118.414 226.3 97.8779
      vertex 115.962 226.3 97.3902
    endloop
  endfacet
  facet normal 0 -1 0
    outer loop
      vertex 116 226.3 97
      vertex 118.5 226.3 97
      vertex 118.414 226.3 97.8779
    endloop
  endfacet
  facet normal 0 -1 0
    outer loop
      vertex 115.962 226.3 96.6098
      vertex 118.5 226.3 97
      vertex 116 226.3 97
    endloop
  endfacet
  facet normal 0 -1 0
    outer loop
      vertex 118.414 226.3 96.1221
      vertex 115.962 226.3 96.6098
      vertex 115.848 226.3 96.2346
    endloop
  endfacet
  facet normal 0 -1 0
    outer loop
      vertex 115.962 226.3 96.6098
      vertex 118.414 226.3 96.1221
      vertex 118.5 226.3 97
    endloop
  endfacet
  facet normal 0 -1 0
    outer loop
      vertex 118.157 226.3 95.2779
      vertex 115.848 226.3 96.2346
      vertex 115.663 226.3 95.8889
    endloop
  endfacet
  facet normal 0 -1 0
    outer loop
      vertex 117.742 226.3 94.4999
      vertex 115.663 226.3 95.8889
      vertex 115.414 226.3 95.5858
    endloop
  endfacet
  facet normal 0 -1 0
    outer loop
      vertex 117.182 226.3 93.818
      vertex 115.414 226.3 95.5858
      vertex 115.111 226.3 95.3371
    endloop
  endfacet
  facet normal 0 -1 0
    outer loop
      vertex 115.848 226.3 96.2346
      vertex 118.157 226.3 95.2779
      vertex 118.414 226.3 96.1221
    endloop
  endfacet
  facet normal 0 -1 0
    outer loop
      vertex 116.5 226.3 93.2584
      vertex 115.111 226.3 95.3371
      vertex 114.765 226.3 95.1522
    endloop
  endfacet
  facet normal 0 -1 0
    outer loop
      vertex 115.722 226.3 92.8425
      vertex 114.765 226.3 95.1522
      vertex 114.39 226.3 95.0384
    endloop
  endfacet
  facet normal 0 -1 0
    outer loop
      vertex 114.878 226.3 92.5865
      vertex 114.39 226.3 95.0384
      vertex 114 226.3 95
    endloop
  endfacet
  facet normal 0 -1 0
    outer loop
      vertex 112.278 226.3 92.8425
      vertex 113.235 226.3 95.1522
      vertex 111.5 226.3 93.2584
    endloop
  endfacet
  facet normal 0 -1 0
    outer loop
      vertex 115.663 226.3 95.8889
      vertex 117.742 226.3 94.4999
      vertex 118.157 226.3 95.2779
    endloop
  endfacet
  facet normal 0 -1 -0
    outer loop
      vertex 113.235 226.3 95.1522
      vertex 112.278 226.3 92.8425
      vertex 113.61 226.3 95.0384
    endloop
  endfacet
  facet normal 0 -1 0
    outer loop
      vertex 115.414 226.3 95.5858
      vertex 117.182 226.3 93.818
      vertex 117.742 226.3 94.4999
    endloop
  endfacet
  facet normal 0 -1 0
    outer loop
      vertex 113.122 226.3 92.5865
      vertex 113.61 226.3 95.0384
      vertex 112.278 226.3 92.8425
    endloop
  endfacet
  facet normal 0 -1 0
    outer loop
      vertex 115.111 226.3 95.3371
      vertex 116.5 226.3 93.2584
      vertex 117.182 226.3 93.818
    endloop
  endfacet
  facet normal 0 -1 -0
    outer loop
      vertex 113.61 226.3 95.0384
      vertex 113.122 226.3 92.5865
      vertex 114 226.3 95
    endloop
  endfacet
  facet normal 0 -1 0
    outer loop
      vertex 114.765 226.3 95.1522
      vertex 115.722 226.3 92.8425
      vertex 116.5 226.3 93.2584
    endloop
  endfacet
  facet normal 0 -1 0
    outer loop
      vertex 114 226.3 92.5
      vertex 114 226.3 95
      vertex 113.122 226.3 92.5865
    endloop
  endfacet
  facet normal 0 -1 0
    outer loop
      vertex 114.39 226.3 95.0384
      vertex 114.878 226.3 92.5865
      vertex 115.722 226.3 92.8425
    endloop
  endfacet
  facet normal 0 -1 0
    outer loop
      vertex 114 226.3 95
      vertex 114 226.3 92.5
      vertex 114.878 226.3 92.5865
    endloop
  endfacet
  facet normal 0.291297 0 0.956633
    outer loop
      vertex 114.878 238.293 101.414
      vertex 115.722 226.3 101.157
      vertex 115.722 238.293 101.157
    endloop
  endfacet
  facet normal 0.291297 0 0.956633
    outer loop
      vertex 115.722 226.3 101.157
      vertex 114.878 238.293 101.414
      vertex 114.878 226.3 101.414
    endloop
  endfacet
  facet normal 0.0974834 0 0.995237
    outer loop
      vertex 114 238.293 101.5
      vertex 114.878 226.3 101.414
      vertex 114.878 238.293 101.414
    endloop
  endfacet
  facet normal 0.0974834 0 0.995237
    outer loop
      vertex 114.878 226.3 101.414
      vertex 114 238.293 101.5
      vertex 114 226.3 101.5
    endloop
  endfacet
  facet normal 0.882322 -0 0.470647
    outer loop
      vertex 117.742 226.3 99.5001
      vertex 118.157 238.293 98.7221
      vertex 117.742 238.293 99.5001
    endloop
  endfacet
  facet normal 0.882322 0 0.470647
    outer loop
      vertex 118.157 238.293 98.7221
      vertex 117.742 226.3 99.5001
      vertex 118.157 226.3 98.7221
    endloop
  endfacet
  facet normal -0.956652 0 0.291234
    outer loop
      vertex 109.586 226.3 97.8779
      vertex 109.843 238.293 98.7221
      vertex 109.586 238.293 97.8779
    endloop
  endfacet
  facet normal -0.956652 0 0.291234
    outer loop
      vertex 109.843 238.293 98.7221
      vertex 109.586 226.3 97.8779
      vertex 109.843 226.3 98.7221
    endloop
  endfacet
  facet normal -0.995236 0 0.0974944
    outer loop
      vertex 109.5 226.3 97
      vertex 109.586 238.293 97.8779
      vertex 109.5 238.293 97
    endloop
  endfacet
  facet normal -0.995236 0 0.0974944
    outer loop
      vertex 109.586 238.293 97.8779
      vertex 109.5 226.3 97
      vertex 109.586 226.3 97.8779
    endloop
  endfacet
  facet normal -0.7728 0 0.63465
    outer loop
      vertex 110.258 226.3 99.5001
      vertex 110.818 238.293 100.182
      vertex 110.258 238.293 99.5001
    endloop
  endfacet
  facet normal -0.7728 0 0.63465
    outer loop
      vertex 110.818 238.293 100.182
      vertex 110.258 226.3 99.5001
      vertex 110.818 226.3 100.182
    endloop
  endfacet
  facet normal -0.882322 0 0.470647
    outer loop
      vertex 109.843 226.3 98.7221
      vertex 110.258 238.293 99.5001
      vertex 109.843 238.293 98.7221
    endloop
  endfacet
  facet normal -0.882322 0 0.470647
    outer loop
      vertex 110.258 238.293 99.5001
      vertex 109.843 226.3 98.7221
      vertex 110.258 226.3 99.5001
    endloop
  endfacet
  facet normal 0 -1 0
    outer loop
      vertex 124.9 239.3 87
      vertex 125 239.3 107
      vertex 124.9 239.3 107
    endloop
  endfacet
  facet normal 0 -1 -0
    outer loop
      vertex 125 239.3 107
      vertex 124.9 239.3 87
      vertex 125 239.3 87
    endloop
  endfacet
  facet normal -0 0 1
    outer loop
      vertex 124.9 239.3 87
      vertex 125 238.293 87
      vertex 125 239.3 87
    endloop
  endfacet
  facet normal 0 0 1
    outer loop
      vertex 125 238.293 87
      vertex 124.9 239.3 87
      vertex 124.9 238.293 87
    endloop
  endfacet
  facet normal 1 0 0
    outer loop
      vertex 124.9 239.3 107
      vertex 124.9 238.293 91
      vertex 124.9 239.3 87
    endloop
  endfacet
  facet normal 1 -0 0
    outer loop
      vertex 124.9 236.35 107
      vertex 124.9 238.293 91
      vertex 124.9 239.3 107
    endloop
  endfacet
  facet normal 1 0 0
    outer loop
      vertex 124.9 238.293 91
      vertex 124.9 236.35 107
      vertex 124.9 236.35 91
    endloop
  endfacet
  facet normal 1 0 0
    outer loop
      vertex 124.9 239.3 87
      vertex 124.9 238.293 91
      vertex 124.9 238.293 87
    endloop
  endfacet
  facet normal 0 0 -1
    outer loop
      vertex 133 236.35 107
      vertex 125 238.143 107
      vertex 133 238.143 107
    endloop
  endfacet
  facet normal 0 0 -1
    outer loop
      vertex 124.9 236.35 107
      vertex 125 238.143 107
      vertex 133 236.35 107
    endloop
  endfacet
  facet normal 0 0 -1
    outer loop
      vertex 124.9 239.3 107
      vertex 125 238.143 107
      vertex 124.9 236.35 107
    endloop
  endfacet
  facet normal 0 0 -1
    outer loop
      vertex 125 238.143 107
      vertex 124.9 239.3 107
      vertex 125 239.3 107
    endloop
  endfacet
  facet normal -0.995291 0 0.0969274
    outer loop
      vertex 115.962 226.3 96.6098
      vertex 116 235.81 97
      vertex 115.962 235.81 96.6098
    endloop
  endfacet
  facet normal -0.995291 0 0.0969274
    outer loop
      vertex 116 235.81 97
      vertex 115.962 226.3 96.6098
      vertex 116 226.3 97
    endloop
  endfacet
  facet normal -0.95681 0 0.290715
    outer loop
      vertex 115.848 226.3 96.2346
      vertex 115.962 235.81 96.6098
      vertex 115.848 235.81 96.2346
    endloop
  endfacet
  facet normal -0.95681 0 0.290715
    outer loop
      vertex 115.962 235.81 96.6098
      vertex 115.848 226.3 96.2346
      vertex 115.962 226.3 96.6098
    endloop
  endfacet
  facet normal 0.995291 -0 0.0969274
    outer loop
      vertex 112 226.3 97
      vertex 112.038 235.81 96.6098
      vertex 112 235.81 97
    endloop
  endfacet
  facet normal 0.995291 0 0.0969274
    outer loop
      vertex 112.038 235.81 96.6098
      vertex 112 226.3 97
      vertex 112.038 226.3 96.6098
    endloop
  endfacet
  facet normal 0.772695 0 -0.634777
    outer loop
      vertex 112.586 226.3 98.4142
      vertex 112.337 235.81 98.1111
      vertex 112.586 235.81 98.4142
    endloop
  endfacet
  facet normal 0.772695 0 -0.634777
    outer loop
      vertex 112.337 235.81 98.1111
      vertex 112.586 226.3 98.4142
      vertex 112.337 226.3 98.1111
    endloop
  endfacet
  facet normal 0.29039 0 0.956908
    outer loop
      vertex 113.235 235.81 95.1522
      vertex 113.61 226.3 95.0384
      vertex 113.61 235.81 95.0384
    endloop
  endfacet
  facet normal 0.29039 0 0.956908
    outer loop
      vertex 113.61 226.3 95.0384
      vertex 113.235 235.81 95.1522
      vertex 113.235 226.3 95.1522
    endloop
  endfacet
  facet normal -0.0979877 0 -0.995188
    outer loop
      vertex 114 226.3 99
      vertex 114.39 235.81 98.9616
      vertex 114.39 226.3 98.9616
    endloop
  endfacet
  facet normal -0.0979877 0 -0.995188
    outer loop
      vertex 114.39 235.81 98.9616
      vertex 114 226.3 99
      vertex 114 235.81 99
    endloop
  endfacet
  facet normal -0.881688 0 -0.471832
    outer loop
      vertex 115.848 226.3 97.7654
      vertex 115.663 235.81 98.1111
      vertex 115.848 235.81 97.7654
    endloop
  endfacet
  facet normal -0.881688 -0 -0.471832
    outer loop
      vertex 115.663 235.81 98.1111
      vertex 115.848 226.3 97.7654
      vertex 115.663 226.3 98.1111
    endloop
  endfacet
  facet normal -0.0979877 0 0.995188
    outer loop
      vertex 114 235.81 95
      vertex 114.39 226.3 95.0384
      vertex 114.39 235.81 95.0384
    endloop
  endfacet
  facet normal -0.0979877 0 0.995188
    outer loop
      vertex 114.39 226.3 95.0384
      vertex 114 235.81 95
      vertex 114 226.3 95
    endloop
  endfacet
  facet normal -0.471316 0 0.881965
    outer loop
      vertex 114.765 235.81 95.1522
      vertex 115.111 226.3 95.3371
      vertex 115.111 235.81 95.3371
    endloop
  endfacet
  facet normal -0.471316 0 0.881965
    outer loop
      vertex 115.111 226.3 95.3371
      vertex 114.765 235.81 95.1522
      vertex 114.765 226.3 95.1522
    endloop
  endfacet
  facet normal 0.881688 -0 0.471832
    outer loop
      vertex 112.152 226.3 96.2346
      vertex 112.337 235.81 95.8889
      vertex 112.152 235.81 96.2346
    endloop
  endfacet
  facet normal 0.881688 0 0.471832
    outer loop
      vertex 112.337 235.81 95.8889
      vertex 112.152 226.3 96.2346
      vertex 112.337 226.3 95.8889
    endloop
  endfacet
  facet normal 0.772695 -0 0.634777
    outer loop
      vertex 112.337 226.3 95.8889
      vertex 112.586 235.81 95.5858
      vertex 112.337 235.81 95.8889
    endloop
  endfacet
  facet normal 0.772695 0 0.634777
    outer loop
      vertex 112.586 235.81 95.5858
      vertex 112.337 226.3 95.8889
      vertex 112.586 226.3 95.5858
    endloop
  endfacet
  facet normal 0.0979877 0 0.995188
    outer loop
      vertex 113.61 235.81 95.0384
      vertex 114 226.3 95
      vertex 114 235.81 95
    endloop
  endfacet
  facet normal 0.0979877 0 0.995188
    outer loop
      vertex 114 226.3 95
      vertex 113.61 235.81 95.0384
      vertex 113.61 226.3 95.0384
    endloop
  endfacet
  facet normal 0.471316 0 -0.881965
    outer loop
      vertex 112.889 226.3 98.6629
      vertex 113.235 235.81 98.8478
      vertex 113.235 226.3 98.8478
    endloop
  endfacet
  facet normal 0.471316 0 -0.881965
    outer loop
      vertex 113.235 235.81 98.8478
      vertex 112.889 226.3 98.6629
      vertex 112.889 235.81 98.6629
    endloop
  endfacet
  facet normal 0.634446 0 -0.772968
    outer loop
      vertex 112.586 226.3 98.4142
      vertex 112.889 235.81 98.6629
      vertex 112.889 226.3 98.6629
    endloop
  endfacet
  facet normal 0.634446 0 -0.772968
    outer loop
      vertex 112.889 235.81 98.6629
      vertex 112.586 226.3 98.4142
      vertex 112.586 235.81 98.4142
    endloop
  endfacet
  facet normal 0 -1 0
    outer loop
      vertex 113.61 235.81 98.9616
      vertex 114.39 235.81 98.9616
      vertex 114 235.81 99
    endloop
  endfacet
  facet normal 0 -1 0
    outer loop
      vertex 113.235 235.81 98.8478
      vertex 114.39 235.81 98.9616
      vertex 113.61 235.81 98.9616
    endloop
  endfacet
  facet normal 0 -1 0
    outer loop
      vertex 113.235 235.81 98.8478
      vertex 114.765 235.81 98.8478
      vertex 114.39 235.81 98.9616
    endloop
  endfacet
  facet normal 0 -1 0
    outer loop
      vertex 112.889 235.81 98.6629
      vertex 114.765 235.81 98.8478
      vertex 113.235 235.81 98.8478
    endloop
  endfacet
  facet normal 0 -1 0
    outer loop
      vertex 112.889 235.81 98.6629
      vertex 115.111 235.81 98.6629
      vertex 114.765 235.81 98.8478
    endloop
  endfacet
  facet normal 0 -1 0
    outer loop
      vertex 112.586 235.81 98.4142
      vertex 115.111 235.81 98.6629
      vertex 112.889 235.81 98.6629
    endloop
  endfacet
  facet normal 0 -1 0
    outer loop
      vertex 112.586 235.81 98.4142
      vertex 115.414 235.81 98.4142
      vertex 115.111 235.81 98.6629
    endloop
  endfacet
  facet normal 0 -1 0
    outer loop
      vertex 112.337 235.81 98.1111
      vertex 115.414 235.81 98.4142
      vertex 112.586 235.81 98.4142
    endloop
  endfacet
  facet normal 0 -1 0
    outer loop
      vertex 112.337 235.81 98.1111
      vertex 115.663 235.81 98.1111
      vertex 115.414 235.81 98.4142
    endloop
  endfacet
  facet normal 0 -1 0
    outer loop
      vertex 112.152 235.81 97.7654
      vertex 115.663 235.81 98.1111
      vertex 112.337 235.81 98.1111
    endloop
  endfacet
  facet normal 0 -1 0
    outer loop
      vertex 112.152 235.81 97.7654
      vertex 115.848 235.81 97.7654
      vertex 115.663 235.81 98.1111
    endloop
  endfacet
  facet normal 0 -1 0
    outer loop
      vertex 112.038 235.81 97.3902
      vertex 115.848 235.81 97.7654
      vertex 112.152 235.81 97.7654
    endloop
  endfacet
  facet normal 0 -1 0
    outer loop
      vertex 112.038 235.81 97.3902
      vertex 115.962 235.81 97.3902
      vertex 115.848 235.81 97.7654
    endloop
  endfacet
  facet normal 0 -1 0
    outer loop
      vertex 112 235.81 97
      vertex 115.962 235.81 97.3902
      vertex 112.038 235.81 97.3902
    endloop
  endfacet
  facet normal 0 -1 0
    outer loop
      vertex 112 235.81 97
      vertex 116 235.81 97
      vertex 115.962 235.81 97.3902
    endloop
  endfacet
  facet normal 0 -1 0
    outer loop
      vertex 112.038 235.81 96.6098
      vertex 116 235.81 97
      vertex 112 235.81 97
    endloop
  endfacet
  facet normal 0 -1 0
    outer loop
      vertex 112.038 235.81 96.6098
      vertex 115.962 235.81 96.6098
      vertex 116 235.81 97
    endloop
  endfacet
  facet normal 0 -1 0
    outer loop
      vertex 112.152 235.81 96.2346
      vertex 115.962 235.81 96.6098
      vertex 112.038 235.81 96.6098
    endloop
  endfacet
  facet normal 0 -1 0
    outer loop
      vertex 112.152 235.81 96.2346
      vertex 115.848 235.81 96.2346
      vertex 115.962 235.81 96.6098
    endloop
  endfacet
  facet normal 0 -1 0
    outer loop
      vertex 112.337 235.81 95.8889
      vertex 115.848 235.81 96.2346
      vertex 112.152 235.81 96.2346
    endloop
  endfacet
  facet normal 0 -1 0
    outer loop
      vertex 112.337 235.81 95.8889
      vertex 115.663 235.81 95.8889
      vertex 115.848 235.81 96.2346
    endloop
  endfacet
  facet normal 0 -1 0
    outer loop
      vertex 112.586 235.81 95.5858
      vertex 115.663 235.81 95.8889
      vertex 112.337 235.81 95.8889
    endloop
  endfacet
  facet normal 0 -1 0
    outer loop
      vertex 112.586 235.81 95.5858
      vertex 115.414 235.81 95.5858
      vertex 115.663 235.81 95.8889
    endloop
  endfacet
  facet normal 0 -1 0
    outer loop
      vertex 112.889 235.81 95.3371
      vertex 115.414 235.81 95.5858
      vertex 112.586 235.81 95.5858
    endloop
  endfacet
  facet normal 0 -1 0
    outer loop
      vertex 112.889 235.81 95.3371
      vertex 115.111 235.81 95.3371
      vertex 115.414 235.81 95.5858
    endloop
  endfacet
  facet normal 0 -1 0
    outer loop
      vertex 113.235 235.81 95.1522
      vertex 115.111 235.81 95.3371
      vertex 112.889 235.81 95.3371
    endloop
  endfacet
  facet normal 0 -1 0
    outer loop
      vertex 113.235 235.81 95.1522
      vertex 114.765 235.81 95.1522
      vertex 115.111 235.81 95.3371
    endloop
  endfacet
  facet normal 0 -1 0
    outer loop
      vertex 113.61 235.81 95.0384
      vertex 114.765 235.81 95.1522
      vertex 113.235 235.81 95.1522
    endloop
  endfacet
  facet normal 0 -1 0
    outer loop
      vertex 113.61 235.81 95.0384
      vertex 114.39 235.81 95.0384
      vertex 114.765 235.81 95.1522
    endloop
  endfacet
  facet normal -0 -1 0
    outer loop
      vertex 114.39 235.81 95.0384
      vertex 113.61 235.81 95.0384
      vertex 114 235.81 95
    endloop
  endfacet
  facet normal -0.881688 0 0.471832
    outer loop
      vertex 115.663 226.3 95.8889
      vertex 115.848 235.81 96.2346
      vertex 115.663 235.81 95.8889
    endloop
  endfacet
  facet normal -0.881688 0 0.471832
    outer loop
      vertex 115.848 235.81 96.2346
      vertex 115.663 226.3 95.8889
      vertex 115.848 226.3 96.2346
    endloop
  endfacet
  facet normal -0.772695 0 0.634777
    outer loop
      vertex 115.414 226.3 95.5858
      vertex 115.663 235.81 95.8889
      vertex 115.414 235.81 95.5858
    endloop
  endfacet
  facet normal -0.772695 0 0.634777
    outer loop
      vertex 115.663 235.81 95.8889
      vertex 115.414 226.3 95.5858
      vertex 115.663 226.3 95.8889
    endloop
  endfacet
  facet normal -0.634446 0 0.772968
    outer loop
      vertex 115.111 235.81 95.3371
      vertex 115.414 226.3 95.5858
      vertex 115.414 235.81 95.5858
    endloop
  endfacet
  facet normal -0.634446 0 0.772968
    outer loop
      vertex 115.414 226.3 95.5858
      vertex 115.111 235.81 95.3371
      vertex 115.111 226.3 95.3371
    endloop
  endfacet
  facet normal -0.29039 0 0.956908
    outer loop
      vertex 114.39 235.81 95.0384
      vertex 114.765 226.3 95.1522
      vertex 114.765 235.81 95.1522
    endloop
  endfacet
  facet normal -0.29039 0 0.956908
    outer loop
      vertex 114.765 226.3 95.1522
      vertex 114.39 235.81 95.0384
      vertex 114.39 226.3 95.0384
    endloop
  endfacet
  facet normal 0.95681 -0 0.290715
    outer loop
      vertex 112.038 226.3 96.6098
      vertex 112.152 235.81 96.2346
      vertex 112.038 235.81 96.6098
    endloop
  endfacet
  facet normal 0.95681 0 0.290715
    outer loop
      vertex 112.152 235.81 96.2346
      vertex 112.038 226.3 96.6098
      vertex 112.152 226.3 96.2346
    endloop
  endfacet
  facet normal 0.471316 0 0.881965
    outer loop
      vertex 112.889 235.81 95.3371
      vertex 113.235 226.3 95.1522
      vertex 113.235 235.81 95.1522
    endloop
  endfacet
  facet normal 0.471316 0 0.881965
    outer loop
      vertex 113.235 226.3 95.1522
      vertex 112.889 235.81 95.3371
      vertex 112.889 226.3 95.3371
    endloop
  endfacet
  facet normal 0.634446 0 0.772968
    outer loop
      vertex 112.586 235.81 95.5858
      vertex 112.889 226.3 95.3371
      vertex 112.889 235.81 95.3371
    endloop
  endfacet
  facet normal 0.634446 0 0.772968
    outer loop
      vertex 112.889 226.3 95.3371
      vertex 112.586 235.81 95.5858
      vertex 112.586 226.3 95.5858
    endloop
  endfacet
  facet normal -0.29039 0 -0.956908
    outer loop
      vertex 114.39 226.3 98.9616
      vertex 114.765 235.81 98.8478
      vertex 114.765 226.3 98.8478
    endloop
  endfacet
  facet normal -0.29039 0 -0.956908
    outer loop
      vertex 114.765 235.81 98.8478
      vertex 114.39 226.3 98.9616
      vertex 114.39 235.81 98.9616
    endloop
  endfacet
  facet normal -0.634446 0 -0.772968
    outer loop
      vertex 115.111 226.3 98.6629
      vertex 115.414 235.81 98.4142
      vertex 115.414 226.3 98.4142
    endloop
  endfacet
  facet normal -0.634446 0 -0.772968
    outer loop
      vertex 115.414 235.81 98.4142
      vertex 115.111 226.3 98.6629
      vertex 115.111 235.81 98.6629
    endloop
  endfacet
  facet normal -0.772695 0 -0.634777
    outer loop
      vertex 115.663 226.3 98.1111
      vertex 115.414 235.81 98.4142
      vertex 115.663 235.81 98.1111
    endloop
  endfacet
  facet normal -0.772695 -0 -0.634777
    outer loop
      vertex 115.414 235.81 98.4142
      vertex 115.663 226.3 98.1111
      vertex 115.414 226.3 98.4142
    endloop
  endfacet
  facet normal -0.95681 0 -0.290715
    outer loop
      vertex 115.962 226.3 97.3902
      vertex 115.848 235.81 97.7654
      vertex 115.962 235.81 97.3902
    endloop
  endfacet
  facet normal -0.95681 -0 -0.290715
    outer loop
      vertex 115.848 235.81 97.7654
      vertex 115.962 226.3 97.3902
      vertex 115.848 226.3 97.7654
    endloop
  endfacet
  facet normal -0.995291 0 -0.0969274
    outer loop
      vertex 116 226.3 97
      vertex 115.962 235.81 97.3902
      vertex 116 235.81 97
    endloop
  endfacet
  facet normal -0.995291 -0 -0.0969274
    outer loop
      vertex 115.962 235.81 97.3902
      vertex 116 226.3 97
      vertex 115.962 226.3 97.3902
    endloop
  endfacet
  facet normal 0.29039 0 -0.956908
    outer loop
      vertex 113.235 226.3 98.8478
      vertex 113.61 235.81 98.9616
      vertex 113.61 226.3 98.9616
    endloop
  endfacet
  facet normal 0.29039 0 -0.956908
    outer loop
      vertex 113.61 235.81 98.9616
      vertex 113.235 226.3 98.8478
      vertex 113.235 235.81 98.8478
    endloop
  endfacet
  facet normal 0.0979877 0 -0.995188
    outer loop
      vertex 113.61 226.3 98.9616
      vertex 114 235.81 99
      vertex 114 226.3 99
    endloop
  endfacet
  facet normal 0.0979877 0 -0.995188
    outer loop
      vertex 114 235.81 99
      vertex 113.61 226.3 98.9616
      vertex 113.61 235.81 98.9616
    endloop
  endfacet
  facet normal 0.881688 0 -0.471832
    outer loop
      vertex 112.337 226.3 98.1111
      vertex 112.152 235.81 97.7654
      vertex 112.337 235.81 98.1111
    endloop
  endfacet
  facet normal 0.881688 0 -0.471832
    outer loop
      vertex 112.152 235.81 97.7654
      vertex 112.337 226.3 98.1111
      vertex 112.152 226.3 97.7654
    endloop
  endfacet
  facet normal 0.995291 0 -0.0969274
    outer loop
      vertex 112.038 226.3 97.3902
      vertex 112 235.81 97
      vertex 112.038 235.81 97.3902
    endloop
  endfacet
  facet normal 0.995291 0 -0.0969274
    outer loop
      vertex 112 235.81 97
      vertex 112.038 226.3 97.3902
      vertex 112 226.3 97
    endloop
  endfacet
  facet normal 0.95681 0 -0.290715
    outer loop
      vertex 112.152 226.3 97.7654
      vertex 112.038 235.81 97.3902
      vertex 112.152 235.81 97.7654
    endloop
  endfacet
  facet normal 0.95681 0 -0.290715
    outer loop
      vertex 112.038 235.81 97.3902
      vertex 112.152 226.3 97.7654
      vertex 112.038 226.3 97.3902
    endloop
  endfacet
  facet normal -0.471316 0 -0.881965
    outer loop
      vertex 114.765 226.3 98.8478
      vertex 115.111 235.81 98.6629
      vertex 115.111 226.3 98.6629
    endloop
  endfacet
  facet normal -0.471316 0 -0.881965
    outer loop
      vertex 115.111 235.81 98.6629
      vertex 114.765 226.3 98.8478
      vertex 114.765 235.81 98.8478
    endloop
  endfacet
endsolid OpenSCAD_Model
