solid OpenSCAD_Model
  facet normal 0 0 1
    outer loop
      vertex 86.1 93 5.05
      vertex 78.1 90 5.05
      vertex 86.1 90 5.05
    endloop
  endfacet
  facet normal 0 0 1
    outer loop
      vertex 70 20 5.05
      vertex 78.1 90 5.05
      vertex 70 80 5.05
    endloop
  endfacet
  facet normal 0 0 1
    outer loop
      vertex 11.5 93 5.05
      vertex 70 80 5.05
      vertex 78.1 90 5.05
    endloop
  endfacet
  facet normal -0 0 1
    outer loop
      vertex 11.5 93 5.05
      vertex 78.1 90 5.05
      vertex 86.1 93 5.05
    endloop
  endfacet
  facet normal 0 0 1
    outer loop
      vertex 14 80 5.05
      vertex 11.5 93 5.05
      vertex 14 20 5.05
    endloop
  endfacet
  facet normal 0 0 1
    outer loop
      vertex 70 80 5.05
      vertex 11.5 93 5.05
      vertex 14 80 5.05
    endloop
  endfacet
  facet normal -0 0 1
    outer loop
      vertex 78.1 8 5.05
      vertex 86.1 4 5.05
      vertex 86.1 8 5.05
    endloop
  endfacet
  facet normal 0 0 1
    outer loop
      vertex 78.1 90 5.05
      vertex 70 20 5.05
      vertex 78.1 8 5.05
    endloop
  endfacet
  facet normal 0 0 1
    outer loop
      vertex 11.5 4 5.05
      vertex 70 20 5.05
      vertex 14 20 5.05
    endloop
  endfacet
  facet normal 0 0 1
    outer loop
      vertex 70 20 5.05
      vertex 11.5 4 5.05
      vertex 78.1 8 5.05
    endloop
  endfacet
  facet normal 0 0 1
    outer loop
      vertex 78.1 8 5.05
      vertex 11.5 4 5.05
      vertex 86.1 4 5.05
    endloop
  endfacet
  facet normal 0 0 1
    outer loop
      vertex 11.5 4 5.05
      vertex 14 20 5.05
      vertex 11.5 93 5.05
    endloop
  endfacet
  facet normal 1 0 0
    outer loop
      vertex 86.1 90 17.05
      vertex 86.1 80 11.05
      vertex 86.1 90 5.05
    endloop
  endfacet
  facet normal 1 0 0
    outer loop
      vertex 86.1 90 17.05
      vertex 86.1 79.9616 11.4402
      vertex 86.1 80 11.05
    endloop
  endfacet
  facet normal 1 0 0
    outer loop
      vertex 86.1 90 17.05
      vertex 86.1 79.8478 11.8154
      vertex 86.1 79.9616 11.4402
    endloop
  endfacet
  facet normal 1 0 0
    outer loop
      vertex 86.1 90 17.05
      vertex 86.1 79.6629 12.1611
      vertex 86.1 79.8478 11.8154
    endloop
  endfacet
  facet normal 1 0 0
    outer loop
      vertex 86.1 90 17.05
      vertex 86.1 79.4142 12.4642
      vertex 86.1 79.6629 12.1611
    endloop
  endfacet
  facet normal 1 0 0
    outer loop
      vertex 86.1 90 17.05
      vertex 86.1 79.1111 12.7129
      vertex 86.1 79.4142 12.4642
    endloop
  endfacet
  facet normal 1 0 0
    outer loop
      vertex 86.1 90 17.05
      vertex 86.1 78.7654 12.8978
      vertex 86.1 79.1111 12.7129
    endloop
  endfacet
  facet normal 1 0 0
    outer loop
      vertex 86.1 90 17.05
      vertex 86.1 78.3902 13.0116
      vertex 86.1 78.7654 12.8978
    endloop
  endfacet
  facet normal 1 0 0
    outer loop
      vertex 86.1 90 17.05
      vertex 86.1 78 13.05
      vertex 86.1 78.3902 13.0116
    endloop
  endfacet
  facet normal 1 0 0
    outer loop
      vertex 86.1 90 17.05
      vertex 86.1 77.6098 13.0116
      vertex 86.1 78 13.05
    endloop
  endfacet
  facet normal 1 0 0
    outer loop
      vertex 86.1 20.3902 13.0116
      vertex 86.1 77.6098 13.0116
      vertex 86.1 90 17.05
    endloop
  endfacet
  facet normal 1 0 0
    outer loop
      vertex 86.1 76.0384 11.4402
      vertex 86.1 22 11.05
      vertex 86.1 76 11.05
    endloop
  endfacet
  facet normal 1 0 0
    outer loop
      vertex 86.1 21.9616 11.4402
      vertex 86.1 76.0384 11.4402
      vertex 86.1 76.1522 11.8154
    endloop
  endfacet
  facet normal 1 0 0
    outer loop
      vertex 86.1 21.8478 11.8154
      vertex 86.1 76.1522 11.8154
      vertex 86.1 76.3371 12.1611
    endloop
  endfacet
  facet normal 1 0 0
    outer loop
      vertex 86.1 21.6629 12.1611
      vertex 86.1 76.3371 12.1611
      vertex 86.1 76.5858 12.4642
    endloop
  endfacet
  facet normal 1 0 0
    outer loop
      vertex 86.1 21.4142 12.4642
      vertex 86.1 76.5858 12.4642
      vertex 86.1 76.8889 12.7129
    endloop
  endfacet
  facet normal 1 0 0
    outer loop
      vertex 86.1 21.1111 12.7129
      vertex 86.1 76.8889 12.7129
      vertex 86.1 77.2346 12.8978
    endloop
  endfacet
  facet normal 1 0 0
    outer loop
      vertex 86.1 77.6098 13.0116
      vertex 86.1 20.3902 13.0116
      vertex 86.1 77.2346 12.8978
    endloop
  endfacet
  facet normal 1 0 0
    outer loop
      vertex 86.1 76.0384 11.4402
      vertex 86.1 21.9616 11.4402
      vertex 86.1 22 11.05
    endloop
  endfacet
  facet normal 1 0 0
    outer loop
      vertex 86.1 76.1522 11.8154
      vertex 86.1 21.8478 11.8154
      vertex 86.1 21.9616 11.4402
    endloop
  endfacet
  facet normal 1 0 0
    outer loop
      vertex 86.1 76.3371 12.1611
      vertex 86.1 21.6629 12.1611
      vertex 86.1 21.8478 11.8154
    endloop
  endfacet
  facet normal 1 0 0
    outer loop
      vertex 86.1 76.5858 12.4642
      vertex 86.1 21.4142 12.4642
      vertex 86.1 21.6629 12.1611
    endloop
  endfacet
  facet normal 1 0 0
    outer loop
      vertex 86.1 76.8889 12.7129
      vertex 86.1 21.1111 12.7129
      vertex 86.1 21.4142 12.4642
    endloop
  endfacet
  facet normal 1 0 0
    outer loop
      vertex 86.1 77.2346 12.8978
      vertex 86.1 20.7654 12.8978
      vertex 86.1 21.1111 12.7129
    endloop
  endfacet
  facet normal 1 0 0
    outer loop
      vertex 86.1 77.2346 12.8978
      vertex 86.1 20.3902 13.0116
      vertex 86.1 20.7654 12.8978
    endloop
  endfacet
  facet normal 1 -0 0
    outer loop
      vertex 86.1 8 17.05
      vertex 86.1 20.3902 13.0116
      vertex 86.1 90 17.05
    endloop
  endfacet
  facet normal 1 0 0
    outer loop
      vertex 86.1 18.0384 11.4402
      vertex 86.1 8 17.05
      vertex 86.1 18 11.05
    endloop
  endfacet
  facet normal 1 0 0
    outer loop
      vertex 86.1 18.1522 11.8154
      vertex 86.1 8 17.05
      vertex 86.1 18.0384 11.4402
    endloop
  endfacet
  facet normal 1 0 0
    outer loop
      vertex 86.1 18.3371 12.1611
      vertex 86.1 8 17.05
      vertex 86.1 18.1522 11.8154
    endloop
  endfacet
  facet normal 1 0 0
    outer loop
      vertex 86.1 18.5858 12.4642
      vertex 86.1 8 17.05
      vertex 86.1 18.3371 12.1611
    endloop
  endfacet
  facet normal 1 0 0
    outer loop
      vertex 86.1 18.8889 12.7129
      vertex 86.1 8 17.05
      vertex 86.1 18.5858 12.4642
    endloop
  endfacet
  facet normal 1 0 0
    outer loop
      vertex 86.1 19.2346 12.8978
      vertex 86.1 8 17.05
      vertex 86.1 18.8889 12.7129
    endloop
  endfacet
  facet normal 1 0 0
    outer loop
      vertex 86.1 19.6098 13.0116
      vertex 86.1 8 17.05
      vertex 86.1 19.2346 12.8978
    endloop
  endfacet
  facet normal 1 0 0
    outer loop
      vertex 86.1 20 13.05
      vertex 86.1 8 17.05
      vertex 86.1 19.6098 13.0116
    endloop
  endfacet
  facet normal 1 0 0
    outer loop
      vertex 86.1 20.3902 13.0116
      vertex 86.1 8 17.05
      vertex 86.1 20 13.05
    endloop
  endfacet
  facet normal 1 -0 0
    outer loop
      vertex 86.1 90 5.05
      vertex 86.1 93 0.05
      vertex 86.1 93 5.05
    endloop
  endfacet
  facet normal 1 -0 0
    outer loop
      vertex 86.1 79.9616 10.6598
      vertex 86.1 90 5.05
      vertex 86.1 80 11.05
    endloop
  endfacet
  facet normal 1 -0 0
    outer loop
      vertex 86.1 79.8478 10.2846
      vertex 86.1 90 5.05
      vertex 86.1 79.9616 10.6598
    endloop
  endfacet
  facet normal 1 -0 0
    outer loop
      vertex 86.1 79.6629 9.93886
      vertex 86.1 90 5.05
      vertex 86.1 79.8478 10.2846
    endloop
  endfacet
  facet normal 1 -0 0
    outer loop
      vertex 86.1 79.4142 9.63579
      vertex 86.1 90 5.05
      vertex 86.1 79.6629 9.93886
    endloop
  endfacet
  facet normal 1 -0 0
    outer loop
      vertex 86.1 79.1111 9.38706
      vertex 86.1 90 5.05
      vertex 86.1 79.4142 9.63579
    endloop
  endfacet
  facet normal 1 -0 0
    outer loop
      vertex 86.1 78.7654 9.20224
      vertex 86.1 90 5.05
      vertex 86.1 79.1111 9.38706
    endloop
  endfacet
  facet normal 1 -0 0
    outer loop
      vertex 86.1 78.3902 9.08843
      vertex 86.1 90 5.05
      vertex 86.1 78.7654 9.20224
    endloop
  endfacet
  facet normal 1 0 0
    outer loop
      vertex 86.1 90 5.05
      vertex 86.1 78.3902 9.08843
      vertex 86.1 93 0.05
    endloop
  endfacet
  facet normal 1 -0 0
    outer loop
      vertex 86.1 78 9.05
      vertex 86.1 93 0.05
      vertex 86.1 78.3902 9.08843
    endloop
  endfacet
  facet normal 1 0 0
    outer loop
      vertex 86.1 77.6098 9.08843
      vertex 86.1 93 0.05
      vertex 86.1 78 9.05
    endloop
  endfacet
  facet normal 1 0 0
    outer loop
      vertex 86.1 77.2346 9.20224
      vertex 86.1 93 0.05
      vertex 86.1 77.6098 9.08843
    endloop
  endfacet
  facet normal 1 0 0
    outer loop
      vertex 86.1 20.7654 9.20224
      vertex 86.1 77.2346 9.20224
      vertex 86.1 76.8889 9.38706
    endloop
  endfacet
  facet normal 1 -0 0
    outer loop
      vertex 86.1 22 11.05
      vertex 86.1 76.0384 10.6598
      vertex 86.1 76 11.05
    endloop
  endfacet
  facet normal 1 0 0
    outer loop
      vertex 86.1 21.9616 10.6598
      vertex 86.1 76.0384 10.6598
      vertex 86.1 22 11.05
    endloop
  endfacet
  facet normal 1 0 0
    outer loop
      vertex 86.1 76.0384 10.6598
      vertex 86.1 21.9616 10.6598
      vertex 86.1 76.1522 10.2846
    endloop
  endfacet
  facet normal 1 0 0
    outer loop
      vertex 86.1 21.8478 10.2846
      vertex 86.1 76.1522 10.2846
      vertex 86.1 21.9616 10.6598
    endloop
  endfacet
  facet normal 1 0 0
    outer loop
      vertex 86.1 76.1522 10.2846
      vertex 86.1 21.8478 10.2846
      vertex 86.1 76.3371 9.93886
    endloop
  endfacet
  facet normal 1 0 0
    outer loop
      vertex 86.1 21.6629 9.93886
      vertex 86.1 76.3371 9.93886
      vertex 86.1 21.8478 10.2846
    endloop
  endfacet
  facet normal 1 0 0
    outer loop
      vertex 86.1 76.3371 9.93886
      vertex 86.1 21.6629 9.93886
      vertex 86.1 76.5858 9.63579
    endloop
  endfacet
  facet normal 1 0 0
    outer loop
      vertex 86.1 21.4142 9.63579
      vertex 86.1 76.5858 9.63579
      vertex 86.1 21.6629 9.93886
    endloop
  endfacet
  facet normal 1 0 0
    outer loop
      vertex 86.1 76.5858 9.63579
      vertex 86.1 21.4142 9.63579
      vertex 86.1 76.8889 9.38706
    endloop
  endfacet
  facet normal 1 0 0
    outer loop
      vertex 86.1 21.1111 9.38706
      vertex 86.1 76.8889 9.38706
      vertex 86.1 21.4142 9.63579
    endloop
  endfacet
  facet normal 1 0 0
    outer loop
      vertex 86.1 20.7654 9.20224
      vertex 86.1 76.8889 9.38706
      vertex 86.1 21.1111 9.38706
    endloop
  endfacet
  facet normal 1 0 0
    outer loop
      vertex 86.1 77.2346 9.20224
      vertex 86.1 20.7654 9.20224
      vertex 86.1 93 0.05
    endloop
  endfacet
  facet normal 1 0 0
    outer loop
      vertex 86.1 4 0.05
      vertex 86.1 20.7654 9.20224
      vertex 86.1 20.3902 9.08843
    endloop
  endfacet
  facet normal 1 0 0
    outer loop
      vertex 86.1 4 0.05
      vertex 86.1 20.3902 9.08843
      vertex 86.1 20 9.05
    endloop
  endfacet
  facet normal 1 0 0
    outer loop
      vertex 86.1 8 5.05
      vertex 86.1 20 9.05
      vertex 86.1 19.6098 9.08843
    endloop
  endfacet
  facet normal 1 0 0
    outer loop
      vertex 86.1 8 5.05
      vertex 86.1 18 11.05
      vertex 86.1 8 17.05
    endloop
  endfacet
  facet normal 1 0 0
    outer loop
      vertex 86.1 18 11.05
      vertex 86.1 8 5.05
      vertex 86.1 18.0384 10.6598
    endloop
  endfacet
  facet normal 1 0 0
    outer loop
      vertex 86.1 18.0384 10.6598
      vertex 86.1 8 5.05
      vertex 86.1 18.1522 10.2846
    endloop
  endfacet
  facet normal 1 0 0
    outer loop
      vertex 86.1 18.1522 10.2846
      vertex 86.1 8 5.05
      vertex 86.1 18.3371 9.93886
    endloop
  endfacet
  facet normal 1 0 0
    outer loop
      vertex 86.1 18.3371 9.93886
      vertex 86.1 8 5.05
      vertex 86.1 18.5858 9.63579
    endloop
  endfacet
  facet normal 1 0 0
    outer loop
      vertex 86.1 18.5858 9.63579
      vertex 86.1 8 5.05
      vertex 86.1 18.8889 9.38706
    endloop
  endfacet
  facet normal 1 0 0
    outer loop
      vertex 86.1 8 5.05
      vertex 86.1 19.2346 9.20224
      vertex 86.1 18.8889 9.38706
    endloop
  endfacet
  facet normal 1 0 0
    outer loop
      vertex 86.1 8 5.05
      vertex 86.1 19.6098 9.08843
      vertex 86.1 19.2346 9.20224
    endloop
  endfacet
  facet normal 1 0 0
    outer loop
      vertex 86.1 20 9.05
      vertex 86.1 8 5.05
      vertex 86.1 4 0.05
    endloop
  endfacet
  facet normal 1 0 0
    outer loop
      vertex 86.1 4 0.05
      vertex 86.1 8 5.05
      vertex 86.1 4 5.05
    endloop
  endfacet
  facet normal 1 0 0
    outer loop
      vertex 86.1 20.7654 9.20224
      vertex 86.1 4 0.05
      vertex 86.1 93 0.05
    endloop
  endfacet
  facet normal 0 0 -1
    outer loop
      vertex 86.1 4 0.05
      vertex 70 20 0.05
      vertex 86.1 93 0.05
    endloop
  endfacet
  facet normal 0 0 -1
    outer loop
      vertex 7.5 4 0.05
      vertex 70 20 0.05
      vertex 86.1 4 0.05
    endloop
  endfacet
  facet normal 0 0 -1
    outer loop
      vertex 7.5 93 0.05
      vertex 14 20 0.05
      vertex 7.5 4 0.05
    endloop
  endfacet
  facet normal -0 0 -1
    outer loop
      vertex 70 20 0.05
      vertex 7.5 4 0.05
      vertex 14 20 0.05
    endloop
  endfacet
  facet normal 0 0 -1
    outer loop
      vertex 70 80 0.05
      vertex 86.1 93 0.05
      vertex 70 20 0.05
    endloop
  endfacet
  facet normal 0 0 -1
    outer loop
      vertex 7.5 93 0.05
      vertex 70 80 0.05
      vertex 14 80 0.05
    endloop
  endfacet
  facet normal 0 0 -1
    outer loop
      vertex 70 80 0.05
      vertex 7.5 93 0.05
      vertex 86.1 93 0.05
    endloop
  endfacet
  facet normal 0 0 -1
    outer loop
      vertex 14 20 0.05
      vertex 7.5 93 0.05
      vertex 14 80 0.05
    endloop
  endfacet
  facet normal -1 0 0
    outer loop
      vertex 7.5 89.6673 10.7183
      vertex 7.5 93 17.05
      vertex 7.5 93 0.05
    endloop
  endfacet
  facet normal -1 0 0
    outer loop
      vertex 7.5 93 17.05
      vertex 7.5 89.6673 10.7183
      vertex 7.5 89.7 11.05
    endloop
  endfacet
  facet normal -1 0 0
    outer loop
      vertex 7.5 93 0.05
      vertex 7.5 89.5706 10.3994
      vertex 7.5 89.6673 10.7183
    endloop
  endfacet
  facet normal -1 0 0
    outer loop
      vertex 7.5 93 0.05
      vertex 7.5 89.4135 10.1055
      vertex 7.5 89.5706 10.3994
    endloop
  endfacet
  facet normal -1 0 0
    outer loop
      vertex 7.5 93 0.05
      vertex 7.5 89.2021 9.84792
      vertex 7.5 89.4135 10.1055
    endloop
  endfacet
  facet normal -1 0 0
    outer loop
      vertex 7.5 93 0.05
      vertex 7.5 88.9445 9.6365
      vertex 7.5 89.2021 9.84792
    endloop
  endfacet
  facet normal -1 0 0
    outer loop
      vertex 7.5 93 0.05
      vertex 7.5 88.6506 9.47941
      vertex 7.5 88.9445 9.6365
    endloop
  endfacet
  facet normal -1 0 0
    outer loop
      vertex 7.5 93 0.05
      vertex 7.5 88.3316 9.38267
      vertex 7.5 88.6506 9.47941
    endloop
  endfacet
  facet normal -1 0 0
    outer loop
      vertex 7.5 93 0.05
      vertex 7.5 88 9.35
      vertex 7.5 88.3316 9.38267
    endloop
  endfacet
  facet normal -1 0 0
    outer loop
      vertex 7.5 93 0.05
      vertex 7.5 87.6684 9.38267
      vertex 7.5 88 9.35
    endloop
  endfacet
  facet normal -1 0 0
    outer loop
      vertex 7.5 93 0.05
      vertex 7.5 87.3494 9.47941
      vertex 7.5 87.6684 9.38267
    endloop
  endfacet
  facet normal -1 0 0
    outer loop
      vertex 7.5 93 0.05
      vertex 7.5 87.0555 9.6365
      vertex 7.5 87.3494 9.47941
    endloop
  endfacet
  facet normal -1 0 0
    outer loop
      vertex 7.5 93 0.05
      vertex 7.5 86.7979 9.84792
      vertex 7.5 87.0555 9.6365
    endloop
  endfacet
  facet normal -1 0 0
    outer loop
      vertex 7.5 27.2021 9.84792
      vertex 7.5 86.7979 9.84792
      vertex 7.5 93 0.05
    endloop
  endfacet
  facet normal -1 0 0
    outer loop
      vertex 7.5 86.3327 10.7183
      vertex 7.5 27.7 11.05
      vertex 7.5 86.3 11.05
    endloop
  endfacet
  facet normal -1 0 0
    outer loop
      vertex 7.5 27.6673 10.7183
      vertex 7.5 86.3327 10.7183
      vertex 7.5 86.4294 10.3994
    endloop
  endfacet
  facet normal -1 0 0
    outer loop
      vertex 7.5 27.5706 10.3994
      vertex 7.5 86.4294 10.3994
      vertex 7.5 86.5865 10.1055
    endloop
  endfacet
  facet normal -1 0 0
    outer loop
      vertex 7.5 86.7979 9.84792
      vertex 7.5 27.2021 9.84792
      vertex 7.5 86.5865 10.1055
    endloop
  endfacet
  facet normal -1 0 0
    outer loop
      vertex 7.5 86.3327 10.7183
      vertex 7.5 27.6673 10.7183
      vertex 7.5 27.7 11.05
    endloop
  endfacet
  facet normal -1 0 0
    outer loop
      vertex 7.5 86.4294 10.3994
      vertex 7.5 27.5706 10.3994
      vertex 7.5 27.6673 10.7183
    endloop
  endfacet
  facet normal -1 0 0
    outer loop
      vertex 7.5 86.5865 10.1055
      vertex 7.5 27.4135 10.1055
      vertex 7.5 27.5706 10.3994
    endloop
  endfacet
  facet normal -1 -0 0
    outer loop
      vertex 7.5 86.5865 10.1055
      vertex 7.5 27.2021 9.84792
      vertex 7.5 27.4135 10.1055
    endloop
  endfacet
  facet normal -1 0 0
    outer loop
      vertex 7.5 93 0.05
      vertex 7.5 26.9445 9.6365
      vertex 7.5 27.2021 9.84792
    endloop
  endfacet
  facet normal -1 0 0
    outer loop
      vertex 7.5 93 0.05
      vertex 7.5 26.6506 9.47941
      vertex 7.5 26.9445 9.6365
    endloop
  endfacet
  facet normal -1 0 0
    outer loop
      vertex 7.5 93 0.05
      vertex 7.5 26.3317 9.38267
      vertex 7.5 26.6506 9.47941
    endloop
  endfacet
  facet normal -1 0 0
    outer loop
      vertex 7.5 4 0.05
      vertex 7.5 26.3317 9.38267
      vertex 7.5 93 0.05
    endloop
  endfacet
  facet normal -1 0 0
    outer loop
      vertex 7.5 26.3317 9.38267
      vertex 7.5 4 0.05
      vertex 7.5 26 9.35
    endloop
  endfacet
  facet normal -1 0 0
    outer loop
      vertex 7.5 4 17.05
      vertex 7.5 24.3327 10.7183
      vertex 7.5 4 0.05
    endloop
  endfacet
  facet normal -1 -0 0
    outer loop
      vertex 7.5 24.4294 10.3994
      vertex 7.5 4 0.05
      vertex 7.5 24.3327 10.7183
    endloop
  endfacet
  facet normal -1 -0 0
    outer loop
      vertex 7.5 24.5865 10.1055
      vertex 7.5 4 0.05
      vertex 7.5 24.4294 10.3994
    endloop
  endfacet
  facet normal -1 -0 0
    outer loop
      vertex 7.5 24.7979 9.84792
      vertex 7.5 4 0.05
      vertex 7.5 24.5865 10.1055
    endloop
  endfacet
  facet normal -1 -0 0
    outer loop
      vertex 7.5 25.0555 9.6365
      vertex 7.5 4 0.05
      vertex 7.5 24.7979 9.84792
    endloop
  endfacet
  facet normal -1 -0 0
    outer loop
      vertex 7.5 25.3494 9.47941
      vertex 7.5 4 0.05
      vertex 7.5 25.0555 9.6365
    endloop
  endfacet
  facet normal -1 -0 0
    outer loop
      vertex 7.5 25.6683 9.38267
      vertex 7.5 4 0.05
      vertex 7.5 25.3494 9.47941
    endloop
  endfacet
  facet normal -1 -0 0
    outer loop
      vertex 7.5 26 9.35
      vertex 7.5 4 0.05
      vertex 7.5 25.6683 9.38267
    endloop
  endfacet
  facet normal -1 0 0
    outer loop
      vertex 7.5 89.6673 11.3817
      vertex 7.5 93 17.05
      vertex 7.5 89.7 11.05
    endloop
  endfacet
  facet normal -1 0 0
    outer loop
      vertex 7.5 89.5706 11.7006
      vertex 7.5 93 17.05
      vertex 7.5 89.6673 11.3817
    endloop
  endfacet
  facet normal -1 0 0
    outer loop
      vertex 7.5 89.4135 11.9945
      vertex 7.5 93 17.05
      vertex 7.5 89.5706 11.7006
    endloop
  endfacet
  facet normal -1 0 0
    outer loop
      vertex 7.5 89.2021 12.2521
      vertex 7.5 93 17.05
      vertex 7.5 89.4135 11.9945
    endloop
  endfacet
  facet normal -1 0 0
    outer loop
      vertex 7.5 88.9445 12.4635
      vertex 7.5 93 17.05
      vertex 7.5 89.2021 12.2521
    endloop
  endfacet
  facet normal -1 0 0
    outer loop
      vertex 7.5 88.6506 12.6206
      vertex 7.5 93 17.05
      vertex 7.5 88.9445 12.4635
    endloop
  endfacet
  facet normal -1 0 0
    outer loop
      vertex 7.5 88.3316 12.7173
      vertex 7.5 93 17.05
      vertex 7.5 88.6506 12.6206
    endloop
  endfacet
  facet normal -1 0 0
    outer loop
      vertex 7.5 88 12.75
      vertex 7.5 93 17.05
      vertex 7.5 88.3316 12.7173
    endloop
  endfacet
  facet normal -1 0 0
    outer loop
      vertex 7.5 87.6684 12.7173
      vertex 7.5 93 17.05
      vertex 7.5 88 12.75
    endloop
  endfacet
  facet normal -1 0 0
    outer loop
      vertex 7.5 87.3494 12.6206
      vertex 7.5 93 17.05
      vertex 7.5 87.6684 12.7173
    endloop
  endfacet
  facet normal -1 0 0
    outer loop
      vertex 7.5 87.0555 12.4635
      vertex 7.5 93 17.05
      vertex 7.5 87.3494 12.6206
    endloop
  endfacet
  facet normal -1 0 0
    outer loop
      vertex 7.5 27.7 11.05
      vertex 7.5 86.3327 11.3817
      vertex 7.5 86.3 11.05
    endloop
  endfacet
  facet normal -1 0 0
    outer loop
      vertex 7.5 27.6673 11.3817
      vertex 7.5 86.3327 11.3817
      vertex 7.5 27.7 11.05
    endloop
  endfacet
  facet normal -1 0 0
    outer loop
      vertex 7.5 86.3327 11.3817
      vertex 7.5 27.6673 11.3817
      vertex 7.5 86.4294 11.7006
    endloop
  endfacet
  facet normal -1 0 0
    outer loop
      vertex 7.5 27.5706 11.7006
      vertex 7.5 86.4294 11.7006
      vertex 7.5 27.6673 11.3817
    endloop
  endfacet
  facet normal -1 0 0
    outer loop
      vertex 7.5 86.4294 11.7006
      vertex 7.5 27.5706 11.7006
      vertex 7.5 86.5865 11.9945
    endloop
  endfacet
  facet normal -1 0 0
    outer loop
      vertex 7.5 27.4135 11.9945
      vertex 7.5 86.5865 11.9945
      vertex 7.5 27.5706 11.7006
    endloop
  endfacet
  facet normal -1 0 0
    outer loop
      vertex 7.5 86.5865 11.9945
      vertex 7.5 27.4135 11.9945
      vertex 7.5 86.7979 12.2521
    endloop
  endfacet
  facet normal -1 0 0
    outer loop
      vertex 7.5 27.2021 12.2521
      vertex 7.5 86.7979 12.2521
      vertex 7.5 27.4135 11.9945
    endloop
  endfacet
  facet normal -1 0 0
    outer loop
      vertex 7.5 86.7979 12.2521
      vertex 7.5 27.2021 12.2521
      vertex 7.5 87.0555 12.4635
    endloop
  endfacet
  facet normal -1 0 0
    outer loop
      vertex 7.5 26.9445 12.4635
      vertex 7.5 87.0555 12.4635
      vertex 7.5 27.2021 12.2521
    endloop
  endfacet
  facet normal -1 0 0
    outer loop
      vertex 7.5 87.0555 12.4635
      vertex 7.5 26.9445 12.4635
      vertex 7.5 93 17.05
    endloop
  endfacet
  facet normal -1 0 0
    outer loop
      vertex 7.5 26.6506 12.6206
      vertex 7.5 93 17.05
      vertex 7.5 26.9445 12.4635
    endloop
  endfacet
  facet normal -1 0 0
    outer loop
      vertex 7.5 26.3317 12.7173
      vertex 7.5 93 17.05
      vertex 7.5 26.6506 12.6206
    endloop
  endfacet
  facet normal -1 0 0
    outer loop
      vertex 7.5 4 17.05
      vertex 7.5 26.3317 12.7173
      vertex 7.5 26 12.75
    endloop
  endfacet
  facet normal -1 0 0
    outer loop
      vertex 7.5 24.3327 10.7183
      vertex 7.5 4 17.05
      vertex 7.5 24.3 11.05
    endloop
  endfacet
  facet normal -1 0 0
    outer loop
      vertex 7.5 24.3 11.05
      vertex 7.5 4 17.05
      vertex 7.5 24.3327 11.3817
    endloop
  endfacet
  facet normal -1 0 0
    outer loop
      vertex 7.5 24.3327 11.3817
      vertex 7.5 4 17.05
      vertex 7.5 24.4294 11.7006
    endloop
  endfacet
  facet normal -1 0 0
    outer loop
      vertex 7.5 24.4294 11.7006
      vertex 7.5 4 17.05
      vertex 7.5 24.5865 11.9945
    endloop
  endfacet
  facet normal -1 0 0
    outer loop
      vertex 7.5 24.5865 11.9945
      vertex 7.5 4 17.05
      vertex 7.5 24.7979 12.2521
    endloop
  endfacet
  facet normal -1 0 0
    outer loop
      vertex 7.5 26.3317 12.7173
      vertex 7.5 4 17.05
      vertex 7.5 93 17.05
    endloop
  endfacet
  facet normal -1 0 0
    outer loop
      vertex 7.5 25.6683 12.7173
      vertex 7.5 4 17.05
      vertex 7.5 26 12.75
    endloop
  endfacet
  facet normal -1 0 0
    outer loop
      vertex 7.5 25.3494 12.6206
      vertex 7.5 4 17.05
      vertex 7.5 25.6683 12.7173
    endloop
  endfacet
  facet normal -1 0 0
    outer loop
      vertex 7.5 25.0555 12.4635
      vertex 7.5 4 17.05
      vertex 7.5 25.3494 12.6206
    endloop
  endfacet
  facet normal -1 0 0
    outer loop
      vertex 7.5 24.7979 12.2521
      vertex 7.5 4 17.05
      vertex 7.5 25.0555 12.4635
    endloop
  endfacet
  facet normal 0 -1 0
    outer loop
      vertex 7.5 4 17.05
      vertex 11.5 4 5.05
      vertex 11.5 4 17.05
    endloop
  endfacet
  facet normal 0 -1 0
    outer loop
      vertex 7.5 4 0.05
      vertex 11.5 4 5.05
      vertex 7.5 4 17.05
    endloop
  endfacet
  facet normal 0 -1 0
    outer loop
      vertex 86.1 4 0.05
      vertex 11.5 4 5.05
      vertex 7.5 4 0.05
    endloop
  endfacet
  facet normal 0 -1 0
    outer loop
      vertex 11.5 4 5.05
      vertex 86.1 4 0.05
      vertex 86.1 4 5.05
    endloop
  endfacet
  facet normal 0 1 0
    outer loop
      vertex 86.1 93 5.05
      vertex 86.1 93 0.05
      vertex 11.5 93 5.05
    endloop
  endfacet
  facet normal 0 1 -0
    outer loop
      vertex 11.5 93 5.05
      vertex 7.5 93 17.05
      vertex 11.5 93 17.05
    endloop
  endfacet
  facet normal 0 1 0
    outer loop
      vertex 11.5 93 5.05
      vertex 7.5 93 0.05
      vertex 7.5 93 17.05
    endloop
  endfacet
  facet normal 0 1 0
    outer loop
      vertex 7.5 93 0.05
      vertex 11.5 93 5.05
      vertex 86.1 93 0.05
    endloop
  endfacet
  facet normal -0 0 1
    outer loop
      vertex 78.1 90 17.05
      vertex 86.1 8 17.05
      vertex 86.1 90 17.05
    endloop
  endfacet
  facet normal 0 0 1
    outer loop
      vertex 86.1 8 17.05
      vertex 78.1 90 17.05
      vertex 78.1 8 17.05
    endloop
  endfacet
  facet normal 0 1 -0
    outer loop
      vertex 86.1 90 5.05
      vertex 78.1 90 17.05
      vertex 86.1 90 17.05
    endloop
  endfacet
  facet normal 0 1 0
    outer loop
      vertex 78.1 90 17.05
      vertex 86.1 90 5.05
      vertex 78.1 90 5.05
    endloop
  endfacet
  facet normal -1 0 0
    outer loop
      vertex 78.1 8 5.05
      vertex 78.1 90 17.05
      vertex 78.1 90 5.05
    endloop
  endfacet
  facet normal -1 -0 0
    outer loop
      vertex 78.1 90 17.05
      vertex 78.1 8 5.05
      vertex 78.1 8 17.05
    endloop
  endfacet
  facet normal 0 -1 0
    outer loop
      vertex 78.1 8 5.05
      vertex 86.1 8 17.05
      vertex 78.1 8 17.05
    endloop
  endfacet
  facet normal 0 -1 -0
    outer loop
      vertex 86.1 8 17.05
      vertex 78.1 8 5.05
      vertex 86.1 8 5.05
    endloop
  endfacet
  facet normal -0 0 1
    outer loop
      vertex 7.5 93 17.05
      vertex 11.5 4 17.05
      vertex 11.5 93 17.05
    endloop
  endfacet
  facet normal 0 0 1
    outer loop
      vertex 11.5 4 17.05
      vertex 7.5 93 17.05
      vertex 7.5 4 17.05
    endloop
  endfacet
  facet normal 1 0 0
    outer loop
      vertex 11.5 93 17.05
      vertex 11.5 89.7 11.05
      vertex 11.5 93 5.05
    endloop
  endfacet
  facet normal 1 0 0
    outer loop
      vertex 11.5 93 17.05
      vertex 11.5 89.6673 11.3817
      vertex 11.5 89.7 11.05
    endloop
  endfacet
  facet normal 1 0 0
    outer loop
      vertex 11.5 93 17.05
      vertex 11.5 89.5706 11.7006
      vertex 11.5 89.6673 11.3817
    endloop
  endfacet
  facet normal 1 0 0
    outer loop
      vertex 11.5 93 17.05
      vertex 11.5 89.4135 11.9945
      vertex 11.5 89.5706 11.7006
    endloop
  endfacet
  facet normal 1 0 0
    outer loop
      vertex 11.5 93 17.05
      vertex 11.5 89.2021 12.2521
      vertex 11.5 89.4135 11.9945
    endloop
  endfacet
  facet normal 1 0 0
    outer loop
      vertex 11.5 93 17.05
      vertex 11.5 88.9445 12.4635
      vertex 11.5 89.2021 12.2521
    endloop
  endfacet
  facet normal 1 0 0
    outer loop
      vertex 11.5 93 17.05
      vertex 11.5 88.6506 12.6206
      vertex 11.5 88.9445 12.4635
    endloop
  endfacet
  facet normal 1 0 0
    outer loop
      vertex 11.5 93 17.05
      vertex 11.5 88.3316 12.7173
      vertex 11.5 88.6506 12.6206
    endloop
  endfacet
  facet normal 1 0 0
    outer loop
      vertex 11.5 93 17.05
      vertex 11.5 88 12.75
      vertex 11.5 88.3316 12.7173
    endloop
  endfacet
  facet normal 1 0 0
    outer loop
      vertex 11.5 93 17.05
      vertex 11.5 87.6684 12.7173
      vertex 11.5 88 12.75
    endloop
  endfacet
  facet normal 1 0 0
    outer loop
      vertex 11.5 93 17.05
      vertex 11.5 87.3494 12.6206
      vertex 11.5 87.6684 12.7173
    endloop
  endfacet
  facet normal 1 0 0
    outer loop
      vertex 11.5 93 17.05
      vertex 11.5 87.0555 12.4635
      vertex 11.5 87.3494 12.6206
    endloop
  endfacet
  facet normal 1 0 0
    outer loop
      vertex 11.5 86.3327 11.3817
      vertex 11.5 27.7 11.05
      vertex 11.5 86.3 11.05
    endloop
  endfacet
  facet normal 1 0 0
    outer loop
      vertex 11.5 27.6673 11.3817
      vertex 11.5 86.3327 11.3817
      vertex 11.5 86.4294 11.7006
    endloop
  endfacet
  facet normal 1 0 0
    outer loop
      vertex 11.5 27.5706 11.7006
      vertex 11.5 86.4294 11.7006
      vertex 11.5 86.5865 11.9945
    endloop
  endfacet
  facet normal 1 0 0
    outer loop
      vertex 11.5 27.4135 11.9945
      vertex 11.5 86.5865 11.9945
      vertex 11.5 86.7979 12.2521
    endloop
  endfacet
  facet normal 1 0 0
    outer loop
      vertex 11.5 27.2021 12.2521
      vertex 11.5 86.7979 12.2521
      vertex 11.5 87.0555 12.4635
    endloop
  endfacet
  facet normal 1 0 0
    outer loop
      vertex 11.5 26.9445 12.4635
      vertex 11.5 87.0555 12.4635
      vertex 11.5 93 17.05
    endloop
  endfacet
  facet normal 1 0 0
    outer loop
      vertex 11.5 86.3327 11.3817
      vertex 11.5 27.6673 11.3817
      vertex 11.5 27.7 11.05
    endloop
  endfacet
  facet normal 1 0 0
    outer loop
      vertex 11.5 86.4294 11.7006
      vertex 11.5 27.5706 11.7006
      vertex 11.5 27.6673 11.3817
    endloop
  endfacet
  facet normal 1 0 0
    outer loop
      vertex 11.5 86.5865 11.9945
      vertex 11.5 27.4135 11.9945
      vertex 11.5 27.5706 11.7006
    endloop
  endfacet
  facet normal 1 0 0
    outer loop
      vertex 11.5 86.7979 12.2521
      vertex 11.5 27.2021 12.2521
      vertex 11.5 27.4135 11.9945
    endloop
  endfacet
  facet normal 1 0 0
    outer loop
      vertex 11.5 87.0555 12.4635
      vertex 11.5 26.9445 12.4635
      vertex 11.5 27.2021 12.2521
    endloop
  endfacet
  facet normal 1 0 0
    outer loop
      vertex 11.5 93 17.05
      vertex 11.5 26.6506 12.6206
      vertex 11.5 26.9445 12.4635
    endloop
  endfacet
  facet normal 1 0 0
    outer loop
      vertex 11.5 93 17.05
      vertex 11.5 26.3317 12.7173
      vertex 11.5 26.6506 12.6206
    endloop
  endfacet
  facet normal 1 -0 0
    outer loop
      vertex 11.5 4 17.05
      vertex 11.5 26.3317 12.7173
      vertex 11.5 93 17.05
    endloop
  endfacet
  facet normal 1 0 0
    outer loop
      vertex 11.5 24.3327 11.3817
      vertex 11.5 4 17.05
      vertex 11.5 24.3 11.05
    endloop
  endfacet
  facet normal 1 0 0
    outer loop
      vertex 11.5 24.4294 11.7006
      vertex 11.5 4 17.05
      vertex 11.5 24.3327 11.3817
    endloop
  endfacet
  facet normal 1 0 0
    outer loop
      vertex 11.5 24.5865 11.9945
      vertex 11.5 4 17.05
      vertex 11.5 24.4294 11.7006
    endloop
  endfacet
  facet normal 1 0 0
    outer loop
      vertex 11.5 24.7979 12.2521
      vertex 11.5 4 17.05
      vertex 11.5 24.5865 11.9945
    endloop
  endfacet
  facet normal 1 0 0
    outer loop
      vertex 11.5 25.0555 12.4635
      vertex 11.5 4 17.05
      vertex 11.5 24.7979 12.2521
    endloop
  endfacet
  facet normal 1 0 0
    outer loop
      vertex 11.5 25.3494 12.6206
      vertex 11.5 4 17.05
      vertex 11.5 25.0555 12.4635
    endloop
  endfacet
  facet normal 1 0 0
    outer loop
      vertex 11.5 25.6683 12.7173
      vertex 11.5 4 17.05
      vertex 11.5 25.3494 12.6206
    endloop
  endfacet
  facet normal 1 0 0
    outer loop
      vertex 11.5 26 12.75
      vertex 11.5 4 17.05
      vertex 11.5 25.6683 12.7173
    endloop
  endfacet
  facet normal 1 0 0
    outer loop
      vertex 11.5 26.3317 12.7173
      vertex 11.5 4 17.05
      vertex 11.5 26 12.75
    endloop
  endfacet
  facet normal 1 -0 0
    outer loop
      vertex 11.5 89.6673 10.7183
      vertex 11.5 93 5.05
      vertex 11.5 89.7 11.05
    endloop
  endfacet
  facet normal 1 -0 0
    outer loop
      vertex 11.5 89.5706 10.3994
      vertex 11.5 93 5.05
      vertex 11.5 89.6673 10.7183
    endloop
  endfacet
  facet normal 1 -0 0
    outer loop
      vertex 11.5 89.4135 10.1055
      vertex 11.5 93 5.05
      vertex 11.5 89.5706 10.3994
    endloop
  endfacet
  facet normal 1 -0 0
    outer loop
      vertex 11.5 89.2021 9.84792
      vertex 11.5 93 5.05
      vertex 11.5 89.4135 10.1055
    endloop
  endfacet
  facet normal 1 -0 0
    outer loop
      vertex 11.5 88.9445 9.6365
      vertex 11.5 93 5.05
      vertex 11.5 89.2021 9.84792
    endloop
  endfacet
  facet normal 1 -0 0
    outer loop
      vertex 11.5 88.6506 9.47941
      vertex 11.5 93 5.05
      vertex 11.5 88.9445 9.6365
    endloop
  endfacet
  facet normal 1 -0 0
    outer loop
      vertex 11.5 88.3316 9.38267
      vertex 11.5 93 5.05
      vertex 11.5 88.6506 9.47941
    endloop
  endfacet
  facet normal 1 -0 0
    outer loop
      vertex 11.5 88 9.35
      vertex 11.5 93 5.05
      vertex 11.5 88.3316 9.38267
    endloop
  endfacet
  facet normal 1 0 0
    outer loop
      vertex 11.5 87.6684 9.38267
      vertex 11.5 93 5.05
      vertex 11.5 88 9.35
    endloop
  endfacet
  facet normal 1 0 0
    outer loop
      vertex 11.5 87.3494 9.47941
      vertex 11.5 93 5.05
      vertex 11.5 87.6684 9.38267
    endloop
  endfacet
  facet normal 1 0 0
    outer loop
      vertex 11.5 87.0555 9.6365
      vertex 11.5 93 5.05
      vertex 11.5 87.3494 9.47941
    endloop
  endfacet
  facet normal 1 -0 0
    outer loop
      vertex 11.5 27.7 11.05
      vertex 11.5 86.3327 10.7183
      vertex 11.5 86.3 11.05
    endloop
  endfacet
  facet normal 1 0 0
    outer loop
      vertex 11.5 27.6673 10.7183
      vertex 11.5 86.3327 10.7183
      vertex 11.5 27.7 11.05
    endloop
  endfacet
  facet normal 1 0 0
    outer loop
      vertex 11.5 86.3327 10.7183
      vertex 11.5 27.6673 10.7183
      vertex 11.5 86.4294 10.3994
    endloop
  endfacet
  facet normal 1 0 0
    outer loop
      vertex 11.5 27.5706 10.3994
      vertex 11.5 86.4294 10.3994
      vertex 11.5 27.6673 10.7183
    endloop
  endfacet
  facet normal 1 0 0
    outer loop
      vertex 11.5 86.4294 10.3994
      vertex 11.5 27.5706 10.3994
      vertex 11.5 86.5865 10.1055
    endloop
  endfacet
  facet normal 1 0 0
    outer loop
      vertex 11.5 27.4135 10.1055
      vertex 11.5 86.5865 10.1055
      vertex 11.5 27.5706 10.3994
    endloop
  endfacet
  facet normal 1 0 0
    outer loop
      vertex 11.5 86.5865 10.1055
      vertex 11.5 27.4135 10.1055
      vertex 11.5 86.7979 9.84792
    endloop
  endfacet
  facet normal 1 0 0
    outer loop
      vertex 11.5 27.2021 9.84792
      vertex 11.5 86.7979 9.84792
      vertex 11.5 27.4135 10.1055
    endloop
  endfacet
  facet normal 1 0 0
    outer loop
      vertex 11.5 86.7979 9.84792
      vertex 11.5 27.2021 9.84792
      vertex 11.5 87.0555 9.6365
    endloop
  endfacet
  facet normal 1 0 0
    outer loop
      vertex 11.5 26.9445 9.6365
      vertex 11.5 87.0555 9.6365
      vertex 11.5 27.2021 9.84792
    endloop
  endfacet
  facet normal 1 0 0
    outer loop
      vertex 11.5 87.0555 9.6365
      vertex 11.5 26.9445 9.6365
      vertex 11.5 93 5.05
    endloop
  endfacet
  facet normal 1 -0 0
    outer loop
      vertex 11.5 26.6506 9.47941
      vertex 11.5 93 5.05
      vertex 11.5 26.9445 9.6365
    endloop
  endfacet
  facet normal 1 -0 0
    outer loop
      vertex 11.5 26.3317 9.38267
      vertex 11.5 93 5.05
      vertex 11.5 26.6506 9.47941
    endloop
  endfacet
  facet normal 1 0 0
    outer loop
      vertex 11.5 4 5.05
      vertex 11.5 26.3317 9.38267
      vertex 11.5 26 9.35
    endloop
  endfacet
  facet normal 1 0 0
    outer loop
      vertex 11.5 4 5.05
      vertex 11.5 24.3 11.05
      vertex 11.5 4 17.05
    endloop
  endfacet
  facet normal 1 0 0
    outer loop
      vertex 11.5 24.3 11.05
      vertex 11.5 4 5.05
      vertex 11.5 24.3327 10.7183
    endloop
  endfacet
  facet normal 1 0 0
    outer loop
      vertex 11.5 24.3327 10.7183
      vertex 11.5 4 5.05
      vertex 11.5 24.4294 10.3994
    endloop
  endfacet
  facet normal 1 0 0
    outer loop
      vertex 11.5 24.4294 10.3994
      vertex 11.5 4 5.05
      vertex 11.5 24.5865 10.1055
    endloop
  endfacet
  facet normal 1 0 0
    outer loop
      vertex 11.5 24.5865 10.1055
      vertex 11.5 4 5.05
      vertex 11.5 24.7979 9.84792
    endloop
  endfacet
  facet normal 1 0 0
    outer loop
      vertex 11.5 24.7979 9.84792
      vertex 11.5 4 5.05
      vertex 11.5 25.0555 9.6365
    endloop
  endfacet
  facet normal 1 0 0
    outer loop
      vertex 11.5 26.3317 9.38267
      vertex 11.5 4 5.05
      vertex 11.5 93 5.05
    endloop
  endfacet
  facet normal 1 0 0
    outer loop
      vertex 11.5 25.6683 9.38267
      vertex 11.5 4 5.05
      vertex 11.5 26 9.35
    endloop
  endfacet
  facet normal 1 0 0
    outer loop
      vertex 11.5 25.3494 9.47941
      vertex 11.5 4 5.05
      vertex 11.5 25.6683 9.38267
    endloop
  endfacet
  facet normal 1 0 0
    outer loop
      vertex 11.5 25.0555 9.6365
      vertex 11.5 4 5.05
      vertex 11.5 25.3494 9.47941
    endloop
  endfacet
  facet normal 0 -0.47139 0.881925
    outer loop
      vertex 7.5 26.9445 9.6365
      vertex 11.5 26.6506 9.47941
      vertex 11.5 26.9445 9.6365
    endloop
  endfacet
  facet normal 0 -0.47139 0.881925
    outer loop
      vertex 11.5 26.6506 9.47941
      vertex 7.5 26.9445 9.6365
      vertex 7.5 26.6506 9.47941
    endloop
  endfacet
  facet normal 0 -0.0981075 -0.995176
    outer loop
      vertex 7.5 26 12.75
      vertex 11.5 26.3317 12.7173
      vertex 11.5 26 12.75
    endloop
  endfacet
  facet normal -0 -0.0981075 -0.995176
    outer loop
      vertex 11.5 26.3317 12.7173
      vertex 7.5 26 12.75
      vertex 7.5 26.3317 12.7173
    endloop
  endfacet
  facet normal 0 -0.634417 0.772991
    outer loop
      vertex 7.5 27.2021 9.84792
      vertex 11.5 26.9445 9.6365
      vertex 11.5 27.2021 9.84792
    endloop
  endfacet
  facet normal 0 -0.634417 0.772991
    outer loop
      vertex 11.5 26.9445 9.6365
      vertex 7.5 27.2021 9.84792
      vertex 7.5 26.9445 9.6365
    endloop
  endfacet
  facet normal 0 -0.956971 0.290182
    outer loop
      vertex 7.5 27.5706 10.3994
      vertex 11.5 27.6673 10.7183
      vertex 7.5 27.6673 10.7183
    endloop
  endfacet
  facet normal 0 -0.956971 0.290182
    outer loop
      vertex 11.5 27.6673 10.7183
      vertex 7.5 27.5706 10.3994
      vertex 11.5 27.5706 10.3994
    endloop
  endfacet
  facet normal 0 -0.881912 -0.471413
    outer loop
      vertex 7.5 27.5706 11.7006
      vertex 11.5 27.4135 11.9945
      vertex 7.5 27.4135 11.9945
    endloop
  endfacet
  facet normal 0 -0.881912 -0.471413
    outer loop
      vertex 11.5 27.4135 11.9945
      vertex 7.5 27.5706 11.7006
      vertex 11.5 27.5706 11.7006
    endloop
  endfacet
  facet normal 0 -0.290182 -0.956971
    outer loop
      vertex 7.5 26.3317 12.7173
      vertex 11.5 26.6506 12.6206
      vertex 11.5 26.3317 12.7173
    endloop
  endfacet
  facet normal -0 -0.290182 -0.956971
    outer loop
      vertex 11.5 26.6506 12.6206
      vertex 7.5 26.3317 12.7173
      vertex 7.5 26.6506 12.6206
    endloop
  endfacet
  facet normal -0 0.0980183 0.995185
    outer loop
      vertex 7.5 26 9.35
      vertex 11.5 25.6683 9.38267
      vertex 11.5 26 9.35
    endloop
  endfacet
  facet normal 0 0.0980183 0.995185
    outer loop
      vertex 11.5 25.6683 9.38267
      vertex 7.5 26 9.35
      vertex 7.5 25.6683 9.38267
    endloop
  endfacet
  facet normal 0 -0.772996 0.63441
    outer loop
      vertex 7.5 27.2021 9.84792
      vertex 11.5 27.4135 10.1055
      vertex 7.5 27.4135 10.1055
    endloop
  endfacet
  facet normal 0 -0.772996 0.63441
    outer loop
      vertex 11.5 27.4135 10.1055
      vertex 7.5 27.2021 9.84792
      vertex 11.5 27.2021 9.84792
    endloop
  endfacet
  facet normal 0 -0.995176 -0.0981075
    outer loop
      vertex 7.5 27.7 11.05
      vertex 11.5 27.6673 11.3817
      vertex 7.5 27.6673 11.3817
    endloop
  endfacet
  facet normal 0 -0.995176 -0.0981075
    outer loop
      vertex 11.5 27.6673 11.3817
      vertex 7.5 27.7 11.05
      vertex 11.5 27.7 11.05
    endloop
  endfacet
  facet normal 0 -0.881912 0.471413
    outer loop
      vertex 7.5 27.4135 10.1055
      vertex 11.5 27.5706 10.3994
      vertex 7.5 27.5706 10.3994
    endloop
  endfacet
  facet normal 0 -0.881912 0.471413
    outer loop
      vertex 11.5 27.5706 10.3994
      vertex 7.5 27.4135 10.1055
      vertex 11.5 27.4135 10.1055
    endloop
  endfacet
  facet normal 0 0.0981075 -0.995176
    outer loop
      vertex 7.5 25.6683 12.7173
      vertex 11.5 26 12.75
      vertex 11.5 25.6683 12.7173
    endloop
  endfacet
  facet normal 0 0.0981075 -0.995176
    outer loop
      vertex 11.5 26 12.75
      vertex 7.5 25.6683 12.7173
      vertex 7.5 26 12.75
    endloop
  endfacet
  facet normal 0 -0.471413 -0.881912
    outer loop
      vertex 7.5 26.6506 12.6206
      vertex 11.5 26.9445 12.4635
      vertex 11.5 26.6506 12.6206
    endloop
  endfacet
  facet normal -0 -0.471413 -0.881912
    outer loop
      vertex 11.5 26.9445 12.4635
      vertex 7.5 26.6506 12.6206
      vertex 7.5 26.9445 12.4635
    endloop
  endfacet
  facet normal 0 -0.773021 -0.634381
    outer loop
      vertex 7.5 27.4135 11.9945
      vertex 11.5 27.2021 12.2521
      vertex 7.5 27.2021 12.2521
    endloop
  endfacet
  facet normal 0 -0.773021 -0.634381
    outer loop
      vertex 11.5 27.2021 12.2521
      vertex 7.5 27.4135 11.9945
      vertex 11.5 27.4135 11.9945
    endloop
  endfacet
  facet normal 0 -0.956971 -0.290182
    outer loop
      vertex 7.5 27.6673 11.3817
      vertex 11.5 27.5706 11.7006
      vertex 7.5 27.5706 11.7006
    endloop
  endfacet
  facet normal 0 -0.956971 -0.290182
    outer loop
      vertex 11.5 27.5706 11.7006
      vertex 7.5 27.6673 11.3817
      vertex 11.5 27.6673 11.3817
    endloop
  endfacet
  facet normal 0 -0.634381 -0.773021
    outer loop
      vertex 7.5 26.9445 12.4635
      vertex 11.5 27.2021 12.2521
      vertex 11.5 26.9445 12.4635
    endloop
  endfacet
  facet normal -0 -0.634381 -0.773021
    outer loop
      vertex 11.5 27.2021 12.2521
      vertex 7.5 26.9445 12.4635
      vertex 7.5 27.2021 12.2521
    endloop
  endfacet
  facet normal 0 -0.0980183 0.995185
    outer loop
      vertex 7.5 26.3317 9.38267
      vertex 11.5 26 9.35
      vertex 11.5 26.3317 9.38267
    endloop
  endfacet
  facet normal 0 -0.0980183 0.995185
    outer loop
      vertex 11.5 26 9.35
      vertex 7.5 26.3317 9.38267
      vertex 7.5 26 9.35
    endloop
  endfacet
  facet normal 0 0.881912 -0.471413
    outer loop
      vertex 11.5 24.4294 11.7006
      vertex 7.5 24.5865 11.9945
      vertex 11.5 24.5865 11.9945
    endloop
  endfacet
  facet normal 0 0.881912 -0.471413
    outer loop
      vertex 7.5 24.5865 11.9945
      vertex 11.5 24.4294 11.7006
      vertex 7.5 24.4294 11.7006
    endloop
  endfacet
  facet normal 0 0.634381 -0.773021
    outer loop
      vertex 7.5 24.7979 12.2521
      vertex 11.5 25.0555 12.4635
      vertex 11.5 24.7979 12.2521
    endloop
  endfacet
  facet normal 0 0.634381 -0.773021
    outer loop
      vertex 11.5 25.0555 12.4635
      vertex 7.5 24.7979 12.2521
      vertex 7.5 25.0555 12.4635
    endloop
  endfacet
  facet normal 0 0.772996 0.63441
    outer loop
      vertex 11.5 24.7979 9.84792
      vertex 7.5 24.5865 10.1055
      vertex 11.5 24.5865 10.1055
    endloop
  endfacet
  facet normal 0 0.772996 0.63441
    outer loop
      vertex 7.5 24.5865 10.1055
      vertex 11.5 24.7979 9.84792
      vertex 7.5 24.7979 9.84792
    endloop
  endfacet
  facet normal 0 -0.290292 0.956938
    outer loop
      vertex 7.5 26.6506 9.47941
      vertex 11.5 26.3317 9.38267
      vertex 11.5 26.6506 9.47941
    endloop
  endfacet
  facet normal 0 -0.290292 0.956938
    outer loop
      vertex 11.5 26.3317 9.38267
      vertex 7.5 26.6506 9.47941
      vertex 7.5 26.3317 9.38267
    endloop
  endfacet
  facet normal 0 -0.995176 0.0981075
    outer loop
      vertex 7.5 27.6673 10.7183
      vertex 11.5 27.7 11.05
      vertex 7.5 27.7 11.05
    endloop
  endfacet
  facet normal 0 -0.995176 0.0981075
    outer loop
      vertex 11.5 27.7 11.05
      vertex 7.5 27.6673 10.7183
      vertex 11.5 27.6673 10.7183
    endloop
  endfacet
  facet normal -0 0.47139 0.881925
    outer loop
      vertex 7.5 25.3494 9.47941
      vertex 11.5 25.0555 9.6365
      vertex 11.5 25.3494 9.47941
    endloop
  endfacet
  facet normal 0 0.47139 0.881925
    outer loop
      vertex 11.5 25.0555 9.6365
      vertex 7.5 25.3494 9.47941
      vertex 7.5 25.0555 9.6365
    endloop
  endfacet
  facet normal 0 0.995176 0.0981075
    outer loop
      vertex 11.5 24.3327 10.7183
      vertex 7.5 24.3 11.05
      vertex 11.5 24.3 11.05
    endloop
  endfacet
  facet normal 0 0.995176 0.0981075
    outer loop
      vertex 7.5 24.3 11.05
      vertex 11.5 24.3327 10.7183
      vertex 7.5 24.3327 10.7183
    endloop
  endfacet
  facet normal 0 0.773021 -0.634381
    outer loop
      vertex 11.5 24.5865 11.9945
      vertex 7.5 24.7979 12.2521
      vertex 11.5 24.7979 12.2521
    endloop
  endfacet
  facet normal 0 0.773021 -0.634381
    outer loop
      vertex 7.5 24.7979 12.2521
      vertex 11.5 24.5865 11.9945
      vertex 7.5 24.5865 11.9945
    endloop
  endfacet
  facet normal 0 0.956971 0.290182
    outer loop
      vertex 11.5 24.4294 10.3994
      vertex 7.5 24.3327 10.7183
      vertex 11.5 24.3327 10.7183
    endloop
  endfacet
  facet normal 0 0.956971 0.290182
    outer loop
      vertex 7.5 24.3327 10.7183
      vertex 11.5 24.4294 10.3994
      vertex 7.5 24.4294 10.3994
    endloop
  endfacet
  facet normal 0 0.881912 0.471413
    outer loop
      vertex 11.5 24.5865 10.1055
      vertex 7.5 24.4294 10.3994
      vertex 11.5 24.4294 10.3994
    endloop
  endfacet
  facet normal 0 0.881912 0.471413
    outer loop
      vertex 7.5 24.4294 10.3994
      vertex 11.5 24.5865 10.1055
      vertex 7.5 24.5865 10.1055
    endloop
  endfacet
  facet normal -0 0.290292 0.956938
    outer loop
      vertex 7.5 25.6683 9.38267
      vertex 11.5 25.3494 9.47941
      vertex 11.5 25.6683 9.38267
    endloop
  endfacet
  facet normal 0 0.290292 0.956938
    outer loop
      vertex 11.5 25.3494 9.47941
      vertex 7.5 25.6683 9.38267
      vertex 7.5 25.3494 9.47941
    endloop
  endfacet
  facet normal 0 0.956971 -0.290182
    outer loop
      vertex 11.5 24.3327 11.3817
      vertex 7.5 24.4294 11.7006
      vertex 11.5 24.4294 11.7006
    endloop
  endfacet
  facet normal 0 0.956971 -0.290182
    outer loop
      vertex 7.5 24.4294 11.7006
      vertex 11.5 24.3327 11.3817
      vertex 7.5 24.3327 11.3817
    endloop
  endfacet
  facet normal 0 0.471413 -0.881912
    outer loop
      vertex 7.5 25.0555 12.4635
      vertex 11.5 25.3494 12.6206
      vertex 11.5 25.0555 12.4635
    endloop
  endfacet
  facet normal 0 0.471413 -0.881912
    outer loop
      vertex 11.5 25.3494 12.6206
      vertex 7.5 25.0555 12.4635
      vertex 7.5 25.3494 12.6206
    endloop
  endfacet
  facet normal 0 0.290182 -0.956971
    outer loop
      vertex 7.5 25.3494 12.6206
      vertex 11.5 25.6683 12.7173
      vertex 11.5 25.3494 12.6206
    endloop
  endfacet
  facet normal 0 0.290182 -0.956971
    outer loop
      vertex 11.5 25.6683 12.7173
      vertex 7.5 25.3494 12.6206
      vertex 7.5 25.6683 12.7173
    endloop
  endfacet
  facet normal -0 0.634417 0.772991
    outer loop
      vertex 7.5 25.0555 9.6365
      vertex 11.5 24.7979 9.84792
      vertex 11.5 25.0555 9.6365
    endloop
  endfacet
  facet normal 0 0.634417 0.772991
    outer loop
      vertex 11.5 24.7979 9.84792
      vertex 7.5 25.0555 9.6365
      vertex 7.5 24.7979 9.84792
    endloop
  endfacet
  facet normal 0 0.995176 -0.0981075
    outer loop
      vertex 11.5 24.3 11.05
      vertex 7.5 24.3327 11.3817
      vertex 11.5 24.3327 11.3817
    endloop
  endfacet
  facet normal 0 0.995176 -0.0981075
    outer loop
      vertex 7.5 24.3327 11.3817
      vertex 11.5 24.3 11.05
      vertex 7.5 24.3 11.05
    endloop
  endfacet
  facet normal 0 -0.47139 0.881925
    outer loop
      vertex 7.5 88.9445 9.6365
      vertex 11.5 88.6506 9.47941
      vertex 11.5 88.9445 9.6365
    endloop
  endfacet
  facet normal 0 -0.47139 0.881925
    outer loop
      vertex 11.5 88.6506 9.47941
      vertex 7.5 88.9445 9.6365
      vertex 7.5 88.6506 9.47941
    endloop
  endfacet
  facet normal 0 -0.0981368 -0.995173
    outer loop
      vertex 7.5 88 12.75
      vertex 11.5 88.3316 12.7173
      vertex 11.5 88 12.75
    endloop
  endfacet
  facet normal -0 -0.0981368 -0.995173
    outer loop
      vertex 11.5 88.3316 12.7173
      vertex 7.5 88 12.75
      vertex 7.5 88.3316 12.7173
    endloop
  endfacet
  facet normal 0 -0.634417 0.772991
    outer loop
      vertex 7.5 89.2021 9.84792
      vertex 11.5 88.9445 9.6365
      vertex 11.5 89.2021 9.84792
    endloop
  endfacet
  facet normal 0 -0.634417 0.772991
    outer loop
      vertex 11.5 88.9445 9.6365
      vertex 7.5 89.2021 9.84792
      vertex 7.5 88.9445 9.6365
    endloop
  endfacet
  facet normal 0 -0.995176 0.0981075
    outer loop
      vertex 7.5 89.6673 10.7183
      vertex 11.5 89.7 11.05
      vertex 7.5 89.7 11.05
    endloop
  endfacet
  facet normal 0 -0.995176 0.0981075
    outer loop
      vertex 11.5 89.7 11.05
      vertex 7.5 89.6673 10.7183
      vertex 11.5 89.6673 10.7183
    endloop
  endfacet
  facet normal 0 -0.956971 0.290182
    outer loop
      vertex 7.5 89.5706 10.3994
      vertex 11.5 89.6673 10.7183
      vertex 7.5 89.6673 10.7183
    endloop
  endfacet
  facet normal 0 -0.956971 0.290182
    outer loop
      vertex 11.5 89.6673 10.7183
      vertex 7.5 89.5706 10.3994
      vertex 11.5 89.5706 10.3994
    endloop
  endfacet
  facet normal 0 -0.881912 -0.471413
    outer loop
      vertex 7.5 89.5706 11.7006
      vertex 11.5 89.4135 11.9945
      vertex 7.5 89.4135 11.9945
    endloop
  endfacet
  facet normal 0 -0.881912 -0.471413
    outer loop
      vertex 11.5 89.4135 11.9945
      vertex 7.5 89.5706 11.7006
      vertex 11.5 89.5706 11.7006
    endloop
  endfacet
  facet normal 0 -0.290099 -0.956997
    outer loop
      vertex 7.5 88.3316 12.7173
      vertex 11.5 88.6506 12.6206
      vertex 11.5 88.3316 12.7173
    endloop
  endfacet
  facet normal -0 -0.290099 -0.956997
    outer loop
      vertex 11.5 88.6506 12.6206
      vertex 7.5 88.3316 12.7173
      vertex 7.5 88.6506 12.6206
    endloop
  endfacet
  facet normal -0 0.0980476 0.995182
    outer loop
      vertex 7.5 88 9.35
      vertex 11.5 87.6684 9.38267
      vertex 11.5 88 9.35
    endloop
  endfacet
  facet normal 0 0.0980476 0.995182
    outer loop
      vertex 11.5 87.6684 9.38267
      vertex 7.5 88 9.35
      vertex 7.5 87.6684 9.38267
    endloop
  endfacet
  facet normal 0 -0.290209 0.956963
    outer loop
      vertex 7.5 88.6506 9.47941
      vertex 11.5 88.3316 9.38267
      vertex 11.5 88.6506 9.47941
    endloop
  endfacet
  facet normal 0 -0.290209 0.956963
    outer loop
      vertex 11.5 88.3316 9.38267
      vertex 7.5 88.6506 9.47941
      vertex 7.5 88.3316 9.38267
    endloop
  endfacet
  facet normal 0 -0.772996 0.63441
    outer loop
      vertex 7.5 89.2021 9.84792
      vertex 11.5 89.4135 10.1055
      vertex 7.5 89.4135 10.1055
    endloop
  endfacet
  facet normal 0 -0.772996 0.63441
    outer loop
      vertex 11.5 89.4135 10.1055
      vertex 7.5 89.2021 9.84792
      vertex 11.5 89.2021 9.84792
    endloop
  endfacet
  facet normal 0 -0.995176 -0.0981075
    outer loop
      vertex 7.5 89.7 11.05
      vertex 11.5 89.6673 11.3817
      vertex 7.5 89.6673 11.3817
    endloop
  endfacet
  facet normal 0 -0.995176 -0.0981075
    outer loop
      vertex 11.5 89.6673 11.3817
      vertex 7.5 89.7 11.05
      vertex 11.5 89.7 11.05
    endloop
  endfacet
  facet normal 0 -0.881912 0.471413
    outer loop
      vertex 7.5 89.4135 10.1055
      vertex 11.5 89.5706 10.3994
      vertex 7.5 89.5706 10.3994
    endloop
  endfacet
  facet normal 0 -0.881912 0.471413
    outer loop
      vertex 11.5 89.5706 10.3994
      vertex 7.5 89.4135 10.1055
      vertex 11.5 89.4135 10.1055
    endloop
  endfacet
  facet normal 0 0.0981368 -0.995173
    outer loop
      vertex 7.5 87.6684 12.7173
      vertex 11.5 88 12.75
      vertex 11.5 87.6684 12.7173
    endloop
  endfacet
  facet normal 0 0.0981368 -0.995173
    outer loop
      vertex 11.5 88 12.75
      vertex 7.5 87.6684 12.7173
      vertex 7.5 88 12.75
    endloop
  endfacet
  facet normal 0 -0.471413 -0.881912
    outer loop
      vertex 7.5 88.6506 12.6206
      vertex 11.5 88.9445 12.4635
      vertex 11.5 88.6506 12.6206
    endloop
  endfacet
  facet normal -0 -0.471413 -0.881912
    outer loop
      vertex 11.5 88.9445 12.4635
      vertex 7.5 88.6506 12.6206
      vertex 7.5 88.9445 12.4635
    endloop
  endfacet
  facet normal 0 -0.773021 -0.634381
    outer loop
      vertex 7.5 89.4135 11.9945
      vertex 11.5 89.2021 12.2521
      vertex 7.5 89.2021 12.2521
    endloop
  endfacet
  facet normal 0 -0.773021 -0.634381
    outer loop
      vertex 11.5 89.2021 12.2521
      vertex 7.5 89.4135 11.9945
      vertex 11.5 89.4135 11.9945
    endloop
  endfacet
  facet normal 0 -0.956971 -0.290182
    outer loop
      vertex 7.5 89.6673 11.3817
      vertex 11.5 89.5706 11.7006
      vertex 7.5 89.5706 11.7006
    endloop
  endfacet
  facet normal 0 -0.956971 -0.290182
    outer loop
      vertex 11.5 89.5706 11.7006
      vertex 7.5 89.6673 11.3817
      vertex 11.5 89.6673 11.3817
    endloop
  endfacet
  facet normal 0 -0.634381 -0.773021
    outer loop
      vertex 7.5 88.9445 12.4635
      vertex 11.5 89.2021 12.2521
      vertex 11.5 88.9445 12.4635
    endloop
  endfacet
  facet normal -0 -0.634381 -0.773021
    outer loop
      vertex 11.5 89.2021 12.2521
      vertex 7.5 88.9445 12.4635
      vertex 7.5 89.2021 12.2521
    endloop
  endfacet
  facet normal 0 -0.0980476 0.995182
    outer loop
      vertex 7.5 88.3316 9.38267
      vertex 11.5 88 9.35
      vertex 11.5 88.3316 9.38267
    endloop
  endfacet
  facet normal 0 -0.0980476 0.995182
    outer loop
      vertex 11.5 88 9.35
      vertex 7.5 88.3316 9.38267
      vertex 7.5 88 9.35
    endloop
  endfacet
  facet normal 0 0.881912 -0.471413
    outer loop
      vertex 11.5 86.4294 11.7006
      vertex 7.5 86.5865 11.9945
      vertex 11.5 86.5865 11.9945
    endloop
  endfacet
  facet normal 0 0.881912 -0.471413
    outer loop
      vertex 7.5 86.5865 11.9945
      vertex 11.5 86.4294 11.7006
      vertex 7.5 86.4294 11.7006
    endloop
  endfacet
  facet normal 0 0.634381 -0.773021
    outer loop
      vertex 7.5 86.7979 12.2521
      vertex 11.5 87.0555 12.4635
      vertex 11.5 86.7979 12.2521
    endloop
  endfacet
  facet normal 0 0.634381 -0.773021
    outer loop
      vertex 11.5 87.0555 12.4635
      vertex 7.5 86.7979 12.2521
      vertex 7.5 87.0555 12.4635
    endloop
  endfacet
  facet normal 0 0.772996 0.63441
    outer loop
      vertex 11.5 86.7979 9.84792
      vertex 7.5 86.5865 10.1055
      vertex 11.5 86.5865 10.1055
    endloop
  endfacet
  facet normal 0 0.772996 0.63441
    outer loop
      vertex 7.5 86.5865 10.1055
      vertex 11.5 86.7979 9.84792
      vertex 7.5 86.7979 9.84792
    endloop
  endfacet
  facet normal -0 0.47139 0.881925
    outer loop
      vertex 7.5 87.3494 9.47941
      vertex 11.5 87.0555 9.6365
      vertex 11.5 87.3494 9.47941
    endloop
  endfacet
  facet normal 0 0.47139 0.881925
    outer loop
      vertex 11.5 87.0555 9.6365
      vertex 7.5 87.3494 9.47941
      vertex 7.5 87.0555 9.6365
    endloop
  endfacet
  facet normal 0 0.290099 -0.956997
    outer loop
      vertex 7.5 87.3494 12.6206
      vertex 11.5 87.6684 12.7173
      vertex 11.5 87.3494 12.6206
    endloop
  endfacet
  facet normal 0 0.290099 -0.956997
    outer loop
      vertex 11.5 87.6684 12.7173
      vertex 7.5 87.3494 12.6206
      vertex 7.5 87.6684 12.7173
    endloop
  endfacet
  facet normal 0 0.773021 -0.634381
    outer loop
      vertex 11.5 86.5865 11.9945
      vertex 7.5 86.7979 12.2521
      vertex 11.5 86.7979 12.2521
    endloop
  endfacet
  facet normal 0 0.773021 -0.634381
    outer loop
      vertex 7.5 86.7979 12.2521
      vertex 11.5 86.5865 11.9945
      vertex 7.5 86.5865 11.9945
    endloop
  endfacet
  facet normal 0 0.956971 0.290182
    outer loop
      vertex 11.5 86.4294 10.3994
      vertex 7.5 86.3327 10.7183
      vertex 11.5 86.3327 10.7183
    endloop
  endfacet
  facet normal 0 0.956971 0.290182
    outer loop
      vertex 7.5 86.3327 10.7183
      vertex 11.5 86.4294 10.3994
      vertex 7.5 86.4294 10.3994
    endloop
  endfacet
  facet normal 0 0.881912 0.471413
    outer loop
      vertex 11.5 86.5865 10.1055
      vertex 7.5 86.4294 10.3994
      vertex 11.5 86.4294 10.3994
    endloop
  endfacet
  facet normal 0 0.881912 0.471413
    outer loop
      vertex 7.5 86.4294 10.3994
      vertex 11.5 86.5865 10.1055
      vertex 7.5 86.5865 10.1055
    endloop
  endfacet
  facet normal -0 0.290209 0.956963
    outer loop
      vertex 7.5 87.6684 9.38267
      vertex 11.5 87.3494 9.47941
      vertex 11.5 87.6684 9.38267
    endloop
  endfacet
  facet normal 0 0.290209 0.956963
    outer loop
      vertex 11.5 87.3494 9.47941
      vertex 7.5 87.6684 9.38267
      vertex 7.5 87.3494 9.47941
    endloop
  endfacet
  facet normal 0 0.956971 -0.290182
    outer loop
      vertex 11.5 86.3327 11.3817
      vertex 7.5 86.4294 11.7006
      vertex 11.5 86.4294 11.7006
    endloop
  endfacet
  facet normal 0 0.956971 -0.290182
    outer loop
      vertex 7.5 86.4294 11.7006
      vertex 11.5 86.3327 11.3817
      vertex 7.5 86.3327 11.3817
    endloop
  endfacet
  facet normal 0 0.995176 0.0981075
    outer loop
      vertex 11.5 86.3327 10.7183
      vertex 7.5 86.3 11.05
      vertex 11.5 86.3 11.05
    endloop
  endfacet
  facet normal 0 0.995176 0.0981075
    outer loop
      vertex 7.5 86.3 11.05
      vertex 11.5 86.3327 10.7183
      vertex 7.5 86.3327 10.7183
    endloop
  endfacet
  facet normal 0 0.471413 -0.881912
    outer loop
      vertex 7.5 87.0555 12.4635
      vertex 11.5 87.3494 12.6206
      vertex 11.5 87.0555 12.4635
    endloop
  endfacet
  facet normal 0 0.471413 -0.881912
    outer loop
      vertex 11.5 87.3494 12.6206
      vertex 7.5 87.0555 12.4635
      vertex 7.5 87.3494 12.6206
    endloop
  endfacet
  facet normal -0 0.634417 0.772991
    outer loop
      vertex 7.5 87.0555 9.6365
      vertex 11.5 86.7979 9.84792
      vertex 11.5 87.0555 9.6365
    endloop
  endfacet
  facet normal 0 0.634417 0.772991
    outer loop
      vertex 11.5 86.7979 9.84792
      vertex 7.5 87.0555 9.6365
      vertex 7.5 86.7979 9.84792
    endloop
  endfacet
  facet normal 0 0.995176 -0.0981075
    outer loop
      vertex 11.5 86.3 11.05
      vertex 7.5 86.3327 11.3817
      vertex 11.5 86.3327 11.3817
    endloop
  endfacet
  facet normal 0 0.995176 -0.0981075
    outer loop
      vertex 7.5 86.3327 11.3817
      vertex 11.5 86.3 11.05
      vertex 7.5 86.3 11.05
    endloop
  endfacet
  facet normal 1 0 0
    outer loop
      vertex 79.1 21.9616 11.4402
      vertex 79.1 21.9616 10.6598
      vertex 79.1 22 11.05
    endloop
  endfacet
  facet normal 1 0 0
    outer loop
      vertex 79.1 21.8478 11.8154
      vertex 79.1 21.9616 10.6598
      vertex 79.1 21.9616 11.4402
    endloop
  endfacet
  facet normal 1 0 0
    outer loop
      vertex 79.1 21.8478 11.8154
      vertex 79.1 21.8478 10.2846
      vertex 79.1 21.9616 10.6598
    endloop
  endfacet
  facet normal 1 0 0
    outer loop
      vertex 79.1 21.6629 12.1611
      vertex 79.1 21.8478 10.2846
      vertex 79.1 21.8478 11.8154
    endloop
  endfacet
  facet normal 1 0 0
    outer loop
      vertex 79.1 21.6629 12.1611
      vertex 79.1 21.6629 9.93886
      vertex 79.1 21.8478 10.2846
    endloop
  endfacet
  facet normal 1 0 0
    outer loop
      vertex 79.1 21.4142 12.4642
      vertex 79.1 21.6629 9.93886
      vertex 79.1 21.6629 12.1611
    endloop
  endfacet
  facet normal 1 0 0
    outer loop
      vertex 79.1 21.4142 12.4642
      vertex 79.1 21.4142 9.63579
      vertex 79.1 21.6629 9.93886
    endloop
  endfacet
  facet normal 1 0 0
    outer loop
      vertex 79.1 21.1111 12.7129
      vertex 79.1 21.4142 9.63579
      vertex 79.1 21.4142 12.4642
    endloop
  endfacet
  facet normal 1 0 0
    outer loop
      vertex 79.1 21.1111 12.7129
      vertex 79.1 21.1111 9.38706
      vertex 79.1 21.4142 9.63579
    endloop
  endfacet
  facet normal 1 0 0
    outer loop
      vertex 79.1 20.7654 12.8978
      vertex 79.1 21.1111 9.38706
      vertex 79.1 21.1111 12.7129
    endloop
  endfacet
  facet normal 1 0 0
    outer loop
      vertex 79.1 20.7654 12.8978
      vertex 79.1 20.7654 9.20224
      vertex 79.1 21.1111 9.38706
    endloop
  endfacet
  facet normal 1 0 0
    outer loop
      vertex 79.1 20.3902 13.0116
      vertex 79.1 20.7654 9.20224
      vertex 79.1 20.7654 12.8978
    endloop
  endfacet
  facet normal 1 0 0
    outer loop
      vertex 79.1 20.3902 13.0116
      vertex 79.1 20.3902 9.08843
      vertex 79.1 20.7654 9.20224
    endloop
  endfacet
  facet normal 1 0 0
    outer loop
      vertex 79.1 20 13.05
      vertex 79.1 20.3902 9.08843
      vertex 79.1 20.3902 13.0116
    endloop
  endfacet
  facet normal 1 0 0
    outer loop
      vertex 79.1 20 13.05
      vertex 79.1 20 9.05
      vertex 79.1 20.3902 9.08843
    endloop
  endfacet
  facet normal 1 -0 0
    outer loop
      vertex 79.1 19.6098 13.0116
      vertex 79.1 20 9.05
      vertex 79.1 20 13.05
    endloop
  endfacet
  facet normal 1 0 0
    outer loop
      vertex 79.1 19.6098 13.0116
      vertex 79.1 19.6098 9.08843
      vertex 79.1 20 9.05
    endloop
  endfacet
  facet normal 1 -0 0
    outer loop
      vertex 79.1 19.2346 12.8978
      vertex 79.1 19.6098 9.08843
      vertex 79.1 19.6098 13.0116
    endloop
  endfacet
  facet normal 1 0 0
    outer loop
      vertex 79.1 19.2346 12.8978
      vertex 79.1 19.2346 9.20224
      vertex 79.1 19.6098 9.08843
    endloop
  endfacet
  facet normal 1 -0 0
    outer loop
      vertex 79.1 18.8889 12.7129
      vertex 79.1 19.2346 9.20224
      vertex 79.1 19.2346 12.8978
    endloop
  endfacet
  facet normal 1 0 0
    outer loop
      vertex 79.1 18.8889 12.7129
      vertex 79.1 18.8889 9.38706
      vertex 79.1 19.2346 9.20224
    endloop
  endfacet
  facet normal 1 -0 0
    outer loop
      vertex 79.1 18.5858 12.4642
      vertex 79.1 18.8889 9.38706
      vertex 79.1 18.8889 12.7129
    endloop
  endfacet
  facet normal 1 0 0
    outer loop
      vertex 79.1 18.5858 12.4642
      vertex 79.1 18.5858 9.63579
      vertex 79.1 18.8889 9.38706
    endloop
  endfacet
  facet normal 1 -0 0
    outer loop
      vertex 79.1 18.3371 12.1611
      vertex 79.1 18.5858 9.63579
      vertex 79.1 18.5858 12.4642
    endloop
  endfacet
  facet normal 1 0 0
    outer loop
      vertex 79.1 18.3371 12.1611
      vertex 79.1 18.3371 9.93886
      vertex 79.1 18.5858 9.63579
    endloop
  endfacet
  facet normal 1 -0 0
    outer loop
      vertex 79.1 18.1522 11.8154
      vertex 79.1 18.3371 9.93886
      vertex 79.1 18.3371 12.1611
    endloop
  endfacet
  facet normal 1 0 0
    outer loop
      vertex 79.1 18.1522 11.8154
      vertex 79.1 18.1522 10.2846
      vertex 79.1 18.3371 9.93886
    endloop
  endfacet
  facet normal 1 -0 0
    outer loop
      vertex 79.1 18.0384 11.4402
      vertex 79.1 18.1522 10.2846
      vertex 79.1 18.1522 11.8154
    endloop
  endfacet
  facet normal 1 0 0
    outer loop
      vertex 79.1 18.0384 11.4402
      vertex 79.1 18.0384 10.6598
      vertex 79.1 18.1522 10.2846
    endloop
  endfacet
  facet normal 1 0 -0
    outer loop
      vertex 79.1 18.0384 10.6598
      vertex 79.1 18.0384 11.4402
      vertex 79.1 18 11.05
    endloop
  endfacet
  facet normal 0 -0.881817 0.471591
    outer loop
      vertex 79.1 21.6629 9.93886
      vertex 86.1 21.8478 10.2846
      vertex 79.1 21.8478 10.2846
    endloop
  endfacet
  facet normal 0 -0.881817 0.471591
    outer loop
      vertex 86.1 21.8478 10.2846
      vertex 79.1 21.6629 9.93886
      vertex 86.1 21.6629 9.93886
    endloop
  endfacet
  facet normal 0 -0.097938 -0.995193
    outer loop
      vertex 79.1 20 13.05
      vertex 86.1 20.3902 13.0116
      vertex 86.1 20 13.05
    endloop
  endfacet
  facet normal -0 -0.097938 -0.995193
    outer loop
      vertex 86.1 20.3902 13.0116
      vertex 79.1 20 13.05
      vertex 79.1 20.3902 13.0116
    endloop
  endfacet
  facet normal -0 0.0980137 0.995185
    outer loop
      vertex 79.1 20 9.05
      vertex 86.1 19.6098 9.08843
      vertex 86.1 20 9.05
    endloop
  endfacet
  facet normal 0 0.0980137 0.995185
    outer loop
      vertex 86.1 19.6098 9.08843
      vertex 79.1 20 9.05
      vertex 79.1 19.6098 9.08843
    endloop
  endfacet
  facet normal 0 0.995193 -0.097938
    outer loop
      vertex 86.1 18 11.05
      vertex 79.1 18.0384 11.4402
      vertex 86.1 18.0384 11.4402
    endloop
  endfacet
  facet normal 0 0.995193 -0.097938
    outer loop
      vertex 79.1 18.0384 11.4402
      vertex 86.1 18 11.05
      vertex 79.1 18 11.05
    endloop
  endfacet
  facet normal 0 -0.881795 -0.471634
    outer loop
      vertex 79.1 21.8478 11.8154
      vertex 86.1 21.6629 12.1611
      vertex 79.1 21.6629 12.1611
    endloop
  endfacet
  facet normal 0 -0.881795 -0.471634
    outer loop
      vertex 86.1 21.6629 12.1611
      vertex 79.1 21.8478 11.8154
      vertex 86.1 21.8478 11.8154
    endloop
  endfacet
  facet normal 0 -0.290248 -0.956951
    outer loop
      vertex 79.1 20.3902 13.0116
      vertex 86.1 20.7654 12.8978
      vertex 86.1 20.3902 13.0116
    endloop
  endfacet
  facet normal -0 -0.290248 -0.956951
    outer loop
      vertex 86.1 20.7654 12.8978
      vertex 79.1 20.3902 13.0116
      vertex 79.1 20.7654 12.8978
    endloop
  endfacet
  facet normal 0 -0.471475 0.881879
    outer loop
      vertex 79.1 21.1111 9.38706
      vertex 86.1 20.7654 9.20224
      vertex 86.1 21.1111 9.38706
    endloop
  endfacet
  facet normal 0 -0.471475 0.881879
    outer loop
      vertex 86.1 20.7654 9.20224
      vertex 79.1 21.1111 9.38706
      vertex 79.1 20.7654 9.20224
    endloop
  endfacet
  facet normal 0 -0.634366 0.773033
    outer loop
      vertex 79.1 21.4142 9.63579
      vertex 86.1 21.1111 9.38706
      vertex 86.1 21.4142 9.63579
    endloop
  endfacet
  facet normal 0 -0.634366 0.773033
    outer loop
      vertex 86.1 21.1111 9.38706
      vertex 79.1 21.4142 9.63579
      vertex 79.1 21.1111 9.38706
    endloop
  endfacet
  facet normal 0 -0.773039 0.634358
    outer loop
      vertex 79.1 21.4142 9.63579
      vertex 86.1 21.6629 9.93886
      vertex 79.1 21.6629 9.93886
    endloop
  endfacet
  facet normal 0 -0.773039 0.634358
    outer loop
      vertex 86.1 21.6629 9.93886
      vertex 79.1 21.4142 9.63579
      vertex 86.1 21.4142 9.63579
    endloop
  endfacet
  facet normal 0 -0.956951 0.290248
    outer loop
      vertex 79.1 21.8478 10.2846
      vertex 86.1 21.9616 10.6598
      vertex 79.1 21.9616 10.6598
    endloop
  endfacet
  facet normal 0 -0.956951 0.290248
    outer loop
      vertex 86.1 21.9616 10.6598
      vertex 79.1 21.8478 10.2846
      vertex 86.1 21.8478 10.2846
    endloop
  endfacet
  facet normal 0 -0.995193 -0.097938
    outer loop
      vertex 79.1 22 11.05
      vertex 86.1 21.9616 11.4402
      vertex 79.1 21.9616 11.4402
    endloop
  endfacet
  facet normal 0 -0.995193 -0.097938
    outer loop
      vertex 86.1 21.9616 11.4402
      vertex 79.1 22 11.05
      vertex 86.1 22 11.05
    endloop
  endfacet
  facet normal 0 0.097938 -0.995193
    outer loop
      vertex 79.1 19.6098 13.0116
      vertex 86.1 20 13.05
      vertex 86.1 19.6098 13.0116
    endloop
  endfacet
  facet normal 0 0.097938 -0.995193
    outer loop
      vertex 86.1 20 13.05
      vertex 79.1 19.6098 13.0116
      vertex 79.1 20 13.05
    endloop
  endfacet
  facet normal 0 -0.471634 -0.881795
    outer loop
      vertex 79.1 20.7654 12.8978
      vertex 86.1 21.1111 12.7129
      vertex 86.1 20.7654 12.8978
    endloop
  endfacet
  facet normal -0 -0.471634 -0.881795
    outer loop
      vertex 86.1 21.1111 12.7129
      vertex 79.1 20.7654 12.8978
      vertex 79.1 21.1111 12.7129
    endloop
  endfacet
  facet normal 0 -0.77307 -0.634321
    outer loop
      vertex 79.1 21.6629 12.1611
      vertex 86.1 21.4142 12.4642
      vertex 79.1 21.4142 12.4642
    endloop
  endfacet
  facet normal 0 -0.77307 -0.634321
    outer loop
      vertex 86.1 21.4142 12.4642
      vertex 79.1 21.6629 12.1611
      vertex 86.1 21.6629 12.1611
    endloop
  endfacet
  facet normal 0 -0.956951 -0.290248
    outer loop
      vertex 79.1 21.9616 11.4402
      vertex 86.1 21.8478 11.8154
      vertex 79.1 21.8478 11.8154
    endloop
  endfacet
  facet normal 0 -0.956951 -0.290248
    outer loop
      vertex 86.1 21.8478 11.8154
      vertex 79.1 21.9616 11.4402
      vertex 86.1 21.9616 11.4402
    endloop
  endfacet
  facet normal 0 -0.634321 -0.77307
    outer loop
      vertex 79.1 21.1111 12.7129
      vertex 86.1 21.4142 12.4642
      vertex 86.1 21.1111 12.7129
    endloop
  endfacet
  facet normal -0 -0.634321 -0.77307
    outer loop
      vertex 86.1 21.4142 12.4642
      vertex 79.1 21.1111 12.7129
      vertex 79.1 21.4142 12.4642
    endloop
  endfacet
  facet normal 0 -0.0980137 0.995185
    outer loop
      vertex 79.1 20.3902 9.08843
      vertex 86.1 20 9.05
      vertex 86.1 20.3902 9.08843
    endloop
  endfacet
  facet normal 0 -0.0980137 0.995185
    outer loop
      vertex 86.1 20 9.05
      vertex 79.1 20.3902 9.08843
      vertex 79.1 20 9.05
    endloop
  endfacet
  facet normal 0 0.956951 0.290248
    outer loop
      vertex 86.1 18.1522 10.2846
      vertex 79.1 18.0384 10.6598
      vertex 86.1 18.0384 10.6598
    endloop
  endfacet
  facet normal 0 0.956951 0.290248
    outer loop
      vertex 79.1 18.0384 10.6598
      vertex 86.1 18.1522 10.2846
      vertex 79.1 18.1522 10.2846
    endloop
  endfacet
  facet normal 0 0.881817 0.471591
    outer loop
      vertex 86.1 18.3371 9.93886
      vertex 79.1 18.1522 10.2846
      vertex 86.1 18.1522 10.2846
    endloop
  endfacet
  facet normal 0 0.881817 0.471591
    outer loop
      vertex 79.1 18.1522 10.2846
      vertex 86.1 18.3371 9.93886
      vertex 79.1 18.3371 9.93886
    endloop
  endfacet
  facet normal 0 0.773039 0.634358
    outer loop
      vertex 86.1 18.5858 9.63579
      vertex 79.1 18.3371 9.93886
      vertex 86.1 18.3371 9.93886
    endloop
  endfacet
  facet normal 0 0.773039 0.634358
    outer loop
      vertex 79.1 18.3371 9.93886
      vertex 86.1 18.5858 9.63579
      vertex 79.1 18.5858 9.63579
    endloop
  endfacet
  facet normal -0 0.471475 0.881879
    outer loop
      vertex 79.1 19.2346 9.20224
      vertex 86.1 18.8889 9.38706
      vertex 86.1 19.2346 9.20224
    endloop
  endfacet
  facet normal 0 0.471475 0.881879
    outer loop
      vertex 86.1 18.8889 9.38706
      vertex 79.1 19.2346 9.20224
      vertex 79.1 18.8889 9.38706
    endloop
  endfacet
  facet normal 0 0.995193 0.097938
    outer loop
      vertex 86.1 18.0384 10.6598
      vertex 79.1 18 11.05
      vertex 86.1 18 11.05
    endloop
  endfacet
  facet normal 0 0.995193 0.097938
    outer loop
      vertex 79.1 18 11.05
      vertex 86.1 18.0384 10.6598
      vertex 79.1 18.0384 10.6598
    endloop
  endfacet
  facet normal 0 0.881795 -0.471634
    outer loop
      vertex 86.1 18.1522 11.8154
      vertex 79.1 18.3371 12.1611
      vertex 86.1 18.3371 12.1611
    endloop
  endfacet
  facet normal 0 0.881795 -0.471634
    outer loop
      vertex 79.1 18.3371 12.1611
      vertex 86.1 18.1522 11.8154
      vertex 79.1 18.1522 11.8154
    endloop
  endfacet
  facet normal 0 0.634321 -0.77307
    outer loop
      vertex 79.1 18.5858 12.4642
      vertex 86.1 18.8889 12.7129
      vertex 86.1 18.5858 12.4642
    endloop
  endfacet
  facet normal 0 0.634321 -0.77307
    outer loop
      vertex 86.1 18.8889 12.7129
      vertex 79.1 18.5858 12.4642
      vertex 79.1 18.8889 12.7129
    endloop
  endfacet
  facet normal 0 0.290248 -0.956951
    outer loop
      vertex 79.1 19.2346 12.8978
      vertex 86.1 19.6098 13.0116
      vertex 86.1 19.2346 12.8978
    endloop
  endfacet
  facet normal 0 0.290248 -0.956951
    outer loop
      vertex 86.1 19.6098 13.0116
      vertex 79.1 19.2346 12.8978
      vertex 79.1 19.6098 13.0116
    endloop
  endfacet
  facet normal 0 -0.290271 0.956944
    outer loop
      vertex 79.1 20.7654 9.20224
      vertex 86.1 20.3902 9.08843
      vertex 86.1 20.7654 9.20224
    endloop
  endfacet
  facet normal 0 -0.290271 0.956944
    outer loop
      vertex 86.1 20.3902 9.08843
      vertex 79.1 20.7654 9.20224
      vertex 79.1 20.3902 9.08843
    endloop
  endfacet
  facet normal 0 -0.995193 0.097938
    outer loop
      vertex 79.1 21.9616 10.6598
      vertex 86.1 22 11.05
      vertex 79.1 22 11.05
    endloop
  endfacet
  facet normal 0 -0.995193 0.097938
    outer loop
      vertex 86.1 22 11.05
      vertex 79.1 21.9616 10.6598
      vertex 86.1 21.9616 10.6598
    endloop
  endfacet
  facet normal -0 0.634366 0.773033
    outer loop
      vertex 79.1 18.8889 9.38706
      vertex 86.1 18.5858 9.63579
      vertex 86.1 18.8889 9.38706
    endloop
  endfacet
  facet normal 0 0.634366 0.773033
    outer loop
      vertex 86.1 18.5858 9.63579
      vertex 79.1 18.8889 9.38706
      vertex 79.1 18.5858 9.63579
    endloop
  endfacet
  facet normal -0 0.290271 0.956944
    outer loop
      vertex 79.1 19.6098 9.08843
      vertex 86.1 19.2346 9.20224
      vertex 86.1 19.6098 9.08843
    endloop
  endfacet
  facet normal 0 0.290271 0.956944
    outer loop
      vertex 86.1 19.2346 9.20224
      vertex 79.1 19.6098 9.08843
      vertex 79.1 19.2346 9.20224
    endloop
  endfacet
  facet normal 0 0.956951 -0.290248
    outer loop
      vertex 86.1 18.0384 11.4402
      vertex 79.1 18.1522 11.8154
      vertex 86.1 18.1522 11.8154
    endloop
  endfacet
  facet normal 0 0.956951 -0.290248
    outer loop
      vertex 79.1 18.1522 11.8154
      vertex 86.1 18.0384 11.4402
      vertex 79.1 18.0384 11.4402
    endloop
  endfacet
  facet normal 0 0.471634 -0.881795
    outer loop
      vertex 79.1 18.8889 12.7129
      vertex 86.1 19.2346 12.8978
      vertex 86.1 18.8889 12.7129
    endloop
  endfacet
  facet normal 0 0.471634 -0.881795
    outer loop
      vertex 86.1 19.2346 12.8978
      vertex 79.1 18.8889 12.7129
      vertex 79.1 19.2346 12.8978
    endloop
  endfacet
  facet normal 0 0.77307 -0.634321
    outer loop
      vertex 86.1 18.3371 12.1611
      vertex 79.1 18.5858 12.4642
      vertex 86.1 18.5858 12.4642
    endloop
  endfacet
  facet normal 0 0.77307 -0.634321
    outer loop
      vertex 79.1 18.5858 12.4642
      vertex 86.1 18.3371 12.1611
      vertex 79.1 18.3371 12.1611
    endloop
  endfacet
  facet normal 1 0 0
    outer loop
      vertex 79.1 79.9616 11.4402
      vertex 79.1 79.9616 10.6598
      vertex 79.1 80 11.05
    endloop
  endfacet
  facet normal 1 0 0
    outer loop
      vertex 79.1 79.8478 11.8154
      vertex 79.1 79.9616 10.6598
      vertex 79.1 79.9616 11.4402
    endloop
  endfacet
  facet normal 1 0 0
    outer loop
      vertex 79.1 79.8478 11.8154
      vertex 79.1 79.8478 10.2846
      vertex 79.1 79.9616 10.6598
    endloop
  endfacet
  facet normal 1 0 0
    outer loop
      vertex 79.1 79.6629 12.1611
      vertex 79.1 79.8478 10.2846
      vertex 79.1 79.8478 11.8154
    endloop
  endfacet
  facet normal 1 0 0
    outer loop
      vertex 79.1 79.6629 12.1611
      vertex 79.1 79.6629 9.93886
      vertex 79.1 79.8478 10.2846
    endloop
  endfacet
  facet normal 1 0 0
    outer loop
      vertex 79.1 79.4142 12.4642
      vertex 79.1 79.6629 9.93886
      vertex 79.1 79.6629 12.1611
    endloop
  endfacet
  facet normal 1 0 0
    outer loop
      vertex 79.1 79.4142 12.4642
      vertex 79.1 79.4142 9.63579
      vertex 79.1 79.6629 9.93886
    endloop
  endfacet
  facet normal 1 0 0
    outer loop
      vertex 79.1 79.1111 12.7129
      vertex 79.1 79.4142 9.63579
      vertex 79.1 79.4142 12.4642
    endloop
  endfacet
  facet normal 1 0 0
    outer loop
      vertex 79.1 79.1111 12.7129
      vertex 79.1 79.1111 9.38706
      vertex 79.1 79.4142 9.63579
    endloop
  endfacet
  facet normal 1 0 0
    outer loop
      vertex 79.1 78.7654 12.8978
      vertex 79.1 79.1111 9.38706
      vertex 79.1 79.1111 12.7129
    endloop
  endfacet
  facet normal 1 0 0
    outer loop
      vertex 79.1 78.7654 12.8978
      vertex 79.1 78.7654 9.20224
      vertex 79.1 79.1111 9.38706
    endloop
  endfacet
  facet normal 1 0 0
    outer loop
      vertex 79.1 78.3902 13.0116
      vertex 79.1 78.7654 9.20224
      vertex 79.1 78.7654 12.8978
    endloop
  endfacet
  facet normal 1 0 0
    outer loop
      vertex 79.1 78.3902 13.0116
      vertex 79.1 78.3902 9.08843
      vertex 79.1 78.7654 9.20224
    endloop
  endfacet
  facet normal 1 0 0
    outer loop
      vertex 79.1 78 13.05
      vertex 79.1 78.3902 9.08843
      vertex 79.1 78.3902 13.0116
    endloop
  endfacet
  facet normal 1 0 0
    outer loop
      vertex 79.1 78 13.05
      vertex 79.1 78 9.05
      vertex 79.1 78.3902 9.08843
    endloop
  endfacet
  facet normal 1 -0 0
    outer loop
      vertex 79.1 77.6098 13.0116
      vertex 79.1 78 9.05
      vertex 79.1 78 13.05
    endloop
  endfacet
  facet normal 1 0 0
    outer loop
      vertex 79.1 77.6098 13.0116
      vertex 79.1 77.6098 9.08843
      vertex 79.1 78 9.05
    endloop
  endfacet
  facet normal 1 -0 0
    outer loop
      vertex 79.1 77.2346 12.8978
      vertex 79.1 77.6098 9.08843
      vertex 79.1 77.6098 13.0116
    endloop
  endfacet
  facet normal 1 0 0
    outer loop
      vertex 79.1 77.2346 12.8978
      vertex 79.1 77.2346 9.20224
      vertex 79.1 77.6098 9.08843
    endloop
  endfacet
  facet normal 1 -0 0
    outer loop
      vertex 79.1 76.8889 12.7129
      vertex 79.1 77.2346 9.20224
      vertex 79.1 77.2346 12.8978
    endloop
  endfacet
  facet normal 1 0 0
    outer loop
      vertex 79.1 76.8889 12.7129
      vertex 79.1 76.8889 9.38706
      vertex 79.1 77.2346 9.20224
    endloop
  endfacet
  facet normal 1 -0 0
    outer loop
      vertex 79.1 76.5858 12.4642
      vertex 79.1 76.8889 9.38706
      vertex 79.1 76.8889 12.7129
    endloop
  endfacet
  facet normal 1 0 0
    outer loop
      vertex 79.1 76.5858 12.4642
      vertex 79.1 76.5858 9.63579
      vertex 79.1 76.8889 9.38706
    endloop
  endfacet
  facet normal 1 -0 0
    outer loop
      vertex 79.1 76.3371 12.1611
      vertex 79.1 76.5858 9.63579
      vertex 79.1 76.5858 12.4642
    endloop
  endfacet
  facet normal 1 0 0
    outer loop
      vertex 79.1 76.3371 12.1611
      vertex 79.1 76.3371 9.93886
      vertex 79.1 76.5858 9.63579
    endloop
  endfacet
  facet normal 1 -0 0
    outer loop
      vertex 79.1 76.1522 11.8154
      vertex 79.1 76.3371 9.93886
      vertex 79.1 76.3371 12.1611
    endloop
  endfacet
  facet normal 1 0 0
    outer loop
      vertex 79.1 76.1522 11.8154
      vertex 79.1 76.1522 10.2846
      vertex 79.1 76.3371 9.93886
    endloop
  endfacet
  facet normal 1 -0 0
    outer loop
      vertex 79.1 76.0384 11.4402
      vertex 79.1 76.1522 10.2846
      vertex 79.1 76.1522 11.8154
    endloop
  endfacet
  facet normal 1 0 0
    outer loop
      vertex 79.1 76.0384 11.4402
      vertex 79.1 76.0384 10.6598
      vertex 79.1 76.1522 10.2846
    endloop
  endfacet
  facet normal 1 0 -0
    outer loop
      vertex 79.1 76.0384 10.6598
      vertex 79.1 76.0384 11.4402
      vertex 79.1 76 11.05
    endloop
  endfacet
  facet normal 0 -0.881817 0.471591
    outer loop
      vertex 79.1 79.6629 9.93886
      vertex 86.1 79.8478 10.2846
      vertex 79.1 79.8478 10.2846
    endloop
  endfacet
  facet normal 0 -0.881817 0.471591
    outer loop
      vertex 86.1 79.8478 10.2846
      vertex 79.1 79.6629 9.93886
      vertex 86.1 79.6629 9.93886
    endloop
  endfacet
  facet normal -0 0.0980137 0.995185
    outer loop
      vertex 79.1 78 9.05
      vertex 86.1 77.6098 9.08843
      vertex 86.1 78 9.05
    endloop
  endfacet
  facet normal 0 0.0980137 0.995185
    outer loop
      vertex 86.1 77.6098 9.08843
      vertex 79.1 78 9.05
      vertex 79.1 77.6098 9.08843
    endloop
  endfacet
  facet normal 0 0.995193 -0.097938
    outer loop
      vertex 86.1 76 11.05
      vertex 79.1 76.0384 11.4402
      vertex 86.1 76.0384 11.4402
    endloop
  endfacet
  facet normal 0 0.995193 -0.097938
    outer loop
      vertex 79.1 76.0384 11.4402
      vertex 86.1 76 11.05
      vertex 79.1 76 11.05
    endloop
  endfacet
  facet normal 0 -0.881795 -0.471634
    outer loop
      vertex 79.1 79.8478 11.8154
      vertex 86.1 79.6629 12.1611
      vertex 79.1 79.6629 12.1611
    endloop
  endfacet
  facet normal 0 -0.881795 -0.471634
    outer loop
      vertex 86.1 79.6629 12.1611
      vertex 79.1 79.8478 11.8154
      vertex 86.1 79.8478 11.8154
    endloop
  endfacet
  facet normal 0 -0.290248 -0.956951
    outer loop
      vertex 79.1 78.3902 13.0116
      vertex 86.1 78.7654 12.8978
      vertex 86.1 78.3902 13.0116
    endloop
  endfacet
  facet normal -0 -0.290248 -0.956951
    outer loop
      vertex 86.1 78.7654 12.8978
      vertex 79.1 78.3902 13.0116
      vertex 79.1 78.7654 12.8978
    endloop
  endfacet
  facet normal 0 -0.290271 0.956944
    outer loop
      vertex 79.1 78.7654 9.20224
      vertex 86.1 78.3902 9.08843
      vertex 86.1 78.7654 9.20224
    endloop
  endfacet
  facet normal 0 -0.290271 0.956944
    outer loop
      vertex 86.1 78.3902 9.08843
      vertex 79.1 78.7654 9.20224
      vertex 79.1 78.3902 9.08843
    endloop
  endfacet
  facet normal 0 -0.471475 0.881879
    outer loop
      vertex 79.1 79.1111 9.38706
      vertex 86.1 78.7654 9.20224
      vertex 86.1 79.1111 9.38706
    endloop
  endfacet
  facet normal 0 -0.471475 0.881879
    outer loop
      vertex 86.1 78.7654 9.20224
      vertex 79.1 79.1111 9.38706
      vertex 79.1 78.7654 9.20224
    endloop
  endfacet
  facet normal 0 -0.634366 0.773033
    outer loop
      vertex 79.1 79.4142 9.63579
      vertex 86.1 79.1111 9.38706
      vertex 86.1 79.4142 9.63579
    endloop
  endfacet
  facet normal 0 -0.634366 0.773033
    outer loop
      vertex 86.1 79.1111 9.38706
      vertex 79.1 79.4142 9.63579
      vertex 79.1 79.1111 9.38706
    endloop
  endfacet
  facet normal 0 -0.773039 0.634358
    outer loop
      vertex 79.1 79.4142 9.63579
      vertex 86.1 79.6629 9.93886
      vertex 79.1 79.6629 9.93886
    endloop
  endfacet
  facet normal 0 -0.773039 0.634358
    outer loop
      vertex 86.1 79.6629 9.93886
      vertex 79.1 79.4142 9.63579
      vertex 86.1 79.4142 9.63579
    endloop
  endfacet
  facet normal 0 -0.956951 0.290248
    outer loop
      vertex 79.1 79.8478 10.2846
      vertex 86.1 79.9616 10.6598
      vertex 79.1 79.9616 10.6598
    endloop
  endfacet
  facet normal 0 -0.956951 0.290248
    outer loop
      vertex 86.1 79.9616 10.6598
      vertex 79.1 79.8478 10.2846
      vertex 86.1 79.8478 10.2846
    endloop
  endfacet
  facet normal 0 -0.995193 -0.097938
    outer loop
      vertex 79.1 80 11.05
      vertex 86.1 79.9616 11.4402
      vertex 79.1 79.9616 11.4402
    endloop
  endfacet
  facet normal 0 -0.995193 -0.097938
    outer loop
      vertex 86.1 79.9616 11.4402
      vertex 79.1 80 11.05
      vertex 86.1 80 11.05
    endloop
  endfacet
  facet normal 0 0.097938 -0.995193
    outer loop
      vertex 79.1 77.6098 13.0116
      vertex 86.1 78 13.05
      vertex 86.1 77.6098 13.0116
    endloop
  endfacet
  facet normal 0 0.097938 -0.995193
    outer loop
      vertex 86.1 78 13.05
      vertex 79.1 77.6098 13.0116
      vertex 79.1 78 13.05
    endloop
  endfacet
  facet normal 0 -0.471634 -0.881795
    outer loop
      vertex 79.1 78.7654 12.8978
      vertex 86.1 79.1111 12.7129
      vertex 86.1 78.7654 12.8978
    endloop
  endfacet
  facet normal -0 -0.471634 -0.881795
    outer loop
      vertex 86.1 79.1111 12.7129
      vertex 79.1 78.7654 12.8978
      vertex 79.1 79.1111 12.7129
    endloop
  endfacet
  facet normal 0 -0.77307 -0.634321
    outer loop
      vertex 79.1 79.6629 12.1611
      vertex 86.1 79.4142 12.4642
      vertex 79.1 79.4142 12.4642
    endloop
  endfacet
  facet normal 0 -0.77307 -0.634321
    outer loop
      vertex 86.1 79.4142 12.4642
      vertex 79.1 79.6629 12.1611
      vertex 86.1 79.6629 12.1611
    endloop
  endfacet
  facet normal 0 -0.956951 -0.290248
    outer loop
      vertex 79.1 79.9616 11.4402
      vertex 86.1 79.8478 11.8154
      vertex 79.1 79.8478 11.8154
    endloop
  endfacet
  facet normal 0 -0.956951 -0.290248
    outer loop
      vertex 86.1 79.8478 11.8154
      vertex 79.1 79.9616 11.4402
      vertex 86.1 79.9616 11.4402
    endloop
  endfacet
  facet normal 0 -0.634321 -0.77307
    outer loop
      vertex 79.1 79.1111 12.7129
      vertex 86.1 79.4142 12.4642
      vertex 86.1 79.1111 12.7129
    endloop
  endfacet
  facet normal -0 -0.634321 -0.77307
    outer loop
      vertex 86.1 79.4142 12.4642
      vertex 79.1 79.1111 12.7129
      vertex 79.1 79.4142 12.4642
    endloop
  endfacet
  facet normal 0 -0.0980137 0.995185
    outer loop
      vertex 79.1 78.3902 9.08843
      vertex 86.1 78 9.05
      vertex 86.1 78.3902 9.08843
    endloop
  endfacet
  facet normal 0 -0.0980137 0.995185
    outer loop
      vertex 86.1 78 9.05
      vertex 79.1 78.3902 9.08843
      vertex 79.1 78 9.05
    endloop
  endfacet
  facet normal 0 0.956951 0.290248
    outer loop
      vertex 86.1 76.1522 10.2846
      vertex 79.1 76.0384 10.6598
      vertex 86.1 76.0384 10.6598
    endloop
  endfacet
  facet normal 0 0.956951 0.290248
    outer loop
      vertex 79.1 76.0384 10.6598
      vertex 86.1 76.1522 10.2846
      vertex 79.1 76.1522 10.2846
    endloop
  endfacet
  facet normal 0 0.881817 0.471591
    outer loop
      vertex 86.1 76.3371 9.93886
      vertex 79.1 76.1522 10.2846
      vertex 86.1 76.1522 10.2846
    endloop
  endfacet
  facet normal 0 0.881817 0.471591
    outer loop
      vertex 79.1 76.1522 10.2846
      vertex 86.1 76.3371 9.93886
      vertex 79.1 76.3371 9.93886
    endloop
  endfacet
  facet normal 0 0.773039 0.634358
    outer loop
      vertex 86.1 76.5858 9.63579
      vertex 79.1 76.3371 9.93886
      vertex 86.1 76.3371 9.93886
    endloop
  endfacet
  facet normal 0 0.773039 0.634358
    outer loop
      vertex 79.1 76.3371 9.93886
      vertex 86.1 76.5858 9.63579
      vertex 79.1 76.5858 9.63579
    endloop
  endfacet
  facet normal -0 0.471475 0.881879
    outer loop
      vertex 79.1 77.2346 9.20224
      vertex 86.1 76.8889 9.38706
      vertex 86.1 77.2346 9.20224
    endloop
  endfacet
  facet normal 0 0.471475 0.881879
    outer loop
      vertex 86.1 76.8889 9.38706
      vertex 79.1 77.2346 9.20224
      vertex 79.1 76.8889 9.38706
    endloop
  endfacet
  facet normal 0 0.995193 0.097938
    outer loop
      vertex 86.1 76.0384 10.6598
      vertex 79.1 76 11.05
      vertex 86.1 76 11.05
    endloop
  endfacet
  facet normal 0 0.995193 0.097938
    outer loop
      vertex 79.1 76 11.05
      vertex 86.1 76.0384 10.6598
      vertex 79.1 76.0384 10.6598
    endloop
  endfacet
  facet normal 0 0.881795 -0.471634
    outer loop
      vertex 86.1 76.1522 11.8154
      vertex 79.1 76.3371 12.1611
      vertex 86.1 76.3371 12.1611
    endloop
  endfacet
  facet normal 0 0.881795 -0.471634
    outer loop
      vertex 79.1 76.3371 12.1611
      vertex 86.1 76.1522 11.8154
      vertex 79.1 76.1522 11.8154
    endloop
  endfacet
  facet normal 0 0.634321 -0.77307
    outer loop
      vertex 79.1 76.5858 12.4642
      vertex 86.1 76.8889 12.7129
      vertex 86.1 76.5858 12.4642
    endloop
  endfacet
  facet normal 0 0.634321 -0.77307
    outer loop
      vertex 86.1 76.8889 12.7129
      vertex 79.1 76.5858 12.4642
      vertex 79.1 76.8889 12.7129
    endloop
  endfacet
  facet normal 0 0.290248 -0.956951
    outer loop
      vertex 79.1 77.2346 12.8978
      vertex 86.1 77.6098 13.0116
      vertex 86.1 77.2346 12.8978
    endloop
  endfacet
  facet normal 0 0.290248 -0.956951
    outer loop
      vertex 86.1 77.6098 13.0116
      vertex 79.1 77.2346 12.8978
      vertex 79.1 77.6098 13.0116
    endloop
  endfacet
  facet normal 0 -0.995193 0.097938
    outer loop
      vertex 79.1 79.9616 10.6598
      vertex 86.1 80 11.05
      vertex 79.1 80 11.05
    endloop
  endfacet
  facet normal 0 -0.995193 0.097938
    outer loop
      vertex 86.1 80 11.05
      vertex 79.1 79.9616 10.6598
      vertex 86.1 79.9616 10.6598
    endloop
  endfacet
  facet normal 0 -0.097938 -0.995193
    outer loop
      vertex 79.1 78 13.05
      vertex 86.1 78.3902 13.0116
      vertex 86.1 78 13.05
    endloop
  endfacet
  facet normal -0 -0.097938 -0.995193
    outer loop
      vertex 86.1 78.3902 13.0116
      vertex 79.1 78 13.05
      vertex 79.1 78.3902 13.0116
    endloop
  endfacet
  facet normal -0 0.634366 0.773033
    outer loop
      vertex 79.1 76.8889 9.38706
      vertex 86.1 76.5858 9.63579
      vertex 86.1 76.8889 9.38706
    endloop
  endfacet
  facet normal 0 0.634366 0.773033
    outer loop
      vertex 86.1 76.5858 9.63579
      vertex 79.1 76.8889 9.38706
      vertex 79.1 76.5858 9.63579
    endloop
  endfacet
  facet normal -0 0.290271 0.956944
    outer loop
      vertex 79.1 77.6098 9.08843
      vertex 86.1 77.2346 9.20224
      vertex 86.1 77.6098 9.08843
    endloop
  endfacet
  facet normal 0 0.290271 0.956944
    outer loop
      vertex 86.1 77.2346 9.20224
      vertex 79.1 77.6098 9.08843
      vertex 79.1 77.2346 9.20224
    endloop
  endfacet
  facet normal 0 0.956951 -0.290248
    outer loop
      vertex 86.1 76.0384 11.4402
      vertex 79.1 76.1522 11.8154
      vertex 86.1 76.1522 11.8154
    endloop
  endfacet
  facet normal 0 0.956951 -0.290248
    outer loop
      vertex 79.1 76.1522 11.8154
      vertex 86.1 76.0384 11.4402
      vertex 79.1 76.0384 11.4402
    endloop
  endfacet
  facet normal 0 0.471634 -0.881795
    outer loop
      vertex 79.1 76.8889 12.7129
      vertex 86.1 77.2346 12.8978
      vertex 86.1 76.8889 12.7129
    endloop
  endfacet
  facet normal 0 0.471634 -0.881795
    outer loop
      vertex 86.1 77.2346 12.8978
      vertex 79.1 76.8889 12.7129
      vertex 79.1 77.2346 12.8978
    endloop
  endfacet
  facet normal 0 0.77307 -0.634321
    outer loop
      vertex 86.1 76.3371 12.1611
      vertex 79.1 76.5858 12.4642
      vertex 86.1 76.5858 12.4642
    endloop
  endfacet
  facet normal 0 0.77307 -0.634321
    outer loop
      vertex 79.1 76.5858 12.4642
      vertex 86.1 76.3371 12.1611
      vertex 79.1 76.3371 12.1611
    endloop
  endfacet
  facet normal -1 0 0
    outer loop
      vertex 70 20 0.05
      vertex 70 80 5.05
      vertex 70 80 0.05
    endloop
  endfacet
  facet normal -1 -0 0
    outer loop
      vertex 70 80 5.05
      vertex 70 20 0.05
      vertex 70 20 5.05
    endloop
  endfacet
  facet normal 1 -0 0
    outer loop
      vertex 14 20 5.05
      vertex 14 80 0.05
      vertex 14 80 5.05
    endloop
  endfacet
  facet normal 1 0 0
    outer loop
      vertex 14 80 0.05
      vertex 14 20 5.05
      vertex 14 20 0.05
    endloop
  endfacet
  facet normal 0 1 -0
    outer loop
      vertex 70 20 0.05
      vertex 14 20 5.05
      vertex 70 20 5.05
    endloop
  endfacet
  facet normal 0 1 0
    outer loop
      vertex 14 20 5.05
      vertex 70 20 0.05
      vertex 14 20 0.05
    endloop
  endfacet
  facet normal 0 -1 0
    outer loop
      vertex 14 80 0.05
      vertex 70 80 5.05
      vertex 14 80 5.05
    endloop
  endfacet
  facet normal 0 -1 -0
    outer loop
      vertex 70 80 5.05
      vertex 14 80 0.05
      vertex 70 80 0.05
    endloop
  endfacet
  facet normal 0 0 1
    outer loop
      vertex 86.1 203 5.05
      vertex 78.1 200 5.05
      vertex 86.1 200 5.05
    endloop
  endfacet
  facet normal 0 0 1
    outer loop
      vertex 78.1 200 5.05
      vertex 45 176 5.05
      vertex 78.1 176 5.05
    endloop
  endfacet
  facet normal 0 0 1
    outer loop
      vertex 11.5 114 5.05
      vertex 45 176 5.05
      vertex 11.5 203 5.05
    endloop
  endfacet
  facet normal 0 0 1
    outer loop
      vertex 78.1 200 5.05
      vertex 11.5 203 5.05
      vertex 45 176 5.05
    endloop
  endfacet
  facet normal -0 0 1
    outer loop
      vertex 11.5 203 5.05
      vertex 78.1 200 5.05
      vertex 86.1 203 5.05
    endloop
  endfacet
  facet normal 0 0 1
    outer loop
      vertex 78.1 140 5.05
      vertex 45 140 5.05
      vertex 78.1 118 5.05
    endloop
  endfacet
  facet normal -0 0 1
    outer loop
      vertex 78.1 118 5.05
      vertex 86.1 114 5.05
      vertex 86.1 118 5.05
    endloop
  endfacet
  facet normal 0 0 1
    outer loop
      vertex 78.1 118 5.05
      vertex 11.5 114 5.05
      vertex 86.1 114 5.05
    endloop
  endfacet
  facet normal 0 0 1
    outer loop
      vertex 45 140 5.05
      vertex 11.5 114 5.05
      vertex 78.1 118 5.05
    endloop
  endfacet
  facet normal 0 0 1
    outer loop
      vertex 45 176 5.05
      vertex 11.5 114 5.05
      vertex 45 140 5.05
    endloop
  endfacet
  facet normal 1 0 0
    outer loop
      vertex 86.1 200 17.05
      vertex 86.1 190 11.05
      vertex 86.1 200 5.05
    endloop
  endfacet
  facet normal 1 0 0
    outer loop
      vertex 86.1 200 17.05
      vertex 86.1 189.962 11.4402
      vertex 86.1 190 11.05
    endloop
  endfacet
  facet normal 1 0 0
    outer loop
      vertex 86.1 200 17.05
      vertex 86.1 189.848 11.8154
      vertex 86.1 189.962 11.4402
    endloop
  endfacet
  facet normal 1 0 0
    outer loop
      vertex 86.1 200 17.05
      vertex 86.1 189.663 12.1611
      vertex 86.1 189.848 11.8154
    endloop
  endfacet
  facet normal 1 0 0
    outer loop
      vertex 86.1 200 17.05
      vertex 86.1 189.414 12.4642
      vertex 86.1 189.663 12.1611
    endloop
  endfacet
  facet normal 1 0 0
    outer loop
      vertex 86.1 200 17.05
      vertex 86.1 189.111 12.7129
      vertex 86.1 189.414 12.4642
    endloop
  endfacet
  facet normal 1 0 0
    outer loop
      vertex 86.1 200 17.05
      vertex 86.1 188.765 12.8978
      vertex 86.1 189.111 12.7129
    endloop
  endfacet
  facet normal 1 0 0
    outer loop
      vertex 86.1 200 17.05
      vertex 86.1 188.39 13.0116
      vertex 86.1 188.765 12.8978
    endloop
  endfacet
  facet normal 1 0 0
    outer loop
      vertex 86.1 200 17.05
      vertex 86.1 188 13.05
      vertex 86.1 188.39 13.0116
    endloop
  endfacet
  facet normal 1 0 0
    outer loop
      vertex 86.1 200 17.05
      vertex 86.1 187.61 13.0116
      vertex 86.1 188 13.05
    endloop
  endfacet
  facet normal 1 0 0
    outer loop
      vertex 86.1 130.39 13.0116
      vertex 86.1 187.61 13.0116
      vertex 86.1 200 17.05
    endloop
  endfacet
  facet normal 1 0 0
    outer loop
      vertex 86.1 186.038 11.4402
      vertex 86.1 176 6.05
      vertex 86.1 186 11.05
    endloop
  endfacet
  facet normal 1 0 0
    outer loop
      vertex 86.1 186.152 11.8154
      vertex 86.1 176 6.05
      vertex 86.1 186.038 11.4402
    endloop
  endfacet
  facet normal 1 0 0
    outer loop
      vertex 86.1 186.337 12.1611
      vertex 86.1 176 6.05
      vertex 86.1 186.152 11.8154
    endloop
  endfacet
  facet normal 1 0 0
    outer loop
      vertex 86.1 186.586 12.4642
      vertex 86.1 176 6.05
      vertex 86.1 186.337 12.1611
    endloop
  endfacet
  facet normal 1 0 0
    outer loop
      vertex 86.1 186.889 12.7129
      vertex 86.1 176 6.05
      vertex 86.1 186.586 12.4642
    endloop
  endfacet
  facet normal 1 -0 0
    outer loop
      vertex 86.1 131.414 12.4642
      vertex 86.1 176 6.05
      vertex 86.1 186.889 12.7129
    endloop
  endfacet
  facet normal 1 0 0
    outer loop
      vertex 86.1 131.111 12.7129
      vertex 86.1 186.889 12.7129
      vertex 86.1 187.235 12.8978
    endloop
  endfacet
  facet normal 1 0 0
    outer loop
      vertex 86.1 187.61 13.0116
      vertex 86.1 130.39 13.0116
      vertex 86.1 187.235 12.8978
    endloop
  endfacet
  facet normal 1 -0 0
    outer loop
      vertex 86.1 131.962 10.6598
      vertex 86.1 140 6.05
      vertex 86.1 132 11.05
    endloop
  endfacet
  facet normal 1 0 0
    outer loop
      vertex 86.1 176 6.05
      vertex 86.1 131.414 12.4642
      vertex 86.1 140 6.05
    endloop
  endfacet
  facet normal 1 0 0
    outer loop
      vertex 86.1 140 6.05
      vertex 86.1 131.962 11.4402
      vertex 86.1 132 11.05
    endloop
  endfacet
  facet normal 1 0 0
    outer loop
      vertex 86.1 140 6.05
      vertex 86.1 131.848 11.8154
      vertex 86.1 131.962 11.4402
    endloop
  endfacet
  facet normal 1 0 0
    outer loop
      vertex 86.1 140 6.05
      vertex 86.1 131.663 12.1611
      vertex 86.1 131.848 11.8154
    endloop
  endfacet
  facet normal 1 0 0
    outer loop
      vertex 86.1 140 6.05
      vertex 86.1 131.414 12.4642
      vertex 86.1 131.663 12.1611
    endloop
  endfacet
  facet normal 1 0 0
    outer loop
      vertex 86.1 186.889 12.7129
      vertex 86.1 131.111 12.7129
      vertex 86.1 131.414 12.4642
    endloop
  endfacet
  facet normal 1 0 0
    outer loop
      vertex 86.1 187.235 12.8978
      vertex 86.1 130.765 12.8978
      vertex 86.1 131.111 12.7129
    endloop
  endfacet
  facet normal 1 0 0
    outer loop
      vertex 86.1 187.235 12.8978
      vertex 86.1 130.39 13.0116
      vertex 86.1 130.765 12.8978
    endloop
  endfacet
  facet normal 1 -0 0
    outer loop
      vertex 86.1 118 17.05
      vertex 86.1 130.39 13.0116
      vertex 86.1 200 17.05
    endloop
  endfacet
  facet normal 1 0 0
    outer loop
      vertex 86.1 128.038 11.4402
      vertex 86.1 118 17.05
      vertex 86.1 128 11.05
    endloop
  endfacet
  facet normal 1 0 0
    outer loop
      vertex 86.1 128.152 11.8154
      vertex 86.1 118 17.05
      vertex 86.1 128.038 11.4402
    endloop
  endfacet
  facet normal 1 0 0
    outer loop
      vertex 86.1 128.337 12.1611
      vertex 86.1 118 17.05
      vertex 86.1 128.152 11.8154
    endloop
  endfacet
  facet normal 1 0 0
    outer loop
      vertex 86.1 128.586 12.4642
      vertex 86.1 118 17.05
      vertex 86.1 128.337 12.1611
    endloop
  endfacet
  facet normal 1 0 0
    outer loop
      vertex 86.1 128.889 12.7129
      vertex 86.1 118 17.05
      vertex 86.1 128.586 12.4642
    endloop
  endfacet
  facet normal 1 0 0
    outer loop
      vertex 86.1 129.235 12.8978
      vertex 86.1 118 17.05
      vertex 86.1 128.889 12.7129
    endloop
  endfacet
  facet normal 1 0 0
    outer loop
      vertex 86.1 129.61 13.0116
      vertex 86.1 118 17.05
      vertex 86.1 129.235 12.8978
    endloop
  endfacet
  facet normal 1 0 0
    outer loop
      vertex 86.1 130 13.05
      vertex 86.1 118 17.05
      vertex 86.1 129.61 13.0116
    endloop
  endfacet
  facet normal 1 0 0
    outer loop
      vertex 86.1 130.39 13.0116
      vertex 86.1 118 17.05
      vertex 86.1 130 13.05
    endloop
  endfacet
  facet normal 1 -0 0
    outer loop
      vertex 86.1 200 5.05
      vertex 86.1 203 0.05
      vertex 86.1 203 5.05
    endloop
  endfacet
  facet normal 1 -0 0
    outer loop
      vertex 86.1 189.962 10.6598
      vertex 86.1 200 5.05
      vertex 86.1 190 11.05
    endloop
  endfacet
  facet normal 1 -0 0
    outer loop
      vertex 86.1 189.848 10.2846
      vertex 86.1 200 5.05
      vertex 86.1 189.962 10.6598
    endloop
  endfacet
  facet normal 1 -0 0
    outer loop
      vertex 86.1 189.663 9.93886
      vertex 86.1 200 5.05
      vertex 86.1 189.848 10.2846
    endloop
  endfacet
  facet normal 1 -0 0
    outer loop
      vertex 86.1 189.414 9.63579
      vertex 86.1 200 5.05
      vertex 86.1 189.663 9.93886
    endloop
  endfacet
  facet normal 1 -0 0
    outer loop
      vertex 86.1 189.111 9.38706
      vertex 86.1 200 5.05
      vertex 86.1 189.414 9.63579
    endloop
  endfacet
  facet normal 1 -0 0
    outer loop
      vertex 86.1 188.765 9.20224
      vertex 86.1 200 5.05
      vertex 86.1 189.111 9.38706
    endloop
  endfacet
  facet normal 1 -0 0
    outer loop
      vertex 86.1 188.39 9.08843
      vertex 86.1 200 5.05
      vertex 86.1 188.765 9.20224
    endloop
  endfacet
  facet normal 1 0 0
    outer loop
      vertex 86.1 200 5.05
      vertex 86.1 188.39 9.08843
      vertex 86.1 203 0.05
    endloop
  endfacet
  facet normal 1 -0 0
    outer loop
      vertex 86.1 188 9.05
      vertex 86.1 203 0.05
      vertex 86.1 188.39 9.08843
    endloop
  endfacet
  facet normal 1 0 0
    outer loop
      vertex 86.1 176 0.05
      vertex 86.1 188 9.05
      vertex 86.1 187.61 9.08843
    endloop
  endfacet
  facet normal 1 0 0
    outer loop
      vertex 86.1 176 0.05
      vertex 86.1 187.61 9.08843
      vertex 86.1 187.235 9.20224
    endloop
  endfacet
  facet normal 1 0 0
    outer loop
      vertex 86.1 176 0.05
      vertex 86.1 187.235 9.20224
      vertex 86.1 186.889 9.38706
    endloop
  endfacet
  facet normal 1 0 0
    outer loop
      vertex 86.1 176 6.05
      vertex 86.1 186.038 10.6598
      vertex 86.1 186 11.05
    endloop
  endfacet
  facet normal 1 0 0
    outer loop
      vertex 86.1 176 6.05
      vertex 86.1 186.152 10.2846
      vertex 86.1 186.038 10.6598
    endloop
  endfacet
  facet normal 1 0 0
    outer loop
      vertex 86.1 176 6.05
      vertex 86.1 186.337 9.93886
      vertex 86.1 186.152 10.2846
    endloop
  endfacet
  facet normal 1 0 0
    outer loop
      vertex 86.1 176 6.05
      vertex 86.1 186.586 9.63579
      vertex 86.1 186.337 9.93886
    endloop
  endfacet
  facet normal 1 0 0
    outer loop
      vertex 86.1 176 6.05
      vertex 86.1 186.889 9.38706
      vertex 86.1 186.586 9.63579
    endloop
  endfacet
  facet normal 1 0 0
    outer loop
      vertex 86.1 176 0.05
      vertex 86.1 186.889 9.38706
      vertex 86.1 176 6.05
    endloop
  endfacet
  facet normal 1 0 0
    outer loop
      vertex 86.1 188 9.05
      vertex 86.1 176 0.05
      vertex 86.1 203 0.05
    endloop
  endfacet
  facet normal 1 -0 0
    outer loop
      vertex 86.1 131.848 10.2846
      vertex 86.1 140 6.05
      vertex 86.1 131.962 10.6598
    endloop
  endfacet
  facet normal 1 -0 0
    outer loop
      vertex 86.1 131.663 9.93886
      vertex 86.1 140 6.05
      vertex 86.1 131.848 10.2846
    endloop
  endfacet
  facet normal 1 -0 0
    outer loop
      vertex 86.1 131.414 9.63579
      vertex 86.1 140 6.05
      vertex 86.1 131.663 9.93886
    endloop
  endfacet
  facet normal 1 -0 0
    outer loop
      vertex 86.1 131.111 9.38706
      vertex 86.1 140 6.05
      vertex 86.1 131.414 9.63579
    endloop
  endfacet
  facet normal 1 -0 0
    outer loop
      vertex 86.1 130.765 9.20224
      vertex 86.1 140 6.05
      vertex 86.1 131.111 9.38706
    endloop
  endfacet
  facet normal 1 0 0
    outer loop
      vertex 86.1 140 6.05
      vertex 86.1 130.765 9.20224
      vertex 86.1 140 0.05
    endloop
  endfacet
  facet normal 1 -0 0
    outer loop
      vertex 86.1 130.39 9.08843
      vertex 86.1 140 0.05
      vertex 86.1 130.765 9.20224
    endloop
  endfacet
  facet normal 1 -0 0
    outer loop
      vertex 86.1 130 9.05
      vertex 86.1 140 0.05
      vertex 86.1 130.39 9.08843
    endloop
  endfacet
  facet normal 1 0 0
    outer loop
      vertex 86.1 129.61 9.08843
      vertex 86.1 140 0.05
      vertex 86.1 130 9.05
    endloop
  endfacet
  facet normal 1 0 0
    outer loop
      vertex 86.1 118 5.05
      vertex 86.1 129.61 9.08843
      vertex 86.1 129.235 9.20224
    endloop
  endfacet
  facet normal 1 0 0
    outer loop
      vertex 86.1 118 5.05
      vertex 86.1 129.235 9.20224
      vertex 86.1 128.889 9.38706
    endloop
  endfacet
  facet normal 1 0 0
    outer loop
      vertex 86.1 118 5.05
      vertex 86.1 128.889 9.38706
      vertex 86.1 128.586 9.63579
    endloop
  endfacet
  facet normal 1 0 0
    outer loop
      vertex 86.1 118 5.05
      vertex 86.1 128 11.05
      vertex 86.1 118 17.05
    endloop
  endfacet
  facet normal 1 0 0
    outer loop
      vertex 86.1 128 11.05
      vertex 86.1 118 5.05
      vertex 86.1 128.038 10.6598
    endloop
  endfacet
  facet normal 1 0 0
    outer loop
      vertex 86.1 128.038 10.6598
      vertex 86.1 118 5.05
      vertex 86.1 128.152 10.2846
    endloop
  endfacet
  facet normal 1 0 0
    outer loop
      vertex 86.1 128.152 10.2846
      vertex 86.1 118 5.05
      vertex 86.1 128.337 9.93886
    endloop
  endfacet
  facet normal 1 0 0
    outer loop
      vertex 86.1 128.337 9.93886
      vertex 86.1 118 5.05
      vertex 86.1 128.586 9.63579
    endloop
  endfacet
  facet normal 1 0 0
    outer loop
      vertex 86.1 129.61 9.08843
      vertex 86.1 118 5.05
      vertex 86.1 140 0.05
    endloop
  endfacet
  facet normal 1 0 0
    outer loop
      vertex 86.1 114 0.05
      vertex 86.1 118 5.05
      vertex 86.1 114 5.05
    endloop
  endfacet
  facet normal 1 0 0
    outer loop
      vertex 86.1 118 5.05
      vertex 86.1 114 0.05
      vertex 86.1 140 0.05
    endloop
  endfacet
  facet normal 0 0 -1
    outer loop
      vertex 86.1 114 0.05
      vertex 45 140 0.05
      vertex 86.1 140 0.05
    endloop
  endfacet
  facet normal -0 0 -1
    outer loop
      vertex 45 140 0.05
      vertex 7.5 114 0.05
      vertex 45 176 0.05
    endloop
  endfacet
  facet normal 0 0 -1
    outer loop
      vertex 7.5 114 0.05
      vertex 45 140 0.05
      vertex 86.1 114 0.05
    endloop
  endfacet
  facet normal 0 0 -1
    outer loop
      vertex 45 176 0.05
      vertex 86.1 203 0.05
      vertex 86.1 176 0.05
    endloop
  endfacet
  facet normal 0 0 -1
    outer loop
      vertex 45 176 0.05
      vertex 7.5 203 0.05
      vertex 86.1 203 0.05
    endloop
  endfacet
  facet normal 0 0 -1
    outer loop
      vertex 7.5 203 0.05
      vertex 45 176 0.05
      vertex 7.5 114 0.05
    endloop
  endfacet
  facet normal 0 1 0
    outer loop
      vertex 86.1 203 5.05
      vertex 86.1 203 0.05
      vertex 11.5 203 5.05
    endloop
  endfacet
  facet normal 0 1 -0
    outer loop
      vertex 11.5 203 5.05
      vertex 7.5 203 17.05
      vertex 11.5 203 17.05
    endloop
  endfacet
  facet normal 0 1 0
    outer loop
      vertex 11.5 203 5.05
      vertex 7.5 203 0.05
      vertex 7.5 203 17.05
    endloop
  endfacet
  facet normal 0 1 0
    outer loop
      vertex 7.5 203 0.05
      vertex 11.5 203 5.05
      vertex 86.1 203 0.05
    endloop
  endfacet
  facet normal -1 0 0
    outer loop
      vertex 7.5 199.667 10.7183
      vertex 7.5 203 17.05
      vertex 7.5 203 0.05
    endloop
  endfacet
  facet normal -1 0 0
    outer loop
      vertex 7.5 203 17.05
      vertex 7.5 199.667 10.7183
      vertex 7.5 199.7 11.05
    endloop
  endfacet
  facet normal -1 0 0
    outer loop
      vertex 7.5 203 0.05
      vertex 7.5 199.571 10.3994
      vertex 7.5 199.667 10.7183
    endloop
  endfacet
  facet normal -1 0 0
    outer loop
      vertex 7.5 203 0.05
      vertex 7.5 199.413 10.1055
      vertex 7.5 199.571 10.3994
    endloop
  endfacet
  facet normal -1 0 0
    outer loop
      vertex 7.5 203 0.05
      vertex 7.5 199.202 9.84792
      vertex 7.5 199.413 10.1055
    endloop
  endfacet
  facet normal -1 0 0
    outer loop
      vertex 7.5 203 0.05
      vertex 7.5 198.944 9.6365
      vertex 7.5 199.202 9.84792
    endloop
  endfacet
  facet normal -1 0 0
    outer loop
      vertex 7.5 203 0.05
      vertex 7.5 198.651 9.47941
      vertex 7.5 198.944 9.6365
    endloop
  endfacet
  facet normal -1 0 0
    outer loop
      vertex 7.5 203 0.05
      vertex 7.5 198.332 9.38267
      vertex 7.5 198.651 9.47941
    endloop
  endfacet
  facet normal -1 0 0
    outer loop
      vertex 7.5 203 0.05
      vertex 7.5 198 9.35
      vertex 7.5 198.332 9.38267
    endloop
  endfacet
  facet normal -1 0 0
    outer loop
      vertex 7.5 203 0.05
      vertex 7.5 197.668 9.38267
      vertex 7.5 198 9.35
    endloop
  endfacet
  facet normal -1 0 0
    outer loop
      vertex 7.5 203 0.05
      vertex 7.5 197.349 9.47941
      vertex 7.5 197.668 9.38267
    endloop
  endfacet
  facet normal -1 0 0
    outer loop
      vertex 7.5 203 0.05
      vertex 7.5 197.056 9.6365
      vertex 7.5 197.349 9.47941
    endloop
  endfacet
  facet normal -1 0 0
    outer loop
      vertex 7.5 203 0.05
      vertex 7.5 196.798 9.84792
      vertex 7.5 197.056 9.6365
    endloop
  endfacet
  facet normal -1 0 0
    outer loop
      vertex 7.5 137.202 9.84792
      vertex 7.5 196.798 9.84792
      vertex 7.5 203 0.05
    endloop
  endfacet
  facet normal -1 0 0
    outer loop
      vertex 7.5 196.333 10.7183
      vertex 7.5 137.7 11.05
      vertex 7.5 196.3 11.05
    endloop
  endfacet
  facet normal -1 0 0
    outer loop
      vertex 7.5 137.667 10.7183
      vertex 7.5 196.333 10.7183
      vertex 7.5 196.429 10.3994
    endloop
  endfacet
  facet normal -1 0 0
    outer loop
      vertex 7.5 137.571 10.3994
      vertex 7.5 196.429 10.3994
      vertex 7.5 196.587 10.1055
    endloop
  endfacet
  facet normal -1 0 0
    outer loop
      vertex 7.5 196.798 9.84792
      vertex 7.5 137.202 9.84792
      vertex 7.5 196.587 10.1055
    endloop
  endfacet
  facet normal -1 0 0
    outer loop
      vertex 7.5 196.333 10.7183
      vertex 7.5 137.667 10.7183
      vertex 7.5 137.7 11.05
    endloop
  endfacet
  facet normal -1 0 0
    outer loop
      vertex 7.5 196.429 10.3994
      vertex 7.5 137.571 10.3994
      vertex 7.5 137.667 10.7183
    endloop
  endfacet
  facet normal -1 0 0
    outer loop
      vertex 7.5 196.587 10.1055
      vertex 7.5 137.413 10.1055
      vertex 7.5 137.571 10.3994
    endloop
  endfacet
  facet normal -1 -0 0
    outer loop
      vertex 7.5 196.587 10.1055
      vertex 7.5 137.202 9.84792
      vertex 7.5 137.413 10.1055
    endloop
  endfacet
  facet normal -1 0 0
    outer loop
      vertex 7.5 203 0.05
      vertex 7.5 136.944 9.6365
      vertex 7.5 137.202 9.84792
    endloop
  endfacet
  facet normal -1 0 0
    outer loop
      vertex 7.5 203 0.05
      vertex 7.5 136.651 9.47941
      vertex 7.5 136.944 9.6365
    endloop
  endfacet
  facet normal -1 0 0
    outer loop
      vertex 7.5 203 0.05
      vertex 7.5 136.332 9.38267
      vertex 7.5 136.651 9.47941
    endloop
  endfacet
  facet normal -1 0 0
    outer loop
      vertex 7.5 114 0.05
      vertex 7.5 136.332 9.38267
      vertex 7.5 203 0.05
    endloop
  endfacet
  facet normal -1 0 0
    outer loop
      vertex 7.5 136.332 9.38267
      vertex 7.5 114 0.05
      vertex 7.5 136 9.35
    endloop
  endfacet
  facet normal -1 0 0
    outer loop
      vertex 7.5 114 17.05
      vertex 7.5 134.333 10.7183
      vertex 7.5 114 0.05
    endloop
  endfacet
  facet normal -1 -0 0
    outer loop
      vertex 7.5 134.429 10.3994
      vertex 7.5 114 0.05
      vertex 7.5 134.333 10.7183
    endloop
  endfacet
  facet normal -1 -0 0
    outer loop
      vertex 7.5 134.587 10.1055
      vertex 7.5 114 0.05
      vertex 7.5 134.429 10.3994
    endloop
  endfacet
  facet normal -1 -0 0
    outer loop
      vertex 7.5 134.798 9.84792
      vertex 7.5 114 0.05
      vertex 7.5 134.587 10.1055
    endloop
  endfacet
  facet normal -1 -0 0
    outer loop
      vertex 7.5 135.056 9.6365
      vertex 7.5 114 0.05
      vertex 7.5 134.798 9.84792
    endloop
  endfacet
  facet normal -1 -0 0
    outer loop
      vertex 7.5 135.349 9.47941
      vertex 7.5 114 0.05
      vertex 7.5 135.056 9.6365
    endloop
  endfacet
  facet normal -1 -0 0
    outer loop
      vertex 7.5 135.668 9.38267
      vertex 7.5 114 0.05
      vertex 7.5 135.349 9.47941
    endloop
  endfacet
  facet normal -1 -0 0
    outer loop
      vertex 7.5 136 9.35
      vertex 7.5 114 0.05
      vertex 7.5 135.668 9.38267
    endloop
  endfacet
  facet normal -1 0 0
    outer loop
      vertex 7.5 199.667 11.3817
      vertex 7.5 203 17.05
      vertex 7.5 199.7 11.05
    endloop
  endfacet
  facet normal -1 0 0
    outer loop
      vertex 7.5 199.571 11.7006
      vertex 7.5 203 17.05
      vertex 7.5 199.667 11.3817
    endloop
  endfacet
  facet normal -1 0 0
    outer loop
      vertex 7.5 199.413 11.9945
      vertex 7.5 203 17.05
      vertex 7.5 199.571 11.7006
    endloop
  endfacet
  facet normal -1 0 0
    outer loop
      vertex 7.5 199.202 12.2521
      vertex 7.5 203 17.05
      vertex 7.5 199.413 11.9945
    endloop
  endfacet
  facet normal -1 0 0
    outer loop
      vertex 7.5 198.944 12.4635
      vertex 7.5 203 17.05
      vertex 7.5 199.202 12.2521
    endloop
  endfacet
  facet normal -1 0 0
    outer loop
      vertex 7.5 198.651 12.6206
      vertex 7.5 203 17.05
      vertex 7.5 198.944 12.4635
    endloop
  endfacet
  facet normal -1 0 0
    outer loop
      vertex 7.5 198.332 12.7173
      vertex 7.5 203 17.05
      vertex 7.5 198.651 12.6206
    endloop
  endfacet
  facet normal -1 0 0
    outer loop
      vertex 7.5 198 12.75
      vertex 7.5 203 17.05
      vertex 7.5 198.332 12.7173
    endloop
  endfacet
  facet normal -1 0 0
    outer loop
      vertex 7.5 197.668 12.7173
      vertex 7.5 203 17.05
      vertex 7.5 198 12.75
    endloop
  endfacet
  facet normal -1 0 0
    outer loop
      vertex 7.5 197.349 12.6206
      vertex 7.5 203 17.05
      vertex 7.5 197.668 12.7173
    endloop
  endfacet
  facet normal -1 0 0
    outer loop
      vertex 7.5 197.056 12.4635
      vertex 7.5 203 17.05
      vertex 7.5 197.349 12.6206
    endloop
  endfacet
  facet normal -1 0 0
    outer loop
      vertex 7.5 137.7 11.05
      vertex 7.5 196.333 11.3817
      vertex 7.5 196.3 11.05
    endloop
  endfacet
  facet normal -1 0 0
    outer loop
      vertex 7.5 137.667 11.3817
      vertex 7.5 196.333 11.3817
      vertex 7.5 137.7 11.05
    endloop
  endfacet
  facet normal -1 0 0
    outer loop
      vertex 7.5 196.333 11.3817
      vertex 7.5 137.667 11.3817
      vertex 7.5 196.429 11.7006
    endloop
  endfacet
  facet normal -1 0 0
    outer loop
      vertex 7.5 137.571 11.7006
      vertex 7.5 196.429 11.7006
      vertex 7.5 137.667 11.3817
    endloop
  endfacet
  facet normal -1 0 0
    outer loop
      vertex 7.5 196.429 11.7006
      vertex 7.5 137.571 11.7006
      vertex 7.5 196.587 11.9945
    endloop
  endfacet
  facet normal -1 0 0
    outer loop
      vertex 7.5 137.413 11.9945
      vertex 7.5 196.587 11.9945
      vertex 7.5 137.571 11.7006
    endloop
  endfacet
  facet normal -1 0 0
    outer loop
      vertex 7.5 196.587 11.9945
      vertex 7.5 137.413 11.9945
      vertex 7.5 196.798 12.2521
    endloop
  endfacet
  facet normal -1 0 0
    outer loop
      vertex 7.5 137.202 12.2521
      vertex 7.5 196.798 12.2521
      vertex 7.5 137.413 11.9945
    endloop
  endfacet
  facet normal -1 0 0
    outer loop
      vertex 7.5 196.798 12.2521
      vertex 7.5 137.202 12.2521
      vertex 7.5 197.056 12.4635
    endloop
  endfacet
  facet normal -1 0 0
    outer loop
      vertex 7.5 136.944 12.4635
      vertex 7.5 197.056 12.4635
      vertex 7.5 137.202 12.2521
    endloop
  endfacet
  facet normal -1 0 0
    outer loop
      vertex 7.5 197.056 12.4635
      vertex 7.5 136.944 12.4635
      vertex 7.5 203 17.05
    endloop
  endfacet
  facet normal -1 0 0
    outer loop
      vertex 7.5 136.651 12.6206
      vertex 7.5 203 17.05
      vertex 7.5 136.944 12.4635
    endloop
  endfacet
  facet normal -1 0 0
    outer loop
      vertex 7.5 136.332 12.7173
      vertex 7.5 203 17.05
      vertex 7.5 136.651 12.6206
    endloop
  endfacet
  facet normal -1 0 0
    outer loop
      vertex 7.5 114 17.05
      vertex 7.5 136.332 12.7173
      vertex 7.5 136 12.75
    endloop
  endfacet
  facet normal -1 0 0
    outer loop
      vertex 7.5 134.333 10.7183
      vertex 7.5 114 17.05
      vertex 7.5 134.3 11.05
    endloop
  endfacet
  facet normal -1 0 0
    outer loop
      vertex 7.5 134.3 11.05
      vertex 7.5 114 17.05
      vertex 7.5 134.333 11.3817
    endloop
  endfacet
  facet normal -1 0 0
    outer loop
      vertex 7.5 134.333 11.3817
      vertex 7.5 114 17.05
      vertex 7.5 134.429 11.7006
    endloop
  endfacet
  facet normal -1 0 0
    outer loop
      vertex 7.5 134.429 11.7006
      vertex 7.5 114 17.05
      vertex 7.5 134.587 11.9945
    endloop
  endfacet
  facet normal -1 0 0
    outer loop
      vertex 7.5 134.587 11.9945
      vertex 7.5 114 17.05
      vertex 7.5 134.798 12.2521
    endloop
  endfacet
  facet normal -1 0 0
    outer loop
      vertex 7.5 136.332 12.7173
      vertex 7.5 114 17.05
      vertex 7.5 203 17.05
    endloop
  endfacet
  facet normal -1 0 0
    outer loop
      vertex 7.5 135.668 12.7173
      vertex 7.5 114 17.05
      vertex 7.5 136 12.75
    endloop
  endfacet
  facet normal -1 0 0
    outer loop
      vertex 7.5 135.349 12.6206
      vertex 7.5 114 17.05
      vertex 7.5 135.668 12.7173
    endloop
  endfacet
  facet normal -1 0 0
    outer loop
      vertex 7.5 135.056 12.4635
      vertex 7.5 114 17.05
      vertex 7.5 135.349 12.6206
    endloop
  endfacet
  facet normal -1 0 0
    outer loop
      vertex 7.5 134.798 12.2521
      vertex 7.5 114 17.05
      vertex 7.5 135.056 12.4635
    endloop
  endfacet
  facet normal 0 -1 0
    outer loop
      vertex 7.5 114 17.05
      vertex 11.5 114 5.05
      vertex 11.5 114 17.05
    endloop
  endfacet
  facet normal 0 -1 0
    outer loop
      vertex 7.5 114 0.05
      vertex 11.5 114 5.05
      vertex 7.5 114 17.05
    endloop
  endfacet
  facet normal 0 -1 0
    outer loop
      vertex 86.1 114 0.05
      vertex 11.5 114 5.05
      vertex 7.5 114 0.05
    endloop
  endfacet
  facet normal 0 -1 0
    outer loop
      vertex 11.5 114 5.05
      vertex 86.1 114 0.05
      vertex 86.1 114 5.05
    endloop
  endfacet
  facet normal -0 0 1
    outer loop
      vertex 78.1 200 17.05
      vertex 86.1 118 17.05
      vertex 86.1 200 17.05
    endloop
  endfacet
  facet normal 0 0 1
    outer loop
      vertex 86.1 118 17.05
      vertex 78.1 200 17.05
      vertex 78.1 118 17.05
    endloop
  endfacet
  facet normal -1 0 0
    outer loop
      vertex 78.1 140 5.05
      vertex 78.1 118 5.05
      vertex 78.1 140 6.05
    endloop
  endfacet
  facet normal -1 0 0
    outer loop
      vertex 78.1 176 6.05
      vertex 78.1 200 5.05
      vertex 78.1 176 5.05
    endloop
  endfacet
  facet normal -1 0 0
    outer loop
      vertex 78.1 200 5.05
      vertex 78.1 176 6.05
      vertex 78.1 200 17.05
    endloop
  endfacet
  facet normal -1 0 0
    outer loop
      vertex 78.1 118 17.05
      vertex 78.1 176 6.05
      vertex 78.1 140 6.05
    endloop
  endfacet
  facet normal -1 0 0
    outer loop
      vertex 78.1 118 17.05
      vertex 78.1 140 6.05
      vertex 78.1 118 5.05
    endloop
  endfacet
  facet normal -1 0 0
    outer loop
      vertex 78.1 176 6.05
      vertex 78.1 118 17.05
      vertex 78.1 200 17.05
    endloop
  endfacet
  facet normal 0 -1 0
    outer loop
      vertex 78.1 118 5.05
      vertex 86.1 118 17.05
      vertex 78.1 118 17.05
    endloop
  endfacet
  facet normal 0 -1 -0
    outer loop
      vertex 86.1 118 17.05
      vertex 78.1 118 5.05
      vertex 86.1 118 5.05
    endloop
  endfacet
  facet normal 0 1 -0
    outer loop
      vertex 86.1 200 5.05
      vertex 78.1 200 17.05
      vertex 86.1 200 17.05
    endloop
  endfacet
  facet normal 0 1 0
    outer loop
      vertex 78.1 200 17.05
      vertex 86.1 200 5.05
      vertex 78.1 200 5.05
    endloop
  endfacet
  facet normal -0 0 1
    outer loop
      vertex 7.5 203 17.05
      vertex 11.5 114 17.05
      vertex 11.5 203 17.05
    endloop
  endfacet
  facet normal 0 0 1
    outer loop
      vertex 11.5 114 17.05
      vertex 7.5 203 17.05
      vertex 7.5 114 17.05
    endloop
  endfacet
  facet normal 1 0 0
    outer loop
      vertex 11.5 203 17.05
      vertex 11.5 199.7 11.05
      vertex 11.5 203 5.05
    endloop
  endfacet
  facet normal 1 0 0
    outer loop
      vertex 11.5 203 17.05
      vertex 11.5 199.667 11.3817
      vertex 11.5 199.7 11.05
    endloop
  endfacet
  facet normal 1 0 0
    outer loop
      vertex 11.5 203 17.05
      vertex 11.5 199.571 11.7006
      vertex 11.5 199.667 11.3817
    endloop
  endfacet
  facet normal 1 0 0
    outer loop
      vertex 11.5 203 17.05
      vertex 11.5 199.413 11.9945
      vertex 11.5 199.571 11.7006
    endloop
  endfacet
  facet normal 1 0 0
    outer loop
      vertex 11.5 203 17.05
      vertex 11.5 199.202 12.2521
      vertex 11.5 199.413 11.9945
    endloop
  endfacet
  facet normal 1 0 0
    outer loop
      vertex 11.5 203 17.05
      vertex 11.5 198.944 12.4635
      vertex 11.5 199.202 12.2521
    endloop
  endfacet
  facet normal 1 0 0
    outer loop
      vertex 11.5 203 17.05
      vertex 11.5 198.651 12.6206
      vertex 11.5 198.944 12.4635
    endloop
  endfacet
  facet normal 1 0 0
    outer loop
      vertex 11.5 203 17.05
      vertex 11.5 198.332 12.7173
      vertex 11.5 198.651 12.6206
    endloop
  endfacet
  facet normal 1 0 0
    outer loop
      vertex 11.5 203 17.05
      vertex 11.5 198 12.75
      vertex 11.5 198.332 12.7173
    endloop
  endfacet
  facet normal 1 0 0
    outer loop
      vertex 11.5 203 17.05
      vertex 11.5 197.668 12.7173
      vertex 11.5 198 12.75
    endloop
  endfacet
  facet normal 1 0 0
    outer loop
      vertex 11.5 203 17.05
      vertex 11.5 197.349 12.6206
      vertex 11.5 197.668 12.7173
    endloop
  endfacet
  facet normal 1 0 0
    outer loop
      vertex 11.5 203 17.05
      vertex 11.5 197.056 12.4635
      vertex 11.5 197.349 12.6206
    endloop
  endfacet
  facet normal 1 0 0
    outer loop
      vertex 11.5 196.333 11.3817
      vertex 11.5 137.7 11.05
      vertex 11.5 196.3 11.05
    endloop
  endfacet
  facet normal 1 0 0
    outer loop
      vertex 11.5 137.667 11.3817
      vertex 11.5 196.333 11.3817
      vertex 11.5 196.429 11.7006
    endloop
  endfacet
  facet normal 1 0 0
    outer loop
      vertex 11.5 137.571 11.7006
      vertex 11.5 196.429 11.7006
      vertex 11.5 196.587 11.9945
    endloop
  endfacet
  facet normal 1 0 0
    outer loop
      vertex 11.5 137.413 11.9945
      vertex 11.5 196.587 11.9945
      vertex 11.5 196.798 12.2521
    endloop
  endfacet
  facet normal 1 0 0
    outer loop
      vertex 11.5 137.202 12.2521
      vertex 11.5 196.798 12.2521
      vertex 11.5 197.056 12.4635
    endloop
  endfacet
  facet normal 1 0 0
    outer loop
      vertex 11.5 136.944 12.4635
      vertex 11.5 197.056 12.4635
      vertex 11.5 203 17.05
    endloop
  endfacet
  facet normal 1 0 0
    outer loop
      vertex 11.5 196.333 11.3817
      vertex 11.5 137.667 11.3817
      vertex 11.5 137.7 11.05
    endloop
  endfacet
  facet normal 1 0 0
    outer loop
      vertex 11.5 196.429 11.7006
      vertex 11.5 137.571 11.7006
      vertex 11.5 137.667 11.3817
    endloop
  endfacet
  facet normal 1 0 0
    outer loop
      vertex 11.5 196.587 11.9945
      vertex 11.5 137.413 11.9945
      vertex 11.5 137.571 11.7006
    endloop
  endfacet
  facet normal 1 0 0
    outer loop
      vertex 11.5 196.798 12.2521
      vertex 11.5 137.202 12.2521
      vertex 11.5 137.413 11.9945
    endloop
  endfacet
  facet normal 1 0 0
    outer loop
      vertex 11.5 197.056 12.4635
      vertex 11.5 136.944 12.4635
      vertex 11.5 137.202 12.2521
    endloop
  endfacet
  facet normal 1 0 0
    outer loop
      vertex 11.5 203 17.05
      vertex 11.5 136.651 12.6206
      vertex 11.5 136.944 12.4635
    endloop
  endfacet
  facet normal 1 0 0
    outer loop
      vertex 11.5 203 17.05
      vertex 11.5 136.332 12.7173
      vertex 11.5 136.651 12.6206
    endloop
  endfacet
  facet normal 1 -0 0
    outer loop
      vertex 11.5 114 17.05
      vertex 11.5 136.332 12.7173
      vertex 11.5 203 17.05
    endloop
  endfacet
  facet normal 1 0 0
    outer loop
      vertex 11.5 134.333 11.3817
      vertex 11.5 114 17.05
      vertex 11.5 134.3 11.05
    endloop
  endfacet
  facet normal 1 0 0
    outer loop
      vertex 11.5 134.429 11.7006
      vertex 11.5 114 17.05
      vertex 11.5 134.333 11.3817
    endloop
  endfacet
  facet normal 1 0 0
    outer loop
      vertex 11.5 134.587 11.9945
      vertex 11.5 114 17.05
      vertex 11.5 134.429 11.7006
    endloop
  endfacet
  facet normal 1 0 0
    outer loop
      vertex 11.5 134.798 12.2521
      vertex 11.5 114 17.05
      vertex 11.5 134.587 11.9945
    endloop
  endfacet
  facet normal 1 0 0
    outer loop
      vertex 11.5 135.056 12.4635
      vertex 11.5 114 17.05
      vertex 11.5 134.798 12.2521
    endloop
  endfacet
  facet normal 1 0 0
    outer loop
      vertex 11.5 135.349 12.6206
      vertex 11.5 114 17.05
      vertex 11.5 135.056 12.4635
    endloop
  endfacet
  facet normal 1 0 0
    outer loop
      vertex 11.5 135.668 12.7173
      vertex 11.5 114 17.05
      vertex 11.5 135.349 12.6206
    endloop
  endfacet
  facet normal 1 0 0
    outer loop
      vertex 11.5 136 12.75
      vertex 11.5 114 17.05
      vertex 11.5 135.668 12.7173
    endloop
  endfacet
  facet normal 1 0 0
    outer loop
      vertex 11.5 136.332 12.7173
      vertex 11.5 114 17.05
      vertex 11.5 136 12.75
    endloop
  endfacet
  facet normal 1 -0 0
    outer loop
      vertex 11.5 199.667 10.7183
      vertex 11.5 203 5.05
      vertex 11.5 199.7 11.05
    endloop
  endfacet
  facet normal 1 -0 0
    outer loop
      vertex 11.5 199.571 10.3994
      vertex 11.5 203 5.05
      vertex 11.5 199.667 10.7183
    endloop
  endfacet
  facet normal 1 -0 0
    outer loop
      vertex 11.5 199.413 10.1055
      vertex 11.5 203 5.05
      vertex 11.5 199.571 10.3994
    endloop
  endfacet
  facet normal 1 -0 0
    outer loop
      vertex 11.5 199.202 9.84792
      vertex 11.5 203 5.05
      vertex 11.5 199.413 10.1055
    endloop
  endfacet
  facet normal 1 -0 0
    outer loop
      vertex 11.5 198.944 9.6365
      vertex 11.5 203 5.05
      vertex 11.5 199.202 9.84792
    endloop
  endfacet
  facet normal 1 -0 0
    outer loop
      vertex 11.5 198.651 9.47941
      vertex 11.5 203 5.05
      vertex 11.5 198.944 9.6365
    endloop
  endfacet
  facet normal 1 -0 0
    outer loop
      vertex 11.5 198.332 9.38267
      vertex 11.5 203 5.05
      vertex 11.5 198.651 9.47941
    endloop
  endfacet
  facet normal 1 -0 0
    outer loop
      vertex 11.5 198 9.35
      vertex 11.5 203 5.05
      vertex 11.5 198.332 9.38267
    endloop
  endfacet
  facet normal 1 0 0
    outer loop
      vertex 11.5 197.668 9.38267
      vertex 11.5 203 5.05
      vertex 11.5 198 9.35
    endloop
  endfacet
  facet normal 1 0 0
    outer loop
      vertex 11.5 197.349 9.47941
      vertex 11.5 203 5.05
      vertex 11.5 197.668 9.38267
    endloop
  endfacet
  facet normal 1 0 0
    outer loop
      vertex 11.5 197.056 9.6365
      vertex 11.5 203 5.05
      vertex 11.5 197.349 9.47941
    endloop
  endfacet
  facet normal 1 -0 0
    outer loop
      vertex 11.5 137.7 11.05
      vertex 11.5 196.333 10.7183
      vertex 11.5 196.3 11.05
    endloop
  endfacet
  facet normal 1 0 0
    outer loop
      vertex 11.5 137.667 10.7183
      vertex 11.5 196.333 10.7183
      vertex 11.5 137.7 11.05
    endloop
  endfacet
  facet normal 1 0 0
    outer loop
      vertex 11.5 196.333 10.7183
      vertex 11.5 137.667 10.7183
      vertex 11.5 196.429 10.3994
    endloop
  endfacet
  facet normal 1 0 0
    outer loop
      vertex 11.5 137.571 10.3994
      vertex 11.5 196.429 10.3994
      vertex 11.5 137.667 10.7183
    endloop
  endfacet
  facet normal 1 0 0
    outer loop
      vertex 11.5 196.429 10.3994
      vertex 11.5 137.571 10.3994
      vertex 11.5 196.587 10.1055
    endloop
  endfacet
  facet normal 1 0 0
    outer loop
      vertex 11.5 137.413 10.1055
      vertex 11.5 196.587 10.1055
      vertex 11.5 137.571 10.3994
    endloop
  endfacet
  facet normal 1 0 0
    outer loop
      vertex 11.5 196.587 10.1055
      vertex 11.5 137.413 10.1055
      vertex 11.5 196.798 9.84792
    endloop
  endfacet
  facet normal 1 0 0
    outer loop
      vertex 11.5 137.202 9.84792
      vertex 11.5 196.798 9.84792
      vertex 11.5 137.413 10.1055
    endloop
  endfacet
  facet normal 1 0 0
    outer loop
      vertex 11.5 196.798 9.84792
      vertex 11.5 137.202 9.84792
      vertex 11.5 197.056 9.6365
    endloop
  endfacet
  facet normal 1 0 0
    outer loop
      vertex 11.5 136.944 9.6365
      vertex 11.5 197.056 9.6365
      vertex 11.5 137.202 9.84792
    endloop
  endfacet
  facet normal 1 0 0
    outer loop
      vertex 11.5 197.056 9.6365
      vertex 11.5 136.944 9.6365
      vertex 11.5 203 5.05
    endloop
  endfacet
  facet normal 1 -0 0
    outer loop
      vertex 11.5 136.651 9.47941
      vertex 11.5 203 5.05
      vertex 11.5 136.944 9.6365
    endloop
  endfacet
  facet normal 1 -0 0
    outer loop
      vertex 11.5 136.332 9.38267
      vertex 11.5 203 5.05
      vertex 11.5 136.651 9.47941
    endloop
  endfacet
  facet normal 1 0 0
    outer loop
      vertex 11.5 114 5.05
      vertex 11.5 136.332 9.38267
      vertex 11.5 136 9.35
    endloop
  endfacet
  facet normal 1 0 0
    outer loop
      vertex 11.5 114 5.05
      vertex 11.5 134.3 11.05
      vertex 11.5 114 17.05
    endloop
  endfacet
  facet normal 1 0 0
    outer loop
      vertex 11.5 134.3 11.05
      vertex 11.5 114 5.05
      vertex 11.5 134.333 10.7183
    endloop
  endfacet
  facet normal 1 0 0
    outer loop
      vertex 11.5 134.333 10.7183
      vertex 11.5 114 5.05
      vertex 11.5 134.429 10.3994
    endloop
  endfacet
  facet normal 1 0 0
    outer loop
      vertex 11.5 134.429 10.3994
      vertex 11.5 114 5.05
      vertex 11.5 134.587 10.1055
    endloop
  endfacet
  facet normal 1 0 0
    outer loop
      vertex 11.5 134.587 10.1055
      vertex 11.5 114 5.05
      vertex 11.5 134.798 9.84792
    endloop
  endfacet
  facet normal 1 0 0
    outer loop
      vertex 11.5 134.798 9.84792
      vertex 11.5 114 5.05
      vertex 11.5 135.056 9.6365
    endloop
  endfacet
  facet normal 1 0 0
    outer loop
      vertex 11.5 136.332 9.38267
      vertex 11.5 114 5.05
      vertex 11.5 203 5.05
    endloop
  endfacet
  facet normal 1 0 0
    outer loop
      vertex 11.5 135.668 9.38267
      vertex 11.5 114 5.05
      vertex 11.5 136 9.35
    endloop
  endfacet
  facet normal 1 0 0
    outer loop
      vertex 11.5 135.349 9.47941
      vertex 11.5 114 5.05
      vertex 11.5 135.668 9.38267
    endloop
  endfacet
  facet normal 1 0 0
    outer loop
      vertex 11.5 135.056 9.6365
      vertex 11.5 114 5.05
      vertex 11.5 135.349 9.47941
    endloop
  endfacet
  facet normal 0 -0.0979306 0.995193
    outer loop
      vertex 7.5 136.332 9.38267
      vertex 11.5 136 9.35
      vertex 11.5 136.332 9.38267
    endloop
  endfacet
  facet normal 0 -0.0979306 0.995193
    outer loop
      vertex 11.5 136 9.35
      vertex 7.5 136.332 9.38267
      vertex 7.5 136 9.35
    endloop
  endfacet
  facet normal 0 -0.995088 -0.0989988
    outer loop
      vertex 7.5 137.7 11.05
      vertex 11.5 137.667 11.3817
      vertex 7.5 137.667 11.3817
    endloop
  endfacet
  facet normal 0 -0.995088 -0.0989988
    outer loop
      vertex 11.5 137.667 11.3817
      vertex 7.5 137.7 11.05
      vertex 11.5 137.7 11.05
    endloop
  endfacet
  facet normal 0 0.995088 0.0989988
    outer loop
      vertex 11.5 134.333 10.7183
      vertex 7.5 134.3 11.05
      vertex 11.5 134.3 11.05
    endloop
  endfacet
  facet normal 0 0.995088 0.0989988
    outer loop
      vertex 7.5 134.3 11.05
      vertex 11.5 134.333 10.7183
      vertex 7.5 134.333 10.7183
    endloop
  endfacet
  facet normal 0 -0.773585 0.633692
    outer loop
      vertex 7.5 137.202 9.84792
      vertex 11.5 137.413 10.1055
      vertex 7.5 137.413 10.1055
    endloop
  endfacet
  facet normal 0 -0.773585 0.633692
    outer loop
      vertex 11.5 137.413 10.1055
      vertex 7.5 137.202 9.84792
      vertex 11.5 137.202 9.84792
    endloop
  endfacet
  facet normal 0 -0.633793 -0.773503
    outer loop
      vertex 7.5 136.944 12.4635
      vertex 11.5 137.202 12.2521
      vertex 11.5 136.944 12.4635
    endloop
  endfacet
  facet normal -0 -0.633793 -0.773503
    outer loop
      vertex 11.5 137.202 12.2521
      vertex 7.5 136.944 12.4635
      vertex 7.5 137.202 12.2521
    endloop
  endfacet
  facet normal 0 -0.880788 -0.47351
    outer loop
      vertex 7.5 137.571 11.7006
      vertex 11.5 137.413 11.9945
      vertex 7.5 137.413 11.9945
    endloop
  endfacet
  facet normal 0 -0.880788 -0.47351
    outer loop
      vertex 11.5 137.413 11.9945
      vertex 7.5 137.571 11.7006
      vertex 11.5 137.571 11.7006
    endloop
  endfacet
  facet normal 0 -0.472515 0.881323
    outer loop
      vertex 7.5 136.944 9.6365
      vertex 11.5 136.651 9.47941
      vertex 11.5 136.944 9.6365
    endloop
  endfacet
  facet normal 0 -0.472515 0.881323
    outer loop
      vertex 11.5 136.651 9.47941
      vertex 7.5 136.944 9.6365
      vertex 7.5 136.651 9.47941
    endloop
  endfacet
  facet normal 0 -0.290209 0.956963
    outer loop
      vertex 7.5 136.651 9.47941
      vertex 11.5 136.332 9.38267
      vertex 11.5 136.651 9.47941
    endloop
  endfacet
  facet normal 0 -0.290209 0.956963
    outer loop
      vertex 11.5 136.332 9.38267
      vertex 7.5 136.651 9.47941
      vertex 7.5 136.332 9.38267
    endloop
  endfacet
  facet normal 0 -0.633829 0.773474
    outer loop
      vertex 7.5 137.202 9.84792
      vertex 11.5 136.944 9.6365
      vertex 11.5 137.202 9.84792
    endloop
  endfacet
  facet normal 0 -0.633829 0.773474
    outer loop
      vertex 11.5 136.944 9.6365
      vertex 7.5 137.202 9.84792
      vertex 7.5 136.944 9.6365
    endloop
  endfacet
  facet normal 0 -0.957553 0.288257
    outer loop
      vertex 7.5 137.571 10.3994
      vertex 11.5 137.667 10.7183
      vertex 7.5 137.667 10.7183
    endloop
  endfacet
  facet normal 0 -0.957553 0.288257
    outer loop
      vertex 11.5 137.667 10.7183
      vertex 7.5 137.571 10.3994
      vertex 11.5 137.571 10.3994
    endloop
  endfacet
  facet normal 0 -0.995088 0.0989988
    outer loop
      vertex 7.5 137.667 10.7183
      vertex 11.5 137.7 11.05
      vertex 7.5 137.7 11.05
    endloop
  endfacet
  facet normal 0 -0.995088 0.0989988
    outer loop
      vertex 11.5 137.7 11.05
      vertex 7.5 137.667 10.7183
      vertex 11.5 137.667 10.7183
    endloop
  endfacet
  facet normal 0 -0.880788 0.47351
    outer loop
      vertex 7.5 137.413 10.1055
      vertex 11.5 137.571 10.3994
      vertex 7.5 137.571 10.3994
    endloop
  endfacet
  facet normal 0 -0.880788 0.47351
    outer loop
      vertex 11.5 137.571 10.3994
      vertex 7.5 137.413 10.1055
      vertex 11.5 137.413 10.1055
    endloop
  endfacet
  facet normal 0 -0.290099 -0.956997
    outer loop
      vertex 7.5 136.332 12.7173
      vertex 11.5 136.651 12.6206
      vertex 11.5 136.332 12.7173
    endloop
  endfacet
  facet normal -0 -0.290099 -0.956997
    outer loop
      vertex 11.5 136.651 12.6206
      vertex 7.5 136.332 12.7173
      vertex 7.5 136.651 12.6206
    endloop
  endfacet
  facet normal 0 -0.472539 -0.88131
    outer loop
      vertex 7.5 136.651 12.6206
      vertex 11.5 136.944 12.4635
      vertex 11.5 136.651 12.6206
    endloop
  endfacet
  facet normal -0 -0.472539 -0.88131
    outer loop
      vertex 11.5 136.944 12.4635
      vertex 7.5 136.651 12.6206
      vertex 7.5 136.944 12.4635
    endloop
  endfacet
  facet normal 0 -0.0980197 -0.995184
    outer loop
      vertex 7.5 136 12.75
      vertex 11.5 136.332 12.7173
      vertex 11.5 136 12.75
    endloop
  endfacet
  facet normal -0 -0.0980197 -0.995184
    outer loop
      vertex 11.5 136.332 12.7173
      vertex 7.5 136 12.75
      vertex 7.5 136.332 12.7173
    endloop
  endfacet
  facet normal 0 -0.773609 -0.633663
    outer loop
      vertex 7.5 137.413 11.9945
      vertex 11.5 137.202 12.2521
      vertex 7.5 137.202 12.2521
    endloop
  endfacet
  facet normal 0 -0.773609 -0.633663
    outer loop
      vertex 11.5 137.202 12.2521
      vertex 7.5 137.413 11.9945
      vertex 11.5 137.413 11.9945
    endloop
  endfacet
  facet normal 0 -0.957553 -0.288257
    outer loop
      vertex 7.5 137.667 11.3817
      vertex 11.5 137.571 11.7006
      vertex 7.5 137.571 11.7006
    endloop
  endfacet
  facet normal 0 -0.957553 -0.288257
    outer loop
      vertex 11.5 137.571 11.7006
      vertex 7.5 137.667 11.3817
      vertex 11.5 137.667 11.3817
    endloop
  endfacet
  facet normal -0 0.0979306 0.995193
    outer loop
      vertex 7.5 136 9.35
      vertex 11.5 135.668 9.38267
      vertex 11.5 136 9.35
    endloop
  endfacet
  facet normal 0 0.0979306 0.995193
    outer loop
      vertex 11.5 135.668 9.38267
      vertex 7.5 136 9.35
      vertex 7.5 135.668 9.38267
    endloop
  endfacet
  facet normal 0 0.957553 0.288257
    outer loop
      vertex 11.5 134.429 10.3994
      vertex 7.5 134.333 10.7183
      vertex 11.5 134.333 10.7183
    endloop
  endfacet
  facet normal 0 0.957553 0.288257
    outer loop
      vertex 7.5 134.333 10.7183
      vertex 11.5 134.429 10.3994
      vertex 7.5 134.429 10.3994
    endloop
  endfacet
  facet normal 0 0.0980197 -0.995184
    outer loop
      vertex 7.5 135.668 12.7173
      vertex 11.5 136 12.75
      vertex 11.5 135.668 12.7173
    endloop
  endfacet
  facet normal 0 0.0980197 -0.995184
    outer loop
      vertex 11.5 136 12.75
      vertex 7.5 135.668 12.7173
      vertex 7.5 136 12.75
    endloop
  endfacet
  facet normal -0 0.472515 0.881323
    outer loop
      vertex 7.5 135.349 9.47941
      vertex 11.5 135.056 9.6365
      vertex 11.5 135.349 9.47941
    endloop
  endfacet
  facet normal 0 0.472515 0.881323
    outer loop
      vertex 11.5 135.056 9.6365
      vertex 7.5 135.349 9.47941
      vertex 7.5 135.056 9.6365
    endloop
  endfacet
  facet normal 0 0.633793 -0.773503
    outer loop
      vertex 7.5 134.798 12.2521
      vertex 11.5 135.056 12.4635
      vertex 11.5 134.798 12.2521
    endloop
  endfacet
  facet normal 0 0.633793 -0.773503
    outer loop
      vertex 11.5 135.056 12.4635
      vertex 7.5 134.798 12.2521
      vertex 7.5 135.056 12.4635
    endloop
  endfacet
  facet normal 0 0.773609 -0.633663
    outer loop
      vertex 11.5 134.587 11.9945
      vertex 7.5 134.798 12.2521
      vertex 11.5 134.798 12.2521
    endloop
  endfacet
  facet normal 0 0.773609 -0.633663
    outer loop
      vertex 7.5 134.798 12.2521
      vertex 11.5 134.587 11.9945
      vertex 7.5 134.587 11.9945
    endloop
  endfacet
  facet normal 0 0.773585 0.633692
    outer loop
      vertex 11.5 134.798 9.84792
      vertex 7.5 134.587 10.1055
      vertex 11.5 134.587 10.1055
    endloop
  endfacet
  facet normal 0 0.773585 0.633692
    outer loop
      vertex 7.5 134.587 10.1055
      vertex 11.5 134.798 9.84792
      vertex 7.5 134.798 9.84792
    endloop
  endfacet
  facet normal 0 0.880788 0.47351
    outer loop
      vertex 11.5 134.587 10.1055
      vertex 7.5 134.429 10.3994
      vertex 11.5 134.429 10.3994
    endloop
  endfacet
  facet normal 0 0.880788 0.47351
    outer loop
      vertex 7.5 134.429 10.3994
      vertex 11.5 134.587 10.1055
      vertex 7.5 134.587 10.1055
    endloop
  endfacet
  facet normal -0 0.290209 0.956963
    outer loop
      vertex 7.5 135.668 9.38267
      vertex 11.5 135.349 9.47941
      vertex 11.5 135.668 9.38267
    endloop
  endfacet
  facet normal 0 0.290209 0.956963
    outer loop
      vertex 11.5 135.349 9.47941
      vertex 7.5 135.668 9.38267
      vertex 7.5 135.349 9.47941
    endloop
  endfacet
  facet normal 0 0.995088 -0.0989988
    outer loop
      vertex 11.5 134.3 11.05
      vertex 7.5 134.333 11.3817
      vertex 11.5 134.333 11.3817
    endloop
  endfacet
  facet normal 0 0.995088 -0.0989988
    outer loop
      vertex 7.5 134.333 11.3817
      vertex 11.5 134.3 11.05
      vertex 7.5 134.3 11.05
    endloop
  endfacet
  facet normal 0 0.472539 -0.88131
    outer loop
      vertex 7.5 135.056 12.4635
      vertex 11.5 135.349 12.6206
      vertex 11.5 135.056 12.4635
    endloop
  endfacet
  facet normal 0 0.472539 -0.88131
    outer loop
      vertex 11.5 135.349 12.6206
      vertex 7.5 135.056 12.4635
      vertex 7.5 135.349 12.6206
    endloop
  endfacet
  facet normal 0 0.290099 -0.956997
    outer loop
      vertex 7.5 135.349 12.6206
      vertex 11.5 135.668 12.7173
      vertex 11.5 135.349 12.6206
    endloop
  endfacet
  facet normal 0 0.290099 -0.956997
    outer loop
      vertex 11.5 135.668 12.7173
      vertex 7.5 135.349 12.6206
      vertex 7.5 135.668 12.7173
    endloop
  endfacet
  facet normal -0 0.633829 0.773474
    outer loop
      vertex 7.5 135.056 9.6365
      vertex 11.5 134.798 9.84792
      vertex 11.5 135.056 9.6365
    endloop
  endfacet
  facet normal 0 0.633829 0.773474
    outer loop
      vertex 11.5 134.798 9.84792
      vertex 7.5 135.056 9.6365
      vertex 7.5 134.798 9.84792
    endloop
  endfacet
  facet normal 0 0.957553 -0.288257
    outer loop
      vertex 11.5 134.333 11.3817
      vertex 7.5 134.429 11.7006
      vertex 11.5 134.429 11.7006
    endloop
  endfacet
  facet normal 0 0.957553 -0.288257
    outer loop
      vertex 7.5 134.429 11.7006
      vertex 11.5 134.333 11.3817
      vertex 7.5 134.333 11.3817
    endloop
  endfacet
  facet normal 0 0.880788 -0.47351
    outer loop
      vertex 11.5 134.429 11.7006
      vertex 7.5 134.587 11.9945
      vertex 11.5 134.587 11.9945
    endloop
  endfacet
  facet normal 0 0.880788 -0.47351
    outer loop
      vertex 7.5 134.587 11.9945
      vertex 11.5 134.429 11.7006
      vertex 7.5 134.429 11.7006
    endloop
  endfacet
  facet normal 0 -0.0979306 0.995193
    outer loop
      vertex 7.5 198.332 9.38267
      vertex 11.5 198 9.35
      vertex 11.5 198.332 9.38267
    endloop
  endfacet
  facet normal 0 -0.0979306 0.995193
    outer loop
      vertex 11.5 198 9.35
      vertex 7.5 198.332 9.38267
      vertex 7.5 198 9.35
    endloop
  endfacet
  facet normal 0 -0.995088 -0.0989988
    outer loop
      vertex 7.5 199.7 11.05
      vertex 11.5 199.667 11.3817
      vertex 7.5 199.667 11.3817
    endloop
  endfacet
  facet normal 0 -0.995088 -0.0989988
    outer loop
      vertex 11.5 199.667 11.3817
      vertex 7.5 199.7 11.05
      vertex 11.5 199.7 11.05
    endloop
  endfacet
  facet normal 0 0.995088 0.0989988
    outer loop
      vertex 11.5 196.333 10.7183
      vertex 7.5 196.3 11.05
      vertex 11.5 196.3 11.05
    endloop
  endfacet
  facet normal 0 0.995088 0.0989988
    outer loop
      vertex 7.5 196.3 11.05
      vertex 11.5 196.333 10.7183
      vertex 7.5 196.333 10.7183
    endloop
  endfacet
  facet normal 0 -0.773585 0.633692
    outer loop
      vertex 7.5 199.202 9.84792
      vertex 11.5 199.413 10.1055
      vertex 7.5 199.413 10.1055
    endloop
  endfacet
  facet normal 0 -0.773585 0.633692
    outer loop
      vertex 11.5 199.413 10.1055
      vertex 7.5 199.202 9.84792
      vertex 11.5 199.202 9.84792
    endloop
  endfacet
  facet normal 0 -0.633793 -0.773503
    outer loop
      vertex 7.5 198.944 12.4635
      vertex 11.5 199.202 12.2521
      vertex 11.5 198.944 12.4635
    endloop
  endfacet
  facet normal -0 -0.633793 -0.773503
    outer loop
      vertex 11.5 199.202 12.2521
      vertex 7.5 198.944 12.4635
      vertex 7.5 199.202 12.2521
    endloop
  endfacet
  facet normal 0 -0.880788 -0.47351
    outer loop
      vertex 7.5 199.571 11.7006
      vertex 11.5 199.413 11.9945
      vertex 7.5 199.413 11.9945
    endloop
  endfacet
  facet normal 0 -0.880788 -0.47351
    outer loop
      vertex 11.5 199.413 11.9945
      vertex 7.5 199.571 11.7006
      vertex 11.5 199.571 11.7006
    endloop
  endfacet
  facet normal 0 -0.472515 0.881323
    outer loop
      vertex 7.5 198.944 9.6365
      vertex 11.5 198.651 9.47941
      vertex 11.5 198.944 9.6365
    endloop
  endfacet
  facet normal 0 -0.472515 0.881323
    outer loop
      vertex 11.5 198.651 9.47941
      vertex 7.5 198.944 9.6365
      vertex 7.5 198.651 9.47941
    endloop
  endfacet
  facet normal 0 -0.290209 0.956963
    outer loop
      vertex 7.5 198.651 9.47941
      vertex 11.5 198.332 9.38267
      vertex 11.5 198.651 9.47941
    endloop
  endfacet
  facet normal 0 -0.290209 0.956963
    outer loop
      vertex 11.5 198.332 9.38267
      vertex 7.5 198.651 9.47941
      vertex 7.5 198.332 9.38267
    endloop
  endfacet
  facet normal 0 -0.633829 0.773474
    outer loop
      vertex 7.5 199.202 9.84792
      vertex 11.5 198.944 9.6365
      vertex 11.5 199.202 9.84792
    endloop
  endfacet
  facet normal 0 -0.633829 0.773474
    outer loop
      vertex 11.5 198.944 9.6365
      vertex 7.5 199.202 9.84792
      vertex 7.5 198.944 9.6365
    endloop
  endfacet
  facet normal 0 -0.957553 0.288257
    outer loop
      vertex 7.5 199.571 10.3994
      vertex 11.5 199.667 10.7183
      vertex 7.5 199.667 10.7183
    endloop
  endfacet
  facet normal 0 -0.957553 0.288257
    outer loop
      vertex 11.5 199.667 10.7183
      vertex 7.5 199.571 10.3994
      vertex 11.5 199.571 10.3994
    endloop
  endfacet
  facet normal 0 -0.995088 0.0989988
    outer loop
      vertex 7.5 199.667 10.7183
      vertex 11.5 199.7 11.05
      vertex 7.5 199.7 11.05
    endloop
  endfacet
  facet normal 0 -0.995088 0.0989988
    outer loop
      vertex 11.5 199.7 11.05
      vertex 7.5 199.667 10.7183
      vertex 11.5 199.667 10.7183
    endloop
  endfacet
  facet normal 0 -0.880788 0.47351
    outer loop
      vertex 7.5 199.413 10.1055
      vertex 11.5 199.571 10.3994
      vertex 7.5 199.571 10.3994
    endloop
  endfacet
  facet normal 0 -0.880788 0.47351
    outer loop
      vertex 11.5 199.571 10.3994
      vertex 7.5 199.413 10.1055
      vertex 11.5 199.413 10.1055
    endloop
  endfacet
  facet normal 0 -0.290099 -0.956997
    outer loop
      vertex 7.5 198.332 12.7173
      vertex 11.5 198.651 12.6206
      vertex 11.5 198.332 12.7173
    endloop
  endfacet
  facet normal -0 -0.290099 -0.956997
    outer loop
      vertex 11.5 198.651 12.6206
      vertex 7.5 198.332 12.7173
      vertex 7.5 198.651 12.6206
    endloop
  endfacet
  facet normal 0 -0.472539 -0.88131
    outer loop
      vertex 7.5 198.651 12.6206
      vertex 11.5 198.944 12.4635
      vertex 11.5 198.651 12.6206
    endloop
  endfacet
  facet normal -0 -0.472539 -0.88131
    outer loop
      vertex 11.5 198.944 12.4635
      vertex 7.5 198.651 12.6206
      vertex 7.5 198.944 12.4635
    endloop
  endfacet
  facet normal 0 -0.0980197 -0.995184
    outer loop
      vertex 7.5 198 12.75
      vertex 11.5 198.332 12.7173
      vertex 11.5 198 12.75
    endloop
  endfacet
  facet normal -0 -0.0980197 -0.995184
    outer loop
      vertex 11.5 198.332 12.7173
      vertex 7.5 198 12.75
      vertex 7.5 198.332 12.7173
    endloop
  endfacet
  facet normal 0 -0.773609 -0.633663
    outer loop
      vertex 7.5 199.413 11.9945
      vertex 11.5 199.202 12.2521
      vertex 7.5 199.202 12.2521
    endloop
  endfacet
  facet normal 0 -0.773609 -0.633663
    outer loop
      vertex 11.5 199.202 12.2521
      vertex 7.5 199.413 11.9945
      vertex 11.5 199.413 11.9945
    endloop
  endfacet
  facet normal 0 -0.957553 -0.288257
    outer loop
      vertex 7.5 199.667 11.3817
      vertex 11.5 199.571 11.7006
      vertex 7.5 199.571 11.7006
    endloop
  endfacet
  facet normal 0 -0.957553 -0.288257
    outer loop
      vertex 11.5 199.571 11.7006
      vertex 7.5 199.667 11.3817
      vertex 11.5 199.667 11.3817
    endloop
  endfacet
  facet normal -0 0.0979306 0.995193
    outer loop
      vertex 7.5 198 9.35
      vertex 11.5 197.668 9.38267
      vertex 11.5 198 9.35
    endloop
  endfacet
  facet normal 0 0.0979306 0.995193
    outer loop
      vertex 11.5 197.668 9.38267
      vertex 7.5 198 9.35
      vertex 7.5 197.668 9.38267
    endloop
  endfacet
  facet normal 0 0.957553 0.288257
    outer loop
      vertex 11.5 196.429 10.3994
      vertex 7.5 196.333 10.7183
      vertex 11.5 196.333 10.7183
    endloop
  endfacet
  facet normal 0 0.957553 0.288257
    outer loop
      vertex 7.5 196.333 10.7183
      vertex 11.5 196.429 10.3994
      vertex 7.5 196.429 10.3994
    endloop
  endfacet
  facet normal 0 0.0980197 -0.995184
    outer loop
      vertex 7.5 197.668 12.7173
      vertex 11.5 198 12.75
      vertex 11.5 197.668 12.7173
    endloop
  endfacet
  facet normal 0 0.0980197 -0.995184
    outer loop
      vertex 11.5 198 12.75
      vertex 7.5 197.668 12.7173
      vertex 7.5 198 12.75
    endloop
  endfacet
  facet normal -0 0.472515 0.881323
    outer loop
      vertex 7.5 197.349 9.47941
      vertex 11.5 197.056 9.6365
      vertex 11.5 197.349 9.47941
    endloop
  endfacet
  facet normal 0 0.472515 0.881323
    outer loop
      vertex 11.5 197.056 9.6365
      vertex 7.5 197.349 9.47941
      vertex 7.5 197.056 9.6365
    endloop
  endfacet
  facet normal 0 0.880788 -0.47351
    outer loop
      vertex 11.5 196.429 11.7006
      vertex 7.5 196.587 11.9945
      vertex 11.5 196.587 11.9945
    endloop
  endfacet
  facet normal 0 0.880788 -0.47351
    outer loop
      vertex 7.5 196.587 11.9945
      vertex 11.5 196.429 11.7006
      vertex 7.5 196.429 11.7006
    endloop
  endfacet
  facet normal 0 0.633793 -0.773503
    outer loop
      vertex 7.5 196.798 12.2521
      vertex 11.5 197.056 12.4635
      vertex 11.5 196.798 12.2521
    endloop
  endfacet
  facet normal 0 0.633793 -0.773503
    outer loop
      vertex 11.5 197.056 12.4635
      vertex 7.5 196.798 12.2521
      vertex 7.5 197.056 12.4635
    endloop
  endfacet
  facet normal 0 0.290099 -0.956997
    outer loop
      vertex 7.5 197.349 12.6206
      vertex 11.5 197.668 12.7173
      vertex 11.5 197.349 12.6206
    endloop
  endfacet
  facet normal 0 0.290099 -0.956997
    outer loop
      vertex 11.5 197.668 12.7173
      vertex 7.5 197.349 12.6206
      vertex 7.5 197.668 12.7173
    endloop
  endfacet
  facet normal 0 0.773585 0.633692
    outer loop
      vertex 11.5 196.798 9.84792
      vertex 7.5 196.587 10.1055
      vertex 11.5 196.587 10.1055
    endloop
  endfacet
  facet normal 0 0.773585 0.633692
    outer loop
      vertex 7.5 196.587 10.1055
      vertex 11.5 196.798 9.84792
      vertex 7.5 196.798 9.84792
    endloop
  endfacet
  facet normal 0 0.880788 0.47351
    outer loop
      vertex 11.5 196.587 10.1055
      vertex 7.5 196.429 10.3994
      vertex 11.5 196.429 10.3994
    endloop
  endfacet
  facet normal 0 0.880788 0.47351
    outer loop
      vertex 7.5 196.429 10.3994
      vertex 11.5 196.587 10.1055
      vertex 7.5 196.587 10.1055
    endloop
  endfacet
  facet normal -0 0.290209 0.956963
    outer loop
      vertex 7.5 197.668 9.38267
      vertex 11.5 197.349 9.47941
      vertex 11.5 197.668 9.38267
    endloop
  endfacet
  facet normal 0 0.290209 0.956963
    outer loop
      vertex 11.5 197.349 9.47941
      vertex 7.5 197.668 9.38267
      vertex 7.5 197.349 9.47941
    endloop
  endfacet
  facet normal 0 0.957553 -0.288257
    outer loop
      vertex 11.5 196.333 11.3817
      vertex 7.5 196.429 11.7006
      vertex 11.5 196.429 11.7006
    endloop
  endfacet
  facet normal 0 0.957553 -0.288257
    outer loop
      vertex 7.5 196.429 11.7006
      vertex 11.5 196.333 11.3817
      vertex 7.5 196.333 11.3817
    endloop
  endfacet
  facet normal 0 0.773609 -0.633663
    outer loop
      vertex 11.5 196.587 11.9945
      vertex 7.5 196.798 12.2521
      vertex 11.5 196.798 12.2521
    endloop
  endfacet
  facet normal 0 0.773609 -0.633663
    outer loop
      vertex 7.5 196.798 12.2521
      vertex 11.5 196.587 11.9945
      vertex 7.5 196.587 11.9945
    endloop
  endfacet
  facet normal 0 0.472539 -0.88131
    outer loop
      vertex 7.5 197.056 12.4635
      vertex 11.5 197.349 12.6206
      vertex 11.5 197.056 12.4635
    endloop
  endfacet
  facet normal 0 0.472539 -0.88131
    outer loop
      vertex 11.5 197.349 12.6206
      vertex 7.5 197.056 12.4635
      vertex 7.5 197.349 12.6206
    endloop
  endfacet
  facet normal -0 0.633829 0.773474
    outer loop
      vertex 7.5 197.056 9.6365
      vertex 11.5 196.798 9.84792
      vertex 11.5 197.056 9.6365
    endloop
  endfacet
  facet normal 0 0.633829 0.773474
    outer loop
      vertex 11.5 196.798 9.84792
      vertex 7.5 197.056 9.6365
      vertex 7.5 196.798 9.84792
    endloop
  endfacet
  facet normal 0 0.995088 -0.0989988
    outer loop
      vertex 11.5 196.3 11.05
      vertex 7.5 196.333 11.3817
      vertex 11.5 196.333 11.3817
    endloop
  endfacet
  facet normal 0 0.995088 -0.0989988
    outer loop
      vertex 7.5 196.333 11.3817
      vertex 11.5 196.3 11.05
      vertex 7.5 196.3 11.05
    endloop
  endfacet
  facet normal 0 -0.0980635 0.99518
    outer loop
      vertex 79.1 130.39 9.08843
      vertex 86.1 130 9.05
      vertex 86.1 130.39 9.08843
    endloop
  endfacet
  facet normal 0 -0.0980635 0.99518
    outer loop
      vertex 86.1 130 9.05
      vertex 79.1 130.39 9.08843
      vertex 79.1 130 9.05
    endloop
  endfacet
  facet normal 0 -0.995291 -0.0969274
    outer loop
      vertex 79.1 132 11.05
      vertex 86.1 131.962 11.4402
      vertex 79.1 131.962 11.4402
    endloop
  endfacet
  facet normal 0 -0.995291 -0.0969274
    outer loop
      vertex 86.1 131.962 11.4402
      vertex 79.1 132 11.05
      vertex 86.1 132 11.05
    endloop
  endfacet
  facet normal 0 -0.772664 0.634815
    outer loop
      vertex 79.1 131.414 9.63579
      vertex 86.1 131.663 9.93886
      vertex 79.1 131.663 9.93886
    endloop
  endfacet
  facet normal 0 -0.772664 0.634815
    outer loop
      vertex 86.1 131.663 9.93886
      vertex 79.1 131.414 9.63579
      vertex 86.1 131.414 9.63579
    endloop
  endfacet
  facet normal 0 -0.634446 -0.772968
    outer loop
      vertex 79.1 131.111 12.7129
      vertex 86.1 131.414 12.4642
      vertex 86.1 131.111 12.7129
    endloop
  endfacet
  facet normal -0 -0.634446 -0.772968
    outer loop
      vertex 86.1 131.414 12.4642
      vertex 79.1 131.111 12.7129
      vertex 79.1 131.414 12.4642
    endloop
  endfacet
  facet normal 0 -0.881688 -0.471832
    outer loop
      vertex 79.1 131.848 11.8154
      vertex 86.1 131.663 12.1611
      vertex 79.1 131.663 12.1611
    endloop
  endfacet
  facet normal 0 -0.881688 -0.471832
    outer loop
      vertex 86.1 131.663 12.1611
      vertex 79.1 131.848 11.8154
      vertex 86.1 131.848 11.8154
    endloop
  endfacet
  facet normal -0 0.634491 0.77293
    outer loop
      vertex 79.1 128.889 9.38706
      vertex 86.1 128.586 9.63579
      vertex 86.1 128.889 9.38706
    endloop
  endfacet
  facet normal 0 0.634491 0.77293
    outer loop
      vertex 86.1 128.586 9.63579
      vertex 79.1 128.889 9.38706
      vertex 79.1 128.586 9.63579
    endloop
  endfacet
  facet normal 0 0.772695 -0.634777
    outer loop
      vertex 86.1 128.337 12.1611
      vertex 79.1 128.586 12.4642
      vertex 86.1 128.586 12.4642
    endloop
  endfacet
  facet normal 0 0.772695 -0.634777
    outer loop
      vertex 79.1 128.586 12.4642
      vertex 86.1 128.337 12.1611
      vertex 79.1 128.337 12.1611
    endloop
  endfacet
  facet normal 0 -0.471157 0.882049
    outer loop
      vertex 79.1 131.111 9.38706
      vertex 86.1 130.765 9.20224
      vertex 86.1 131.111 9.38706
    endloop
  endfacet
  facet normal 0 -0.471157 0.882049
    outer loop
      vertex 86.1 130.765 9.20224
      vertex 79.1 131.111 9.38706
      vertex 79.1 130.765 9.20224
    endloop
  endfacet
  facet normal 0 -0.290413 0.956901
    outer loop
      vertex 79.1 130.765 9.20224
      vertex 86.1 130.39 9.08843
      vertex 86.1 130.765 9.20224
    endloop
  endfacet
  facet normal 0 -0.290413 0.956901
    outer loop
      vertex 86.1 130.39 9.08843
      vertex 79.1 130.765 9.20224
      vertex 79.1 130.39 9.08843
    endloop
  endfacet
  facet normal 0 -0.634491 0.77293
    outer loop
      vertex 79.1 131.414 9.63579
      vertex 86.1 131.111 9.38706
      vertex 86.1 131.414 9.63579
    endloop
  endfacet
  facet normal 0 -0.634491 0.77293
    outer loop
      vertex 86.1 131.111 9.38706
      vertex 79.1 131.414 9.63579
      vertex 79.1 131.111 9.38706
    endloop
  endfacet
  facet normal 0 -0.95681 0.290715
    outer loop
      vertex 79.1 131.848 10.2846
      vertex 86.1 131.962 10.6598
      vertex 79.1 131.962 10.6598
    endloop
  endfacet
  facet normal 0 -0.95681 0.290715
    outer loop
      vertex 86.1 131.962 10.6598
      vertex 79.1 131.848 10.2846
      vertex 86.1 131.848 10.2846
    endloop
  endfacet
  facet normal 0 -0.995291 0.0969274
    outer loop
      vertex 79.1 131.962 10.6598
      vertex 86.1 132 11.05
      vertex 79.1 132 11.05
    endloop
  endfacet
  facet normal 0 -0.995291 0.0969274
    outer loop
      vertex 86.1 132 11.05
      vertex 79.1 131.962 10.6598
      vertex 86.1 131.962 10.6598
    endloop
  endfacet
  facet normal 0 -0.881711 0.47179
    outer loop
      vertex 79.1 131.663 9.93886
      vertex 86.1 131.848 10.2846
      vertex 79.1 131.848 10.2846
    endloop
  endfacet
  facet normal 0 -0.881711 0.47179
    outer loop
      vertex 86.1 131.848 10.2846
      vertex 79.1 131.663 9.93886
      vertex 86.1 131.663 9.93886
    endloop
  endfacet
  facet normal 0 -0.29039 -0.956908
    outer loop
      vertex 79.1 130.39 13.0116
      vertex 86.1 130.765 12.8978
      vertex 86.1 130.39 13.0116
    endloop
  endfacet
  facet normal -0 -0.29039 -0.956908
    outer loop
      vertex 86.1 130.765 12.8978
      vertex 79.1 130.39 13.0116
      vertex 79.1 130.765 12.8978
    endloop
  endfacet
  facet normal 1 0 0
    outer loop
      vertex 79.1 131.962 11.4402
      vertex 79.1 131.962 10.6598
      vertex 79.1 132 11.05
    endloop
  endfacet
  facet normal 1 0 0
    outer loop
      vertex 79.1 131.848 11.8154
      vertex 79.1 131.962 10.6598
      vertex 79.1 131.962 11.4402
    endloop
  endfacet
  facet normal 1 0 0
    outer loop
      vertex 79.1 131.848 11.8154
      vertex 79.1 131.848 10.2846
      vertex 79.1 131.962 10.6598
    endloop
  endfacet
  facet normal 1 0 0
    outer loop
      vertex 79.1 131.663 12.1611
      vertex 79.1 131.848 10.2846
      vertex 79.1 131.848 11.8154
    endloop
  endfacet
  facet normal 1 0 0
    outer loop
      vertex 79.1 131.663 12.1611
      vertex 79.1 131.663 9.93886
      vertex 79.1 131.848 10.2846
    endloop
  endfacet
  facet normal 1 0 0
    outer loop
      vertex 79.1 131.414 12.4642
      vertex 79.1 131.663 9.93886
      vertex 79.1 131.663 12.1611
    endloop
  endfacet
  facet normal 1 0 0
    outer loop
      vertex 79.1 131.414 12.4642
      vertex 79.1 131.414 9.63579
      vertex 79.1 131.663 9.93886
    endloop
  endfacet
  facet normal 1 0 0
    outer loop
      vertex 79.1 131.111 12.7129
      vertex 79.1 131.414 9.63579
      vertex 79.1 131.414 12.4642
    endloop
  endfacet
  facet normal 1 0 0
    outer loop
      vertex 79.1 131.111 12.7129
      vertex 79.1 131.111 9.38706
      vertex 79.1 131.414 9.63579
    endloop
  endfacet
  facet normal 1 0 0
    outer loop
      vertex 79.1 130.765 12.8978
      vertex 79.1 131.111 9.38706
      vertex 79.1 131.111 12.7129
    endloop
  endfacet
  facet normal 1 0 0
    outer loop
      vertex 79.1 130.765 12.8978
      vertex 79.1 130.765 9.20224
      vertex 79.1 131.111 9.38706
    endloop
  endfacet
  facet normal 1 0 0
    outer loop
      vertex 79.1 130.39 13.0116
      vertex 79.1 130.765 9.20224
      vertex 79.1 130.765 12.8978
    endloop
  endfacet
  facet normal 1 0 0
    outer loop
      vertex 79.1 130.39 13.0116
      vertex 79.1 130.39 9.08843
      vertex 79.1 130.765 9.20224
    endloop
  endfacet
  facet normal 1 0 0
    outer loop
      vertex 79.1 130 13.05
      vertex 79.1 130.39 9.08843
      vertex 79.1 130.39 13.0116
    endloop
  endfacet
  facet normal 1 0 0
    outer loop
      vertex 79.1 130 13.05
      vertex 79.1 130 9.05
      vertex 79.1 130.39 9.08843
    endloop
  endfacet
  facet normal 1 -0 0
    outer loop
      vertex 79.1 129.61 13.0116
      vertex 79.1 130 9.05
      vertex 79.1 130 13.05
    endloop
  endfacet
  facet normal 1 0 0
    outer loop
      vertex 79.1 129.61 13.0116
      vertex 79.1 129.61 9.08843
      vertex 79.1 130 9.05
    endloop
  endfacet
  facet normal 1 -0 0
    outer loop
      vertex 79.1 129.235 12.8978
      vertex 79.1 129.61 9.08843
      vertex 79.1 129.61 13.0116
    endloop
  endfacet
  facet normal 1 0 0
    outer loop
      vertex 79.1 129.235 12.8978
      vertex 79.1 129.235 9.20224
      vertex 79.1 129.61 9.08843
    endloop
  endfacet
  facet normal 1 -0 0
    outer loop
      vertex 79.1 128.889 12.7129
      vertex 79.1 129.235 9.20224
      vertex 79.1 129.235 12.8978
    endloop
  endfacet
  facet normal 1 0 0
    outer loop
      vertex 79.1 128.889 12.7129
      vertex 79.1 128.889 9.38706
      vertex 79.1 129.235 9.20224
    endloop
  endfacet
  facet normal 1 -0 0
    outer loop
      vertex 79.1 128.586 12.4642
      vertex 79.1 128.889 9.38706
      vertex 79.1 128.889 12.7129
    endloop
  endfacet
  facet normal 1 0 0
    outer loop
      vertex 79.1 128.586 12.4642
      vertex 79.1 128.586 9.63579
      vertex 79.1 128.889 9.38706
    endloop
  endfacet
  facet normal 1 -0 0
    outer loop
      vertex 79.1 128.337 12.1611
      vertex 79.1 128.586 9.63579
      vertex 79.1 128.586 12.4642
    endloop
  endfacet
  facet normal 1 0 0
    outer loop
      vertex 79.1 128.337 12.1611
      vertex 79.1 128.337 9.93886
      vertex 79.1 128.586 9.63579
    endloop
  endfacet
  facet normal 1 -0 0
    outer loop
      vertex 79.1 128.152 11.8154
      vertex 79.1 128.337 9.93886
      vertex 79.1 128.337 12.1611
    endloop
  endfacet
  facet normal 1 0 0
    outer loop
      vertex 79.1 128.152 11.8154
      vertex 79.1 128.152 10.2846
      vertex 79.1 128.337 9.93886
    endloop
  endfacet
  facet normal 1 -0 0
    outer loop
      vertex 79.1 128.038 11.4402
      vertex 79.1 128.152 10.2846
      vertex 79.1 128.152 11.8154
    endloop
  endfacet
  facet normal 1 0 0
    outer loop
      vertex 79.1 128.038 11.4402
      vertex 79.1 128.038 10.6598
      vertex 79.1 128.152 10.2846
    endloop
  endfacet
  facet normal 1 0 -0
    outer loop
      vertex 79.1 128.038 10.6598
      vertex 79.1 128.038 11.4402
      vertex 79.1 128 11.05
    endloop
  endfacet
  facet normal 0 -0.471316 -0.881965
    outer loop
      vertex 79.1 130.765 12.8978
      vertex 86.1 131.111 12.7129
      vertex 86.1 130.765 12.8978
    endloop
  endfacet
  facet normal -0 -0.471316 -0.881965
    outer loop
      vertex 86.1 131.111 12.7129
      vertex 79.1 130.765 12.8978
      vertex 79.1 131.111 12.7129
    endloop
  endfacet
  facet normal 0 -0.0979877 -0.995188
    outer loop
      vertex 79.1 130 13.05
      vertex 86.1 130.39 13.0116
      vertex 86.1 130 13.05
    endloop
  endfacet
  facet normal -0 -0.0979877 -0.995188
    outer loop
      vertex 86.1 130.39 13.0116
      vertex 79.1 130 13.05
      vertex 79.1 130.39 13.0116
    endloop
  endfacet
  facet normal 0 -0.772695 -0.634777
    outer loop
      vertex 79.1 131.663 12.1611
      vertex 86.1 131.414 12.4642
      vertex 79.1 131.414 12.4642
    endloop
  endfacet
  facet normal 0 -0.772695 -0.634777
    outer loop
      vertex 86.1 131.414 12.4642
      vertex 79.1 131.663 12.1611
      vertex 86.1 131.663 12.1611
    endloop
  endfacet
  facet normal 0 -0.95681 -0.290715
    outer loop
      vertex 79.1 131.962 11.4402
      vertex 86.1 131.848 11.8154
      vertex 79.1 131.848 11.8154
    endloop
  endfacet
  facet normal 0 -0.95681 -0.290715
    outer loop
      vertex 86.1 131.848 11.8154
      vertex 79.1 131.962 11.4402
      vertex 86.1 131.962 11.4402
    endloop
  endfacet
  facet normal -0 0.0980635 0.99518
    outer loop
      vertex 79.1 130 9.05
      vertex 86.1 129.61 9.08843
      vertex 86.1 130 9.05
    endloop
  endfacet
  facet normal 0 0.0980635 0.99518
    outer loop
      vertex 86.1 129.61 9.08843
      vertex 79.1 130 9.05
      vertex 79.1 129.61 9.08843
    endloop
  endfacet
  facet normal 0 0.95681 0.290715
    outer loop
      vertex 86.1 128.152 10.2846
      vertex 79.1 128.038 10.6598
      vertex 86.1 128.038 10.6598
    endloop
  endfacet
  facet normal 0 0.95681 0.290715
    outer loop
      vertex 79.1 128.038 10.6598
      vertex 86.1 128.152 10.2846
      vertex 79.1 128.152 10.2846
    endloop
  endfacet
  facet normal 0 0.772664 0.634815
    outer loop
      vertex 86.1 128.586 9.63579
      vertex 79.1 128.337 9.93886
      vertex 86.1 128.337 9.93886
    endloop
  endfacet
  facet normal 0 0.772664 0.634815
    outer loop
      vertex 79.1 128.337 9.93886
      vertex 86.1 128.586 9.63579
      vertex 79.1 128.586 9.63579
    endloop
  endfacet
  facet normal 0 0.881688 -0.471832
    outer loop
      vertex 86.1 128.152 11.8154
      vertex 79.1 128.337 12.1611
      vertex 86.1 128.337 12.1611
    endloop
  endfacet
  facet normal 0 0.881688 -0.471832
    outer loop
      vertex 79.1 128.337 12.1611
      vertex 86.1 128.152 11.8154
      vertex 79.1 128.152 11.8154
    endloop
  endfacet
  facet normal 0 0.995291 -0.0969274
    outer loop
      vertex 86.1 128 11.05
      vertex 79.1 128.038 11.4402
      vertex 86.1 128.038 11.4402
    endloop
  endfacet
  facet normal 0 0.995291 -0.0969274
    outer loop
      vertex 79.1 128.038 11.4402
      vertex 86.1 128 11.05
      vertex 79.1 128 11.05
    endloop
  endfacet
  facet normal 0 0.29039 -0.956908
    outer loop
      vertex 79.1 129.235 12.8978
      vertex 86.1 129.61 13.0116
      vertex 86.1 129.235 12.8978
    endloop
  endfacet
  facet normal 0 0.29039 -0.956908
    outer loop
      vertex 86.1 129.61 13.0116
      vertex 79.1 129.235 12.8978
      vertex 79.1 129.61 13.0116
    endloop
  endfacet
  facet normal 0 0.634446 -0.772968
    outer loop
      vertex 79.1 128.586 12.4642
      vertex 86.1 128.889 12.7129
      vertex 86.1 128.586 12.4642
    endloop
  endfacet
  facet normal 0 0.634446 -0.772968
    outer loop
      vertex 86.1 128.889 12.7129
      vertex 79.1 128.586 12.4642
      vertex 79.1 128.889 12.7129
    endloop
  endfacet
  facet normal 0 0.471316 -0.881965
    outer loop
      vertex 79.1 128.889 12.7129
      vertex 86.1 129.235 12.8978
      vertex 86.1 128.889 12.7129
    endloop
  endfacet
  facet normal 0 0.471316 -0.881965
    outer loop
      vertex 86.1 129.235 12.8978
      vertex 79.1 128.889 12.7129
      vertex 79.1 129.235 12.8978
    endloop
  endfacet
  facet normal 0 0.0979877 -0.995188
    outer loop
      vertex 79.1 129.61 13.0116
      vertex 86.1 130 13.05
      vertex 86.1 129.61 13.0116
    endloop
  endfacet
  facet normal 0 0.0979877 -0.995188
    outer loop
      vertex 86.1 130 13.05
      vertex 79.1 129.61 13.0116
      vertex 79.1 130 13.05
    endloop
  endfacet
  facet normal 0 0.881711 0.47179
    outer loop
      vertex 86.1 128.337 9.93886
      vertex 79.1 128.152 10.2846
      vertex 86.1 128.152 10.2846
    endloop
  endfacet
  facet normal 0 0.881711 0.47179
    outer loop
      vertex 79.1 128.152 10.2846
      vertex 86.1 128.337 9.93886
      vertex 79.1 128.337 9.93886
    endloop
  endfacet
  facet normal -0 0.290413 0.956901
    outer loop
      vertex 79.1 129.61 9.08843
      vertex 86.1 129.235 9.20224
      vertex 86.1 129.61 9.08843
    endloop
  endfacet
  facet normal 0 0.290413 0.956901
    outer loop
      vertex 86.1 129.235 9.20224
      vertex 79.1 129.61 9.08843
      vertex 79.1 129.235 9.20224
    endloop
  endfacet
  facet normal -0 0.471157 0.882049
    outer loop
      vertex 79.1 129.235 9.20224
      vertex 86.1 128.889 9.38706
      vertex 86.1 129.235 9.20224
    endloop
  endfacet
  facet normal 0 0.471157 0.882049
    outer loop
      vertex 86.1 128.889 9.38706
      vertex 79.1 129.235 9.20224
      vertex 79.1 128.889 9.38706
    endloop
  endfacet
  facet normal 0 0.95681 -0.290715
    outer loop
      vertex 86.1 128.038 11.4402
      vertex 79.1 128.152 11.8154
      vertex 86.1 128.152 11.8154
    endloop
  endfacet
  facet normal 0 0.95681 -0.290715
    outer loop
      vertex 79.1 128.152 11.8154
      vertex 86.1 128.038 11.4402
      vertex 79.1 128.038 11.4402
    endloop
  endfacet
  facet normal 0 0.995291 0.0969274
    outer loop
      vertex 86.1 128.038 10.6598
      vertex 79.1 128 11.05
      vertex 86.1 128 11.05
    endloop
  endfacet
  facet normal 0 0.995291 0.0969274
    outer loop
      vertex 79.1 128 11.05
      vertex 86.1 128.038 10.6598
      vertex 79.1 128.038 10.6598
    endloop
  endfacet
  facet normal 0 -0.0980635 0.99518
    outer loop
      vertex 79.1 188.39 9.08843
      vertex 86.1 188 9.05
      vertex 86.1 188.39 9.08843
    endloop
  endfacet
  facet normal 0 -0.0980635 0.99518
    outer loop
      vertex 86.1 188 9.05
      vertex 79.1 188.39 9.08843
      vertex 79.1 188 9.05
    endloop
  endfacet
  facet normal 0 -0.995291 -0.0969274
    outer loop
      vertex 79.1 190 11.05
      vertex 86.1 189.962 11.4402
      vertex 79.1 189.962 11.4402
    endloop
  endfacet
  facet normal 0 -0.995291 -0.0969274
    outer loop
      vertex 86.1 189.962 11.4402
      vertex 79.1 190 11.05
      vertex 86.1 190 11.05
    endloop
  endfacet
  facet normal 0 -0.772664 0.634815
    outer loop
      vertex 79.1 189.414 9.63579
      vertex 86.1 189.663 9.93886
      vertex 79.1 189.663 9.93886
    endloop
  endfacet
  facet normal 0 -0.772664 0.634815
    outer loop
      vertex 86.1 189.663 9.93886
      vertex 79.1 189.414 9.63579
      vertex 86.1 189.414 9.63579
    endloop
  endfacet
  facet normal 0 -0.634446 -0.772968
    outer loop
      vertex 79.1 189.111 12.7129
      vertex 86.1 189.414 12.4642
      vertex 86.1 189.111 12.7129
    endloop
  endfacet
  facet normal -0 -0.634446 -0.772968
    outer loop
      vertex 86.1 189.414 12.4642
      vertex 79.1 189.111 12.7129
      vertex 79.1 189.414 12.4642
    endloop
  endfacet
  facet normal 0 -0.881688 -0.471832
    outer loop
      vertex 79.1 189.848 11.8154
      vertex 86.1 189.663 12.1611
      vertex 79.1 189.663 12.1611
    endloop
  endfacet
  facet normal 0 -0.881688 -0.471832
    outer loop
      vertex 86.1 189.663 12.1611
      vertex 79.1 189.848 11.8154
      vertex 86.1 189.848 11.8154
    endloop
  endfacet
  facet normal 0 0.772695 -0.634777
    outer loop
      vertex 86.1 186.337 12.1611
      vertex 79.1 186.586 12.4642
      vertex 86.1 186.586 12.4642
    endloop
  endfacet
  facet normal 0 0.772695 -0.634777
    outer loop
      vertex 79.1 186.586 12.4642
      vertex 86.1 186.337 12.1611
      vertex 79.1 186.337 12.1611
    endloop
  endfacet
  facet normal 0 -0.471157 0.882049
    outer loop
      vertex 79.1 189.111 9.38706
      vertex 86.1 188.765 9.20224
      vertex 86.1 189.111 9.38706
    endloop
  endfacet
  facet normal 0 -0.471157 0.882049
    outer loop
      vertex 86.1 188.765 9.20224
      vertex 79.1 189.111 9.38706
      vertex 79.1 188.765 9.20224
    endloop
  endfacet
  facet normal 0 -0.290413 0.956901
    outer loop
      vertex 79.1 188.765 9.20224
      vertex 86.1 188.39 9.08843
      vertex 86.1 188.765 9.20224
    endloop
  endfacet
  facet normal 0 -0.290413 0.956901
    outer loop
      vertex 86.1 188.39 9.08843
      vertex 79.1 188.765 9.20224
      vertex 79.1 188.39 9.08843
    endloop
  endfacet
  facet normal 0 -0.634491 0.77293
    outer loop
      vertex 79.1 189.414 9.63579
      vertex 86.1 189.111 9.38706
      vertex 86.1 189.414 9.63579
    endloop
  endfacet
  facet normal 0 -0.634491 0.77293
    outer loop
      vertex 86.1 189.111 9.38706
      vertex 79.1 189.414 9.63579
      vertex 79.1 189.111 9.38706
    endloop
  endfacet
  facet normal 0 -0.95681 0.290715
    outer loop
      vertex 79.1 189.848 10.2846
      vertex 86.1 189.962 10.6598
      vertex 79.1 189.962 10.6598
    endloop
  endfacet
  facet normal 0 -0.95681 0.290715
    outer loop
      vertex 86.1 189.962 10.6598
      vertex 79.1 189.848 10.2846
      vertex 86.1 189.848 10.2846
    endloop
  endfacet
  facet normal 0 -0.995291 0.0969274
    outer loop
      vertex 79.1 189.962 10.6598
      vertex 86.1 190 11.05
      vertex 79.1 190 11.05
    endloop
  endfacet
  facet normal 0 -0.995291 0.0969274
    outer loop
      vertex 86.1 190 11.05
      vertex 79.1 189.962 10.6598
      vertex 86.1 189.962 10.6598
    endloop
  endfacet
  facet normal 0 -0.881711 0.47179
    outer loop
      vertex 79.1 189.663 9.93886
      vertex 86.1 189.848 10.2846
      vertex 79.1 189.848 10.2846
    endloop
  endfacet
  facet normal 0 -0.881711 0.47179
    outer loop
      vertex 86.1 189.848 10.2846
      vertex 79.1 189.663 9.93886
      vertex 86.1 189.663 9.93886
    endloop
  endfacet
  facet normal 0 -0.29039 -0.956908
    outer loop
      vertex 79.1 188.39 13.0116
      vertex 86.1 188.765 12.8978
      vertex 86.1 188.39 13.0116
    endloop
  endfacet
  facet normal -0 -0.29039 -0.956908
    outer loop
      vertex 86.1 188.765 12.8978
      vertex 79.1 188.39 13.0116
      vertex 79.1 188.765 12.8978
    endloop
  endfacet
  facet normal 1 0 0
    outer loop
      vertex 79.1 189.962 11.4402
      vertex 79.1 189.962 10.6598
      vertex 79.1 190 11.05
    endloop
  endfacet
  facet normal 1 0 0
    outer loop
      vertex 79.1 189.848 11.8154
      vertex 79.1 189.962 10.6598
      vertex 79.1 189.962 11.4402
    endloop
  endfacet
  facet normal 1 0 0
    outer loop
      vertex 79.1 189.848 11.8154
      vertex 79.1 189.848 10.2846
      vertex 79.1 189.962 10.6598
    endloop
  endfacet
  facet normal 1 0 0
    outer loop
      vertex 79.1 189.663 12.1611
      vertex 79.1 189.848 10.2846
      vertex 79.1 189.848 11.8154
    endloop
  endfacet
  facet normal 1 0 0
    outer loop
      vertex 79.1 189.663 12.1611
      vertex 79.1 189.663 9.93886
      vertex 79.1 189.848 10.2846
    endloop
  endfacet
  facet normal 1 0 0
    outer loop
      vertex 79.1 189.414 12.4642
      vertex 79.1 189.663 9.93886
      vertex 79.1 189.663 12.1611
    endloop
  endfacet
  facet normal 1 0 0
    outer loop
      vertex 79.1 189.414 12.4642
      vertex 79.1 189.414 9.63579
      vertex 79.1 189.663 9.93886
    endloop
  endfacet
  facet normal 1 0 0
    outer loop
      vertex 79.1 189.111 12.7129
      vertex 79.1 189.414 9.63579
      vertex 79.1 189.414 12.4642
    endloop
  endfacet
  facet normal 1 0 0
    outer loop
      vertex 79.1 189.111 12.7129
      vertex 79.1 189.111 9.38706
      vertex 79.1 189.414 9.63579
    endloop
  endfacet
  facet normal 1 0 0
    outer loop
      vertex 79.1 188.765 12.8978
      vertex 79.1 189.111 9.38706
      vertex 79.1 189.111 12.7129
    endloop
  endfacet
  facet normal 1 0 0
    outer loop
      vertex 79.1 188.765 12.8978
      vertex 79.1 188.765 9.20224
      vertex 79.1 189.111 9.38706
    endloop
  endfacet
  facet normal 1 0 0
    outer loop
      vertex 79.1 188.39 13.0116
      vertex 79.1 188.765 9.20224
      vertex 79.1 188.765 12.8978
    endloop
  endfacet
  facet normal 1 0 0
    outer loop
      vertex 79.1 188.39 13.0116
      vertex 79.1 188.39 9.08843
      vertex 79.1 188.765 9.20224
    endloop
  endfacet
  facet normal 1 0 0
    outer loop
      vertex 79.1 188 13.05
      vertex 79.1 188.39 9.08843
      vertex 79.1 188.39 13.0116
    endloop
  endfacet
  facet normal 1 0 0
    outer loop
      vertex 79.1 188 13.05
      vertex 79.1 188 9.05
      vertex 79.1 188.39 9.08843
    endloop
  endfacet
  facet normal 1 -0 0
    outer loop
      vertex 79.1 187.61 13.0116
      vertex 79.1 188 9.05
      vertex 79.1 188 13.05
    endloop
  endfacet
  facet normal 1 0 0
    outer loop
      vertex 79.1 187.61 13.0116
      vertex 79.1 187.61 9.08843
      vertex 79.1 188 9.05
    endloop
  endfacet
  facet normal 1 -0 0
    outer loop
      vertex 79.1 187.235 12.8978
      vertex 79.1 187.61 9.08843
      vertex 79.1 187.61 13.0116
    endloop
  endfacet
  facet normal 1 0 0
    outer loop
      vertex 79.1 187.235 12.8978
      vertex 79.1 187.235 9.20224
      vertex 79.1 187.61 9.08843
    endloop
  endfacet
  facet normal 1 -0 0
    outer loop
      vertex 79.1 186.889 12.7129
      vertex 79.1 187.235 9.20224
      vertex 79.1 187.235 12.8978
    endloop
  endfacet
  facet normal 1 0 0
    outer loop
      vertex 79.1 186.889 12.7129
      vertex 79.1 186.889 9.38706
      vertex 79.1 187.235 9.20224
    endloop
  endfacet
  facet normal 1 -0 0
    outer loop
      vertex 79.1 186.586 12.4642
      vertex 79.1 186.889 9.38706
      vertex 79.1 186.889 12.7129
    endloop
  endfacet
  facet normal 1 0 0
    outer loop
      vertex 79.1 186.586 12.4642
      vertex 79.1 186.586 9.63579
      vertex 79.1 186.889 9.38706
    endloop
  endfacet
  facet normal 1 -0 0
    outer loop
      vertex 79.1 186.337 12.1611
      vertex 79.1 186.586 9.63579
      vertex 79.1 186.586 12.4642
    endloop
  endfacet
  facet normal 1 0 0
    outer loop
      vertex 79.1 186.337 12.1611
      vertex 79.1 186.337 9.93886
      vertex 79.1 186.586 9.63579
    endloop
  endfacet
  facet normal 1 -0 0
    outer loop
      vertex 79.1 186.152 11.8154
      vertex 79.1 186.337 9.93886
      vertex 79.1 186.337 12.1611
    endloop
  endfacet
  facet normal 1 0 0
    outer loop
      vertex 79.1 186.152 11.8154
      vertex 79.1 186.152 10.2846
      vertex 79.1 186.337 9.93886
    endloop
  endfacet
  facet normal 1 -0 0
    outer loop
      vertex 79.1 186.038 11.4402
      vertex 79.1 186.152 10.2846
      vertex 79.1 186.152 11.8154
    endloop
  endfacet
  facet normal 1 0 0
    outer loop
      vertex 79.1 186.038 11.4402
      vertex 79.1 186.038 10.6598
      vertex 79.1 186.152 10.2846
    endloop
  endfacet
  facet normal 1 0 -0
    outer loop
      vertex 79.1 186.038 10.6598
      vertex 79.1 186.038 11.4402
      vertex 79.1 186 11.05
    endloop
  endfacet
  facet normal 0 -0.471316 -0.881965
    outer loop
      vertex 79.1 188.765 12.8978
      vertex 86.1 189.111 12.7129
      vertex 86.1 188.765 12.8978
    endloop
  endfacet
  facet normal -0 -0.471316 -0.881965
    outer loop
      vertex 86.1 189.111 12.7129
      vertex 79.1 188.765 12.8978
      vertex 79.1 189.111 12.7129
    endloop
  endfacet
  facet normal 0 -0.0979877 -0.995188
    outer loop
      vertex 79.1 188 13.05
      vertex 86.1 188.39 13.0116
      vertex 86.1 188 13.05
    endloop
  endfacet
  facet normal -0 -0.0979877 -0.995188
    outer loop
      vertex 86.1 188.39 13.0116
      vertex 79.1 188 13.05
      vertex 79.1 188.39 13.0116
    endloop
  endfacet
  facet normal 0 -0.772695 -0.634777
    outer loop
      vertex 79.1 189.663 12.1611
      vertex 86.1 189.414 12.4642
      vertex 79.1 189.414 12.4642
    endloop
  endfacet
  facet normal 0 -0.772695 -0.634777
    outer loop
      vertex 86.1 189.414 12.4642
      vertex 79.1 189.663 12.1611
      vertex 86.1 189.663 12.1611
    endloop
  endfacet
  facet normal 0 -0.95681 -0.290715
    outer loop
      vertex 79.1 189.962 11.4402
      vertex 86.1 189.848 11.8154
      vertex 79.1 189.848 11.8154
    endloop
  endfacet
  facet normal 0 -0.95681 -0.290715
    outer loop
      vertex 86.1 189.848 11.8154
      vertex 79.1 189.962 11.4402
      vertex 86.1 189.962 11.4402
    endloop
  endfacet
  facet normal 0 0.95681 0.290715
    outer loop
      vertex 86.1 186.152 10.2846
      vertex 79.1 186.038 10.6598
      vertex 86.1 186.038 10.6598
    endloop
  endfacet
  facet normal 0 0.95681 0.290715
    outer loop
      vertex 79.1 186.038 10.6598
      vertex 86.1 186.152 10.2846
      vertex 79.1 186.152 10.2846
    endloop
  endfacet
  facet normal 0 0.772664 0.634815
    outer loop
      vertex 86.1 186.586 9.63579
      vertex 79.1 186.337 9.93886
      vertex 86.1 186.337 9.93886
    endloop
  endfacet
  facet normal 0 0.772664 0.634815
    outer loop
      vertex 79.1 186.337 9.93886
      vertex 86.1 186.586 9.63579
      vertex 79.1 186.586 9.63579
    endloop
  endfacet
  facet normal 0 0.881688 -0.471832
    outer loop
      vertex 86.1 186.152 11.8154
      vertex 79.1 186.337 12.1611
      vertex 86.1 186.337 12.1611
    endloop
  endfacet
  facet normal 0 0.881688 -0.471832
    outer loop
      vertex 79.1 186.337 12.1611
      vertex 86.1 186.152 11.8154
      vertex 79.1 186.152 11.8154
    endloop
  endfacet
  facet normal 0 0.995291 -0.0969274
    outer loop
      vertex 86.1 186 11.05
      vertex 79.1 186.038 11.4402
      vertex 86.1 186.038 11.4402
    endloop
  endfacet
  facet normal 0 0.995291 -0.0969274
    outer loop
      vertex 79.1 186.038 11.4402
      vertex 86.1 186 11.05
      vertex 79.1 186 11.05
    endloop
  endfacet
  facet normal 0 0.29039 -0.956908
    outer loop
      vertex 79.1 187.235 12.8978
      vertex 86.1 187.61 13.0116
      vertex 86.1 187.235 12.8978
    endloop
  endfacet
  facet normal 0 0.29039 -0.956908
    outer loop
      vertex 86.1 187.61 13.0116
      vertex 79.1 187.235 12.8978
      vertex 79.1 187.61 13.0116
    endloop
  endfacet
  facet normal 0 0.634446 -0.772968
    outer loop
      vertex 79.1 186.586 12.4642
      vertex 86.1 186.889 12.7129
      vertex 86.1 186.586 12.4642
    endloop
  endfacet
  facet normal 0 0.634446 -0.772968
    outer loop
      vertex 86.1 186.889 12.7129
      vertex 79.1 186.586 12.4642
      vertex 79.1 186.889 12.7129
    endloop
  endfacet
  facet normal 0 0.471316 -0.881965
    outer loop
      vertex 79.1 186.889 12.7129
      vertex 86.1 187.235 12.8978
      vertex 86.1 186.889 12.7129
    endloop
  endfacet
  facet normal 0 0.471316 -0.881965
    outer loop
      vertex 86.1 187.235 12.8978
      vertex 79.1 186.889 12.7129
      vertex 79.1 187.235 12.8978
    endloop
  endfacet
  facet normal 0 0.0979877 -0.995188
    outer loop
      vertex 79.1 187.61 13.0116
      vertex 86.1 188 13.05
      vertex 86.1 187.61 13.0116
    endloop
  endfacet
  facet normal 0 0.0979877 -0.995188
    outer loop
      vertex 86.1 188 13.05
      vertex 79.1 187.61 13.0116
      vertex 79.1 188 13.05
    endloop
  endfacet
  facet normal 0 0.881711 0.47179
    outer loop
      vertex 86.1 186.337 9.93886
      vertex 79.1 186.152 10.2846
      vertex 86.1 186.152 10.2846
    endloop
  endfacet
  facet normal 0 0.881711 0.47179
    outer loop
      vertex 79.1 186.152 10.2846
      vertex 86.1 186.337 9.93886
      vertex 79.1 186.337 9.93886
    endloop
  endfacet
  facet normal -0 0.634491 0.77293
    outer loop
      vertex 79.1 186.889 9.38706
      vertex 86.1 186.586 9.63579
      vertex 86.1 186.889 9.38706
    endloop
  endfacet
  facet normal 0 0.634491 0.77293
    outer loop
      vertex 86.1 186.586 9.63579
      vertex 79.1 186.889 9.38706
      vertex 79.1 186.586 9.63579
    endloop
  endfacet
  facet normal -0 0.290413 0.956901
    outer loop
      vertex 79.1 187.61 9.08843
      vertex 86.1 187.235 9.20224
      vertex 86.1 187.61 9.08843
    endloop
  endfacet
  facet normal 0 0.290413 0.956901
    outer loop
      vertex 86.1 187.235 9.20224
      vertex 79.1 187.61 9.08843
      vertex 79.1 187.235 9.20224
    endloop
  endfacet
  facet normal -0 0.471157 0.882049
    outer loop
      vertex 79.1 187.235 9.20224
      vertex 86.1 186.889 9.38706
      vertex 86.1 187.235 9.20224
    endloop
  endfacet
  facet normal 0 0.471157 0.882049
    outer loop
      vertex 86.1 186.889 9.38706
      vertex 79.1 187.235 9.20224
      vertex 79.1 186.889 9.38706
    endloop
  endfacet
  facet normal -0 0.0980635 0.99518
    outer loop
      vertex 79.1 188 9.05
      vertex 86.1 187.61 9.08843
      vertex 86.1 188 9.05
    endloop
  endfacet
  facet normal 0 0.0980635 0.99518
    outer loop
      vertex 86.1 187.61 9.08843
      vertex 79.1 188 9.05
      vertex 79.1 187.61 9.08843
    endloop
  endfacet
  facet normal 0 0.95681 -0.290715
    outer loop
      vertex 86.1 186.038 11.4402
      vertex 79.1 186.152 11.8154
      vertex 86.1 186.152 11.8154
    endloop
  endfacet
  facet normal 0 0.95681 -0.290715
    outer loop
      vertex 79.1 186.152 11.8154
      vertex 86.1 186.038 11.4402
      vertex 79.1 186.038 11.4402
    endloop
  endfacet
  facet normal 0 0.995291 0.0969274
    outer loop
      vertex 86.1 186.038 10.6598
      vertex 79.1 186 11.05
      vertex 86.1 186 11.05
    endloop
  endfacet
  facet normal 0 0.995291 0.0969274
    outer loop
      vertex 79.1 186 11.05
      vertex 86.1 186.038 10.6598
      vertex 79.1 186.038 10.6598
    endloop
  endfacet
  facet normal 0 0 -1
    outer loop
      vertex 78.1 140 6.05
      vertex 86.1 176 6.05
      vertex 86.1 140 6.05
    endloop
  endfacet
  facet normal -0 0 -1
    outer loop
      vertex 86.1 176 6.05
      vertex 78.1 140 6.05
      vertex 78.1 176 6.05
    endloop
  endfacet
  facet normal 1 -0 0
    outer loop
      vertex 45 140 5.05
      vertex 45 176 0.05
      vertex 45 176 5.05
    endloop
  endfacet
  facet normal 1 0 0
    outer loop
      vertex 45 176 0.05
      vertex 45 140 5.05
      vertex 45 140 0.05
    endloop
  endfacet
  facet normal 0 1 0
    outer loop
      vertex 86.1 140 6.05
      vertex 78.1 140 5.05
      vertex 78.1 140 6.05
    endloop
  endfacet
  facet normal 0 1 -0
    outer loop
      vertex 86.1 140 0.05
      vertex 78.1 140 5.05
      vertex 86.1 140 6.05
    endloop
  endfacet
  facet normal 0 1 0
    outer loop
      vertex 45 140 0.05
      vertex 78.1 140 5.05
      vertex 86.1 140 0.05
    endloop
  endfacet
  facet normal 0 1 0
    outer loop
      vertex 78.1 140 5.05
      vertex 45 140 0.05
      vertex 45 140 5.05
    endloop
  endfacet
  facet normal 0 -1 0
    outer loop
      vertex 45 176 5.05
      vertex 45 176 0.05
      vertex 78.1 176 5.05
    endloop
  endfacet
  facet normal 0 -1 0
    outer loop
      vertex 78.1 176 5.05
      vertex 86.1 176 6.05
      vertex 78.1 176 6.05
    endloop
  endfacet
  facet normal 0 -1 0
    outer loop
      vertex 86.1 176 0.05
      vertex 78.1 176 5.05
      vertex 45 176 0.05
    endloop
  endfacet
  facet normal 0 -1 0
    outer loop
      vertex 78.1 176 5.05
      vertex 86.1 176 0.05
      vertex 86.1 176 6.05
    endloop
  endfacet
endsolid OpenSCAD_Model
