solid OpenSCAD_Model
  facet normal 0 0 -1
    outer loop
      vertex 54.4 0 33.95
      vertex 56.9 94 33.95
      vertex 56.9 0 33.95
    endloop
  endfacet
  facet normal -0 0 -1
    outer loop
      vertex 56.9 94 33.95
      vertex 54.4 0 33.95
      vertex 54.4 94 33.95
    endloop
  endfacet
  facet normal -1 0 0
    outer loop
      vertex 54.4 0 33.95
      vertex 54.4 94 40.45
      vertex 54.4 94 33.95
    endloop
  endfacet
  facet normal -1 -0 0
    outer loop
      vertex 54.4 94 40.45
      vertex 54.4 0 33.95
      vertex 54.4 0 40.45
    endloop
  endfacet
  facet normal -0 0 1
    outer loop
      vertex 54.4 94 40.45
      vertex 56.9 0 40.45
      vertex 56.9 94 40.45
    endloop
  endfacet
  facet normal 0 0 1
    outer loop
      vertex 56.9 0 40.45
      vertex 54.4 94 40.45
      vertex 54.4 0 40.45
    endloop
  endfacet
  facet normal 0 1 0
    outer loop
      vertex 58.9 94 138.85
      vertex 56.9 94 136.35
      vertex 53.5 94 138.85
    endloop
  endfacet
  facet normal 0 1 0
    outer loop
      vertex 58.9 94 138.85
      vertex 56.9 94 135.95
      vertex 56.9 94 136.35
    endloop
  endfacet
  facet normal 0 1 0
    outer loop
      vertex 56.9 94 135.95
      vertex 56.9 94 129.45
      vertex 54.4 94 135.95
    endloop
  endfacet
  facet normal 0 1 0
    outer loop
      vertex 58.9 94 138.85
      vertex 56.9 94 129.45
      vertex 56.9 94 135.95
    endloop
  endfacet
  facet normal 0 1 0
    outer loop
      vertex 58.9 94 138.85
      vertex 56.9 94 105.95
      vertex 56.9 94 129.45
    endloop
  endfacet
  facet normal 0 1 0
    outer loop
      vertex 56.9 94 105.95
      vertex 56.9 94 99.45
      vertex 54.4 94 105.95
    endloop
  endfacet
  facet normal 0 1 0
    outer loop
      vertex 58.9 94 138.85
      vertex 56.9 94 99.45
      vertex 56.9 94 105.95
    endloop
  endfacet
  facet normal 0 1 0
    outer loop
      vertex 58.9 94 138.85
      vertex 56.9 94 65.95
      vertex 56.9 94 99.45
    endloop
  endfacet
  facet normal 0 1 0
    outer loop
      vertex 56.9 94 65.95
      vertex 56.9 94 59.45
      vertex 54.4 94 65.95
    endloop
  endfacet
  facet normal 0 1 -0
    outer loop
      vertex 58.9 94 31.45
      vertex 56.9 94 65.95
      vertex 58.9 94 138.85
    endloop
  endfacet
  facet normal 0 1 0
    outer loop
      vertex 56.9 94 65.95
      vertex 58.9 94 31.45
      vertex 56.9 94 59.45
    endloop
  endfacet
  facet normal 0 1 0
    outer loop
      vertex 56.9 94 40.45
      vertex 56.9 94 33.95
      vertex 54.4 94 40.45
    endloop
  endfacet
  facet normal 0 1 0
    outer loop
      vertex 56.9 94 59.45
      vertex 58.9 94 31.45
      vertex 56.9 94 40.45
    endloop
  endfacet
  facet normal -0 -1 0
    outer loop
      vertex 56.9 94 33.95
      vertex 54.4 94 33.95
      vertex 53.5 94 31.45
    endloop
  endfacet
  facet normal 0 1 0
    outer loop
      vertex 56.9 94 40.45
      vertex 58.9 94 31.45
      vertex 56.9 94 33.95
    endloop
  endfacet
  facet normal 0 1 0
    outer loop
      vertex 53.5 94 31.45
      vertex 56.9 94 33.95
      vertex 58.9 94 31.45
    endloop
  endfacet
  facet normal 0 1 0
    outer loop
      vertex 54.4 94 33.95
      vertex 53.5 94 31.45
      vertex 53.5 94 33.95
    endloop
  endfacet
  facet normal 0 1 0
    outer loop
      vertex 53.5 94 138.85
      vertex 56.9 94 136.35
      vertex 53.5 94 136.35
    endloop
  endfacet
  facet normal 0 1 0
    outer loop
      vertex 54.4 94 135.95
      vertex 56.9 94 129.45
      vertex 54.4 94 129.45
    endloop
  endfacet
  facet normal 0 1 0
    outer loop
      vertex 54.4 94 105.95
      vertex 56.9 94 99.45
      vertex 54.4 94 99.45
    endloop
  endfacet
  facet normal 0 1 0
    outer loop
      vertex 54.4 94 65.95
      vertex 56.9 94 59.45
      vertex 54.4 94 59.45
    endloop
  endfacet
  facet normal 0 1 0
    outer loop
      vertex 54.4 94 40.45
      vertex 56.9 94 33.95
      vertex 54.4 94 33.95
    endloop
  endfacet
  facet normal 0 0 -0
    outer loop
      vertex 54.4 94 33.95
      vertex 53.5 94 33.95
      vertex 56.9 94 33.95
    endloop
  endfacet
  facet normal -0 1 0
    outer loop
      vertex 54.4 94 33.95
      vertex 56.9 94 33.95
      vertex 53.5 94 31.45
    endloop
  endfacet
  facet normal -0 1 0
    outer loop
      vertex 54.4 94 33.95
      vertex 56.9 94 33.95
      vertex 53.5 94 31.45
    endloop
  endfacet
  facet normal 1 0 0
    outer loop
      vertex 58.9 21.2021 125.248
      vertex 58.9 76.7979 125.248
      vertex 58.9 21.4135 125.506
    endloop
  endfacet
  facet normal 1 0 0
    outer loop
      vertex 58.9 77.0555 43.8635
      vertex 58.9 21.6673 42.7817
      vertex 58.9 21.7 42.45
    endloop
  endfacet
  facet normal 1 0 0
    outer loop
      vertex 58.9 76.7979 125.248
      vertex 58.9 21.2021 125.248
      vertex 58.9 77.0555 125.036
    endloop
  endfacet
  facet normal 1 0 0
    outer loop
      vertex 58.9 77.0555 43.8635
      vertex 58.9 21.5706 43.1006
      vertex 58.9 21.6673 42.7817
    endloop
  endfacet
  facet normal 1 0 0
    outer loop
      vertex 58.9 20.9445 125.036
      vertex 58.9 77.0555 125.036
      vertex 58.9 21.2021 125.248
    endloop
  endfacet
  facet normal 1 0 0
    outer loop
      vertex 58.9 77.0555 43.8635
      vertex 58.9 21.4135 43.3945
      vertex 58.9 21.5706 43.1006
    endloop
  endfacet
  facet normal 1 0 0
    outer loop
      vertex 58.9 77.0555 125.036
      vertex 58.9 20.9445 125.036
      vertex 58.9 77.0555 43.8635
    endloop
  endfacet
  facet normal 1 0 0
    outer loop
      vertex 58.9 77.0555 43.8635
      vertex 58.9 21.2021 43.6521
      vertex 58.9 21.4135 43.3945
    endloop
  endfacet
  facet normal 1 0 0
    outer loop
      vertex 58.9 20.9445 43.8635
      vertex 58.9 77.0555 43.8635
      vertex 58.9 20.9445 125.036
    endloop
  endfacet
  facet normal 1 0 0
    outer loop
      vertex 58.9 77.0555 43.8635
      vertex 58.9 20.9445 43.8635
      vertex 58.9 21.2021 43.6521
    endloop
  endfacet
  facet normal 1 -0 0
    outer loop
      vertex 58.9 20.6506 124.879
      vertex 58.9 20.9445 43.8635
      vertex 58.9 20.9445 125.036
    endloop
  endfacet
  facet normal 1 0 0
    outer loop
      vertex 58.9 20.6506 124.879
      vertex 58.9 20.6506 44.0206
      vertex 58.9 20.9445 43.8635
    endloop
  endfacet
  facet normal 1 -0 0
    outer loop
      vertex 58.9 20.3317 124.783
      vertex 58.9 20.6506 44.0206
      vertex 58.9 20.6506 124.879
    endloop
  endfacet
  facet normal 1 0 0
    outer loop
      vertex 58.9 20.3317 124.783
      vertex 58.9 20.3317 44.1173
      vertex 58.9 20.6506 44.0206
    endloop
  endfacet
  facet normal 1 -0 0
    outer loop
      vertex 58.9 20 124.75
      vertex 58.9 20.3317 44.1173
      vertex 58.9 20.3317 124.783
    endloop
  endfacet
  facet normal 1 0 0
    outer loop
      vertex 58.9 20 124.75
      vertex 58.9 20 44.15
      vertex 58.9 20.3317 44.1173
    endloop
  endfacet
  facet normal 1 0 0
    outer loop
      vertex 58.9 19.6683 124.783
      vertex 58.9 20 44.15
      vertex 58.9 20 124.75
    endloop
  endfacet
  facet normal 1 0 0
    outer loop
      vertex 58.9 19.6683 124.783
      vertex 58.9 19.6683 44.1173
      vertex 58.9 20 44.15
    endloop
  endfacet
  facet normal 1 0 0
    outer loop
      vertex 58.9 19.3494 124.879
      vertex 58.9 19.6683 44.1173
      vertex 58.9 19.6683 124.783
    endloop
  endfacet
  facet normal 1 0 0
    outer loop
      vertex 58.9 19.3494 124.879
      vertex 58.9 19.3494 44.0206
      vertex 58.9 19.6683 44.1173
    endloop
  endfacet
  facet normal 1 0 0
    outer loop
      vertex 58.9 19.0555 125.036
      vertex 58.9 19.3494 44.0206
      vertex 58.9 19.3494 124.879
    endloop
  endfacet
  facet normal 1 0 0
    outer loop
      vertex 58.9 19.0555 125.036
      vertex 58.9 19.0555 43.8635
      vertex 58.9 19.3494 44.0206
    endloop
  endfacet
  facet normal 1 0 0
    outer loop
      vertex 58.9 18.7979 125.248
      vertex 58.9 19.0555 43.8635
      vertex 58.9 19.0555 125.036
    endloop
  endfacet
  facet normal 1 0 0
    outer loop
      vertex 58.9 18.7979 125.248
      vertex 58.9 18.7979 43.6521
      vertex 58.9 19.0555 43.8635
    endloop
  endfacet
  facet normal 1 0 0
    outer loop
      vertex 58.9 0 138.85
      vertex 58.9 18.7979 125.248
      vertex 58.9 18.5865 125.506
    endloop
  endfacet
  facet normal 1 0 0
    outer loop
      vertex 58.9 18.7979 125.248
      vertex 58.9 0 31.45
      vertex 58.9 18.7979 43.6521
    endloop
  endfacet
  facet normal 1 0 0
    outer loop
      vertex 58.9 0 138.85
      vertex 58.9 18.5865 125.506
      vertex 58.9 18.4294 125.799
    endloop
  endfacet
  facet normal 1 0 0
    outer loop
      vertex 58.9 18.7979 43.6521
      vertex 58.9 0 31.45
      vertex 58.9 18.5865 43.3945
    endloop
  endfacet
  facet normal 1 0 0
    outer loop
      vertex 58.9 0 138.85
      vertex 58.9 18.4294 125.799
      vertex 58.9 18.3327 126.118
    endloop
  endfacet
  facet normal 1 0 0
    outer loop
      vertex 58.9 18.5865 43.3945
      vertex 58.9 0 31.45
      vertex 58.9 18.4294 43.1006
    endloop
  endfacet
  facet normal 1 0 0
    outer loop
      vertex 58.9 0 138.85
      vertex 58.9 18.3327 126.118
      vertex 58.9 18.3 126.45
    endloop
  endfacet
  facet normal 1 0 0
    outer loop
      vertex 58.9 18.4294 43.1006
      vertex 58.9 0 31.45
      vertex 58.9 18.3327 42.7817
    endloop
  endfacet
  facet normal 1 0 0
    outer loop
      vertex 58.9 79.4135 125.506
      vertex 58.9 94 138.85
      vertex 58.9 79.5706 125.799
    endloop
  endfacet
  facet normal 1 0 0
    outer loop
      vertex 58.9 94 31.45
      vertex 58.9 79.6673 42.7817
      vertex 58.9 79.7 42.45
    endloop
  endfacet
  facet normal 1 0 0
    outer loop
      vertex 58.9 94 138.85
      vertex 58.9 79.4135 125.506
      vertex 58.9 94 31.45
    endloop
  endfacet
  facet normal 1 0 0
    outer loop
      vertex 58.9 94 31.45
      vertex 58.9 79.5706 43.1006
      vertex 58.9 79.6673 42.7817
    endloop
  endfacet
  facet normal 1 -0 0
    outer loop
      vertex 58.9 79.2021 125.248
      vertex 58.9 94 31.45
      vertex 58.9 79.4135 125.506
    endloop
  endfacet
  facet normal 1 0 0
    outer loop
      vertex 58.9 94 31.45
      vertex 58.9 79.4135 43.3945
      vertex 58.9 79.5706 43.1006
    endloop
  endfacet
  facet normal 1 -0 0
    outer loop
      vertex 58.9 79.2021 43.6521
      vertex 58.9 94 31.45
      vertex 58.9 79.2021 125.248
    endloop
  endfacet
  facet normal 1 0 0
    outer loop
      vertex 58.9 94 31.45
      vertex 58.9 79.2021 43.6521
      vertex 58.9 79.4135 43.3945
    endloop
  endfacet
  facet normal 1 -0 0
    outer loop
      vertex 58.9 78.9445 125.036
      vertex 58.9 79.2021 43.6521
      vertex 58.9 79.2021 125.248
    endloop
  endfacet
  facet normal 1 0 0
    outer loop
      vertex 58.9 78.9445 125.036
      vertex 58.9 78.9445 43.8635
      vertex 58.9 79.2021 43.6521
    endloop
  endfacet
  facet normal 1 -0 0
    outer loop
      vertex 58.9 78.6506 124.879
      vertex 58.9 78.9445 43.8635
      vertex 58.9 78.9445 125.036
    endloop
  endfacet
  facet normal 1 0 0
    outer loop
      vertex 58.9 78.6506 124.879
      vertex 58.9 78.6506 44.0206
      vertex 58.9 78.9445 43.8635
    endloop
  endfacet
  facet normal 1 -0 0
    outer loop
      vertex 58.9 78.3316 124.783
      vertex 58.9 78.6506 44.0206
      vertex 58.9 78.6506 124.879
    endloop
  endfacet
  facet normal 1 0 0
    outer loop
      vertex 58.9 78.3316 124.783
      vertex 58.9 78.3316 44.1173
      vertex 58.9 78.6506 44.0206
    endloop
  endfacet
  facet normal 1 -0 0
    outer loop
      vertex 58.9 78 124.75
      vertex 58.9 78.3316 44.1173
      vertex 58.9 78.3316 124.783
    endloop
  endfacet
  facet normal 1 0 0
    outer loop
      vertex 58.9 78 124.75
      vertex 58.9 78 44.15
      vertex 58.9 78.3316 44.1173
    endloop
  endfacet
  facet normal 1 0 0
    outer loop
      vertex 58.9 77.6684 124.783
      vertex 58.9 78 44.15
      vertex 58.9 78 124.75
    endloop
  endfacet
  facet normal 1 0 0
    outer loop
      vertex 58.9 77.6684 124.783
      vertex 58.9 77.6684 44.1173
      vertex 58.9 78 44.15
    endloop
  endfacet
  facet normal 1 0 0
    outer loop
      vertex 58.9 77.3494 124.879
      vertex 58.9 77.6684 44.1173
      vertex 58.9 77.6684 124.783
    endloop
  endfacet
  facet normal 1 0 0
    outer loop
      vertex 58.9 77.3494 124.879
      vertex 58.9 77.3494 44.0206
      vertex 58.9 77.6684 44.1173
    endloop
  endfacet
  facet normal 1 0 0
    outer loop
      vertex 58.9 77.0555 125.036
      vertex 58.9 77.3494 44.0206
      vertex 58.9 77.3494 124.879
    endloop
  endfacet
  facet normal 1 0 0
    outer loop
      vertex 58.9 77.0555 125.036
      vertex 58.9 77.0555 43.8635
      vertex 58.9 77.3494 44.0206
    endloop
  endfacet
  facet normal 1 0 0
    outer loop
      vertex 58.9 76.4294 125.799
      vertex 58.9 21.5706 125.799
      vertex 58.9 76.5865 125.506
    endloop
  endfacet
  facet normal 1 0 0
    outer loop
      vertex 58.9 21.4135 125.506
      vertex 58.9 76.5865 125.506
      vertex 58.9 21.5706 125.799
    endloop
  endfacet
  facet normal 1 0 0
    outer loop
      vertex 58.9 21.5706 125.799
      vertex 58.9 76.4294 125.799
      vertex 58.9 21.6673 126.118
    endloop
  endfacet
  facet normal 1 0 0
    outer loop
      vertex 58.9 76.5865 125.506
      vertex 58.9 21.4135 125.506
      vertex 58.9 76.7979 125.248
    endloop
  endfacet
  facet normal 1 0 0
    outer loop
      vertex 58.9 76.3327 126.118
      vertex 58.9 21.6673 126.118
      vertex 58.9 76.4294 125.799
    endloop
  endfacet
  facet normal 1 0 0
    outer loop
      vertex 58.9 77.0555 43.8635
      vertex 58.9 21.7 42.45
      vertex 58.9 76.7979 43.6521
    endloop
  endfacet
  facet normal 1 0 0
    outer loop
      vertex 58.9 21.6673 126.118
      vertex 58.9 76.3327 126.118
      vertex 58.9 21.7 126.45
    endloop
  endfacet
  facet normal 1 0 0
    outer loop
      vertex 58.9 76.7979 43.6521
      vertex 58.9 21.7 42.45
      vertex 58.9 76.5865 43.3945
    endloop
  endfacet
  facet normal 1 -0 0
    outer loop
      vertex 58.9 21.7 126.45
      vertex 58.9 76.3327 126.118
      vertex 58.9 76.3 126.45
    endloop
  endfacet
  facet normal 1 0 0
    outer loop
      vertex 58.9 76.5865 43.3945
      vertex 58.9 21.7 42.45
      vertex 58.9 76.4294 43.1006
    endloop
  endfacet
  facet normal 1 0 0
    outer loop
      vertex 58.9 79.6673 126.118
      vertex 58.9 94 138.85
      vertex 58.9 79.7 126.45
    endloop
  endfacet
  facet normal 1 0 0
    outer loop
      vertex 58.9 94 138.85
      vertex 58.9 79.6673 126.782
      vertex 58.9 79.7 126.45
    endloop
  endfacet
  facet normal 1 0 0
    outer loop
      vertex 58.9 94 138.85
      vertex 58.9 79.5706 127.101
      vertex 58.9 79.6673 126.782
    endloop
  endfacet
  facet normal 1 0 0
    outer loop
      vertex 58.9 94 138.85
      vertex 58.9 79.4135 127.394
      vertex 58.9 79.5706 127.101
    endloop
  endfacet
  facet normal 1 0 0
    outer loop
      vertex 58.9 94 138.85
      vertex 58.9 79.2021 127.652
      vertex 58.9 79.4135 127.394
    endloop
  endfacet
  facet normal 1 0 0
    outer loop
      vertex 58.9 94 138.85
      vertex 58.9 78.9445 127.863
      vertex 58.9 79.2021 127.652
    endloop
  endfacet
  facet normal 1 0 0
    outer loop
      vertex 58.9 94 138.85
      vertex 58.9 78.6506 128.021
      vertex 58.9 78.9445 127.863
    endloop
  endfacet
  facet normal 1 0 0
    outer loop
      vertex 58.9 94 138.85
      vertex 58.9 78.3316 128.117
      vertex 58.9 78.6506 128.021
    endloop
  endfacet
  facet normal 1 0 0
    outer loop
      vertex 58.9 94 138.85
      vertex 58.9 78 128.15
      vertex 58.9 78.3316 128.117
    endloop
  endfacet
  facet normal 1 0 0
    outer loop
      vertex 58.9 94 138.85
      vertex 58.9 77.6684 128.117
      vertex 58.9 78 128.15
    endloop
  endfacet
  facet normal 1 0 0
    outer loop
      vertex 58.9 94 138.85
      vertex 58.9 77.3494 128.021
      vertex 58.9 77.6684 128.117
    endloop
  endfacet
  facet normal 1 0 0
    outer loop
      vertex 58.9 20.6506 128.021
      vertex 58.9 77.3494 128.021
      vertex 58.9 94 138.85
    endloop
  endfacet
  facet normal 1 0 0
    outer loop
      vertex 58.9 76.4294 43.1006
      vertex 58.9 21.7 42.45
      vertex 58.9 76.3327 42.7817
    endloop
  endfacet
  facet normal 1 0 0
    outer loop
      vertex 58.9 76.3327 126.782
      vertex 58.9 21.7 126.45
      vertex 58.9 76.3 126.45
    endloop
  endfacet
  facet normal 1 0 0
    outer loop
      vertex 58.9 21.6673 126.782
      vertex 58.9 76.3327 126.782
      vertex 58.9 76.4294 127.101
    endloop
  endfacet
  facet normal 1 0 0
    outer loop
      vertex 58.9 21.5706 127.101
      vertex 58.9 76.4294 127.101
      vertex 58.9 76.5865 127.394
    endloop
  endfacet
  facet normal 1 0 0
    outer loop
      vertex 58.9 21.4135 127.394
      vertex 58.9 76.5865 127.394
      vertex 58.9 76.7979 127.652
    endloop
  endfacet
  facet normal 1 0 0
    outer loop
      vertex 58.9 21.2021 127.652
      vertex 58.9 76.7979 127.652
      vertex 58.9 77.0555 127.863
    endloop
  endfacet
  facet normal 1 0 0
    outer loop
      vertex 58.9 77.3494 128.021
      vertex 58.9 20.6506 128.021
      vertex 58.9 77.0555 127.863
    endloop
  endfacet
  facet normal 1 0 0
    outer loop
      vertex 58.9 76.3327 126.782
      vertex 58.9 21.6673 126.782
      vertex 58.9 21.7 126.45
    endloop
  endfacet
  facet normal 1 0 0
    outer loop
      vertex 58.9 76.4294 127.101
      vertex 58.9 21.5706 127.101
      vertex 58.9 21.6673 126.782
    endloop
  endfacet
  facet normal 1 0 0
    outer loop
      vertex 58.9 76.5865 127.394
      vertex 58.9 21.4135 127.394
      vertex 58.9 21.5706 127.101
    endloop
  endfacet
  facet normal 1 0 0
    outer loop
      vertex 58.9 76.7979 127.652
      vertex 58.9 21.2021 127.652
      vertex 58.9 21.4135 127.394
    endloop
  endfacet
  facet normal 1 0 0
    outer loop
      vertex 58.9 77.0555 127.863
      vertex 58.9 20.9445 127.863
      vertex 58.9 21.2021 127.652
    endloop
  endfacet
  facet normal 1 0 0
    outer loop
      vertex 58.9 77.0555 127.863
      vertex 58.9 20.6506 128.021
      vertex 58.9 20.9445 127.863
    endloop
  endfacet
  facet normal 1 -0 0
    outer loop
      vertex 58.9 0 138.85
      vertex 58.9 20.6506 128.021
      vertex 58.9 94 138.85
    endloop
  endfacet
  facet normal 1 0 0
    outer loop
      vertex 58.9 20.6506 128.021
      vertex 58.9 0 138.85
      vertex 58.9 20.3317 128.117
    endloop
  endfacet
  facet normal 1 0 0
    outer loop
      vertex 58.9 20.3317 128.117
      vertex 58.9 0 138.85
      vertex 58.9 20 128.15
    endloop
  endfacet
  facet normal 1 0 0
    outer loop
      vertex 58.9 18.7979 125.248
      vertex 58.9 0 138.85
      vertex 58.9 0 31.45
    endloop
  endfacet
  facet normal 1 0 0
    outer loop
      vertex 58.9 18.3327 126.782
      vertex 58.9 0 138.85
      vertex 58.9 18.3 126.45
    endloop
  endfacet
  facet normal 1 0 0
    outer loop
      vertex 58.9 18.4294 127.101
      vertex 58.9 0 138.85
      vertex 58.9 18.3327 126.782
    endloop
  endfacet
  facet normal 1 0 0
    outer loop
      vertex 58.9 18.5865 127.394
      vertex 58.9 0 138.85
      vertex 58.9 18.4294 127.101
    endloop
  endfacet
  facet normal 1 0 0
    outer loop
      vertex 58.9 18.7979 127.652
      vertex 58.9 0 138.85
      vertex 58.9 18.5865 127.394
    endloop
  endfacet
  facet normal 1 0 0
    outer loop
      vertex 58.9 19.0555 127.863
      vertex 58.9 0 138.85
      vertex 58.9 18.7979 127.652
    endloop
  endfacet
  facet normal 1 0 0
    outer loop
      vertex 58.9 19.3494 128.021
      vertex 58.9 0 138.85
      vertex 58.9 19.0555 127.863
    endloop
  endfacet
  facet normal 1 0 0
    outer loop
      vertex 58.9 19.6683 128.117
      vertex 58.9 0 138.85
      vertex 58.9 19.3494 128.021
    endloop
  endfacet
  facet normal 1 0 0
    outer loop
      vertex 58.9 20 128.15
      vertex 58.9 0 138.85
      vertex 58.9 19.6683 128.117
    endloop
  endfacet
  facet normal 1 0 0
    outer loop
      vertex 58.9 79.5706 125.799
      vertex 58.9 94 138.85
      vertex 58.9 79.6673 126.118
    endloop
  endfacet
  facet normal 1 -0 0
    outer loop
      vertex 58.9 79.6673 42.1183
      vertex 58.9 94 31.45
      vertex 58.9 79.7 42.45
    endloop
  endfacet
  facet normal 1 -0 0
    outer loop
      vertex 58.9 79.5706 41.7994
      vertex 58.9 94 31.45
      vertex 58.9 79.6673 42.1183
    endloop
  endfacet
  facet normal 1 -0 0
    outer loop
      vertex 58.9 79.4135 41.5055
      vertex 58.9 94 31.45
      vertex 58.9 79.5706 41.7994
    endloop
  endfacet
  facet normal 1 -0 0
    outer loop
      vertex 58.9 79.2021 41.2479
      vertex 58.9 94 31.45
      vertex 58.9 79.4135 41.5055
    endloop
  endfacet
  facet normal 1 -0 0
    outer loop
      vertex 58.9 78.9445 41.0365
      vertex 58.9 94 31.45
      vertex 58.9 79.2021 41.2479
    endloop
  endfacet
  facet normal 1 -0 0
    outer loop
      vertex 58.9 78.6506 40.8794
      vertex 58.9 94 31.45
      vertex 58.9 78.9445 41.0365
    endloop
  endfacet
  facet normal 1 -0 0
    outer loop
      vertex 58.9 78.3316 40.7827
      vertex 58.9 94 31.45
      vertex 58.9 78.6506 40.8794
    endloop
  endfacet
  facet normal 1 -0 0
    outer loop
      vertex 58.9 78 40.75
      vertex 58.9 94 31.45
      vertex 58.9 78.3316 40.7827
    endloop
  endfacet
  facet normal 1 0 0
    outer loop
      vertex 58.9 77.6684 40.7827
      vertex 58.9 94 31.45
      vertex 58.9 78 40.75
    endloop
  endfacet
  facet normal 1 0 0
    outer loop
      vertex 58.9 77.3494 40.8794
      vertex 58.9 94 31.45
      vertex 58.9 77.6684 40.7827
    endloop
  endfacet
  facet normal 1 0 0
    outer loop
      vertex 58.9 20.6506 40.8794
      vertex 58.9 77.3494 40.8794
      vertex 58.9 77.0555 41.0365
    endloop
  endfacet
  facet normal 1 0 0
    outer loop
      vertex 58.9 76.3327 42.7817
      vertex 58.9 21.7 42.45
      vertex 58.9 76.3 42.45
    endloop
  endfacet
  facet normal 1 0 0
    outer loop
      vertex 58.9 76.3 42.45
      vertex 58.9 21.7 42.45
      vertex 58.9 76.3327 42.1183
    endloop
  endfacet
  facet normal 1 0 0
    outer loop
      vertex 58.9 21.6673 42.1183
      vertex 58.9 76.3327 42.1183
      vertex 58.9 21.7 42.45
    endloop
  endfacet
  facet normal 1 0 0
    outer loop
      vertex 58.9 76.3327 42.1183
      vertex 58.9 21.6673 42.1183
      vertex 58.9 76.4294 41.7994
    endloop
  endfacet
  facet normal 1 0 0
    outer loop
      vertex 58.9 21.5706 41.7994
      vertex 58.9 76.4294 41.7994
      vertex 58.9 21.6673 42.1183
    endloop
  endfacet
  facet normal 1 0 0
    outer loop
      vertex 58.9 76.4294 41.7994
      vertex 58.9 21.5706 41.7994
      vertex 58.9 76.5865 41.5055
    endloop
  endfacet
  facet normal 1 0 0
    outer loop
      vertex 58.9 21.4135 41.5055
      vertex 58.9 76.5865 41.5055
      vertex 58.9 21.5706 41.7994
    endloop
  endfacet
  facet normal 1 0 0
    outer loop
      vertex 58.9 76.5865 41.5055
      vertex 58.9 21.4135 41.5055
      vertex 58.9 76.7979 41.2479
    endloop
  endfacet
  facet normal 1 0 0
    outer loop
      vertex 58.9 21.2021 41.2479
      vertex 58.9 76.7979 41.2479
      vertex 58.9 21.4135 41.5055
    endloop
  endfacet
  facet normal 1 0 0
    outer loop
      vertex 58.9 76.7979 41.2479
      vertex 58.9 21.2021 41.2479
      vertex 58.9 77.0555 41.0365
    endloop
  endfacet
  facet normal 1 0 0
    outer loop
      vertex 58.9 20.9445 41.0365
      vertex 58.9 77.0555 41.0365
      vertex 58.9 21.2021 41.2479
    endloop
  endfacet
  facet normal 1 0 0
    outer loop
      vertex 58.9 20.6506 40.8794
      vertex 58.9 77.0555 41.0365
      vertex 58.9 20.9445 41.0365
    endloop
  endfacet
  facet normal 1 0 0
    outer loop
      vertex 58.9 77.3494 40.8794
      vertex 58.9 20.6506 40.8794
      vertex 58.9 94 31.45
    endloop
  endfacet
  facet normal 1 -0 0
    outer loop
      vertex 58.9 20.3317 40.7827
      vertex 58.9 94 31.45
      vertex 58.9 20.6506 40.8794
    endloop
  endfacet
  facet normal 1 0 0
    outer loop
      vertex 58.9 0 31.45
      vertex 58.9 20.3317 40.7827
      vertex 58.9 20 40.75
    endloop
  endfacet
  facet normal 1 0 0
    outer loop
      vertex 58.9 0 31.45
      vertex 58.9 20 40.75
      vertex 58.9 19.6683 40.7827
    endloop
  endfacet
  facet normal 1 0 0
    outer loop
      vertex 58.9 18.3327 42.7817
      vertex 58.9 0 31.45
      vertex 58.9 18.3 42.45
    endloop
  endfacet
  facet normal 1 0 0
    outer loop
      vertex 58.9 20.3317 40.7827
      vertex 58.9 0 31.45
      vertex 58.9 94 31.45
    endloop
  endfacet
  facet normal 1 0 0
    outer loop
      vertex 58.9 19.3494 40.8794
      vertex 58.9 0 31.45
      vertex 58.9 19.6683 40.7827
    endloop
  endfacet
  facet normal 1 0 0
    outer loop
      vertex 58.9 19.0555 41.0365
      vertex 58.9 0 31.45
      vertex 58.9 19.3494 40.8794
    endloop
  endfacet
  facet normal 1 0 0
    outer loop
      vertex 58.9 18.7979 41.2479
      vertex 58.9 0 31.45
      vertex 58.9 19.0555 41.0365
    endloop
  endfacet
  facet normal 1 0 0
    outer loop
      vertex 58.9 18.5865 41.5055
      vertex 58.9 0 31.45
      vertex 58.9 18.7979 41.2479
    endloop
  endfacet
  facet normal 1 0 0
    outer loop
      vertex 58.9 18.4294 41.7994
      vertex 58.9 0 31.45
      vertex 58.9 18.5865 41.5055
    endloop
  endfacet
  facet normal 1 0 0
    outer loop
      vertex 58.9 18.3327 42.1183
      vertex 58.9 0 31.45
      vertex 58.9 18.4294 41.7994
    endloop
  endfacet
  facet normal 1 0 0
    outer loop
      vertex 58.9 18.3 42.45
      vertex 58.9 0 31.45
      vertex 58.9 18.3327 42.1183
    endloop
  endfacet
  facet normal 0 -1 0
    outer loop
      vertex 4.5 0 2.55
      vertex 4.5 0 0.0499994
      vertex 19.7 0 2.55
    endloop
  endfacet
  facet normal 0 -1 0
    outer loop
      vertex 4.5 0 133.65
      vertex 4.5 0 131.15
      vertex 19.7 0 133.65
    endloop
  endfacet
  facet normal 0 -1 0
    outer loop
      vertex 54.4 0 40.45
      vertex 54.4 0 33.95
      vertex 56.9 0 40.45
    endloop
  endfacet
  facet normal 0 -1 0
    outer loop
      vertex 54.4 0 65.95
      vertex 54.4 0 59.45
      vertex 56.9 0 65.95
    endloop
  endfacet
  facet normal 0 -1 0
    outer loop
      vertex 54.4 0 105.95
      vertex 54.4 0 99.45
      vertex 56.9 0 105.95
    endloop
  endfacet
  facet normal 0 -1 0
    outer loop
      vertex 54.4 0 135.95
      vertex 54.4 0 129.45
      vertex 56.9 0 135.95
    endloop
  endfacet
  facet normal 0 -1 0
    outer loop
      vertex 19.7 0 138.85
      vertex 22.2 0 136.35
      vertex 58.9 0 138.85
    endloop
  endfacet
  facet normal 0 -1 0
    outer loop
      vertex 19.7 0 133.65
      vertex 22.2 0 136.35
      vertex 19.7 0 138.85
    endloop
  endfacet
  facet normal 0 -1 0
    outer loop
      vertex 19.7 0 131.15
      vertex 19.7 0 133.65
      vertex 4.5 0 131.15
    endloop
  endfacet
  facet normal 0 -1 0
    outer loop
      vertex 19.7 0 131.15
      vertex 22.2 0 136.35
      vertex 19.7 0 133.65
    endloop
  endfacet
  facet normal 0 -1 0
    outer loop
      vertex 19.7 0 131.15
      vertex 22.2 0 33.95
      vertex 22.2 0 136.35
    endloop
  endfacet
  facet normal 0 -1 0
    outer loop
      vertex 22.2 0 31.45
      vertex 54.4 0 33.95
      vertex 22.2 0 33.95
    endloop
  endfacet
  facet normal 0 -1 0
    outer loop
      vertex 58.9 0 31.45
      vertex 54.4 0 33.95
      vertex 22.2 0 31.45
    endloop
  endfacet
  facet normal 0 -1 0
    outer loop
      vertex 19.7 0 2.55
      vertex 22.2 0 33.95
      vertex 19.7 0 131.15
    endloop
  endfacet
  facet normal 0 -1 -0
    outer loop
      vertex 22.2 0 33.95
      vertex 19.7 0 2.55
      vertex 22.2 0 31.45
    endloop
  endfacet
  facet normal 0 -1 0
    outer loop
      vertex 19.7 0 2.55
      vertex 22.2 0 0.0499994
      vertex 22.2 0 31.45
    endloop
  endfacet
  facet normal 0 -1 0
    outer loop
      vertex 22.2 0 0.0499994
      vertex 19.7 0 2.55
      vertex 4.5 0 0.0499994
    endloop
  endfacet
  facet normal 0 -1 0
    outer loop
      vertex 56.9 0 136.35
      vertex 58.9 0 138.85
      vertex 22.2 0 136.35
    endloop
  endfacet
  facet normal 0 -1 0
    outer loop
      vertex 56.9 0 135.95
      vertex 58.9 0 138.85
      vertex 56.9 0 136.35
    endloop
  endfacet
  facet normal 0 -1 0
    outer loop
      vertex 56.9 0 129.45
      vertex 56.9 0 135.95
      vertex 54.4 0 129.45
    endloop
  endfacet
  facet normal 0 -1 0
    outer loop
      vertex 56.9 0 135.95
      vertex 56.9 0 129.45
      vertex 58.9 0 138.85
    endloop
  endfacet
  facet normal 0 -1 0
    outer loop
      vertex 56.9 0 105.95
      vertex 58.9 0 138.85
      vertex 56.9 0 129.45
    endloop
  endfacet
  facet normal 0 -1 0
    outer loop
      vertex 56.9 0 99.45
      vertex 56.9 0 105.95
      vertex 54.4 0 99.45
    endloop
  endfacet
  facet normal 0 -1 0
    outer loop
      vertex 56.9 0 99.45
      vertex 58.9 0 138.85
      vertex 56.9 0 105.95
    endloop
  endfacet
  facet normal 0 -1 0
    outer loop
      vertex 56.9 0 65.95
      vertex 58.9 0 138.85
      vertex 56.9 0 99.45
    endloop
  endfacet
  facet normal 0 -1 0
    outer loop
      vertex 56.9 0 59.45
      vertex 56.9 0 65.95
      vertex 54.4 0 59.45
    endloop
  endfacet
  facet normal 0 -1 0
    outer loop
      vertex 58.9 0 31.45
      vertex 56.9 0 65.95
      vertex 56.9 0 59.45
    endloop
  endfacet
  facet normal 0 -1 0
    outer loop
      vertex 58.9 0 31.45
      vertex 56.9 0 59.45
      vertex 56.9 0 40.45
    endloop
  endfacet
  facet normal 0 -1 0
    outer loop
      vertex 56.9 0 33.95
      vertex 56.9 0 40.45
      vertex 54.4 0 33.95
    endloop
  endfacet
  facet normal 0 -1 0
    outer loop
      vertex 58.9 0 31.45
      vertex 56.9 0 40.45
      vertex 56.9 0 33.95
    endloop
  endfacet
  facet normal 0 -1 0
    outer loop
      vertex 56.9 0 65.95
      vertex 58.9 0 31.45
      vertex 58.9 0 138.85
    endloop
  endfacet
  facet normal 0 -1 0
    outer loop
      vertex 54.4 0 33.95
      vertex 58.9 0 31.45
      vertex 56.9 0 33.95
    endloop
  endfacet
  facet normal 0 -0 0
    outer loop
      vertex 54.4 0 33.95
      vertex 56.9 0 33.95
      vertex 22.2 0 33.95
    endloop
  endfacet
  facet normal 0 0 -1
    outer loop
      vertex 54.4 0 59.45
      vertex 56.9 94 59.45
      vertex 56.9 0 59.45
    endloop
  endfacet
  facet normal -0 0 -1
    outer loop
      vertex 56.9 94 59.45
      vertex 54.4 0 59.45
      vertex 54.4 94 59.45
    endloop
  endfacet
  facet normal -1 0 0
    outer loop
      vertex 54.4 0 59.45
      vertex 54.4 94 65.95
      vertex 54.4 94 59.45
    endloop
  endfacet
  facet normal -1 -0 0
    outer loop
      vertex 54.4 94 65.95
      vertex 54.4 0 59.45
      vertex 54.4 0 65.95
    endloop
  endfacet
  facet normal -0 0 1
    outer loop
      vertex 54.4 94 65.95
      vertex 56.9 0 65.95
      vertex 56.9 94 65.95
    endloop
  endfacet
  facet normal 0 0 1
    outer loop
      vertex 56.9 0 65.95
      vertex 54.4 94 65.95
      vertex 54.4 0 65.95
    endloop
  endfacet
  facet normal 0 0 -1
    outer loop
      vertex 54.4 0 99.45
      vertex 56.9 94 99.45
      vertex 56.9 0 99.45
    endloop
  endfacet
  facet normal -0 0 -1
    outer loop
      vertex 56.9 94 99.45
      vertex 54.4 0 99.45
      vertex 54.4 94 99.45
    endloop
  endfacet
  facet normal -1 0 0
    outer loop
      vertex 54.4 0 99.45
      vertex 54.4 94 105.95
      vertex 54.4 94 99.45
    endloop
  endfacet
  facet normal -1 -0 0
    outer loop
      vertex 54.4 94 105.95
      vertex 54.4 0 99.45
      vertex 54.4 0 105.95
    endloop
  endfacet
  facet normal -0 0 1
    outer loop
      vertex 54.4 94 105.95
      vertex 56.9 0 105.95
      vertex 56.9 94 105.95
    endloop
  endfacet
  facet normal 0 0 1
    outer loop
      vertex 56.9 0 105.95
      vertex 54.4 94 105.95
      vertex 54.4 0 105.95
    endloop
  endfacet
  facet normal 0 0 -1
    outer loop
      vertex 54.4 0 129.45
      vertex 56.9 94 129.45
      vertex 56.9 0 129.45
    endloop
  endfacet
  facet normal -0 0 -1
    outer loop
      vertex 56.9 94 129.45
      vertex 54.4 0 129.45
      vertex 54.4 94 129.45
    endloop
  endfacet
  facet normal -1 0 0
    outer loop
      vertex 54.4 0 129.45
      vertex 54.4 94 135.95
      vertex 54.4 94 129.45
    endloop
  endfacet
  facet normal -1 -0 0
    outer loop
      vertex 54.4 94 135.95
      vertex 54.4 0 129.45
      vertex 54.4 0 135.95
    endloop
  endfacet
  facet normal -0 0 1
    outer loop
      vertex 54.4 94 135.95
      vertex 56.9 0 135.95
      vertex 56.9 94 135.95
    endloop
  endfacet
  facet normal 0 0 1
    outer loop
      vertex 56.9 0 135.95
      vertex 54.4 94 135.95
      vertex 54.4 0 135.95
    endloop
  endfacet
  facet normal 0 0 -1
    outer loop
      vertex 49.75 12 31.45
      vertex 58.9 94 31.45
      vertex 58.9 0 31.45
    endloop
  endfacet
  facet normal 0 0 -1
    outer loop
      vertex 49.75 120 31.45
      vertex 53.5 94 31.45
      vertex 49.75 12 31.45
    endloop
  endfacet
  facet normal -0 0 -1
    outer loop
      vertex 58.9 94 31.45
      vertex 49.75 12 31.45
      vertex 53.5 94 31.45
    endloop
  endfacet
  facet normal 0 0 -1
    outer loop
      vertex 58.9 0 31.45
      vertex 46.35 12 31.45
      vertex 49.75 12 31.45
    endloop
  endfacet
  facet normal 0 0 -1
    outer loop
      vertex 22.2 125 31.45
      vertex 46.35 12 31.45
      vertex 22.2 0 31.45
    endloop
  endfacet
  facet normal 0 0 -1
    outer loop
      vertex 22.2 0 31.45
      vertex 46.35 12 31.45
      vertex 58.9 0 31.45
    endloop
  endfacet
  facet normal 0 0 -1
    outer loop
      vertex 53.5 94 31.45
      vertex 49.75 120 31.45
      vertex 53.5 138 31.45
    endloop
  endfacet
  facet normal 0 0 -1
    outer loop
      vertex 46.35 120 31.45
      vertex 53.5 138 31.45
      vertex 49.75 120 31.45
    endloop
  endfacet
  facet normal 0 0 -1
    outer loop
      vertex 46.35 12 31.45
      vertex 22.2 125 31.45
      vertex 46.35 120 31.45
    endloop
  endfacet
  facet normal 0 0 -1
    outer loop
      vertex 22.2 125 31.45
      vertex 53.5 138 31.45
      vertex 46.35 120 31.45
    endloop
  endfacet
  facet normal 0 0 -1
    outer loop
      vertex 19.7 138 31.45
      vertex 22.2 125 31.45
      vertex 19.7 125 31.45
    endloop
  endfacet
  facet normal 0 0 -1
    outer loop
      vertex 22.2 125 31.45
      vertex 19.7 138 31.45
      vertex 53.5 138 31.45
    endloop
  endfacet
  facet normal -1 0 0
    outer loop
      vertex 19.7 125 133.65
      vertex 19.7 0 133.65
      vertex 19.7 125 136.35
    endloop
  endfacet
  facet normal -1 0 0
    outer loop
      vertex 19.7 125 136.35
      vertex 19.7 138 138.85
      vertex 19.7 138 136.35
    endloop
  endfacet
  facet normal -1 0 0
    outer loop
      vertex 19.7 0 138.85
      vertex 19.7 125 136.35
      vertex 19.7 0 133.65
    endloop
  endfacet
  facet normal -1 0 0
    outer loop
      vertex 19.7 125 136.35
      vertex 19.7 0 138.85
      vertex 19.7 138 138.85
    endloop
  endfacet
  facet normal -1 0 0
    outer loop
      vertex 19.7 22.8284 46.7784
      vertex 19.7 75.1716 46.7784
      vertex 19.7 23.3259 46.1723
    endloop
  endfacet
  facet normal -1 0 0
    outer loop
      vertex 19.7 75.7777 123.124
      vertex 19.7 23.9231 125.67
      vertex 19.7 24 126.45
    endloop
  endfacet
  facet normal -1 0 0
    outer loop
      vertex 19.7 75.1716 46.7784
      vertex 19.7 22.8284 46.7784
      vertex 19.7 75.7777 47.2759
    endloop
  endfacet
  facet normal -1 0 0
    outer loop
      vertex 19.7 75.7777 123.124
      vertex 19.7 23.6955 124.919
      vertex 19.7 23.9231 125.67
    endloop
  endfacet
  facet normal -1 0 0
    outer loop
      vertex 19.7 22.2223 47.2759
      vertex 19.7 75.7777 47.2759
      vertex 19.7 22.8284 46.7784
    endloop
  endfacet
  facet normal -1 0 0
    outer loop
      vertex 19.7 75.7777 123.124
      vertex 19.7 23.3259 124.228
      vertex 19.7 23.6955 124.919
    endloop
  endfacet
  facet normal -1 0 0
    outer loop
      vertex 19.7 75.7777 47.2759
      vertex 19.7 22.2223 47.2759
      vertex 19.7 75.7777 123.124
    endloop
  endfacet
  facet normal -1 0 0
    outer loop
      vertex 19.7 75.7777 123.124
      vertex 19.7 22.8284 123.622
      vertex 19.7 23.3259 124.228
    endloop
  endfacet
  facet normal -1 0 0
    outer loop
      vertex 19.7 22.2223 123.124
      vertex 19.7 75.7777 123.124
      vertex 19.7 22.2223 47.2759
    endloop
  endfacet
  facet normal -1 0 0
    outer loop
      vertex 19.7 75.7777 123.124
      vertex 19.7 22.2223 123.124
      vertex 19.7 22.8284 123.622
    endloop
  endfacet
  facet normal -1 0 0
    outer loop
      vertex 19.7 21.5307 47.6455
      vertex 19.7 22.2223 123.124
      vertex 19.7 22.2223 47.2759
    endloop
  endfacet
  facet normal -1 0 0
    outer loop
      vertex 19.7 21.5307 47.6455
      vertex 19.7 21.5307 122.754
      vertex 19.7 22.2223 123.124
    endloop
  endfacet
  facet normal -1 0 0
    outer loop
      vertex 19.7 20.7804 47.8731
      vertex 19.7 21.5307 122.754
      vertex 19.7 21.5307 47.6455
    endloop
  endfacet
  facet normal -1 0 0
    outer loop
      vertex 19.7 20.7804 47.8731
      vertex 19.7 20.7804 122.527
      vertex 19.7 21.5307 122.754
    endloop
  endfacet
  facet normal -1 0 0
    outer loop
      vertex 19.7 20 47.95
      vertex 19.7 20.7804 122.527
      vertex 19.7 20.7804 47.8731
    endloop
  endfacet
  facet normal -1 0 0
    outer loop
      vertex 19.7 20 47.95
      vertex 19.7 20 122.45
      vertex 19.7 20.7804 122.527
    endloop
  endfacet
  facet normal -1 0 0
    outer loop
      vertex 19.7 19.2196 47.8731
      vertex 19.7 20 122.45
      vertex 19.7 20 47.95
    endloop
  endfacet
  facet normal -1 0 0
    outer loop
      vertex 19.7 19.2196 47.8731
      vertex 19.7 19.2196 122.527
      vertex 19.7 20 122.45
    endloop
  endfacet
  facet normal -1 0 0
    outer loop
      vertex 19.7 18.4693 47.6455
      vertex 19.7 19.2196 122.527
      vertex 19.7 19.2196 47.8731
    endloop
  endfacet
  facet normal -1 0 0
    outer loop
      vertex 19.7 18.4693 47.6455
      vertex 19.7 18.4693 122.754
      vertex 19.7 19.2196 122.527
    endloop
  endfacet
  facet normal -1 0 0
    outer loop
      vertex 19.7 17.7777 47.2759
      vertex 19.7 18.4693 122.754
      vertex 19.7 18.4693 47.6455
    endloop
  endfacet
  facet normal -1 0 0
    outer loop
      vertex 19.7 17.7777 47.2759
      vertex 19.7 17.7777 123.124
      vertex 19.7 18.4693 122.754
    endloop
  endfacet
  facet normal -1 0 0
    outer loop
      vertex 19.7 0 131.15
      vertex 19.7 17.7777 47.2759
      vertex 19.7 17.1716 46.7784
    endloop
  endfacet
  facet normal -1 0 0
    outer loop
      vertex 19.7 17.7777 47.2759
      vertex 19.7 0 131.15
      vertex 19.7 17.7777 123.124
    endloop
  endfacet
  facet normal -1 0 0
    outer loop
      vertex 19.7 0 131.15
      vertex 19.7 17.1716 46.7784
      vertex 19.7 16.6741 46.1723
    endloop
  endfacet
  facet normal -1 0 0
    outer loop
      vertex 19.7 17.7777 123.124
      vertex 19.7 0 131.15
      vertex 19.7 17.1716 123.622
    endloop
  endfacet
  facet normal -1 0 0
    outer loop
      vertex 19.7 0 131.15
      vertex 19.7 16.6741 46.1723
      vertex 19.7 16.3045 45.4807
    endloop
  endfacet
  facet normal -1 0 0
    outer loop
      vertex 19.7 17.1716 123.622
      vertex 19.7 0 131.15
      vertex 19.7 16.6741 124.228
    endloop
  endfacet
  facet normal -1 0 0
    outer loop
      vertex 19.7 0 131.15
      vertex 19.7 16.3045 45.4807
      vertex 19.7 16.0769 44.7304
    endloop
  endfacet
  facet normal -1 0 0
    outer loop
      vertex 19.7 16.6741 124.228
      vertex 19.7 0 131.15
      vertex 19.7 16.3045 124.919
    endloop
  endfacet
  facet normal -1 0 0
    outer loop
      vertex 19.7 0 2.55
      vertex 19.7 16.0769 44.7304
      vertex 19.7 16 43.95
    endloop
  endfacet
  facet normal -1 0 0
    outer loop
      vertex 19.7 16.3045 124.919
      vertex 19.7 0 131.15
      vertex 19.7 16.0769 125.67
    endloop
  endfacet
  facet normal -1 0 0
    outer loop
      vertex 19.7 81.3259 46.1723
      vertex 19.7 113.4 59.35
      vertex 19.7 81.6955 45.4807
    endloop
  endfacet
  facet normal -1 0 0
    outer loop
      vertex 19.7 113.4 74.35
      vertex 19.7 81.9231 125.67
      vertex 19.7 82 126.45
    endloop
  endfacet
  facet normal -1 0 0
    outer loop
      vertex 19.7 80.8284 46.7784
      vertex 19.7 113.4 59.35
      vertex 19.7 81.3259 46.1723
    endloop
  endfacet
  facet normal -1 0 0
    outer loop
      vertex 19.7 113.4 74.35
      vertex 19.7 81.6955 124.919
      vertex 19.7 81.9231 125.67
    endloop
  endfacet
  facet normal -1 0 0
    outer loop
      vertex 19.7 80.2223 47.2759
      vertex 19.7 113.4 59.35
      vertex 19.7 80.8284 46.7784
    endloop
  endfacet
  facet normal -1 0 0
    outer loop
      vertex 19.7 113.4 74.35
      vertex 19.7 81.3259 124.228
      vertex 19.7 81.6955 124.919
    endloop
  endfacet
  facet normal -1 -0 0
    outer loop
      vertex 19.7 113.4 59.35
      vertex 19.7 80.2223 47.2759
      vertex 19.7 113.4 74.35
    endloop
  endfacet
  facet normal -1 0 0
    outer loop
      vertex 19.7 113.4 74.35
      vertex 19.7 80.8284 123.622
      vertex 19.7 81.3259 124.228
    endloop
  endfacet
  facet normal -1 0 0
    outer loop
      vertex 19.7 79.5307 47.6455
      vertex 19.7 113.4 74.35
      vertex 19.7 80.2223 47.2759
    endloop
  endfacet
  facet normal -1 0 0
    outer loop
      vertex 19.7 113.4 74.35
      vertex 19.7 80.2223 123.124
      vertex 19.7 80.8284 123.622
    endloop
  endfacet
  facet normal -1 0 0
    outer loop
      vertex 19.7 78.7804 47.8731
      vertex 19.7 113.4 74.35
      vertex 19.7 79.5307 47.6455
    endloop
  endfacet
  facet normal -1 0 0
    outer loop
      vertex 19.7 113.4 74.35
      vertex 19.7 79.5307 122.754
      vertex 19.7 80.2223 123.124
    endloop
  endfacet
  facet normal -1 0 0
    outer loop
      vertex 19.7 78 47.95
      vertex 19.7 113.4 74.35
      vertex 19.7 78.7804 47.8731
    endloop
  endfacet
  facet normal -1 0 0
    outer loop
      vertex 19.7 113.4 74.35
      vertex 19.7 78.7804 122.527
      vertex 19.7 79.5307 122.754
    endloop
  endfacet
  facet normal -1 0 0
    outer loop
      vertex 19.7 78 122.45
      vertex 19.7 113.4 74.35
      vertex 19.7 78 47.95
    endloop
  endfacet
  facet normal -1 0 0
    outer loop
      vertex 19.7 113.4 74.35
      vertex 19.7 78 122.45
      vertex 19.7 78.7804 122.527
    endloop
  endfacet
  facet normal -1 0 0
    outer loop
      vertex 19.7 77.2196 47.8731
      vertex 19.7 78 122.45
      vertex 19.7 78 47.95
    endloop
  endfacet
  facet normal -1 0 0
    outer loop
      vertex 19.7 77.2196 47.8731
      vertex 19.7 77.2196 122.527
      vertex 19.7 78 122.45
    endloop
  endfacet
  facet normal -1 0 0
    outer loop
      vertex 19.7 76.4693 47.6455
      vertex 19.7 77.2196 122.527
      vertex 19.7 77.2196 47.8731
    endloop
  endfacet
  facet normal -1 0 0
    outer loop
      vertex 19.7 76.4693 47.6455
      vertex 19.7 76.4693 122.754
      vertex 19.7 77.2196 122.527
    endloop
  endfacet
  facet normal -1 0 0
    outer loop
      vertex 19.7 75.7777 47.2759
      vertex 19.7 76.4693 122.754
      vertex 19.7 76.4693 47.6455
    endloop
  endfacet
  facet normal -1 0 0
    outer loop
      vertex 19.7 75.7777 47.2759
      vertex 19.7 75.7777 123.124
      vertex 19.7 76.4693 122.754
    endloop
  endfacet
  facet normal -1 0 0
    outer loop
      vertex 19.7 74.3045 45.4807
      vertex 19.7 23.6955 45.4807
      vertex 19.7 74.6741 46.1723
    endloop
  endfacet
  facet normal -1 0 0
    outer loop
      vertex 19.7 23.3259 46.1723
      vertex 19.7 74.6741 46.1723
      vertex 19.7 23.6955 45.4807
    endloop
  endfacet
  facet normal -1 0 0
    outer loop
      vertex 19.7 23.6955 45.4807
      vertex 19.7 74.3045 45.4807
      vertex 19.7 23.9231 44.7304
    endloop
  endfacet
  facet normal -1 0 0
    outer loop
      vertex 19.7 74.6741 46.1723
      vertex 19.7 23.3259 46.1723
      vertex 19.7 75.1716 46.7784
    endloop
  endfacet
  facet normal -1 0 0
    outer loop
      vertex 19.7 74.0769 44.7304
      vertex 19.7 23.9231 44.7304
      vertex 19.7 74.3045 45.4807
    endloop
  endfacet
  facet normal -1 0 0
    outer loop
      vertex 19.7 75.7777 123.124
      vertex 19.7 24 126.45
      vertex 19.7 75.1716 123.622
    endloop
  endfacet
  facet normal -1 0 0
    outer loop
      vertex 19.7 23.9231 44.7304
      vertex 19.7 74.0769 44.7304
      vertex 19.7 24 43.95
    endloop
  endfacet
  facet normal -1 0 0
    outer loop
      vertex 19.7 75.1716 123.622
      vertex 19.7 24 126.45
      vertex 19.7 74.6741 124.228
    endloop
  endfacet
  facet normal -1 0 0
    outer loop
      vertex 19.7 24 43.95
      vertex 19.7 74.0769 44.7304
      vertex 19.7 74 43.95
    endloop
  endfacet
  facet normal -1 0 0
    outer loop
      vertex 19.7 74.6741 124.228
      vertex 19.7 24 126.45
      vertex 19.7 74.3045 124.919
    endloop
  endfacet
  facet normal -1 0 0
    outer loop
      vertex 19.7 80.2223 40.6241
      vertex 19.7 125 31.45
      vertex 19.7 125 2.55
    endloop
  endfacet
  facet normal -1 0 -0
    outer loop
      vertex 19.7 81.3259 41.7277
      vertex 19.7 125 31.45
      vertex 19.7 80.8284 41.1216
    endloop
  endfacet
  facet normal -1 0 0
    outer loop
      vertex 19.7 115.9 74.35
      vertex 19.7 125 33.95
      vertex 19.7 115.9 59.35
    endloop
  endfacet
  facet normal -1 0 0
    outer loop
      vertex 19.7 125 33.95
      vertex 19.7 113.4 59.35
      vertex 19.7 115.9 59.35
    endloop
  endfacet
  facet normal -1 0 0
    outer loop
      vertex 19.7 81.9231 44.7304
      vertex 19.7 113.4 59.35
      vertex 19.7 82 43.95
    endloop
  endfacet
  facet normal -1 0 -0
    outer loop
      vertex 19.7 81.9231 43.1696
      vertex 19.7 125 33.95
      vertex 19.7 81.6955 42.4193
    endloop
  endfacet
  facet normal -1 0 0
    outer loop
      vertex 19.7 113.4 59.35
      vertex 19.7 81.9231 43.1696
      vertex 19.7 82 43.95
    endloop
  endfacet
  facet normal -1 0 0
    outer loop
      vertex 19.7 125 33.95
      vertex 19.7 81.9231 43.1696
      vertex 19.7 113.4 59.35
    endloop
  endfacet
  facet normal -1 0 0
    outer loop
      vertex 19.7 125 31.45
      vertex 19.7 81.6955 42.4193
      vertex 19.7 125 33.95
    endloop
  endfacet
  facet normal -1 0 -0
    outer loop
      vertex 19.7 81.6955 42.4193
      vertex 19.7 125 31.45
      vertex 19.7 81.3259 41.7277
    endloop
  endfacet
  facet normal -1 0 0
    outer loop
      vertex 19.7 125 31.45
      vertex 19.7 80.2223 40.6241
      vertex 19.7 80.8284 41.1216
    endloop
  endfacet
  facet normal -1 0 0
    outer loop
      vertex 19.7 125 2.55
      vertex 19.7 79.5307 40.2545
      vertex 19.7 80.2223 40.6241
    endloop
  endfacet
  facet normal -1 0 0
    outer loop
      vertex 19.7 125 2.55
      vertex 19.7 78.7804 40.0269
      vertex 19.7 79.5307 40.2545
    endloop
  endfacet
  facet normal -1 0 0
    outer loop
      vertex 19.7 125 2.55
      vertex 19.7 78 39.95
      vertex 19.7 78.7804 40.0269
    endloop
  endfacet
  facet normal -1 0 0
    outer loop
      vertex 19.7 125 2.55
      vertex 19.7 77.2196 40.0269
      vertex 19.7 78 39.95
    endloop
  endfacet
  facet normal -1 0 0
    outer loop
      vertex 19.7 0 2.55
      vertex 19.7 77.2196 40.0269
      vertex 19.7 125 2.55
    endloop
  endfacet
  facet normal -1 -0 0
    outer loop
      vertex 19.7 77.2196 40.0269
      vertex 19.7 0 2.55
      vertex 19.7 76.4693 40.2545
    endloop
  endfacet
  facet normal -1 0 0
    outer loop
      vertex 19.7 74.3045 124.919
      vertex 19.7 24 126.45
      vertex 19.7 74.0769 125.67
    endloop
  endfacet
  facet normal -1 0 0
    outer loop
      vertex 19.7 74.0769 43.1696
      vertex 19.7 24 43.95
      vertex 19.7 74 43.95
    endloop
  endfacet
  facet normal -1 0 0
    outer loop
      vertex 19.7 23.9231 43.1696
      vertex 19.7 74.0769 43.1696
      vertex 19.7 74.3045 42.4193
    endloop
  endfacet
  facet normal -1 0 0
    outer loop
      vertex 19.7 23.6955 42.4193
      vertex 19.7 74.3045 42.4193
      vertex 19.7 74.6741 41.7277
    endloop
  endfacet
  facet normal -1 0 0
    outer loop
      vertex 19.7 23.3259 41.7277
      vertex 19.7 74.6741 41.7277
      vertex 19.7 75.1716 41.1216
    endloop
  endfacet
  facet normal -1 0 0
    outer loop
      vertex 19.7 22.8284 41.1216
      vertex 19.7 75.1716 41.1216
      vertex 19.7 75.7777 40.6241
    endloop
  endfacet
  facet normal -1 -0 0
    outer loop
      vertex 19.7 76.4693 40.2545
      vertex 19.7 0 2.55
      vertex 19.7 75.7777 40.6241
    endloop
  endfacet
  facet normal -1 0 0
    outer loop
      vertex 19.7 74.0769 43.1696
      vertex 19.7 23.9231 43.1696
      vertex 19.7 24 43.95
    endloop
  endfacet
  facet normal -1 0 0
    outer loop
      vertex 19.7 74.3045 42.4193
      vertex 19.7 23.6955 42.4193
      vertex 19.7 23.9231 43.1696
    endloop
  endfacet
  facet normal -1 0 0
    outer loop
      vertex 19.7 74.6741 41.7277
      vertex 19.7 23.3259 41.7277
      vertex 19.7 23.6955 42.4193
    endloop
  endfacet
  facet normal -1 0 0
    outer loop
      vertex 19.7 75.1716 41.1216
      vertex 19.7 22.8284 41.1216
      vertex 19.7 23.3259 41.7277
    endloop
  endfacet
  facet normal -1 0 0
    outer loop
      vertex 19.7 75.7777 40.6241
      vertex 19.7 22.2223 40.6241
      vertex 19.7 22.8284 41.1216
    endloop
  endfacet
  facet normal -1 -0 0
    outer loop
      vertex 19.7 75.7777 40.6241
      vertex 19.7 0 2.55
      vertex 19.7 22.2223 40.6241
    endloop
  endfacet
  facet normal -1 0 0
    outer loop
      vertex 19.7 22.2223 40.6241
      vertex 19.7 0 2.55
      vertex 19.7 21.5307 40.2545
    endloop
  endfacet
  facet normal -1 0 0
    outer loop
      vertex 19.7 21.5307 40.2545
      vertex 19.7 0 2.55
      vertex 19.7 20.7804 40.0269
    endloop
  endfacet
  facet normal -1 0 0
    outer loop
      vertex 19.7 20.7804 40.0269
      vertex 19.7 0 2.55
      vertex 19.7 20 39.95
    endloop
  endfacet
  facet normal -1 -0 0
    outer loop
      vertex 19.7 20 39.95
      vertex 19.7 0 2.55
      vertex 19.7 19.2196 40.0269
    endloop
  endfacet
  facet normal -1 -0 0
    outer loop
      vertex 19.7 16.0769 44.7304
      vertex 19.7 0 2.55
      vertex 19.7 0 131.15
    endloop
  endfacet
  facet normal -1 -0 0
    outer loop
      vertex 19.7 16.0769 43.1696
      vertex 19.7 0 2.55
      vertex 19.7 16 43.95
    endloop
  endfacet
  facet normal -1 -0 0
    outer loop
      vertex 19.7 16.3045 42.4193
      vertex 19.7 0 2.55
      vertex 19.7 16.0769 43.1696
    endloop
  endfacet
  facet normal -1 -0 0
    outer loop
      vertex 19.7 16.6741 41.7277
      vertex 19.7 0 2.55
      vertex 19.7 16.3045 42.4193
    endloop
  endfacet
  facet normal -1 -0 0
    outer loop
      vertex 19.7 17.1716 41.1216
      vertex 19.7 0 2.55
      vertex 19.7 16.6741 41.7277
    endloop
  endfacet
  facet normal -1 -0 0
    outer loop
      vertex 19.7 17.7777 40.6241
      vertex 19.7 0 2.55
      vertex 19.7 17.1716 41.1216
    endloop
  endfacet
  facet normal -1 -0 0
    outer loop
      vertex 19.7 18.4693 40.2545
      vertex 19.7 0 2.55
      vertex 19.7 17.7777 40.6241
    endloop
  endfacet
  facet normal -1 -0 0
    outer loop
      vertex 19.7 19.2196 40.0269
      vertex 19.7 0 2.55
      vertex 19.7 18.4693 40.2545
    endloop
  endfacet
  facet normal -1 0 0
    outer loop
      vertex 19.7 125 31.45
      vertex 19.7 138 33.95
      vertex 19.7 138 31.45
    endloop
  endfacet
  facet normal -1 -0 0
    outer loop
      vertex 19.7 138 33.95
      vertex 19.7 125 31.45
      vertex 19.7 125 33.95
    endloop
  endfacet
  facet normal -1 0 0
    outer loop
      vertex 19.7 125 33.95
      vertex 19.7 115.9 74.35
      vertex 19.7 125 131.15
    endloop
  endfacet
  facet normal -1 0 0
    outer loop
      vertex 19.7 113.4 74.35
      vertex 19.7 125 131.15
      vertex 19.7 115.9 74.35
    endloop
  endfacet
  facet normal -1 0 0
    outer loop
      vertex 19.7 81.6955 45.4807
      vertex 19.7 113.4 59.35
      vertex 19.7 81.9231 44.7304
    endloop
  endfacet
  facet normal -1 0 0
    outer loop
      vertex 19.7 113.4 74.35
      vertex 19.7 82 126.45
      vertex 19.7 125 131.15
    endloop
  endfacet
  facet normal -1 0 0
    outer loop
      vertex 19.7 81.9231 127.23
      vertex 19.7 125 131.15
      vertex 19.7 82 126.45
    endloop
  endfacet
  facet normal -1 0 0
    outer loop
      vertex 19.7 81.6955 127.981
      vertex 19.7 125 131.15
      vertex 19.7 81.9231 127.23
    endloop
  endfacet
  facet normal -1 0 0
    outer loop
      vertex 19.7 81.3259 128.672
      vertex 19.7 125 131.15
      vertex 19.7 81.6955 127.981
    endloop
  endfacet
  facet normal -1 0 0
    outer loop
      vertex 19.7 80.8284 129.278
      vertex 19.7 125 131.15
      vertex 19.7 81.3259 128.672
    endloop
  endfacet
  facet normal -1 0 0
    outer loop
      vertex 19.7 80.2223 129.776
      vertex 19.7 125 131.15
      vertex 19.7 80.8284 129.278
    endloop
  endfacet
  facet normal -1 0 0
    outer loop
      vertex 19.7 79.5307 130.146
      vertex 19.7 125 131.15
      vertex 19.7 80.2223 129.776
    endloop
  endfacet
  facet normal -1 0 0
    outer loop
      vertex 19.7 78.7804 130.373
      vertex 19.7 125 131.15
      vertex 19.7 79.5307 130.146
    endloop
  endfacet
  facet normal -1 0 0
    outer loop
      vertex 19.7 78 130.45
      vertex 19.7 125 131.15
      vertex 19.7 78.7804 130.373
    endloop
  endfacet
  facet normal -1 0 0
    outer loop
      vertex 19.7 74.0769 125.67
      vertex 19.7 24 126.45
      vertex 19.7 74 126.45
    endloop
  endfacet
  facet normal -1 0 0
    outer loop
      vertex 19.7 74 126.45
      vertex 19.7 24 126.45
      vertex 19.7 74.0769 127.23
    endloop
  endfacet
  facet normal -1 0 0
    outer loop
      vertex 19.7 23.9231 127.23
      vertex 19.7 74.0769 127.23
      vertex 19.7 24 126.45
    endloop
  endfacet
  facet normal -1 0 0
    outer loop
      vertex 19.7 74.0769 127.23
      vertex 19.7 23.9231 127.23
      vertex 19.7 74.3045 127.981
    endloop
  endfacet
  facet normal -1 0 0
    outer loop
      vertex 19.7 23.6955 127.981
      vertex 19.7 74.3045 127.981
      vertex 19.7 23.9231 127.23
    endloop
  endfacet
  facet normal -1 0 0
    outer loop
      vertex 19.7 74.3045 127.981
      vertex 19.7 23.6955 127.981
      vertex 19.7 74.6741 128.672
    endloop
  endfacet
  facet normal -1 0 0
    outer loop
      vertex 19.7 23.3259 128.672
      vertex 19.7 74.6741 128.672
      vertex 19.7 23.6955 127.981
    endloop
  endfacet
  facet normal -1 0 0
    outer loop
      vertex 19.7 74.6741 128.672
      vertex 19.7 23.3259 128.672
      vertex 19.7 75.1716 129.278
    endloop
  endfacet
  facet normal -1 0 0
    outer loop
      vertex 19.7 22.8284 129.278
      vertex 19.7 75.1716 129.278
      vertex 19.7 23.3259 128.672
    endloop
  endfacet
  facet normal -1 0 0
    outer loop
      vertex 19.7 75.1716 129.278
      vertex 19.7 22.8284 129.278
      vertex 19.7 75.7777 129.776
    endloop
  endfacet
  facet normal -1 0 0
    outer loop
      vertex 19.7 22.2223 129.776
      vertex 19.7 75.7777 129.776
      vertex 19.7 22.8284 129.278
    endloop
  endfacet
  facet normal -1 0 0
    outer loop
      vertex 19.7 75.7777 129.776
      vertex 19.7 22.2223 129.776
      vertex 19.7 76.4693 130.146
    endloop
  endfacet
  facet normal -1 0 0
    outer loop
      vertex 19.7 21.5307 130.146
      vertex 19.7 76.4693 130.146
      vertex 19.7 22.2223 129.776
    endloop
  endfacet
  facet normal -1 0 0
    outer loop
      vertex 19.7 76.4693 130.146
      vertex 19.7 21.5307 130.146
      vertex 19.7 77.2196 130.373
    endloop
  endfacet
  facet normal -1 0 0
    outer loop
      vertex 19.7 20.7804 130.373
      vertex 19.7 77.2196 130.373
      vertex 19.7 21.5307 130.146
    endloop
  endfacet
  facet normal -1 0 0
    outer loop
      vertex 19.7 77.2196 130.373
      vertex 19.7 20.7804 130.373
      vertex 19.7 78 130.45
    endloop
  endfacet
  facet normal -1 0 0
    outer loop
      vertex 19.7 20 130.45
      vertex 19.7 78 130.45
      vertex 19.7 20.7804 130.373
    endloop
  endfacet
  facet normal -1 0 0
    outer loop
      vertex 19.7 0 131.15
      vertex 19.7 78 130.45
      vertex 19.7 20 130.45
    endloop
  endfacet
  facet normal -1 0 0
    outer loop
      vertex 19.7 16.0769 125.67
      vertex 19.7 0 131.15
      vertex 19.7 16 126.45
    endloop
  endfacet
  facet normal -1 0 0
    outer loop
      vertex 19.7 78 130.45
      vertex 19.7 0 131.15
      vertex 19.7 125 131.15
    endloop
  endfacet
  facet normal -1 0 0
    outer loop
      vertex 19.7 19.2196 130.373
      vertex 19.7 0 131.15
      vertex 19.7 20 130.45
    endloop
  endfacet
  facet normal -1 0 0
    outer loop
      vertex 19.7 18.4693 130.146
      vertex 19.7 0 131.15
      vertex 19.7 19.2196 130.373
    endloop
  endfacet
  facet normal -1 0 0
    outer loop
      vertex 19.7 17.7777 129.776
      vertex 19.7 0 131.15
      vertex 19.7 18.4693 130.146
    endloop
  endfacet
  facet normal -1 0 0
    outer loop
      vertex 19.7 17.1716 129.278
      vertex 19.7 0 131.15
      vertex 19.7 17.7777 129.776
    endloop
  endfacet
  facet normal -1 0 0
    outer loop
      vertex 19.7 16.6741 128.672
      vertex 19.7 0 131.15
      vertex 19.7 17.1716 129.278
    endloop
  endfacet
  facet normal -1 0 0
    outer loop
      vertex 19.7 16.3045 127.981
      vertex 19.7 0 131.15
      vertex 19.7 16.6741 128.672
    endloop
  endfacet
  facet normal -1 0 0
    outer loop
      vertex 19.7 16.0769 127.23
      vertex 19.7 0 131.15
      vertex 19.7 16.3045 127.981
    endloop
  endfacet
  facet normal -1 0 0
    outer loop
      vertex 19.7 16 126.45
      vertex 19.7 0 131.15
      vertex 19.7 16.0769 127.23
    endloop
  endfacet
  facet normal 0 0 1
    outer loop
      vertex 53.5 138 33.95
      vertex 49.75 120 33.95
      vertex 53.5 94 33.95
    endloop
  endfacet
  facet normal 0 0 1
    outer loop
      vertex 53.5 138 33.95
      vertex 46.35 120 33.95
      vertex 49.75 120 33.95
    endloop
  endfacet
  facet normal 0 0 1
    outer loop
      vertex 46.35 120 33.95
      vertex 22.2 125 33.95
      vertex 46.35 12 33.95
    endloop
  endfacet
  facet normal 0 0 1
    outer loop
      vertex 53.5 138 33.95
      vertex 22.2 125 33.95
      vertex 46.35 120 33.95
    endloop
  endfacet
  facet normal -0 0 1
    outer loop
      vertex 19.7 138 33.95
      vertex 22.2 125 33.95
      vertex 53.5 138 33.95
    endloop
  endfacet
  facet normal 0 0 1
    outer loop
      vertex 22.2 125 33.95
      vertex 19.7 138 33.95
      vertex 19.7 125 33.95
    endloop
  endfacet
  facet normal 0 0 1
    outer loop
      vertex 49.75 12 33.95
      vertex 56.9 94 33.95
      vertex 53.5 94 33.95
    endloop
  endfacet
  facet normal 0 0 1
    outer loop
      vertex 49.75 12 33.95
      vertex 53.5 94 33.95
      vertex 49.75 120 33.95
    endloop
  endfacet
  facet normal 0 0 1
    outer loop
      vertex 56.9 94 33.95
      vertex 49.75 12 33.95
      vertex 56.9 0 33.95
    endloop
  endfacet
  facet normal -0 0 1
    outer loop
      vertex 46.35 12 33.95
      vertex 56.9 0 33.95
      vertex 49.75 12 33.95
    endloop
  endfacet
  facet normal 0 0 1
    outer loop
      vertex 46.35 12 33.95
      vertex 22.2 0 33.95
      vertex 56.9 0 33.95
    endloop
  endfacet
  facet normal 0 0 1
    outer loop
      vertex 22.2 0 33.95
      vertex 46.35 12 33.95
      vertex 22.2 125 33.95
    endloop
  endfacet
  facet normal 0 1 -0
    outer loop
      vertex 53.5 138 31.45
      vertex 19.7 138 33.95
      vertex 53.5 138 33.95
    endloop
  endfacet
  facet normal 0 1 0
    outer loop
      vertex 19.7 138 33.95
      vertex 53.5 138 31.45
      vertex 19.7 138 31.45
    endloop
  endfacet
  facet normal 0 0 -1
    outer loop
      vertex 49.75 12 136.35
      vertex 56.9 94 136.35
      vertex 56.9 0 136.35
    endloop
  endfacet
  facet normal 0 0 -1
    outer loop
      vertex 49.75 120 136.35
      vertex 53.5 94 136.35
      vertex 49.75 12 136.35
    endloop
  endfacet
  facet normal -0 0 -1
    outer loop
      vertex 56.9 94 136.35
      vertex 49.75 12 136.35
      vertex 53.5 94 136.35
    endloop
  endfacet
  facet normal 0 0 -1
    outer loop
      vertex 56.9 0 136.35
      vertex 46.35 12 136.35
      vertex 49.75 12 136.35
    endloop
  endfacet
  facet normal 0 0 -1
    outer loop
      vertex 22.2 125 136.35
      vertex 46.35 12 136.35
      vertex 22.2 0 136.35
    endloop
  endfacet
  facet normal 0 0 -1
    outer loop
      vertex 22.2 0 136.35
      vertex 46.35 12 136.35
      vertex 56.9 0 136.35
    endloop
  endfacet
  facet normal 0 0 -1
    outer loop
      vertex 53.5 94 136.35
      vertex 49.75 120 136.35
      vertex 53.5 138 136.35
    endloop
  endfacet
  facet normal 0 0 -1
    outer loop
      vertex 46.35 120 136.35
      vertex 53.5 138 136.35
      vertex 49.75 120 136.35
    endloop
  endfacet
  facet normal 0 0 -1
    outer loop
      vertex 46.35 12 136.35
      vertex 22.2 125 136.35
      vertex 46.35 120 136.35
    endloop
  endfacet
  facet normal 0 0 -1
    outer loop
      vertex 22.2 125 136.35
      vertex 53.5 138 136.35
      vertex 46.35 120 136.35
    endloop
  endfacet
  facet normal 0 0 -1
    outer loop
      vertex 19.7 138 136.35
      vertex 22.2 125 136.35
      vertex 19.7 125 136.35
    endloop
  endfacet
  facet normal 0 0 -1
    outer loop
      vertex 22.2 125 136.35
      vertex 19.7 138 136.35
      vertex 53.5 138 136.35
    endloop
  endfacet
  facet normal 0 0 1
    outer loop
      vertex 53.5 138 138.85
      vertex 49.75 120 138.85
      vertex 53.5 94 138.85
    endloop
  endfacet
  facet normal 0 0 1
    outer loop
      vertex 53.5 138 138.85
      vertex 46.35 120 138.85
      vertex 49.75 120 138.85
    endloop
  endfacet
  facet normal 0 0 1
    outer loop
      vertex 19.7 0 138.85
      vertex 46.35 120 138.85
      vertex 19.7 138 138.85
    endloop
  endfacet
  facet normal -0 0 1
    outer loop
      vertex 19.7 138 138.85
      vertex 46.35 120 138.85
      vertex 53.5 138 138.85
    endloop
  endfacet
  facet normal 0 0 1
    outer loop
      vertex 49.75 12 138.85
      vertex 58.9 94 138.85
      vertex 53.5 94 138.85
    endloop
  endfacet
  facet normal 0 0 1
    outer loop
      vertex 49.75 12 138.85
      vertex 53.5 94 138.85
      vertex 49.75 120 138.85
    endloop
  endfacet
  facet normal 0 0 1
    outer loop
      vertex 58.9 94 138.85
      vertex 49.75 12 138.85
      vertex 58.9 0 138.85
    endloop
  endfacet
  facet normal -0 0 1
    outer loop
      vertex 46.35 12 138.85
      vertex 58.9 0 138.85
      vertex 49.75 12 138.85
    endloop
  endfacet
  facet normal 0 0 1
    outer loop
      vertex 46.35 12 138.85
      vertex 19.7 0 138.85
      vertex 58.9 0 138.85
    endloop
  endfacet
  facet normal 0 0 1
    outer loop
      vertex 46.35 120 138.85
      vertex 19.7 0 138.85
      vertex 46.35 12 138.85
    endloop
  endfacet
  facet normal 0 1 -0
    outer loop
      vertex 53.5 138 136.35
      vertex 19.7 138 138.85
      vertex 53.5 138 138.85
    endloop
  endfacet
  facet normal 0 1 0
    outer loop
      vertex 19.7 138 138.85
      vertex 53.5 138 136.35
      vertex 19.7 138 136.35
    endloop
  endfacet
  facet normal 0 0 -1
    outer loop
      vertex 11.05 62.5 0.0499994
      vertex 22.2 0 0.0499994
      vertex 11.05 6 0.0499994
    endloop
  endfacet
  facet normal 0 0 -1
    outer loop
      vertex 4.5 0 0.0499994
      vertex 11.05 6 0.0499994
      vertex 22.2 0 0.0499994
    endloop
  endfacet
  facet normal -0 0 -1
    outer loop
      vertex 8.75 6 0.0499994
      vertex 4.5 0 0.0499994
      vertex 8.75 62.5 0.0499994
    endloop
  endfacet
  facet normal -0 0 -1
    outer loop
      vertex 11.05 6 0.0499994
      vertex 4.5 0 0.0499994
      vertex 8.75 6 0.0499994
    endloop
  endfacet
  facet normal 0 0 -1
    outer loop
      vertex 22.2 0 0.0499994
      vertex 11.05 62.5 0.0499994
      vertex 22.2 125 0.0499994
    endloop
  endfacet
  facet normal 0 0 -1
    outer loop
      vertex 4.5 125 0.0499994
      vertex 11.05 62.5 0.0499994
      vertex 8.75 62.5 0.0499994
    endloop
  endfacet
  facet normal 0 0 -1
    outer loop
      vertex 11.05 62.5 0.0499994
      vertex 4.5 125 0.0499994
      vertex 22.2 125 0.0499994
    endloop
  endfacet
  facet normal 0 0 -1
    outer loop
      vertex 4.5 125 0.0499994
      vertex 8.75 62.5 0.0499994
      vertex 4.5 0 0.0499994
    endloop
  endfacet
  facet normal -1 0 0
    outer loop
      vertex 4.5 0 0.0499994
      vertex 4.5 125 2.55
      vertex 4.5 125 0.0499994
    endloop
  endfacet
  facet normal -1 -0 0
    outer loop
      vertex 4.5 125 2.55
      vertex 4.5 0 0.0499994
      vertex 4.5 0 2.55
    endloop
  endfacet
  facet normal 0 0 1
    outer loop
      vertex 19.7 125 2.55
      vertex 11.05 62.5 2.55
      vertex 19.7 0 2.55
    endloop
  endfacet
  facet normal -0 0 1
    outer loop
      vertex 4.5 125 2.55
      vertex 11.05 62.5 2.55
      vertex 19.7 125 2.55
    endloop
  endfacet
  facet normal 0 0 1
    outer loop
      vertex 4.5 0 2.55
      vertex 8.75 62.5 2.55
      vertex 4.5 125 2.55
    endloop
  endfacet
  facet normal 0 0 1
    outer loop
      vertex 11.05 62.5 2.55
      vertex 4.5 125 2.55
      vertex 8.75 62.5 2.55
    endloop
  endfacet
  facet normal -0 0 1
    outer loop
      vertex 11.05 6 2.55
      vertex 19.7 0 2.55
      vertex 11.05 62.5 2.55
    endloop
  endfacet
  facet normal 0 0 1
    outer loop
      vertex 4.5 0 2.55
      vertex 11.05 6 2.55
      vertex 8.75 6 2.55
    endloop
  endfacet
  facet normal 0 0 1
    outer loop
      vertex 11.05 6 2.55
      vertex 4.5 0 2.55
      vertex 19.7 0 2.55
    endloop
  endfacet
  facet normal 0 0 1
    outer loop
      vertex 8.75 62.5 2.55
      vertex 4.5 0 2.55
      vertex 8.75 6 2.55
    endloop
  endfacet
  facet normal 1 -0 0
    outer loop
      vertex 22.2 0 31.45
      vertex 22.2 125 0.0499994
      vertex 22.2 125 31.45
    endloop
  endfacet
  facet normal 1 0 0
    outer loop
      vertex 22.2 125 0.0499994
      vertex 22.2 0 31.45
      vertex 22.2 0 0.0499994
    endloop
  endfacet
  facet normal 1 0 0
    outer loop
      vertex 22.2 22.8284 123.622
      vertex 22.2 75.1716 123.622
      vertex 22.2 23.3259 124.228
    endloop
  endfacet
  facet normal 1 0 0
    outer loop
      vertex 22.2 75.7777 47.2759
      vertex 22.2 23.9231 44.7304
      vertex 22.2 24 43.95
    endloop
  endfacet
  facet normal 1 0 0
    outer loop
      vertex 22.2 75.1716 123.622
      vertex 22.2 22.8284 123.622
      vertex 22.2 75.7777 123.124
    endloop
  endfacet
  facet normal 1 0 0
    outer loop
      vertex 22.2 75.7777 47.2759
      vertex 22.2 23.6955 45.4807
      vertex 22.2 23.9231 44.7304
    endloop
  endfacet
  facet normal 1 0 0
    outer loop
      vertex 22.2 22.2223 123.124
      vertex 22.2 75.7777 123.124
      vertex 22.2 22.8284 123.622
    endloop
  endfacet
  facet normal 1 0 0
    outer loop
      vertex 22.2 75.7777 47.2759
      vertex 22.2 23.3259 46.1723
      vertex 22.2 23.6955 45.4807
    endloop
  endfacet
  facet normal 1 0 0
    outer loop
      vertex 22.2 75.7777 123.124
      vertex 22.2 22.2223 123.124
      vertex 22.2 75.7777 47.2759
    endloop
  endfacet
  facet normal 1 0 0
    outer loop
      vertex 22.2 75.7777 47.2759
      vertex 22.2 22.8284 46.7784
      vertex 22.2 23.3259 46.1723
    endloop
  endfacet
  facet normal 1 0 0
    outer loop
      vertex 22.2 22.2223 47.2759
      vertex 22.2 75.7777 47.2759
      vertex 22.2 22.2223 123.124
    endloop
  endfacet
  facet normal 1 0 0
    outer loop
      vertex 22.2 75.7777 47.2759
      vertex 22.2 22.2223 47.2759
      vertex 22.2 22.8284 46.7784
    endloop
  endfacet
  facet normal 1 -0 0
    outer loop
      vertex 22.2 21.5307 122.754
      vertex 22.2 22.2223 47.2759
      vertex 22.2 22.2223 123.124
    endloop
  endfacet
  facet normal 1 0 0
    outer loop
      vertex 22.2 21.5307 122.754
      vertex 22.2 21.5307 47.6455
      vertex 22.2 22.2223 47.2759
    endloop
  endfacet
  facet normal 1 -0 0
    outer loop
      vertex 22.2 20.7804 122.527
      vertex 22.2 21.5307 47.6455
      vertex 22.2 21.5307 122.754
    endloop
  endfacet
  facet normal 1 0 0
    outer loop
      vertex 22.2 20.7804 122.527
      vertex 22.2 20.7804 47.8731
      vertex 22.2 21.5307 47.6455
    endloop
  endfacet
  facet normal 1 -0 0
    outer loop
      vertex 22.2 20 122.45
      vertex 22.2 20.7804 47.8731
      vertex 22.2 20.7804 122.527
    endloop
  endfacet
  facet normal 1 0 0
    outer loop
      vertex 22.2 20 122.45
      vertex 22.2 20 47.95
      vertex 22.2 20.7804 47.8731
    endloop
  endfacet
  facet normal 1 0 0
    outer loop
      vertex 22.2 19.2196 122.527
      vertex 22.2 20 47.95
      vertex 22.2 20 122.45
    endloop
  endfacet
  facet normal 1 0 0
    outer loop
      vertex 22.2 19.2196 122.527
      vertex 22.2 19.2196 47.8731
      vertex 22.2 20 47.95
    endloop
  endfacet
  facet normal 1 0 0
    outer loop
      vertex 22.2 18.4693 122.754
      vertex 22.2 19.2196 47.8731
      vertex 22.2 19.2196 122.527
    endloop
  endfacet
  facet normal 1 0 0
    outer loop
      vertex 22.2 18.4693 122.754
      vertex 22.2 18.4693 47.6455
      vertex 22.2 19.2196 47.8731
    endloop
  endfacet
  facet normal 1 0 0
    outer loop
      vertex 22.2 17.7777 123.124
      vertex 22.2 18.4693 47.6455
      vertex 22.2 18.4693 122.754
    endloop
  endfacet
  facet normal 1 0 0
    outer loop
      vertex 22.2 17.7777 123.124
      vertex 22.2 17.7777 47.2759
      vertex 22.2 18.4693 47.6455
    endloop
  endfacet
  facet normal 1 0 0
    outer loop
      vertex 22.2 17.1716 123.622
      vertex 22.2 17.7777 47.2759
      vertex 22.2 17.7777 123.124
    endloop
  endfacet
  facet normal 1 0 0
    outer loop
      vertex 22.2 17.1716 123.622
      vertex 22.2 17.1716 46.7784
      vertex 22.2 17.7777 47.2759
    endloop
  endfacet
  facet normal 1 0 0
    outer loop
      vertex 22.2 0 136.35
      vertex 22.2 17.1716 123.622
      vertex 22.2 16.6741 124.228
    endloop
  endfacet
  facet normal 1 0 0
    outer loop
      vertex 22.2 17.1716 123.622
      vertex 22.2 0 136.35
      vertex 22.2 17.1716 46.7784
    endloop
  endfacet
  facet normal 1 0 0
    outer loop
      vertex 22.2 0 136.35
      vertex 22.2 16.6741 124.228
      vertex 22.2 16.3045 124.919
    endloop
  endfacet
  facet normal 1 0 0
    outer loop
      vertex 22.2 0 33.95
      vertex 22.2 17.1716 46.7784
      vertex 22.2 0 136.35
    endloop
  endfacet
  facet normal 1 0 0
    outer loop
      vertex 22.2 0 136.35
      vertex 22.2 16.3045 124.919
      vertex 22.2 16.0769 125.67
    endloop
  endfacet
  facet normal 1 0 0
    outer loop
      vertex 22.2 17.1716 46.7784
      vertex 22.2 0 33.95
      vertex 22.2 16.6741 46.1723
    endloop
  endfacet
  facet normal 1 0 0
    outer loop
      vertex 22.2 0 136.35
      vertex 22.2 16.0769 125.67
      vertex 22.2 16 126.45
    endloop
  endfacet
  facet normal 1 0 0
    outer loop
      vertex 22.2 16.6741 46.1723
      vertex 22.2 0 33.95
      vertex 22.2 16.3045 45.4807
    endloop
  endfacet
  facet normal 1 0 0
    outer loop
      vertex 22.2 81.3259 124.228
      vertex 22.2 125 136.35
      vertex 22.2 81.6955 124.919
    endloop
  endfacet
  facet normal 1 0 0
    outer loop
      vertex 22.2 125 33.95
      vertex 22.2 81.9231 44.7304
      vertex 22.2 82 43.95
    endloop
  endfacet
  facet normal 1 0 0
    outer loop
      vertex 22.2 80.8284 123.622
      vertex 22.2 125 136.35
      vertex 22.2 81.3259 124.228
    endloop
  endfacet
  facet normal 1 0 0
    outer loop
      vertex 22.2 125 33.95
      vertex 22.2 81.6955 45.4807
      vertex 22.2 81.9231 44.7304
    endloop
  endfacet
  facet normal 1 0 0
    outer loop
      vertex 22.2 125 136.35
      vertex 22.2 80.8284 123.622
      vertex 22.2 125 33.95
    endloop
  endfacet
  facet normal 1 0 0
    outer loop
      vertex 22.2 125 33.95
      vertex 22.2 81.3259 46.1723
      vertex 22.2 81.6955 45.4807
    endloop
  endfacet
  facet normal 1 -0 0
    outer loop
      vertex 22.2 80.8284 46.7784
      vertex 22.2 125 33.95
      vertex 22.2 80.8284 123.622
    endloop
  endfacet
  facet normal 1 0 0
    outer loop
      vertex 22.2 125 33.95
      vertex 22.2 80.8284 46.7784
      vertex 22.2 81.3259 46.1723
    endloop
  endfacet
  facet normal 1 -0 0
    outer loop
      vertex 22.2 80.2223 123.124
      vertex 22.2 80.8284 46.7784
      vertex 22.2 80.8284 123.622
    endloop
  endfacet
  facet normal 1 0 0
    outer loop
      vertex 22.2 80.2223 123.124
      vertex 22.2 80.2223 47.2759
      vertex 22.2 80.8284 46.7784
    endloop
  endfacet
  facet normal 1 -0 0
    outer loop
      vertex 22.2 79.5307 122.754
      vertex 22.2 80.2223 47.2759
      vertex 22.2 80.2223 123.124
    endloop
  endfacet
  facet normal 1 0 0
    outer loop
      vertex 22.2 79.5307 122.754
      vertex 22.2 79.5307 47.6455
      vertex 22.2 80.2223 47.2759
    endloop
  endfacet
  facet normal 1 -0 0
    outer loop
      vertex 22.2 78.7804 122.527
      vertex 22.2 79.5307 47.6455
      vertex 22.2 79.5307 122.754
    endloop
  endfacet
  facet normal 1 0 0
    outer loop
      vertex 22.2 78.7804 122.527
      vertex 22.2 78.7804 47.8731
      vertex 22.2 79.5307 47.6455
    endloop
  endfacet
  facet normal 1 -0 0
    outer loop
      vertex 22.2 78 122.45
      vertex 22.2 78.7804 47.8731
      vertex 22.2 78.7804 122.527
    endloop
  endfacet
  facet normal 1 0 0
    outer loop
      vertex 22.2 78 122.45
      vertex 22.2 78 47.95
      vertex 22.2 78.7804 47.8731
    endloop
  endfacet
  facet normal 1 0 0
    outer loop
      vertex 22.2 77.2196 122.527
      vertex 22.2 78 47.95
      vertex 22.2 78 122.45
    endloop
  endfacet
  facet normal 1 0 0
    outer loop
      vertex 22.2 77.2196 122.527
      vertex 22.2 77.2196 47.8731
      vertex 22.2 78 47.95
    endloop
  endfacet
  facet normal 1 0 0
    outer loop
      vertex 22.2 76.4693 122.754
      vertex 22.2 77.2196 47.8731
      vertex 22.2 77.2196 122.527
    endloop
  endfacet
  facet normal 1 0 0
    outer loop
      vertex 22.2 76.4693 122.754
      vertex 22.2 76.4693 47.6455
      vertex 22.2 77.2196 47.8731
    endloop
  endfacet
  facet normal 1 0 0
    outer loop
      vertex 22.2 75.7777 123.124
      vertex 22.2 76.4693 47.6455
      vertex 22.2 76.4693 122.754
    endloop
  endfacet
  facet normal 1 0 0
    outer loop
      vertex 22.2 75.7777 123.124
      vertex 22.2 75.7777 47.2759
      vertex 22.2 76.4693 47.6455
    endloop
  endfacet
  facet normal 1 0 0
    outer loop
      vertex 22.2 74.3045 124.919
      vertex 22.2 23.6955 124.919
      vertex 22.2 74.6741 124.228
    endloop
  endfacet
  facet normal 1 0 0
    outer loop
      vertex 22.2 23.3259 124.228
      vertex 22.2 74.6741 124.228
      vertex 22.2 23.6955 124.919
    endloop
  endfacet
  facet normal 1 0 0
    outer loop
      vertex 22.2 23.6955 124.919
      vertex 22.2 74.3045 124.919
      vertex 22.2 23.9231 125.67
    endloop
  endfacet
  facet normal 1 0 0
    outer loop
      vertex 22.2 74.6741 124.228
      vertex 22.2 23.3259 124.228
      vertex 22.2 75.1716 123.622
    endloop
  endfacet
  facet normal 1 0 0
    outer loop
      vertex 22.2 74.0769 125.67
      vertex 22.2 23.9231 125.67
      vertex 22.2 74.3045 124.919
    endloop
  endfacet
  facet normal 1 0 0
    outer loop
      vertex 22.2 75.7777 47.2759
      vertex 22.2 24 43.95
      vertex 22.2 75.1716 46.7784
    endloop
  endfacet
  facet normal 1 0 0
    outer loop
      vertex 22.2 23.9231 125.67
      vertex 22.2 74.0769 125.67
      vertex 22.2 24 126.45
    endloop
  endfacet
  facet normal 1 0 0
    outer loop
      vertex 22.2 75.1716 46.7784
      vertex 22.2 24 43.95
      vertex 22.2 74.6741 46.1723
    endloop
  endfacet
  facet normal 1 -0 0
    outer loop
      vertex 22.2 24 126.45
      vertex 22.2 74.0769 125.67
      vertex 22.2 74 126.45
    endloop
  endfacet
  facet normal 1 0 0
    outer loop
      vertex 22.2 74.6741 46.1723
      vertex 22.2 24 43.95
      vertex 22.2 74.3045 45.4807
    endloop
  endfacet
  facet normal 1 0 0
    outer loop
      vertex 22.2 81.9231 125.67
      vertex 22.2 125 136.35
      vertex 22.2 82 126.45
    endloop
  endfacet
  facet normal 1 0 0
    outer loop
      vertex 22.2 125 136.35
      vertex 22.2 81.9231 127.23
      vertex 22.2 82 126.45
    endloop
  endfacet
  facet normal 1 0 0
    outer loop
      vertex 22.2 125 136.35
      vertex 22.2 81.6955 127.981
      vertex 22.2 81.9231 127.23
    endloop
  endfacet
  facet normal 1 0 0
    outer loop
      vertex 22.2 125 136.35
      vertex 22.2 81.3259 128.672
      vertex 22.2 81.6955 127.981
    endloop
  endfacet
  facet normal 1 0 0
    outer loop
      vertex 22.2 125 136.35
      vertex 22.2 80.8284 129.278
      vertex 22.2 81.3259 128.672
    endloop
  endfacet
  facet normal 1 0 0
    outer loop
      vertex 22.2 125 136.35
      vertex 22.2 80.2223 129.776
      vertex 22.2 80.8284 129.278
    endloop
  endfacet
  facet normal 1 0 0
    outer loop
      vertex 22.2 125 136.35
      vertex 22.2 79.5307 130.146
      vertex 22.2 80.2223 129.776
    endloop
  endfacet
  facet normal 1 0 0
    outer loop
      vertex 22.2 125 136.35
      vertex 22.2 78.7804 130.373
      vertex 22.2 79.5307 130.146
    endloop
  endfacet
  facet normal 1 0 0
    outer loop
      vertex 22.2 125 136.35
      vertex 22.2 78 130.45
      vertex 22.2 78.7804 130.373
    endloop
  endfacet
  facet normal 1 -0 0
    outer loop
      vertex 22.2 0 136.35
      vertex 22.2 78 130.45
      vertex 22.2 125 136.35
    endloop
  endfacet
  facet normal 1 0 0
    outer loop
      vertex 22.2 74.3045 45.4807
      vertex 22.2 24 43.95
      vertex 22.2 74.0769 44.7304
    endloop
  endfacet
  facet normal 1 0 0
    outer loop
      vertex 22.2 74.0769 127.23
      vertex 22.2 24 126.45
      vertex 22.2 74 126.45
    endloop
  endfacet
  facet normal 1 0 0
    outer loop
      vertex 22.2 23.9231 127.23
      vertex 22.2 74.0769 127.23
      vertex 22.2 74.3045 127.981
    endloop
  endfacet
  facet normal 1 0 0
    outer loop
      vertex 22.2 23.6955 127.981
      vertex 22.2 74.3045 127.981
      vertex 22.2 74.6741 128.672
    endloop
  endfacet
  facet normal 1 0 0
    outer loop
      vertex 22.2 23.3259 128.672
      vertex 22.2 74.6741 128.672
      vertex 22.2 75.1716 129.278
    endloop
  endfacet
  facet normal 1 0 0
    outer loop
      vertex 22.2 22.8284 129.278
      vertex 22.2 75.1716 129.278
      vertex 22.2 75.7777 129.776
    endloop
  endfacet
  facet normal 1 0 0
    outer loop
      vertex 22.2 22.2223 129.776
      vertex 22.2 75.7777 129.776
      vertex 22.2 76.4693 130.146
    endloop
  endfacet
  facet normal 1 0 0
    outer loop
      vertex 22.2 21.5307 130.146
      vertex 22.2 76.4693 130.146
      vertex 22.2 77.2196 130.373
    endloop
  endfacet
  facet normal 1 0 0
    outer loop
      vertex 22.2 78 130.45
      vertex 22.2 0 136.35
      vertex 22.2 77.2196 130.373
    endloop
  endfacet
  facet normal 1 0 0
    outer loop
      vertex 22.2 74.0769 127.23
      vertex 22.2 23.9231 127.23
      vertex 22.2 24 126.45
    endloop
  endfacet
  facet normal 1 0 0
    outer loop
      vertex 22.2 74.3045 127.981
      vertex 22.2 23.6955 127.981
      vertex 22.2 23.9231 127.23
    endloop
  endfacet
  facet normal 1 0 0
    outer loop
      vertex 22.2 74.6741 128.672
      vertex 22.2 23.3259 128.672
      vertex 22.2 23.6955 127.981
    endloop
  endfacet
  facet normal 1 0 0
    outer loop
      vertex 22.2 75.1716 129.278
      vertex 22.2 22.8284 129.278
      vertex 22.2 23.3259 128.672
    endloop
  endfacet
  facet normal 1 0 0
    outer loop
      vertex 22.2 75.7777 129.776
      vertex 22.2 22.2223 129.776
      vertex 22.2 22.8284 129.278
    endloop
  endfacet
  facet normal 1 0 0
    outer loop
      vertex 22.2 76.4693 130.146
      vertex 22.2 21.5307 130.146
      vertex 22.2 22.2223 129.776
    endloop
  endfacet
  facet normal 1 0 0
    outer loop
      vertex 22.2 77.2196 130.373
      vertex 22.2 20.7804 130.373
      vertex 22.2 21.5307 130.146
    endloop
  endfacet
  facet normal 1 0 0
    outer loop
      vertex 22.2 77.2196 130.373
      vertex 22.2 0 136.35
      vertex 22.2 20.7804 130.373
    endloop
  endfacet
  facet normal 1 0 0
    outer loop
      vertex 22.2 16.3045 45.4807
      vertex 22.2 0 33.95
      vertex 22.2 16.0769 44.7304
    endloop
  endfacet
  facet normal 1 0 0
    outer loop
      vertex 22.2 16.0769 127.23
      vertex 22.2 0 136.35
      vertex 22.2 16 126.45
    endloop
  endfacet
  facet normal 1 0 0
    outer loop
      vertex 22.2 16.3045 127.981
      vertex 22.2 0 136.35
      vertex 22.2 16.0769 127.23
    endloop
  endfacet
  facet normal 1 0 0
    outer loop
      vertex 22.2 16.6741 128.672
      vertex 22.2 0 136.35
      vertex 22.2 16.3045 127.981
    endloop
  endfacet
  facet normal 1 0 0
    outer loop
      vertex 22.2 17.1716 129.278
      vertex 22.2 0 136.35
      vertex 22.2 16.6741 128.672
    endloop
  endfacet
  facet normal 1 0 0
    outer loop
      vertex 22.2 17.7777 129.776
      vertex 22.2 0 136.35
      vertex 22.2 17.1716 129.278
    endloop
  endfacet
  facet normal 1 0 0
    outer loop
      vertex 22.2 18.4693 130.146
      vertex 22.2 0 136.35
      vertex 22.2 17.7777 129.776
    endloop
  endfacet
  facet normal 1 0 0
    outer loop
      vertex 22.2 19.2196 130.373
      vertex 22.2 0 136.35
      vertex 22.2 18.4693 130.146
    endloop
  endfacet
  facet normal 1 0 0
    outer loop
      vertex 22.2 20 130.45
      vertex 22.2 0 136.35
      vertex 22.2 19.2196 130.373
    endloop
  endfacet
  facet normal 1 0 0
    outer loop
      vertex 22.2 20.7804 130.373
      vertex 22.2 0 136.35
      vertex 22.2 20 130.45
    endloop
  endfacet
  facet normal 1 0 0
    outer loop
      vertex 22.2 81.6955 124.919
      vertex 22.2 125 136.35
      vertex 22.2 81.9231 125.67
    endloop
  endfacet
  facet normal 1 -0 0
    outer loop
      vertex 22.2 81.9231 43.1696
      vertex 22.2 125 33.95
      vertex 22.2 82 43.95
    endloop
  endfacet
  facet normal 1 -0 0
    outer loop
      vertex 22.2 81.6955 42.4193
      vertex 22.2 125 33.95
      vertex 22.2 81.9231 43.1696
    endloop
  endfacet
  facet normal 1 -0 0
    outer loop
      vertex 22.2 81.3259 41.7277
      vertex 22.2 125 33.95
      vertex 22.2 81.6955 42.4193
    endloop
  endfacet
  facet normal 1 -0 0
    outer loop
      vertex 22.2 80.8284 41.1216
      vertex 22.2 125 33.95
      vertex 22.2 81.3259 41.7277
    endloop
  endfacet
  facet normal 1 -0 0
    outer loop
      vertex 22.2 80.2223 40.6241
      vertex 22.2 125 33.95
      vertex 22.2 80.8284 41.1216
    endloop
  endfacet
  facet normal 1 -0 0
    outer loop
      vertex 22.2 79.5307 40.2545
      vertex 22.2 125 33.95
      vertex 22.2 80.2223 40.6241
    endloop
  endfacet
  facet normal 1 -0 0
    outer loop
      vertex 22.2 78.7804 40.0269
      vertex 22.2 125 33.95
      vertex 22.2 79.5307 40.2545
    endloop
  endfacet
  facet normal 1 -0 0
    outer loop
      vertex 22.2 78 39.95
      vertex 22.2 125 33.95
      vertex 22.2 78.7804 40.0269
    endloop
  endfacet
  facet normal 1 0 0
    outer loop
      vertex 22.2 0 33.95
      vertex 22.2 78 39.95
      vertex 22.2 77.2196 40.0269
    endloop
  endfacet
  facet normal 1 0 0
    outer loop
      vertex 22.2 74.0769 44.7304
      vertex 22.2 24 43.95
      vertex 22.2 74 43.95
    endloop
  endfacet
  facet normal 1 0 0
    outer loop
      vertex 22.2 74 43.95
      vertex 22.2 24 43.95
      vertex 22.2 74.0769 43.1696
    endloop
  endfacet
  facet normal 1 0 0
    outer loop
      vertex 22.2 23.9231 43.1696
      vertex 22.2 74.0769 43.1696
      vertex 22.2 24 43.95
    endloop
  endfacet
  facet normal 1 0 0
    outer loop
      vertex 22.2 74.0769 43.1696
      vertex 22.2 23.9231 43.1696
      vertex 22.2 74.3045 42.4193
    endloop
  endfacet
  facet normal 1 0 0
    outer loop
      vertex 22.2 23.6955 42.4193
      vertex 22.2 74.3045 42.4193
      vertex 22.2 23.9231 43.1696
    endloop
  endfacet
  facet normal 1 0 0
    outer loop
      vertex 22.2 74.3045 42.4193
      vertex 22.2 23.6955 42.4193
      vertex 22.2 74.6741 41.7277
    endloop
  endfacet
  facet normal 1 0 0
    outer loop
      vertex 22.2 23.3259 41.7277
      vertex 22.2 74.6741 41.7277
      vertex 22.2 23.6955 42.4193
    endloop
  endfacet
  facet normal 1 0 0
    outer loop
      vertex 22.2 74.6741 41.7277
      vertex 22.2 23.3259 41.7277
      vertex 22.2 75.1716 41.1216
    endloop
  endfacet
  facet normal 1 0 0
    outer loop
      vertex 22.2 22.8284 41.1216
      vertex 22.2 75.1716 41.1216
      vertex 22.2 23.3259 41.7277
    endloop
  endfacet
  facet normal 1 0 0
    outer loop
      vertex 22.2 75.1716 41.1216
      vertex 22.2 22.8284 41.1216
      vertex 22.2 75.7777 40.6241
    endloop
  endfacet
  facet normal 1 0 0
    outer loop
      vertex 22.2 22.2223 40.6241
      vertex 22.2 75.7777 40.6241
      vertex 22.2 22.8284 41.1216
    endloop
  endfacet
  facet normal 1 0 0
    outer loop
      vertex 22.2 75.7777 40.6241
      vertex 22.2 22.2223 40.6241
      vertex 22.2 76.4693 40.2545
    endloop
  endfacet
  facet normal 1 0 0
    outer loop
      vertex 22.2 21.5307 40.2545
      vertex 22.2 76.4693 40.2545
      vertex 22.2 22.2223 40.6241
    endloop
  endfacet
  facet normal 1 0 0
    outer loop
      vertex 22.2 76.4693 40.2545
      vertex 22.2 21.5307 40.2545
      vertex 22.2 77.2196 40.0269
    endloop
  endfacet
  facet normal 1 0 0
    outer loop
      vertex 22.2 20.7804 40.0269
      vertex 22.2 77.2196 40.0269
      vertex 22.2 21.5307 40.2545
    endloop
  endfacet
  facet normal 1 0 0
    outer loop
      vertex 22.2 0 33.95
      vertex 22.2 77.2196 40.0269
      vertex 22.2 20.7804 40.0269
    endloop
  endfacet
  facet normal 1 0 0
    outer loop
      vertex 22.2 0 33.95
      vertex 22.2 20.7804 40.0269
      vertex 22.2 20 39.95
    endloop
  endfacet
  facet normal 1 0 0
    outer loop
      vertex 22.2 16.0769 44.7304
      vertex 22.2 0 33.95
      vertex 22.2 16 43.95
    endloop
  endfacet
  facet normal 1 0 0
    outer loop
      vertex 22.2 78 39.95
      vertex 22.2 0 33.95
      vertex 22.2 125 33.95
    endloop
  endfacet
  facet normal 1 0 0
    outer loop
      vertex 22.2 19.2196 40.0269
      vertex 22.2 0 33.95
      vertex 22.2 20 39.95
    endloop
  endfacet
  facet normal 1 0 0
    outer loop
      vertex 22.2 18.4693 40.2545
      vertex 22.2 0 33.95
      vertex 22.2 19.2196 40.0269
    endloop
  endfacet
  facet normal 1 0 0
    outer loop
      vertex 22.2 17.7777 40.6241
      vertex 22.2 0 33.95
      vertex 22.2 18.4693 40.2545
    endloop
  endfacet
  facet normal 1 0 0
    outer loop
      vertex 22.2 17.1716 41.1216
      vertex 22.2 0 33.95
      vertex 22.2 17.7777 40.6241
    endloop
  endfacet
  facet normal 1 0 0
    outer loop
      vertex 22.2 16.6741 41.7277
      vertex 22.2 0 33.95
      vertex 22.2 17.1716 41.1216
    endloop
  endfacet
  facet normal 1 0 0
    outer loop
      vertex 22.2 16.3045 42.4193
      vertex 22.2 0 33.95
      vertex 22.2 16.6741 41.7277
    endloop
  endfacet
  facet normal 1 0 0
    outer loop
      vertex 22.2 16.0769 43.1696
      vertex 22.2 0 33.95
      vertex 22.2 16.3045 42.4193
    endloop
  endfacet
  facet normal 1 0 0
    outer loop
      vertex 22.2 16 43.95
      vertex 22.2 0 33.95
      vertex 22.2 16.0769 43.1696
    endloop
  endfacet
  facet normal 0 1 0
    outer loop
      vertex 22.2 125 31.45
      vertex 19.7 125 2.55
      vertex 19.7 125 31.45
    endloop
  endfacet
  facet normal 0 1 -0
    outer loop
      vertex 22.2 125 0.0499994
      vertex 19.7 125 2.55
      vertex 22.2 125 31.45
    endloop
  endfacet
  facet normal 0 1 0
    outer loop
      vertex 4.5 125 0.0499994
      vertex 19.7 125 2.55
      vertex 22.2 125 0.0499994
    endloop
  endfacet
  facet normal 0 1 0
    outer loop
      vertex 19.7 125 2.55
      vertex 4.5 125 0.0499994
      vertex 4.5 125 2.55
    endloop
  endfacet
  facet normal 0 1 0
    outer loop
      vertex 22.2 125 136.35
      vertex 19.7 125 133.65
      vertex 19.7 125 136.35
    endloop
  endfacet
  facet normal 0 1 0
    outer loop
      vertex 19.7 125 133.65
      vertex 19.7 125 131.15
      vertex 4.5 125 133.65
    endloop
  endfacet
  facet normal 0 1 0
    outer loop
      vertex 22.2 125 136.35
      vertex 19.7 125 131.15
      vertex 19.7 125 133.65
    endloop
  endfacet
  facet normal 0 1 -0
    outer loop
      vertex 22.2 125 33.95
      vertex 19.7 125 131.15
      vertex 22.2 125 136.35
    endloop
  endfacet
  facet normal 0 1 0
    outer loop
      vertex 19.7 125 131.15
      vertex 22.2 125 33.95
      vertex 19.7 125 33.95
    endloop
  endfacet
  facet normal 0 1 0
    outer loop
      vertex 4.5 125 133.65
      vertex 19.7 125 131.15
      vertex 4.5 125 131.15
    endloop
  endfacet
  facet normal 0 0 -1
    outer loop
      vertex 11.05 62.5 131.15
      vertex 19.7 0 131.15
      vertex 11.05 6 131.15
    endloop
  endfacet
  facet normal 0 0 -1
    outer loop
      vertex 4.5 0 131.15
      vertex 11.05 6 131.15
      vertex 19.7 0 131.15
    endloop
  endfacet
  facet normal -0 0 -1
    outer loop
      vertex 8.75 6 131.15
      vertex 4.5 0 131.15
      vertex 8.75 62.5 131.15
    endloop
  endfacet
  facet normal -0 0 -1
    outer loop
      vertex 11.05 6 131.15
      vertex 4.5 0 131.15
      vertex 8.75 6 131.15
    endloop
  endfacet
  facet normal 0 0 -1
    outer loop
      vertex 19.7 0 131.15
      vertex 11.05 62.5 131.15
      vertex 19.7 125 131.15
    endloop
  endfacet
  facet normal 0 0 -1
    outer loop
      vertex 4.5 125 131.15
      vertex 11.05 62.5 131.15
      vertex 8.75 62.5 131.15
    endloop
  endfacet
  facet normal 0 0 -1
    outer loop
      vertex 11.05 62.5 131.15
      vertex 4.5 125 131.15
      vertex 19.7 125 131.15
    endloop
  endfacet
  facet normal 0 0 -1
    outer loop
      vertex 4.5 125 131.15
      vertex 8.75 62.5 131.15
      vertex 4.5 0 131.15
    endloop
  endfacet
  facet normal -1 0 0
    outer loop
      vertex 4.5 0 131.15
      vertex 4.5 125 133.65
      vertex 4.5 125 131.15
    endloop
  endfacet
  facet normal -1 -0 0
    outer loop
      vertex 4.5 125 133.65
      vertex 4.5 0 131.15
      vertex 4.5 0 133.65
    endloop
  endfacet
  facet normal 0 0 1
    outer loop
      vertex 19.7 125 133.65
      vertex 11.05 62.5 133.65
      vertex 19.7 0 133.65
    endloop
  endfacet
  facet normal -0 0 1
    outer loop
      vertex 4.5 125 133.65
      vertex 11.05 62.5 133.65
      vertex 19.7 125 133.65
    endloop
  endfacet
  facet normal 0 0 1
    outer loop
      vertex 4.5 0 133.65
      vertex 8.75 62.5 133.65
      vertex 4.5 125 133.65
    endloop
  endfacet
  facet normal 0 0 1
    outer loop
      vertex 11.05 62.5 133.65
      vertex 4.5 125 133.65
      vertex 8.75 62.5 133.65
    endloop
  endfacet
  facet normal -0 0 1
    outer loop
      vertex 11.05 6 133.65
      vertex 19.7 0 133.65
      vertex 11.05 62.5 133.65
    endloop
  endfacet
  facet normal 0 0 1
    outer loop
      vertex 4.5 0 133.65
      vertex 11.05 6 133.65
      vertex 8.75 6 133.65
    endloop
  endfacet
  facet normal 0 0 1
    outer loop
      vertex 11.05 6 133.65
      vertex 4.5 0 133.65
      vertex 19.7 0 133.65
    endloop
  endfacet
  facet normal 0 0 1
    outer loop
      vertex 8.75 62.5 133.65
      vertex 4.5 0 133.65
      vertex 8.75 6 133.65
    endloop
  endfacet
  facet normal -1 0 0
    outer loop
      vertex 56.9 0 135.95
      vertex 56.9 94 136.35
      vertex 56.9 94 135.95
    endloop
  endfacet
  facet normal -1 -0 0
    outer loop
      vertex 56.9 94 136.35
      vertex 56.9 0 135.95
      vertex 56.9 0 136.35
    endloop
  endfacet
  facet normal -1 0 0
    outer loop
      vertex 56.9 79.6673 42.7817
      vertex 56.9 94 40.45
      vertex 56.9 79.7 42.45
    endloop
  endfacet
  facet normal -1 0 0
    outer loop
      vertex 56.9 94 40.45
      vertex 56.9 79.6673 42.1183
      vertex 56.9 79.7 42.45
    endloop
  endfacet
  facet normal -1 0 0
    outer loop
      vertex 56.9 94 40.45
      vertex 56.9 79.5706 41.7994
      vertex 56.9 79.6673 42.1183
    endloop
  endfacet
  facet normal -1 0 0
    outer loop
      vertex 56.9 94 40.45
      vertex 56.9 79.4135 41.5055
      vertex 56.9 79.5706 41.7994
    endloop
  endfacet
  facet normal -1 0 0
    outer loop
      vertex 56.9 94 40.45
      vertex 56.9 79.2021 41.2479
      vertex 56.9 79.4135 41.5055
    endloop
  endfacet
  facet normal -1 0 0
    outer loop
      vertex 56.9 94 40.45
      vertex 56.9 78.9445 41.0365
      vertex 56.9 79.2021 41.2479
    endloop
  endfacet
  facet normal -1 0 0
    outer loop
      vertex 56.9 94 40.45
      vertex 56.9 78.6506 40.8794
      vertex 56.9 78.9445 41.0365
    endloop
  endfacet
  facet normal -1 0 0
    outer loop
      vertex 56.9 94 40.45
      vertex 56.9 78.3316 40.7827
      vertex 56.9 78.6506 40.8794
    endloop
  endfacet
  facet normal -1 0 0
    outer loop
      vertex 56.9 94 40.45
      vertex 56.9 78 40.75
      vertex 56.9 78.3316 40.7827
    endloop
  endfacet
  facet normal -1 0 0
    outer loop
      vertex 56.9 76.3327 42.1183
      vertex 56.9 21.7 42.45
      vertex 56.9 76.3 42.45
    endloop
  endfacet
  facet normal -1 0 0
    outer loop
      vertex 56.9 21.6673 42.1183
      vertex 56.9 76.3327 42.1183
      vertex 56.9 76.4294 41.7994
    endloop
  endfacet
  facet normal -1 0 0
    outer loop
      vertex 56.9 21.5706 41.7994
      vertex 56.9 76.4294 41.7994
      vertex 56.9 76.5865 41.5055
    endloop
  endfacet
  facet normal -1 0 0
    outer loop
      vertex 56.9 21.4135 41.5055
      vertex 56.9 76.5865 41.5055
      vertex 56.9 76.7979 41.2479
    endloop
  endfacet
  facet normal -1 0 0
    outer loop
      vertex 56.9 21.2021 41.2479
      vertex 56.9 76.7979 41.2479
      vertex 56.9 77.0555 41.0365
    endloop
  endfacet
  facet normal -1 0 0
    outer loop
      vertex 56.9 20.9445 41.0365
      vertex 56.9 77.0555 41.0365
      vertex 56.9 77.3494 40.8794
    endloop
  endfacet
  facet normal -1 0 0
    outer loop
      vertex 56.9 20.6506 40.8794
      vertex 56.9 77.3494 40.8794
      vertex 56.9 77.6684 40.7827
    endloop
  endfacet
  facet normal -1 0 0
    outer loop
      vertex 56.9 20.3317 40.7827
      vertex 56.9 77.6684 40.7827
      vertex 56.9 78 40.75
    endloop
  endfacet
  facet normal -1 0 0
    outer loop
      vertex 56.9 76.3327 42.1183
      vertex 56.9 21.6673 42.1183
      vertex 56.9 21.7 42.45
    endloop
  endfacet
  facet normal -1 0 0
    outer loop
      vertex 56.9 76.4294 41.7994
      vertex 56.9 21.5706 41.7994
      vertex 56.9 21.6673 42.1183
    endloop
  endfacet
  facet normal -1 0 0
    outer loop
      vertex 56.9 20 40.75
      vertex 56.9 78 40.75
      vertex 56.9 94 40.45
    endloop
  endfacet
  facet normal -1 0 0
    outer loop
      vertex 56.9 76.5865 41.5055
      vertex 56.9 21.4135 41.5055
      vertex 56.9 21.5706 41.7994
    endloop
  endfacet
  facet normal -1 0 0
    outer loop
      vertex 56.9 76.7979 41.2479
      vertex 56.9 21.2021 41.2479
      vertex 56.9 21.4135 41.5055
    endloop
  endfacet
  facet normal -1 0 0
    outer loop
      vertex 56.9 77.0555 41.0365
      vertex 56.9 20.9445 41.0365
      vertex 56.9 21.2021 41.2479
    endloop
  endfacet
  facet normal -1 0 0
    outer loop
      vertex 56.9 77.3494 40.8794
      vertex 56.9 20.6506 40.8794
      vertex 56.9 20.9445 41.0365
    endloop
  endfacet
  facet normal -1 0 0
    outer loop
      vertex 56.9 77.6684 40.7827
      vertex 56.9 20.3317 40.7827
      vertex 56.9 20.6506 40.8794
    endloop
  endfacet
  facet normal -1 0 0
    outer loop
      vertex 56.9 78 40.75
      vertex 56.9 20 40.75
      vertex 56.9 20.3317 40.7827
    endloop
  endfacet
  facet normal -1 -0 0
    outer loop
      vertex 56.9 18.3327 42.1183
      vertex 56.9 0 40.45
      vertex 56.9 18.3 42.45
    endloop
  endfacet
  facet normal -1 -0 0
    outer loop
      vertex 56.9 18.4294 41.7994
      vertex 56.9 0 40.45
      vertex 56.9 18.3327 42.1183
    endloop
  endfacet
  facet normal -1 -0 0
    outer loop
      vertex 56.9 18.5865 41.5055
      vertex 56.9 0 40.45
      vertex 56.9 18.4294 41.7994
    endloop
  endfacet
  facet normal -1 -0 0
    outer loop
      vertex 56.9 18.7979 41.2479
      vertex 56.9 0 40.45
      vertex 56.9 18.5865 41.5055
    endloop
  endfacet
  facet normal -1 -0 0
    outer loop
      vertex 56.9 19.0555 41.0365
      vertex 56.9 0 40.45
      vertex 56.9 18.7979 41.2479
    endloop
  endfacet
  facet normal -1 -0 0
    outer loop
      vertex 56.9 19.3494 40.8794
      vertex 56.9 0 40.45
      vertex 56.9 19.0555 41.0365
    endloop
  endfacet
  facet normal -1 -0 0
    outer loop
      vertex 56.9 19.6683 40.7827
      vertex 56.9 0 40.45
      vertex 56.9 19.3494 40.8794
    endloop
  endfacet
  facet normal -1 -0 0
    outer loop
      vertex 56.9 20 40.75
      vertex 56.9 0 40.45
      vertex 56.9 19.6683 40.7827
    endloop
  endfacet
  facet normal -1 0 0
    outer loop
      vertex 56.9 0 40.45
      vertex 56.9 20 40.75
      vertex 56.9 94 40.45
    endloop
  endfacet
  facet normal -1 0 0
    outer loop
      vertex 56.9 79.5706 43.1006
      vertex 56.9 94 40.45
      vertex 56.9 79.6673 42.7817
    endloop
  endfacet
  facet normal -1 0 0
    outer loop
      vertex 56.9 79.4135 43.3945
      vertex 56.9 94 40.45
      vertex 56.9 79.5706 43.1006
    endloop
  endfacet
  facet normal -1 0 0
    outer loop
      vertex 56.9 94 40.45
      vertex 56.9 79.4135 43.3945
      vertex 56.9 94 59.45
    endloop
  endfacet
  facet normal -1 0 0
    outer loop
      vertex 56.9 79.2021 43.6521
      vertex 56.9 94 59.45
      vertex 56.9 79.4135 43.3945
    endloop
  endfacet
  facet normal -1 0 0
    outer loop
      vertex 56.9 78.9445 43.8635
      vertex 56.9 94 59.45
      vertex 56.9 79.2021 43.6521
    endloop
  endfacet
  facet normal -1 0 0
    outer loop
      vertex 56.9 78.6506 44.0206
      vertex 56.9 94 59.45
      vertex 56.9 78.9445 43.8635
    endloop
  endfacet
  facet normal -1 0 0
    outer loop
      vertex 56.9 78.3316 44.1173
      vertex 56.9 94 59.45
      vertex 56.9 78.6506 44.0206
    endloop
  endfacet
  facet normal -1 0 0
    outer loop
      vertex 56.9 78 44.15
      vertex 56.9 94 59.45
      vertex 56.9 78.3316 44.1173
    endloop
  endfacet
  facet normal -1 0 0
    outer loop
      vertex 56.9 77.6684 44.1173
      vertex 56.9 94 59.45
      vertex 56.9 78 44.15
    endloop
  endfacet
  facet normal -1 0 0
    outer loop
      vertex 56.9 77.3494 44.0206
      vertex 56.9 94 59.45
      vertex 56.9 77.6684 44.1173
    endloop
  endfacet
  facet normal -1 0 0
    outer loop
      vertex 56.9 77.0555 43.8635
      vertex 56.9 94 59.45
      vertex 56.9 77.3494 44.0206
    endloop
  endfacet
  facet normal -1 0 0
    outer loop
      vertex 56.9 20.9445 43.8635
      vertex 56.9 77.0555 43.8635
      vertex 56.9 76.7979 43.6521
    endloop
  endfacet
  facet normal -1 0 0
    outer loop
      vertex 56.9 21.7 42.45
      vertex 56.9 76.3327 42.7817
      vertex 56.9 76.3 42.45
    endloop
  endfacet
  facet normal -1 0 0
    outer loop
      vertex 56.9 21.6673 42.7817
      vertex 56.9 76.3327 42.7817
      vertex 56.9 21.7 42.45
    endloop
  endfacet
  facet normal -1 0 0
    outer loop
      vertex 56.9 76.3327 42.7817
      vertex 56.9 21.6673 42.7817
      vertex 56.9 76.4294 43.1006
    endloop
  endfacet
  facet normal -1 0 0
    outer loop
      vertex 56.9 21.5706 43.1006
      vertex 56.9 76.4294 43.1006
      vertex 56.9 21.6673 42.7817
    endloop
  endfacet
  facet normal -1 0 0
    outer loop
      vertex 56.9 76.4294 43.1006
      vertex 56.9 21.5706 43.1006
      vertex 56.9 76.5865 43.3945
    endloop
  endfacet
  facet normal -1 0 0
    outer loop
      vertex 56.9 21.4135 43.3945
      vertex 56.9 76.5865 43.3945
      vertex 56.9 21.5706 43.1006
    endloop
  endfacet
  facet normal -1 0 0
    outer loop
      vertex 56.9 76.5865 43.3945
      vertex 56.9 21.4135 43.3945
      vertex 56.9 76.7979 43.6521
    endloop
  endfacet
  facet normal -1 0 0
    outer loop
      vertex 56.9 21.2021 43.6521
      vertex 56.9 76.7979 43.6521
      vertex 56.9 21.4135 43.3945
    endloop
  endfacet
  facet normal -1 0 0
    outer loop
      vertex 56.9 20.9445 43.8635
      vertex 56.9 76.7979 43.6521
      vertex 56.9 21.2021 43.6521
    endloop
  endfacet
  facet normal -1 0 0
    outer loop
      vertex 56.9 77.0555 43.8635
      vertex 56.9 20.9445 43.8635
      vertex 56.9 94 59.45
    endloop
  endfacet
  facet normal -1 0 0
    outer loop
      vertex 56.9 20.6506 44.0206
      vertex 56.9 94 59.45
      vertex 56.9 20.9445 43.8635
    endloop
  endfacet
  facet normal -1 0 0
    outer loop
      vertex 56.9 0 59.45
      vertex 56.9 20.6506 44.0206
      vertex 56.9 20.3317 44.1173
    endloop
  endfacet
  facet normal -1 0 0
    outer loop
      vertex 56.9 0 59.45
      vertex 56.9 20.3317 44.1173
      vertex 56.9 20 44.15
    endloop
  endfacet
  facet normal -1 0 0
    outer loop
      vertex 56.9 0 59.45
      vertex 56.9 20 44.15
      vertex 56.9 19.6683 44.1173
    endloop
  endfacet
  facet normal -1 0 0
    outer loop
      vertex 56.9 0 40.45
      vertex 56.9 18.3327 42.7817
      vertex 56.9 18.3 42.45
    endloop
  endfacet
  facet normal -1 0 0
    outer loop
      vertex 56.9 0 40.45
      vertex 56.9 18.4294 43.1006
      vertex 56.9 18.3327 42.7817
    endloop
  endfacet
  facet normal -1 0 0
    outer loop
      vertex 56.9 0 40.45
      vertex 56.9 18.5865 43.3945
      vertex 56.9 18.4294 43.1006
    endloop
  endfacet
  facet normal -1 0 0
    outer loop
      vertex 56.9 0 59.45
      vertex 56.9 18.5865 43.3945
      vertex 56.9 0 40.45
    endloop
  endfacet
  facet normal -1 0 0
    outer loop
      vertex 56.9 18.5865 43.3945
      vertex 56.9 0 59.45
      vertex 56.9 18.7979 43.6521
    endloop
  endfacet
  facet normal -1 0 0
    outer loop
      vertex 56.9 18.7979 43.6521
      vertex 56.9 0 59.45
      vertex 56.9 19.0555 43.8635
    endloop
  endfacet
  facet normal -1 0 0
    outer loop
      vertex 56.9 19.0555 43.8635
      vertex 56.9 0 59.45
      vertex 56.9 19.3494 44.0206
    endloop
  endfacet
  facet normal -1 0 0
    outer loop
      vertex 56.9 19.3494 44.0206
      vertex 56.9 0 59.45
      vertex 56.9 19.6683 44.1173
    endloop
  endfacet
  facet normal -1 0 0
    outer loop
      vertex 56.9 20.6506 44.0206
      vertex 56.9 0 59.45
      vertex 56.9 94 59.45
    endloop
  endfacet
  facet normal -1 0 0
    outer loop
      vertex 56.9 0 65.95
      vertex 56.9 94 99.45
      vertex 56.9 94 65.95
    endloop
  endfacet
  facet normal -1 -0 0
    outer loop
      vertex 56.9 94 99.45
      vertex 56.9 0 65.95
      vertex 56.9 0 99.45
    endloop
  endfacet
  facet normal -1 0 0
    outer loop
      vertex 56.9 79.4135 125.506
      vertex 56.9 94 129.45
      vertex 56.9 94 105.95
    endloop
  endfacet
  facet normal -1 0 0
    outer loop
      vertex 56.9 94 129.45
      vertex 56.9 79.6673 126.118
      vertex 56.9 79.7 126.45
    endloop
  endfacet
  facet normal -1 0 0
    outer loop
      vertex 56.9 94 129.45
      vertex 56.9 79.5706 125.799
      vertex 56.9 79.6673 126.118
    endloop
  endfacet
  facet normal -1 0 0
    outer loop
      vertex 56.9 94 129.45
      vertex 56.9 79.4135 125.506
      vertex 56.9 79.5706 125.799
    endloop
  endfacet
  facet normal -1 0 0
    outer loop
      vertex 56.9 94 105.95
      vertex 56.9 79.2021 125.248
      vertex 56.9 79.4135 125.506
    endloop
  endfacet
  facet normal -1 0 0
    outer loop
      vertex 56.9 94 105.95
      vertex 56.9 78.9445 125.036
      vertex 56.9 79.2021 125.248
    endloop
  endfacet
  facet normal -1 0 0
    outer loop
      vertex 56.9 94 105.95
      vertex 56.9 78.6506 124.879
      vertex 56.9 78.9445 125.036
    endloop
  endfacet
  facet normal -1 0 0
    outer loop
      vertex 56.9 94 105.95
      vertex 56.9 78.3316 124.783
      vertex 56.9 78.6506 124.879
    endloop
  endfacet
  facet normal -1 0 0
    outer loop
      vertex 56.9 94 105.95
      vertex 56.9 78 124.75
      vertex 56.9 78.3316 124.783
    endloop
  endfacet
  facet normal -1 0 0
    outer loop
      vertex 56.9 94 105.95
      vertex 56.9 77.6684 124.783
      vertex 56.9 78 124.75
    endloop
  endfacet
  facet normal -1 0 0
    outer loop
      vertex 56.9 94 105.95
      vertex 56.9 77.3494 124.879
      vertex 56.9 77.6684 124.783
    endloop
  endfacet
  facet normal -1 0 0
    outer loop
      vertex 56.9 94 105.95
      vertex 56.9 77.0555 125.036
      vertex 56.9 77.3494 124.879
    endloop
  endfacet
  facet normal -1 0 0
    outer loop
      vertex 56.9 20.9445 125.036
      vertex 56.9 77.0555 125.036
      vertex 56.9 94 105.95
    endloop
  endfacet
  facet normal -1 0 0
    outer loop
      vertex 56.9 76.3327 126.118
      vertex 56.9 21.7 126.45
      vertex 56.9 76.3 126.45
    endloop
  endfacet
  facet normal -1 0 0
    outer loop
      vertex 56.9 21.6673 126.118
      vertex 56.9 76.3327 126.118
      vertex 56.9 76.4294 125.799
    endloop
  endfacet
  facet normal -1 0 0
    outer loop
      vertex 56.9 21.5706 125.799
      vertex 56.9 76.4294 125.799
      vertex 56.9 76.5865 125.506
    endloop
  endfacet
  facet normal -1 0 0
    outer loop
      vertex 56.9 21.4135 125.506
      vertex 56.9 76.5865 125.506
      vertex 56.9 76.7979 125.248
    endloop
  endfacet
  facet normal -1 0 0
    outer loop
      vertex 56.9 77.0555 125.036
      vertex 56.9 20.9445 125.036
      vertex 56.9 76.7979 125.248
    endloop
  endfacet
  facet normal -1 0 0
    outer loop
      vertex 56.9 76.3327 126.118
      vertex 56.9 21.6673 126.118
      vertex 56.9 21.7 126.45
    endloop
  endfacet
  facet normal -1 0 0
    outer loop
      vertex 56.9 76.4294 125.799
      vertex 56.9 21.5706 125.799
      vertex 56.9 21.6673 126.118
    endloop
  endfacet
  facet normal -1 0 0
    outer loop
      vertex 56.9 76.5865 125.506
      vertex 56.9 21.4135 125.506
      vertex 56.9 21.5706 125.799
    endloop
  endfacet
  facet normal -1 0 0
    outer loop
      vertex 56.9 76.7979 125.248
      vertex 56.9 21.2021 125.248
      vertex 56.9 21.4135 125.506
    endloop
  endfacet
  facet normal -1 -0 0
    outer loop
      vertex 56.9 76.7979 125.248
      vertex 56.9 20.9445 125.036
      vertex 56.9 21.2021 125.248
    endloop
  endfacet
  facet normal -1 0 0
    outer loop
      vertex 56.9 94 105.95
      vertex 56.9 20.6506 124.879
      vertex 56.9 20.9445 125.036
    endloop
  endfacet
  facet normal -1 0 0
    outer loop
      vertex 56.9 0 105.95
      vertex 56.9 20.6506 124.879
      vertex 56.9 94 105.95
    endloop
  endfacet
  facet normal -1 0 0
    outer loop
      vertex 56.9 20.6506 124.879
      vertex 56.9 0 105.95
      vertex 56.9 20.3317 124.783
    endloop
  endfacet
  facet normal -1 0 0
    outer loop
      vertex 56.9 20.3317 124.783
      vertex 56.9 0 105.95
      vertex 56.9 20 124.75
    endloop
  endfacet
  facet normal -1 0 0
    outer loop
      vertex 56.9 18.4294 125.799
      vertex 56.9 0 129.45
      vertex 56.9 18.3327 126.118
    endloop
  endfacet
  facet normal -1 0 0
    outer loop
      vertex 56.9 18.5865 125.506
      vertex 56.9 0 129.45
      vertex 56.9 18.4294 125.799
    endloop
  endfacet
  facet normal -1 0 0
    outer loop
      vertex 56.9 0 129.45
      vertex 56.9 18.5865 125.506
      vertex 56.9 0 105.95
    endloop
  endfacet
  facet normal -1 -0 0
    outer loop
      vertex 56.9 18.7979 125.248
      vertex 56.9 0 105.95
      vertex 56.9 18.5865 125.506
    endloop
  endfacet
  facet normal -1 -0 0
    outer loop
      vertex 56.9 19.0555 125.036
      vertex 56.9 0 105.95
      vertex 56.9 18.7979 125.248
    endloop
  endfacet
  facet normal -1 -0 0
    outer loop
      vertex 56.9 19.3494 124.879
      vertex 56.9 0 105.95
      vertex 56.9 19.0555 125.036
    endloop
  endfacet
  facet normal -1 -0 0
    outer loop
      vertex 56.9 19.6683 124.783
      vertex 56.9 0 105.95
      vertex 56.9 19.3494 124.879
    endloop
  endfacet
  facet normal -1 -0 0
    outer loop
      vertex 56.9 20 124.75
      vertex 56.9 0 105.95
      vertex 56.9 19.6683 124.783
    endloop
  endfacet
  facet normal -1 0 0
    outer loop
      vertex 56.9 79.6673 126.782
      vertex 56.9 94 129.45
      vertex 56.9 79.7 126.45
    endloop
  endfacet
  facet normal -1 0 0
    outer loop
      vertex 56.9 79.5706 127.101
      vertex 56.9 94 129.45
      vertex 56.9 79.6673 126.782
    endloop
  endfacet
  facet normal -1 0 0
    outer loop
      vertex 56.9 79.4135 127.394
      vertex 56.9 94 129.45
      vertex 56.9 79.5706 127.101
    endloop
  endfacet
  facet normal -1 0 0
    outer loop
      vertex 56.9 79.2021 127.652
      vertex 56.9 94 129.45
      vertex 56.9 79.4135 127.394
    endloop
  endfacet
  facet normal -1 0 0
    outer loop
      vertex 56.9 78.9445 127.863
      vertex 56.9 94 129.45
      vertex 56.9 79.2021 127.652
    endloop
  endfacet
  facet normal -1 0 0
    outer loop
      vertex 56.9 78.6506 128.021
      vertex 56.9 94 129.45
      vertex 56.9 78.9445 127.863
    endloop
  endfacet
  facet normal -1 0 0
    outer loop
      vertex 56.9 78.3316 128.117
      vertex 56.9 94 129.45
      vertex 56.9 78.6506 128.021
    endloop
  endfacet
  facet normal -1 0 0
    outer loop
      vertex 56.9 78 128.15
      vertex 56.9 94 129.45
      vertex 56.9 78.3316 128.117
    endloop
  endfacet
  facet normal -1 0 0
    outer loop
      vertex 56.9 21.7 126.45
      vertex 56.9 76.3327 126.782
      vertex 56.9 76.3 126.45
    endloop
  endfacet
  facet normal -1 0 0
    outer loop
      vertex 56.9 21.6673 126.782
      vertex 56.9 76.3327 126.782
      vertex 56.9 21.7 126.45
    endloop
  endfacet
  facet normal -1 0 0
    outer loop
      vertex 56.9 76.3327 126.782
      vertex 56.9 21.6673 126.782
      vertex 56.9 76.4294 127.101
    endloop
  endfacet
  facet normal -1 0 0
    outer loop
      vertex 56.9 21.5706 127.101
      vertex 56.9 76.4294 127.101
      vertex 56.9 21.6673 126.782
    endloop
  endfacet
  facet normal -1 0 0
    outer loop
      vertex 56.9 76.4294 127.101
      vertex 56.9 21.5706 127.101
      vertex 56.9 76.5865 127.394
    endloop
  endfacet
  facet normal -1 0 0
    outer loop
      vertex 56.9 21.4135 127.394
      vertex 56.9 76.5865 127.394
      vertex 56.9 21.5706 127.101
    endloop
  endfacet
  facet normal -1 0 0
    outer loop
      vertex 56.9 76.5865 127.394
      vertex 56.9 21.4135 127.394
      vertex 56.9 76.7979 127.652
    endloop
  endfacet
  facet normal -1 0 0
    outer loop
      vertex 56.9 21.2021 127.652
      vertex 56.9 76.7979 127.652
      vertex 56.9 21.4135 127.394
    endloop
  endfacet
  facet normal -1 0 0
    outer loop
      vertex 56.9 76.7979 127.652
      vertex 56.9 21.2021 127.652
      vertex 56.9 77.0555 127.863
    endloop
  endfacet
  facet normal -1 0 0
    outer loop
      vertex 56.9 20.9445 127.863
      vertex 56.9 77.0555 127.863
      vertex 56.9 21.2021 127.652
    endloop
  endfacet
  facet normal -1 0 0
    outer loop
      vertex 56.9 77.0555 127.863
      vertex 56.9 20.9445 127.863
      vertex 56.9 77.3494 128.021
    endloop
  endfacet
  facet normal -1 0 0
    outer loop
      vertex 56.9 20.6506 128.021
      vertex 56.9 77.3494 128.021
      vertex 56.9 20.9445 127.863
    endloop
  endfacet
  facet normal -1 0 0
    outer loop
      vertex 56.9 77.3494 128.021
      vertex 56.9 20.6506 128.021
      vertex 56.9 77.6684 128.117
    endloop
  endfacet
  facet normal -1 0 0
    outer loop
      vertex 56.9 20.3317 128.117
      vertex 56.9 77.6684 128.117
      vertex 56.9 20.6506 128.021
    endloop
  endfacet
  facet normal -1 0 0
    outer loop
      vertex 56.9 77.6684 128.117
      vertex 56.9 20.3317 128.117
      vertex 56.9 78 128.15
    endloop
  endfacet
  facet normal -1 0 0
    outer loop
      vertex 56.9 20 128.15
      vertex 56.9 78 128.15
      vertex 56.9 20.3317 128.117
    endloop
  endfacet
  facet normal -1 0 0
    outer loop
      vertex 56.9 78 128.15
      vertex 56.9 20 128.15
      vertex 56.9 94 129.45
    endloop
  endfacet
  facet normal -1 0 0
    outer loop
      vertex 56.9 18.3327 126.118
      vertex 56.9 0 129.45
      vertex 56.9 18.3 126.45
    endloop
  endfacet
  facet normal -1 0 0
    outer loop
      vertex 56.9 18.3 126.45
      vertex 56.9 0 129.45
      vertex 56.9 18.3327 126.782
    endloop
  endfacet
  facet normal -1 0 0
    outer loop
      vertex 56.9 18.3327 126.782
      vertex 56.9 0 129.45
      vertex 56.9 18.4294 127.101
    endloop
  endfacet
  facet normal -1 0 0
    outer loop
      vertex 56.9 18.4294 127.101
      vertex 56.9 0 129.45
      vertex 56.9 18.5865 127.394
    endloop
  endfacet
  facet normal -1 0 0
    outer loop
      vertex 56.9 20 128.15
      vertex 56.9 0 129.45
      vertex 56.9 94 129.45
    endloop
  endfacet
  facet normal -1 0 0
    outer loop
      vertex 56.9 19.6683 128.117
      vertex 56.9 0 129.45
      vertex 56.9 20 128.15
    endloop
  endfacet
  facet normal -1 0 0
    outer loop
      vertex 56.9 19.3494 128.021
      vertex 56.9 0 129.45
      vertex 56.9 19.6683 128.117
    endloop
  endfacet
  facet normal -1 0 0
    outer loop
      vertex 56.9 19.0555 127.863
      vertex 56.9 0 129.45
      vertex 56.9 19.3494 128.021
    endloop
  endfacet
  facet normal -1 0 0
    outer loop
      vertex 56.9 18.7979 127.652
      vertex 56.9 0 129.45
      vertex 56.9 19.0555 127.863
    endloop
  endfacet
  facet normal -1 0 0
    outer loop
      vertex 56.9 18.5865 127.394
      vertex 56.9 0 129.45
      vertex 56.9 18.7979 127.652
    endloop
  endfacet
  facet normal 0 0 -1
    outer loop
      vertex 8.7 113.4 59.35
      vertex 19.7 115.9 59.35
      vertex 19.7 113.4 59.35
    endloop
  endfacet
  facet normal -0 0 -1
    outer loop
      vertex 19.7 115.9 59.35
      vertex 8.7 113.4 59.35
      vertex 8.7 115.9 59.35
    endloop
  endfacet
  facet normal -1 0 0
    outer loop
      vertex 8.7 113.4 59.35
      vertex 8.7 115.9 74.35
      vertex 8.7 115.9 59.35
    endloop
  endfacet
  facet normal -1 -0 0
    outer loop
      vertex 8.7 115.9 74.35
      vertex 8.7 113.4 59.35
      vertex 8.7 113.4 74.35
    endloop
  endfacet
  facet normal -0 0 1
    outer loop
      vertex 8.7 115.9 74.35
      vertex 19.7 113.4 74.35
      vertex 19.7 115.9 74.35
    endloop
  endfacet
  facet normal 0 0 1
    outer loop
      vertex 19.7 113.4 74.35
      vertex 8.7 115.9 74.35
      vertex 8.7 113.4 74.35
    endloop
  endfacet
  facet normal 0 1 -0
    outer loop
      vertex 19.7 115.9 59.35
      vertex 8.7 115.9 74.35
      vertex 19.7 115.9 74.35
    endloop
  endfacet
  facet normal 0 1 0
    outer loop
      vertex 8.7 115.9 74.35
      vertex 19.7 115.9 59.35
      vertex 8.7 115.9 59.35
    endloop
  endfacet
  facet normal 0 -1 0
    outer loop
      vertex 8.7 113.4 59.35
      vertex 19.7 113.4 74.35
      vertex 8.7 113.4 74.35
    endloop
  endfacet
  facet normal 0 -1 -0
    outer loop
      vertex 19.7 113.4 74.35
      vertex 8.7 113.4 59.35
      vertex 19.7 113.4 59.35
    endloop
  endfacet
  facet normal 1 -0 0
    outer loop
      vertex 46.35 12 33.95
      vertex 46.35 120 31.45
      vertex 46.35 120 33.95
    endloop
  endfacet
  facet normal 1 0 0
    outer loop
      vertex 46.35 120 31.45
      vertex 46.35 12 33.95
      vertex 46.35 12 31.45
    endloop
  endfacet
  facet normal -1 0 0
    outer loop
      vertex 49.75 12 31.45
      vertex 49.75 120 33.95
      vertex 49.75 120 31.45
    endloop
  endfacet
  facet normal -1 -0 0
    outer loop
      vertex 49.75 120 33.95
      vertex 49.75 12 31.45
      vertex 49.75 12 33.95
    endloop
  endfacet
  facet normal 0 1 -0
    outer loop
      vertex 49.75 12 31.45
      vertex 46.35 12 33.95
      vertex 49.75 12 33.95
    endloop
  endfacet
  facet normal 0 1 0
    outer loop
      vertex 46.35 12 33.95
      vertex 49.75 12 31.45
      vertex 46.35 12 31.45
    endloop
  endfacet
  facet normal 0 -1 0
    outer loop
      vertex 46.35 120 31.45
      vertex 49.75 120 33.95
      vertex 46.35 120 33.95
    endloop
  endfacet
  facet normal 0 -1 -0
    outer loop
      vertex 49.75 120 33.95
      vertex 46.35 120 31.45
      vertex 49.75 120 31.45
    endloop
  endfacet
  facet normal 1 -0 0
    outer loop
      vertex 46.35 12 138.85
      vertex 46.35 120 136.35
      vertex 46.35 120 138.85
    endloop
  endfacet
  facet normal 1 0 0
    outer loop
      vertex 46.35 120 136.35
      vertex 46.35 12 138.85
      vertex 46.35 12 136.35
    endloop
  endfacet
  facet normal 0 -1 0
    outer loop
      vertex 46.35 120 136.35
      vertex 49.75 120 138.85
      vertex 46.35 120 138.85
    endloop
  endfacet
  facet normal 0 -1 -0
    outer loop
      vertex 49.75 120 138.85
      vertex 46.35 120 136.35
      vertex 49.75 120 136.35
    endloop
  endfacet
  facet normal -1 0 0
    outer loop
      vertex 49.75 12 136.35
      vertex 49.75 120 138.85
      vertex 49.75 120 136.35
    endloop
  endfacet
  facet normal -1 -0 0
    outer loop
      vertex 49.75 120 138.85
      vertex 49.75 12 136.35
      vertex 49.75 12 138.85
    endloop
  endfacet
  facet normal 0 1 -0
    outer loop
      vertex 49.75 12 136.35
      vertex 46.35 12 138.85
      vertex 49.75 12 138.85
    endloop
  endfacet
  facet normal 0 1 0
    outer loop
      vertex 46.35 12 138.85
      vertex 49.75 12 136.35
      vertex 46.35 12 136.35
    endloop
  endfacet
  facet normal 1 -0 0
    outer loop
      vertex 8.75 6 2.55
      vertex 8.75 62.5 0.0499994
      vertex 8.75 62.5 2.55
    endloop
  endfacet
  facet normal 1 0 0
    outer loop
      vertex 8.75 62.5 0.0499994
      vertex 8.75 6 2.55
      vertex 8.75 6 0.0499994
    endloop
  endfacet
  facet normal -1 0 0
    outer loop
      vertex 11.05 6 0.0499994
      vertex 11.05 62.5 2.55
      vertex 11.05 62.5 0.0499994
    endloop
  endfacet
  facet normal -1 -0 0
    outer loop
      vertex 11.05 62.5 2.55
      vertex 11.05 6 0.0499994
      vertex 11.05 6 2.55
    endloop
  endfacet
  facet normal 0 1 -0
    outer loop
      vertex 11.05 6 0.0499994
      vertex 8.75 6 2.55
      vertex 11.05 6 2.55
    endloop
  endfacet
  facet normal 0 1 0
    outer loop
      vertex 8.75 6 2.55
      vertex 11.05 6 0.0499994
      vertex 8.75 6 0.0499994
    endloop
  endfacet
  facet normal 0 -1 0
    outer loop
      vertex 8.75 62.5 0.0499994
      vertex 11.05 62.5 2.55
      vertex 8.75 62.5 2.55
    endloop
  endfacet
  facet normal 0 -1 -0
    outer loop
      vertex 11.05 62.5 2.55
      vertex 8.75 62.5 0.0499994
      vertex 11.05 62.5 0.0499994
    endloop
  endfacet
  facet normal 1 -0 0
    outer loop
      vertex 8.75 6 133.65
      vertex 8.75 62.5 131.15
      vertex 8.75 62.5 133.65
    endloop
  endfacet
  facet normal 1 0 0
    outer loop
      vertex 8.75 62.5 131.15
      vertex 8.75 6 133.65
      vertex 8.75 6 131.15
    endloop
  endfacet
  facet normal -1 0 0
    outer loop
      vertex 11.05 6 131.15
      vertex 11.05 62.5 133.65
      vertex 11.05 62.5 131.15
    endloop
  endfacet
  facet normal -1 -0 0
    outer loop
      vertex 11.05 62.5 133.65
      vertex 11.05 6 131.15
      vertex 11.05 6 133.65
    endloop
  endfacet
  facet normal 0 1 -0
    outer loop
      vertex 11.05 6 131.15
      vertex 8.75 6 133.65
      vertex 11.05 6 133.65
    endloop
  endfacet
  facet normal 0 1 0
    outer loop
      vertex 8.75 6 133.65
      vertex 11.05 6 131.15
      vertex 8.75 6 131.15
    endloop
  endfacet
  facet normal 0 -1 0
    outer loop
      vertex 8.75 62.5 131.15
      vertex 11.05 62.5 133.65
      vertex 8.75 62.5 133.65
    endloop
  endfacet
  facet normal 0 -1 -0
    outer loop
      vertex 11.05 62.5 133.65
      vertex 8.75 62.5 131.15
      vertex 11.05 62.5 131.15
    endloop
  endfacet
  facet normal 0 -0.471413 -0.881912
    outer loop
      vertex 56.9 20.6506 44.0206
      vertex 58.9 20.9445 43.8635
      vertex 58.9 20.6506 44.0206
    endloop
  endfacet
  facet normal -0 -0.471413 -0.881912
    outer loop
      vertex 58.9 20.9445 43.8635
      vertex 56.9 20.6506 44.0206
      vertex 56.9 20.9445 43.8635
    endloop
  endfacet
  facet normal 0 -0.0981075 0.995176
    outer loop
      vertex 56.9 20.3317 40.7827
      vertex 58.9 20 40.75
      vertex 58.9 20.3317 40.7827
    endloop
  endfacet
  facet normal 0 -0.0981075 0.995176
    outer loop
      vertex 58.9 20 40.75
      vertex 56.9 20.3317 40.7827
      vertex 56.9 20 40.75
    endloop
  endfacet
  facet normal 0 -0.634381 -0.773021
    outer loop
      vertex 56.9 20.9445 43.8635
      vertex 58.9 21.2021 43.6521
      vertex 58.9 20.9445 43.8635
    endloop
  endfacet
  facet normal -0 -0.634381 -0.773021
    outer loop
      vertex 58.9 21.2021 43.6521
      vertex 56.9 20.9445 43.8635
      vertex 56.9 21.2021 43.6521
    endloop
  endfacet
  facet normal 0 -0.956971 -0.290182
    outer loop
      vertex 56.9 21.6673 42.7817
      vertex 58.9 21.5706 43.1006
      vertex 56.9 21.5706 43.1006
    endloop
  endfacet
  facet normal 0 -0.956971 -0.290182
    outer loop
      vertex 58.9 21.5706 43.1006
      vertex 56.9 21.6673 42.7817
      vertex 58.9 21.6673 42.7817
    endloop
  endfacet
  facet normal 0 -0.881912 0.471413
    outer loop
      vertex 56.9 21.4135 41.5055
      vertex 58.9 21.5706 41.7994
      vertex 56.9 21.5706 41.7994
    endloop
  endfacet
  facet normal 0 -0.881912 0.471413
    outer loop
      vertex 58.9 21.5706 41.7994
      vertex 56.9 21.4135 41.5055
      vertex 58.9 21.4135 41.5055
    endloop
  endfacet
  facet normal 0 -0.290182 0.956971
    outer loop
      vertex 56.9 20.6506 40.8794
      vertex 58.9 20.3317 40.7827
      vertex 58.9 20.6506 40.8794
    endloop
  endfacet
  facet normal 0 -0.290182 0.956971
    outer loop
      vertex 58.9 20.3317 40.7827
      vertex 56.9 20.6506 40.8794
      vertex 56.9 20.3317 40.7827
    endloop
  endfacet
  facet normal 0 0.0981075 -0.995176
    outer loop
      vertex 56.9 19.6683 44.1173
      vertex 58.9 20 44.15
      vertex 58.9 19.6683 44.1173
    endloop
  endfacet
  facet normal 0 0.0981075 -0.995176
    outer loop
      vertex 58.9 20 44.15
      vertex 56.9 19.6683 44.1173
      vertex 56.9 20 44.15
    endloop
  endfacet
  facet normal 0 -0.773021 -0.634381
    outer loop
      vertex 56.9 21.4135 43.3945
      vertex 58.9 21.2021 43.6521
      vertex 56.9 21.2021 43.6521
    endloop
  endfacet
  facet normal 0 -0.773021 -0.634381
    outer loop
      vertex 58.9 21.2021 43.6521
      vertex 56.9 21.4135 43.3945
      vertex 58.9 21.4135 43.3945
    endloop
  endfacet
  facet normal 0 -0.995176 0.0981075
    outer loop
      vertex 56.9 21.6673 42.1183
      vertex 58.9 21.7 42.45
      vertex 56.9 21.7 42.45
    endloop
  endfacet
  facet normal 0 -0.995176 0.0981075
    outer loop
      vertex 58.9 21.7 42.45
      vertex 56.9 21.6673 42.1183
      vertex 58.9 21.6673 42.1183
    endloop
  endfacet
  facet normal 0 -0.881912 -0.471413
    outer loop
      vertex 56.9 21.5706 43.1006
      vertex 58.9 21.4135 43.3945
      vertex 56.9 21.4135 43.3945
    endloop
  endfacet
  facet normal 0 -0.881912 -0.471413
    outer loop
      vertex 58.9 21.4135 43.3945
      vertex 56.9 21.5706 43.1006
      vertex 58.9 21.5706 43.1006
    endloop
  endfacet
  facet normal -0 0.0981075 0.995176
    outer loop
      vertex 56.9 20 40.75
      vertex 58.9 19.6683 40.7827
      vertex 58.9 20 40.75
    endloop
  endfacet
  facet normal 0 0.0981075 0.995176
    outer loop
      vertex 58.9 19.6683 40.7827
      vertex 56.9 20 40.75
      vertex 56.9 19.6683 40.7827
    endloop
  endfacet
  facet normal 0 -0.471413 0.881912
    outer loop
      vertex 56.9 20.9445 41.0365
      vertex 58.9 20.6506 40.8794
      vertex 58.9 20.9445 41.0365
    endloop
  endfacet
  facet normal 0 -0.471413 0.881912
    outer loop
      vertex 58.9 20.6506 40.8794
      vertex 56.9 20.9445 41.0365
      vertex 56.9 20.6506 40.8794
    endloop
  endfacet
  facet normal 0 -0.773021 0.634381
    outer loop
      vertex 56.9 21.2021 41.2479
      vertex 58.9 21.4135 41.5055
      vertex 56.9 21.4135 41.5055
    endloop
  endfacet
  facet normal 0 -0.773021 0.634381
    outer loop
      vertex 58.9 21.4135 41.5055
      vertex 56.9 21.2021 41.2479
      vertex 58.9 21.2021 41.2479
    endloop
  endfacet
  facet normal 0 -0.956971 0.290182
    outer loop
      vertex 56.9 21.5706 41.7994
      vertex 58.9 21.6673 42.1183
      vertex 56.9 21.6673 42.1183
    endloop
  endfacet
  facet normal 0 -0.956971 0.290182
    outer loop
      vertex 58.9 21.6673 42.1183
      vertex 56.9 21.5706 41.7994
      vertex 58.9 21.5706 41.7994
    endloop
  endfacet
  facet normal 0 -0.634381 0.773021
    outer loop
      vertex 56.9 21.2021 41.2479
      vertex 58.9 20.9445 41.0365
      vertex 58.9 21.2021 41.2479
    endloop
  endfacet
  facet normal 0 -0.634381 0.773021
    outer loop
      vertex 58.9 20.9445 41.0365
      vertex 56.9 21.2021 41.2479
      vertex 56.9 20.9445 41.0365
    endloop
  endfacet
  facet normal 0 -0.0981075 -0.995176
    outer loop
      vertex 56.9 20 44.15
      vertex 58.9 20.3317 44.1173
      vertex 58.9 20 44.15
    endloop
  endfacet
  facet normal -0 -0.0981075 -0.995176
    outer loop
      vertex 58.9 20.3317 44.1173
      vertex 56.9 20 44.15
      vertex 56.9 20.3317 44.1173
    endloop
  endfacet
  facet normal 0 0.881912 0.471413
    outer loop
      vertex 58.9 18.5865 41.5055
      vertex 56.9 18.4294 41.7994
      vertex 58.9 18.4294 41.7994
    endloop
  endfacet
  facet normal 0 0.881912 0.471413
    outer loop
      vertex 56.9 18.4294 41.7994
      vertex 58.9 18.5865 41.5055
      vertex 56.9 18.5865 41.5055
    endloop
  endfacet
  facet normal -0 0.634381 0.773021
    outer loop
      vertex 56.9 19.0555 41.0365
      vertex 58.9 18.7979 41.2479
      vertex 58.9 19.0555 41.0365
    endloop
  endfacet
  facet normal 0 0.634381 0.773021
    outer loop
      vertex 58.9 18.7979 41.2479
      vertex 56.9 19.0555 41.0365
      vertex 56.9 18.7979 41.2479
    endloop
  endfacet
  facet normal 0 0.773021 -0.634381
    outer loop
      vertex 58.9 18.5865 43.3945
      vertex 56.9 18.7979 43.6521
      vertex 58.9 18.7979 43.6521
    endloop
  endfacet
  facet normal 0 0.773021 -0.634381
    outer loop
      vertex 56.9 18.7979 43.6521
      vertex 58.9 18.5865 43.3945
      vertex 56.9 18.5865 43.3945
    endloop
  endfacet
  facet normal 0 -0.290182 -0.956971
    outer loop
      vertex 56.9 20.3317 44.1173
      vertex 58.9 20.6506 44.0206
      vertex 58.9 20.3317 44.1173
    endloop
  endfacet
  facet normal -0 -0.290182 -0.956971
    outer loop
      vertex 58.9 20.6506 44.0206
      vertex 56.9 20.3317 44.1173
      vertex 56.9 20.6506 44.0206
    endloop
  endfacet
  facet normal 0 -0.995176 -0.0981075
    outer loop
      vertex 56.9 21.7 42.45
      vertex 58.9 21.6673 42.7817
      vertex 56.9 21.6673 42.7817
    endloop
  endfacet
  facet normal 0 -0.995176 -0.0981075
    outer loop
      vertex 58.9 21.6673 42.7817
      vertex 56.9 21.7 42.45
      vertex 58.9 21.7 42.45
    endloop
  endfacet
  facet normal 0 0.471413 -0.881912
    outer loop
      vertex 56.9 19.0555 43.8635
      vertex 58.9 19.3494 44.0206
      vertex 58.9 19.0555 43.8635
    endloop
  endfacet
  facet normal 0 0.471413 -0.881912
    outer loop
      vertex 58.9 19.3494 44.0206
      vertex 56.9 19.0555 43.8635
      vertex 56.9 19.3494 44.0206
    endloop
  endfacet
  facet normal 0 0.995176 -0.0981075
    outer loop
      vertex 58.9 18.3 42.45
      vertex 56.9 18.3327 42.7817
      vertex 58.9 18.3327 42.7817
    endloop
  endfacet
  facet normal 0 0.995176 -0.0981075
    outer loop
      vertex 56.9 18.3327 42.7817
      vertex 58.9 18.3 42.45
      vertex 56.9 18.3 42.45
    endloop
  endfacet
  facet normal -0 0.290182 0.956971
    outer loop
      vertex 56.9 19.6683 40.7827
      vertex 58.9 19.3494 40.8794
      vertex 58.9 19.6683 40.7827
    endloop
  endfacet
  facet normal 0 0.290182 0.956971
    outer loop
      vertex 58.9 19.3494 40.8794
      vertex 56.9 19.6683 40.7827
      vertex 56.9 19.3494 40.8794
    endloop
  endfacet
  facet normal 0 0.773021 0.634381
    outer loop
      vertex 58.9 18.7979 41.2479
      vertex 56.9 18.5865 41.5055
      vertex 58.9 18.5865 41.5055
    endloop
  endfacet
  facet normal 0 0.773021 0.634381
    outer loop
      vertex 56.9 18.5865 41.5055
      vertex 58.9 18.7979 41.2479
      vertex 56.9 18.7979 41.2479
    endloop
  endfacet
  facet normal 0 0.956971 -0.290182
    outer loop
      vertex 58.9 18.3327 42.7817
      vertex 56.9 18.4294 43.1006
      vertex 58.9 18.4294 43.1006
    endloop
  endfacet
  facet normal 0 0.956971 -0.290182
    outer loop
      vertex 56.9 18.4294 43.1006
      vertex 58.9 18.3327 42.7817
      vertex 56.9 18.3327 42.7817
    endloop
  endfacet
  facet normal 0 0.881912 -0.471413
    outer loop
      vertex 58.9 18.4294 43.1006
      vertex 56.9 18.5865 43.3945
      vertex 58.9 18.5865 43.3945
    endloop
  endfacet
  facet normal 0 0.881912 -0.471413
    outer loop
      vertex 56.9 18.5865 43.3945
      vertex 58.9 18.4294 43.1006
      vertex 56.9 18.4294 43.1006
    endloop
  endfacet
  facet normal 0 0.290182 -0.956971
    outer loop
      vertex 56.9 19.3494 44.0206
      vertex 58.9 19.6683 44.1173
      vertex 58.9 19.3494 44.0206
    endloop
  endfacet
  facet normal 0 0.290182 -0.956971
    outer loop
      vertex 58.9 19.6683 44.1173
      vertex 56.9 19.3494 44.0206
      vertex 56.9 19.6683 44.1173
    endloop
  endfacet
  facet normal 0 0.956971 0.290182
    outer loop
      vertex 58.9 18.4294 41.7994
      vertex 56.9 18.3327 42.1183
      vertex 58.9 18.3327 42.1183
    endloop
  endfacet
  facet normal 0 0.956971 0.290182
    outer loop
      vertex 56.9 18.3327 42.1183
      vertex 58.9 18.4294 41.7994
      vertex 56.9 18.4294 41.7994
    endloop
  endfacet
  facet normal -0 0.471413 0.881912
    outer loop
      vertex 56.9 19.3494 40.8794
      vertex 58.9 19.0555 41.0365
      vertex 58.9 19.3494 40.8794
    endloop
  endfacet
  facet normal 0 0.471413 0.881912
    outer loop
      vertex 58.9 19.0555 41.0365
      vertex 56.9 19.3494 40.8794
      vertex 56.9 19.0555 41.0365
    endloop
  endfacet
  facet normal 0 0.634381 -0.773021
    outer loop
      vertex 56.9 18.7979 43.6521
      vertex 58.9 19.0555 43.8635
      vertex 58.9 18.7979 43.6521
    endloop
  endfacet
  facet normal 0 0.634381 -0.773021
    outer loop
      vertex 58.9 19.0555 43.8635
      vertex 56.9 18.7979 43.6521
      vertex 56.9 19.0555 43.8635
    endloop
  endfacet
  facet normal 0 0.995176 0.0981075
    outer loop
      vertex 58.9 18.3327 42.1183
      vertex 56.9 18.3 42.45
      vertex 58.9 18.3 42.45
    endloop
  endfacet
  facet normal 0 0.995176 0.0981075
    outer loop
      vertex 56.9 18.3 42.45
      vertex 58.9 18.3327 42.1183
      vertex 56.9 18.3327 42.1183
    endloop
  endfacet
  facet normal 0 -0.471413 -0.881912
    outer loop
      vertex 56.9 78.6506 44.0206
      vertex 58.9 78.9445 43.8635
      vertex 58.9 78.6506 44.0206
    endloop
  endfacet
  facet normal -0 -0.471413 -0.881912
    outer loop
      vertex 58.9 78.9445 43.8635
      vertex 56.9 78.6506 44.0206
      vertex 56.9 78.9445 43.8635
    endloop
  endfacet
  facet normal 0 -0.0981368 0.995173
    outer loop
      vertex 56.9 78.3316 40.7827
      vertex 58.9 78 40.75
      vertex 58.9 78.3316 40.7827
    endloop
  endfacet
  facet normal 0 -0.0981368 0.995173
    outer loop
      vertex 58.9 78 40.75
      vertex 56.9 78.3316 40.7827
      vertex 56.9 78 40.75
    endloop
  endfacet
  facet normal 0 -0.634381 -0.773021
    outer loop
      vertex 56.9 78.9445 43.8635
      vertex 58.9 79.2021 43.6521
      vertex 58.9 78.9445 43.8635
    endloop
  endfacet
  facet normal -0 -0.634381 -0.773021
    outer loop
      vertex 58.9 79.2021 43.6521
      vertex 56.9 78.9445 43.8635
      vertex 56.9 79.2021 43.6521
    endloop
  endfacet
  facet normal 0 -0.956971 -0.290182
    outer loop
      vertex 56.9 79.6673 42.7817
      vertex 58.9 79.5706 43.1006
      vertex 56.9 79.5706 43.1006
    endloop
  endfacet
  facet normal 0 -0.956971 -0.290182
    outer loop
      vertex 58.9 79.5706 43.1006
      vertex 56.9 79.6673 42.7817
      vertex 58.9 79.6673 42.7817
    endloop
  endfacet
  facet normal 0 -0.881912 0.471413
    outer loop
      vertex 56.9 79.4135 41.5055
      vertex 58.9 79.5706 41.7994
      vertex 56.9 79.5706 41.7994
    endloop
  endfacet
  facet normal 0 -0.881912 0.471413
    outer loop
      vertex 58.9 79.5706 41.7994
      vertex 56.9 79.4135 41.5055
      vertex 58.9 79.4135 41.5055
    endloop
  endfacet
  facet normal 0 -0.290099 0.956997
    outer loop
      vertex 56.9 78.6506 40.8794
      vertex 58.9 78.3316 40.7827
      vertex 58.9 78.6506 40.8794
    endloop
  endfacet
  facet normal 0 -0.290099 0.956997
    outer loop
      vertex 58.9 78.3316 40.7827
      vertex 56.9 78.6506 40.8794
      vertex 56.9 78.3316 40.7827
    endloop
  endfacet
  facet normal 0 0.0981368 -0.995173
    outer loop
      vertex 56.9 77.6684 44.1173
      vertex 58.9 78 44.15
      vertex 58.9 77.6684 44.1173
    endloop
  endfacet
  facet normal 0 0.0981368 -0.995173
    outer loop
      vertex 58.9 78 44.15
      vertex 56.9 77.6684 44.1173
      vertex 56.9 78 44.15
    endloop
  endfacet
  facet normal 0 -0.773021 -0.634381
    outer loop
      vertex 56.9 79.4135 43.3945
      vertex 58.9 79.2021 43.6521
      vertex 56.9 79.2021 43.6521
    endloop
  endfacet
  facet normal 0 -0.773021 -0.634381
    outer loop
      vertex 58.9 79.2021 43.6521
      vertex 56.9 79.4135 43.3945
      vertex 58.9 79.4135 43.3945
    endloop
  endfacet
  facet normal 0 -0.995176 0.0981075
    outer loop
      vertex 56.9 79.6673 42.1183
      vertex 58.9 79.7 42.45
      vertex 56.9 79.7 42.45
    endloop
  endfacet
  facet normal 0 -0.995176 0.0981075
    outer loop
      vertex 58.9 79.7 42.45
      vertex 56.9 79.6673 42.1183
      vertex 58.9 79.6673 42.1183
    endloop
  endfacet
  facet normal 0 -0.881912 -0.471413
    outer loop
      vertex 56.9 79.5706 43.1006
      vertex 58.9 79.4135 43.3945
      vertex 56.9 79.4135 43.3945
    endloop
  endfacet
  facet normal 0 -0.881912 -0.471413
    outer loop
      vertex 58.9 79.4135 43.3945
      vertex 56.9 79.5706 43.1006
      vertex 58.9 79.5706 43.1006
    endloop
  endfacet
  facet normal -0 0.0981368 0.995173
    outer loop
      vertex 56.9 78 40.75
      vertex 58.9 77.6684 40.7827
      vertex 58.9 78 40.75
    endloop
  endfacet
  facet normal 0 0.0981368 0.995173
    outer loop
      vertex 58.9 77.6684 40.7827
      vertex 56.9 78 40.75
      vertex 56.9 77.6684 40.7827
    endloop
  endfacet
  facet normal 0 -0.471413 0.881912
    outer loop
      vertex 56.9 78.9445 41.0365
      vertex 58.9 78.6506 40.8794
      vertex 58.9 78.9445 41.0365
    endloop
  endfacet
  facet normal 0 -0.471413 0.881912
    outer loop
      vertex 58.9 78.6506 40.8794
      vertex 56.9 78.9445 41.0365
      vertex 56.9 78.6506 40.8794
    endloop
  endfacet
  facet normal 0 -0.773021 0.634381
    outer loop
      vertex 56.9 79.2021 41.2479
      vertex 58.9 79.4135 41.5055
      vertex 56.9 79.4135 41.5055
    endloop
  endfacet
  facet normal 0 -0.773021 0.634381
    outer loop
      vertex 58.9 79.4135 41.5055
      vertex 56.9 79.2021 41.2479
      vertex 58.9 79.2021 41.2479
    endloop
  endfacet
  facet normal 0 -0.956971 0.290182
    outer loop
      vertex 56.9 79.5706 41.7994
      vertex 58.9 79.6673 42.1183
      vertex 56.9 79.6673 42.1183
    endloop
  endfacet
  facet normal 0 -0.956971 0.290182
    outer loop
      vertex 58.9 79.6673 42.1183
      vertex 56.9 79.5706 41.7994
      vertex 58.9 79.5706 41.7994
    endloop
  endfacet
  facet normal 0 -0.634381 0.773021
    outer loop
      vertex 56.9 79.2021 41.2479
      vertex 58.9 78.9445 41.0365
      vertex 58.9 79.2021 41.2479
    endloop
  endfacet
  facet normal 0 -0.634381 0.773021
    outer loop
      vertex 58.9 78.9445 41.0365
      vertex 56.9 79.2021 41.2479
      vertex 56.9 78.9445 41.0365
    endloop
  endfacet
  facet normal 0 -0.0981368 -0.995173
    outer loop
      vertex 56.9 78 44.15
      vertex 58.9 78.3316 44.1173
      vertex 58.9 78 44.15
    endloop
  endfacet
  facet normal -0 -0.0981368 -0.995173
    outer loop
      vertex 58.9 78.3316 44.1173
      vertex 56.9 78 44.15
      vertex 56.9 78.3316 44.1173
    endloop
  endfacet
  facet normal 0 0.773021 -0.634381
    outer loop
      vertex 58.9 76.5865 43.3945
      vertex 56.9 76.7979 43.6521
      vertex 58.9 76.7979 43.6521
    endloop
  endfacet
  facet normal 0 0.773021 -0.634381
    outer loop
      vertex 56.9 76.7979 43.6521
      vertex 58.9 76.5865 43.3945
      vertex 56.9 76.5865 43.3945
    endloop
  endfacet
  facet normal 0 0.471413 -0.881912
    outer loop
      vertex 56.9 77.0555 43.8635
      vertex 58.9 77.3494 44.0206
      vertex 58.9 77.0555 43.8635
    endloop
  endfacet
  facet normal 0 0.471413 -0.881912
    outer loop
      vertex 58.9 77.3494 44.0206
      vertex 56.9 77.0555 43.8635
      vertex 56.9 77.3494 44.0206
    endloop
  endfacet
  facet normal 0 0.995176 0.0981075
    outer loop
      vertex 58.9 76.3327 42.1183
      vertex 56.9 76.3 42.45
      vertex 58.9 76.3 42.45
    endloop
  endfacet
  facet normal 0 0.995176 0.0981075
    outer loop
      vertex 56.9 76.3 42.45
      vertex 58.9 76.3327 42.1183
      vertex 56.9 76.3327 42.1183
    endloop
  endfacet
  facet normal 0 -0.290099 -0.956997
    outer loop
      vertex 56.9 78.3316 44.1173
      vertex 58.9 78.6506 44.0206
      vertex 58.9 78.3316 44.1173
    endloop
  endfacet
  facet normal -0 -0.290099 -0.956997
    outer loop
      vertex 58.9 78.6506 44.0206
      vertex 56.9 78.3316 44.1173
      vertex 56.9 78.6506 44.0206
    endloop
  endfacet
  facet normal 0 -0.995176 -0.0981075
    outer loop
      vertex 56.9 79.7 42.45
      vertex 58.9 79.6673 42.7817
      vertex 56.9 79.6673 42.7817
    endloop
  endfacet
  facet normal 0 -0.995176 -0.0981075
    outer loop
      vertex 58.9 79.6673 42.7817
      vertex 56.9 79.7 42.45
      vertex 58.9 79.7 42.45
    endloop
  endfacet
  facet normal -0 0.290099 0.956997
    outer loop
      vertex 56.9 77.6684 40.7827
      vertex 58.9 77.3494 40.8794
      vertex 58.9 77.6684 40.7827
    endloop
  endfacet
  facet normal 0 0.290099 0.956997
    outer loop
      vertex 58.9 77.3494 40.8794
      vertex 56.9 77.6684 40.7827
      vertex 56.9 77.3494 40.8794
    endloop
  endfacet
  facet normal 0 0.956971 -0.290182
    outer loop
      vertex 58.9 76.3327 42.7817
      vertex 56.9 76.4294 43.1006
      vertex 58.9 76.4294 43.1006
    endloop
  endfacet
  facet normal 0 0.956971 -0.290182
    outer loop
      vertex 56.9 76.4294 43.1006
      vertex 58.9 76.3327 42.7817
      vertex 56.9 76.3327 42.7817
    endloop
  endfacet
  facet normal 0 0.881912 -0.471413
    outer loop
      vertex 58.9 76.4294 43.1006
      vertex 56.9 76.5865 43.3945
      vertex 58.9 76.5865 43.3945
    endloop
  endfacet
  facet normal 0 0.881912 -0.471413
    outer loop
      vertex 56.9 76.5865 43.3945
      vertex 58.9 76.4294 43.1006
      vertex 56.9 76.4294 43.1006
    endloop
  endfacet
  facet normal 0 0.634381 -0.773021
    outer loop
      vertex 56.9 76.7979 43.6521
      vertex 58.9 77.0555 43.8635
      vertex 58.9 76.7979 43.6521
    endloop
  endfacet
  facet normal 0 0.634381 -0.773021
    outer loop
      vertex 58.9 77.0555 43.8635
      vertex 56.9 76.7979 43.6521
      vertex 56.9 77.0555 43.8635
    endloop
  endfacet
  facet normal 0 0.290099 -0.956997
    outer loop
      vertex 56.9 77.3494 44.0206
      vertex 58.9 77.6684 44.1173
      vertex 58.9 77.3494 44.0206
    endloop
  endfacet
  facet normal 0 0.290099 -0.956997
    outer loop
      vertex 58.9 77.6684 44.1173
      vertex 56.9 77.3494 44.0206
      vertex 56.9 77.6684 44.1173
    endloop
  endfacet
  facet normal 0 0.881912 0.471413
    outer loop
      vertex 58.9 76.5865 41.5055
      vertex 56.9 76.4294 41.7994
      vertex 58.9 76.4294 41.7994
    endloop
  endfacet
  facet normal 0 0.881912 0.471413
    outer loop
      vertex 56.9 76.4294 41.7994
      vertex 58.9 76.5865 41.5055
      vertex 56.9 76.5865 41.5055
    endloop
  endfacet
  facet normal 0 0.995176 -0.0981075
    outer loop
      vertex 58.9 76.3 42.45
      vertex 56.9 76.3327 42.7817
      vertex 58.9 76.3327 42.7817
    endloop
  endfacet
  facet normal 0 0.995176 -0.0981075
    outer loop
      vertex 56.9 76.3327 42.7817
      vertex 58.9 76.3 42.45
      vertex 56.9 76.3 42.45
    endloop
  endfacet
  facet normal -0 0.471413 0.881912
    outer loop
      vertex 56.9 77.3494 40.8794
      vertex 58.9 77.0555 41.0365
      vertex 58.9 77.3494 40.8794
    endloop
  endfacet
  facet normal 0 0.471413 0.881912
    outer loop
      vertex 58.9 77.0555 41.0365
      vertex 56.9 77.3494 40.8794
      vertex 56.9 77.0555 41.0365
    endloop
  endfacet
  facet normal 0 0.773021 0.634381
    outer loop
      vertex 58.9 76.7979 41.2479
      vertex 56.9 76.5865 41.5055
      vertex 58.9 76.5865 41.5055
    endloop
  endfacet
  facet normal 0 0.773021 0.634381
    outer loop
      vertex 56.9 76.5865 41.5055
      vertex 58.9 76.7979 41.2479
      vertex 56.9 76.7979 41.2479
    endloop
  endfacet
  facet normal -0 0.634381 0.773021
    outer loop
      vertex 56.9 77.0555 41.0365
      vertex 58.9 76.7979 41.2479
      vertex 58.9 77.0555 41.0365
    endloop
  endfacet
  facet normal 0 0.634381 0.773021
    outer loop
      vertex 58.9 76.7979 41.2479
      vertex 56.9 77.0555 41.0365
      vertex 56.9 76.7979 41.2479
    endloop
  endfacet
  facet normal 0 0.956971 0.290182
    outer loop
      vertex 58.9 76.4294 41.7994
      vertex 56.9 76.3327 42.1183
      vertex 58.9 76.3327 42.1183
    endloop
  endfacet
  facet normal 0 0.956971 0.290182
    outer loop
      vertex 56.9 76.3327 42.1183
      vertex 58.9 76.4294 41.7994
      vertex 56.9 76.4294 41.7994
    endloop
  endfacet
  facet normal 0 -0.47351 -0.880788
    outer loop
      vertex 56.9 20.6506 128.021
      vertex 58.9 20.9445 127.863
      vertex 58.9 20.6506 128.021
    endloop
  endfacet
  facet normal -0 -0.47351 -0.880788
    outer loop
      vertex 58.9 20.9445 127.863
      vertex 56.9 20.6506 128.021
      vertex 56.9 20.9445 127.863
    endloop
  endfacet
  facet normal 0 -0.633663 -0.773609
    outer loop
      vertex 56.9 20.9445 127.863
      vertex 58.9 21.2021 127.652
      vertex 58.9 20.9445 127.863
    endloop
  endfacet
  facet normal -0 -0.633663 -0.773609
    outer loop
      vertex 58.9 21.2021 127.652
      vertex 56.9 20.9445 127.863
      vertex 56.9 21.2021 127.652
    endloop
  endfacet
  facet normal 0 -0.956997 -0.290099
    outer loop
      vertex 56.9 21.6673 126.782
      vertex 58.9 21.5706 127.101
      vertex 56.9 21.5706 127.101
    endloop
  endfacet
  facet normal 0 -0.956997 -0.290099
    outer loop
      vertex 58.9 21.5706 127.101
      vertex 56.9 21.6673 126.782
      vertex 58.9 21.6673 126.782
    endloop
  endfacet
  facet normal 0 -0.88131 0.472539
    outer loop
      vertex 56.9 21.4135 125.506
      vertex 58.9 21.5706 125.799
      vertex 56.9 21.5706 125.799
    endloop
  endfacet
  facet normal 0 -0.88131 0.472539
    outer loop
      vertex 58.9 21.5706 125.799
      vertex 56.9 21.4135 125.506
      vertex 58.9 21.4135 125.506
    endloop
  endfacet
  facet normal 0 -0.288257 0.957553
    outer loop
      vertex 56.9 20.6506 124.879
      vertex 58.9 20.3317 124.783
      vertex 58.9 20.6506 124.879
    endloop
  endfacet
  facet normal 0 -0.288257 0.957553
    outer loop
      vertex 58.9 20.3317 124.783
      vertex 56.9 20.6506 124.879
      vertex 56.9 20.3317 124.783
    endloop
  endfacet
  facet normal 0 0.0989988 -0.995088
    outer loop
      vertex 56.9 19.6683 128.117
      vertex 58.9 20 128.15
      vertex 58.9 19.6683 128.117
    endloop
  endfacet
  facet normal 0 0.0989988 -0.995088
    outer loop
      vertex 58.9 20 128.15
      vertex 56.9 19.6683 128.117
      vertex 56.9 20 128.15
    endloop
  endfacet
  facet normal 0 -0.288257 -0.957553
    outer loop
      vertex 56.9 20.3317 128.117
      vertex 58.9 20.6506 128.021
      vertex 58.9 20.3317 128.117
    endloop
  endfacet
  facet normal -0 -0.288257 -0.957553
    outer loop
      vertex 58.9 20.6506 128.021
      vertex 56.9 20.3317 128.117
      vertex 56.9 20.6506 128.021
    endloop
  endfacet
  facet normal 0 -0.773503 -0.633793
    outer loop
      vertex 56.9 21.4135 127.394
      vertex 58.9 21.2021 127.652
      vertex 56.9 21.2021 127.652
    endloop
  endfacet
  facet normal 0 -0.773503 -0.633793
    outer loop
      vertex 58.9 21.2021 127.652
      vertex 56.9 21.4135 127.394
      vertex 58.9 21.4135 127.394
    endloop
  endfacet
  facet normal 0 -0.995184 0.0980197
    outer loop
      vertex 56.9 21.6673 126.118
      vertex 58.9 21.7 126.45
      vertex 56.9 21.7 126.45
    endloop
  endfacet
  facet normal 0 -0.995184 0.0980197
    outer loop
      vertex 58.9 21.7 126.45
      vertex 56.9 21.6673 126.118
      vertex 58.9 21.6673 126.118
    endloop
  endfacet
  facet normal 0 -0.88131 -0.472539
    outer loop
      vertex 56.9 21.5706 127.101
      vertex 58.9 21.4135 127.394
      vertex 56.9 21.4135 127.394
    endloop
  endfacet
  facet normal 0 -0.88131 -0.472539
    outer loop
      vertex 58.9 21.4135 127.394
      vertex 56.9 21.5706 127.101
      vertex 58.9 21.5706 127.101
    endloop
  endfacet
  facet normal -0 0.0989988 0.995088
    outer loop
      vertex 56.9 20 124.75
      vertex 58.9 19.6683 124.783
      vertex 58.9 20 124.75
    endloop
  endfacet
  facet normal 0 0.0989988 0.995088
    outer loop
      vertex 58.9 19.6683 124.783
      vertex 56.9 20 124.75
      vertex 56.9 19.6683 124.783
    endloop
  endfacet
  facet normal 0 -0.47118 0.882037
    outer loop
      vertex 56.9 20.9445 125.036
      vertex 58.9 20.6506 124.879
      vertex 58.9 20.9445 125.036
    endloop
  endfacet
  facet normal 0 -0.47118 0.882037
    outer loop
      vertex 58.9 20.6506 124.879
      vertex 56.9 20.9445 125.036
      vertex 56.9 20.6506 124.879
    endloop
  endfacet
  facet normal 0 -0.773503 0.633793
    outer loop
      vertex 56.9 21.2021 125.248
      vertex 58.9 21.4135 125.506
      vertex 56.9 21.4135 125.506
    endloop
  endfacet
  facet normal 0 -0.773503 0.633793
    outer loop
      vertex 58.9 21.4135 125.506
      vertex 56.9 21.2021 125.248
      vertex 58.9 21.2021 125.248
    endloop
  endfacet
  facet normal 0 -0.956997 0.290099
    outer loop
      vertex 56.9 21.5706 125.799
      vertex 58.9 21.6673 126.118
      vertex 56.9 21.6673 126.118
    endloop
  endfacet
  facet normal 0 -0.956997 0.290099
    outer loop
      vertex 58.9 21.6673 126.118
      vertex 56.9 21.5706 125.799
      vertex 58.9 21.5706 125.799
    endloop
  endfacet
  facet normal 0 -0.635455 0.772138
    outer loop
      vertex 56.9 21.2021 125.248
      vertex 58.9 20.9445 125.036
      vertex 58.9 21.2021 125.248
    endloop
  endfacet
  facet normal 0 -0.635455 0.772138
    outer loop
      vertex 58.9 20.9445 125.036
      vertex 56.9 21.2021 125.248
      vertex 56.9 20.9445 125.036
    endloop
  endfacet
  facet normal 0 -0.0989988 -0.995088
    outer loop
      vertex 56.9 20 128.15
      vertex 58.9 20.3317 128.117
      vertex 58.9 20 128.15
    endloop
  endfacet
  facet normal -0 -0.0989988 -0.995088
    outer loop
      vertex 58.9 20.3317 128.117
      vertex 56.9 20 128.15
      vertex 56.9 20.3317 128.117
    endloop
  endfacet
  facet normal 0 0.773503 -0.633793
    outer loop
      vertex 58.9 18.5865 127.394
      vertex 56.9 18.7979 127.652
      vertex 58.9 18.7979 127.652
    endloop
  endfacet
  facet normal 0 0.773503 -0.633793
    outer loop
      vertex 56.9 18.7979 127.652
      vertex 58.9 18.5865 127.394
      vertex 56.9 18.5865 127.394
    endloop
  endfacet
  facet normal 0 0.47351 -0.880788
    outer loop
      vertex 56.9 19.0555 127.863
      vertex 58.9 19.3494 128.021
      vertex 58.9 19.0555 127.863
    endloop
  endfacet
  facet normal 0 0.47351 -0.880788
    outer loop
      vertex 58.9 19.3494 128.021
      vertex 56.9 19.0555 127.863
      vertex 56.9 19.3494 128.021
    endloop
  endfacet
  facet normal 0 0.995184 0.0980197
    outer loop
      vertex 58.9 18.3327 126.118
      vertex 56.9 18.3 126.45
      vertex 58.9 18.3 126.45
    endloop
  endfacet
  facet normal 0 0.995184 0.0980197
    outer loop
      vertex 56.9 18.3 126.45
      vertex 58.9 18.3327 126.118
      vertex 56.9 18.3327 126.118
    endloop
  endfacet
  facet normal 0 -0.995184 -0.0980197
    outer loop
      vertex 56.9 21.7 126.45
      vertex 58.9 21.6673 126.782
      vertex 56.9 21.6673 126.782
    endloop
  endfacet
  facet normal 0 -0.995184 -0.0980197
    outer loop
      vertex 58.9 21.6673 126.782
      vertex 56.9 21.7 126.45
      vertex 58.9 21.7 126.45
    endloop
  endfacet
  facet normal 0 -0.0989988 0.995088
    outer loop
      vertex 56.9 20.3317 124.783
      vertex 58.9 20 124.75
      vertex 58.9 20.3317 124.783
    endloop
  endfacet
  facet normal 0 -0.0989988 0.995088
    outer loop
      vertex 58.9 20 124.75
      vertex 56.9 20.3317 124.783
      vertex 56.9 20 124.75
    endloop
  endfacet
  facet normal -0 0.288257 0.957553
    outer loop
      vertex 56.9 19.6683 124.783
      vertex 58.9 19.3494 124.879
      vertex 58.9 19.6683 124.783
    endloop
  endfacet
  facet normal 0 0.288257 0.957553
    outer loop
      vertex 58.9 19.3494 124.879
      vertex 56.9 19.6683 124.783
      vertex 56.9 19.3494 124.879
    endloop
  endfacet
  facet normal -0 0.635455 0.772138
    outer loop
      vertex 56.9 19.0555 125.036
      vertex 58.9 18.7979 125.248
      vertex 58.9 19.0555 125.036
    endloop
  endfacet
  facet normal 0 0.635455 0.772138
    outer loop
      vertex 58.9 18.7979 125.248
      vertex 56.9 19.0555 125.036
      vertex 56.9 18.7979 125.248
    endloop
  endfacet
  facet normal 0 0.956997 -0.290099
    outer loop
      vertex 58.9 18.3327 126.782
      vertex 56.9 18.4294 127.101
      vertex 58.9 18.4294 127.101
    endloop
  endfacet
  facet normal 0 0.956997 -0.290099
    outer loop
      vertex 56.9 18.4294 127.101
      vertex 58.9 18.3327 126.782
      vertex 56.9 18.3327 126.782
    endloop
  endfacet
  facet normal 0 0.88131 -0.472539
    outer loop
      vertex 58.9 18.4294 127.101
      vertex 56.9 18.5865 127.394
      vertex 58.9 18.5865 127.394
    endloop
  endfacet
  facet normal 0 0.88131 -0.472539
    outer loop
      vertex 56.9 18.5865 127.394
      vertex 58.9 18.4294 127.101
      vertex 56.9 18.4294 127.101
    endloop
  endfacet
  facet normal 0 0.288257 -0.957553
    outer loop
      vertex 56.9 19.3494 128.021
      vertex 58.9 19.6683 128.117
      vertex 58.9 19.3494 128.021
    endloop
  endfacet
  facet normal 0 0.288257 -0.957553
    outer loop
      vertex 58.9 19.6683 128.117
      vertex 56.9 19.3494 128.021
      vertex 56.9 19.6683 128.117
    endloop
  endfacet
  facet normal 0 0.88131 0.472539
    outer loop
      vertex 58.9 18.5865 125.506
      vertex 56.9 18.4294 125.799
      vertex 58.9 18.4294 125.799
    endloop
  endfacet
  facet normal 0 0.88131 0.472539
    outer loop
      vertex 56.9 18.4294 125.799
      vertex 58.9 18.5865 125.506
      vertex 56.9 18.5865 125.506
    endloop
  endfacet
  facet normal 0 0.995184 -0.0980197
    outer loop
      vertex 58.9 18.3 126.45
      vertex 56.9 18.3327 126.782
      vertex 58.9 18.3327 126.782
    endloop
  endfacet
  facet normal 0 0.995184 -0.0980197
    outer loop
      vertex 56.9 18.3327 126.782
      vertex 58.9 18.3 126.45
      vertex 56.9 18.3 126.45
    endloop
  endfacet
  facet normal -0 0.47118 0.882037
    outer loop
      vertex 56.9 19.3494 124.879
      vertex 58.9 19.0555 125.036
      vertex 58.9 19.3494 124.879
    endloop
  endfacet
  facet normal 0 0.47118 0.882037
    outer loop
      vertex 58.9 19.0555 125.036
      vertex 56.9 19.3494 124.879
      vertex 56.9 19.0555 125.036
    endloop
  endfacet
  facet normal 0 0.773503 0.633793
    outer loop
      vertex 58.9 18.7979 125.248
      vertex 56.9 18.5865 125.506
      vertex 58.9 18.5865 125.506
    endloop
  endfacet
  facet normal 0 0.773503 0.633793
    outer loop
      vertex 56.9 18.5865 125.506
      vertex 58.9 18.7979 125.248
      vertex 56.9 18.7979 125.248
    endloop
  endfacet
  facet normal 0 0.633663 -0.773609
    outer loop
      vertex 56.9 18.7979 127.652
      vertex 58.9 19.0555 127.863
      vertex 58.9 18.7979 127.652
    endloop
  endfacet
  facet normal 0 0.633663 -0.773609
    outer loop
      vertex 58.9 19.0555 127.863
      vertex 56.9 18.7979 127.652
      vertex 56.9 19.0555 127.863
    endloop
  endfacet
  facet normal 0 0.956997 0.290099
    outer loop
      vertex 58.9 18.4294 125.799
      vertex 56.9 18.3327 126.118
      vertex 58.9 18.3327 126.118
    endloop
  endfacet
  facet normal 0 0.956997 0.290099
    outer loop
      vertex 56.9 18.3327 126.118
      vertex 58.9 18.4294 125.799
      vertex 56.9 18.4294 125.799
    endloop
  endfacet
  facet normal 0 -0.47351 -0.880788
    outer loop
      vertex 56.9 78.6506 128.021
      vertex 58.9 78.9445 127.863
      vertex 58.9 78.6506 128.021
    endloop
  endfacet
  facet normal -0 -0.47351 -0.880788
    outer loop
      vertex 58.9 78.9445 127.863
      vertex 56.9 78.6506 128.021
      vertex 56.9 78.9445 127.863
    endloop
  endfacet
  facet normal 0 -0.633663 -0.773609
    outer loop
      vertex 56.9 78.9445 127.863
      vertex 58.9 79.2021 127.652
      vertex 58.9 78.9445 127.863
    endloop
  endfacet
  facet normal -0 -0.633663 -0.773609
    outer loop
      vertex 58.9 79.2021 127.652
      vertex 56.9 78.9445 127.863
      vertex 56.9 79.2021 127.652
    endloop
  endfacet
  facet normal 0 -0.956997 -0.290099
    outer loop
      vertex 56.9 79.6673 126.782
      vertex 58.9 79.5706 127.101
      vertex 56.9 79.5706 127.101
    endloop
  endfacet
  facet normal 0 -0.956997 -0.290099
    outer loop
      vertex 58.9 79.5706 127.101
      vertex 56.9 79.6673 126.782
      vertex 58.9 79.6673 126.782
    endloop
  endfacet
  facet normal 0 -0.88131 0.472539
    outer loop
      vertex 56.9 79.4135 125.506
      vertex 58.9 79.5706 125.799
      vertex 56.9 79.5706 125.799
    endloop
  endfacet
  facet normal 0 -0.88131 0.472539
    outer loop
      vertex 58.9 79.5706 125.799
      vertex 56.9 79.4135 125.506
      vertex 58.9 79.4135 125.506
    endloop
  endfacet
  facet normal 0 -0.288174 0.957578
    outer loop
      vertex 56.9 78.6506 124.879
      vertex 58.9 78.3316 124.783
      vertex 58.9 78.6506 124.879
    endloop
  endfacet
  facet normal 0 -0.288174 0.957578
    outer loop
      vertex 58.9 78.3316 124.783
      vertex 56.9 78.6506 124.879
      vertex 56.9 78.3316 124.783
    endloop
  endfacet
  facet normal 0 0.0990283 -0.995085
    outer loop
      vertex 56.9 77.6684 128.117
      vertex 58.9 78 128.15
      vertex 58.9 77.6684 128.117
    endloop
  endfacet
  facet normal 0 0.0990283 -0.995085
    outer loop
      vertex 58.9 78 128.15
      vertex 56.9 77.6684 128.117
      vertex 56.9 78 128.15
    endloop
  endfacet
  facet normal 0 -0.773503 -0.633793
    outer loop
      vertex 56.9 79.4135 127.394
      vertex 58.9 79.2021 127.652
      vertex 56.9 79.2021 127.652
    endloop
  endfacet
  facet normal 0 -0.773503 -0.633793
    outer loop
      vertex 58.9 79.2021 127.652
      vertex 56.9 79.4135 127.394
      vertex 58.9 79.4135 127.394
    endloop
  endfacet
  facet normal 0 -0.995184 0.0980197
    outer loop
      vertex 56.9 79.6673 126.118
      vertex 58.9 79.7 126.45
      vertex 56.9 79.7 126.45
    endloop
  endfacet
  facet normal 0 -0.995184 0.0980197
    outer loop
      vertex 58.9 79.7 126.45
      vertex 56.9 79.6673 126.118
      vertex 58.9 79.6673 126.118
    endloop
  endfacet
  facet normal 0 -0.88131 -0.472539
    outer loop
      vertex 56.9 79.5706 127.101
      vertex 58.9 79.4135 127.394
      vertex 56.9 79.4135 127.394
    endloop
  endfacet
  facet normal 0 -0.88131 -0.472539
    outer loop
      vertex 58.9 79.4135 127.394
      vertex 56.9 79.5706 127.101
      vertex 58.9 79.5706 127.101
    endloop
  endfacet
  facet normal -0 0.0990283 0.995085
    outer loop
      vertex 56.9 78 124.75
      vertex 58.9 77.6684 124.783
      vertex 58.9 78 124.75
    endloop
  endfacet
  facet normal 0 0.0990283 0.995085
    outer loop
      vertex 58.9 77.6684 124.783
      vertex 56.9 78 124.75
      vertex 56.9 77.6684 124.783
    endloop
  endfacet
  facet normal 0 -0.47118 0.882037
    outer loop
      vertex 56.9 78.9445 125.036
      vertex 58.9 78.6506 124.879
      vertex 58.9 78.9445 125.036
    endloop
  endfacet
  facet normal 0 -0.47118 0.882037
    outer loop
      vertex 58.9 78.6506 124.879
      vertex 56.9 78.9445 125.036
      vertex 56.9 78.6506 124.879
    endloop
  endfacet
  facet normal 0 -0.773503 0.633793
    outer loop
      vertex 56.9 79.2021 125.248
      vertex 58.9 79.4135 125.506
      vertex 56.9 79.4135 125.506
    endloop
  endfacet
  facet normal 0 -0.773503 0.633793
    outer loop
      vertex 58.9 79.4135 125.506
      vertex 56.9 79.2021 125.248
      vertex 58.9 79.2021 125.248
    endloop
  endfacet
  facet normal 0 -0.956997 0.290099
    outer loop
      vertex 56.9 79.5706 125.799
      vertex 58.9 79.6673 126.118
      vertex 56.9 79.6673 126.118
    endloop
  endfacet
  facet normal 0 -0.956997 0.290099
    outer loop
      vertex 58.9 79.6673 126.118
      vertex 56.9 79.5706 125.799
      vertex 58.9 79.5706 125.799
    endloop
  endfacet
  facet normal 0 -0.635455 0.772138
    outer loop
      vertex 56.9 79.2021 125.248
      vertex 58.9 78.9445 125.036
      vertex 58.9 79.2021 125.248
    endloop
  endfacet
  facet normal 0 -0.635455 0.772138
    outer loop
      vertex 58.9 78.9445 125.036
      vertex 56.9 79.2021 125.248
      vertex 56.9 78.9445 125.036
    endloop
  endfacet
  facet normal 0 -0.0990283 -0.995085
    outer loop
      vertex 56.9 78 128.15
      vertex 58.9 78.3316 128.117
      vertex 58.9 78 128.15
    endloop
  endfacet
  facet normal -0 -0.0990283 -0.995085
    outer loop
      vertex 58.9 78.3316 128.117
      vertex 56.9 78 128.15
      vertex 56.9 78.3316 128.117
    endloop
  endfacet
  facet normal 0 0.288174 -0.957578
    outer loop
      vertex 56.9 77.3494 128.021
      vertex 58.9 77.6684 128.117
      vertex 58.9 77.3494 128.021
    endloop
  endfacet
  facet normal 0 0.288174 -0.957578
    outer loop
      vertex 58.9 77.6684 128.117
      vertex 56.9 77.3494 128.021
      vertex 56.9 77.6684 128.117
    endloop
  endfacet
  facet normal 0 0.88131 0.472539
    outer loop
      vertex 58.9 76.5865 125.506
      vertex 56.9 76.4294 125.799
      vertex 58.9 76.4294 125.799
    endloop
  endfacet
  facet normal 0 0.88131 0.472539
    outer loop
      vertex 56.9 76.4294 125.799
      vertex 58.9 76.5865 125.506
      vertex 56.9 76.5865 125.506
    endloop
  endfacet
  facet normal -0 0.635455 0.772138
    outer loop
      vertex 56.9 77.0555 125.036
      vertex 58.9 76.7979 125.248
      vertex 58.9 77.0555 125.036
    endloop
  endfacet
  facet normal 0 0.635455 0.772138
    outer loop
      vertex 58.9 76.7979 125.248
      vertex 56.9 77.0555 125.036
      vertex 56.9 76.7979 125.248
    endloop
  endfacet
  facet normal 0 0.773503 -0.633793
    outer loop
      vertex 58.9 76.5865 127.394
      vertex 56.9 76.7979 127.652
      vertex 58.9 76.7979 127.652
    endloop
  endfacet
  facet normal 0 0.773503 -0.633793
    outer loop
      vertex 56.9 76.7979 127.652
      vertex 58.9 76.5865 127.394
      vertex 56.9 76.5865 127.394
    endloop
  endfacet
  facet normal 0 -0.288174 -0.957578
    outer loop
      vertex 56.9 78.3316 128.117
      vertex 58.9 78.6506 128.021
      vertex 58.9 78.3316 128.117
    endloop
  endfacet
  facet normal -0 -0.288174 -0.957578
    outer loop
      vertex 58.9 78.6506 128.021
      vertex 56.9 78.3316 128.117
      vertex 56.9 78.6506 128.021
    endloop
  endfacet
  facet normal 0 -0.995184 -0.0980197
    outer loop
      vertex 56.9 79.7 126.45
      vertex 58.9 79.6673 126.782
      vertex 56.9 79.6673 126.782
    endloop
  endfacet
  facet normal 0 -0.995184 -0.0980197
    outer loop
      vertex 58.9 79.6673 126.782
      vertex 56.9 79.7 126.45
      vertex 58.9 79.7 126.45
    endloop
  endfacet
  facet normal 0 -0.0990283 0.995085
    outer loop
      vertex 56.9 78.3316 124.783
      vertex 58.9 78 124.75
      vertex 58.9 78.3316 124.783
    endloop
  endfacet
  facet normal 0 -0.0990283 0.995085
    outer loop
      vertex 58.9 78 124.75
      vertex 56.9 78.3316 124.783
      vertex 56.9 78 124.75
    endloop
  endfacet
  facet normal 0 0.47351 -0.880788
    outer loop
      vertex 56.9 77.0555 127.863
      vertex 58.9 77.3494 128.021
      vertex 58.9 77.0555 127.863
    endloop
  endfacet
  facet normal 0 0.47351 -0.880788
    outer loop
      vertex 58.9 77.3494 128.021
      vertex 56.9 77.0555 127.863
      vertex 56.9 77.3494 128.021
    endloop
  endfacet
  facet normal -0 0.288174 0.957578
    outer loop
      vertex 56.9 77.6684 124.783
      vertex 58.9 77.3494 124.879
      vertex 58.9 77.6684 124.783
    endloop
  endfacet
  facet normal 0 0.288174 0.957578
    outer loop
      vertex 58.9 77.3494 124.879
      vertex 56.9 77.6684 124.783
      vertex 56.9 77.3494 124.879
    endloop
  endfacet
  facet normal 0 0.773503 0.633793
    outer loop
      vertex 58.9 76.7979 125.248
      vertex 56.9 76.5865 125.506
      vertex 58.9 76.5865 125.506
    endloop
  endfacet
  facet normal 0 0.773503 0.633793
    outer loop
      vertex 56.9 76.5865 125.506
      vertex 58.9 76.7979 125.248
      vertex 56.9 76.7979 125.248
    endloop
  endfacet
  facet normal 0 0.956997 -0.290099
    outer loop
      vertex 58.9 76.3327 126.782
      vertex 56.9 76.4294 127.101
      vertex 58.9 76.4294 127.101
    endloop
  endfacet
  facet normal 0 0.956997 -0.290099
    outer loop
      vertex 56.9 76.4294 127.101
      vertex 58.9 76.3327 126.782
      vertex 56.9 76.3327 126.782
    endloop
  endfacet
  facet normal 0 0.88131 -0.472539
    outer loop
      vertex 58.9 76.4294 127.101
      vertex 56.9 76.5865 127.394
      vertex 58.9 76.5865 127.394
    endloop
  endfacet
  facet normal 0 0.88131 -0.472539
    outer loop
      vertex 56.9 76.5865 127.394
      vertex 58.9 76.4294 127.101
      vertex 56.9 76.4294 127.101
    endloop
  endfacet
  facet normal 0 0.956997 0.290099
    outer loop
      vertex 58.9 76.4294 125.799
      vertex 56.9 76.3327 126.118
      vertex 58.9 76.3327 126.118
    endloop
  endfacet
  facet normal 0 0.956997 0.290099
    outer loop
      vertex 56.9 76.3327 126.118
      vertex 58.9 76.4294 125.799
      vertex 56.9 76.4294 125.799
    endloop
  endfacet
  facet normal 0 0.995184 -0.0980197
    outer loop
      vertex 58.9 76.3 126.45
      vertex 56.9 76.3327 126.782
      vertex 58.9 76.3327 126.782
    endloop
  endfacet
  facet normal 0 0.995184 -0.0980197
    outer loop
      vertex 56.9 76.3327 126.782
      vertex 58.9 76.3 126.45
      vertex 56.9 76.3 126.45
    endloop
  endfacet
  facet normal -0 0.47118 0.882037
    outer loop
      vertex 56.9 77.3494 124.879
      vertex 58.9 77.0555 125.036
      vertex 58.9 77.3494 124.879
    endloop
  endfacet
  facet normal 0 0.47118 0.882037
    outer loop
      vertex 58.9 77.0555 125.036
      vertex 56.9 77.3494 124.879
      vertex 56.9 77.0555 125.036
    endloop
  endfacet
  facet normal 0 0.633663 -0.773609
    outer loop
      vertex 56.9 76.7979 127.652
      vertex 58.9 77.0555 127.863
      vertex 58.9 76.7979 127.652
    endloop
  endfacet
  facet normal 0 0.633663 -0.773609
    outer loop
      vertex 58.9 77.0555 127.863
      vertex 56.9 76.7979 127.652
      vertex 56.9 77.0555 127.863
    endloop
  endfacet
  facet normal 0 0.995184 0.0980197
    outer loop
      vertex 58.9 76.3327 126.118
      vertex 56.9 76.3 126.45
      vertex 58.9 76.3 126.45
    endloop
  endfacet
  facet normal 0 0.995184 0.0980197
    outer loop
      vertex 56.9 76.3 126.45
      vertex 58.9 76.3327 126.118
      vertex 56.9 76.3327 126.118
    endloop
  endfacet
  facet normal 0 -0.881957 -0.471329
    outer loop
      vertex 19.7 23.6955 45.4807
      vertex 22.2 23.3259 46.1723
      vertex 19.7 23.3259 46.1723
    endloop
  endfacet
  facet normal 0 -0.881957 -0.471329
    outer loop
      vertex 22.2 23.3259 46.1723
      vertex 19.7 23.6955 45.4807
      vertex 22.2 23.6955 45.4807
    endloop
  endfacet
  facet normal 0 0.0980643 -0.99518
    outer loop
      vertex 19.7 19.2196 47.8731
      vertex 22.2 20 47.95
      vertex 22.2 19.2196 47.8731
    endloop
  endfacet
  facet normal 0 0.0980643 -0.99518
    outer loop
      vertex 22.2 20 47.95
      vertex 19.7 19.2196 47.8731
      vertex 19.7 20 47.95
    endloop
  endfacet
  facet normal 0 0.99518 0.0980643
    outer loop
      vertex 22.2 16.0769 43.1696
      vertex 19.7 16 43.95
      vertex 22.2 16 43.95
    endloop
  endfacet
  facet normal 0 0.99518 0.0980643
    outer loop
      vertex 19.7 16 43.95
      vertex 22.2 16.0769 43.1696
      vertex 19.7 16.0769 43.1696
    endloop
  endfacet
  facet normal 0 -0.881957 0.471329
    outer loop
      vertex 19.7 23.3259 41.7277
      vertex 22.2 23.6955 42.4193
      vertex 19.7 23.6955 42.4193
    endloop
  endfacet
  facet normal 0 -0.881957 0.471329
    outer loop
      vertex 22.2 23.6955 42.4193
      vertex 19.7 23.3259 41.7277
      vertex 22.2 23.3259 41.7277
    endloop
  endfacet
  facet normal 0 -0.290283 0.956941
    outer loop
      vertex 19.7 21.5307 40.2545
      vertex 22.2 20.7804 40.0269
      vertex 22.2 21.5307 40.2545
    endloop
  endfacet
  facet normal 0 -0.290283 0.956941
    outer loop
      vertex 22.2 20.7804 40.0269
      vertex 19.7 21.5307 40.2545
      vertex 19.7 20.7804 40.0269
    endloop
  endfacet
  facet normal -0 0.634459 0.772956
    outer loop
      vertex 19.7 17.7777 40.6241
      vertex 22.2 17.1716 41.1216
      vertex 22.2 17.7777 40.6241
    endloop
  endfacet
  facet normal 0 0.634459 0.772956
    outer loop
      vertex 22.2 17.1716 41.1216
      vertex 19.7 17.7777 40.6241
      vertex 19.7 17.1716 41.1216
    endloop
  endfacet
  facet normal 0 -0.471329 -0.881957
    outer loop
      vertex 19.7 21.5307 47.6455
      vertex 22.2 22.2223 47.2759
      vertex 22.2 21.5307 47.6455
    endloop
  endfacet
  facet normal -0 -0.471329 -0.881957
    outer loop
      vertex 22.2 22.2223 47.2759
      vertex 19.7 21.5307 47.6455
      vertex 19.7 22.2223 47.2759
    endloop
  endfacet
  facet normal 0 -0.634459 -0.772956
    outer loop
      vertex 19.7 22.2223 47.2759
      vertex 22.2 22.8284 46.7784
      vertex 22.2 22.2223 47.2759
    endloop
  endfacet
  facet normal -0 -0.634459 -0.772956
    outer loop
      vertex 22.2 22.8284 46.7784
      vertex 19.7 22.2223 47.2759
      vertex 19.7 22.8284 46.7784
    endloop
  endfacet
  facet normal 0 -0.772956 -0.634459
    outer loop
      vertex 19.7 23.3259 46.1723
      vertex 22.2 22.8284 46.7784
      vertex 19.7 22.8284 46.7784
    endloop
  endfacet
  facet normal 0 -0.772956 -0.634459
    outer loop
      vertex 22.2 22.8284 46.7784
      vertex 19.7 23.3259 46.1723
      vertex 22.2 23.3259 46.1723
    endloop
  endfacet
  facet normal 0 -0.956941 -0.290283
    outer loop
      vertex 19.7 23.9231 44.7304
      vertex 22.2 23.6955 45.4807
      vertex 19.7 23.6955 45.4807
    endloop
  endfacet
  facet normal 0 -0.956941 -0.290283
    outer loop
      vertex 22.2 23.6955 45.4807
      vertex 19.7 23.9231 44.7304
      vertex 22.2 23.9231 44.7304
    endloop
  endfacet
  facet normal 0 -0.99518 0.0980643
    outer loop
      vertex 19.7 23.9231 43.1696
      vertex 22.2 24 43.95
      vertex 19.7 24 43.95
    endloop
  endfacet
  facet normal 0 -0.99518 0.0980643
    outer loop
      vertex 22.2 24 43.95
      vertex 19.7 23.9231 43.1696
      vertex 22.2 23.9231 43.1696
    endloop
  endfacet
  facet normal 0 -0.99518 -0.0980643
    outer loop
      vertex 19.7 24 43.95
      vertex 22.2 23.9231 44.7304
      vertex 19.7 23.9231 44.7304
    endloop
  endfacet
  facet normal 0 -0.99518 -0.0980643
    outer loop
      vertex 22.2 23.9231 44.7304
      vertex 19.7 24 43.95
      vertex 22.2 24 43.95
    endloop
  endfacet
  facet normal -0 0.0980643 0.99518
    outer loop
      vertex 19.7 20 39.95
      vertex 22.2 19.2196 40.0269
      vertex 22.2 20 39.95
    endloop
  endfacet
  facet normal 0 0.0980643 0.99518
    outer loop
      vertex 22.2 19.2196 40.0269
      vertex 19.7 20 39.95
      vertex 19.7 19.2196 40.0269
    endloop
  endfacet
  facet normal 0 -0.471329 0.881957
    outer loop
      vertex 19.7 22.2223 40.6241
      vertex 22.2 21.5307 40.2545
      vertex 22.2 22.2223 40.6241
    endloop
  endfacet
  facet normal 0 -0.471329 0.881957
    outer loop
      vertex 22.2 21.5307 40.2545
      vertex 19.7 22.2223 40.6241
      vertex 19.7 21.5307 40.2545
    endloop
  endfacet
  facet normal 0 -0.772956 0.634459
    outer loop
      vertex 19.7 22.8284 41.1216
      vertex 22.2 23.3259 41.7277
      vertex 19.7 23.3259 41.7277
    endloop
  endfacet
  facet normal 0 -0.772956 0.634459
    outer loop
      vertex 22.2 23.3259 41.7277
      vertex 19.7 22.8284 41.1216
      vertex 22.2 22.8284 41.1216
    endloop
  endfacet
  facet normal 0 -0.956941 0.290283
    outer loop
      vertex 19.7 23.6955 42.4193
      vertex 22.2 23.9231 43.1696
      vertex 19.7 23.9231 43.1696
    endloop
  endfacet
  facet normal 0 -0.956941 0.290283
    outer loop
      vertex 22.2 23.9231 43.1696
      vertex 19.7 23.6955 42.4193
      vertex 22.2 23.6955 42.4193
    endloop
  endfacet
  facet normal 0 -0.634459 0.772956
    outer loop
      vertex 19.7 22.8284 41.1216
      vertex 22.2 22.2223 40.6241
      vertex 22.2 22.8284 41.1216
    endloop
  endfacet
  facet normal 0 -0.634459 0.772956
    outer loop
      vertex 22.2 22.2223 40.6241
      vertex 19.7 22.8284 41.1216
      vertex 19.7 22.2223 40.6241
    endloop
  endfacet
  facet normal 0 -0.0980643 -0.99518
    outer loop
      vertex 19.7 20 47.95
      vertex 22.2 20.7804 47.8731
      vertex 22.2 20 47.95
    endloop
  endfacet
  facet normal -0 -0.0980643 -0.99518
    outer loop
      vertex 22.2 20.7804 47.8731
      vertex 19.7 20 47.95
      vertex 19.7 20.7804 47.8731
    endloop
  endfacet
  facet normal 0 0.956941 -0.290283
    outer loop
      vertex 22.2 16.0769 44.7304
      vertex 19.7 16.3045 45.4807
      vertex 22.2 16.3045 45.4807
    endloop
  endfacet
  facet normal 0 0.956941 -0.290283
    outer loop
      vertex 19.7 16.3045 45.4807
      vertex 22.2 16.0769 44.7304
      vertex 19.7 16.0769 44.7304
    endloop
  endfacet
  facet normal 0 0.881957 -0.471329
    outer loop
      vertex 22.2 16.3045 45.4807
      vertex 19.7 16.6741 46.1723
      vertex 22.2 16.6741 46.1723
    endloop
  endfacet
  facet normal 0 0.881957 -0.471329
    outer loop
      vertex 19.7 16.6741 46.1723
      vertex 22.2 16.3045 45.4807
      vertex 19.7 16.3045 45.4807
    endloop
  endfacet
  facet normal 0 0.772956 -0.634459
    outer loop
      vertex 22.2 16.6741 46.1723
      vertex 19.7 17.1716 46.7784
      vertex 22.2 17.1716 46.7784
    endloop
  endfacet
  facet normal 0 0.772956 -0.634459
    outer loop
      vertex 19.7 17.1716 46.7784
      vertex 22.2 16.6741 46.1723
      vertex 19.7 16.6741 46.1723
    endloop
  endfacet
  facet normal 0 0.471329 -0.881957
    outer loop
      vertex 19.7 17.7777 47.2759
      vertex 22.2 18.4693 47.6455
      vertex 22.2 17.7777 47.2759
    endloop
  endfacet
  facet normal 0 0.471329 -0.881957
    outer loop
      vertex 22.2 18.4693 47.6455
      vertex 19.7 17.7777 47.2759
      vertex 19.7 18.4693 47.6455
    endloop
  endfacet
  facet normal 0 0.881957 0.471329
    outer loop
      vertex 22.2 16.6741 41.7277
      vertex 19.7 16.3045 42.4193
      vertex 22.2 16.3045 42.4193
    endloop
  endfacet
  facet normal 0 0.881957 0.471329
    outer loop
      vertex 19.7 16.3045 42.4193
      vertex 22.2 16.6741 41.7277
      vertex 19.7 16.6741 41.7277
    endloop
  endfacet
  facet normal 0 0.956941 0.290283
    outer loop
      vertex 22.2 16.3045 42.4193
      vertex 19.7 16.0769 43.1696
      vertex 22.2 16.0769 43.1696
    endloop
  endfacet
  facet normal 0 0.956941 0.290283
    outer loop
      vertex 19.7 16.0769 43.1696
      vertex 22.2 16.3045 42.4193
      vertex 19.7 16.3045 42.4193
    endloop
  endfacet
  facet normal -0 0.290283 0.956941
    outer loop
      vertex 19.7 19.2196 40.0269
      vertex 22.2 18.4693 40.2545
      vertex 22.2 19.2196 40.0269
    endloop
  endfacet
  facet normal 0 0.290283 0.956941
    outer loop
      vertex 22.2 18.4693 40.2545
      vertex 19.7 19.2196 40.0269
      vertex 19.7 18.4693 40.2545
    endloop
  endfacet
  facet normal 0 -0.290283 -0.956941
    outer loop
      vertex 19.7 20.7804 47.8731
      vertex 22.2 21.5307 47.6455
      vertex 22.2 20.7804 47.8731
    endloop
  endfacet
  facet normal -0 -0.290283 -0.956941
    outer loop
      vertex 22.2 21.5307 47.6455
      vertex 19.7 20.7804 47.8731
      vertex 19.7 21.5307 47.6455
    endloop
  endfacet
  facet normal 0 -0.0980643 0.99518
    outer loop
      vertex 19.7 20.7804 40.0269
      vertex 22.2 20 39.95
      vertex 22.2 20.7804 40.0269
    endloop
  endfacet
  facet normal 0 -0.0980643 0.99518
    outer loop
      vertex 22.2 20 39.95
      vertex 19.7 20.7804 40.0269
      vertex 19.7 20 39.95
    endloop
  endfacet
  facet normal 0 0.634459 -0.772956
    outer loop
      vertex 19.7 17.1716 46.7784
      vertex 22.2 17.7777 47.2759
      vertex 22.2 17.1716 46.7784
    endloop
  endfacet
  facet normal 0 0.634459 -0.772956
    outer loop
      vertex 22.2 17.7777 47.2759
      vertex 19.7 17.1716 46.7784
      vertex 19.7 17.7777 47.2759
    endloop
  endfacet
  facet normal 0 0.290283 -0.956941
    outer loop
      vertex 19.7 18.4693 47.6455
      vertex 22.2 19.2196 47.8731
      vertex 22.2 18.4693 47.6455
    endloop
  endfacet
  facet normal 0 0.290283 -0.956941
    outer loop
      vertex 22.2 19.2196 47.8731
      vertex 19.7 18.4693 47.6455
      vertex 19.7 19.2196 47.8731
    endloop
  endfacet
  facet normal 0 0.99518 -0.0980643
    outer loop
      vertex 22.2 16 43.95
      vertex 19.7 16.0769 44.7304
      vertex 22.2 16.0769 44.7304
    endloop
  endfacet
  facet normal 0 0.99518 -0.0980643
    outer loop
      vertex 19.7 16.0769 44.7304
      vertex 22.2 16 43.95
      vertex 19.7 16 43.95
    endloop
  endfacet
  facet normal -0 0.471329 0.881957
    outer loop
      vertex 19.7 18.4693 40.2545
      vertex 22.2 17.7777 40.6241
      vertex 22.2 18.4693 40.2545
    endloop
  endfacet
  facet normal 0 0.471329 0.881957
    outer loop
      vertex 22.2 17.7777 40.6241
      vertex 19.7 18.4693 40.2545
      vertex 19.7 17.7777 40.6241
    endloop
  endfacet
  facet normal 0 0.772956 0.634459
    outer loop
      vertex 22.2 17.1716 41.1216
      vertex 19.7 16.6741 41.7277
      vertex 22.2 16.6741 41.7277
    endloop
  endfacet
  facet normal 0 0.772956 0.634459
    outer loop
      vertex 19.7 16.6741 41.7277
      vertex 22.2 17.1716 41.1216
      vertex 19.7 17.1716 41.1216
    endloop
  endfacet
  facet normal 0 -0.0980643 -0.99518
    outer loop
      vertex 19.7 78 47.95
      vertex 22.2 78.7804 47.8731
      vertex 22.2 78 47.95
    endloop
  endfacet
  facet normal -0 -0.0980643 -0.99518
    outer loop
      vertex 22.2 78.7804 47.8731
      vertex 19.7 78 47.95
      vertex 19.7 78.7804 47.8731
    endloop
  endfacet
  facet normal 0 -0.99518 0.0980643
    outer loop
      vertex 19.7 81.9231 43.1696
      vertex 22.2 82 43.95
      vertex 19.7 82 43.95
    endloop
  endfacet
  facet normal 0 -0.99518 0.0980643
    outer loop
      vertex 22.2 82 43.95
      vertex 19.7 81.9231 43.1696
      vertex 22.2 81.9231 43.1696
    endloop
  endfacet
  facet normal 0 -0.772956 -0.634459
    outer loop
      vertex 19.7 81.3259 46.1723
      vertex 22.2 80.8284 46.7784
      vertex 19.7 80.8284 46.7784
    endloop
  endfacet
  facet normal 0 -0.772956 -0.634459
    outer loop
      vertex 22.2 80.8284 46.7784
      vertex 19.7 81.3259 46.1723
      vertex 22.2 81.3259 46.1723
    endloop
  endfacet
  facet normal 0 -0.634459 0.772956
    outer loop
      vertex 19.7 80.8284 41.1216
      vertex 22.2 80.2223 40.6241
      vertex 22.2 80.8284 41.1216
    endloop
  endfacet
  facet normal 0 -0.634459 0.772956
    outer loop
      vertex 22.2 80.2223 40.6241
      vertex 19.7 80.8284 41.1216
      vertex 19.7 80.2223 40.6241
    endloop
  endfacet
  facet normal 0 -0.881957 0.471329
    outer loop
      vertex 19.7 81.3259 41.7277
      vertex 22.2 81.6955 42.4193
      vertex 19.7 81.6955 42.4193
    endloop
  endfacet
  facet normal 0 -0.881957 0.471329
    outer loop
      vertex 22.2 81.6955 42.4193
      vertex 19.7 81.3259 41.7277
      vertex 22.2 81.3259 41.7277
    endloop
  endfacet
  facet normal 0 0.634459 -0.772956
    outer loop
      vertex 19.7 75.1716 46.7784
      vertex 22.2 75.7777 47.2759
      vertex 22.2 75.1716 46.7784
    endloop
  endfacet
  facet normal 0 0.634459 -0.772956
    outer loop
      vertex 22.2 75.7777 47.2759
      vertex 19.7 75.1716 46.7784
      vertex 19.7 75.7777 47.2759
    endloop
  endfacet
  facet normal 0 0.772956 0.634459
    outer loop
      vertex 22.2 75.1716 41.1216
      vertex 19.7 74.6741 41.7277
      vertex 22.2 74.6741 41.7277
    endloop
  endfacet
  facet normal 0 0.772956 0.634459
    outer loop
      vertex 19.7 74.6741 41.7277
      vertex 22.2 75.1716 41.1216
      vertex 19.7 75.1716 41.1216
    endloop
  endfacet
  facet normal 0 -0.471329 -0.881957
    outer loop
      vertex 19.7 79.5307 47.6455
      vertex 22.2 80.2223 47.2759
      vertex 22.2 79.5307 47.6455
    endloop
  endfacet
  facet normal -0 -0.471329 -0.881957
    outer loop
      vertex 22.2 80.2223 47.2759
      vertex 19.7 79.5307 47.6455
      vertex 19.7 80.2223 47.2759
    endloop
  endfacet
  facet normal 0 -0.290283 -0.956941
    outer loop
      vertex 19.7 78.7804 47.8731
      vertex 22.2 79.5307 47.6455
      vertex 22.2 78.7804 47.8731
    endloop
  endfacet
  facet normal -0 -0.290283 -0.956941
    outer loop
      vertex 22.2 79.5307 47.6455
      vertex 19.7 78.7804 47.8731
      vertex 19.7 79.5307 47.6455
    endloop
  endfacet
  facet normal 0 -0.634459 -0.772956
    outer loop
      vertex 19.7 80.2223 47.2759
      vertex 22.2 80.8284 46.7784
      vertex 22.2 80.2223 47.2759
    endloop
  endfacet
  facet normal -0 -0.634459 -0.772956
    outer loop
      vertex 22.2 80.8284 46.7784
      vertex 19.7 80.2223 47.2759
      vertex 19.7 80.8284 46.7784
    endloop
  endfacet
  facet normal 0 -0.956941 -0.290283
    outer loop
      vertex 19.7 81.9231 44.7304
      vertex 22.2 81.6955 45.4807
      vertex 19.7 81.6955 45.4807
    endloop
  endfacet
  facet normal 0 -0.956941 -0.290283
    outer loop
      vertex 22.2 81.6955 45.4807
      vertex 19.7 81.9231 44.7304
      vertex 22.2 81.9231 44.7304
    endloop
  endfacet
  facet normal 0 -0.99518 -0.0980643
    outer loop
      vertex 19.7 82 43.95
      vertex 22.2 81.9231 44.7304
      vertex 19.7 81.9231 44.7304
    endloop
  endfacet
  facet normal 0 -0.99518 -0.0980643
    outer loop
      vertex 22.2 81.9231 44.7304
      vertex 19.7 82 43.95
      vertex 22.2 82 43.95
    endloop
  endfacet
  facet normal 0 -0.881957 -0.471329
    outer loop
      vertex 19.7 81.6955 45.4807
      vertex 22.2 81.3259 46.1723
      vertex 19.7 81.3259 46.1723
    endloop
  endfacet
  facet normal 0 -0.881957 -0.471329
    outer loop
      vertex 22.2 81.3259 46.1723
      vertex 19.7 81.6955 45.4807
      vertex 22.2 81.6955 45.4807
    endloop
  endfacet
  facet normal 0 -0.290283 0.956941
    outer loop
      vertex 19.7 79.5307 40.2545
      vertex 22.2 78.7804 40.0269
      vertex 22.2 79.5307 40.2545
    endloop
  endfacet
  facet normal 0 -0.290283 0.956941
    outer loop
      vertex 22.2 78.7804 40.0269
      vertex 19.7 79.5307 40.2545
      vertex 19.7 78.7804 40.0269
    endloop
  endfacet
  facet normal 0 -0.471329 0.881957
    outer loop
      vertex 19.7 80.2223 40.6241
      vertex 22.2 79.5307 40.2545
      vertex 22.2 80.2223 40.6241
    endloop
  endfacet
  facet normal 0 -0.471329 0.881957
    outer loop
      vertex 22.2 79.5307 40.2545
      vertex 19.7 80.2223 40.6241
      vertex 19.7 79.5307 40.2545
    endloop
  endfacet
  facet normal 0 -0.0980643 0.99518
    outer loop
      vertex 19.7 78.7804 40.0269
      vertex 22.2 78 39.95
      vertex 22.2 78.7804 40.0269
    endloop
  endfacet
  facet normal 0 -0.0980643 0.99518
    outer loop
      vertex 22.2 78 39.95
      vertex 19.7 78.7804 40.0269
      vertex 19.7 78 39.95
    endloop
  endfacet
  facet normal 0 -0.772956 0.634459
    outer loop
      vertex 19.7 80.8284 41.1216
      vertex 22.2 81.3259 41.7277
      vertex 19.7 81.3259 41.7277
    endloop
  endfacet
  facet normal 0 -0.772956 0.634459
    outer loop
      vertex 22.2 81.3259 41.7277
      vertex 19.7 80.8284 41.1216
      vertex 22.2 80.8284 41.1216
    endloop
  endfacet
  facet normal 0 -0.956941 0.290283
    outer loop
      vertex 19.7 81.6955 42.4193
      vertex 22.2 81.9231 43.1696
      vertex 19.7 81.9231 43.1696
    endloop
  endfacet
  facet normal 0 -0.956941 0.290283
    outer loop
      vertex 22.2 81.9231 43.1696
      vertex 19.7 81.6955 42.4193
      vertex 22.2 81.6955 42.4193
    endloop
  endfacet
  facet normal 0 0.956941 -0.290283
    outer loop
      vertex 22.2 74.0769 44.7304
      vertex 19.7 74.3045 45.4807
      vertex 22.2 74.3045 45.4807
    endloop
  endfacet
  facet normal 0 0.956941 -0.290283
    outer loop
      vertex 19.7 74.3045 45.4807
      vertex 22.2 74.0769 44.7304
      vertex 19.7 74.0769 44.7304
    endloop
  endfacet
  facet normal 0 0.772956 -0.634459
    outer loop
      vertex 22.2 74.6741 46.1723
      vertex 19.7 75.1716 46.7784
      vertex 22.2 75.1716 46.7784
    endloop
  endfacet
  facet normal 0 0.772956 -0.634459
    outer loop
      vertex 19.7 75.1716 46.7784
      vertex 22.2 74.6741 46.1723
      vertex 19.7 74.6741 46.1723
    endloop
  endfacet
  facet normal 0 0.881957 0.471329
    outer loop
      vertex 22.2 74.6741 41.7277
      vertex 19.7 74.3045 42.4193
      vertex 22.2 74.3045 42.4193
    endloop
  endfacet
  facet normal 0 0.881957 0.471329
    outer loop
      vertex 19.7 74.3045 42.4193
      vertex 22.2 74.6741 41.7277
      vertex 19.7 74.6741 41.7277
    endloop
  endfacet
  facet normal 0 0.99518 0.0980643
    outer loop
      vertex 22.2 74.0769 43.1696
      vertex 19.7 74 43.95
      vertex 22.2 74 43.95
    endloop
  endfacet
  facet normal 0 0.99518 0.0980643
    outer loop
      vertex 19.7 74 43.95
      vertex 22.2 74.0769 43.1696
      vertex 19.7 74.0769 43.1696
    endloop
  endfacet
  facet normal -0 0.290283 0.956941
    outer loop
      vertex 19.7 77.2196 40.0269
      vertex 22.2 76.4693 40.2545
      vertex 22.2 77.2196 40.0269
    endloop
  endfacet
  facet normal 0 0.290283 0.956941
    outer loop
      vertex 22.2 76.4693 40.2545
      vertex 19.7 77.2196 40.0269
      vertex 19.7 76.4693 40.2545
    endloop
  endfacet
  facet normal -0 0.634459 0.772956
    outer loop
      vertex 19.7 75.7777 40.6241
      vertex 22.2 75.1716 41.1216
      vertex 22.2 75.7777 40.6241
    endloop
  endfacet
  facet normal 0 0.634459 0.772956
    outer loop
      vertex 22.2 75.1716 41.1216
      vertex 19.7 75.7777 40.6241
      vertex 19.7 75.1716 41.1216
    endloop
  endfacet
  facet normal -0 0.471329 0.881957
    outer loop
      vertex 19.7 76.4693 40.2545
      vertex 22.2 75.7777 40.6241
      vertex 22.2 76.4693 40.2545
    endloop
  endfacet
  facet normal 0 0.471329 0.881957
    outer loop
      vertex 22.2 75.7777 40.6241
      vertex 19.7 76.4693 40.2545
      vertex 19.7 75.7777 40.6241
    endloop
  endfacet
  facet normal -0 0.0980643 0.99518
    outer loop
      vertex 19.7 78 39.95
      vertex 22.2 77.2196 40.0269
      vertex 22.2 78 39.95
    endloop
  endfacet
  facet normal 0 0.0980643 0.99518
    outer loop
      vertex 22.2 77.2196 40.0269
      vertex 19.7 78 39.95
      vertex 19.7 77.2196 40.0269
    endloop
  endfacet
  facet normal 0 0.881957 -0.471329
    outer loop
      vertex 22.2 74.3045 45.4807
      vertex 19.7 74.6741 46.1723
      vertex 22.2 74.6741 46.1723
    endloop
  endfacet
  facet normal 0 0.881957 -0.471329
    outer loop
      vertex 19.7 74.6741 46.1723
      vertex 22.2 74.3045 45.4807
      vertex 19.7 74.3045 45.4807
    endloop
  endfacet
  facet normal 0 0.290283 -0.956941
    outer loop
      vertex 19.7 76.4693 47.6455
      vertex 22.2 77.2196 47.8731
      vertex 22.2 76.4693 47.6455
    endloop
  endfacet
  facet normal 0 0.290283 -0.956941
    outer loop
      vertex 22.2 77.2196 47.8731
      vertex 19.7 76.4693 47.6455
      vertex 19.7 77.2196 47.8731
    endloop
  endfacet
  facet normal 0 0.471329 -0.881957
    outer loop
      vertex 19.7 75.7777 47.2759
      vertex 22.2 76.4693 47.6455
      vertex 22.2 75.7777 47.2759
    endloop
  endfacet
  facet normal 0 0.471329 -0.881957
    outer loop
      vertex 22.2 76.4693 47.6455
      vertex 19.7 75.7777 47.2759
      vertex 19.7 76.4693 47.6455
    endloop
  endfacet
  facet normal 0 0.0980643 -0.99518
    outer loop
      vertex 19.7 77.2196 47.8731
      vertex 22.2 78 47.95
      vertex 22.2 77.2196 47.8731
    endloop
  endfacet
  facet normal 0 0.0980643 -0.99518
    outer loop
      vertex 22.2 78 47.95
      vertex 19.7 77.2196 47.8731
      vertex 19.7 78 47.95
    endloop
  endfacet
  facet normal 0 0.956941 0.290283
    outer loop
      vertex 22.2 74.3045 42.4193
      vertex 19.7 74.0769 43.1696
      vertex 22.2 74.0769 43.1696
    endloop
  endfacet
  facet normal 0 0.956941 0.290283
    outer loop
      vertex 19.7 74.0769 43.1696
      vertex 22.2 74.3045 42.4193
      vertex 19.7 74.3045 42.4193
    endloop
  endfacet
  facet normal 0 0.99518 -0.0980643
    outer loop
      vertex 22.2 74 43.95
      vertex 19.7 74.0769 44.7304
      vertex 22.2 74.0769 44.7304
    endloop
  endfacet
  facet normal 0 0.99518 -0.0980643
    outer loop
      vertex 19.7 74.0769 44.7304
      vertex 22.2 74 43.95
      vertex 19.7 74 43.95
    endloop
  endfacet
  facet normal 0 -0.0981906 -0.995168
    outer loop
      vertex 19.7 20 130.45
      vertex 22.2 20.7804 130.373
      vertex 22.2 20 130.45
    endloop
  endfacet
  facet normal -0 -0.0981906 -0.995168
    outer loop
      vertex 22.2 20.7804 130.373
      vertex 19.7 20 130.45
      vertex 19.7 20.7804 130.373
    endloop
  endfacet
  facet normal 0 -0.995175 0.0981141
    outer loop
      vertex 19.7 23.9231 125.67
      vertex 22.2 24 126.45
      vertex 19.7 24 126.45
    endloop
  endfacet
  facet normal 0 -0.995175 0.0981141
    outer loop
      vertex 22.2 24 126.45
      vertex 19.7 23.9231 125.67
      vertex 22.2 23.9231 125.67
    endloop
  endfacet
  facet normal 0 0.995175 -0.0981141
    outer loop
      vertex 22.2 16 126.45
      vertex 19.7 16.0769 127.23
      vertex 22.2 16.0769 127.23
    endloop
  endfacet
  facet normal 0 0.995175 -0.0981141
    outer loop
      vertex 19.7 16.0769 127.23
      vertex 22.2 16 126.45
      vertex 19.7 16 126.45
    endloop
  endfacet
  facet normal 0 0.772905 0.634522
    outer loop
      vertex 22.2 17.1716 123.622
      vertex 19.7 16.6741 124.228
      vertex 22.2 16.6741 124.228
    endloop
  endfacet
  facet normal 0 0.772905 0.634522
    outer loop
      vertex 19.7 16.6741 124.228
      vertex 22.2 17.1716 123.622
      vertex 19.7 17.1716 123.622
    endloop
  endfacet
  facet normal 0 -0.772905 -0.634522
    outer loop
      vertex 19.7 23.3259 128.672
      vertex 22.2 22.8284 129.278
      vertex 19.7 22.8284 129.278
    endloop
  endfacet
  facet normal 0 -0.772905 -0.634522
    outer loop
      vertex 22.2 22.8284 129.278
      vertex 19.7 23.3259 128.672
      vertex 22.2 23.3259 128.672
    endloop
  endfacet
  facet normal 0 -0.63484 0.772644
    outer loop
      vertex 19.7 22.8284 123.622
      vertex 22.2 22.2223 123.124
      vertex 22.2 22.8284 123.622
    endloop
  endfacet
  facet normal 0 -0.63484 0.772644
    outer loop
      vertex 22.2 22.2223 123.124
      vertex 19.7 22.8284 123.622
      vertex 19.7 22.2223 123.124
    endloop
  endfacet
  facet normal 0 -0.881787 0.471648
    outer loop
      vertex 19.7 23.3259 124.228
      vertex 22.2 23.6955 124.919
      vertex 19.7 23.6955 124.919
    endloop
  endfacet
  facet normal 0 -0.881787 0.471648
    outer loop
      vertex 22.2 23.6955 124.919
      vertex 19.7 23.3259 124.228
      vertex 22.2 23.3259 124.228
    endloop
  endfacet
  facet normal 0 0.63484 -0.772644
    outer loop
      vertex 19.7 17.1716 129.278
      vertex 22.2 17.7777 129.776
      vertex 22.2 17.1716 129.278
    endloop
  endfacet
  facet normal 0 0.63484 -0.772644
    outer loop
      vertex 22.2 17.7777 129.776
      vertex 19.7 17.1716 129.278
      vertex 19.7 17.7777 129.776
    endloop
  endfacet
  facet normal 0 0.471726 -0.881745
    outer loop
      vertex 19.7 17.7777 129.776
      vertex 22.2 18.4693 130.146
      vertex 22.2 17.7777 129.776
    endloop
  endfacet
  facet normal 0 0.471726 -0.881745
    outer loop
      vertex 22.2 18.4693 130.146
      vertex 19.7 17.7777 129.776
      vertex 19.7 18.4693 130.146
    endloop
  endfacet
  facet normal 0 -0.471726 -0.881745
    outer loop
      vertex 19.7 21.5307 130.146
      vertex 22.2 22.2223 129.776
      vertex 22.2 21.5307 130.146
    endloop
  endfacet
  facet normal -0 -0.471726 -0.881745
    outer loop
      vertex 22.2 22.2223 129.776
      vertex 19.7 21.5307 130.146
      vertex 19.7 22.2223 129.776
    endloop
  endfacet
  facet normal 0 -0.289582 -0.957153
    outer loop
      vertex 19.7 20.7804 130.373
      vertex 22.2 21.5307 130.146
      vertex 22.2 20.7804 130.373
    endloop
  endfacet
  facet normal -0 -0.289582 -0.957153
    outer loop
      vertex 22.2 21.5307 130.146
      vertex 19.7 20.7804 130.373
      vertex 19.7 21.5307 130.146
    endloop
  endfacet
  facet normal 0 -0.63484 -0.772644
    outer loop
      vertex 19.7 22.2223 129.776
      vertex 22.2 22.8284 129.278
      vertex 22.2 22.2223 129.776
    endloop
  endfacet
  facet normal -0 -0.63484 -0.772644
    outer loop
      vertex 22.2 22.8284 129.278
      vertex 19.7 22.2223 129.776
      vertex 19.7 22.8284 129.278
    endloop
  endfacet
  facet normal 0 -0.957016 -0.290036
    outer loop
      vertex 19.7 23.9231 127.23
      vertex 22.2 23.6955 127.981
      vertex 19.7 23.6955 127.981
    endloop
  endfacet
  facet normal 0 -0.957016 -0.290036
    outer loop
      vertex 22.2 23.6955 127.981
      vertex 19.7 23.9231 127.23
      vertex 22.2 23.9231 127.23
    endloop
  endfacet
  facet normal 0 -0.995175 -0.0981141
    outer loop
      vertex 19.7 24 126.45
      vertex 22.2 23.9231 127.23
      vertex 19.7 23.9231 127.23
    endloop
  endfacet
  facet normal 0 -0.995175 -0.0981141
    outer loop
      vertex 22.2 23.9231 127.23
      vertex 19.7 24 126.45
      vertex 22.2 24 126.45
    endloop
  endfacet
  facet normal 0 -0.881787 -0.471648
    outer loop
      vertex 19.7 23.6955 127.981
      vertex 22.2 23.3259 128.672
      vertex 19.7 23.3259 128.672
    endloop
  endfacet
  facet normal 0 -0.881787 -0.471648
    outer loop
      vertex 22.2 23.3259 128.672
      vertex 19.7 23.6955 127.981
      vertex 22.2 23.6955 127.981
    endloop
  endfacet
  facet normal 0 -0.289582 0.957153
    outer loop
      vertex 19.7 21.5307 122.754
      vertex 22.2 20.7804 122.527
      vertex 22.2 21.5307 122.754
    endloop
  endfacet
  facet normal 0 -0.289582 0.957153
    outer loop
      vertex 22.2 20.7804 122.527
      vertex 19.7 21.5307 122.754
      vertex 19.7 20.7804 122.527
    endloop
  endfacet
  facet normal 0 -0.471726 0.881745
    outer loop
      vertex 19.7 22.2223 123.124
      vertex 22.2 21.5307 122.754
      vertex 22.2 22.2223 123.124
    endloop
  endfacet
  facet normal 0 -0.471726 0.881745
    outer loop
      vertex 22.2 21.5307 122.754
      vertex 19.7 22.2223 123.124
      vertex 19.7 21.5307 122.754
    endloop
  endfacet
  facet normal 0 -0.0981906 0.995168
    outer loop
      vertex 19.7 20.7804 122.527
      vertex 22.2 20 122.45
      vertex 22.2 20.7804 122.527
    endloop
  endfacet
  facet normal 0 -0.0981906 0.995168
    outer loop
      vertex 22.2 20 122.45
      vertex 19.7 20.7804 122.527
      vertex 19.7 20 122.45
    endloop
  endfacet
  facet normal 0 -0.772905 0.634522
    outer loop
      vertex 19.7 22.8284 123.622
      vertex 22.2 23.3259 124.228
      vertex 19.7 23.3259 124.228
    endloop
  endfacet
  facet normal 0 -0.772905 0.634522
    outer loop
      vertex 22.2 23.3259 124.228
      vertex 19.7 22.8284 123.622
      vertex 22.2 22.8284 123.622
    endloop
  endfacet
  facet normal 0 -0.957016 0.290036
    outer loop
      vertex 19.7 23.6955 124.919
      vertex 22.2 23.9231 125.67
      vertex 19.7 23.9231 125.67
    endloop
  endfacet
  facet normal 0 -0.957016 0.290036
    outer loop
      vertex 22.2 23.9231 125.67
      vertex 19.7 23.6955 124.919
      vertex 22.2 23.6955 124.919
    endloop
  endfacet
  facet normal 0 0.957016 -0.290036
    outer loop
      vertex 22.2 16.0769 127.23
      vertex 19.7 16.3045 127.981
      vertex 22.2 16.3045 127.981
    endloop
  endfacet
  facet normal 0 0.957016 -0.290036
    outer loop
      vertex 19.7 16.3045 127.981
      vertex 22.2 16.0769 127.23
      vertex 19.7 16.0769 127.23
    endloop
  endfacet
  facet normal 0 0.772905 -0.634522
    outer loop
      vertex 22.2 16.6741 128.672
      vertex 19.7 17.1716 129.278
      vertex 22.2 17.1716 129.278
    endloop
  endfacet
  facet normal 0 0.772905 -0.634522
    outer loop
      vertex 19.7 17.1716 129.278
      vertex 22.2 16.6741 128.672
      vertex 19.7 16.6741 128.672
    endloop
  endfacet
  facet normal 0 0.881787 0.471648
    outer loop
      vertex 22.2 16.6741 124.228
      vertex 19.7 16.3045 124.919
      vertex 22.2 16.3045 124.919
    endloop
  endfacet
  facet normal 0 0.881787 0.471648
    outer loop
      vertex 19.7 16.3045 124.919
      vertex 22.2 16.6741 124.228
      vertex 19.7 16.6741 124.228
    endloop
  endfacet
  facet normal 0 0.995175 0.0981141
    outer loop
      vertex 22.2 16.0769 125.67
      vertex 19.7 16 126.45
      vertex 22.2 16 126.45
    endloop
  endfacet
  facet normal 0 0.995175 0.0981141
    outer loop
      vertex 19.7 16 126.45
      vertex 22.2 16.0769 125.67
      vertex 19.7 16.0769 125.67
    endloop
  endfacet
  facet normal -0 0.63484 0.772644
    outer loop
      vertex 19.7 17.7777 123.124
      vertex 22.2 17.1716 123.622
      vertex 22.2 17.7777 123.124
    endloop
  endfacet
  facet normal 0 0.63484 0.772644
    outer loop
      vertex 22.2 17.1716 123.622
      vertex 19.7 17.7777 123.124
      vertex 19.7 17.1716 123.622
    endloop
  endfacet
  facet normal -0 0.289582 0.957153
    outer loop
      vertex 19.7 19.2196 122.527
      vertex 22.2 18.4693 122.754
      vertex 22.2 19.2196 122.527
    endloop
  endfacet
  facet normal 0 0.289582 0.957153
    outer loop
      vertex 22.2 18.4693 122.754
      vertex 19.7 19.2196 122.527
      vertex 19.7 18.4693 122.754
    endloop
  endfacet
  facet normal -0 0.0981906 0.995168
    outer loop
      vertex 19.7 20 122.45
      vertex 22.2 19.2196 122.527
      vertex 22.2 20 122.45
    endloop
  endfacet
  facet normal 0 0.0981906 0.995168
    outer loop
      vertex 22.2 19.2196 122.527
      vertex 19.7 20 122.45
      vertex 19.7 19.2196 122.527
    endloop
  endfacet
  facet normal 0 0.881787 -0.471648
    outer loop
      vertex 22.2 16.3045 127.981
      vertex 19.7 16.6741 128.672
      vertex 22.2 16.6741 128.672
    endloop
  endfacet
  facet normal 0 0.881787 -0.471648
    outer loop
      vertex 19.7 16.6741 128.672
      vertex 22.2 16.3045 127.981
      vertex 19.7 16.3045 127.981
    endloop
  endfacet
  facet normal 0 0.289582 -0.957153
    outer loop
      vertex 19.7 18.4693 130.146
      vertex 22.2 19.2196 130.373
      vertex 22.2 18.4693 130.146
    endloop
  endfacet
  facet normal 0 0.289582 -0.957153
    outer loop
      vertex 22.2 19.2196 130.373
      vertex 19.7 18.4693 130.146
      vertex 19.7 19.2196 130.373
    endloop
  endfacet
  facet normal 0 0.0981906 -0.995168
    outer loop
      vertex 19.7 19.2196 130.373
      vertex 22.2 20 130.45
      vertex 22.2 19.2196 130.373
    endloop
  endfacet
  facet normal 0 0.0981906 -0.995168
    outer loop
      vertex 22.2 20 130.45
      vertex 19.7 19.2196 130.373
      vertex 19.7 20 130.45
    endloop
  endfacet
  facet normal 0 0.957016 0.290036
    outer loop
      vertex 22.2 16.3045 124.919
      vertex 19.7 16.0769 125.67
      vertex 22.2 16.0769 125.67
    endloop
  endfacet
  facet normal 0 0.957016 0.290036
    outer loop
      vertex 19.7 16.0769 125.67
      vertex 22.2 16.3045 124.919
      vertex 19.7 16.3045 124.919
    endloop
  endfacet
  facet normal -0 0.471726 0.881745
    outer loop
      vertex 19.7 18.4693 122.754
      vertex 22.2 17.7777 123.124
      vertex 22.2 18.4693 122.754
    endloop
  endfacet
  facet normal 0 0.471726 0.881745
    outer loop
      vertex 22.2 17.7777 123.124
      vertex 19.7 18.4693 122.754
      vertex 19.7 17.7777 123.124
    endloop
  endfacet
  facet normal 0 -0.0981906 -0.995168
    outer loop
      vertex 19.7 78 130.45
      vertex 22.2 78.7804 130.373
      vertex 22.2 78 130.45
    endloop
  endfacet
  facet normal -0 -0.0981906 -0.995168
    outer loop
      vertex 22.2 78.7804 130.373
      vertex 19.7 78 130.45
      vertex 19.7 78.7804 130.373
    endloop
  endfacet
  facet normal 0 -0.995175 0.0981141
    outer loop
      vertex 19.7 81.9231 125.67
      vertex 22.2 82 126.45
      vertex 19.7 82 126.45
    endloop
  endfacet
  facet normal 0 -0.995175 0.0981141
    outer loop
      vertex 22.2 82 126.45
      vertex 19.7 81.9231 125.67
      vertex 22.2 81.9231 125.67
    endloop
  endfacet
  facet normal 0 -0.772905 -0.634522
    outer loop
      vertex 19.7 81.3259 128.672
      vertex 22.2 80.8284 129.278
      vertex 19.7 80.8284 129.278
    endloop
  endfacet
  facet normal 0 -0.772905 -0.634522
    outer loop
      vertex 22.2 80.8284 129.278
      vertex 19.7 81.3259 128.672
      vertex 22.2 81.3259 128.672
    endloop
  endfacet
  facet normal 0 -0.63484 0.772644
    outer loop
      vertex 19.7 80.8284 123.622
      vertex 22.2 80.2223 123.124
      vertex 22.2 80.8284 123.622
    endloop
  endfacet
  facet normal 0 -0.63484 0.772644
    outer loop
      vertex 22.2 80.2223 123.124
      vertex 19.7 80.8284 123.622
      vertex 19.7 80.2223 123.124
    endloop
  endfacet
  facet normal 0 -0.881787 0.471648
    outer loop
      vertex 19.7 81.3259 124.228
      vertex 22.2 81.6955 124.919
      vertex 19.7 81.6955 124.919
    endloop
  endfacet
  facet normal 0 -0.881787 0.471648
    outer loop
      vertex 22.2 81.6955 124.919
      vertex 19.7 81.3259 124.228
      vertex 22.2 81.3259 124.228
    endloop
  endfacet
  facet normal 0 0.471726 -0.881745
    outer loop
      vertex 19.7 75.7777 129.776
      vertex 22.2 76.4693 130.146
      vertex 22.2 75.7777 129.776
    endloop
  endfacet
  facet normal 0 0.471726 -0.881745
    outer loop
      vertex 22.2 76.4693 130.146
      vertex 19.7 75.7777 129.776
      vertex 19.7 76.4693 130.146
    endloop
  endfacet
  facet normal 0 0.772905 0.634522
    outer loop
      vertex 22.2 75.1716 123.622
      vertex 19.7 74.6741 124.228
      vertex 22.2 74.6741 124.228
    endloop
  endfacet
  facet normal 0 0.772905 0.634522
    outer loop
      vertex 19.7 74.6741 124.228
      vertex 22.2 75.1716 123.622
      vertex 19.7 75.1716 123.622
    endloop
  endfacet
  facet normal 0 -0.471726 -0.881745
    outer loop
      vertex 19.7 79.5307 130.146
      vertex 22.2 80.2223 129.776
      vertex 22.2 79.5307 130.146
    endloop
  endfacet
  facet normal -0 -0.471726 -0.881745
    outer loop
      vertex 22.2 80.2223 129.776
      vertex 19.7 79.5307 130.146
      vertex 19.7 80.2223 129.776
    endloop
  endfacet
  facet normal 0 -0.289582 -0.957153
    outer loop
      vertex 19.7 78.7804 130.373
      vertex 22.2 79.5307 130.146
      vertex 22.2 78.7804 130.373
    endloop
  endfacet
  facet normal -0 -0.289582 -0.957153
    outer loop
      vertex 22.2 79.5307 130.146
      vertex 19.7 78.7804 130.373
      vertex 19.7 79.5307 130.146
    endloop
  endfacet
  facet normal 0 -0.63484 -0.772644
    outer loop
      vertex 19.7 80.2223 129.776
      vertex 22.2 80.8284 129.278
      vertex 22.2 80.2223 129.776
    endloop
  endfacet
  facet normal -0 -0.63484 -0.772644
    outer loop
      vertex 22.2 80.8284 129.278
      vertex 19.7 80.2223 129.776
      vertex 19.7 80.8284 129.278
    endloop
  endfacet
  facet normal 0 -0.957016 -0.290036
    outer loop
      vertex 19.7 81.9231 127.23
      vertex 22.2 81.6955 127.981
      vertex 19.7 81.6955 127.981
    endloop
  endfacet
  facet normal 0 -0.957016 -0.290036
    outer loop
      vertex 22.2 81.6955 127.981
      vertex 19.7 81.9231 127.23
      vertex 22.2 81.9231 127.23
    endloop
  endfacet
  facet normal 0 -0.995175 -0.0981141
    outer loop
      vertex 19.7 82 126.45
      vertex 22.2 81.9231 127.23
      vertex 19.7 81.9231 127.23
    endloop
  endfacet
  facet normal 0 -0.995175 -0.0981141
    outer loop
      vertex 22.2 81.9231 127.23
      vertex 19.7 82 126.45
      vertex 22.2 82 126.45
    endloop
  endfacet
  facet normal 0 -0.881787 -0.471648
    outer loop
      vertex 19.7 81.6955 127.981
      vertex 22.2 81.3259 128.672
      vertex 19.7 81.3259 128.672
    endloop
  endfacet
  facet normal 0 -0.881787 -0.471648
    outer loop
      vertex 22.2 81.3259 128.672
      vertex 19.7 81.6955 127.981
      vertex 22.2 81.6955 127.981
    endloop
  endfacet
  facet normal 0 -0.289582 0.957153
    outer loop
      vertex 19.7 79.5307 122.754
      vertex 22.2 78.7804 122.527
      vertex 22.2 79.5307 122.754
    endloop
  endfacet
  facet normal 0 -0.289582 0.957153
    outer loop
      vertex 22.2 78.7804 122.527
      vertex 19.7 79.5307 122.754
      vertex 19.7 78.7804 122.527
    endloop
  endfacet
  facet normal 0 -0.471726 0.881745
    outer loop
      vertex 19.7 80.2223 123.124
      vertex 22.2 79.5307 122.754
      vertex 22.2 80.2223 123.124
    endloop
  endfacet
  facet normal 0 -0.471726 0.881745
    outer loop
      vertex 22.2 79.5307 122.754
      vertex 19.7 80.2223 123.124
      vertex 19.7 79.5307 122.754
    endloop
  endfacet
  facet normal 0 -0.0981906 0.995168
    outer loop
      vertex 19.7 78.7804 122.527
      vertex 22.2 78 122.45
      vertex 22.2 78.7804 122.527
    endloop
  endfacet
  facet normal 0 -0.0981906 0.995168
    outer loop
      vertex 22.2 78 122.45
      vertex 19.7 78.7804 122.527
      vertex 19.7 78 122.45
    endloop
  endfacet
  facet normal 0 -0.772905 0.634522
    outer loop
      vertex 19.7 80.8284 123.622
      vertex 22.2 81.3259 124.228
      vertex 19.7 81.3259 124.228
    endloop
  endfacet
  facet normal 0 -0.772905 0.634522
    outer loop
      vertex 22.2 81.3259 124.228
      vertex 19.7 80.8284 123.622
      vertex 22.2 80.8284 123.622
    endloop
  endfacet
  facet normal 0 -0.957016 0.290036
    outer loop
      vertex 19.7 81.6955 124.919
      vertex 22.2 81.9231 125.67
      vertex 19.7 81.9231 125.67
    endloop
  endfacet
  facet normal 0 -0.957016 0.290036
    outer loop
      vertex 22.2 81.9231 125.67
      vertex 19.7 81.6955 124.919
      vertex 22.2 81.6955 124.919
    endloop
  endfacet
  facet normal 0 0.957016 -0.290036
    outer loop
      vertex 22.2 74.0769 127.23
      vertex 19.7 74.3045 127.981
      vertex 22.2 74.3045 127.981
    endloop
  endfacet
  facet normal 0 0.957016 -0.290036
    outer loop
      vertex 19.7 74.3045 127.981
      vertex 22.2 74.0769 127.23
      vertex 19.7 74.0769 127.23
    endloop
  endfacet
  facet normal 0 0.772905 -0.634522
    outer loop
      vertex 22.2 74.6741 128.672
      vertex 19.7 75.1716 129.278
      vertex 22.2 75.1716 129.278
    endloop
  endfacet
  facet normal 0 0.772905 -0.634522
    outer loop
      vertex 19.7 75.1716 129.278
      vertex 22.2 74.6741 128.672
      vertex 19.7 74.6741 128.672
    endloop
  endfacet
  facet normal 0 0.881787 0.471648
    outer loop
      vertex 22.2 74.6741 124.228
      vertex 19.7 74.3045 124.919
      vertex 22.2 74.3045 124.919
    endloop
  endfacet
  facet normal 0 0.881787 0.471648
    outer loop
      vertex 19.7 74.3045 124.919
      vertex 22.2 74.6741 124.228
      vertex 19.7 74.6741 124.228
    endloop
  endfacet
  facet normal 0 0.995175 0.0981141
    outer loop
      vertex 22.2 74.0769 125.67
      vertex 19.7 74 126.45
      vertex 22.2 74 126.45
    endloop
  endfacet
  facet normal 0 0.995175 0.0981141
    outer loop
      vertex 19.7 74 126.45
      vertex 22.2 74.0769 125.67
      vertex 19.7 74.0769 125.67
    endloop
  endfacet
  facet normal -0 0.289582 0.957153
    outer loop
      vertex 19.7 77.2196 122.527
      vertex 22.2 76.4693 122.754
      vertex 22.2 77.2196 122.527
    endloop
  endfacet
  facet normal 0 0.289582 0.957153
    outer loop
      vertex 22.2 76.4693 122.754
      vertex 19.7 77.2196 122.527
      vertex 19.7 76.4693 122.754
    endloop
  endfacet
  facet normal -0 0.63484 0.772644
    outer loop
      vertex 19.7 75.7777 123.124
      vertex 22.2 75.1716 123.622
      vertex 22.2 75.7777 123.124
    endloop
  endfacet
  facet normal 0 0.63484 0.772644
    outer loop
      vertex 22.2 75.1716 123.622
      vertex 19.7 75.7777 123.124
      vertex 19.7 75.1716 123.622
    endloop
  endfacet
  facet normal -0 0.471726 0.881745
    outer loop
      vertex 19.7 76.4693 122.754
      vertex 22.2 75.7777 123.124
      vertex 22.2 76.4693 122.754
    endloop
  endfacet
  facet normal 0 0.471726 0.881745
    outer loop
      vertex 22.2 75.7777 123.124
      vertex 19.7 76.4693 122.754
      vertex 19.7 75.7777 123.124
    endloop
  endfacet
  facet normal -0 0.0981906 0.995168
    outer loop
      vertex 19.7 78 122.45
      vertex 22.2 77.2196 122.527
      vertex 22.2 78 122.45
    endloop
  endfacet
  facet normal 0 0.0981906 0.995168
    outer loop
      vertex 22.2 77.2196 122.527
      vertex 19.7 78 122.45
      vertex 19.7 77.2196 122.527
    endloop
  endfacet
  facet normal 0 0.881787 -0.471648
    outer loop
      vertex 22.2 74.3045 127.981
      vertex 19.7 74.6741 128.672
      vertex 22.2 74.6741 128.672
    endloop
  endfacet
  facet normal 0 0.881787 -0.471648
    outer loop
      vertex 19.7 74.6741 128.672
      vertex 22.2 74.3045 127.981
      vertex 19.7 74.3045 127.981
    endloop
  endfacet
  facet normal 0 0.63484 -0.772644
    outer loop
      vertex 19.7 75.1716 129.278
      vertex 22.2 75.7777 129.776
      vertex 22.2 75.1716 129.278
    endloop
  endfacet
  facet normal 0 0.63484 -0.772644
    outer loop
      vertex 22.2 75.7777 129.776
      vertex 19.7 75.1716 129.278
      vertex 19.7 75.7777 129.776
    endloop
  endfacet
  facet normal 0 0.289582 -0.957153
    outer loop
      vertex 19.7 76.4693 130.146
      vertex 22.2 77.2196 130.373
      vertex 22.2 76.4693 130.146
    endloop
  endfacet
  facet normal 0 0.289582 -0.957153
    outer loop
      vertex 22.2 77.2196 130.373
      vertex 19.7 76.4693 130.146
      vertex 19.7 77.2196 130.373
    endloop
  endfacet
  facet normal 0 0.0981906 -0.995168
    outer loop
      vertex 19.7 77.2196 130.373
      vertex 22.2 78 130.45
      vertex 22.2 77.2196 130.373
    endloop
  endfacet
  facet normal 0 0.0981906 -0.995168
    outer loop
      vertex 22.2 78 130.45
      vertex 19.7 77.2196 130.373
      vertex 19.7 78 130.45
    endloop
  endfacet
  facet normal 0 0.957016 0.290036
    outer loop
      vertex 22.2 74.3045 124.919
      vertex 19.7 74.0769 125.67
      vertex 22.2 74.0769 125.67
    endloop
  endfacet
  facet normal 0 0.957016 0.290036
    outer loop
      vertex 19.7 74.0769 125.67
      vertex 22.2 74.3045 124.919
      vertex 19.7 74.3045 124.919
    endloop
  endfacet
  facet normal 0 0.995175 -0.0981141
    outer loop
      vertex 22.2 74 126.45
      vertex 19.7 74.0769 127.23
      vertex 22.2 74.0769 127.23
    endloop
  endfacet
  facet normal 0 0.995175 -0.0981141
    outer loop
      vertex 19.7 74.0769 127.23
      vertex 22.2 74 126.45
      vertex 19.7 74 126.45
    endloop
  endfacet
  facet normal 1 -0 0
    outer loop
      vertex 53.5 94 33.95
      vertex 53.5 138 31.45
      vertex 53.5 138 33.95
    endloop
  endfacet
  facet normal 1 0 0
    outer loop
      vertex 53.5 138 31.45
      vertex 53.5 94 33.95
      vertex 53.5 94 31.45
    endloop
  endfacet
  facet normal 1 -0 0
    outer loop
      vertex 53.5 94 138.85
      vertex 53.5 138 136.35
      vertex 53.5 138 138.85
    endloop
  endfacet
  facet normal 1 0 0
    outer loop
      vertex 53.5 138 136.35
      vertex 53.5 94 138.85
      vertex 53.5 94 136.35
    endloop
  endfacet
endsolid OpenSCAD_Model
