solid OpenSCAD_Model
  facet normal -1 0 0
    outer loop
      vertex 0.0216684 12.338 184.34
      vertex 0.0216684 -0.314834 185.225
      vertex 0.0216684 -0.295566 185.445
    endloop
  endfacet
  facet normal -1 0 0
    outer loop
      vertex 0.0216684 -3.78968 0
      vertex 0.0216684 -0.314834 185.225
      vertex 0.0216684 12.338 184.34
    endloop
  endfacet
  facet normal -1 0 0
    outer loop
      vertex 0.0216684 -0.314834 185.225
      vertex 0.0216684 -3.78968 0
      vertex 0.0216684 -16.5199 0
    endloop
  endfacet
  facet normal 1 -0 0
    outer loop
      vertex 247.578 -0.314834 185.225
      vertex 247.578 12.338 184.34
      vertex 247.578 -0.295566 185.445
    endloop
  endfacet
  facet normal 1 0 0
    outer loop
      vertex 247.578 -0.314834 185.225
      vertex 247.578 -3.78968 0
      vertex 247.578 12.338 184.34
    endloop
  endfacet
  facet normal 1 0 -0
    outer loop
      vertex 247.578 -3.78968 0
      vertex 247.578 -0.314834 185.225
      vertex 247.578 -16.5199 0
    endloop
  endfacet
  facet normal 0.8344 0.0480674 0.549059
    outer loop
      vertex 246.701 -0.101219 187.666
      vertex 246.579 12.5483 186.744
      vertex 246.579 -0.0851989 187.85
    endloop
  endfacet
  facet normal 0.831279 0.0483789 0.553747
    outer loop
      vertex 246.579 12.5483 186.744
      vertex 246.701 -0.101219 187.666
      vertex 247.069 12.4844 186.014
    endloop
  endfacet
  facet normal 0.830574 0.0485363 0.554789
    outer loop
      vertex 246.946 -0.133106 187.302
      vertex 247.069 12.4844 186.014
      vertex 246.701 -0.101219 187.666
    endloop
  endfacet
  facet normal 0.830935 0.0484782 0.554253
    outer loop
      vertex 247.069 12.4844 186.014
      vertex 246.946 -0.133106 187.302
      vertex 247.069 -0.149126 187.119
    endloop
  endfacet
  facet normal -0.980789 0.0169975 0.194329
    outer loop
      vertex 0.150638 -0.239056 186.091
      vertex 0.193768 12.4134 185.202
      vertex 0.0216684 12.338 184.34
    endloop
  endfacet
  facet normal -0.980785 0.0169991 0.194352
    outer loop
      vertex 0.193768 12.4134 185.202
      vertex 0.150638 -0.239056 186.091
      vertex 0.193768 -0.220159 186.307
    endloop
  endfacet
  facet normal -0.980793 0.0169946 0.194309
    outer loop
      vertex 0.0216684 12.338 184.34
      vertex 0.0647973 -0.276669 185.661
      vertex 0.150638 -0.239056 186.091
    endloop
  endfacet
  facet normal -0.980786 0.0169986 0.194347
    outer loop
      vertex 0.0647973 -0.276669 185.661
      vertex 0.0216684 12.338 184.34
      vertex 0.0216684 -0.295566 185.445
    endloop
  endfacet
  facet normal -0.831228 0.0484373 0.553817
    outer loop
      vertex 0.898633 -0.101219 187.666
      vertex 1.02145 12.5483 186.744
      vertex 0.531354 12.4844 186.014
    endloop
  endfacet
  facet normal -0.832702 0.0482908 0.551611
    outer loop
      vertex 1.02145 12.5483 186.744
      vertex 0.898633 -0.101219 187.666
      vertex 1.02145 -0.0851989 187.85
    endloop
  endfacet
  facet normal -0.831144 0.0484561 0.553942
    outer loop
      vertex 0.531354 12.4844 186.014
      vertex 0.654175 -0.133106 187.302
      vertex 0.898633 -0.101219 187.666
    endloop
  endfacet
  facet normal -0.831309 0.0484294 0.553696
    outer loop
      vertex 0.654175 -0.133106 187.302
      vertex 0.531354 12.4844 186.014
      vertex 0.531354 -0.149126 187.119
    endloop
  endfacet
  facet normal 0.925185 0.0330684 0.378073
    outer loop
      vertex 247.153 -0.166927 186.915
      vertex 247.069 12.4844 186.014
      vertex 247.069 -0.149126 187.119
    endloop
  endfacet
  facet normal 0.92413 0.0332435 0.38063
    outer loop
      vertex 247.069 12.4844 186.014
      vertex 247.153 -0.166927 186.915
      vertex 247.406 12.4134 185.202
    endloop
  endfacet
  facet normal 0.923395 0.0334976 0.382387
    outer loop
      vertex 247.322 -0.202358 186.51
      vertex 247.406 12.4134 185.202
      vertex 247.153 -0.166927 186.915
    endloop
  endfacet
  facet normal 0.924533 0.0332066 0.379653
    outer loop
      vertex 247.406 12.4134 185.202
      vertex 247.322 -0.202358 186.51
      vertex 247.406 -0.220159 186.307
    endloop
  endfacet
  facet normal 0.708449 0.0614952 0.703078
    outer loop
      vertex 246.111 -0.044457 188.315
      vertex 245.955 12.6027 187.366
      vertex 245.955 -0.0308331 188.471
    endloop
  endfacet
  facet normal 0.707319 0.0615661 0.704209
    outer loop
      vertex 245.955 12.6027 187.366
      vertex 246.111 -0.044457 188.315
      vertex 246.579 12.5483 186.744
    endloop
  endfacet
  facet normal 0.707316 0.0615666 0.704212
    outer loop
      vertex 246.422 -0.071575 188.005
      vertex 246.579 12.5483 186.744
      vertex 246.111 -0.044457 188.315
    endloop
  endfacet
  facet normal 0.703927 0.0619439 0.707566
    outer loop
      vertex 246.579 12.5483 186.744
      vertex 246.422 -0.071575 188.005
      vertex 246.579 -0.0851989 187.85
    endloop
  endfacet
  facet normal -0.923895 0.0333259 0.381192
    outer loop
      vertex 0.446753 -0.166927 186.915
      vertex 0.531354 12.4844 186.014
      vertex 0.193768 12.4134 185.202
    endloop
  endfacet
  facet normal -0.92423 0.0332706 0.380385
    outer loop
      vertex 0.531354 12.4844 186.014
      vertex 0.446753 -0.166927 186.915
      vertex 0.531354 -0.149126 187.119
    endloop
  endfacet
  facet normal -0.92389 0.0333276 0.381204
    outer loop
      vertex 0.193768 12.4134 185.202
      vertex 0.278369 -0.202357 186.51
      vertex 0.446753 -0.166927 186.915
    endloop
  endfacet
  facet normal -0.92357 0.0334093 0.381971
    outer loop
      vertex 0.278369 -0.202357 186.51
      vertex 0.193768 12.4134 185.202
      vertex 0.193768 -0.220159 186.307
    endloop
  endfacet
  facet normal -0.707443 0.061576 0.704083
    outer loop
      vertex 1.48891 -0.0444571 188.315
      vertex 1.64523 12.6027 187.366
      vertex 1.02145 12.5483 186.744
    endloop
  endfacet
  facet normal -0.707725 0.0615584 0.703801
    outer loop
      vertex 1.64523 12.6027 187.366
      vertex 1.48891 -0.0444571 188.315
      vertex 1.64523 -0.0308331 188.471
    endloop
  endfacet
  facet normal -0.707157 0.0616221 0.704367
    outer loop
      vertex 1.02145 12.5483 186.744
      vertex 1.17777 -0.0715749 188.005
      vertex 1.48891 -0.0444571 188.315
    endloop
  endfacet
  facet normal -0.705467 0.0618105 0.706042
    outer loop
      vertex 1.17777 -0.0715749 188.005
      vertex 1.02145 12.5483 186.744
      vertex 1.02145 -0.0851989 187.85
    endloop
  endfacet
  facet normal 0.980897 0.0169498 0.193788
    outer loop
      vertex 247.449 -0.239056 186.091
      vertex 247.406 12.4134 185.202
      vertex 247.406 -0.220159 186.307
    endloop
  endfacet
  facet normal 0.980811 0.0169799 0.194222
    outer loop
      vertex 247.406 12.4134 185.202
      vertex 247.449 -0.239056 186.091
      vertex 247.578 12.338 184.34
    endloop
  endfacet
  facet normal 0.980724 0.017041 0.194654
    outer loop
      vertex 247.535 -0.276669 185.661
      vertex 247.578 12.338 184.34
      vertex 247.449 -0.239056 186.091
    endloop
  endfacet
  facet normal 0.980897 0.0169498 0.193788
    outer loop
      vertex 247.578 12.338 184.34
      vertex 247.535 -0.276669 185.661
      vertex 247.578 -0.295566 185.445
    endloop
  endfacet
  facet normal 0.382001 0.0805251 0.920647
    outer loop
      vertex 245.221 12.6454 187.854
      vertex 245.017 0.0192552 189.043
      vertex 245.221 0.0118819 188.959
    endloop
  endfacet
  facet normal 0.383594 0.0804376 0.919992
    outer loop
      vertex 245.221 12.6454 187.854
      vertex 244.611 0.0339311 189.211
      vertex 245.017 0.0192552 189.043
    endloop
  endfacet
  facet normal 0.382393 0.0805111 0.920486
    outer loop
      vertex 244.406 0.0413044 189.295
      vertex 245.221 12.6454 187.854
      vertex 244.406 12.6748 188.19
    endloop
  endfacet
  facet normal 0.380407 0.0807313 0.921289
    outer loop
      vertex 245.221 12.6454 187.854
      vertex 244.406 0.0413044 189.295
      vertex 244.611 0.0339311 189.211
    endloop
  endfacet
  facet normal 0.55408 0.072535 0.829297
    outer loop
      vertex 245.955 12.6027 187.366
      vertex 245.771 -0.0201286 188.593
      vertex 245.955 -0.0308331 188.471
    endloop
  endfacet
  facet normal 0.556159 0.0723707 0.827919
    outer loop
      vertex 245.955 12.6027 187.366
      vertex 245.405 0.00117726 188.837
      vertex 245.771 -0.0201286 188.593
    endloop
  endfacet
  facet normal 0.555117 0.0724749 0.828609
    outer loop
      vertex 245.221 0.0118819 188.959
      vertex 245.955 12.6027 187.366
      vertex 245.221 12.6454 187.854
    endloop
  endfacet
  facet normal 0.55408 0.0726215 0.82929
    outer loop
      vertex 245.955 12.6027 187.366
      vertex 245.221 0.0118819 188.959
      vertex 245.405 0.00117726 188.837
    endloop
  endfacet
  facet normal 0 0.0871332 0.996197
    outer loop
      vertex 243.541 12.6898 188.362
      vertex 243.32 0.0563039 189.467
      vertex 243.541 0.0563039 189.467
    endloop
  endfacet
  facet normal 0 0.0871332 0.996197
    outer loop
      vertex 243.541 12.6898 188.362
      vertex 4.28 0.0563039 189.467
      vertex 243.32 0.0563039 189.467
    endloop
  endfacet
  facet normal -0 0.0871332 0.996197
    outer loop
      vertex 4.05892 12.6898 188.362
      vertex 4.28 0.0563039 189.467
      vertex 243.541 12.6898 188.362
    endloop
  endfacet
  facet normal 0 0.0871332 0.996197
    outer loop
      vertex 4.28 0.0563039 189.467
      vertex 4.05892 12.6898 188.362
      vertex 4.05892 0.0563039 189.467
    endloop
  endfacet
  facet normal 0.19509 0.085459 0.977055
    outer loop
      vertex 244.406 12.6748 188.19
      vertex 244.189 0.0450632 189.338
      vertex 244.406 0.0413044 189.295
    endloop
  endfacet
  facet normal 0.196389 0.0854134 0.976799
    outer loop
      vertex 244.406 12.6748 188.19
      vertex 243.758 0.052545 189.424
      vertex 244.189 0.0450632 189.338
    endloop
  endfacet
  facet normal 0.195738 0.0854592 0.976926
    outer loop
      vertex 243.541 12.6898 188.362
      vertex 243.758 0.052545 189.424
      vertex 244.406 12.6748 188.19
    endloop
  endfacet
  facet normal 0.19509 0.085459 0.977055
    outer loop
      vertex 243.758 0.052545 189.424
      vertex 243.541 12.6898 188.362
      vertex 243.541 0.0563039 189.467
    endloop
  endfacet
  facet normal -0.195246 0.0854563 0.977024
    outer loop
      vertex 4.05892 12.6898 188.362
      vertex 3.8421 0.052545 189.424
      vertex 4.05892 0.0563039 189.467
    endloop
  endfacet
  facet normal -0.195694 0.0854564 0.976934
    outer loop
      vertex 3.19372 12.6748 188.19
      vertex 3.8421 0.052545 189.424
      vertex 4.05892 12.6898 188.362
    endloop
  endfacet
  facet normal -0.196144 0.0854248 0.976847
    outer loop
      vertex 3.8421 0.052545 189.424
      vertex 3.19372 12.6748 188.19
      vertex 3.41054 0.0450632 189.338
    endloop
  endfacet
  facet normal -0.195246 0.0854563 0.977024
    outer loop
      vertex 3.41054 0.0450632 189.338
      vertex 3.19372 12.6748 188.19
      vertex 3.19372 0.0413044 189.295
    endloop
  endfacet
  facet normal -0.382389 0.0805112 0.920487
    outer loop
      vertex 2.37871 12.6454 187.854
      vertex 3.19372 0.0413044 189.295
      vertex 3.19372 12.6748 188.19
    endloop
  endfacet
  facet normal -0.381617 0.0805969 0.9208
    outer loop
      vertex 3.19372 0.0413044 189.295
      vertex 2.37871 12.6454 187.854
      vertex 2.98948 0.0339311 189.211
    endloop
  endfacet
  facet normal -0.383175 0.0804531 0.920165
    outer loop
      vertex 2.98948 0.0339311 189.211
      vertex 2.37871 12.6454 187.854
      vertex 2.58296 0.0192552 189.043
    endloop
  endfacet
  facet normal -0.381601 0.0805395 0.920812
    outer loop
      vertex 2.58296 0.0192552 189.043
      vertex 2.37871 12.6454 187.854
      vertex 2.37871 0.0118819 188.959
    endloop
  endfacet
  facet normal -0.555389 0.0724591 0.828428
    outer loop
      vertex 1.64523 12.6027 187.366
      vertex 2.37871 0.0118819 188.959
      vertex 2.37871 12.6454 187.854
    endloop
  endfacet
  facet normal -0.554477 0.0725881 0.829027
    outer loop
      vertex 2.37871 0.0118819 188.959
      vertex 1.64523 12.6027 187.366
      vertex 2.1949 0.00117737 188.837
    endloop
  endfacet
  facet normal -0.556306 0.0723674 0.82782
    outer loop
      vertex 2.1949 0.00117737 188.837
      vertex 1.64523 12.6027 187.366
      vertex 1.82904 -0.0201286 188.593
    endloop
  endfacet
  facet normal -0.554477 0.072512 0.829034
    outer loop
      vertex 1.82904 -0.0201286 188.593
      vertex 1.64523 12.6027 187.366
      vertex 1.64523 -0.0308331 188.471
    endloop
  endfacet
  facet normal 0 0.995981 -0.0895671
    outer loop
      vertex 243.32 0.0563039 189.467
      vertex 4.5 0.0581924 189.488
      vertex 243.1 0.0581924 189.488
    endloop
  endfacet
  facet normal 0 0.995981 -0.0895671
    outer loop
      vertex 4.5 0.0581924 189.488
      vertex 243.32 0.0563039 189.467
      vertex 4.28 0.0563039 189.467
    endloop
  endfacet
  facet normal -0.000644027 0.996195 -0.0871556
    outer loop
      vertex 0.0216684 -16.5199 0
      vertex 0 -0.334008 185.006
      vertex 0.0216684 -0.314834 185.225
    endloop
  endfacet
  facet normal 0 0.996195 -0.0871556
    outer loop
      vertex 0 -0.334008 185.006
      vertex 0.0216684 -16.5199 0
      vertex 0 -16.5199 0
    endloop
  endfacet
  facet normal -4.18367e-05 0.996215 -0.0869247
    outer loop
      vertex 2.98948 0.0339311 189.211
      vertex 2.58296 0.0192552 189.043
      vertex 2.77792 0.0283379 189.147
    endloop
  endfacet
  facet normal -0.000913308 0.996228 -0.0867718
    outer loop
      vertex 0.446753 -0.166927 186.915
      vertex 0.278369 -0.202357 186.51
      vertex 0.342542 -0.18392 186.721
    endloop
  endfacet
  facet normal -0.000230089 0.996137 -0.0878147
    outer loop
      vertex 244.189 0.0450632 189.338
      vertex 243.758 0.052545 189.424
      vertex 243.978 0.0506564 189.402
    endloop
  endfacet
  facet normal 0.000230368 0.996137 -0.0878176
    outer loop
      vertex 3.8421 0.052545 189.424
      vertex 3.41054 0.0450632 189.338
      vertex 3.62209 0.0506564 189.402
    endloop
  endfacet
  facet normal 0 0.996195 -0.0871556
    outer loop
      vertex 247.578 -16.5199 0
      vertex 247.6 -0.334008 185.006
      vertex 247.6 -16.5199 0
    endloop
  endfacet
  facet normal 0.00063432 0.996195 -0.0871556
    outer loop
      vertex 247.6 -0.334008 185.006
      vertex 247.578 -16.5199 0
      vertex 247.578 -0.314834 185.225
    endloop
  endfacet
  facet normal -0.000813183 0.996182 -0.0873007
    outer loop
      vertex 247.535 -0.276669 185.661
      vertex 247.449 -0.239056 186.091
      vertex 247.514 -0.257494 185.88
    endloop
  endfacet
  facet normal -3.76968e-05 0.996214 -0.0869325
    outer loop
      vertex 2.1949 0.00117737 188.837
      vertex 1.82904 -0.0201286 188.593
      vertex 1.99993 -0.00790534 188.733
    endloop
  endfacet
  facet normal 4.21054e-05 0.996215 -0.0869241
    outer loop
      vertex 245.017 0.0192552 189.043
      vertex 244.611 0.0339311 189.211
      vertex 244.822 0.0283379 189.147
    endloop
  endfacet
  facet normal 6.44629e-05 0.996189 -0.0872244
    outer loop
      vertex 246.946 -0.133106 187.302
      vertex 246.701 -0.101219 187.666
      vertex 246.842 -0.116113 187.496
    endloop
  endfacet
  facet normal 0.000912657 0.996228 -0.0867731
    outer loop
      vertex 247.322 -0.202358 186.51
      vertex 247.153 -0.166927 186.915
      vertex 247.257 -0.18392 186.721
    endloop
  endfacet
  facet normal -6.57011e-05 0.996189 -0.0872237
    outer loop
      vertex 0.898633 -0.101219 187.666
      vertex 0.654175 -0.133106 187.302
      vertex 0.758387 -0.116113 187.496
    endloop
  endfacet
  facet normal 0.000765691 0.996128 -0.0879066
    outer loop
      vertex 1.48891 -0.0444571 188.315
      vertex 1.17777 -0.0715749 188.005
      vertex 1.31802 -0.0566805 188.175
    endloop
  endfacet
  facet normal 0.000840827 0.996181 -0.0873059
    outer loop
      vertex 0.150638 -0.239056 186.091
      vertex 0.0647973 -0.276669 185.661
      vertex 0.0864658 -0.257494 185.88
    endloop
  endfacet
  facet normal 3.61133e-05 0.996214 -0.0869343
    outer loop
      vertex 245.771 -0.0201286 188.593
      vertex 245.405 0.00117726 188.837
      vertex 245.6 -0.00790534 188.733
    endloop
  endfacet
  facet normal -0.000761034 0.996129 -0.0879023
    outer loop
      vertex 246.422 -0.071575 188.005
      vertex 246.111 -0.044457 188.315
      vertex 246.282 -0.0566805 188.175
    endloop
  endfacet
  facet normal -0.000477496 -0.996187 0.0872478
    outer loop
      vertex 0.0647973 -0.276669 185.661
      vertex 0.0216684 -0.295566 185.445
      vertex 0.0216684 -0.314834 185.225
    endloop
  endfacet
  facet normal 0.000956709 -0.996211 0.0869636
    outer loop
      vertex 0.278369 -0.202357 186.51
      vertex 0.193768 -0.220159 186.307
      vertex 0.150638 -0.239056 186.091
    endloop
  endfacet
  facet normal 0.00109236 -0.996253 0.0864798
    outer loop
      vertex 0.654175 -0.133106 187.302
      vertex 0.531354 -0.149126 187.119
      vertex 0.446753 -0.166927 186.915
    endloop
  endfacet
  facet normal 0.0024279 -0.996367 0.0851289
    outer loop
      vertex 1.17777 -0.0715749 188.005
      vertex 1.02145 -0.0851989 187.85
      vertex 0.898633 -0.101219 187.666
    endloop
  endfacet
  facet normal 0.000806498 -0.996278 0.0862001
    outer loop
      vertex 1.82904 -0.0201286 188.593
      vertex 1.64523 -0.0308331 188.471
      vertex 1.48891 -0.0444571 188.315
    endloop
  endfacet
  facet normal 3.80543e-05 -0.996178 0.0873493
    outer loop
      vertex 2.58296 0.0192552 189.043
      vertex 2.37871 0.0118819 188.959
      vertex 2.1949 0.00117737 188.837
    endloop
  endfacet
  facet normal -0.000138659 -0.99614 0.0877757
    outer loop
      vertex 3.41054 0.0450632 189.338
      vertex 3.19372 0.0413044 189.295
      vertex 2.98948 0.0339311 189.211
    endloop
  endfacet
  facet normal 0 -0.996201 0.0870842
    outer loop
      vertex 4.28 0.0563039 189.467
      vertex 4.05892 0.0563039 189.467
      vertex 3.8421 0.052545 189.424
    endloop
  endfacet
  facet normal 0 -0.996201 0.0870842
    outer loop
      vertex 243.758 0.052545 189.424
      vertex 243.541 0.0563039 189.467
      vertex 243.32 0.0563039 189.467
    endloop
  endfacet
  facet normal 0.000138918 -0.99614 0.0877776
    outer loop
      vertex 244.611 0.0339311 189.211
      vertex 244.406 0.0413044 189.295
      vertex 244.189 0.0450632 189.338
    endloop
  endfacet
  facet normal -3.72658e-05 -0.996178 0.0873514
    outer loop
      vertex 245.405 0.00117726 188.837
      vertex 245.221 0.0118819 188.959
      vertex 245.017 0.0192552 189.043
    endloop
  endfacet
  facet normal -0.000802028 -0.996277 0.0862055
    outer loop
      vertex 246.111 -0.044457 188.315
      vertex 245.955 -0.0308331 188.471
      vertex 245.771 -0.0201286 188.593
    endloop
  endfacet
  facet normal -0.0023648 -0.996363 0.0851811
    outer loop
      vertex 246.701 -0.101219 187.666
      vertex 246.579 -0.0851989 187.85
      vertex 246.422 -0.071575 188.005
    endloop
  endfacet
  facet normal -0.00107589 -0.996252 0.0864898
    outer loop
      vertex 247.153 -0.166927 186.915
      vertex 247.069 -0.149126 187.119
      vertex 246.946 -0.133106 187.302
    endloop
  endfacet
  facet normal -0.000944363 -0.996211 0.0869666
    outer loop
      vertex 247.449 -0.239056 186.091
      vertex 247.406 -0.220159 186.307
      vertex 247.322 -0.202358 186.51
    endloop
  endfacet
  facet normal 0.000478928 -0.996187 0.0872478
    outer loop
      vertex 247.578 -0.314834 185.225
      vertex 247.578 -0.295566 185.445
      vertex 247.535 -0.276669 185.661
    endloop
  endfacet
  facet normal -0.0418218 -0.864178 0.501445
    outer loop
      vertex 5.4 -6.08073 178.984
      vertex 4.28 0.0563039 189.467
      vertex 3.8421 0.052545 189.424
    endloop
  endfacet
  facet normal -0.042712 -0.864203 0.501327
    outer loop
      vertex 5.4 -6.08073 178.984
      vertex 3.8421 0.052545 189.424
      vertex 3.62209 0.0506564 189.402
    endloop
  endfacet
  facet normal -0.0404602 -0.864163 0.501582
    outer loop
      vertex 4.28 0.0563039 189.467
      vertex 5.4 -6.08073 178.984
      vertex 4.5 0.0581924 189.488
    endloop
  endfacet
  facet normal 0.704433 -0.696482 0.136703
    outer loop
      vertex 247.514 -0.257494 185.88
      vertex 243.181 -6.15089 178.182
      vertex 244.162 -5.13769 178.289
    endloop
  endfacet
  facet normal -0.777241 -0.626809 0.0548385
    outer loop
      vertex 0 -16.5199 0
      vertex 3.4 -5.17169 177.9
      vertex 0 -0.334008 185.006
    endloop
  endfacet
  facet normal -0.777242 -0.626808 0.0548385
    outer loop
      vertex 3.4 -5.17169 177.9
      vertex 0 -16.5199 0
      vertex 3.4 -20.7359 0
    endloop
  endfacet
  facet normal 0 -0.863364 0.504582
    outer loop
      vertex 5.4 -6.08073 178.984
      vertex 243.1 0.0581924 189.488
      vertex 4.5 0.0581924 189.488
    endloop
  endfacet
  facet normal 0 -0.863364 0.504582
    outer loop
      vertex 243.1 0.0581924 189.488
      vertex 5.4 -6.08073 178.984
      vertex 242.2 -6.08073 178.984
    endloop
  endfacet
  facet normal 0.0404602 -0.864163 0.501582
    outer loop
      vertex 242.2 -6.08073 178.984
      vertex 243.32 0.0563039 189.467
      vertex 243.1 0.0581924 189.488
    endloop
  endfacet
  facet normal 0.0418124 -0.864178 0.501446
    outer loop
      vertex 243.32 0.0563039 189.467
      vertex 242.2 -6.08073 178.984
      vertex 243.758 0.052545 189.424
    endloop
  endfacet
  facet normal 0.0427139 -0.864203 0.501326
    outer loop
      vertex 243.758 0.052545 189.424
      vertex 242.2 -6.08073 178.984
      vertex 243.978 0.0506564 189.402
    endloop
  endfacet
  facet normal 0.596469 -0.763186 0.248539
    outer loop
      vertex 247.514 -0.257494 185.88
      vertex 243.124 -6.13454 178.369
      vertex 243.181 -6.15089 178.182
    endloop
  endfacet
  facet normal 0.705466 -0.696755 0.129813
    outer loop
      vertex 243.181 -6.15089 178.182
      vertex 244.2 -5.17169 177.9
      vertex 244.162 -5.13769 178.289
    endloop
  endfacet
  facet normal 0.705449 -0.696832 0.129486
    outer loop
      vertex 244.2 -5.17169 177.9
      vertex 243.181 -6.15089 178.182
      vertex 243.2 -6.16789 177.987
    endloop
  endfacet
  facet normal -0.388857 -0.833203 0.393145
    outer loop
      vertex 4.69289 -6.10626 178.692
      vertex 1.31802 -0.0566805 188.175
      vertex 4.56853 -6.11947 178.541
    endloop
  endfacet
  facet normal -0.123083 -0.863668 0.488802
    outer loop
      vertex 5.20491 -6.08241 178.964
      vertex 3.62209 0.0506564 189.402
      vertex 5.01732 -6.08737 178.908
    endloop
  endfacet
  facet normal -0.707104 -0.704419 0.0616286
    outer loop
      vertex 3.4 -20.7359 0
      vertex 4.4 -6.16789 177.987
      vertex 3.4 -5.17169 177.9
    endloop
  endfacet
  facet normal -0.707135 -0.704388 0.0616262
    outer loop
      vertex 4.4 -6.16789 177.987
      vertex 3.4 -20.7359 0
      vertex 4.4 -21.7398 0
    endloop
  endfacet
  facet normal -0.71044 -0.691489 0.130834
    outer loop
      vertex 3.4 -5.17169 177.9
      vertex 0.0216684 -0.314834 185.225
      vertex 0 -0.334008 185.006
    endloop
  endfacet
  facet normal -0.710435 -0.691494 0.130838
    outer loop
      vertex 0.0647973 -0.276669 185.661
      vertex 3.4 -5.17169 177.9
      vertex 0.0864658 -0.257494 185.88
    endloop
  endfacet
  facet normal -0.710468 -0.691466 0.130806
    outer loop
      vertex 0.0216684 -0.314834 185.225
      vertex 3.4 -5.17169 177.9
      vertex 0.0647973 -0.276669 185.661
    endloop
  endfacet
  facet normal -0.70543 -0.696648 0.13058
    outer loop
      vertex 3.4 -5.17169 177.9
      vertex 4.41921 -6.15089 178.182
      vertex 3.43843 -5.13769 178.289
    endloop
  endfacet
  facet normal -0.705413 -0.69673 0.130233
    outer loop
      vertex 4.41921 -6.15089 178.182
      vertex 3.4 -5.17169 177.9
      vertex 4.4 -6.16789 177.987
    endloop
  endfacet
  facet normal 0.597266 -0.762789 0.247842
    outer loop
      vertex 243.124 -6.13454 178.369
      vertex 247.449 -0.239056 186.091
      vertex 247.322 -0.202358 186.51
    endloop
  endfacet
  facet normal 0.594913 -0.763917 0.250021
    outer loop
      vertex 247.449 -0.239056 186.091
      vertex 243.124 -6.13454 178.369
      vertex 247.514 -0.257494 185.88
    endloop
  endfacet
  facet normal 0.594808 -0.764006 0.249996
    outer loop
      vertex 243.124 -6.13454 178.369
      vertex 247.322 -0.202358 186.51
      vertex 247.257 -0.18392 186.721
    endloop
  endfacet
  facet normal 0.707104 -0.704419 0.0616286
    outer loop
      vertex 243.2 -6.16789 177.987
      vertex 244.2 -20.7359 0
      vertex 244.2 -5.17169 177.9
    endloop
  endfacet
  facet normal 0.707135 -0.704388 0.0616262
    outer loop
      vertex 244.2 -20.7359 0
      vertex 243.2 -6.16789 177.987
      vertex 243.2 -21.7398 0
    endloop
  endfacet
  facet normal 0.710697 -0.691269 0.130602
    outer loop
      vertex 244.2 -5.17169 177.9
      vertex 247.578 -0.314834 185.225
      vertex 247.535 -0.276669 185.661
    endloop
  endfacet
  facet normal 0.709435 -0.692322 0.131882
    outer loop
      vertex 247.578 -0.314834 185.225
      vertex 244.2 -5.17169 177.9
      vertex 247.6 -0.334008 185.006
    endloop
  endfacet
  facet normal 0.71265 -0.68961 0.128717
    outer loop
      vertex 244.2 -5.17169 177.9
      vertex 247.535 -0.276669 185.661
      vertex 247.514 -0.257494 185.88
    endloop
  endfacet
  facet normal 0.711433 -0.690651 0.129863
    outer loop
      vertex 247.514 -0.257494 185.88
      vertex 244.162 -5.13769 178.289
      vertex 244.2 -5.17169 177.9
    endloop
  endfacet
  facet normal -0.296071 -0.84955 0.436585
    outer loop
      vertex 4.84443 -6.09542 178.816
      vertex 1.82904 -0.0201286 188.593
      vertex 1.48891 -0.0444571 188.315
    endloop
  endfacet
  facet normal -0.296688 -0.849472 0.436318
    outer loop
      vertex 4.84443 -6.09542 178.816
      vertex 1.48891 -0.0444571 188.315
      vertex 1.31802 -0.0566805 188.175
    endloop
  endfacet
  facet normal -0.296703 -0.849459 0.436334
    outer loop
      vertex 1.82904 -0.0201286 188.593
      vertex 4.84443 -6.09542 178.816
      vertex 1.99993 -0.00790534 188.733
    endloop
  endfacet
  facet normal -0.124531 -0.86359 0.488573
    outer loop
      vertex 5.01732 -6.08737 178.908
      vertex 3.41054 0.0450632 189.338
      vertex 2.98948 0.0339311 189.211
    endloop
  endfacet
  facet normal -0.124943 -0.86358 0.488486
    outer loop
      vertex 5.01732 -6.08737 178.908
      vertex 2.98948 0.0339311 189.211
      vertex 2.77792 0.0283379 189.147
    endloop
  endfacet
  facet normal -0.124953 -0.863572 0.488497
    outer loop
      vertex 3.41054 0.0450632 189.338
      vertex 5.01732 -6.08737 178.908
      vertex 3.62209 0.0506564 189.402
    endloop
  endfacet
  facet normal -0.20874 -0.859028 0.467438
    outer loop
      vertex 5.01732 -6.08737 178.908
      vertex 1.99993 -0.00790534 188.733
      vertex 4.84443 -6.09542 178.816
    endloop
  endfacet
  facet normal -0.296373 -0.849509 0.43646
    outer loop
      vertex 4.84443 -6.09542 178.816
      vertex 1.31802 -0.0566805 188.175
      vertex 4.69289 -6.10626 178.692
    endloop
  endfacet
  facet normal -0.0439334 -0.864248 0.501145
    outer loop
      vertex 5.4 -6.08073 178.984
      vertex 3.62209 0.0506564 189.402
      vertex 5.20491 -6.08241 178.964
    endloop
  endfacet
  facet normal 0.389036 -0.83317 0.393037
    outer loop
      vertex 243.031 -6.11947 178.541
      vertex 246.701 -0.101219 187.666
      vertex 246.422 -0.071575 188.005
    endloop
  endfacet
  facet normal 0.387091 -0.833579 0.394089
    outer loop
      vertex 246.701 -0.101219 187.666
      vertex 243.031 -6.11947 178.541
      vertex 246.842 -0.116113 187.496
    endloop
  endfacet
  facet normal 0.388774 -0.83323 0.39317
    outer loop
      vertex 243.031 -6.11947 178.541
      vertex 246.422 -0.071575 188.005
      vertex 246.282 -0.0566805 188.175
    endloop
  endfacet
  facet normal 0.389564 -0.833042 0.392785
    outer loop
      vertex 246.282 -0.0566805 188.175
      vertex 242.907 -6.10626 178.692
      vertex 243.031 -6.11947 178.541
    endloop
  endfacet
  facet normal 0.297157 -0.849412 0.436115
    outer loop
      vertex 246.282 -0.0566805 188.175
      vertex 242.756 -6.09542 178.816
      vertex 242.907 -6.10626 178.692
    endloop
  endfacet
  facet normal 0.777241 -0.626809 0.0548385
    outer loop
      vertex 244.2 -5.17169 177.9
      vertex 247.6 -16.5199 0
      vertex 247.6 -0.334008 185.006
    endloop
  endfacet
  facet normal 0.777242 -0.626808 0.0548385
    outer loop
      vertex 247.6 -16.5199 0
      vertex 244.2 -5.17169 177.9
      vertex 244.2 -20.7359 0
    endloop
  endfacet
  facet normal -0.596363 -0.763233 0.248649
    outer loop
      vertex 4.47612 -6.13454 178.369
      vertex 0.278369 -0.202357 186.51
      vertex 0.150638 -0.239056 186.091
    endloop
  endfacet
  facet normal -0.596875 -0.762979 0.2482
    outer loop
      vertex 0.278369 -0.202357 186.51
      vertex 4.47612 -6.13454 178.369
      vertex 0.342542 -0.18392 186.721
    endloop
  endfacet
  facet normal -0.596852 -0.762998 0.248196
    outer loop
      vertex 4.47612 -6.13454 178.369
      vertex 0.150638 -0.239056 186.091
      vertex 0.0864658 -0.257494 185.88
    endloop
  endfacet
  facet normal -0.209232 -0.859 0.46727
    outer loop
      vertex 5.01732 -6.08737 178.908
      vertex 2.1949 0.00117737 188.837
      vertex 1.99993 -0.00790534 188.733
    endloop
  endfacet
  facet normal -0.209258 -0.858979 0.467297
    outer loop
      vertex 2.58296 0.0192552 189.043
      vertex 5.01732 -6.08737 178.908
      vertex 2.77792 0.0283379 189.147
    endloop
  endfacet
  facet normal -0.208205 -0.859068 0.467603
    outer loop
      vertex 2.1949 0.00117737 188.837
      vertex 5.01732 -6.08737 178.908
      vertex 2.58296 0.0192552 189.043
    endloop
  endfacet
  facet normal -0.00038955 -0.996166 0.0874778
    outer loop
      vertex 4.4 -6.16789 177.987
      vertex 5.4 -6.08073 178.984
      vertex 5.20491 -6.08241 178.964
    endloop
  endfacet
  facet normal 0 -0.996195 0.0871522
    outer loop
      vertex 5.4 -6.08073 178.984
      vertex 59.2199 -6.91805 169.413
      vertex 242.2 -6.08073 178.984
    endloop
  endfacet
  facet normal 0.000425593 -0.996225 0.0868114
    outer loop
      vertex 4.4 -6.16789 177.987
      vertex 5.20491 -6.08241 178.964
      vertex 5.01732 -6.08737 178.908
    endloop
  endfacet
  facet normal 0 -0.996195 0.0871522
    outer loop
      vertex 188.38 -6.91805 169.413
      vertex 242.2 -6.08073 178.984
      vertex 59.2199 -6.91805 169.413
    endloop
  endfacet
  facet normal 6.03917e-05 -0.996204 0.0870543
    outer loop
      vertex 4.4 -6.16789 177.987
      vertex 5.01732 -6.08737 178.908
      vertex 4.84443 -6.09542 178.816
    endloop
  endfacet
  facet normal 4.10825e-07 -0.996195 0.0871499
    outer loop
      vertex 205.547 -6.9456 169.098
      vertex 242.2 -6.08073 178.984
      vertex 188.38 -6.91805 169.413
    endloop
  endfacet
  facet normal 1.13016e-06 -0.996201 0.0870859
    outer loop
      vertex 4.4 -6.16789 177.987
      vertex 4.84443 -6.09542 178.816
      vertex 4.69289 -6.10626 178.692
    endloop
  endfacet
  facet normal 6.42193e-07 -0.996195 0.0871491
    outer loop
      vertex 222.055 -7.02721 168.165
      vertex 242.2 -6.08073 178.984
      vertex 205.547 -6.9456 169.098
    endloop
  endfacet
  facet normal 0.000158669 -0.996206 0.0870209
    outer loop
      vertex 4.4 -6.16789 177.987
      vertex 4.69289 -6.10626 178.692
      vertex 4.56853 -6.11947 178.541
    endloop
  endfacet
  facet normal -6.45524e-05 -0.996185 0.0872696
    outer loop
      vertex 222.589 -7.0318 168.113
      vertex 242.2 -6.08073 178.984
      vertex 222.055 -7.02721 168.165
    endloop
  endfacet
  facet normal 0.000921402 -0.996226 0.0867906
    outer loop
      vertex 4.4 -6.16789 177.987
      vertex 4.56853 -6.11947 178.541
      vertex 4.47612 -6.13454 178.369
    endloop
  endfacet
  facet normal -2.56427e-06 -0.996194 0.0871586
    outer loop
      vertex 226.92 -7.06952 167.682
      vertex 242.2 -6.08073 178.984
      vertex 222.589 -7.0318 168.113
    endloop
  endfacet
  facet normal 0.00122784 -0.996231 0.08673
    outer loop
      vertex 4.4 -6.16789 177.987
      vertex 4.47612 -6.13454 178.369
      vertex 4.41921 -6.15089 178.182
    endloop
  endfacet
  facet normal -1.28929e-05 -0.996193 0.0871724
    outer loop
      vertex 227.433 -7.08309 167.527
      vertex 242.2 -6.08073 178.984
      vertex 226.92 -7.06952 167.682
    endloop
  endfacet
  facet normal -3.28658e-05 -0.996198 0.0871228
    outer loop
      vertex 18.5379 -7.19963 166.195
      vertex 5.4 -6.08073 178.984
      vertex 4.4 -6.16789 177.987
    endloop
  endfacet
  facet normal 8.98494e-06 -0.996196 0.0871445
    outer loop
      vertex 227.906 -7.10513 167.275
      vertex 242.2 -6.08073 178.984
      vertex 227.433 -7.08309 167.527
    endloop
  endfacet
  facet normal 7.64259e-06 -0.996196 0.0871461
    outer loop
      vertex 228.307 -7.13382 166.947
      vertex 242.2 -6.08073 178.984
      vertex 227.906 -7.10513 167.275
    endloop
  endfacet
  facet normal -4.10819e-07 -0.996195 0.0871499
    outer loop
      vertex 5.4 -6.08073 178.984
      vertex 42.0526 -6.9456 169.098
      vertex 59.2199 -6.91805 169.413
    endloop
  endfacet
  facet normal -6.42204e-07 -0.996195 0.0871491
    outer loop
      vertex 5.4 -6.08073 178.984
      vertex 25.5449 -7.02721 168.165
      vertex 42.0526 -6.9456 169.098
    endloop
  endfacet
  facet normal 6.45729e-05 -0.996185 0.0872696
    outer loop
      vertex 5.4 -6.08073 178.984
      vertex 25.0111 -7.0318 168.113
      vertex 25.5449 -7.02721 168.165
    endloop
  endfacet
  facet normal 2.56442e-06 -0.996194 0.0871586
    outer loop
      vertex 5.4 -6.08073 178.984
      vertex 20.6804 -7.06952 167.682
      vertex 25.0111 -7.0318 168.113
    endloop
  endfacet
  facet normal 1.28875e-05 -0.996193 0.0871724
    outer loop
      vertex 5.4 -6.08073 178.984
      vertex 20.1671 -7.08309 167.527
      vertex 20.6804 -7.06952 167.682
    endloop
  endfacet
  facet normal -8.98379e-06 -0.996196 0.0871445
    outer loop
      vertex 5.4 -6.08073 178.984
      vertex 19.694 -7.10513 167.275
      vertex 20.1671 -7.08309 167.527
    endloop
  endfacet
  facet normal -7.64164e-06 -0.996196 0.0871461
    outer loop
      vertex 5.4 -6.08073 178.984
      vertex 19.2929 -7.13382 166.947
      vertex 19.694 -7.10513 167.275
    endloop
  endfacet
  facet normal 2.04446e-06 -0.996195 0.0871572
    outer loop
      vertex 5.4 -6.08073 178.984
      vertex 18.8782 -7.16348 166.608
      vertex 19.2929 -7.13382 166.947
    endloop
  endfacet
  facet normal 2.20724e-05 -0.996193 0.0871788
    outer loop
      vertex 5.4 -6.08073 178.984
      vertex 18.5379 -7.19963 166.195
      vertex 18.8782 -7.16348 166.608
    endloop
  endfacet
  facet normal -3.05779e-05 -0.996197 0.0871255
    outer loop
      vertex 4.4 -6.16789 177.987
      vertex 17.9862 -7.25821 165.525
      vertex 18.5379 -7.19963 166.195
    endloop
  endfacet
  facet normal 1.13407e-05 -0.996193 0.0871709
    outer loop
      vertex 4.4 -6.16789 177.987
      vertex 17.5875 -7.32323 164.782
      vertex 17.9862 -7.25821 165.525
    endloop
  endfacet
  facet normal -9.14879e-05 -0.996202 0.087069
    outer loop
      vertex 4.4 -6.16789 177.987
      vertex 17.3346 -7.36446 164.31
      vertex 17.5875 -7.32323 164.782
    endloop
  endfacet
  facet normal 5.26315e-05 -0.99619 0.0872042
    outer loop
      vertex 4.4 -6.16789 177.987
      vertex 17.1789 -7.4092 163.799
      vertex 17.3346 -7.36446 164.31
    endloop
  endfacet
  facet normal -2.76333e-05 -0.996197 0.0871325
    outer loop
      vertex 4.4 -6.16789 177.987
      vertex 17.1263 -7.45573 163.267
      vertex 17.1789 -7.4092 163.799
    endloop
  endfacet
  facet normal 8.40719e-06 -0.996194 0.0871634
    outer loop
      vertex 4.4 -6.16789 177.987
      vertex 16.8047 -7.9507 157.61
      vertex 17.1263 -7.45573 163.267
    endloop
  endfacet
  facet normal -2.91882e-06 -0.996195 0.0871566
    outer loop
      vertex 4.4 -6.16789 177.987
      vertex 16.4198 -9.77538 136.754
      vertex 16.8047 -7.9507 157.61
    endloop
  endfacet
  facet normal -4.54362e-06 -0.996195 0.0871561
    outer loop
      vertex 4.4 -21.7398 0
      vertex 16.4198 -9.77538 136.754
      vertex 4.4 -6.16789 177.987
    endloop
  endfacet
  facet normal 7.58827e-07 -0.996195 0.0871556
    outer loop
      vertex 16.4198 -9.77538 136.754
      vertex 4.4 -21.7398 0
      vertex 16.4198 -18.2659 39.7068
    endloop
  endfacet
  facet normal 1.11561e-05 -0.996195 0.0871525
    outer loop
      vertex 16.4198 -18.2659 39.7068
      vertex 4.4 -21.7398 0
      vertex 16.8047 -20.0905 18.8507
    endloop
  endfacet
  facet normal 3.36561e-05 -0.996198 0.0871219
    outer loop
      vertex 4.4 -21.7398 0
      vertex 17.5875 -20.718 11.6787
      vertex 17.3346 -20.6768 12.1499
    endloop
  endfacet
  facet normal 0 -0.996194 0.08716
    outer loop
      vertex 59.2199 -21.1232 7.04742
      vertex 4.4 -21.7398 0
      vertex 188.38 -21.1232 7.04742
    endloop
  endfacet
  facet normal -2.14937e-06 -0.996193 0.0871766
    outer loop
      vertex 42.0526 -21.0956 7.36239
      vertex 4.4 -21.7398 0
      vertex 59.2199 -21.1232 7.04742
    endloop
  endfacet
  facet normal 8.82225e-07 -0.996194 0.0871612
    outer loop
      vertex 25.5449 -21.014 8.29519
      vertex 4.4 -21.7398 0
      vertex 42.0526 -21.0956 7.36239
    endloop
  endfacet
  facet normal -2.52793e-05 -0.996188 0.0872274
    outer loop
      vertex 25.0111 -21.0094 8.34757
      vertex 4.4 -21.7398 0
      vertex 25.5449 -21.014 8.29519
    endloop
  endfacet
  facet normal 5.42113e-06 -0.996195 0.0871522
    outer loop
      vertex 20.6804 -20.9717 8.77877
      vertex 4.4 -21.7398 0
      vertex 25.0111 -21.0094 8.34757
    endloop
  endfacet
  facet normal -3.34228e-05 -0.996189 0.0872237
    outer loop
      vertex 20.1671 -20.9581 8.9339
      vertex 4.4 -21.7398 0
      vertex 20.6804 -20.9717 8.77877
    endloop
  endfacet
  facet normal 4.52317e-05 -0.996201 0.0870859
    outer loop
      vertex 19.694 -20.9361 9.18581
      vertex 4.4 -21.7398 0
      vertex 20.1671 -20.9581 8.9339
    endloop
  endfacet
  facet normal -7.71414e-06 -0.996193 0.0871734
    outer loop
      vertex 19.2929 -20.9074 9.51375
      vertex 4.4 -21.7398 0
      vertex 19.694 -20.9361 9.18581
    endloop
  endfacet
  facet normal 6.57075e-05 -0.996203 0.0870594
    outer loop
      vertex 18.8782 -20.8778 9.85277
      vertex 4.4 -21.7398 0
      vertex 19.2929 -20.9074 9.51375
    endloop
  endfacet
  facet normal -5.89342e-05 -0.996187 0.0872411
    outer loop
      vertex 18.5379 -20.8416 10.2659
      vertex 4.4 -21.7398 0
      vertex 18.8782 -20.8778 9.85277
    endloop
  endfacet
  facet normal -9.67985e-06 -0.996193 0.0871738
    outer loop
      vertex 17.9862 -20.783 10.9355
      vertex 4.4 -21.7398 0
      vertex 18.5379 -20.8416 10.2659
    endloop
  endfacet
  facet normal 1.97251e-05 -0.996196 0.0871375
    outer loop
      vertex 17.5875 -20.718 11.6787
      vertex 4.4 -21.7398 0
      vertex 17.9862 -20.783 10.9355
    endloop
  endfacet
  facet normal -8.16624e-05 -0.996187 0.0872438
    outer loop
      vertex 17.1789 -20.632 12.6613
      vertex 4.4 -21.7398 0
      vertex 17.3346 -20.6768 12.1499
    endloop
  endfacet
  facet normal 6.51894e-05 -0.9962 0.0870967
    outer loop
      vertex 17.1263 -20.5855 13.1932
      vertex 4.4 -21.7398 0
      vertex 17.1789 -20.632 12.6613
    endloop
  endfacet
  facet normal -2.37478e-06 -0.996194 0.0871614
    outer loop
      vertex 16.8047 -20.0905 18.8507
      vertex 4.4 -21.7398 0
      vertex 17.1263 -20.5855 13.1932
    endloop
  endfacet
  facet normal -2.0437e-06 -0.996195 0.0871572
    outer loop
      vertex 228.722 -7.16348 166.608
      vertex 242.2 -6.08073 178.984
      vertex 228.307 -7.13382 166.947
    endloop
  endfacet
  facet normal -2.2081e-05 -0.996193 0.0871788
    outer loop
      vertex 229.062 -7.19963 166.195
      vertex 242.2 -6.08073 178.984
      vertex 228.722 -7.16348 166.608
    endloop
  endfacet
  facet normal 0.000389751 -0.996166 0.087478
    outer loop
      vertex 242.2 -6.08073 178.984
      vertex 243.2 -6.16789 177.987
      vertex 242.395 -6.08241 178.964
    endloop
  endfacet
  facet normal -1.13652e-06 -0.996201 0.0870858
    outer loop
      vertex 242.756 -6.09542 178.816
      vertex 243.2 -6.16789 177.987
      vertex 242.907 -6.10626 178.692
    endloop
  endfacet
  facet normal -0.000159663 -0.996207 0.0870205
    outer loop
      vertex 242.907 -6.10626 178.692
      vertex 243.2 -6.16789 177.987
      vertex 243.031 -6.11947 178.541
    endloop
  endfacet
  facet normal -0.00121861 -0.996231 0.0867322
    outer loop
      vertex 243.124 -6.13454 178.369
      vertex 243.2 -6.16789 177.987
      vertex 243.181 -6.15089 178.182
    endloop
  endfacet
  facet normal -0.000911307 -0.996226 0.0867929
    outer loop
      vertex 243.031 -6.11947 178.541
      vertex 243.2 -6.16789 177.987
      vertex 243.124 -6.13454 178.369
    endloop
  endfacet
  facet normal -0.000424378 -0.996225 0.0868123
    outer loop
      vertex 242.395 -6.08241 178.964
      vertex 243.2 -6.16789 177.987
      vertex 242.583 -6.08737 178.908
    endloop
  endfacet
  facet normal -6.03148e-05 -0.996204 0.0870544
    outer loop
      vertex 242.583 -6.08737 178.908
      vertex 243.2 -6.16789 177.987
      vertex 242.756 -6.09542 178.816
    endloop
  endfacet
  facet normal 3.28657e-05 -0.996198 0.0871228
    outer loop
      vertex 242.2 -6.08073 178.984
      vertex 229.062 -7.19963 166.195
      vertex 243.2 -6.16789 177.987
    endloop
  endfacet
  facet normal 3.0571e-05 -0.996197 0.0871255
    outer loop
      vertex 229.614 -7.25821 165.525
      vertex 243.2 -6.16789 177.987
      vertex 229.062 -7.19963 166.195
    endloop
  endfacet
  facet normal -1.1338e-05 -0.996193 0.0871709
    outer loop
      vertex 230.013 -7.32323 164.782
      vertex 243.2 -6.16789 177.987
      vertex 229.614 -7.25821 165.525
    endloop
  endfacet
  facet normal 9.1604e-05 -0.996202 0.0870689
    outer loop
      vertex 230.265 -7.36446 164.31
      vertex 243.2 -6.16789 177.987
      vertex 230.013 -7.32323 164.782
    endloop
  endfacet
  facet normal -5.26055e-05 -0.99619 0.0872042
    outer loop
      vertex 230.421 -7.4092 163.799
      vertex 243.2 -6.16789 177.987
      vertex 230.265 -7.36446 164.31
    endloop
  endfacet
  facet normal 2.76123e-05 -0.996197 0.0871325
    outer loop
      vertex 230.474 -7.45573 163.267
      vertex 243.2 -6.16789 177.987
      vertex 230.421 -7.4092 163.799
    endloop
  endfacet
  facet normal -8.40835e-06 -0.996194 0.0871634
    outer loop
      vertex 230.795 -7.9507 157.61
      vertex 243.2 -6.16789 177.987
      vertex 230.474 -7.45573 163.267
    endloop
  endfacet
  facet normal 2.91873e-06 -0.996195 0.0871566
    outer loop
      vertex 231.18 -9.77538 136.754
      vertex 243.2 -6.16789 177.987
      vertex 230.795 -7.9507 157.61
    endloop
  endfacet
  facet normal -7.58815e-07 -0.996195 0.0871556
    outer loop
      vertex 243.2 -21.7398 0
      vertex 231.18 -9.77538 136.754
      vertex 231.18 -18.2659 39.7068
    endloop
  endfacet
  facet normal -1.11557e-05 -0.996195 0.0871525
    outer loop
      vertex 243.2 -21.7398 0
      vertex 231.18 -18.2659 39.7068
      vertex 230.795 -20.0905 18.8507
    endloop
  endfacet
  facet normal 2.37508e-06 -0.996194 0.0871614
    outer loop
      vertex 243.2 -21.7398 0
      vertex 230.795 -20.0905 18.8507
      vertex 230.474 -20.5855 13.1932
    endloop
  endfacet
  facet normal -1.97209e-05 -0.996196 0.0871376
    outer loop
      vertex 243.2 -21.7398 0
      vertex 230.013 -20.718 11.6787
      vertex 229.614 -20.783 10.9355
    endloop
  endfacet
  facet normal 7.71495e-06 -0.996193 0.0871734
    outer loop
      vertex 243.2 -21.7398 0
      vertex 228.307 -20.9074 9.51375
      vertex 227.906 -20.9361 9.18581
    endloop
  endfacet
  facet normal 0 -0.996194 0.08716
    outer loop
      vertex 243.2 -21.7398 0
      vertex 188.38 -21.1232 7.04742
      vertex 4.4 -21.7398 0
    endloop
  endfacet
  facet normal 4.54354e-06 -0.996195 0.0871561
    outer loop
      vertex 231.18 -9.77538 136.754
      vertex 243.2 -21.7398 0
      vertex 243.2 -6.16789 177.987
    endloop
  endfacet
  facet normal -6.51448e-05 -0.9962 0.0870967
    outer loop
      vertex 230.421 -20.632 12.6613
      vertex 243.2 -21.7398 0
      vertex 230.474 -20.5855 13.1932
    endloop
  endfacet
  facet normal 8.16255e-05 -0.996187 0.0872437
    outer loop
      vertex 230.265 -20.6768 12.1499
      vertex 243.2 -21.7398 0
      vertex 230.421 -20.632 12.6613
    endloop
  endfacet
  facet normal -3.36956e-05 -0.996198 0.0871219
    outer loop
      vertex 230.013 -20.718 11.6787
      vertex 243.2 -21.7398 0
      vertex 230.265 -20.6768 12.1499
    endloop
  endfacet
  facet normal 9.67784e-06 -0.996193 0.0871738
    outer loop
      vertex 229.062 -20.8416 10.2659
      vertex 243.2 -21.7398 0
      vertex 229.614 -20.783 10.9355
    endloop
  endfacet
  facet normal 5.89534e-05 -0.996187 0.0872411
    outer loop
      vertex 228.722 -20.8778 9.85277
      vertex 243.2 -21.7398 0
      vertex 229.062 -20.8416 10.2659
    endloop
  endfacet
  facet normal -6.56864e-05 -0.996203 0.0870594
    outer loop
      vertex 228.307 -20.9074 9.51375
      vertex 243.2 -21.7398 0
      vertex 228.722 -20.8778 9.85277
    endloop
  endfacet
  facet normal -4.52367e-05 -0.996201 0.0870859
    outer loop
      vertex 227.433 -20.9581 8.9339
      vertex 243.2 -21.7398 0
      vertex 227.906 -20.9361 9.18581
    endloop
  endfacet
  facet normal 3.34356e-05 -0.996189 0.0872237
    outer loop
      vertex 226.92 -20.9717 8.77877
      vertex 243.2 -21.7398 0
      vertex 227.433 -20.9581 8.9339
    endloop
  endfacet
  facet normal -5.42083e-06 -0.996195 0.0871522
    outer loop
      vertex 222.589 -21.0094 8.34757
      vertex 243.2 -21.7398 0
      vertex 226.92 -20.9717 8.77877
    endloop
  endfacet
  facet normal 2.52717e-05 -0.996188 0.0872274
    outer loop
      vertex 222.055 -21.014 8.29519
      vertex 243.2 -21.7398 0
      vertex 222.589 -21.0094 8.34757
    endloop
  endfacet
  facet normal -8.8221e-07 -0.996194 0.0871612
    outer loop
      vertex 205.547 -21.0956 7.36239
      vertex 243.2 -21.7398 0
      vertex 222.055 -21.014 8.29519
    endloop
  endfacet
  facet normal 2.1494e-06 -0.996193 0.0871766
    outer loop
      vertex 188.38 -21.1232 7.04742
      vertex 243.2 -21.7398 0
      vertex 205.547 -21.0956 7.36239
    endloop
  endfacet
  facet normal 0.125253 -0.863575 0.488416
    outer loop
      vertex 242.395 -6.08241 178.964
      vertex 244.189 0.0450632 189.338
      vertex 243.978 0.0506564 189.402
    endloop
  endfacet
  facet normal 0.124264 -0.863609 0.488607
    outer loop
      vertex 244.189 0.0450632 189.338
      vertex 242.395 -6.08241 178.964
      vertex 244.611 0.0339311 189.211
    endloop
  endfacet
  facet normal 0.125244 -0.863593 0.488386
    outer loop
      vertex 244.611 0.0339311 189.211
      vertex 242.395 -6.08241 178.964
      vertex 244.822 0.0283379 189.147
    endloop
  endfacet
  facet normal 0.0439533 -0.864248 0.501141
    outer loop
      vertex 243.978 0.0506564 189.402
      vertex 242.2 -6.08073 178.984
      vertex 242.395 -6.08241 178.964
    endloop
  endfacet
  facet normal 0.488799 -0.806474 0.332678
    outer loop
      vertex 243.124 -6.13454 178.369
      vertex 246.946 -0.133106 187.302
      vertex 246.842 -0.116113 187.496
    endloop
  endfacet
  facet normal 0.488822 -0.806456 0.332689
    outer loop
      vertex 247.153 -0.166927 186.915
      vertex 243.124 -6.13454 178.369
      vertex 247.257 -0.18392 186.721
    endloop
  endfacet
  facet normal 0.489444 -0.806257 0.332256
    outer loop
      vertex 246.946 -0.133106 187.302
      vertex 243.124 -6.13454 178.369
      vertex 247.153 -0.166927 186.915
    endloop
  endfacet
  facet normal -0.488986 -0.806411 0.332558
    outer loop
      vertex 4.47612 -6.13454 178.369
      vertex 0.654175 -0.133106 187.302
      vertex 0.446753 -0.166927 186.915
    endloop
  endfacet
  facet normal -0.488366 -0.806608 0.332989
    outer loop
      vertex 4.47612 -6.13454 178.369
      vertex 0.446753 -0.166927 186.915
      vertex 0.342542 -0.18392 186.721
    endloop
  endfacet
  facet normal -0.488341 -0.806627 0.33298
    outer loop
      vertex 0.654175 -0.133106 187.302
      vertex 4.47612 -6.13454 178.369
      vertex 0.758387 -0.116113 187.496
    endloop
  endfacet
  facet normal -0.388922 -0.833193 0.393102
    outer loop
      vertex 4.56853 -6.11947 178.541
      vertex 1.17777 -0.0715749 188.005
      vertex 0.898633 -0.101219 187.666
    endloop
  endfacet
  facet normal -0.388368 -0.83331 0.393402
    outer loop
      vertex 4.56853 -6.11947 178.541
      vertex 0.898633 -0.101219 187.666
      vertex 0.758387 -0.116113 187.496
    endloop
  endfacet
  facet normal -0.388343 -0.833325 0.393394
    outer loop
      vertex 1.17777 -0.0715749 188.005
      vertex 4.56853 -6.11947 178.541
      vertex 1.31802 -0.0566805 188.175
    endloop
  endfacet
  facet normal -0.710657 -0.691305 0.13063
    outer loop
      vertex 3.43843 -5.13769 178.289
      vertex 0.0864658 -0.257494 185.88
      vertex 3.4 -5.17169 177.9
    endloop
  endfacet
  facet normal -0.596724 -0.763059 0.248319
    outer loop
      vertex 4.47612 -6.13454 178.369
      vertex 0.0864658 -0.257494 185.88
      vertex 4.41921 -6.15089 178.182
    endloop
  endfacet
  facet normal 0.208236 -0.859062 0.4676
    outer loop
      vertex 242.583 -6.08737 178.908
      vertex 245.405 0.00117726 188.837
      vertex 245.017 0.0192552 189.043
    endloop
  endfacet
  facet normal 0.209208 -0.858998 0.467284
    outer loop
      vertex 245.405 0.00117726 188.837
      vertex 242.583 -6.08737 178.908
      vertex 245.6 -0.00790534 188.733
    endloop
  endfacet
  facet normal 0.209224 -0.858979 0.467312
    outer loop
      vertex 242.583 -6.08737 178.908
      vertex 245.017 0.0192552 189.043
      vertex 244.822 0.0283379 189.147
    endloop
  endfacet
  facet normal 0.122864 -0.863609 0.488962
    outer loop
      vertex 244.822 0.0283379 189.147
      vertex 242.395 -6.08241 178.964
      vertex 242.583 -6.08737 178.908
    endloop
  endfacet
  facet normal 0.486811 -0.807156 0.333937
    outer loop
      vertex 246.842 -0.116113 187.496
      vertex 243.031 -6.11947 178.541
      vertex 243.124 -6.13454 178.369
    endloop
  endfacet
  facet normal -0.488285 -0.806646 0.333015
    outer loop
      vertex 4.56853 -6.11947 178.541
      vertex 0.758387 -0.116113 187.496
      vertex 4.47612 -6.13454 178.369
    endloop
  endfacet
  facet normal -0.704523 -0.696407 0.136618
    outer loop
      vertex 4.41921 -6.15089 178.182
      vertex 0.0864658 -0.257494 185.88
      vertex 3.43843 -5.13769 178.289
    endloop
  endfacet
  facet normal 0.296163 -0.849532 0.436558
    outer loop
      vertex 242.756 -6.09542 178.816
      vertex 246.111 -0.044457 188.315
      vertex 245.771 -0.0201286 188.593
    endloop
  endfacet
  facet normal 0.296554 -0.849483 0.436388
    outer loop
      vertex 246.111 -0.044457 188.315
      vertex 242.756 -6.09542 178.816
      vertex 246.282 -0.0566805 188.175
    endloop
  endfacet
  facet normal 0.296564 -0.849474 0.436398
    outer loop
      vertex 242.756 -6.09542 178.816
      vertex 245.771 -0.0201286 188.593
      vertex 245.6 -0.00790534 188.733
    endloop
  endfacet
  facet normal 0.208631 -0.859031 0.467482
    outer loop
      vertex 245.6 -0.00790534 188.733
      vertex 242.583 -6.08737 178.908
      vertex 242.756 -6.09542 178.816
    endloop
  endfacet
  facet normal -1 0 0
    outer loop
      vertex 244.593 -3.78968 0
      vertex 244.593 -4 20
      vertex 244.593 -2.03991 20
    endloop
  endfacet
  facet normal -1 -0 0
    outer loop
      vertex 244.593 -4 20
      vertex 244.593 -16.5199 0
      vertex 244.593 -4 32
    endloop
  endfacet
  facet normal -1 0 0
    outer loop
      vertex 244.593 -16.5199 0
      vertex 244.593 -4 20
      vertex 244.593 -3.78968 0
    endloop
  endfacet
  facet normal -1 0 0
    outer loop
      vertex 244.593 -1.8 32
      vertex 244.593 12.3123 184.047
      vertex 244.593 -1.8 22.7422
    endloop
  endfacet
  facet normal -1 -0 0
    outer loop
      vertex 244.593 12.3123 184.047
      vertex 244.593 -1.8 32
      vertex 244.593 -0.321194 185.152
    endloop
  endfacet
  facet normal -1 0 0
    outer loop
      vertex 244.593 -4 32
      vertex 244.593 -0.321194 185.152
      vertex 244.593 -1.8 32
    endloop
  endfacet
  facet normal -1 0 0
    outer loop
      vertex 244.593 -0.321194 185.152
      vertex 244.593 -4 32
      vertex 244.593 -16.5199 0
    endloop
  endfacet
  facet normal 1 0 0
    outer loop
      vertex 3.00722 -0.321194 185.152
      vertex 3.00722 -4 32
      vertex 3.00722 -1.8 32
    endloop
  endfacet
  facet normal 1 0 0
    outer loop
      vertex 3.00722 -4 32
      vertex 3.00722 -16.5199 0
      vertex 3.00722 -4 20
    endloop
  endfacet
  facet normal 1 0 0
    outer loop
      vertex 3.00722 -16.5199 0
      vertex 3.00722 -4 32
      vertex 3.00722 -0.321194 185.152
    endloop
  endfacet
  facet normal 1 0 0
    outer loop
      vertex 3.00722 -1.8 32
      vertex 3.00722 12.3123 184.047
      vertex 3.00722 -0.321194 185.152
    endloop
  endfacet
  facet normal 1 0 0
    outer loop
      vertex 3.00722 12.3123 184.047
      vertex 3.00722 -1.8 32
      vertex 3.00722 -1.8 22.7422
    endloop
  endfacet
  facet normal 1 -0 0
    outer loop
      vertex 3.00722 -4 20
      vertex 3.00722 -3.78968 0
      vertex 3.00722 -2.03991 20
    endloop
  endfacet
  facet normal 1 0 0
    outer loop
      vertex 3.00722 -3.78968 0
      vertex 3.00722 -4 20
      vertex 3.00722 -16.5199 0
    endloop
  endfacet
  facet normal -0.924691 -0.0331733 -0.379271
    outer loop
      vertex 244.535 12.3375 184.334
      vertex 244.423 -0.272381 185.71
      vertex 244.423 12.3611 184.605
    endloop
  endfacet
  facet normal -0.924694 -0.0331724 -0.379263
    outer loop
      vertex 244.423 -0.272381 185.71
      vertex 244.535 12.3375 184.334
      vertex 244.535 -0.296059 185.439
    endloop
  endfacet
  facet normal -0.980332 -0.0171962 -0.196606
    outer loop
      vertex 244.593 12.3123 184.047
      vertex 244.535 -0.296059 185.439
      vertex 244.535 12.3375 184.334
    endloop
  endfacet
  facet normal -0.980331 -0.0171966 -0.19661
    outer loop
      vertex 244.535 -0.296059 185.439
      vertex 244.593 12.3123 184.047
      vertex 244.593 -0.321194 185.152
    endloop
  endfacet
  facet normal 0.924056 -0.0333074 -0.380804
    outer loop
      vertex 3.17712 -0.272381 185.71
      vertex 3.06459 12.3375 184.334
      vertex 3.17712 12.3611 184.605
    endloop
  endfacet
  facet normal 0.924059 -0.0333065 -0.380796
    outer loop
      vertex 3.06459 12.3375 184.334
      vertex 3.17712 -0.272381 185.71
      vertex 3.06459 -0.296059 185.439
    endloop
  endfacet
  facet normal 0.980745 -0.0170166 -0.194552
    outer loop
      vertex 3.06459 -0.296059 185.439
      vertex 3.00722 12.3123 184.047
      vertex 3.06459 12.3375 184.334
    endloop
  endfacet
  facet normal 0.980744 -0.017017 -0.194556
    outer loop
      vertex 3.00722 12.3123 184.047
      vertex 3.06459 -0.296059 185.439
      vertex 3.00722 -0.321194 185.152
    endloop
  endfacet
  facet normal -0.55303 -0.0726212 -0.82999
    outer loop
      vertex 243.807 -0.218712 186.323
      vertex 244.052 11.6761 185.119
      vertex 244.052 -0.23295 186.161
    endloop
  endfacet
  facet normal -0.555367 -0.0724168 -0.828446
    outer loop
      vertex 244.052 11.6761 185.119
      vertex 243.807 -0.218712 186.323
      vertex 243.807 11.6903 185.282
    endloop
  endfacet
  facet normal 1.34812e-05 -0.0871638 -0.996194
    outer loop
      vertex 243.247 -0.203904 186.493
      vertex 193.6 1.78849 186.318
      vertex 243.247 11.7051 185.451
    endloop
  endfacet
  facet normal 0 -0.0874972 -0.996165
    outer loop
      vertex 243.247 -0.203904 186.493
      vertex 181.6 1.78849 186.318
      vertex 193.6 1.78849 186.318
    endloop
  endfacet
  facet normal -0 -0.0871253 -0.996197
    outer loop
      vertex 181.6 1.78849 186.318
      vertex 66 1.78849 186.318
      vertex 181.6 9.75804 185.621
    endloop
  endfacet
  facet normal 0 -0.0874972 -0.996165
    outer loop
      vertex 243.247 -0.203904 186.493
      vertex 66 1.78849 186.318
      vertex 181.6 1.78849 186.318
    endloop
  endfacet
  facet normal 0 -0.0874972 -0.996165
    outer loop
      vertex 4.35297 -0.203904 186.493
      vertex 66 1.78849 186.318
      vertex 243.247 -0.203904 186.493
    endloop
  endfacet
  facet normal -1.50378e-05 -0.0871253 -0.996197
    outer loop
      vertex 54 1.78849 186.318
      vertex 4.35297 -0.203904 186.493
      vertex 54 9.75804 185.621
    endloop
  endfacet
  facet normal -0 -0.0874972 -0.996165
    outer loop
      vertex 66 1.78849 186.318
      vertex 4.35297 -0.203904 186.493
      vertex 54 1.78849 186.318
    endloop
  endfacet
  facet normal 5.7338e-06 -0.0871253 -0.996197
    outer loop
      vertex 193.6 9.75804 185.621
      vertex 243.247 11.7051 185.451
      vertex 193.6 1.78849 186.318
    endloop
  endfacet
  facet normal 0 -0.0869802 -0.99621
    outer loop
      vertex 181.6 9.75804 185.621
      vertex 243.247 11.7051 185.451
      vertex 193.6 9.75804 185.621
    endloop
  endfacet
  facet normal 0 -0.0871253 -0.996197
    outer loop
      vertex 66 9.75804 185.621
      vertex 181.6 9.75804 185.621
      vertex 66 1.78849 186.318
    endloop
  endfacet
  facet normal 0 -0.0869802 -0.99621
    outer loop
      vertex 66 9.75804 185.621
      vertex 243.247 11.7051 185.451
      vertex 181.6 9.75804 185.621
    endloop
  endfacet
  facet normal 0 -0.0869802 -0.99621
    outer loop
      vertex 4.35297 11.7051 185.451
      vertex 66 9.75804 185.621
      vertex 54 9.75804 185.621
    endloop
  endfacet
  facet normal 0 -0.0869802 -0.99621
    outer loop
      vertex 66 9.75804 185.621
      vertex 4.35297 11.7051 185.451
      vertex 243.247 11.7051 185.451
    endloop
  endfacet
  facet normal -7.25493e-06 -0.0871638 -0.996194
    outer loop
      vertex 4.35297 11.7051 185.451
      vertex 54 9.75804 185.621
      vertex 4.35297 -0.203904 186.493
    endloop
  endfacet
  facet normal 0.55383 -0.0725749 -0.829461
    outer loop
      vertex 3.54841 11.6761 185.119
      vertex 3.7929 -0.218712 186.323
      vertex 3.54841 -0.23295 186.161
    endloop
  endfacet
  facet normal 0.556168 -0.0723702 -0.827913
    outer loop
      vertex 3.7929 -0.218712 186.323
      vertex 3.54841 11.6761 185.119
      vertex 3.7929 11.6903 185.282
    endloop
  endfacet
  facet normal 0.830887 -0.0485282 -0.554321
    outer loop
      vertex 3.34048 -0.251072 185.954
      vertex 3.17712 12.3611 184.605
      vertex 3.34048 12.3824 184.848
    endloop
  endfacet
  facet normal 0.831934 -0.0483481 -0.552764
    outer loop
      vertex 3.17712 12.3611 184.605
      vertex 3.34048 -0.251072 185.954
      vertex 3.17712 -0.272381 185.71
    endloop
  endfacet
  facet normal -0.38488 -0.0803726 -0.919461
    outer loop
      vertex 243.535 -0.208904 186.436
      vertex 243.807 11.6903 185.282
      vertex 243.807 -0.218712 186.323
    endloop
  endfacet
  facet normal -0.381993 -0.0805538 -0.920648
    outer loop
      vertex 243.807 11.6903 185.282
      vertex 243.535 -0.208904 186.436
      vertex 243.535 11.7001 185.394
    endloop
  endfacet
  facet normal 0.194608 -0.0854973 -0.977148
    outer loop
      vertex 4.06457 11.7001 185.394
      vertex 4.35297 -0.203904 186.493
      vertex 4.06457 -0.208904 186.436
    endloop
  endfacet
  facet normal 0.194608 -0.0854973 -0.977148
    outer loop
      vertex 4.35297 -0.203904 186.493
      vertex 4.06457 11.7001 185.394
      vertex 4.35297 11.7051 185.451
    endloop
  endfacet
  facet normal -0.831454 -0.0484543 -0.553477
    outer loop
      vertex 244.423 12.3611 184.605
      vertex 244.26 -0.251072 185.954
      vertex 244.26 12.3824 184.848
    endloop
  endfacet
  facet normal -0.832498 -0.0482743 -0.55192
    outer loop
      vertex 244.26 -0.251072 185.954
      vertex 244.423 12.3611 184.605
      vertex 244.423 -0.272381 185.71
    endloop
  endfacet
  facet normal -0.706136 -0.0619078 -0.705365
    outer loop
      vertex 244.26 12.3824 184.848
      vertex 244.171 11.6657 185
      vertex 244.107 12.3957 185
    endloop
  endfacet
  facet normal -0.706774 -0.061697 -0.704744
    outer loop
      vertex 244.26 -0.251072 185.954
      vertex 244.171 11.6657 185
      vertex 244.26 12.3824 184.848
    endloop
  endfacet
  facet normal -0.706753 -0.0616985 -0.704765
    outer loop
      vertex 244.171 11.6657 185
      vertex 244.26 -0.251072 185.954
      vertex 244.052 -0.23295 186.161
    endloop
  endfacet
  facet normal -0.708451 -0.0615165 -0.703074
    outer loop
      vertex 244.052 11.6761 185.119
      vertex 244.171 11.6657 185
      vertex 244.052 -0.23295 186.161
    endloop
  endfacet
  facet normal -0.194868 -0.0854928 -0.977096
    outer loop
      vertex 243.247 -0.203904 186.493
      vertex 243.535 11.7001 185.394
      vertex 243.535 -0.208904 186.436
    endloop
  endfacet
  facet normal -0.194868 -0.0854928 -0.977096
    outer loop
      vertex 243.535 11.7001 185.394
      vertex 243.247 -0.203904 186.493
      vertex 243.247 11.7051 185.451
    endloop
  endfacet
  facet normal 0.385278 -0.0803581 -0.919295
    outer loop
      vertex 3.7929 11.6903 185.282
      vertex 4.06457 -0.208904 186.436
      vertex 3.7929 -0.218712 186.323
    endloop
  endfacet
  facet normal 0.382389 -0.0805395 -0.920485
    outer loop
      vertex 4.06457 -0.208904 186.436
      vertex 3.7929 11.6903 185.282
      vertex 4.06457 11.7001 185.394
    endloop
  endfacet
  facet normal 0.707739 -0.0615787 -0.703785
    outer loop
      vertex 3.54841 11.6761 185.119
      vertex 3.54841 -0.23295 186.161
      vertex 3.42917 11.6657 185
    endloop
  endfacet
  facet normal 0.707734 -0.0616795 -0.703781
    outer loop
      vertex 3.42917 11.6657 185
      vertex 3.34048 12.3824 184.848
      vertex 3.49279 12.3957 185
    endloop
  endfacet
  facet normal 0.706872 -0.0616716 -0.704648
    outer loop
      vertex 3.34048 -0.251072 185.954
      vertex 3.42917 11.6657 185
      vertex 3.54841 -0.23295 186.161
    endloop
  endfacet
  facet normal 0.708007 -0.0615893 -0.703515
    outer loop
      vertex 3.42917 11.6657 185
      vertex 3.34048 -0.251072 185.954
      vertex 3.34048 12.3824 184.848
    endloop
  endfacet
  facet normal -1.46586e-05 0.996195 -0.0871538
    outer loop
      vertex 23.4138 -4.22403 140.542
      vertex 14.6804 -8.49848 91.6852
      vertex 13.9 -8.49179 91.7618
    endloop
  endfacet
  facet normal 7.76329e-06 0.996195 -0.0871578
    outer loop
      vertex 23.4138 -4.22403 140.542
      vertex 15.4307 -8.51832 91.4585
      vertex 14.6804 -8.49848 91.6852
    endloop
  endfacet
  facet normal -3.15003e-06 0.996195 -0.087156
    outer loop
      vertex 23.4138 -4.22403 140.542
      vertex 16.1223 -8.55054 91.0902
      vertex 15.4307 -8.51832 91.4585
    endloop
  endfacet
  facet normal 9.88559e-10 0.996195 -0.0871565
    outer loop
      vertex 22.44 -8.84041 87.777
      vertex 16.1223 -8.55054 91.0902
      vertex 23.4138 -4.22403 140.542
    endloop
  endfacet
  facet normal 2.98693e-06 0.996195 -0.0871509
    outer loop
      vertex 16.1223 -8.55054 91.0902
      vertex 22.44 -8.84041 87.777
      vertex 16.7284 -8.59389 90.5947
    endloop
  endfacet
  facet normal 6.9758e-06 0.996196 -0.0871428
    outer loop
      vertex 16.7284 -8.59389 90.5947
      vertex 22.44 -8.84041 87.777
      vertex 17.2259 -8.64672 89.9908
    endloop
  endfacet
  facet normal -5.32364e-06 0.996193 -0.0871716
    outer loop
      vertex 17.2259 -8.64672 89.9908
      vertex 22.44 -8.84041 87.777
      vertex 17.5955 -8.707 89.3019
    endloop
  endfacet
  facet normal -1.36459e-06 0.996194 -0.0871591
    outer loop
      vertex 17.5955 -8.707 89.3019
      vertex 22.44 -8.84041 87.777
      vertex 17.8231 -8.7724 88.5544
    endloop
  endfacet
  facet normal 0 0.996195 -0.0871511
    outer loop
      vertex 22.44 -8.84041 87.777
      vertex 17.9 -8.84041 87.777
      vertex 17.8231 -8.7724 88.5544
    endloop
  endfacet
  facet normal 0 0.996195 -0.0871511
    outer loop
      vertex 22.44 -8.84041 87.777
      vertex 17.8231 -8.90842 86.9996
      vertex 17.9 -8.84041 87.777
    endloop
  endfacet
  facet normal 1.36459e-06 0.996194 -0.0871591
    outer loop
      vertex 22.44 -8.84041 87.777
      vertex 17.5955 -8.97382 86.2521
      vertex 17.8231 -8.90842 86.9996
    endloop
  endfacet
  facet normal -1.52997e-07 0.996195 -0.0871543
    outer loop
      vertex 22.44 -8.84041 87.777
      vertex 17.2259 -9.03409 85.5632
      vertex 17.5955 -8.97382 86.2521
    endloop
  endfacet
  facet normal -4.03747e-06 0.996196 -0.0871452
    outer loop
      vertex 22.44 -8.84041 87.777
      vertex 16.7284 -9.08692 84.9593
      vertex 17.2259 -9.03409 85.5632
    endloop
  endfacet
  facet normal 2.64224e-05 0.99619 -0.0872065
    outer loop
      vertex 22.44 -8.84041 87.777
      vertex 16.1223 -9.13028 84.4638
      vertex 16.7284 -9.08692 84.9593
    endloop
  endfacet
  facet normal -3.31895e-07 0.996195 -0.0871559
    outer loop
      vertex 23.4138 -13.4568 35.0115
      vertex 16.1223 -9.13028 84.4638
      vertex 22.44 -8.84041 87.777
    endloop
  endfacet
  facet normal 2.06679e-06 0.996195 -0.0871556
    outer loop
      vertex 14.6804 -9.18233 83.8688
      vertex 23.4138 -13.4568 35.0115
      vertex 13.9 -9.18903 83.7922
    endloop
  endfacet
  facet normal -7.90208e-06 0.996195 -0.0871573
    outer loop
      vertex 15.4307 -9.16249 84.0955
      vertex 23.4138 -13.4568 35.0115
      vertex 14.6804 -9.18233 83.8688
    endloop
  endfacet
  facet normal 1.61699e-05 0.996195 -0.0871535
    outer loop
      vertex 16.1223 -9.13028 84.4638
      vertex 23.4138 -13.4568 35.0115
      vertex 15.4307 -9.16249 84.0955
    endloop
  endfacet
  facet normal 1.46659e-05 0.996195 -0.0871538
    outer loop
      vertex 232.92 -8.49848 91.6852
      vertex 224.186 -4.22403 140.542
      vertex 233.7 -8.49179 91.7618
    endloop
  endfacet
  facet normal -7.7564e-06 0.996195 -0.0871578
    outer loop
      vertex 232.169 -8.51832 91.4585
      vertex 224.186 -4.22403 140.542
      vertex 232.92 -8.49848 91.6852
    endloop
  endfacet
  facet normal 3.15255e-06 0.996195 -0.087156
    outer loop
      vertex 231.478 -8.55054 91.0902
      vertex 224.186 -4.22403 140.542
      vertex 232.169 -8.51832 91.4585
    endloop
  endfacet
  facet normal -2.98565e-06 0.996195 -0.0871509
    outer loop
      vertex 225.16 -8.84041 87.777
      vertex 231.478 -8.55054 91.0902
      vertex 230.872 -8.59389 90.5947
    endloop
  endfacet
  facet normal -6.97978e-06 0.996196 -0.0871428
    outer loop
      vertex 225.16 -8.84041 87.777
      vertex 230.872 -8.59389 90.5947
      vertex 230.374 -8.64672 89.9908
    endloop
  endfacet
  facet normal 5.32547e-06 0.996193 -0.0871716
    outer loop
      vertex 225.16 -8.84041 87.777
      vertex 230.374 -8.64672 89.9908
      vertex 230.004 -8.707 89.3019
    endloop
  endfacet
  facet normal 1.36436e-06 0.996194 -0.0871591
    outer loop
      vertex 225.16 -8.84041 87.777
      vertex 230.004 -8.707 89.3019
      vertex 229.777 -8.7724 88.5544
    endloop
  endfacet
  facet normal 0 0.996195 -0.0871511
    outer loop
      vertex 225.16 -8.84041 87.777
      vertex 229.777 -8.7724 88.5544
      vertex 229.7 -8.84041 87.777
    endloop
  endfacet
  facet normal -9.88511e-10 0.996195 -0.0871565
    outer loop
      vertex 231.478 -8.55054 91.0902
      vertex 225.16 -8.84041 87.777
      vertex 224.186 -4.22403 140.542
    endloop
  endfacet
  facet normal 0 0.996195 -0.0871511
    outer loop
      vertex 229.777 -8.90842 86.9996
      vertex 225.16 -8.84041 87.777
      vertex 229.7 -8.84041 87.777
    endloop
  endfacet
  facet normal -1.36436e-06 0.996194 -0.0871591
    outer loop
      vertex 230.004 -8.97382 86.2521
      vertex 225.16 -8.84041 87.777
      vertex 229.777 -8.90842 86.9996
    endloop
  endfacet
  facet normal 1.5305e-07 0.996195 -0.0871543
    outer loop
      vertex 230.374 -9.03409 85.5632
      vertex 225.16 -8.84041 87.777
      vertex 230.004 -8.97382 86.2521
    endloop
  endfacet
  facet normal 4.03977e-06 0.996196 -0.0871452
    outer loop
      vertex 230.872 -9.08692 84.9593
      vertex 225.16 -8.84041 87.777
      vertex 230.374 -9.03409 85.5632
    endloop
  endfacet
  facet normal -2.64111e-05 0.99619 -0.0872065
    outer loop
      vertex 231.478 -9.13028 84.4638
      vertex 225.16 -8.84041 87.777
      vertex 230.872 -9.08692 84.9593
    endloop
  endfacet
  facet normal -1.61829e-05 0.996195 -0.0871535
    outer loop
      vertex 224.186 -13.4568 35.0115
      vertex 231.478 -9.13028 84.4638
      vertex 232.169 -9.16249 84.0955
    endloop
  endfacet
  facet normal 3.31879e-07 0.996195 -0.0871559
    outer loop
      vertex 231.478 -9.13028 84.4638
      vertex 224.186 -13.4568 35.0115
      vertex 225.16 -8.84041 87.777
    endloop
  endfacet
  facet normal 7.89507e-06 0.996195 -0.0871573
    outer loop
      vertex 232.92 -9.18233 83.8688
      vertex 224.186 -13.4568 35.0115
      vertex 232.169 -9.16249 84.0955
    endloop
  endfacet
  facet normal -2.06783e-06 0.996195 -0.0871556
    outer loop
      vertex 224.186 -13.4568 35.0115
      vertex 232.92 -9.18233 83.8688
      vertex 233.7 -9.18903 83.7922
    endloop
  endfacet
  facet normal 6.72264e-05 0.996197 -0.0871323
    outer loop
      vertex 4.35297 -0.203904 186.493
      vertex 14.6804 -2.83336 156.438
      vertex 13.9 -2.82666 156.514
    endloop
  endfacet
  facet normal -1.11492e-05 0.996199 -0.0871055
    outer loop
      vertex 26.6318 -2.65905 158.43
      vertex 15.4307 -2.8532 156.211
      vertex 14.6804 -2.83336 156.438
    endloop
  endfacet
  facet normal 8.62583e-06 0.99619 -0.0872046
    outer loop
      vertex 26.6318 -2.65905 158.43
      vertex 16.1223 -2.88542 155.843
      vertex 15.4307 -2.8532 156.211
    endloop
  endfacet
  facet normal -1.0984e-05 0.996201 -0.0870806
    outer loop
      vertex 25.2362 -2.80726 156.736
      vertex 16.7284 -2.92877 155.347
      vertex 16.1223 -2.88542 155.843
    endloop
  endfacet
  facet normal 6.81748e-06 0.996193 -0.0871706
    outer loop
      vertex 17.2259 -2.9816 154.743
      vertex 25.2362 -2.80726 156.736
      vertex 24.2274 -2.97176 154.856
    endloop
  endfacet
  facet normal -1.90875e-06 0.996196 -0.0871358
    outer loop
      vertex 25.2362 -2.80726 156.736
      vertex 17.2259 -2.9816 154.743
      vertex 16.7284 -2.92877 155.347
    endloop
  endfacet
  facet normal 8.32205e-06 0.996185 -0.0872631
    outer loop
      vertex 24.2274 -2.97176 154.856
      vertex 17.5955 -3.04187 154.055
      vertex 17.2259 -2.9816 154.743
    endloop
  endfacet
  facet normal -1.10177e-05 0.996199 -0.0871042
    outer loop
      vertex 24.2274 -2.97176 154.856
      vertex 17.8231 -3.10727 153.307
      vertex 17.5955 -3.04187 154.055
    endloop
  endfacet
  facet normal 1.40202e-05 0.99619 -0.0872069
    outer loop
      vertex 24.2274 -2.97176 154.856
      vertex 17.9 -3.17529 152.53
      vertex 17.8231 -3.10727 153.307
    endloop
  endfacet
  facet normal -3.25666e-05 0.996201 -0.0870812
    outer loop
      vertex 24.2274 -2.97176 154.856
      vertex 17.8231 -3.2433 151.752
      vertex 17.9 -3.17529 152.53
    endloop
  endfacet
  facet normal 3.93878e-05 0.996188 -0.0872285
    outer loop
      vertex 24.2274 -2.97176 154.856
      vertex 17.5955 -3.3087 151.005
      vertex 17.8231 -3.2433 151.752
    endloop
  endfacet
  facet normal -5.07225e-06 0.996195 -0.0871525
    outer loop
      vertex 23.4138 -4.22403 140.542
      vertex 17.5955 -3.3087 151.005
      vertex 24.2274 -2.97176 154.856
    endloop
  endfacet
  facet normal 7.25524e-06 0.996196 -0.0871457
    outer loop
      vertex 17.5955 -3.3087 151.005
      vertex 23.4138 -4.22403 140.542
      vertex 17.2259 -3.36897 150.316
    endloop
  endfacet
  facet normal 1.10994e-05 0.996196 -0.0871433
    outer loop
      vertex 17.2259 -3.36897 150.316
      vertex 23.4138 -4.22403 140.542
      vertex 16.7284 -3.4218 149.712
    endloop
  endfacet
  facet normal -5.87513e-05 0.996189 -0.0872187
    outer loop
      vertex 14.6804 -3.51721 148.621
      vertex 23.4138 -4.22403 140.542
      vertex 13.9 -3.52391 148.545
    endloop
  endfacet
  facet normal 1.99112e-05 0.996197 -0.0871343
    outer loop
      vertex 15.4307 -3.49737 148.848
      vertex 23.4138 -4.22403 140.542
      vertex 14.6804 -3.51721 148.621
    endloop
  endfacet
  facet normal -2.39163e-05 0.996193 -0.0871761
    outer loop
      vertex 16.1223 -3.46515 149.216
      vertex 23.4138 -4.22403 140.542
      vertex 15.4307 -3.49737 148.848
    endloop
  endfacet
  facet normal 4.33981e-05 0.996198 -0.0871199
    outer loop
      vertex 16.7284 -3.4218 149.712
      vertex 23.4138 -4.22403 140.542
      vertex 16.1223 -3.46515 149.216
    endloop
  endfacet
  facet normal 6.26718e-05 0.996202 -0.0870695
    outer loop
      vertex 244.593 -0.321194 185.152
      vertex 243.247 -0.203904 186.493
      vertex 243.535 -0.208904 186.436
    endloop
  endfacet
  facet normal 0 0.996195 -0.0871557
    outer loop
      vertex 243.247 -0.203904 186.493
      vertex 123.8 -2.21483 163.508
      vertex 4.35297 -0.203904 186.493
    endloop
  endfacet
  facet normal -0.000413301 0.996168 -0.0874587
    outer loop
      vertex 244.593 -0.321194 185.152
      vertex 243.535 -0.208904 186.436
      vertex 243.807 -0.218712 186.323
    endloop
  endfacet
  facet normal 1.76574e-07 0.996195 -0.0871548
    outer loop
      vertex 80.367 -2.28455 162.711
      vertex 4.35297 -0.203904 186.493
      vertex 123.8 -2.21483 163.508
    endloop
  endfacet
  facet normal 0.000440872 0.996218 -0.0868897
    outer loop
      vertex 244.593 -0.321194 185.152
      vertex 243.807 -0.218712 186.323
      vertex 244.052 -0.23295 186.161
    endloop
  endfacet
  facet normal 4.6742e-08 0.996195 -0.0871552
    outer loop
      vertex 38.6032 -2.49102 160.351
      vertex 4.35297 -0.203904 186.493
      vertex 80.367 -2.28455 162.711
    endloop
  endfacet
  facet normal 0.000189196 0.996206 -0.0870237
    outer loop
      vertex 244.593 -0.321194 185.152
      vertex 244.052 -0.23295 186.161
      vertex 244.26 -0.251072 185.954
    endloop
  endfacet
  facet normal 7.72474e-07 0.996195 -0.0871543
    outer loop
      vertex 27.6467 -2.58646 159.26
      vertex 4.35297 -0.203904 186.493
      vertex 38.6032 -2.49102 160.351
    endloop
  endfacet
  facet normal -0.000401704 0.996185 -0.0872671
    outer loop
      vertex 244.593 -0.321194 185.152
      vertex 244.26 -0.251072 185.954
      vertex 244.423 -0.272381 185.71
    endloop
  endfacet
  facet normal -6.05709e-07 0.996195 -0.0871554
    outer loop
      vertex 14.6804 -2.83336 156.438
      vertex 4.35297 -0.203904 186.493
      vertex 27.6467 -2.58646 159.26
    endloop
  endfacet
  facet normal -0.000970274 0.996169 -0.087439
    outer loop
      vertex 244.593 -0.321194 185.152
      vertex 244.423 -0.272381 185.71
      vertex 244.535 -0.296059 185.439
    endloop
  endfacet
  facet normal -6.25605e-05 0.996202 -0.0870696
    outer loop
      vertex 4.35297 -0.203904 186.493
      vertex 3.00722 -0.321194 185.152
      vertex 4.06457 -0.208904 186.436
    endloop
  endfacet
  facet normal -1.74197e-05 0.996195 -0.0871493
    outer loop
      vertex 232.92 -2.83336 156.438
      vertex 243.247 -0.203904 186.493
      vertex 244.593 -0.321194 185.152
    endloop
  endfacet
  facet normal 0.000413932 0.996168 -0.087459
    outer loop
      vertex 4.06457 -0.208904 186.436
      vertex 3.00722 -0.321194 185.152
      vertex 3.7929 -0.218712 186.323
    endloop
  endfacet
  facet normal -0.000442384 0.996218 -0.0868888
    outer loop
      vertex 3.7929 -0.218712 186.323
      vertex 3.00722 -0.321194 185.152
      vertex 3.54841 -0.23295 186.161
    endloop
  endfacet
  facet normal -1.76574e-07 0.996195 -0.0871548
    outer loop
      vertex 243.247 -0.203904 186.493
      vertex 167.233 -2.28455 162.711
      vertex 123.8 -2.21483 163.508
    endloop
  endfacet
  facet normal -4.67418e-08 0.996195 -0.0871552
    outer loop
      vertex 243.247 -0.203904 186.493
      vertex 208.997 -2.49102 160.351
      vertex 167.233 -2.28455 162.711
    endloop
  endfacet
  facet normal -7.72505e-07 0.996195 -0.0871543
    outer loop
      vertex 243.247 -0.203904 186.493
      vertex 219.953 -2.58646 159.26
      vertex 208.997 -2.49102 160.351
    endloop
  endfacet
  facet normal 6.0568e-07 0.996195 -0.0871554
    outer loop
      vertex 243.247 -0.203904 186.493
      vertex 232.92 -2.83336 156.438
      vertex 219.953 -2.58646 159.26
    endloop
  endfacet
  facet normal 9.84055e-06 0.996198 -0.0871133
    outer loop
      vertex 219.953 -2.58646 159.26
      vertex 232.92 -2.83336 156.438
      vertex 220.968 -2.65905 158.43
    endloop
  endfacet
  facet normal -6.75802e-05 0.996197 -0.087129
    outer loop
      vertex 232.92 -2.83336 156.438
      vertex 244.593 -0.321194 185.152
      vertex 233.7 -2.82666 156.514
    endloop
  endfacet
  facet normal 6.27497e-05 0.996193 -0.0871782
    outer loop
      vertex 244.593 -0.321194 185.152
      vertex 234.48 -2.83336 156.438
      vertex 233.7 -2.82666 156.514
    endloop
  endfacet
  facet normal -2.40459e-05 0.996195 -0.0871479
    outer loop
      vertex 244.593 -0.321194 185.152
      vertex 235.231 -2.8532 156.211
      vertex 234.48 -2.83336 156.438
    endloop
  endfacet
  facet normal 2.97799e-05 0.996194 -0.0871652
    outer loop
      vertex 244.593 -0.321194 185.152
      vertex 235.922 -2.88542 155.843
      vertex 235.231 -2.8532 156.211
    endloop
  endfacet
  facet normal -5.91948e-05 0.996196 -0.0871391
    outer loop
      vertex 244.593 -0.321194 185.152
      vertex 236.528 -2.92877 155.347
      vertex 235.922 -2.88542 155.843
    endloop
  endfacet
  facet normal -1.90887e-05 0.996195 -0.0871498
    outer loop
      vertex 244.593 -0.321194 185.152
      vertex 237.026 -2.9816 154.743
      vertex 236.528 -2.92877 155.347
    endloop
  endfacet
  facet normal 0.000144737 0.996192 -0.0871903
    outer loop
      vertex 244.593 -0.321194 185.152
      vertex 237.396 -3.04187 154.055
      vertex 237.026 -2.9816 154.743
    endloop
  endfacet
  facet normal -0.000105834 0.996197 -0.0871327
    outer loop
      vertex 244.593 -0.321194 185.152
      vertex 237.623 -3.10727 153.307
      vertex 237.396 -3.04187 154.055
    endloop
  endfacet
  facet normal 0.000166609 0.996192 -0.0871919
    outer loop
      vertex 244.593 -0.321194 185.152
      vertex 237.7 -3.17529 152.53
      vertex 237.623 -3.10727 153.307
    endloop
  endfacet
  facet normal -0.000651521 0.996206 -0.0870203
    outer loop
      vertex 244.593 -0.321194 185.152
      vertex 237.623 -3.2433 151.752
      vertex 237.7 -3.17529 152.53
    endloop
  endfacet
  facet normal -7.41799e-05 0.996203 -0.0870618
    outer loop
      vertex 234.48 -3.51721 148.621
      vertex 224.186 -4.22403 140.542
      vertex 233.7 -3.52391 148.545
    endloop
  endfacet
  facet normal 4.29335e-05 0.99619 -0.0872099
    outer loop
      vertex 235.231 -3.49737 148.848
      vertex 224.186 -4.22403 140.542
      vertex 234.48 -3.51721 148.621
    endloop
  endfacet
  facet normal -3.4669e-05 0.996195 -0.0871561
    outer loop
      vertex 235.231 -8.51832 91.4585
      vertex 235.231 -3.49737 148.848
      vertex 235.922 -3.46515 149.216
    endloop
  endfacet
  facet normal 2.1321e-06 0.996195 -0.0871561
    outer loop
      vertex 235.231 -3.49737 148.848
      vertex 235.231 -8.51832 91.4585
      vertex 224.186 -4.22403 140.542
    endloop
  endfacet
  facet normal 7.35322e-05 0.996195 -0.0871564
    outer loop
      vertex 235.922 -8.55054 91.0902
      vertex 235.922 -3.46515 149.216
      vertex 236.528 -3.4218 149.712
    endloop
  endfacet
  facet normal 2.62378e-05 0.996195 -0.0871557
    outer loop
      vertex 236.528 -8.59389 90.5947
      vertex 236.528 -3.4218 149.712
      vertex 237.026 -3.36897 150.316
    endloop
  endfacet
  facet normal 2.54377e-05 0.996195 -0.0871554
    outer loop
      vertex 237.026 -8.64672 89.9908
      vertex 237.026 -3.36897 150.316
      vertex 237.396 -3.3087 151.005
    endloop
  endfacet
  facet normal -0.000202889 0.996195 -0.0871554
    outer loop
      vertex 237.396 -8.707 89.3019
      vertex 237.396 -3.3087 151.005
      vertex 237.623 -3.2433 151.752
    endloop
  endfacet
  facet normal 4.19263e-06 0.996195 -0.0871562
    outer loop
      vertex 237.623 -8.7724 88.5544
      vertex 237.623 -3.2433 151.752
      vertex 244.593 -0.321194 185.152
    endloop
  endfacet
  facet normal -1.52387e-05 0.996194 -0.0871596
    outer loop
      vertex 224.186 -4.22403 140.542
      vertex 234.48 -8.49848 91.6852
      vertex 233.7 -8.49179 91.7618
    endloop
  endfacet
  facet normal 8.73022e-06 0.996195 -0.0871546
    outer loop
      vertex 224.186 -4.22403 140.542
      vertex 235.231 -8.51832 91.4585
      vertex 234.48 -8.49848 91.6852
    endloop
  endfacet
  facet normal -3.36971e-06 0.996195 -0.0871564
    outer loop
      vertex 235.922 -3.46515 149.216
      vertex 235.922 -8.55054 91.0902
      vertex 235.231 -8.51832 91.4585
    endloop
  endfacet
  facet normal -9.91048e-07 0.996195 -0.0871557
    outer loop
      vertex 236.528 -3.4218 149.712
      vertex 236.528 -8.59389 90.5947
      vertex 235.922 -8.55054 91.0902
    endloop
  endfacet
  facet normal -8.38649e-06 0.996195 -0.0871554
    outer loop
      vertex 237.026 -3.36897 150.316
      vertex 237.026 -8.64672 89.9908
      vertex 236.528 -8.59389 90.5947
    endloop
  endfacet
  facet normal 2.50464e-05 0.996195 -0.0871554
    outer loop
      vertex 237.396 -3.3087 151.005
      vertex 237.396 -8.707 89.3019
      vertex 237.026 -8.64672 89.9908
    endloop
  endfacet
  facet normal 8.38781e-06 0.996195 -0.0871562
    outer loop
      vertex 237.623 -3.2433 151.752
      vertex 237.623 -8.7724 88.5544
      vertex 237.396 -8.707 89.3019
    endloop
  endfacet
  facet normal -2.82643e-05 0.996195 -0.0871538
    outer loop
      vertex 244.593 -0.321194 185.152
      vertex 237.7 -8.84041 87.777
      vertex 237.623 -8.7724 88.5544
    endloop
  endfacet
  facet normal 2.14859e-06 0.996195 -0.0871564
    outer loop
      vertex 234.48 -9.18233 83.8688
      vertex 224.186 -13.4568 35.0115
      vertex 233.7 -9.18903 83.7922
    endloop
  endfacet
  facet normal -8.88629e-06 0.996195 -0.0871541
    outer loop
      vertex 235.231 -9.16249 84.0955
      vertex 224.186 -13.4568 35.0115
      vertex 234.48 -9.18233 83.8688
    endloop
  endfacet
  facet normal 1.99823e-05 0.996194 -0.0871605
    outer loop
      vertex 235.922 -9.13028 84.4638
      vertex 224.186 -13.4568 35.0115
      vertex 235.231 -9.16249 84.0955
    endloop
  endfacet
  facet normal -1.90169e-05 0.996195 -0.0871514
    outer loop
      vertex 236.528 -9.08692 84.9593
      vertex 224.186 -13.4568 35.0115
      vertex 235.922 -9.13028 84.4638
    endloop
  endfacet
  facet normal 1.30528e-05 0.996194 -0.0871592
    outer loop
      vertex 237.026 -9.03409 85.5632
      vertex 224.186 -13.4568 35.0115
      vertex 236.528 -9.08692 84.9593
    endloop
  endfacet
  facet normal 2.17348e-06 0.996195 -0.0871556
    outer loop
      vertex 244.593 -16.5199 0
      vertex 237.026 -9.03409 85.5632
      vertex 237.396 -8.97382 86.2521
    endloop
  endfacet
  facet normal -7.6849e-06 0.996195 -0.0871564
    outer loop
      vertex 244.593 -16.5199 0
      vertex 237.396 -8.97382 86.2521
      vertex 237.623 -8.90842 86.9996
    endloop
  endfacet
  facet normal -5.3732e-07 0.996195 -0.0871558
    outer loop
      vertex 237.026 -9.03409 85.5632
      vertex 244.593 -16.5199 0
      vertex 224.186 -13.4568 35.0115
    endloop
  endfacet
  facet normal 1.93641e-07 0.996195 -0.0871526
    outer loop
      vertex 167.233 -15.3963 12.8431
      vertex 244.593 -16.5199 0
      vertex 123.8 -15.466 12.0463
    endloop
  endfacet
  facet normal -5.60001e-07 0.996195 -0.0871571
    outer loop
      vertex 208.997 -15.1898 15.2031
      vertex 244.593 -16.5199 0
      vertex 167.233 -15.3963 12.8431
    endloop
  endfacet
  facet normal 3.05726e-06 0.996195 -0.0871487
    outer loop
      vertex 219.953 -15.0944 16.294
      vertex 244.593 -16.5199 0
      vertex 208.997 -15.1898 15.2031
    endloop
  endfacet
  facet normal -5.57733e-06 0.996194 -0.0871617
    outer loop
      vertex 220.968 -15.0218 17.1237
      vertex 244.593 -16.5199 0
      vertex 219.953 -15.0944 16.294
    endloop
  endfacet
  facet normal 3.09902e-06 0.996195 -0.0871498
    outer loop
      vertex 222.364 -14.8736 18.8178
      vertex 244.593 -16.5199 0
      vertex 220.968 -15.0218 17.1237
    endloop
  endfacet
  facet normal -2.53777e-06 0.996195 -0.0871564
    outer loop
      vertex 223.373 -14.7091 20.698
      vertex 244.593 -16.5199 0
      vertex 222.364 -14.8736 18.8178
    endloop
  endfacet
  facet normal -3.79011e-06 0.996195 -0.0871577
    outer loop
      vertex 224.186 -13.4568 35.0115
      vertex 244.593 -16.5199 0
      vertex 223.373 -14.7091 20.698
    endloop
  endfacet
  facet normal 2.64521e-05 0.996195 -0.0871537
    outer loop
      vertex 237.7 -8.84041 87.777
      vertex 244.593 -16.5199 0
      vertex 237.623 -8.90842 86.9996
    endloop
  endfacet
  facet normal -6.90081e-07 0.996195 -0.0871558
    outer loop
      vertex 244.593 -16.5199 0
      vertex 237.7 -8.84041 87.777
      vertex 244.593 -0.321194 185.152
    endloop
  endfacet
  facet normal -0.000189409 0.996206 -0.0870235
    outer loop
      vertex 3.54841 -0.23295 186.161
      vertex 3.00722 -0.321194 185.152
      vertex 3.34048 -0.251072 185.954
    endloop
  endfacet
  facet normal 0.000399883 0.996185 -0.0872665
    outer loop
      vertex 3.34048 -0.251072 185.954
      vertex 3.00722 -0.321194 185.152
      vertex 3.17712 -0.272381 185.71
    endloop
  endfacet
  facet normal 0.000951572 0.99617 -0.0874332
    outer loop
      vertex 3.17712 -0.272381 185.71
      vertex 3.00722 -0.321194 185.152
      vertex 3.06459 -0.296059 185.439
    endloop
  endfacet
  facet normal -9.84092e-06 0.996198 -0.0871133
    outer loop
      vertex 14.6804 -2.83336 156.438
      vertex 27.6467 -2.58646 159.26
      vertex 26.6318 -2.65905 158.43
    endloop
  endfacet
  facet normal -3.61553e-06 0.996195 -0.0871552
    outer loop
      vertex 16.1223 -2.88542 155.843
      vertex 26.6318 -2.65905 158.43
      vertex 25.2362 -2.80726 156.736
    endloop
  endfacet
  facet normal 1.6474e-05 0.996195 -0.0871483
    outer loop
      vertex 4.35297 -0.203904 186.493
      vertex 13.9 -2.82666 156.514
      vertex 3.00722 -0.321194 185.152
    endloop
  endfacet
  facet normal -6.27187e-05 0.996193 -0.0871782
    outer loop
      vertex 13.1196 -2.83336 156.438
      vertex 3.00722 -0.321194 185.152
      vertex 13.9 -2.82666 156.514
    endloop
  endfacet
  facet normal 2.40663e-05 0.996195 -0.0871479
    outer loop
      vertex 12.3693 -2.8532 156.211
      vertex 3.00722 -0.321194 185.152
      vertex 13.1196 -2.83336 156.438
    endloop
  endfacet
  facet normal -2.97579e-05 0.996194 -0.0871652
    outer loop
      vertex 11.6777 -2.88542 155.843
      vertex 3.00722 -0.321194 185.152
      vertex 12.3693 -2.8532 156.211
    endloop
  endfacet
  facet normal 5.91876e-05 0.996196 -0.0871391
    outer loop
      vertex 11.0716 -2.92877 155.347
      vertex 3.00722 -0.321194 185.152
      vertex 11.6777 -2.88542 155.843
    endloop
  endfacet
  facet normal 1.91035e-05 0.996195 -0.0871498
    outer loop
      vertex 10.5741 -2.9816 154.743
      vertex 3.00722 -0.321194 185.152
      vertex 11.0716 -2.92877 155.347
    endloop
  endfacet
  facet normal -0.000144845 0.996192 -0.0871903
    outer loop
      vertex 10.2045 -3.04187 154.055
      vertex 3.00722 -0.321194 185.152
      vertex 10.5741 -2.9816 154.743
    endloop
  endfacet
  facet normal 0.000105663 0.996197 -0.0871328
    outer loop
      vertex 9.97686 -3.10727 153.307
      vertex 3.00722 -0.321194 185.152
      vertex 10.2045 -3.04187 154.055
    endloop
  endfacet
  facet normal -0.000166709 0.996192 -0.0871919
    outer loop
      vertex 9.9 -3.17529 152.53
      vertex 3.00722 -0.321194 185.152
      vertex 9.97686 -3.10727 153.307
    endloop
  endfacet
  facet normal 0.000650518 0.996206 -0.0870206
    outer loop
      vertex 9.97686 -3.2433 151.752
      vertex 3.00722 -0.321194 185.152
      vertex 9.9 -3.17529 152.53
    endloop
  endfacet
  facet normal 7.41367e-05 0.996203 -0.0870619
    outer loop
      vertex 23.4138 -4.22403 140.542
      vertex 13.1196 -3.51721 148.621
      vertex 13.9 -3.52391 148.545
    endloop
  endfacet
  facet normal -4.29992e-05 0.99619 -0.08721
    outer loop
      vertex 23.4138 -4.22403 140.542
      vertex 12.3693 -3.49737 148.848
      vertex 13.1196 -3.51721 148.621
    endloop
  endfacet
  facet normal -2.1322e-06 0.996195 -0.0871561
    outer loop
      vertex 12.3693 -8.51832 91.4585
      vertex 12.3693 -3.49737 148.848
      vertex 23.4138 -4.22403 140.542
    endloop
  endfacet
  facet normal 1.52307e-05 0.996194 -0.0871596
    outer loop
      vertex 13.1196 -8.49848 91.6852
      vertex 23.4138 -4.22403 140.542
      vertex 13.9 -8.49179 91.7618
    endloop
  endfacet
  facet normal -8.73893e-06 0.996195 -0.0871546
    outer loop
      vertex 12.3693 -8.51832 91.4585
      vertex 23.4138 -4.22403 140.542
      vertex 13.1196 -8.49848 91.6852
    endloop
  endfacet
  facet normal 3.46389e-05 0.996195 -0.0871561
    outer loop
      vertex 12.3693 -3.49737 148.848
      vertex 12.3693 -8.51832 91.4585
      vertex 11.6777 -3.46515 149.216
    endloop
  endfacet
  facet normal 3.36678e-06 0.996195 -0.0871564
    outer loop
      vertex 11.6777 -8.55054 91.0902
      vertex 11.6777 -3.46515 149.216
      vertex 12.3693 -8.51832 91.4585
    endloop
  endfacet
  facet normal -7.35201e-05 0.996195 -0.0871564
    outer loop
      vertex 11.6777 -3.46515 149.216
      vertex 11.6777 -8.55054 91.0902
      vertex 11.0716 -3.4218 149.712
    endloop
  endfacet
  facet normal 9.90885e-07 0.996195 -0.0871557
    outer loop
      vertex 11.0716 -8.59389 90.5947
      vertex 11.0716 -3.4218 149.712
      vertex 11.6777 -8.55054 91.0902
    endloop
  endfacet
  facet normal -2.62641e-05 0.996195 -0.0871557
    outer loop
      vertex 11.0716 -3.4218 149.712
      vertex 11.0716 -8.59389 90.5947
      vertex 10.5741 -3.36897 150.316
    endloop
  endfacet
  facet normal 8.39492e-06 0.996195 -0.0871554
    outer loop
      vertex 10.5741 -8.64672 89.9908
      vertex 10.5741 -3.36897 150.316
      vertex 11.0716 -8.59389 90.5947
    endloop
  endfacet
  facet normal -2.54652e-05 0.996195 -0.0871554
    outer loop
      vertex 10.5741 -3.36897 150.316
      vertex 10.5741 -8.64672 89.9908
      vertex 10.2045 -3.3087 151.005
    endloop
  endfacet
  facet normal -2.50735e-05 0.996195 -0.0871554
    outer loop
      vertex 10.2045 -8.707 89.3019
      vertex 10.2045 -3.3087 151.005
      vertex 10.5741 -8.64672 89.9908
    endloop
  endfacet
  facet normal 0.000202319 0.996195 -0.0871554
    outer loop
      vertex 10.2045 -3.3087 151.005
      vertex 10.2045 -8.707 89.3019
      vertex 9.97686 -3.2433 151.752
    endloop
  endfacet
  facet normal -8.36423e-06 0.996195 -0.0871562
    outer loop
      vertex 9.97686 -8.7724 88.5544
      vertex 9.97686 -3.2433 151.752
      vertex 10.2045 -8.707 89.3019
    endloop
  endfacet
  facet normal -4.19285e-06 0.996195 -0.0871562
    outer loop
      vertex 9.97686 -3.2433 151.752
      vertex 9.97686 -8.7724 88.5544
      vertex 3.00722 -0.321194 185.152
    endloop
  endfacet
  facet normal 2.82947e-05 0.996195 -0.0871538
    outer loop
      vertex 9.9 -8.84041 87.777
      vertex 3.00722 -0.321194 185.152
      vertex 9.97686 -8.7724 88.5544
    endloop
  endfacet
  facet normal -2.14746e-06 0.996195 -0.0871564
    outer loop
      vertex 23.4138 -13.4568 35.0115
      vertex 13.1196 -9.18233 83.8688
      vertex 13.9 -9.18903 83.7922
    endloop
  endfacet
  facet normal 8.89516e-06 0.996195 -0.0871541
    outer loop
      vertex 23.4138 -13.4568 35.0115
      vertex 12.3693 -9.16249 84.0955
      vertex 13.1196 -9.18233 83.8688
    endloop
  endfacet
  facet normal -1.99625e-05 0.996194 -0.0871605
    outer loop
      vertex 23.4138 -13.4568 35.0115
      vertex 11.6777 -9.13028 84.4638
      vertex 12.3693 -9.16249 84.0955
    endloop
  endfacet
  facet normal 1.90131e-05 0.996195 -0.0871514
    outer loop
      vertex 23.4138 -13.4568 35.0115
      vertex 11.0716 -9.08692 84.9593
      vertex 11.6777 -9.13028 84.4638
    endloop
  endfacet
  facet normal -1.30717e-05 0.996194 -0.0871592
    outer loop
      vertex 23.4138 -13.4568 35.0115
      vertex 10.5741 -9.03409 85.5632
      vertex 11.0716 -9.08692 84.9593
    endloop
  endfacet
  facet normal 5.37332e-07 0.996195 -0.0871558
    outer loop
      vertex 3.00722 -16.5199 0
      vertex 10.5741 -9.03409 85.5632
      vertex 23.4138 -13.4568 35.0115
    endloop
  endfacet
  facet normal -2.1755e-06 0.996195 -0.0871556
    outer loop
      vertex 10.5741 -9.03409 85.5632
      vertex 3.00722 -16.5199 0
      vertex 10.2045 -8.97382 86.2521
    endloop
  endfacet
  facet normal 3.78994e-06 0.996195 -0.0871577
    outer loop
      vertex 3.00722 -16.5199 0
      vertex 23.4138 -13.4568 35.0115
      vertex 24.2274 -14.7091 20.698
    endloop
  endfacet
  facet normal 0 0.996195 -0.0871545
    outer loop
      vertex 3.00722 -16.5199 0
      vertex 123.8 -15.466 12.0463
      vertex 244.593 -16.5199 0
    endloop
  endfacet
  facet normal -1.93641e-07 0.996195 -0.0871526
    outer loop
      vertex 123.8 -15.466 12.0463
      vertex 3.00722 -16.5199 0
      vertex 80.367 -15.3963 12.8431
    endloop
  endfacet
  facet normal 6.90103e-07 0.996195 -0.0871558
    outer loop
      vertex 9.9 -8.84041 87.777
      vertex 3.00722 -16.5199 0
      vertex 3.00722 -0.321194 185.152
    endloop
  endfacet
  facet normal -2.64793e-05 0.996195 -0.0871537
    outer loop
      vertex 9.97686 -8.90842 86.9996
      vertex 3.00722 -16.5199 0
      vertex 9.9 -8.84041 87.777
    endloop
  endfacet
  facet normal 7.66788e-06 0.996195 -0.0871564
    outer loop
      vertex 10.2045 -8.97382 86.2521
      vertex 3.00722 -16.5199 0
      vertex 9.97686 -8.90842 86.9996
    endloop
  endfacet
  facet normal 2.53792e-06 0.996195 -0.0871564
    outer loop
      vertex 25.2362 -14.8736 18.8178
      vertex 3.00722 -16.5199 0
      vertex 24.2274 -14.7091 20.698
    endloop
  endfacet
  facet normal -3.09938e-06 0.996195 -0.0871498
    outer loop
      vertex 26.6318 -15.0218 17.1237
      vertex 3.00722 -16.5199 0
      vertex 25.2362 -14.8736 18.8178
    endloop
  endfacet
  facet normal 5.57764e-06 0.996194 -0.0871617
    outer loop
      vertex 27.6467 -15.0944 16.294
      vertex 3.00722 -16.5199 0
      vertex 26.6318 -15.0218 17.1237
    endloop
  endfacet
  facet normal -3.05715e-06 0.996195 -0.0871487
    outer loop
      vertex 38.6032 -15.1898 15.2031
      vertex 3.00722 -16.5199 0
      vertex 27.6467 -15.0944 16.294
    endloop
  endfacet
  facet normal 5.60003e-07 0.996195 -0.0871571
    outer loop
      vertex 80.367 -15.3963 12.8431
      vertex 3.00722 -16.5199 0
      vertex 38.6032 -15.1898 15.2031
    endloop
  endfacet
  facet normal 1.11452e-05 0.996199 -0.0871056
    outer loop
      vertex 232.169 -2.8532 156.211
      vertex 220.968 -2.65905 158.43
      vertex 232.92 -2.83336 156.438
    endloop
  endfacet
  facet normal -8.62791e-06 0.99619 -0.0872046
    outer loop
      vertex 231.478 -2.88542 155.843
      vertex 220.968 -2.65905 158.43
      vertex 232.169 -2.8532 156.211
    endloop
  endfacet
  facet normal 3.61557e-06 0.996195 -0.0871552
    outer loop
      vertex 220.968 -2.65905 158.43
      vertex 231.478 -2.88542 155.843
      vertex 222.364 -2.80726 156.736
    endloop
  endfacet
  facet normal 1.09841e-05 0.996201 -0.0870806
    outer loop
      vertex 230.872 -2.92877 155.347
      vertex 222.364 -2.80726 156.736
      vertex 231.478 -2.88542 155.843
    endloop
  endfacet
  facet normal 1.90848e-06 0.996196 -0.0871358
    outer loop
      vertex 230.374 -2.9816 154.743
      vertex 222.364 -2.80726 156.736
      vertex 230.872 -2.92877 155.347
    endloop
  endfacet
  facet normal -6.81798e-06 0.996193 -0.0871706
    outer loop
      vertex 222.364 -2.80726 156.736
      vertex 230.374 -2.9816 154.743
      vertex 223.373 -2.97176 154.856
    endloop
  endfacet
  facet normal -8.32256e-06 0.996185 -0.0872631
    outer loop
      vertex 230.004 -3.04187 154.055
      vertex 223.373 -2.97176 154.856
      vertex 230.374 -2.9816 154.743
    endloop
  endfacet
  facet normal 1.10202e-05 0.996199 -0.0871042
    outer loop
      vertex 229.777 -3.10727 153.307
      vertex 223.373 -2.97176 154.856
      vertex 230.004 -3.04187 154.055
    endloop
  endfacet
  facet normal -1.40205e-05 0.99619 -0.0872069
    outer loop
      vertex 229.7 -3.17529 152.53
      vertex 223.373 -2.97176 154.856
      vertex 229.777 -3.10727 153.307
    endloop
  endfacet
  facet normal 3.25703e-05 0.996201 -0.0870812
    outer loop
      vertex 229.777 -3.2433 151.752
      vertex 223.373 -2.97176 154.856
      vertex 229.7 -3.17529 152.53
    endloop
  endfacet
  facet normal -3.9372e-05 0.996188 -0.0872285
    outer loop
      vertex 230.004 -3.3087 151.005
      vertex 223.373 -2.97176 154.856
      vertex 229.777 -3.2433 151.752
    endloop
  endfacet
  facet normal -7.25158e-06 0.996196 -0.0871457
    outer loop
      vertex 224.186 -4.22403 140.542
      vertex 230.004 -3.3087 151.005
      vertex 230.374 -3.36897 150.316
    endloop
  endfacet
  facet normal -1.1093e-05 0.996196 -0.0871433
    outer loop
      vertex 224.186 -4.22403 140.542
      vertex 230.374 -3.36897 150.316
      vertex 230.872 -3.4218 149.712
    endloop
  endfacet
  facet normal -4.34011e-05 0.996198 -0.0871199
    outer loop
      vertex 224.186 -4.22403 140.542
      vertex 230.872 -3.4218 149.712
      vertex 231.478 -3.46515 149.216
    endloop
  endfacet
  facet normal 5.07284e-06 0.996195 -0.0871525
    outer loop
      vertex 230.004 -3.3087 151.005
      vertex 224.186 -4.22403 140.542
      vertex 223.373 -2.97176 154.856
    endloop
  endfacet
  facet normal 2.39301e-05 0.996193 -0.0871761
    outer loop
      vertex 232.169 -3.49737 148.848
      vertex 224.186 -4.22403 140.542
      vertex 231.478 -3.46515 149.216
    endloop
  endfacet
  facet normal -1.98968e-05 0.996197 -0.0871343
    outer loop
      vertex 232.92 -3.51721 148.621
      vertex 224.186 -4.22403 140.542
      vertex 232.169 -3.49737 148.848
    endloop
  endfacet
  facet normal 5.87782e-05 0.996189 -0.0872187
    outer loop
      vertex 224.186 -4.22403 140.542
      vertex 232.92 -3.51721 148.621
      vertex 233.7 -3.52391 148.545
    endloop
  endfacet
  facet normal 0 0.996197 -0.0871347
    outer loop
      vertex 14.2902 -8.66945 89.7311
      vertex 13.5098 -8.66945 89.7311
      vertex 13.9 -8.6661 89.7694
    endloop
  endfacet
  facet normal 0 0.996196 -0.0871452
    outer loop
      vertex 14.6654 -8.67937 89.6177
      vertex 13.5098 -8.66945 89.7311
      vertex 14.2902 -8.66945 89.7311
    endloop
  endfacet
  facet normal 0 0.996196 -0.0871452
    outer loop
      vertex 14.6654 -8.67937 89.6177
      vertex 13.1346 -8.67937 89.6177
      vertex 13.5098 -8.66945 89.7311
    endloop
  endfacet
  facet normal 0 0.996198 -0.08712
    outer loop
      vertex 15.0111 -8.69547 89.4336
      vertex 13.1346 -8.67937 89.6177
      vertex 14.6654 -8.67937 89.6177
    endloop
  endfacet
  facet normal 0 0.996198 -0.08712
    outer loop
      vertex 15.0111 -8.69547 89.4336
      vertex 12.7889 -8.69547 89.4336
      vertex 13.1346 -8.67937 89.6177
    endloop
  endfacet
  facet normal 0 0.996195 -0.087157
    outer loop
      vertex 15.3142 -8.71715 89.1858
      vertex 12.7889 -8.69547 89.4336
      vertex 15.0111 -8.69547 89.4336
    endloop
  endfacet
  facet normal 0 0.996195 -0.087157
    outer loop
      vertex 15.3142 -8.71715 89.1858
      vertex 12.4858 -8.71715 89.1858
      vertex 12.7889 -8.69547 89.4336
    endloop
  endfacet
  facet normal 0 0.996193 -0.0871792
    outer loop
      vertex 15.5629 -8.74357 88.8839
      vertex 12.4858 -8.71715 89.1858
      vertex 15.3142 -8.71715 89.1858
    endloop
  endfacet
  facet normal 0 0.996193 -0.0871792
    outer loop
      vertex 15.5629 -8.74357 88.8839
      vertex 12.2371 -8.74357 88.8839
      vertex 12.4858 -8.71715 89.1858
    endloop
  endfacet
  facet normal 0 0.996197 -0.0871275
    outer loop
      vertex 15.7478 -8.7737 88.5394
      vertex 12.2371 -8.74357 88.8839
      vertex 15.5629 -8.74357 88.8839
    endloop
  endfacet
  facet normal 0 0.996197 -0.0871275
    outer loop
      vertex 15.7478 -8.7737 88.5394
      vertex 12.0522 -8.7737 88.5394
      vertex 12.2371 -8.74357 88.8839
    endloop
  endfacet
  facet normal 0 0.996193 -0.0871703
    outer loop
      vertex 15.8616 -8.8064 88.1657
      vertex 12.0522 -8.7737 88.5394
      vertex 15.7478 -8.7737 88.5394
    endloop
  endfacet
  facet normal 0 0.996193 -0.0871703
    outer loop
      vertex 15.8616 -8.8064 88.1657
      vertex 11.9384 -8.8064 88.1657
      vertex 12.0522 -8.7737 88.5394
    endloop
  endfacet
  facet normal 0 0.996194 -0.0871638
    outer loop
      vertex 15.9 -8.84041 87.777
      vertex 11.9384 -8.8064 88.1657
      vertex 15.8616 -8.8064 88.1657
    endloop
  endfacet
  facet normal 0 0.996194 -0.0871638
    outer loop
      vertex 15.9 -8.84041 87.777
      vertex 11.9 -8.84041 87.777
      vertex 11.9384 -8.8064 88.1657
    endloop
  endfacet
  facet normal 0 0.996194 -0.0871638
    outer loop
      vertex 15.8616 -8.87442 87.3883
      vertex 11.9 -8.84041 87.777
      vertex 15.9 -8.84041 87.777
    endloop
  endfacet
  facet normal 0 0.996194 -0.0871638
    outer loop
      vertex 15.8616 -8.87442 87.3883
      vertex 11.9384 -8.87442 87.3883
      vertex 11.9 -8.84041 87.777
    endloop
  endfacet
  facet normal 0 0.996198 -0.0871207
    outer loop
      vertex 15.7478 -8.90711 87.0145
      vertex 11.9384 -8.87442 87.3883
      vertex 15.8616 -8.87442 87.3883
    endloop
  endfacet
  facet normal 0 0.996198 -0.0871207
    outer loop
      vertex 15.7478 -8.90711 87.0145
      vertex 12.0522 -8.90711 87.0145
      vertex 11.9384 -8.87442 87.3883
    endloop
  endfacet
  facet normal 0 0.996192 -0.0871813
    outer loop
      vertex 15.5629 -8.93725 86.6701
      vertex 12.0522 -8.90711 87.0145
      vertex 15.7478 -8.90711 87.0145
    endloop
  endfacet
  facet normal 0 0.996192 -0.0871813
    outer loop
      vertex 15.5629 -8.93725 86.6701
      vertex 12.2371 -8.93725 86.6701
      vertex 12.0522 -8.90711 87.0145
    endloop
  endfacet
  facet normal 0 0.996193 -0.0871792
    outer loop
      vertex 15.3142 -8.96367 86.3682
      vertex 12.2371 -8.93725 86.6701
      vertex 15.5629 -8.93725 86.6701
    endloop
  endfacet
  facet normal 0 0.996193 -0.0871792
    outer loop
      vertex 15.3142 -8.96367 86.3682
      vertex 12.4858 -8.96367 86.3682
      vertex 12.2371 -8.93725 86.6701
    endloop
  endfacet
  facet normal 0 0.996198 -0.0871171
    outer loop
      vertex 15.0111 -8.98534 86.1204
      vertex 12.4858 -8.96367 86.3682
      vertex 15.3142 -8.96367 86.3682
    endloop
  endfacet
  facet normal 0 0.996198 -0.0871171
    outer loop
      vertex 15.0111 -8.98534 86.1204
      vertex 12.7889 -8.98534 86.1204
      vertex 12.4858 -8.96367 86.3682
    endloop
  endfacet
  facet normal 0 0.996193 -0.0871737
    outer loop
      vertex 14.6654 -9.00145 85.9363
      vertex 12.7889 -8.98534 86.1204
      vertex 15.0111 -8.98534 86.1204
    endloop
  endfacet
  facet normal 0 0.996193 -0.0871737
    outer loop
      vertex 14.6654 -9.00145 85.9363
      vertex 13.1346 -9.00145 85.9363
      vertex 12.7889 -8.98534 86.1204
    endloop
  endfacet
  facet normal 0 0.996196 -0.0871452
    outer loop
      vertex 14.2902 -9.01137 85.8229
      vertex 13.1346 -9.00145 85.9363
      vertex 14.6654 -9.00145 85.9363
    endloop
  endfacet
  facet normal 0 0.996196 -0.0871452
    outer loop
      vertex 14.2902 -9.01137 85.8229
      vertex 13.5098 -9.01137 85.8229
      vertex 13.1346 -9.00145 85.9363
    endloop
  endfacet
  facet normal 0 0.996197 -0.0871347
    outer loop
      vertex 13.5098 -9.01137 85.8229
      vertex 14.2902 -9.01137 85.8229
      vertex 13.9 -9.01472 85.7846
    endloop
  endfacet
  facet normal 0 0.996197 -0.0871347
    outer loop
      vertex 234.09 -8.66945 89.7311
      vertex 233.31 -8.66945 89.7311
      vertex 233.7 -8.6661 89.7694
    endloop
  endfacet
  facet normal 0 0.996196 -0.0871452
    outer loop
      vertex 234.465 -8.67937 89.6177
      vertex 233.31 -8.66945 89.7311
      vertex 234.09 -8.66945 89.7311
    endloop
  endfacet
  facet normal 0 0.996196 -0.0871452
    outer loop
      vertex 234.465 -8.67937 89.6177
      vertex 232.935 -8.67937 89.6177
      vertex 233.31 -8.66945 89.7311
    endloop
  endfacet
  facet normal 0 0.996198 -0.08712
    outer loop
      vertex 234.811 -8.69547 89.4336
      vertex 232.935 -8.67937 89.6177
      vertex 234.465 -8.67937 89.6177
    endloop
  endfacet
  facet normal 0 0.996198 -0.08712
    outer loop
      vertex 234.811 -8.69547 89.4336
      vertex 232.589 -8.69547 89.4336
      vertex 232.935 -8.67937 89.6177
    endloop
  endfacet
  facet normal 0 0.996195 -0.087157
    outer loop
      vertex 235.114 -8.71715 89.1858
      vertex 232.589 -8.69547 89.4336
      vertex 234.811 -8.69547 89.4336
    endloop
  endfacet
  facet normal 0 0.996195 -0.087157
    outer loop
      vertex 235.114 -8.71715 89.1858
      vertex 232.286 -8.71715 89.1858
      vertex 232.589 -8.69547 89.4336
    endloop
  endfacet
  facet normal 0 0.996193 -0.0871792
    outer loop
      vertex 235.363 -8.74357 88.8839
      vertex 232.286 -8.71715 89.1858
      vertex 235.114 -8.71715 89.1858
    endloop
  endfacet
  facet normal 0 0.996193 -0.0871792
    outer loop
      vertex 235.363 -8.74357 88.8839
      vertex 232.037 -8.74357 88.8839
      vertex 232.286 -8.71715 89.1858
    endloop
  endfacet
  facet normal 0 0.996197 -0.0871275
    outer loop
      vertex 235.548 -8.7737 88.5394
      vertex 232.037 -8.74357 88.8839
      vertex 235.363 -8.74357 88.8839
    endloop
  endfacet
  facet normal 0 0.996197 -0.0871275
    outer loop
      vertex 235.548 -8.7737 88.5394
      vertex 231.852 -8.7737 88.5394
      vertex 232.037 -8.74357 88.8839
    endloop
  endfacet
  facet normal 0 0.996193 -0.0871703
    outer loop
      vertex 235.662 -8.8064 88.1657
      vertex 231.852 -8.7737 88.5394
      vertex 235.548 -8.7737 88.5394
    endloop
  endfacet
  facet normal 0 0.996193 -0.0871703
    outer loop
      vertex 235.662 -8.8064 88.1657
      vertex 231.738 -8.8064 88.1657
      vertex 231.852 -8.7737 88.5394
    endloop
  endfacet
  facet normal 0 0.996194 -0.0871638
    outer loop
      vertex 235.7 -8.84041 87.777
      vertex 231.738 -8.8064 88.1657
      vertex 235.662 -8.8064 88.1657
    endloop
  endfacet
  facet normal 0 0.996194 -0.0871638
    outer loop
      vertex 235.7 -8.84041 87.777
      vertex 231.7 -8.84041 87.777
      vertex 231.738 -8.8064 88.1657
    endloop
  endfacet
  facet normal 0 0.996194 -0.0871638
    outer loop
      vertex 235.662 -8.87442 87.3883
      vertex 231.7 -8.84041 87.777
      vertex 235.7 -8.84041 87.777
    endloop
  endfacet
  facet normal 0 0.996194 -0.0871638
    outer loop
      vertex 235.662 -8.87442 87.3883
      vertex 231.738 -8.87442 87.3883
      vertex 231.7 -8.84041 87.777
    endloop
  endfacet
  facet normal 0 0.996198 -0.0871207
    outer loop
      vertex 235.548 -8.90711 87.0145
      vertex 231.738 -8.87442 87.3883
      vertex 235.662 -8.87442 87.3883
    endloop
  endfacet
  facet normal 0 0.996198 -0.0871207
    outer loop
      vertex 235.548 -8.90711 87.0145
      vertex 231.852 -8.90711 87.0145
      vertex 231.738 -8.87442 87.3883
    endloop
  endfacet
  facet normal 0 0.996192 -0.0871813
    outer loop
      vertex 235.363 -8.93725 86.6701
      vertex 231.852 -8.90711 87.0145
      vertex 235.548 -8.90711 87.0145
    endloop
  endfacet
  facet normal 0 0.996192 -0.0871813
    outer loop
      vertex 235.363 -8.93725 86.6701
      vertex 232.037 -8.93725 86.6701
      vertex 231.852 -8.90711 87.0145
    endloop
  endfacet
  facet normal 0 0.996193 -0.0871792
    outer loop
      vertex 235.114 -8.96367 86.3682
      vertex 232.037 -8.93725 86.6701
      vertex 235.363 -8.93725 86.6701
    endloop
  endfacet
  facet normal 0 0.996193 -0.0871792
    outer loop
      vertex 235.114 -8.96367 86.3682
      vertex 232.286 -8.96367 86.3682
      vertex 232.037 -8.93725 86.6701
    endloop
  endfacet
  facet normal 0 0.996198 -0.0871171
    outer loop
      vertex 234.811 -8.98534 86.1204
      vertex 232.286 -8.96367 86.3682
      vertex 235.114 -8.96367 86.3682
    endloop
  endfacet
  facet normal 0 0.996198 -0.0871171
    outer loop
      vertex 234.811 -8.98534 86.1204
      vertex 232.589 -8.98534 86.1204
      vertex 232.286 -8.96367 86.3682
    endloop
  endfacet
  facet normal 0 0.996193 -0.0871737
    outer loop
      vertex 234.465 -9.00145 85.9363
      vertex 232.589 -8.98534 86.1204
      vertex 234.811 -8.98534 86.1204
    endloop
  endfacet
  facet normal 0 0.996193 -0.0871737
    outer loop
      vertex 234.465 -9.00145 85.9363
      vertex 232.935 -9.00145 85.9363
      vertex 232.589 -8.98534 86.1204
    endloop
  endfacet
  facet normal 0 0.996196 -0.0871452
    outer loop
      vertex 234.09 -9.01137 85.8229
      vertex 232.935 -9.00145 85.9363
      vertex 234.465 -9.00145 85.9363
    endloop
  endfacet
  facet normal 0 0.996196 -0.0871452
    outer loop
      vertex 234.09 -9.01137 85.8229
      vertex 233.31 -9.01137 85.8229
      vertex 232.935 -9.00145 85.9363
    endloop
  endfacet
  facet normal 0 0.996197 -0.0871347
    outer loop
      vertex 233.31 -9.01137 85.8229
      vertex 234.09 -9.01137 85.8229
      vertex 233.7 -9.01472 85.7846
    endloop
  endfacet
  facet normal 0 0.996137 -0.0878173
    outer loop
      vertex 14.2902 -3.00432 154.484
      vertex 13.5098 -3.00432 154.484
      vertex 13.9 -3.00097 154.522
    endloop
  endfacet
  facet normal 0 0.996235 -0.08669
    outer loop
      vertex 14.6654 -3.01424 154.37
      vertex 13.5098 -3.00432 154.484
      vertex 14.2902 -3.00432 154.484
    endloop
  endfacet
  facet normal 0 0.996235 -0.08669
    outer loop
      vertex 14.6654 -3.01424 154.37
      vertex 13.1346 -3.01424 154.37
      vertex 13.5098 -3.00432 154.484
    endloop
  endfacet
  facet normal 0 0.996189 -0.0872207
    outer loop
      vertex 15.0111 -3.03035 154.186
      vertex 13.1346 -3.01424 154.37
      vertex 14.6654 -3.01424 154.37
    endloop
  endfacet
  facet normal 0 0.996189 -0.0872207
    outer loop
      vertex 15.0111 -3.03035 154.186
      vertex 12.7889 -3.03035 154.186
      vertex 13.1346 -3.01424 154.37
    endloop
  endfacet
  facet normal 0 0.996201 -0.0870872
    outer loop
      vertex 15.3142 -3.05203 153.938
      vertex 12.7889 -3.03035 154.186
      vertex 15.0111 -3.03035 154.186
    endloop
  endfacet
  facet normal 0 0.996201 -0.0870872
    outer loop
      vertex 15.3142 -3.05203 153.938
      vertex 12.4858 -3.05203 153.938
      vertex 12.7889 -3.03035 154.186
    endloop
  endfacet
  facet normal 0 0.996173 -0.0874051
    outer loop
      vertex 15.5629 -3.07844 153.637
      vertex 12.4858 -3.05203 153.938
      vertex 15.3142 -3.05203 153.938
    endloop
  endfacet
  facet normal 0 0.996173 -0.0874051
    outer loop
      vertex 15.5629 -3.07844 153.637
      vertex 12.2371 -3.07844 153.637
      vertex 12.4858 -3.05203 153.938
    endloop
  endfacet
  facet normal 0 0.996206 -0.0870308
    outer loop
      vertex 15.7478 -3.10858 153.292
      vertex 12.2371 -3.07844 153.637
      vertex 15.5629 -3.07844 153.637
    endloop
  endfacet
  facet normal 0 0.996206 -0.0870308
    outer loop
      vertex 15.7478 -3.10858 153.292
      vertex 12.0522 -3.10858 153.292
      vertex 12.2371 -3.07844 153.637
    endloop
  endfacet
  facet normal 0 0.996199 -0.0871009
    outer loop
      vertex 15.8616 -3.14128 152.918
      vertex 12.0522 -3.10858 153.292
      vertex 15.7478 -3.10858 153.292
    endloop
  endfacet
  facet normal 0 0.996199 -0.0871009
    outer loop
      vertex 15.8616 -3.14128 152.918
      vertex 11.9384 -3.14128 152.918
      vertex 12.0522 -3.10858 153.292
    endloop
  endfacet
  facet normal 0 0.99618 -0.0873198
    outer loop
      vertex 15.9 -3.17529 152.53
      vertex 11.9384 -3.14128 152.918
      vertex 15.8616 -3.14128 152.918
    endloop
  endfacet
  facet normal 0 0.99618 -0.0873198
    outer loop
      vertex 15.9 -3.17529 152.53
      vertex 11.9 -3.17529 152.53
      vertex 11.9384 -3.14128 152.918
    endloop
  endfacet
  facet normal 0 0.996202 -0.0870716
    outer loop
      vertex 15.8616 -3.20929 152.141
      vertex 11.9 -3.17529 152.53
      vertex 15.9 -3.17529 152.53
    endloop
  endfacet
  facet normal 0 0.996202 -0.0870716
    outer loop
      vertex 15.8616 -3.20929 152.141
      vertex 11.9384 -3.20929 152.141
      vertex 11.9 -3.17529 152.53
    endloop
  endfacet
  facet normal 0 0.996199 -0.0871009
    outer loop
      vertex 15.7478 -3.24199 151.767
      vertex 11.9384 -3.20929 152.141
      vertex 15.8616 -3.20929 152.141
    endloop
  endfacet
  facet normal 0 0.996199 -0.0871009
    outer loop
      vertex 15.7478 -3.24199 151.767
      vertex 12.0522 -3.24199 151.767
      vertex 11.9384 -3.20929 152.141
    endloop
  endfacet
  facet normal 0 0.996184 -0.0872819
    outer loop
      vertex 15.5629 -3.27213 151.423
      vertex 12.0522 -3.24199 151.767
      vertex 15.7478 -3.24199 151.767
    endloop
  endfacet
  facet normal 0 0.996184 -0.0872819
    outer loop
      vertex 15.5629 -3.27213 151.423
      vertex 12.2371 -3.27213 151.423
      vertex 12.0522 -3.24199 151.767
    endloop
  endfacet
  facet normal 0 0.996198 -0.0871178
    outer loop
      vertex 15.3142 -3.29854 151.121
      vertex 12.2371 -3.27213 151.423
      vertex 15.5629 -3.27213 151.423
    endloop
  endfacet
  facet normal 0 0.996198 -0.0871178
    outer loop
      vertex 15.3142 -3.29854 151.121
      vertex 12.4858 -3.29854 151.121
      vertex 12.2371 -3.27213 151.423
    endloop
  endfacet
  facet normal 0 0.996201 -0.0870872
    outer loop
      vertex 15.0111 -3.32022 150.873
      vertex 12.4858 -3.29854 151.121
      vertex 15.3142 -3.29854 151.121
    endloop
  endfacet
  facet normal 0 0.996201 -0.0870872
    outer loop
      vertex 15.0111 -3.32022 150.873
      vertex 12.7889 -3.32022 150.873
      vertex 12.4858 -3.29854 151.121
    endloop
  endfacet
  facet normal 0 0.996189 -0.0872207
    outer loop
      vertex 14.6654 -3.33633 150.689
      vertex 12.7889 -3.32022 150.873
      vertex 15.0111 -3.32022 150.873
    endloop
  endfacet
  facet normal 0 0.996189 -0.0872207
    outer loop
      vertex 14.6654 -3.33633 150.689
      vertex 13.1346 -3.33633 150.689
      vertex 12.7889 -3.32022 150.873
    endloop
  endfacet
  facet normal 0 0.996169 -0.0874513
    outer loop
      vertex 14.2902 -3.34625 150.576
      vertex 13.1346 -3.33633 150.689
      vertex 14.6654 -3.33633 150.689
    endloop
  endfacet
  facet normal 0 0.996169 -0.0874513
    outer loop
      vertex 14.2902 -3.34625 150.576
      vertex 13.5098 -3.34625 150.576
      vertex 13.1346 -3.33633 150.689
    endloop
  endfacet
  facet normal 0 0.996331 -0.0855823
    outer loop
      vertex 13.5098 -3.34625 150.576
      vertex 14.2902 -3.34625 150.576
      vertex 13.9 -3.3496 150.537
    endloop
  endfacet
  facet normal 0 0.996137 -0.0878173
    outer loop
      vertex 234.09 -3.00432 154.484
      vertex 233.31 -3.00432 154.484
      vertex 233.7 -3.00097 154.522
    endloop
  endfacet
  facet normal 0 0.996235 -0.08669
    outer loop
      vertex 234.465 -3.01424 154.37
      vertex 233.31 -3.00432 154.484
      vertex 234.09 -3.00432 154.484
    endloop
  endfacet
  facet normal 0 0.996235 -0.08669
    outer loop
      vertex 234.465 -3.01424 154.37
      vertex 232.935 -3.01424 154.37
      vertex 233.31 -3.00432 154.484
    endloop
  endfacet
  facet normal 0 0.996189 -0.0872207
    outer loop
      vertex 234.811 -3.03035 154.186
      vertex 232.935 -3.01424 154.37
      vertex 234.465 -3.01424 154.37
    endloop
  endfacet
  facet normal 0 0.996189 -0.0872207
    outer loop
      vertex 234.811 -3.03035 154.186
      vertex 232.589 -3.03035 154.186
      vertex 232.935 -3.01424 154.37
    endloop
  endfacet
  facet normal 0 0.996201 -0.0870872
    outer loop
      vertex 235.114 -3.05203 153.938
      vertex 232.589 -3.03035 154.186
      vertex 234.811 -3.03035 154.186
    endloop
  endfacet
  facet normal 0 0.996201 -0.0870872
    outer loop
      vertex 235.114 -3.05203 153.938
      vertex 232.286 -3.05203 153.938
      vertex 232.589 -3.03035 154.186
    endloop
  endfacet
  facet normal 0 0.996173 -0.0874051
    outer loop
      vertex 235.363 -3.07844 153.637
      vertex 232.286 -3.05203 153.938
      vertex 235.114 -3.05203 153.938
    endloop
  endfacet
  facet normal 0 0.996173 -0.0874051
    outer loop
      vertex 235.363 -3.07844 153.637
      vertex 232.037 -3.07844 153.637
      vertex 232.286 -3.05203 153.938
    endloop
  endfacet
  facet normal 0 0.996206 -0.0870308
    outer loop
      vertex 235.548 -3.10858 153.292
      vertex 232.037 -3.07844 153.637
      vertex 235.363 -3.07844 153.637
    endloop
  endfacet
  facet normal 0 0.996206 -0.0870308
    outer loop
      vertex 235.548 -3.10858 153.292
      vertex 231.852 -3.10858 153.292
      vertex 232.037 -3.07844 153.637
    endloop
  endfacet
  facet normal 0 0.996199 -0.0871009
    outer loop
      vertex 235.662 -3.14128 152.918
      vertex 231.852 -3.10858 153.292
      vertex 235.548 -3.10858 153.292
    endloop
  endfacet
  facet normal 0 0.996199 -0.0871009
    outer loop
      vertex 235.662 -3.14128 152.918
      vertex 231.738 -3.14128 152.918
      vertex 231.852 -3.10858 153.292
    endloop
  endfacet
  facet normal 0 0.99618 -0.0873198
    outer loop
      vertex 235.7 -3.17529 152.53
      vertex 231.738 -3.14128 152.918
      vertex 235.662 -3.14128 152.918
    endloop
  endfacet
  facet normal 0 0.99618 -0.0873198
    outer loop
      vertex 235.7 -3.17529 152.53
      vertex 231.7 -3.17529 152.53
      vertex 231.738 -3.14128 152.918
    endloop
  endfacet
  facet normal 0 0.996202 -0.0870716
    outer loop
      vertex 235.662 -3.20929 152.141
      vertex 231.7 -3.17529 152.53
      vertex 235.7 -3.17529 152.53
    endloop
  endfacet
  facet normal 0 0.996202 -0.0870716
    outer loop
      vertex 235.662 -3.20929 152.141
      vertex 231.738 -3.20929 152.141
      vertex 231.7 -3.17529 152.53
    endloop
  endfacet
  facet normal 0 0.996199 -0.0871009
    outer loop
      vertex 235.548 -3.24199 151.767
      vertex 231.738 -3.20929 152.141
      vertex 235.662 -3.20929 152.141
    endloop
  endfacet
  facet normal 0 0.996199 -0.0871009
    outer loop
      vertex 235.548 -3.24199 151.767
      vertex 231.852 -3.24199 151.767
      vertex 231.738 -3.20929 152.141
    endloop
  endfacet
  facet normal 0 0.996184 -0.0872819
    outer loop
      vertex 235.363 -3.27213 151.423
      vertex 231.852 -3.24199 151.767
      vertex 235.548 -3.24199 151.767
    endloop
  endfacet
  facet normal 0 0.996184 -0.0872819
    outer loop
      vertex 235.363 -3.27213 151.423
      vertex 232.037 -3.27213 151.423
      vertex 231.852 -3.24199 151.767
    endloop
  endfacet
  facet normal 0 0.996198 -0.0871178
    outer loop
      vertex 235.114 -3.29854 151.121
      vertex 232.037 -3.27213 151.423
      vertex 235.363 -3.27213 151.423
    endloop
  endfacet
  facet normal 0 0.996198 -0.0871178
    outer loop
      vertex 235.114 -3.29854 151.121
      vertex 232.286 -3.29854 151.121
      vertex 232.037 -3.27213 151.423
    endloop
  endfacet
  facet normal 0 0.996201 -0.0870872
    outer loop
      vertex 234.811 -3.32022 150.873
      vertex 232.286 -3.29854 151.121
      vertex 235.114 -3.29854 151.121
    endloop
  endfacet
  facet normal 0 0.996201 -0.0870872
    outer loop
      vertex 234.811 -3.32022 150.873
      vertex 232.589 -3.32022 150.873
      vertex 232.286 -3.29854 151.121
    endloop
  endfacet
  facet normal 0 0.996189 -0.0872207
    outer loop
      vertex 234.465 -3.33633 150.689
      vertex 232.589 -3.32022 150.873
      vertex 234.811 -3.32022 150.873
    endloop
  endfacet
  facet normal 0 0.996189 -0.0872207
    outer loop
      vertex 234.465 -3.33633 150.689
      vertex 232.935 -3.33633 150.689
      vertex 232.589 -3.32022 150.873
    endloop
  endfacet
  facet normal 0 0.996169 -0.0874513
    outer loop
      vertex 234.09 -3.34625 150.576
      vertex 232.935 -3.33633 150.689
      vertex 234.465 -3.33633 150.689
    endloop
  endfacet
  facet normal 0 0.996169 -0.0874513
    outer loop
      vertex 234.09 -3.34625 150.576
      vertex 233.31 -3.34625 150.576
      vertex 232.935 -3.33633 150.689
    endloop
  endfacet
  facet normal 0 0.996331 -0.0855823
    outer loop
      vertex 233.31 -3.34625 150.576
      vertex 234.09 -3.34625 150.576
      vertex 233.7 -3.3496 150.537
    endloop
  endfacet
  facet normal 0.018417 -0.0871977 -0.996021
    outer loop
      vertex 80.367 -3.80374 162.844
      vertex 123.8 -2.21483 163.508
      vertex 123.8 -3.73403 163.641
    endloop
  endfacet
  facet normal 0.0184171 -0.0871983 -0.996021
    outer loop
      vertex 123.8 -2.21483 163.508
      vertex 80.367 -3.80374 162.844
      vertex 80.367 -2.28455 162.711
    endloop
  endfacet
  facet normal 0.0994603 -0.0867801 -0.99125
    outer loop
      vertex 27.6467 -2.58646 159.26
      vertex 38.6032 -4.01021 160.484
      vertex 27.6467 -4.10566 159.393
    endloop
  endfacet
  facet normal 0.0994602 -0.0867806 -0.99125
    outer loop
      vertex 38.6032 -4.01021 160.484
      vertex 27.6467 -2.58646 159.26
      vertex 38.6032 -2.49102 160.351
    endloop
  endfacet
  facet normal -0.0566328 -0.0870731 -0.994591
    outer loop
      vertex 167.233 -3.80374 162.844
      vertex 208.997 -2.49102 160.351
      vertex 208.997 -4.01021 160.484
    endloop
  endfacet
  facet normal -0.0566328 -0.0870731 -0.994591
    outer loop
      vertex 208.997 -2.49102 160.351
      vertex 167.233 -3.80374 162.844
      vertex 167.233 -2.28455 162.711
    endloop
  endfacet
  facet normal -0.018417 -0.0871983 -0.996021
    outer loop
      vertex 123.8 -3.73403 163.641
      vertex 167.233 -2.28455 162.711
      vertex 167.233 -3.80374 162.844
    endloop
  endfacet
  facet normal -0.0184171 -0.0871977 -0.996021
    outer loop
      vertex 167.233 -2.28455 162.711
      vertex 123.8 -3.73403 163.641
      vertex 123.8 -2.21483 163.508
    endloop
  endfacet
  facet normal -0.0994648 -0.08678 -0.99125
    outer loop
      vertex 208.997 -4.01021 160.484
      vertex 219.953 -2.58646 159.26
      vertex 219.953 -4.10566 159.393
    endloop
  endfacet
  facet normal -0.0994647 -0.0867806 -0.99125
    outer loop
      vertex 219.953 -2.58646 159.26
      vertex 208.997 -4.01021 160.484
      vertex 208.997 -2.49102 160.351
    endloop
  endfacet
  facet normal 0.0566331 -0.0870731 -0.994591
    outer loop
      vertex 38.6032 -4.01021 160.484
      vertex 80.367 -2.28455 162.711
      vertex 80.367 -3.80374 162.844
    endloop
  endfacet
  facet normal 0.0566331 -0.0870731 -0.994591
    outer loop
      vertex 80.367 -2.28455 162.711
      vertex 38.6032 -4.01021 160.484
      vertex 38.6032 -2.49102 160.351
    endloop
  endfacet
  facet normal 0.0566331 0.0870725 0.994591
    outer loop
      vertex 38.6032 -15.1898 15.2031
      vertex 80.367 -16.9155 12.9761
      vertex 80.367 -15.3963 12.8431
    endloop
  endfacet
  facet normal 0.0566308 0.0870076 0.994597
    outer loop
      vertex 80.367 -16.9155 12.9761
      vertex 38.6032 -15.1898 15.2031
      vertex 38.6032 -16.709 15.336
    endloop
  endfacet
  facet normal -0.0184124 0.0871977 0.996021
    outer loop
      vertex 123.8 -15.466 12.0463
      vertex 167.233 -16.9155 12.9761
      vertex 167.233 -15.3963 12.8431
    endloop
  endfacet
  facet normal -0.0184147 0.0871327 0.996027
    outer loop
      vertex 167.233 -16.9155 12.9761
      vertex 123.8 -15.466 12.0463
      vertex 123.8 -16.9852 12.1792
    endloop
  endfacet
  facet normal -0.0994555 0.0867154 0.991256
    outer loop
      vertex 208.997 -15.1898 15.2031
      vertex 219.953 -16.6136 16.4269
      vertex 219.953 -15.0944 16.294
    endloop
  endfacet
  facet normal -0.0994555 0.0867154 0.991256
    outer loop
      vertex 219.953 -16.6136 16.4269
      vertex 208.997 -15.1898 15.2031
      vertex 208.997 -16.709 15.336
    endloop
  endfacet
  facet normal 0.099451 0.0867154 0.991257
    outer loop
      vertex 27.6467 -16.6136 16.4269
      vertex 38.6032 -15.1898 15.2031
      vertex 27.6467 -15.0944 16.294
    endloop
  endfacet
  facet normal 0.099451 0.0867154 0.991257
    outer loop
      vertex 38.6032 -15.1898 15.2031
      vertex 27.6467 -16.6136 16.4269
      vertex 38.6032 -16.709 15.336
    endloop
  endfacet
  facet normal 0.0184124 0.0871327 0.996027
    outer loop
      vertex 80.367 -15.3963 12.8431
      vertex 123.8 -16.9852 12.1792
      vertex 123.8 -15.466 12.0463
    endloop
  endfacet
  facet normal 0.0184147 0.0871977 0.996021
    outer loop
      vertex 123.8 -16.9852 12.1792
      vertex 80.367 -15.3963 12.8431
      vertex 80.367 -16.9155 12.9761
    endloop
  endfacet
  facet normal -0.0566329 0.0870076 0.994597
    outer loop
      vertex 167.233 -15.3963 12.8431
      vertex 208.997 -16.709 15.336
      vertex 208.997 -15.1898 15.2031
    endloop
  endfacet
  facet normal -0.0566305 0.0870725 0.994591
    outer loop
      vertex 208.997 -16.709 15.336
      vertex 167.233 -15.3963 12.8431
      vertex 167.233 -16.9155 12.9761
    endloop
  endfacet
  facet normal 0.999831 -0.00160315 -0.018312
    outer loop
      vertex 23.4138 -5.74323 140.675
      vertex 22.44 -8.84041 87.777
      vertex 23.4138 -4.22403 140.542
    endloop
  endfacet
  facet normal 0.999831 -0.00160196 -0.0183121
    outer loop
      vertex 22.44 -8.84041 87.777
      vertex 23.4138 -5.74323 140.675
      vertex 22.44 -10.3596 87.9099
    endloop
  endfacet
  facet normal 0.998401 -0.00493035 -0.0563172
    outer loop
      vertex 24.2274 -4.49096 154.989
      vertex 23.4138 -4.22403 140.542
      vertex 24.2274 -2.97176 154.856
    endloop
  endfacet
  facet normal 0.998401 -0.00493035 -0.0563172
    outer loop
      vertex 23.4138 -4.22403 140.542
      vertex 24.2274 -4.49096 154.989
      vertex 23.4138 -5.74323 140.675
    endloop
  endfacet
  facet normal 0.999831 0.00160195 0.018312
    outer loop
      vertex 22.44 -10.3596 87.9099
      vertex 23.4138 -13.4568 35.0115
      vertex 22.44 -8.84041 87.777
    endloop
  endfacet
  facet normal 0.999831 0.00160194 0.018312
    outer loop
      vertex 23.4138 -13.4568 35.0115
      vertex 22.44 -10.3596 87.9099
      vertex 23.4138 -14.976 35.1444
    endloop
  endfacet
  facet normal 0.998401 0.00492684 0.0563195
    outer loop
      vertex 23.4138 -14.976 35.1444
      vertex 24.2274 -14.7091 20.698
      vertex 23.4138 -13.4568 35.0115
    endloop
  endfacet
  facet normal 0.998401 0.00493056 0.0563195
    outer loop
      vertex 24.2274 -14.7091 20.698
      vertex 23.4138 -14.976 35.1444
      vertex 24.2274 -16.2283 20.831
    endloop
  endfacet
  facet normal -0.999831 -0.00160348 -0.0183158
    outer loop
      vertex 225.16 -8.84041 87.777
      vertex 224.186 -5.74323 140.675
      vertex 224.186 -4.22403 140.542
    endloop
  endfacet
  facet normal -0.999831 -0.00160229 -0.0183159
    outer loop
      vertex 224.186 -5.74323 140.675
      vertex 225.16 -8.84041 87.777
      vertex 225.16 -10.3596 87.9099
    endloop
  endfacet
  facet normal -0.998403 -0.00492673 -0.0562758
    outer loop
      vertex 224.186 -4.22403 140.542
      vertex 223.373 -4.49096 154.989
      vertex 223.373 -2.97176 154.856
    endloop
  endfacet
  facet normal -0.998403 -0.00492673 -0.0562758
    outer loop
      vertex 223.373 -4.49096 154.989
      vertex 224.186 -4.22403 140.542
      vertex 224.186 -5.74323 140.675
    endloop
  endfacet
  facet normal -0.999831 0.00160228 0.0183157
    outer loop
      vertex 224.186 -13.4568 35.0115
      vertex 225.16 -10.3596 87.9099
      vertex 225.16 -8.84041 87.777
    endloop
  endfacet
  facet normal -0.999831 0.00160226 0.0183157
    outer loop
      vertex 225.16 -10.3596 87.9099
      vertex 224.186 -13.4568 35.0115
      vertex 224.186 -14.976 35.1444
    endloop
  endfacet
  facet normal -0.998403 0.00492322 0.0562781
    outer loop
      vertex 223.373 -14.7091 20.698
      vertex 224.186 -14.976 35.1444
      vertex 224.186 -13.4568 35.0115
    endloop
  endfacet
  facet normal -0.998403 0.00492693 0.0562781
    outer loop
      vertex 224.186 -14.976 35.1444
      vertex 223.373 -14.7091 20.698
      vertex 223.373 -16.2283 20.831
    endloop
  endfacet
  facet normal -0.881867 -0.0411206 -0.469702
    outer loop
      vertex 223.373 -2.97176 154.856
      vertex 222.364 -4.32646 156.869
      vertex 222.364 -2.80726 156.736
    endloop
  endfacet
  facet normal -0.881867 -0.0411206 -0.469702
    outer loop
      vertex 222.364 -4.32646 156.869
      vertex 223.373 -2.97176 154.856
      vertex 223.373 -4.49096 154.989
    endloop
  endfacet
  facet normal -0.772908 -0.0553379 -0.6321
    outer loop
      vertex 222.364 -2.80726 156.736
      vertex 220.968 -4.17825 158.563
      vertex 220.968 -2.65905 158.43
    endloop
  endfacet
  facet normal -0.772908 -0.0553379 -0.6321
    outer loop
      vertex 220.968 -4.17825 158.563
      vertex 222.364 -2.80726 156.736
      vertex 222.364 -4.32646 156.869
    endloop
  endfacet
  facet normal -0.634475 -0.0674103 -0.769998
    outer loop
      vertex 219.953 -4.10566 159.393
      vertex 220.968 -2.65905 158.43
      vertex 220.968 -4.17825 158.563
    endloop
  endfacet
  facet normal -0.634475 -0.0674103 -0.769998
    outer loop
      vertex 220.968 -2.65905 158.43
      vertex 219.953 -4.10566 159.393
      vertex 219.953 -2.58646 159.26
    endloop
  endfacet
  facet normal -0.634339 0.0673697 0.770114
    outer loop
      vertex 219.953 -15.0944 16.294
      vertex 220.968 -16.541 17.2566
      vertex 220.968 -15.0218 17.1237
    endloop
  endfacet
  facet normal -0.634349 0.0673578 0.770106
    outer loop
      vertex 220.968 -16.541 17.2566
      vertex 219.953 -15.0944 16.294
      vertex 219.96 -16.6131 16.4326
    endloop
  endfacet
  facet normal -0.632881 0.0674738 0.771303
    outer loop
      vertex 219.96 -16.6131 16.4326
      vertex 219.953 -15.0944 16.294
      vertex 219.953 -16.6136 16.4269
    endloop
  endfacet
  facet normal -0.881898 0.0410848 0.469647
    outer loop
      vertex 222.364 -14.8736 18.8178
      vertex 222.364 -16.3928 18.9507
      vertex 223.373 -16.2283 20.831
    endloop
  endfacet
  facet normal -0.881888 0.0411172 0.469663
    outer loop
      vertex 223.373 -16.2283 20.831
      vertex 223.373 -14.7091 20.698
      vertex 222.364 -14.8736 18.8178
    endloop
  endfacet
  facet normal -0.772926 0.0552889 0.632083
    outer loop
      vertex 221.804 -16.4522 18.2711
      vertex 222.364 -14.8736 18.8178
      vertex 220.968 -15.0218 17.1237
    endloop
  endfacet
  facet normal -0.772932 0.055294 0.632074
    outer loop
      vertex 222.364 -14.8736 18.8178
      vertex 221.804 -16.4522 18.2711
      vertex 222.364 -16.3928 18.9507
    endloop
  endfacet
  facet normal -0.772922 0.0552951 0.632087
    outer loop
      vertex 221.804 -16.4522 18.2711
      vertex 220.968 -15.0218 17.1237
      vertex 220.968 -16.541 17.2566
    endloop
  endfacet
  facet normal 0.881906 -0.0411142 -0.469629
    outer loop
      vertex 25.2362 -4.32646 156.869
      vertex 24.2274 -2.97176 154.856
      vertex 25.2362 -2.80726 156.736
    endloop
  endfacet
  facet normal 0.881906 -0.0411142 -0.469629
    outer loop
      vertex 24.2274 -2.97176 154.856
      vertex 25.2362 -4.32646 156.869
      vertex 24.2274 -4.49096 154.989
    endloop
  endfacet
  facet normal 0.772866 -0.0553423 -0.632151
    outer loop
      vertex 26.2469 -4.21912 158.096
      vertex 26.6318 -2.65905 158.43
      vertex 26.6318 -4.17825 158.563
    endloop
  endfacet
  facet normal 0.772997 -0.0554101 -0.631985
    outer loop
      vertex 26.6318 -2.65905 158.43
      vertex 26.2469 -4.21912 158.096
      vertex 25.2362 -2.80726 156.736
    endloop
  endfacet
  facet normal 0.773047 -0.0553231 -0.631932
    outer loop
      vertex 25.2362 -2.80726 156.736
      vertex 26.2469 -4.21912 158.096
      vertex 25.2362 -4.32646 156.869
    endloop
  endfacet
  facet normal 0.634267 -0.0676975 -0.770145
    outer loop
      vertex 26.6318 -2.65905 158.43
      vertex 27.6467 -4.10566 159.393
      vertex 26.7486 -4.1699 158.659
    endloop
  endfacet
  facet normal 0.636393 -0.0672727 -0.768426
    outer loop
      vertex 26.6318 -2.65905 158.43
      vertex 26.7486 -4.1699 158.659
      vertex 26.6318 -4.17825 158.563
    endloop
  endfacet
  facet normal 0.634512 -0.0674077 -0.769968
    outer loop
      vertex 27.6467 -4.10566 159.393
      vertex 26.6318 -2.65905 158.43
      vertex 27.6467 -2.58646 159.26
    endloop
  endfacet
  facet normal 0.634377 0.0673671 0.770083
    outer loop
      vertex 26.6318 -16.541 17.2566
      vertex 27.6467 -15.0944 16.294
      vertex 26.6318 -15.0218 17.1237
    endloop
  endfacet
  facet normal 0.634377 0.0673671 0.770083
    outer loop
      vertex 27.6467 -15.0944 16.294
      vertex 26.6318 -16.541 17.2566
      vertex 27.6467 -16.6136 16.4269
    endloop
  endfacet
  facet normal 0.881926 0.0411108 0.469591
    outer loop
      vertex 24.2274 -16.2283 20.831
      vertex 25.2362 -14.8736 18.8178
      vertex 24.2274 -14.7091 20.698
    endloop
  endfacet
  facet normal 0.881937 0.0410785 0.469574
    outer loop
      vertex 25.2362 -14.8736 18.8178
      vertex 24.2274 -16.2283 20.831
      vertex 25.2362 -16.3928 18.9507
    endloop
  endfacet
  facet normal 0.773015 0.0552852 0.631974
    outer loop
      vertex 25.2362 -16.3928 18.9507
      vertex 26.6318 -15.0218 17.1237
      vertex 25.2362 -14.8736 18.8178
    endloop
  endfacet
  facet normal 0.773015 0.0552852 0.631974
    outer loop
      vertex 26.6318 -15.0218 17.1237
      vertex 25.2362 -16.3928 18.9507
      vertex 26.6318 -16.541 17.2566
    endloop
  endfacet
  facet normal 0 -0.875612 -0.483016
    outer loop
      vertex 123.8 -3.73403 163.641
      vertex 188.38 -6.91805 169.413
      vertex 59.2199 -6.91805 169.413
    endloop
  endfacet
  facet normal -0.43741 -0.897656 0.0537218
    outer loop
      vertex 223.373 -4.49096 154.989
      vertex 230.795 -7.9507 157.61
      vertex 230.474 -7.45573 163.267
    endloop
  endfacet
  facet normal -0.437402 -0.897662 0.0536892
    outer loop
      vertex 230.795 -7.9507 157.61
      vertex 223.373 -4.49096 154.989
      vertex 224.186 -5.74323 140.675
    endloop
  endfacet
  facet normal 0.00889576 -0.914342 -0.404845
    outer loop
      vertex 80.367 -3.80374 162.844
      vertex 59.2199 -6.91805 169.413
      vertex 42.0526 -6.9456 169.098
    endloop
  endfacet
  facet normal 0.00889643 -0.914343 -0.404843
    outer loop
      vertex 59.2199 -6.91805 169.413
      vertex 80.367 -3.80374 162.844
      vertex 123.8 -3.73403 163.641
    endloop
  endfacet
  facet normal -0.00889643 -0.914343 -0.404843
    outer loop
      vertex 167.233 -3.80374 162.844
      vertex 188.38 -6.91805 169.413
      vertex 123.8 -3.73403 163.641
    endloop
  endfacet
  facet normal -0.00889591 -0.914342 -0.404844
    outer loop
      vertex 188.38 -6.91805 169.413
      vertex 167.233 -3.80374 162.844
      vertex 205.547 -6.9456 169.098
    endloop
  endfacet
  facet normal -0.0233589 -0.943399 -0.330837
    outer loop
      vertex 208.997 -4.01021 160.484
      vertex 205.547 -6.9456 169.098
      vertex 167.233 -3.80374 162.844
    endloop
  endfacet
  facet normal -0.0233622 -0.943398 -0.330838
    outer loop
      vertex 205.547 -6.9456 169.098
      vertex 208.997 -4.01021 160.484
      vertex 222.055 -7.02721 168.165
    endloop
  endfacet
  facet normal 0 -0.778452 0.627704
    outer loop
      vertex 188.38 -21.1232 7.04742
      vertex 123.8 -16.9852 12.1792
      vertex 59.2199 -21.1232 7.04742
    endloop
  endfacet
  facet normal -0.29589 -0.952289 -0.0747912
    outer loop
      vertex 223.373 -4.49096 154.989
      vertex 230.265 -7.36446 164.31
      vertex 230.013 -7.32323 164.782
    endloop
  endfacet
  facet normal -0.103076 -0.901693 0.419912
    outer loop
      vertex 226.92 -20.9717 8.77877
      vertex 227.433 -20.9581 8.9339
      vertex 219.953 -16.6136 16.4269
    endloop
  endfacet
  facet normal 0.246708 -0.961744 -0.119099
    outer loop
      vertex 26.6318 -4.17825 158.563
      vertex 18.8782 -7.16348 166.608
      vertex 18.5379 -7.19963 166.195
    endloop
  endfacet
  facet normal 0.103012 -0.960903 -0.257011
    outer loop
      vertex 27.6467 -4.10566 159.393
      vertex 20.6804 -7.06952 167.682
      vertex 20.1671 -7.08309 167.527
    endloop
  endfacet
  facet normal 0.295461 -0.952397 -0.0751161
    outer loop
      vertex 24.2274 -4.49096 154.989
      vertex 17.5875 -7.32323 164.782
      vertex 17.3346 -7.36446 164.31
    endloop
  endfacet
  facet normal 0.202455 -0.9656 -0.163181
    outer loop
      vertex 26.6318 -4.17825 158.563
      vertex 19.2929 -7.13382 166.947
      vertex 18.8782 -7.16348 166.608
    endloop
  endfacet
  facet normal -0.0382011 -0.95049 -0.308397
    outer loop
      vertex 208.997 -4.01021 160.484
      vertex 222.589 -7.0318 168.113
      vertex 222.055 -7.02721 168.165
    endloop
  endfacet
  facet normal -0.421666 -0.905987 0.0372318
    outer loop
      vertex 223.373 -4.49096 154.989
      vertex 230.474 -7.45573 163.267
      vertex 230.421 -7.4092 163.799
    endloop
  endfacet
  facet normal -0.354199 -0.934801 -0.0262858
    outer loop
      vertex 223.373 -4.49096 154.989
      vertex 230.421 -7.4092 163.799
      vertex 230.265 -7.36446 164.31
    endloop
  endfacet
  facet normal -0.0388853 -0.950816 -0.307307
    outer loop
      vertex 219.953 -4.10566 159.393
      vertex 222.589 -7.0318 168.113
      vertex 208.997 -4.01021 160.484
    endloop
  endfacet
  facet normal -0.0388633 -0.950814 -0.307313
    outer loop
      vertex 222.589 -7.0318 168.113
      vertex 219.953 -4.10566 159.393
      vertex 226.92 -7.06952 167.682
    endloop
  endfacet
  facet normal -0.103059 -0.96091 -0.256966
    outer loop
      vertex 219.953 -4.10566 159.393
      vertex 227.433 -7.08309 167.527
      vertex 226.92 -7.06952 167.682
    endloop
  endfacet
  facet normal -0.0233566 -0.871623 0.48962
    outer loop
      vertex 205.547 -21.0956 7.36239
      vertex 208.997 -16.709 15.336
      vertex 167.233 -16.9155 12.9761
    endloop
  endfacet
  facet normal -0.023358 -0.871623 0.489621
    outer loop
      vertex 208.997 -16.709 15.336
      vertex 205.547 -21.0956 7.36239
      vertex 222.055 -21.014 8.29519
    endloop
  endfacet
  facet normal -0.469243 -0.878915 0.0855571
    outer loop
      vertex 224.186 -14.976 35.1444
      vertex 231.18 -18.2659 39.7068
      vertex 225.16 -10.3596 87.9099
    endloop
  endfacet
  facet normal -0.469242 -0.878916 0.0855542
    outer loop
      vertex 231.18 -18.2659 39.7068
      vertex 224.186 -14.976 35.1444
      vertex 230.795 -20.0905 18.8507
    endloop
  endfacet
  facet normal 0.0383673 -0.882625 0.46851
    outer loop
      vertex 25.5449 -21.014 8.29519
      vertex 38.6032 -16.709 15.336
      vertex 25.0111 -21.0094 8.34757
    endloop
  endfacet
  facet normal 0.421929 -0.905853 0.037511
    outer loop
      vertex 24.2274 -4.49096 154.989
      vertex 17.1789 -7.4092 163.799
      vertex 17.1263 -7.45573 163.267
    endloop
  endfacet
  facet normal 0.0233625 -0.943399 -0.330837
    outer loop
      vertex 38.6032 -4.01021 160.484
      vertex 42.0526 -6.9456 169.098
      vertex 25.5449 -7.02721 168.165
    endloop
  endfacet
  facet normal 0.0233589 -0.943399 -0.330836
    outer loop
      vertex 42.0526 -6.9456 169.098
      vertex 38.6032 -4.01021 160.484
      vertex 80.367 -3.80374 162.844
    endloop
  endfacet
  facet normal -0.202369 -0.965606 -0.163255
    outer loop
      vertex 220.968 -4.17825 158.563
      vertex 228.722 -7.16348 166.608
      vertex 228.307 -7.13382 166.947
    endloop
  endfacet
  facet normal -0.156526 -0.965226 -0.209378
    outer loop
      vertex 219.953 -4.10566 159.393
      vertex 227.906 -7.10513 167.275
      vertex 227.433 -7.08309 167.527
    endloop
  endfacet
  facet normal 0.156506 -0.965223 -0.209403
    outer loop
      vertex 27.6467 -4.10566 159.393
      vertex 20.1671 -7.08309 167.527
      vertex 19.694 -7.10513 167.275
    endloop
  endfacet
  facet normal -0.202476 -0.9656 -0.163156
    outer loop
      vertex 220.968 -4.17825 158.563
      vertex 227.906 -7.10513 167.275
      vertex 219.953 -4.10566 159.393
    endloop
  endfacet
  facet normal -0.202514 -0.965597 -0.163125
    outer loop
      vertex 227.906 -7.10513 167.275
      vertex 220.968 -4.17825 158.563
      vertex 228.307 -7.13382 166.947
    endloop
  endfacet
  facet normal -0.295314 -0.952433 -0.0752394
    outer loop
      vertex 222.364 -4.32646 156.869
      vertex 230.013 -7.32323 164.782
      vertex 229.614 -7.25821 165.525
    endloop
  endfacet
  facet normal -0.295364 -0.952422 -0.0751859
    outer loop
      vertex 230.013 -7.32323 164.782
      vertex 222.364 -4.32646 156.869
      vertex 223.373 -4.49096 154.989
    endloop
  endfacet
  facet normal -0.469247 -0.880417 0.0683649
    outer loop
      vertex 224.186 -5.74323 140.675
      vertex 231.18 -9.77538 136.754
      vertex 230.795 -7.9507 157.61
    endloop
  endfacet
  facet normal -0.469247 -0.880417 0.0683649
    outer loop
      vertex 231.18 -9.77538 136.754
      vertex 224.186 -5.74323 140.675
      vertex 225.16 -10.3596 87.9099
    endloop
  endfacet
  facet normal -0.521053 -0.850277 0.0743895
    outer loop
      vertex 231.18 -18.2659 39.7068
      vertex 231.18 -9.77538 136.754
      vertex 225.16 -10.3596 87.9099
    endloop
  endfacet
  facet normal -0.437392 -0.893352 0.103005
    outer loop
      vertex 223.373 -16.2283 20.831
      vertex 230.795 -20.0905 18.8507
      vertex 224.186 -14.976 35.1444
    endloop
  endfacet
  facet normal -0.437398 -0.893352 0.102981
    outer loop
      vertex 230.795 -20.0905 18.8507
      vertex 223.373 -16.2283 20.831
      vertex 230.474 -20.5855 13.1932
    endloop
  endfacet
  facet normal 0.0388854 -0.883009 0.467742
    outer loop
      vertex 25.0111 -21.0094 8.34757
      vertex 27.6467 -16.6136 16.4269
      vertex 20.6804 -20.9717 8.77877
    endloop
  endfacet
  facet normal 0.038883 -0.883009 0.467743
    outer loop
      vertex 27.6467 -16.6136 16.4269
      vertex 25.0111 -21.0094 8.34757
      vertex 38.6032 -16.709 15.336
    endloop
  endfacet
  facet normal 0.103029 -0.901678 0.419955
    outer loop
      vertex 20.6804 -20.9717 8.77877
      vertex 27.6467 -16.6136 16.4269
      vertex 20.1671 -20.9581 8.9339
    endloop
  endfacet
  facet normal 0.00889308 -0.830157 0.557458
    outer loop
      vertex 59.2199 -21.1232 7.04742
      vertex 80.367 -16.9155 12.9761
      vertex 42.0526 -21.0956 7.36239
    endloop
  endfacet
  facet normal 0.00889579 -0.830162 0.557452
    outer loop
      vertex 80.367 -16.9155 12.9761
      vertex 59.2199 -21.1232 7.04742
      vertex 123.8 -16.9852 12.1792
    endloop
  endfacet
  facet normal 0.0233583 -0.871623 0.48962
    outer loop
      vertex 42.0526 -21.0956 7.36239
      vertex 38.6032 -16.709 15.336
      vertex 25.5449 -21.014 8.29519
    endloop
  endfacet
  facet normal 0.0233566 -0.871624 0.489619
    outer loop
      vertex 38.6032 -16.709 15.336
      vertex 42.0526 -21.0956 7.36239
      vertex 80.367 -16.9155 12.9761
    endloop
  endfacet
  facet normal -8.82569e-05 -0.996195 0.0871578
    outer loop
      vertex 24.2274 -4.49096 154.989
      vertex 23.4138 -5.74323 140.675
      vertex 22.44 -10.3596 87.9099
    endloop
  endfacet
  facet normal 8.82569e-05 0.996195 -0.0871578
    outer loop
      vertex 23.4138 -5.74323 140.675
      vertex 24.2274 -4.49096 154.989
      vertex 22.44 -10.3596 87.9099
    endloop
  endfacet
  facet normal 0.202464 -0.922594 0.328374
    outer loop
      vertex 19.694 -20.9361 9.18581
      vertex 26.6318 -16.541 17.2566
      vertex 19.2929 -20.9074 9.51375
    endloop
  endfacet
  facet normal 0.202459 -0.922593 0.328378
    outer loop
      vertex 26.6318 -16.541 17.2566
      vertex 19.694 -20.9361 9.18581
      vertex 27.6467 -16.6136 16.4269
    endloop
  endfacet
  facet normal 0.469242 -0.878915 0.0855554
    outer loop
      vertex 16.4198 -18.2659 39.7068
      vertex 23.4138 -14.976 35.1444
      vertex 22.44 -10.3596 87.9099
    endloop
  endfacet
  facet normal 0.469241 -0.878916 0.085552
    outer loop
      vertex 23.4138 -14.976 35.1444
      vertex 16.4198 -18.2659 39.7068
      vertex 16.8047 -20.0905 18.8507
    endloop
  endfacet
  facet normal 0.437366 -0.89768 0.05368
    outer loop
      vertex 16.8047 -7.9507 157.61
      vertex 24.2274 -4.49096 154.989
      vertex 17.1263 -7.45573 163.267
    endloop
  endfacet
  facet normal 0.437364 -0.897681 0.0536747
    outer loop
      vertex 24.2274 -4.49096 154.989
      vertex 16.8047 -7.9507 157.61
      vertex 23.4138 -5.74323 140.675
    endloop
  endfacet
  facet normal 0.202486 -0.965599 -0.163153
    outer loop
      vertex 26.6318 -4.17825 158.563
      vertex 19.694 -7.10513 167.275
      vertex 19.2929 -7.13382 166.947
    endloop
  endfacet
  facet normal 0.202445 -0.9656 -0.163195
    outer loop
      vertex 19.694 -7.10513 167.275
      vertex 26.7486 -4.1699 158.659
      vertex 27.6467 -4.10566 159.393
    endloop
  endfacet
  facet normal 0.202868 -0.965571 -0.162839
    outer loop
      vertex 19.694 -7.10513 167.275
      vertex 26.6318 -4.17825 158.563
      vertex 26.7486 -4.1699 158.659
    endloop
  endfacet
  facet normal 0.0382135 -0.950496 -0.308377
    outer loop
      vertex 38.6032 -4.01021 160.484
      vertex 25.5449 -7.02721 168.165
      vertex 25.0111 -7.0318 168.113
    endloop
  endfacet
  facet normal 0.038866 -0.950814 -0.307314
    outer loop
      vertex 27.6467 -4.10566 159.393
      vertex 25.0111 -7.0318 168.113
      vertex 20.6804 -7.06952 167.682
    endloop
  endfacet
  facet normal 0.0388837 -0.950815 -0.307309
    outer loop
      vertex 25.0111 -7.0318 168.113
      vertex 27.6467 -4.10566 159.393
      vertex 38.6032 -4.01021 160.484
    endloop
  endfacet
  facet normal -0.246799 -0.961733 -0.118995
    outer loop
      vertex 220.968 -4.17825 158.563
      vertex 229.062 -7.19963 166.195
      vertex 228.722 -7.16348 166.608
    endloop
  endfacet
  facet normal -0.24667 -0.961748 -0.119138
    outer loop
      vertex 220.968 -4.17825 158.563
      vertex 229.614 -7.25821 165.525
      vertex 229.062 -7.19963 166.195
    endloop
  endfacet
  facet normal -0.246673 -0.961748 -0.119135
    outer loop
      vertex 229.614 -7.25821 165.525
      vertex 220.968 -4.17825 158.563
      vertex 222.364 -4.32646 156.869
    endloop
  endfacet
  facet normal -0.00889579 -0.830162 0.557452
    outer loop
      vertex 188.38 -21.1232 7.04742
      vertex 167.233 -16.9155 12.9761
      vertex 123.8 -16.9852 12.1792
    endloop
  endfacet
  facet normal -0.00889323 -0.830158 0.557458
    outer loop
      vertex 167.233 -16.9155 12.9761
      vertex 188.38 -21.1232 7.04742
      vertex 205.547 -21.0956 7.36239
    endloop
  endfacet
  facet normal -0.421725 -0.898669 0.120586
    outer loop
      vertex 230.421 -20.632 12.6613
      vertex 230.474 -20.5855 13.1932
      vertex 223.373 -16.2283 20.831
    endloop
  endfacet
  facet normal -0.246656 -0.926448 0.28435
    outer loop
      vertex 229.614 -20.783 10.9355
      vertex 221.804 -16.4522 18.2711
      vertex 220.968 -16.541 17.2566
    endloop
  endfacet
  facet normal -0.246724 -0.926451 0.28428
    outer loop
      vertex 221.804 -16.4522 18.2711
      vertex 229.614 -20.783 10.9355
      vertex 222.364 -16.3928 18.9507
    endloop
  endfacet
  facet normal -0.246626 -0.926444 0.284389
    outer loop
      vertex 229.614 -20.783 10.9355
      vertex 220.968 -16.541 17.2566
      vertex 229.062 -20.8416 10.2659
    endloop
  endfacet
  facet normal 0.437355 -0.893368 0.103022
    outer loop
      vertex 16.8047 -20.0905 18.8507
      vertex 24.2274 -16.2283 20.831
      vertex 23.4138 -14.976 35.1444
    endloop
  endfacet
  facet normal 0.437354 -0.893369 0.103026
    outer loop
      vertex 24.2274 -16.2283 20.831
      vertex 16.8047 -20.0905 18.8507
      vertex 17.1263 -20.5855 13.1932
    endloop
  endfacet
  facet normal 0.421989 -0.898586 0.120287
    outer loop
      vertex 17.1789 -20.632 12.6613
      vertex 24.2274 -16.2283 20.831
      vertex 17.1263 -20.5855 13.1932
    endloop
  endfacet
  facet normal 0.354276 -0.916026 0.188109
    outer loop
      vertex 17.3346 -20.6768 12.1499
      vertex 24.2274 -16.2283 20.831
      vertex 17.1789 -20.632 12.6613
    endloop
  endfacet
  facet normal 0.354349 -0.934748 -0.0261282
    outer loop
      vertex 24.2274 -4.49096 154.989
      vertex 17.3346 -7.36446 164.31
      vertex 17.1789 -7.4092 163.799
    endloop
  endfacet
  facet normal 0.246728 -0.961741 -0.119076
    outer loop
      vertex 17.9862 -7.25821 165.525
      vertex 26.6318 -4.17825 158.563
      vertex 18.5379 -7.19963 166.195
    endloop
  endfacet
  facet normal 0.246677 -0.961746 -0.119142
    outer loop
      vertex 17.9862 -7.25821 165.525
      vertex 26.2469 -4.21912 158.096
      vertex 26.6318 -4.17825 158.563
    endloop
  endfacet
  facet normal 0.24672 -0.961741 -0.119093
    outer loop
      vertex 26.2469 -4.21912 158.096
      vertex 17.9862 -7.25821 165.525
      vertex 25.2362 -4.32646 156.869
    endloop
  endfacet
  facet normal -0.0388846 -0.88301 0.467741
    outer loop
      vertex 222.589 -21.0094 8.34757
      vertex 219.953 -16.6136 16.4269
      vertex 208.997 -16.709 15.336
    endloop
  endfacet
  facet normal -0.0388826 -0.88301 0.467742
    outer loop
      vertex 219.953 -16.6136 16.4269
      vertex 222.589 -21.0094 8.34757
      vertex 226.92 -20.9717 8.77877
    endloop
  endfacet
  facet normal -0.202448 -0.922594 0.328382
    outer loop
      vertex 227.906 -20.9361 9.18581
      vertex 220.968 -16.541 17.2566
      vertex 219.96 -16.6131 16.4326
    endloop
  endfacet
  facet normal -0.20193 -0.922521 0.328907
    outer loop
      vertex 227.906 -20.9361 9.18581
      vertex 219.96 -16.6131 16.4326
      vertex 219.953 -16.6136 16.4269
    endloop
  endfacet
  facet normal -0.202492 -0.922597 0.328346
    outer loop
      vertex 220.968 -16.541 17.2566
      vertex 227.906 -20.9361 9.18581
      vertex 228.307 -20.9074 9.51375
    endloop
  endfacet
  facet normal 0.20254 -0.922601 0.328306
    outer loop
      vertex 19.2929 -20.9074 9.51375
      vertex 26.6318 -16.541 17.2566
      vertex 18.8782 -20.8778 9.85277
    endloop
  endfacet
  facet normal 0.52104 -0.850284 0.0743901
    outer loop
      vertex 22.44 -10.3596 87.9099
      vertex 16.4198 -9.77538 136.754
      vertex 16.4198 -18.2659 39.7068
    endloop
  endfacet
  facet normal 0.469246 -0.880417 0.0683672
    outer loop
      vertex 16.4198 -9.77538 136.754
      vertex 23.4138 -5.74323 140.675
      vertex 16.8047 -7.9507 157.61
    endloop
  endfacet
  facet normal 0.469246 -0.880417 0.0683668
    outer loop
      vertex 23.4138 -5.74323 140.675
      vertex 16.4198 -9.77538 136.754
      vertex 22.44 -10.3596 87.9099
    endloop
  endfacet
  facet normal 0.2954 -0.924893 0.2394
    outer loop
      vertex 17.5875 -20.718 11.6787
      vertex 25.2362 -16.3928 18.9507
      vertex 24.2274 -16.2283 20.831
    endloop
  endfacet
  facet normal 0.295424 -0.924892 0.239375
    outer loop
      vertex 25.2362 -16.3928 18.9507
      vertex 17.5875 -20.718 11.6787
      vertex 17.9862 -20.783 10.9355
    endloop
  endfacet
  facet normal 0.295394 -0.952414 -0.0751653
    outer loop
      vertex 17.5875 -7.32323 164.782
      vertex 25.2362 -4.32646 156.869
      vertex 17.9862 -7.25821 165.525
    endloop
  endfacet
  facet normal 0.295391 -0.952415 -0.0751691
    outer loop
      vertex 24.2274 -4.49096 154.989
      vertex 25.2362 -4.32646 156.869
      vertex 17.5875 -7.32323 164.782
    endloop
  endfacet
  facet normal -0.15655 -0.914208 0.373787
    outer loop
      vertex 227.433 -20.9581 8.9339
      vertex 227.906 -20.9361 9.18581
      vertex 219.953 -16.6136 16.4269
    endloop
  endfacet
  facet normal -0.202455 -0.922593 0.32838
    outer loop
      vertex 228.307 -20.9074 9.51375
      vertex 228.722 -20.8778 9.85277
      vertex 220.968 -16.541 17.2566
    endloop
  endfacet
  facet normal 0.15653 -0.914201 0.373811
    outer loop
      vertex 20.1671 -20.9581 8.9339
      vertex 27.6467 -16.6136 16.4269
      vertex 19.694 -20.9361 9.18581
    endloop
  endfacet
  facet normal 0.295389 -0.924894 0.239409
    outer loop
      vertex 17.5875 -20.718 11.6787
      vertex 24.2274 -16.2283 20.831
      vertex 17.3346 -20.6768 12.1499
    endloop
  endfacet
  facet normal -0.0383549 -0.882615 0.468529
    outer loop
      vertex 222.055 -21.014 8.29519
      vertex 222.589 -21.0094 8.34757
      vertex 208.997 -16.709 15.336
    endloop
  endfacet
  facet normal -0.295374 -0.924896 0.239418
    outer loop
      vertex 222.364 -16.3928 18.9507
      vertex 230.013 -20.718 11.6787
      vertex 223.373 -16.2283 20.831
    endloop
  endfacet
  facet normal -0.295343 -0.924898 0.239451
    outer loop
      vertex 230.013 -20.718 11.6787
      vertex 222.364 -16.3928 18.9507
      vertex 229.614 -20.783 10.9355
    endloop
  endfacet
  facet normal 0.246714 -0.926451 0.284289
    outer loop
      vertex 17.9862 -20.783 10.9355
      vertex 26.6318 -16.541 17.2566
      vertex 25.2362 -16.3928 18.9507
    endloop
  endfacet
  facet normal 0.246684 -0.926448 0.284327
    outer loop
      vertex 26.6318 -16.541 17.2566
      vertex 17.9862 -20.783 10.9355
      vertex 18.5379 -20.8416 10.2659
    endloop
  endfacet
  facet normal 0.246659 -0.926446 0.284355
    outer loop
      vertex 18.8782 -20.8778 9.85277
      vertex 26.6318 -16.541 17.2566
      vertex 18.5379 -20.8416 10.2659
    endloop
  endfacet
  facet normal -0.295818 -0.924844 0.23907
    outer loop
      vertex 230.013 -20.718 11.6787
      vertex 230.265 -20.6768 12.1499
      vertex 223.373 -16.2283 20.831
    endloop
  endfacet
  facet normal -0.354126 -0.91605 0.188273
    outer loop
      vertex 230.265 -20.6768 12.1499
      vertex 230.421 -20.632 12.6613
      vertex 223.373 -16.2283 20.831
    endloop
  endfacet
  facet normal -0.24675 -0.926453 0.284251
    outer loop
      vertex 228.722 -20.8778 9.85277
      vertex 229.062 -20.8416 10.2659
      vertex 220.968 -16.541 17.2566
    endloop
  endfacet
  facet normal -6.09385e-05 0.996192 -0.0871837
    outer loop
      vertex 246.1 12.527 186.5
      vertex 243.541 12.6898 188.362
      vertex 244.406 12.6748 188.19
    endloop
  endfacet
  facet normal 0 0.9962 -0.0871006
    outer loop
      vertex 243.541 12.6898 188.362
      vertex 246.1 12.527 186.5
      vertex 4.05892 12.6898 188.362
    endloop
  endfacet
  facet normal 3.10632e-05 0.9962 -0.0870922
    outer loop
      vertex 246.1 12.527 186.5
      vertex 244.406 12.6748 188.19
      vertex 245.221 12.6454 187.854
    endloop
  endfacet
  facet normal 0 0.9962 -0.0871006
    outer loop
      vertex 1.5 12.527 186.5
      vertex 4.05892 12.6898 188.362
      vertex 246.1 12.527 186.5
    endloop
  endfacet
  facet normal 6.4546e-05 0.996202 -0.0870706
    outer loop
      vertex 246.1 12.527 186.5
      vertex 245.221 12.6454 187.854
      vertex 245.955 12.6027 187.366
    endloop
  endfacet
  facet normal 6.09184e-05 0.996192 -0.0871837
    outer loop
      vertex 4.05892 12.6898 188.362
      vertex 1.5 12.527 186.5
      vertex 3.19372 12.6748 188.19
    endloop
  endfacet
  facet normal 5.53207e-05 0.996202 -0.0870721
    outer loop
      vertex 246.1 12.527 186.5
      vertex 245.955 12.6027 187.366
      vertex 246.579 12.5483 186.744
    endloop
  endfacet
  facet normal -3.1059e-05 0.9962 -0.0870922
    outer loop
      vertex 3.19372 12.6748 188.19
      vertex 1.5 12.527 186.5
      vertex 2.37871 12.6454 187.854
    endloop
  endfacet
  facet normal -6.46103e-05 0.996202 -0.0870706
    outer loop
      vertex 2.37871 12.6454 187.854
      vertex 1.5 12.527 186.5
      vertex 1.64523 12.6027 187.366
    endloop
  endfacet
  facet normal 9.04417e-05 0.996196 -0.0871406
    outer loop
      vertex 247.069 12.4844 186.014
      vertex 246.1 12.527 186.5
      vertex 246.579 12.5483 186.744
    endloop
  endfacet
  facet normal 0.000136228 0.996204 -0.08705
    outer loop
      vertex 247.406 12.4134 185.202
      vertex 246.1 12.527 186.5
      vertex 247.069 12.4844 186.014
    endloop
  endfacet
  facet normal 5.96052e-05 0.996197 -0.0871265
    outer loop
      vertex 247.578 12.338 184.34
      vertex 246.1 12.527 186.5
      vertex 247.406 12.4134 185.202
    endloop
  endfacet
  facet normal 0 0.996195 -0.0871558
    outer loop
      vertex 246.1 -3.78968 0
      vertex 247.578 12.338 184.34
      vertex 247.578 -3.78968 0
    endloop
  endfacet
  facet normal 1.6159e-05 0.996195 -0.087156
    outer loop
      vertex 247.578 12.338 184.34
      vertex 246.1 -3.78968 0
      vertex 246.1 12.527 186.5
    endloop
  endfacet
  facet normal -5.53617e-05 0.996202 -0.0870721
    outer loop
      vertex 1.64523 12.6027 187.366
      vertex 1.5 12.527 186.5
      vertex 1.02145 12.5483 186.744
    endloop
  endfacet
  facet normal -9.05005e-05 0.996196 -0.0871405
    outer loop
      vertex 1.5 12.527 186.5
      vertex 0.531354 12.4844 186.014
      vertex 1.02145 12.5483 186.744
    endloop
  endfacet
  facet normal -0.000136354 0.996204 -0.0870498
    outer loop
      vertex 1.5 12.527 186.5
      vertex 0.193768 12.4134 185.202
      vertex 0.531354 12.4844 186.014
    endloop
  endfacet
  facet normal -5.96005e-05 0.996197 -0.0871265
    outer loop
      vertex 1.5 12.527 186.5
      vertex 0.0216684 12.338 184.34
      vertex 0.193768 12.4134 185.202
    endloop
  endfacet
  facet normal -1.61554e-05 0.996195 -0.087156
    outer loop
      vertex 1.5 -3.78968 0
      vertex 0.0216684 12.338 184.34
      vertex 1.5 12.527 186.5
    endloop
  endfacet
  facet normal 0 0.996195 -0.0871558
    outer loop
      vertex 0.0216684 12.338 184.34
      vertex 1.5 -3.78968 0
      vertex 0.0216684 -3.78968 0
    endloop
  endfacet
  facet normal 0 0.996194 -0.087167
    outer loop
      vertex 3.34048 12.3824 184.848
      vertex 3 12.3957 185
      vertex 3.49279 12.3957 185
    endloop
  endfacet
  facet normal -5.27878e-05 0.996183 -0.0872843
    outer loop
      vertex 3.17712 12.3611 184.605
      vertex 3 12.3957 185
      vertex 3.34048 12.3824 184.848
    endloop
  endfacet
  facet normal 0.000588357 0.996208 -0.086999
    outer loop
      vertex 3.06459 12.3375 184.334
      vertex 3 12.3957 185
      vertex 3.17712 12.3611 184.605
    endloop
  endfacet
  facet normal -0.00140092 0.996191 -0.0871904
    outer loop
      vertex 3.00722 12.3123 184.047
      vertex 3 12.3957 185
      vertex 3.06459 12.3375 184.334
    endloop
  endfacet
  facet normal 0 0.996195 -0.0871555
    outer loop
      vertex 3 -1.8 22.7422
      vertex 3.00722 12.3123 184.047
      vertex 3.00722 -1.8 22.7422
    endloop
  endfacet
  facet normal 0.00323 0.99619 -0.0871552
    outer loop
      vertex 3.00722 12.3123 184.047
      vertex 3 -1.8 22.7422
      vertex 3 12.3957 185
    endloop
  endfacet
  facet normal 0 0.996195 -0.0871556
    outer loop
      vertex 3.00722 -3.78968 0
      vertex 3 -2.03991 20
      vertex 3.00722 -2.03991 20
    endloop
  endfacet
  facet normal 0 0.996195 -0.0871556
    outer loop
      vertex 3 -2.03991 20
      vertex 3.00722 -3.78968 0
      vertex 3 -3.78968 0
    endloop
  endfacet
  facet normal 0 0.996194 -0.087167
    outer loop
      vertex 244.6 12.3957 185
      vertex 244.26 12.3824 184.848
      vertex 244.107 12.3957 185
    endloop
  endfacet
  facet normal 5.2872e-05 0.996183 -0.0872843
    outer loop
      vertex 244.6 12.3957 185
      vertex 244.423 12.3611 184.605
      vertex 244.26 12.3824 184.848
    endloop
  endfacet
  facet normal -0.000589901 0.996208 -0.0869985
    outer loop
      vertex 244.6 12.3957 185
      vertex 244.535 12.3375 184.334
      vertex 244.423 12.3611 184.605
    endloop
  endfacet
  facet normal 0.00138778 0.996191 -0.0871899
    outer loop
      vertex 244.6 12.3957 185
      vertex 244.593 12.3123 184.047
      vertex 244.535 12.3375 184.334
    endloop
  endfacet
  facet normal -0.00333151 0.996189 -0.0871551
    outer loop
      vertex 244.6 -1.8 22.7422
      vertex 244.593 12.3123 184.047
      vertex 244.6 12.3957 185
    endloop
  endfacet
  facet normal 0 0.996195 -0.0871555
    outer loop
      vertex 244.593 12.3123 184.047
      vertex 244.6 -1.8 22.7422
      vertex 244.593 -1.8 22.7422
    endloop
  endfacet
  facet normal 0 0.996195 -0.0871556
    outer loop
      vertex 244.6 -3.78968 0
      vertex 244.593 -2.03991 20
      vertex 244.6 -2.03991 20
    endloop
  endfacet
  facet normal 0 0.996195 -0.0871556
    outer loop
      vertex 244.593 -2.03991 20
      vertex 244.6 -3.78968 0
      vertex 244.593 -3.78968 0
    endloop
  endfacet
  facet normal -1 0 0
    outer loop
      vertex 1.5 0.772874 0
      vertex 1.5 12.527 186.5
      vertex 1.5 17.0895 186.5
    endloop
  endfacet
  facet normal -1 0 0
    outer loop
      vertex 1.5 12.527 186.5
      vertex 1.5 0.772874 0
      vertex 1.5 -3.78968 0
    endloop
  endfacet
  facet normal -0 0 1
    outer loop
      vertex 1.5 17.0895 186.5
      vertex 246.1 12.527 186.5
      vertex 246.1 17.0895 186.5
    endloop
  endfacet
  facet normal 0 0 1
    outer loop
      vertex 246.1 12.527 186.5
      vertex 1.5 17.0895 186.5
      vertex 1.5 12.527 186.5
    endloop
  endfacet
  facet normal 1 -0 0
    outer loop
      vertex 246.1 12.527 186.5
      vertex 246.1 0.772874 0
      vertex 246.1 17.0895 186.5
    endloop
  endfacet
  facet normal 1 0 -0
    outer loop
      vertex 246.1 0.772874 0
      vertex 246.1 12.527 186.5
      vertex 246.1 -3.78968 0
    endloop
  endfacet
  facet normal 1 0 0
    outer loop
      vertex 3 -1.8 22.7422
      vertex 3 16.9583 185
      vertex 3 12.3957 185
    endloop
  endfacet
  facet normal 1 0 0
    outer loop
      vertex 3 16.9583 185
      vertex 3 -1.8 22.7422
      vertex 3 0.772874 0
    endloop
  endfacet
  facet normal 1 -0 0
    outer loop
      vertex 3 -1.8 20
      vertex 3 0.772874 0
      vertex 3 -1.8 22.7422
    endloop
  endfacet
  facet normal 1 0 0
    outer loop
      vertex 3 -3.78968 0
      vertex 3 -1.8 20
      vertex 3 -2.03991 20
    endloop
  endfacet
  facet normal 1 0 0
    outer loop
      vertex 3 -1.8 20
      vertex 3 -3.78968 0
      vertex 3 0.772874 0
    endloop
  endfacet
  facet normal 0 0 -1
    outer loop
      vertex 54 11.6657 185
      vertex 3.49279 12.3957 185
      vertex 54 14.6458 185
    endloop
  endfacet
  facet normal 0 -0 -1
    outer loop
      vertex 3.49279 12.3957 185
      vertex 54 11.6657 185
      vertex 3.42917 11.6657 185
    endloop
  endfacet
  facet normal 0 0 -1
    outer loop
      vertex 181.6 11.6657 185
      vertex 66 11.6657 185
      vertex 181.6 14.6458 185
    endloop
  endfacet
  facet normal 0 0 -1
    outer loop
      vertex 244.171 11.6657 185
      vertex 193.6 11.6657 185
      vertex 244.107 12.3957 185
    endloop
  endfacet
  facet normal 0 0 -1
    outer loop
      vertex 244.107 12.3957 185
      vertex 244.6 16.9583 185
      vertex 244.6 12.3957 185
    endloop
  endfacet
  facet normal 0 0 -1
    outer loop
      vertex 193.6 14.6458 185
      vertex 244.107 12.3957 185
      vertex 193.6 11.6657 185
    endloop
  endfacet
  facet normal 0 0 -1
    outer loop
      vertex 244.107 12.3957 185
      vertex 193.6 14.6458 185
      vertex 244.6 16.9583 185
    endloop
  endfacet
  facet normal 0 0 -1
    outer loop
      vertex 181.6 14.6458 185
      vertex 244.6 16.9583 185
      vertex 193.6 14.6458 185
    endloop
  endfacet
  facet normal 0 0 -1
    outer loop
      vertex 66 14.6458 185
      vertex 181.6 14.6458 185
      vertex 66 11.6657 185
    endloop
  endfacet
  facet normal 0 0 -1
    outer loop
      vertex 181.6 14.6458 185
      vertex 66 14.6458 185
      vertex 244.6 16.9583 185
    endloop
  endfacet
  facet normal 0 0 -1
    outer loop
      vertex 3 16.9583 185
      vertex 66 14.6458 185
      vertex 54 14.6458 185
    endloop
  endfacet
  facet normal 0 0 -1
    outer loop
      vertex 3 16.9583 185
      vertex 3.49279 12.3957 185
      vertex 3 12.3957 185
    endloop
  endfacet
  facet normal 0 0 -1
    outer loop
      vertex 66 14.6458 185
      vertex 3 16.9583 185
      vertex 244.6 16.9583 185
    endloop
  endfacet
  facet normal 0 0 -1
    outer loop
      vertex 3.49279 12.3957 185
      vertex 3 16.9583 185
      vertex 54 14.6458 185
    endloop
  endfacet
  facet normal -1 0 0
    outer loop
      vertex 244.6 -3.78968 0
      vertex 244.6 -1.8 20
      vertex 244.6 0.772874 0
    endloop
  endfacet
  facet normal -1 -0 0
    outer loop
      vertex 244.6 -1.8 20
      vertex 244.6 -3.78968 0
      vertex 244.6 -2.03991 20
    endloop
  endfacet
  facet normal -1 0 0
    outer loop
      vertex 244.6 -1.8 22.7422
      vertex 244.6 16.9583 185
      vertex 244.6 0.772874 0
    endloop
  endfacet
  facet normal -1 0 0
    outer loop
      vertex 244.6 -1.8 22.7422
      vertex 244.6 0.772874 0
      vertex 244.6 -1.8 20
    endloop
  endfacet
  facet normal -1 -0 0
    outer loop
      vertex 244.6 16.9583 185
      vertex 244.6 -1.8 22.7422
      vertex 244.6 12.3957 185
    endloop
  endfacet
  facet normal 0 -0.996215 0.0869284
    outer loop
      vertex 66 11.6657 185
      vertex 181.6 11.6883 185.259
      vertex 66 11.6883 185.259
    endloop
  endfacet
  facet normal 0 -0.996215 0.0869284
    outer loop
      vertex 181.6 11.6883 185.259
      vertex 66 11.6657 185
      vertex 181.6 11.6657 185
    endloop
  endfacet
  facet normal 0.000118396 -0.996227 0.0867893
    outer loop
      vertex 3.42917 11.6657 185
      vertex 4.35297 11.7051 185.451
      vertex 4.06457 11.7001 185.394
    endloop
  endfacet
  facet normal 0 -0.996194 0.087167
    outer loop
      vertex 4.35297 11.7051 185.451
      vertex 54 11.6883 185.259
      vertex 243.247 11.7051 185.451
    endloop
  endfacet
  facet normal 0.000233278 -0.996243 0.0866054
    outer loop
      vertex 3.42917 11.6657 185
      vertex 4.06457 11.7001 185.394
      vertex 3.7929 11.6903 185.282
    endloop
  endfacet
  facet normal 0 -0.996194 0.087167
    outer loop
      vertex 66 11.6883 185.259
      vertex 243.247 11.7051 185.451
      vertex 54 11.6883 185.259
    endloop
  endfacet
  facet normal 0 -0.996194 0.087167
    outer loop
      vertex 181.6 11.6883 185.259
      vertex 243.247 11.7051 185.451
      vertex 66 11.6883 185.259
    endloop
  endfacet
  facet normal -0.000556961 -0.996154 0.0876169
    outer loop
      vertex 3.42917 11.6657 185
      vertex 3.7929 11.6903 185.282
      vertex 3.54841 11.6761 185.119
    endloop
  endfacet
  facet normal 0 -0.996206 0.0870299
    outer loop
      vertex 4.35297 11.7051 185.451
      vertex 3.42917 11.6657 185
      vertex 54 11.6657 185
    endloop
  endfacet
  facet normal -9.29696e-07 -0.996215 0.0869284
    outer loop
      vertex 4.35297 11.7051 185.451
      vertex 54 11.6657 185
      vertex 54 11.6883 185.259
    endloop
  endfacet
  facet normal 0 -0.996194 0.087167
    outer loop
      vertex 193.6 11.6883 185.259
      vertex 243.247 11.7051 185.451
      vertex 181.6 11.6883 185.259
    endloop
  endfacet
  facet normal 9.29697e-07 -0.996215 0.0869284
    outer loop
      vertex 193.6 11.6657 185
      vertex 243.247 11.7051 185.451
      vertex 193.6 11.6883 185.259
    endloop
  endfacet
  facet normal 0 -0.996206 0.0870299
    outer loop
      vertex 244.171 11.6657 185
      vertex 243.247 11.7051 185.451
      vertex 193.6 11.6657 185
    endloop
  endfacet
  facet normal -0.000118691 -0.996227 0.0867886
    outer loop
      vertex 243.247 11.7051 185.451
      vertex 244.171 11.6657 185
      vertex 243.535 11.7001 185.394
    endloop
  endfacet
  facet normal -0.000232871 -0.996243 0.0866057
    outer loop
      vertex 243.535 11.7001 185.394
      vertex 244.171 11.6657 185
      vertex 243.807 11.6903 185.282
    endloop
  endfacet
  facet normal 0.000551264 -0.996155 0.0876102
    outer loop
      vertex 243.807 11.6903 185.282
      vertex 244.171 11.6657 185
      vertex 244.052 11.6761 185.119
    endloop
  endfacet
  facet normal 0 0.996197 -0.087134
    outer loop
      vertex 246.1 17.0895 186.5
      vertex 244.6 16.9583 185
      vertex 1.5 17.0895 186.5
    endloop
  endfacet
  facet normal 2.18611e-05 0.996195 -0.0871557
    outer loop
      vertex 246.1 0.772874 0
      vertex 244.6 16.9583 185
      vertex 246.1 17.0895 186.5
    endloop
  endfacet
  facet normal 0 0.996195 -0.0871559
    outer loop
      vertex 244.6 16.9583 185
      vertex 246.1 0.772874 0
      vertex 244.6 0.772874 0
    endloop
  endfacet
  facet normal 0 0.996197 -0.087134
    outer loop
      vertex 3 16.9583 185
      vertex 1.5 17.0895 186.5
      vertex 244.6 16.9583 185
    endloop
  endfacet
  facet normal 0 0.996195 -0.0871559
    outer loop
      vertex 1.5 0.772874 0
      vertex 3 16.9583 185
      vertex 3 0.772874 0
    endloop
  endfacet
  facet normal -2.18611e-05 0.996195 -0.0871557
    outer loop
      vertex 3 16.9583 185
      vertex 1.5 0.772874 0
      vertex 1.5 17.0895 186.5
    endloop
  endfacet
  facet normal 0.471434 -0.0768533 -0.878546
    outer loop
      vertex 15.4307 -2.28875 83.4942
      vertex 16.1223 -9.13028 84.4638
      vertex 15.4307 -9.16249 84.0955
    endloop
  endfacet
  facet normal 0.471336 -0.0768706 -0.878598
    outer loop
      vertex 16.1223 -9.13028 84.4638
      vertex 15.4307 -2.28875 83.4942
      vertex 16.1223 -2.25654 83.8624
    endloop
  endfacet
  facet normal 0.99518 0.00854754 0.0976948
    outer loop
      vertex 17.8231 -8.7724 88.5544
      vertex 17.9 -1.96667 87.1756
      vertex 17.8231 -1.89865 87.953
    endloop
  endfacet
  facet normal 0.99518 0.00854756 0.0976949
    outer loop
      vertex 17.9 -1.96667 87.1756
      vertex 17.8231 -8.7724 88.5544
      vertex 17.9 -8.84041 87.777
    endloop
  endfacet
  facet normal -0.290244 0.0834074 0.953311
    outer loop
      vertex 12.3693 -1.64458 90.8571
      vertex 13.1196 -8.49848 91.6852
      vertex 13.1196 -1.62474 91.0838
    endloop
  endfacet
  facet normal -0.290244 0.0834074 0.953311
    outer loop
      vertex 13.1196 -8.49848 91.6852
      vertex 12.3693 -1.64458 90.8571
      vertex 12.3693 -8.51832 91.4585
    endloop
  endfacet
  facet normal 0.0980547 -0.0867394 -0.991394
    outer loop
      vertex 13.9 -2.31529 83.1908
      vertex 14.6804 -9.18233 83.8688
      vertex 13.9 -9.18903 83.7922
    endloop
  endfacet
  facet normal 0.0980547 -0.0867394 -0.991394
    outer loop
      vertex 14.6804 -9.18233 83.8688
      vertex 13.9 -2.31529 83.1908
      vertex 14.6804 -2.30859 83.2674
    endloop
  endfacet
  facet normal -0.290244 -0.0834074 -0.953311
    outer loop
      vertex 12.3693 -9.16249 84.0955
      vertex 13.1196 -2.30859 83.2674
      vertex 13.1196 -9.18233 83.8688
    endloop
  endfacet
  facet normal -0.290361 -0.0833906 -0.953277
    outer loop
      vertex 13.1196 -2.30859 83.2674
      vertex 12.3693 -9.16249 84.0955
      vertex 12.3693 -2.28875 83.4942
    endloop
  endfacet
  facet normal -0.881938 -0.041084 -0.469572
    outer loop
      vertex 10.5741 -2.16035 84.9618
      vertex 10.2045 -8.97382 86.2521
      vertex 10.2045 -2.10008 85.6507
    endloop
  endfacet
  facet normal -0.881938 -0.041084 -0.469572
    outer loop
      vertex 10.2045 -8.97382 86.2521
      vertex 10.5741 -2.16035 84.9618
      vertex 10.5741 -9.03409 85.5632
    endloop
  endfacet
  facet normal 0.881938 -0.041084 -0.469572
    outer loop
      vertex 17.5955 -8.97382 86.2521
      vertex 17.2259 -2.16035 84.9618
      vertex 17.5955 -2.10008 85.6507
    endloop
  endfacet
  facet normal 0.881938 -0.041084 -0.469572
    outer loop
      vertex 17.2259 -2.16035 84.9618
      vertex 17.5955 -8.97382 86.2521
      vertex 17.2259 -9.03409 85.5632
    endloop
  endfacet
  facet normal 0.77296 -0.0552987 -0.632041
    outer loop
      vertex 17.2259 -9.03409 85.5632
      vertex 16.7284 -2.21318 84.358
      vertex 17.2259 -2.16035 84.9618
    endloop
  endfacet
  facet normal 0.773011 -0.0552842 -0.631979
    outer loop
      vertex 16.7284 -2.21318 84.358
      vertex 17.2259 -9.03409 85.5632
      vertex 16.7284 -9.08692 84.9593
    endloop
  endfacet
  facet normal 0.634378 -0.0673762 -0.770081
    outer loop
      vertex 16.1223 -2.25654 83.8624
      vertex 16.7284 -9.08692 84.9593
      vertex 16.1223 -9.13028 84.4638
    endloop
  endfacet
  facet normal 0.634454 -0.0673597 -0.77002
    outer loop
      vertex 16.7284 -9.08692 84.9593
      vertex 16.1223 -2.25654 83.8624
      vertex 16.7284 -2.21318 84.358
    endloop
  endfacet
  facet normal 0.290244 -0.0834074 -0.953311
    outer loop
      vertex 14.6804 -2.30859 83.2674
      vertex 15.4307 -9.16249 84.0955
      vertex 14.6804 -9.18233 83.8688
    endloop
  endfacet
  facet normal 0.290361 -0.0833906 -0.953277
    outer loop
      vertex 15.4307 -9.16249 84.0955
      vertex 14.6804 -2.30859 83.2674
      vertex 15.4307 -2.28875 83.4942
    endloop
  endfacet
  facet normal -0.995185 -0.00854316 -0.0976446
    outer loop
      vertex 9.97686 -2.03468 86.3982
      vertex 9.9 -8.84041 87.777
      vertex 9.9 -1.96667 87.1756
    endloop
  endfacet
  facet normal -0.995185 -0.00854316 -0.0976446
    outer loop
      vertex 9.9 -8.84041 87.777
      vertex 9.97686 -2.03468 86.3982
      vertex 9.97686 -8.90842 86.9996
    endloop
  endfacet
  facet normal -0.77296 -0.0552987 -0.632041
    outer loop
      vertex 11.0716 -2.21318 84.358
      vertex 10.5741 -9.03409 85.5632
      vertex 10.5741 -2.16035 84.9618
    endloop
  endfacet
  facet normal -0.773011 -0.0552842 -0.631979
    outer loop
      vertex 10.5741 -9.03409 85.5632
      vertex 11.0716 -2.21318 84.358
      vertex 11.0716 -9.08692 84.9593
    endloop
  endfacet
  facet normal -0.471434 -0.0768533 -0.878546
    outer loop
      vertex 11.6777 -9.13028 84.4638
      vertex 12.3693 -2.28875 83.4942
      vertex 12.3693 -9.16249 84.0955
    endloop
  endfacet
  facet normal -0.471336 -0.0768706 -0.878598
    outer loop
      vertex 12.3693 -2.28875 83.4942
      vertex 11.6777 -9.13028 84.4638
      vertex 11.6777 -2.25654 83.8624
    endloop
  endfacet
  facet normal -0.0980547 -0.0867394 -0.991394
    outer loop
      vertex 13.1196 -9.18233 83.8688
      vertex 13.9 -2.31529 83.1908
      vertex 13.9 -9.18903 83.7922
    endloop
  endfacet
  facet normal -0.0980547 -0.0867394 -0.991394
    outer loop
      vertex 13.9 -2.31529 83.1908
      vertex 13.1196 -9.18233 83.8688
      vertex 13.1196 -2.30859 83.2674
    endloop
  endfacet
  facet normal -0.634378 -0.0673762 -0.770081
    outer loop
      vertex 11.0716 -9.08692 84.9593
      vertex 11.6777 -2.25654 83.8624
      vertex 11.6777 -9.13028 84.4638
    endloop
  endfacet
  facet normal -0.634454 -0.0673597 -0.77002
    outer loop
      vertex 11.6777 -2.25654 83.8624
      vertex 11.0716 -9.08692 84.9593
      vertex 11.0716 -2.21318 84.358
    endloop
  endfacet
  facet normal 0.99518 -0.00854756 -0.0976949
    outer loop
      vertex 17.9 -8.84041 87.777
      vertex 17.8231 -2.03468 86.3982
      vertex 17.9 -1.96667 87.1756
    endloop
  endfacet
  facet normal 0.99518 -0.00854756 -0.0976949
    outer loop
      vertex 17.8231 -2.03468 86.3982
      vertex 17.9 -8.84041 87.777
      vertex 17.8231 -8.90842 86.9996
    endloop
  endfacet
  facet normal 0.0980547 0.0867393 0.991394
    outer loop
      vertex 13.9 -8.49179 91.7618
      vertex 14.6804 -1.62474 91.0838
      vertex 13.9 -1.61804 91.1604
    endloop
  endfacet
  facet normal 0.0980536 0.0867394 0.991394
    outer loop
      vertex 14.6804 -1.62474 91.0838
      vertex 13.9 -8.49179 91.7618
      vertex 14.6804 -8.49848 91.6852
    endloop
  endfacet
  facet normal 0.471435 0.076866 0.878545
    outer loop
      vertex 15.4307 -8.51832 91.4585
      vertex 16.1223 -1.6768 90.4888
      vertex 15.4307 -1.64458 90.8571
    endloop
  endfacet
  facet normal 0.471435 0.076866 0.878545
    outer loop
      vertex 16.1223 -1.6768 90.4888
      vertex 15.4307 -8.51832 91.4585
      vertex 16.1223 -8.55054 91.0902
    endloop
  endfacet
  facet normal 0.634377 0.0673763 0.770082
    outer loop
      vertex 16.1223 -8.55054 91.0902
      vertex 16.7284 -1.72015 89.9933
      vertex 16.1223 -1.6768 90.4888
    endloop
  endfacet
  facet normal 0.634377 0.0673763 0.770082
    outer loop
      vertex 16.7284 -1.72015 89.9933
      vertex 16.1223 -8.55054 91.0902
      vertex 16.7284 -8.59389 90.5947
    endloop
  endfacet
  facet normal 0.881938 0.041084 0.469572
    outer loop
      vertex 17.2259 -8.64672 89.9908
      vertex 17.5955 -1.83325 88.7005
      vertex 17.2259 -1.77298 89.3894
    endloop
  endfacet
  facet normal 0.881938 0.0410839 0.469571
    outer loop
      vertex 17.5955 -1.83325 88.7005
      vertex 17.2259 -8.64672 89.9908
      vertex 17.5955 -8.707 89.3019
    endloop
  endfacet
  facet normal -0.0980547 0.0867393 0.991394
    outer loop
      vertex 13.1196 -1.62474 91.0838
      vertex 13.9 -8.49179 91.7618
      vertex 13.9 -1.61804 91.1604
    endloop
  endfacet
  facet normal -0.0980536 0.0867394 0.991394
    outer loop
      vertex 13.9 -8.49179 91.7618
      vertex 13.1196 -1.62474 91.0838
      vertex 13.1196 -8.49848 91.6852
    endloop
  endfacet
  facet normal -0.634377 0.0673763 0.770082
    outer loop
      vertex 11.0716 -1.72015 89.9933
      vertex 11.6777 -8.55054 91.0902
      vertex 11.6777 -1.6768 90.4888
    endloop
  endfacet
  facet normal -0.634377 0.0673763 0.770082
    outer loop
      vertex 11.6777 -8.55054 91.0902
      vertex 11.0716 -1.72015 89.9933
      vertex 11.0716 -8.59389 90.5947
    endloop
  endfacet
  facet normal -0.881938 0.041084 0.469572
    outer loop
      vertex 10.2045 -1.83325 88.7005
      vertex 10.5741 -8.64672 89.9908
      vertex 10.5741 -1.77298 89.3894
    endloop
  endfacet
  facet normal -0.881938 0.0410839 0.469571
    outer loop
      vertex 10.5741 -8.64672 89.9908
      vertex 10.2045 -1.83325 88.7005
      vertex 10.2045 -8.707 89.3019
    endloop
  endfacet
  facet normal -0.995185 0.00854313 0.0976444
    outer loop
      vertex 9.9 -1.96667 87.1756
      vertex 9.97686 -8.7724 88.5544
      vertex 9.97686 -1.89865 87.953
    endloop
  endfacet
  facet normal -0.995185 0.00854316 0.0976446
    outer loop
      vertex 9.97686 -8.7724 88.5544
      vertex 9.9 -1.96667 87.1756
      vertex 9.9 -8.84041 87.777
    endloop
  endfacet
  facet normal -0.773011 0.0552933 0.631978
    outer loop
      vertex 10.5741 -1.77298 89.3894
      vertex 11.0716 -8.59389 90.5947
      vertex 11.0716 -1.72015 89.9933
    endloop
  endfacet
  facet normal -0.773011 0.0552933 0.631978
    outer loop
      vertex 11.0716 -8.59389 90.5947
      vertex 10.5741 -1.77298 89.3894
      vertex 10.5741 -8.64672 89.9908
    endloop
  endfacet
  facet normal 0.956947 -0.0252992 -0.289159
    outer loop
      vertex 17.8231 -8.90842 86.9996
      vertex 17.5955 -2.10008 85.6507
      vertex 17.8231 -2.03468 86.3982
    endloop
  endfacet
  facet normal 0.956947 -0.0252992 -0.289159
    outer loop
      vertex 17.5955 -2.10008 85.6507
      vertex 17.8231 -8.90842 86.9996
      vertex 17.5955 -8.97382 86.2521
    endloop
  endfacet
  facet normal -1.96437e-06 0.996195 -0.0871545
    outer loop
      vertex 13.9 -1.79235 89.168
      vertex 13.9 -1.61804 91.1604
      vertex 14.6804 -1.62474 91.0838
    endloop
  endfacet
  facet normal 8.1458e-06 0.996195 -0.0871565
    outer loop
      vertex 14.2902 -1.7957 89.1297
      vertex 14.6804 -1.62474 91.0838
      vertex 15.4307 -1.64458 90.8571
    endloop
  endfacet
  facet normal 1.96437e-06 0.996195 -0.0871545
    outer loop
      vertex 13.9 -1.61804 91.1604
      vertex 13.9 -1.79235 89.168
      vertex 13.1196 -1.62474 91.0838
    endloop
  endfacet
  facet normal -2.9214e-07 0.996195 -0.0871507
    outer loop
      vertex 14.6654 -1.80562 89.0163
      vertex 15.4307 -1.64458 90.8571
      vertex 16.1223 -1.6768 90.4888
    endloop
  endfacet
  facet normal 1.96437e-06 0.996195 -0.0871545
    outer loop
      vertex 13.5098 -1.7957 89.1297
      vertex 13.1196 -1.62474 91.0838
      vertex 13.9 -1.79235 89.168
    endloop
  endfacet
  facet normal 5.09418e-07 0.996195 -0.0871539
    outer loop
      vertex 15.0111 -1.82173 88.8322
      vertex 16.1223 -1.6768 90.4888
      vertex 16.7284 -1.72015 89.9933
    endloop
  endfacet
  facet normal -8.1458e-06 0.996195 -0.0871565
    outer loop
      vertex 13.1196 -1.62474 91.0838
      vertex 13.5098 -1.7957 89.1297
      vertex 12.3693 -1.64458 90.8571
    endloop
  endfacet
  facet normal -2.90025e-06 0.996195 -0.0871509
    outer loop
      vertex 15.3142 -1.84341 88.5844
      vertex 16.7284 -1.72015 89.9933
      vertex 17.2259 -1.77298 89.3894
    endloop
  endfacet
  facet normal 1.53763e-06 0.996195 -0.0871502
    outer loop
      vertex 13.1346 -1.80562 89.0163
      vertex 12.3693 -1.64458 90.8571
      vertex 13.5098 -1.7957 89.1297
    endloop
  endfacet
  facet normal 2.9214e-07 0.996195 -0.0871507
    outer loop
      vertex 12.3693 -1.64458 90.8571
      vertex 13.1346 -1.80562 89.0163
      vertex 11.6777 -1.6768 90.4888
    endloop
  endfacet
  facet normal -1.96437e-06 0.996195 -0.0871545
    outer loop
      vertex 14.6804 -1.62474 91.0838
      vertex 14.2902 -1.7957 89.1297
      vertex 13.9 -1.79235 89.168
    endloop
  endfacet
  facet normal -1.53763e-06 0.996195 -0.0871502
    outer loop
      vertex 15.4307 -1.64458 90.8571
      vertex 14.6654 -1.80562 89.0163
      vertex 14.2902 -1.7957 89.1297
    endloop
  endfacet
  facet normal 7.96306e-06 0.996194 -0.0871588
    outer loop
      vertex 16.1223 -1.6768 90.4888
      vertex 15.0111 -1.82173 88.8322
      vertex 14.6654 -1.80562 89.0163
    endloop
  endfacet
  facet normal -1.36478e-07 0.996195 -0.0871545
    outer loop
      vertex 15.5629 -1.86982 88.2825
      vertex 17.2259 -1.77298 89.3894
      vertex 17.5955 -1.83325 88.7005
    endloop
  endfacet
  facet normal 1.4402e-06 0.996195 -0.0871552
    outer loop
      vertex 16.7284 -1.72015 89.9933
      vertex 15.3142 -1.84341 88.5844
      vertex 15.0111 -1.82173 88.8322
    endloop
  endfacet
  facet normal -3.54601e-06 0.996195 -0.0871494
    outer loop
      vertex 17.2259 -1.77298 89.3894
      vertex 15.5629 -1.86982 88.2825
      vertex 15.3142 -1.84341 88.5844
    endloop
  endfacet
  facet normal -3.05328e-06 0.996194 -0.0871596
    outer loop
      vertex 15.7478 -1.89996 87.9381
      vertex 17.5955 -1.83325 88.7005
      vertex 17.8231 -1.89865 87.953
    endloop
  endfacet
  facet normal 4.88539e-06 0.996193 -0.0871787
    outer loop
      vertex 17.5955 -1.83325 88.7005
      vertex 15.7478 -1.89996 87.9381
      vertex 15.5629 -1.86982 88.2825
    endloop
  endfacet
  facet normal -3.1368e-06 0.996195 -0.0871481
    outer loop
      vertex 17.8231 -1.89865 87.953
      vertex 15.8616 -1.93266 87.5643
      vertex 15.7478 -1.89996 87.9381
    endloop
  endfacet
  facet normal -5.55751e-17 0.996194 -0.0871638
    outer loop
      vertex 17.9 -1.96667 87.1756
      vertex 15.8616 -1.93266 87.5643
      vertex 17.8231 -1.89865 87.953
    endloop
  endfacet
  facet normal 0 0.996194 -0.0871638
    outer loop
      vertex 17.9 -1.96667 87.1756
      vertex 15.9 -1.96667 87.1756
      vertex 15.8616 -1.93266 87.5643
    endloop
  endfacet
  facet normal 0 0.996196 -0.0871383
    outer loop
      vertex 17.9 -1.96667 87.1756
      vertex 15.8616 -2.00067 86.7869
      vertex 15.9 -1.96667 87.1756
    endloop
  endfacet
  facet normal 2.49055e-06 0.996195 -0.0871513
    outer loop
      vertex 17.8231 -2.03468 86.3982
      vertex 15.8616 -2.00067 86.7869
      vertex 17.9 -1.96667 87.1756
    endloop
  endfacet
  facet normal -1.22146e-06 0.996193 -0.0871699
    outer loop
      vertex 15.8616 -2.00067 86.7869
      vertex 17.8231 -2.03468 86.3982
      vertex 15.7478 -2.03337 86.4132
    endloop
  endfacet
  facet normal -1.13735e-06 0.996194 -0.0871583
    outer loop
      vertex 17.5955 -2.10008 85.6507
      vertex 15.7478 -2.03337 86.4132
      vertex 17.8231 -2.03468 86.3982
    endloop
  endfacet
  facet normal -1.98593e-07 0.996195 -0.0871561
    outer loop
      vertex 15.7478 -2.03337 86.4132
      vertex 17.5955 -2.10008 85.6507
      vertex 15.5629 -2.06351 86.0687
    endloop
  endfacet
  facet normal 1.36478e-07 0.996195 -0.0871545
    outer loop
      vertex 17.2259 -2.16035 84.9618
      vertex 15.5629 -2.06351 86.0687
      vertex 17.5955 -2.10008 85.6507
    endloop
  endfacet
  facet normal 3.54601e-06 0.996195 -0.0871494
    outer loop
      vertex 15.5629 -2.06351 86.0687
      vertex 17.2259 -2.16035 84.9618
      vertex 15.3142 -2.08992 85.7668
    endloop
  endfacet
  facet normal -1.61209e-06 0.996194 -0.0871615
    outer loop
      vertex 16.7284 -2.21318 84.358
      vertex 15.3142 -2.08992 85.7668
      vertex 17.2259 -2.16035 84.9618
    endloop
  endfacet
  facet normal 1.33775e-06 0.996194 -0.0871586
    outer loop
      vertex 15.3142 -2.08992 85.7668
      vertex 16.7284 -2.21318 84.358
      vertex 15.0111 -2.1116 85.519
    endloop
  endfacet
  facet normal -5.60349e-06 0.996194 -0.0871632
    outer loop
      vertex 15.0111 -2.1116 85.519
      vertex 16.1223 -2.25654 83.8624
      vertex 14.6654 -2.12771 85.3349
    endloop
  endfacet
  facet normal 1.33785e-06 0.996194 -0.0871586
    outer loop
      vertex 16.1223 -2.25654 83.8624
      vertex 15.0111 -2.1116 85.519
      vertex 16.7284 -2.21318 84.358
    endloop
  endfacet
  facet normal -7.96306e-06 0.996194 -0.0871588
    outer loop
      vertex 12.7889 -1.82173 88.8322
      vertex 11.6777 -1.6768 90.4888
      vertex 13.1346 -1.80562 89.0163
    endloop
  endfacet
  facet normal -5.09418e-07 0.996195 -0.0871539
    outer loop
      vertex 11.6777 -1.6768 90.4888
      vertex 12.7889 -1.82173 88.8322
      vertex 11.0716 -1.72015 89.9933
    endloop
  endfacet
  facet normal -1.4402e-06 0.996195 -0.0871552
    outer loop
      vertex 12.4858 -1.84341 88.5844
      vertex 11.0716 -1.72015 89.9933
      vertex 12.7889 -1.82173 88.8322
    endloop
  endfacet
  facet normal 2.90025e-06 0.996195 -0.0871509
    outer loop
      vertex 11.0716 -1.72015 89.9933
      vertex 12.4858 -1.84341 88.5844
      vertex 10.5741 -1.77298 89.3894
    endloop
  endfacet
  facet normal 3.54601e-06 0.996195 -0.0871494
    outer loop
      vertex 12.2371 -1.86982 88.2825
      vertex 10.5741 -1.77298 89.3894
      vertex 12.4858 -1.84341 88.5844
    endloop
  endfacet
  facet normal 1.36478e-07 0.996195 -0.0871545
    outer loop
      vertex 10.5741 -1.77298 89.3894
      vertex 12.2371 -1.86982 88.2825
      vertex 10.2045 -1.83325 88.7005
    endloop
  endfacet
  facet normal -4.88539e-06 0.996193 -0.0871787
    outer loop
      vertex 12.0522 -1.89996 87.9381
      vertex 10.2045 -1.83325 88.7005
      vertex 12.2371 -1.86982 88.2825
    endloop
  endfacet
  facet normal 3.05322e-06 0.996194 -0.0871596
    outer loop
      vertex 10.2045 -1.83325 88.7005
      vertex 12.0522 -1.89996 87.9381
      vertex 9.97686 -1.89865 87.953
    endloop
  endfacet
  facet normal 3.13674e-06 0.996195 -0.0871481
    outer loop
      vertex 11.9384 -1.93266 87.5643
      vertex 9.97686 -1.89865 87.953
      vertex 12.0522 -1.89996 87.9381
    endloop
  endfacet
  facet normal 1.11151e-16 0.996194 -0.0871638
    outer loop
      vertex 11.9 -1.96667 87.1756
      vertex 9.97686 -1.89865 87.953
      vertex 11.9384 -1.93266 87.5643
    endloop
  endfacet
  facet normal 0 0.996194 -0.0871638
    outer loop
      vertex 11.9 -1.96667 87.1756
      vertex 9.9 -1.96667 87.1756
      vertex 9.97686 -1.89865 87.953
    endloop
  endfacet
  facet normal 0 0.996196 -0.0871383
    outer loop
      vertex 11.9384 -2.00067 86.7869
      vertex 9.9 -1.96667 87.1756
      vertex 11.9 -1.96667 87.1756
    endloop
  endfacet
  facet normal 1.22143e-06 0.996193 -0.0871699
    outer loop
      vertex 9.97686 -2.03468 86.3982
      vertex 11.9384 -2.00067 86.7869
      vertex 12.0522 -2.03337 86.4132
    endloop
  endfacet
  facet normal -2.49053e-06 0.996195 -0.0871513
    outer loop
      vertex 11.9384 -2.00067 86.7869
      vertex 9.97686 -2.03468 86.3982
      vertex 9.9 -1.96667 87.1756
    endloop
  endfacet
  facet normal 1.98593e-07 0.996195 -0.0871561
    outer loop
      vertex 10.2045 -2.10008 85.6507
      vertex 12.0522 -2.03337 86.4132
      vertex 12.2371 -2.06351 86.0687
    endloop
  endfacet
  facet normal -3.54601e-06 0.996195 -0.0871494
    outer loop
      vertex 10.5741 -2.16035 84.9618
      vertex 12.2371 -2.06351 86.0687
      vertex 12.4858 -2.08992 85.7668
    endloop
  endfacet
  facet normal 1.13733e-06 0.996194 -0.0871583
    outer loop
      vertex 12.0522 -2.03337 86.4132
      vertex 10.2045 -2.10008 85.6507
      vertex 9.97686 -2.03468 86.3982
    endloop
  endfacet
  facet normal -1.33775e-06 0.996194 -0.0871586
    outer loop
      vertex 11.0716 -2.21318 84.358
      vertex 12.4858 -2.08992 85.7668
      vertex 12.7889 -2.1116 85.519
    endloop
  endfacet
  facet normal 5.60349e-06 0.996194 -0.0871632
    outer loop
      vertex 11.6777 -2.25654 83.8624
      vertex 12.7889 -2.1116 85.519
      vertex 13.1346 -2.12771 85.3349
    endloop
  endfacet
  facet normal -2.80887e-06 0.996195 -0.0871544
    outer loop
      vertex 12.3693 -2.28875 83.4942
      vertex 13.1346 -2.12771 85.3349
      vertex 13.5098 -2.13763 85.2215
    endloop
  endfacet
  facet normal -1.36478e-07 0.996195 -0.0871545
    outer loop
      vertex 12.2371 -2.06351 86.0687
      vertex 10.5741 -2.16035 84.9618
      vertex 10.2045 -2.10008 85.6507
    endloop
  endfacet
  facet normal -1.96437e-06 0.996195 -0.0871545
    outer loop
      vertex 13.1196 -2.30859 83.2674
      vertex 13.5098 -2.13763 85.2215
      vertex 13.9 -2.14098 85.1832
    endloop
  endfacet
  facet normal 3.83213e-06 0.996195 -0.087154
    outer loop
      vertex 15.4307 -2.28875 83.4942
      vertex 14.6654 -2.12771 85.3349
      vertex 16.1223 -2.25654 83.8624
    endloop
  endfacet
  facet normal 2.80887e-06 0.996195 -0.0871544
    outer loop
      vertex 14.6654 -2.12771 85.3349
      vertex 15.4307 -2.28875 83.4942
      vertex 14.2902 -2.13763 85.2215
    endloop
  endfacet
  facet normal 1.61209e-06 0.996194 -0.0871615
    outer loop
      vertex 12.4858 -2.08992 85.7668
      vertex 11.0716 -2.21318 84.358
      vertex 10.5741 -2.16035 84.9618
    endloop
  endfacet
  facet normal 2.80918e-06 0.996195 -0.0871544
    outer loop
      vertex 14.6804 -2.30859 83.2674
      vertex 14.2902 -2.13763 85.2215
      vertex 15.4307 -2.28875 83.4942
    endloop
  endfacet
  facet normal -1.33785e-06 0.996194 -0.0871586
    outer loop
      vertex 12.7889 -2.1116 85.519
      vertex 11.6777 -2.25654 83.8624
      vertex 11.0716 -2.21318 84.358
    endloop
  endfacet
  facet normal 1.96437e-06 0.996195 -0.0871545
    outer loop
      vertex 14.2902 -2.13763 85.2215
      vertex 14.6804 -2.30859 83.2674
      vertex 13.9 -2.14098 85.1832
    endloop
  endfacet
  facet normal -3.83213e-06 0.996195 -0.087154
    outer loop
      vertex 13.1346 -2.12771 85.3349
      vertex 12.3693 -2.28875 83.4942
      vertex 11.6777 -2.25654 83.8624
    endloop
  endfacet
  facet normal 1.96437e-06 0.996195 -0.0871545
    outer loop
      vertex 13.9 -2.31529 83.1908
      vertex 13.9 -2.14098 85.1832
      vertex 14.6804 -2.30859 83.2674
    endloop
  endfacet
  facet normal -2.80918e-06 0.996195 -0.0871544
    outer loop
      vertex 13.5098 -2.13763 85.2215
      vertex 13.1196 -2.30859 83.2674
      vertex 12.3693 -2.28875 83.4942
    endloop
  endfacet
  facet normal -1.96437e-06 0.996195 -0.0871545
    outer loop
      vertex 13.9 -2.14098 85.1832
      vertex 13.9 -2.31529 83.1908
      vertex 13.1196 -2.30859 83.2674
    endloop
  endfacet
  facet normal -0.956932 -0.0253033 -0.289206
    outer loop
      vertex 10.2045 -2.10008 85.6507
      vertex 9.97686 -8.90842 86.9996
      vertex 9.97686 -2.03468 86.3982
    endloop
  endfacet
  facet normal -0.956932 -0.0253033 -0.289206
    outer loop
      vertex 9.97686 -8.90842 86.9996
      vertex 10.2045 -2.10008 85.6507
      vertex 10.2045 -8.97382 86.2521
    endloop
  endfacet
  facet normal 0.290244 0.0834074 0.953311
    outer loop
      vertex 14.6804 -8.49848 91.6852
      vertex 15.4307 -1.64458 90.8571
      vertex 14.6804 -1.62474 91.0838
    endloop
  endfacet
  facet normal 0.290244 0.0834074 0.953311
    outer loop
      vertex 15.4307 -1.64458 90.8571
      vertex 14.6804 -8.49848 91.6852
      vertex 15.4307 -8.51832 91.4585
    endloop
  endfacet
  facet normal 0.773011 0.0552933 0.631978
    outer loop
      vertex 16.7284 -8.59389 90.5947
      vertex 17.2259 -1.77298 89.3894
      vertex 16.7284 -1.72015 89.9933
    endloop
  endfacet
  facet normal 0.773011 0.0552933 0.631978
    outer loop
      vertex 17.2259 -1.77298 89.3894
      vertex 16.7284 -8.59389 90.5947
      vertex 17.2259 -8.64672 89.9908
    endloop
  endfacet
  facet normal 0.956947 0.0252992 0.289159
    outer loop
      vertex 17.5955 -8.707 89.3019
      vertex 17.8231 -1.89865 87.953
      vertex 17.5955 -1.83325 88.7005
    endloop
  endfacet
  facet normal 0.956947 0.0252992 0.289159
    outer loop
      vertex 17.8231 -1.89865 87.953
      vertex 17.5955 -8.707 89.3019
      vertex 17.8231 -8.7724 88.5544
    endloop
  endfacet
  facet normal -0.471435 0.076866 0.878545
    outer loop
      vertex 11.6777 -1.6768 90.4888
      vertex 12.3693 -8.51832 91.4585
      vertex 12.3693 -1.64458 90.8571
    endloop
  endfacet
  facet normal -0.471435 0.076866 0.878545
    outer loop
      vertex 12.3693 -8.51832 91.4585
      vertex 11.6777 -1.6768 90.4888
      vertex 11.6777 -8.55054 91.0902
    endloop
  endfacet
  facet normal -0.956932 0.0253033 0.289206
    outer loop
      vertex 9.97686 -1.89865 87.953
      vertex 10.2045 -8.707 89.3019
      vertex 10.2045 -1.83325 88.7005
    endloop
  endfacet
  facet normal -0.956932 0.0253033 0.289206
    outer loop
      vertex 10.2045 -8.707 89.3019
      vertex 9.97686 -1.89865 87.953
      vertex 9.97686 -8.7724 88.5544
    endloop
  endfacet
  facet normal -0.995192 0.00853656 0.0975692
    outer loop
      vertex 15.8616 -2.00067 86.7869
      vertex 15.9 -8.84041 87.777
      vertex 15.9 -1.96667 87.1756
    endloop
  endfacet
  facet normal -0.995192 0.00853653 0.097569
    outer loop
      vertex 15.9 -8.84041 87.777
      vertex 15.8616 -2.00067 86.7869
      vertex 15.8616 -8.87442 87.3883
    endloop
  endfacet
  facet normal 0.995192 0.00853656 0.0975692
    outer loop
      vertex 11.9 -8.84041 87.777
      vertex 11.9384 -2.00067 86.7869
      vertex 11.9 -1.96667 87.1756
    endloop
  endfacet
  facet normal 0.995192 0.00853653 0.097569
    outer loop
      vertex 11.9384 -2.00067 86.7869
      vertex 11.9 -8.84041 87.777
      vertex 11.9384 -8.87442 87.3883
    endloop
  endfacet
  facet normal -0.0980547 0.0867394 0.991394
    outer loop
      vertex 13.9 -2.14098 85.1832
      vertex 14.2902 -9.01137 85.8229
      vertex 14.2902 -2.13763 85.2215
    endloop
  endfacet
  facet normal -0.0980547 0.0867394 0.991394
    outer loop
      vertex 14.2902 -9.01137 85.8229
      vertex 13.9 -2.14098 85.1832
      vertex 13.9 -9.01472 85.7846
    endloop
  endfacet
  facet normal -0.634392 0.0673752 0.77007
    outer loop
      vertex 15.0111 -2.1116 85.519
      vertex 15.3142 -8.96367 86.3682
      vertex 15.3142 -2.08992 85.7668
    endloop
  endfacet
  facet normal -0.63439 0.0673754 0.770071
    outer loop
      vertex 15.3142 -8.96367 86.3682
      vertex 15.0111 -2.1116 85.519
      vertex 15.0111 -8.98534 86.1204
    endloop
  endfacet
  facet normal 0.634392 0.0673752 0.77007
    outer loop
      vertex 12.4858 -8.96367 86.3682
      vertex 12.7889 -2.1116 85.519
      vertex 12.4858 -2.08992 85.7668
    endloop
  endfacet
  facet normal 0.63439 0.0673754 0.770071
    outer loop
      vertex 12.7889 -2.1116 85.519
      vertex 12.4858 -8.96367 86.3682
      vertex 12.7889 -8.98534 86.1204
    endloop
  endfacet
  facet normal 0.290325 0.0834053 0.953286
    outer loop
      vertex 13.1346 -9.00145 85.9363
      vertex 13.5098 -2.13763 85.2215
      vertex 13.1346 -2.12771 85.3349
    endloop
  endfacet
  facet normal 0.290325 0.0834053 0.953286
    outer loop
      vertex 13.5098 -2.13763 85.2215
      vertex 13.1346 -9.00145 85.9363
      vertex 13.5098 -9.01137 85.8229
    endloop
  endfacet
  facet normal -0.88186 0.0410898 0.469717
    outer loop
      vertex 15.5629 -2.06351 86.0687
      vertex 15.7478 -8.90711 87.0145
      vertex 15.7478 -2.03337 86.4132
    endloop
  endfacet
  facet normal -0.881804 0.0411058 0.469822
    outer loop
      vertex 15.7478 -8.90711 87.0145
      vertex 15.5629 -2.06351 86.0687
      vertex 15.5629 -8.93725 86.6701
    endloop
  endfacet
  facet normal -0.956936 0.0253023 0.289194
    outer loop
      vertex 15.7478 -2.03337 86.4132
      vertex 15.8616 -8.87442 87.3883
      vertex 15.8616 -2.00067 86.7869
    endloop
  endfacet
  facet normal -0.956957 0.025292 0.289125
    outer loop
      vertex 15.8616 -8.87442 87.3883
      vertex 15.7478 -2.03337 86.4132
      vertex 15.7478 -8.90711 87.0145
    endloop
  endfacet
  facet normal -0.773022 0.0552921 0.631965
    outer loop
      vertex 15.3142 -2.08992 85.7668
      vertex 15.5629 -8.93725 86.6701
      vertex 15.5629 -2.06351 86.0687
    endloop
  endfacet
  facet normal -0.773023 0.055292 0.631964
    outer loop
      vertex 15.5629 -8.93725 86.6701
      vertex 15.3142 -2.08992 85.7668
      vertex 15.3142 -8.96367 86.3682
    endloop
  endfacet
  facet normal -0.290325 0.0834053 0.953286
    outer loop
      vertex 14.2902 -2.13763 85.2215
      vertex 14.6654 -9.00145 85.9363
      vertex 14.6654 -2.12771 85.3349
    endloop
  endfacet
  facet normal -0.290325 0.0834053 0.953286
    outer loop
      vertex 14.6654 -9.00145 85.9363
      vertex 14.2902 -2.13763 85.2215
      vertex 14.2902 -9.01137 85.8229
    endloop
  endfacet
  facet normal -0.471442 0.0768656 0.878541
    outer loop
      vertex 14.6654 -2.12771 85.3349
      vertex 15.0111 -8.98534 86.1204
      vertex 15.0111 -2.1116 85.519
    endloop
  endfacet
  facet normal -0.471442 0.0768656 0.878541
    outer loop
      vertex 15.0111 -8.98534 86.1204
      vertex 14.6654 -2.12771 85.3349
      vertex 14.6654 -9.00145 85.9363
    endloop
  endfacet
  facet normal 0.88186 0.0410898 0.469717
    outer loop
      vertex 12.0522 -8.90711 87.0145
      vertex 12.2371 -2.06351 86.0687
      vertex 12.0522 -2.03337 86.4132
    endloop
  endfacet
  facet normal 0.881804 0.0411058 0.469822
    outer loop
      vertex 12.2371 -2.06351 86.0687
      vertex 12.0522 -8.90711 87.0145
      vertex 12.2371 -8.93725 86.6701
    endloop
  endfacet
  facet normal 0.773022 0.0552921 0.631965
    outer loop
      vertex 12.2371 -8.93725 86.6701
      vertex 12.4858 -2.08992 85.7668
      vertex 12.2371 -2.06351 86.0687
    endloop
  endfacet
  facet normal 0.773023 0.055292 0.631964
    outer loop
      vertex 12.4858 -2.08992 85.7668
      vertex 12.2371 -8.93725 86.6701
      vertex 12.4858 -8.96367 86.3682
    endloop
  endfacet
  facet normal 0.956936 0.0253023 0.289194
    outer loop
      vertex 11.9384 -8.87442 87.3883
      vertex 12.0522 -2.03337 86.4132
      vertex 11.9384 -2.00067 86.7869
    endloop
  endfacet
  facet normal 0.956957 0.025292 0.289125
    outer loop
      vertex 12.0522 -2.03337 86.4132
      vertex 11.9384 -8.87442 87.3883
      vertex 12.0522 -8.90711 87.0145
    endloop
  endfacet
  facet normal 0.471442 0.0768656 0.878541
    outer loop
      vertex 12.7889 -8.98534 86.1204
      vertex 13.1346 -2.12771 85.3349
      vertex 12.7889 -2.1116 85.519
    endloop
  endfacet
  facet normal 0.471442 0.0768656 0.878541
    outer loop
      vertex 13.1346 -2.12771 85.3349
      vertex 12.7889 -8.98534 86.1204
      vertex 13.1346 -9.00145 85.9363
    endloop
  endfacet
  facet normal 0.0980547 0.0867394 0.991394
    outer loop
      vertex 13.5098 -9.01137 85.8229
      vertex 13.9 -2.14098 85.1832
      vertex 13.5098 -2.13763 85.2215
    endloop
  endfacet
  facet normal 0.0980547 0.0867394 0.991394
    outer loop
      vertex 13.9 -2.14098 85.1832
      vertex 13.5098 -9.01137 85.8229
      vertex 13.9 -9.01472 85.7846
    endloop
  endfacet
  facet normal -0.0980547 -0.0867393 -0.991394
    outer loop
      vertex 13.9 -8.6661 89.7694
      vertex 14.2902 -1.7957 89.1297
      vertex 14.2902 -8.66945 89.7311
    endloop
  endfacet
  facet normal -0.0980547 -0.0867393 -0.991394
    outer loop
      vertex 14.2902 -1.7957 89.1297
      vertex 13.9 -8.6661 89.7694
      vertex 13.9 -1.79235 89.168
    endloop
  endfacet
  facet normal -0.634392 -0.0673753 -0.77007
    outer loop
      vertex 15.0111 -8.69547 89.4336
      vertex 15.3142 -1.84341 88.5844
      vertex 15.3142 -8.71715 89.1858
    endloop
  endfacet
  facet normal -0.634392 -0.0673753 -0.77007
    outer loop
      vertex 15.3142 -1.84341 88.5844
      vertex 15.0111 -8.69547 89.4336
      vertex 15.0111 -1.82173 88.8322
    endloop
  endfacet
  facet normal 0.634392 -0.0673753 -0.77007
    outer loop
      vertex 12.4858 -1.84341 88.5844
      vertex 12.7889 -8.69547 89.4336
      vertex 12.4858 -8.71715 89.1858
    endloop
  endfacet
  facet normal 0.634392 -0.0673753 -0.77007
    outer loop
      vertex 12.7889 -8.69547 89.4336
      vertex 12.4858 -1.84341 88.5844
      vertex 12.7889 -1.82173 88.8322
    endloop
  endfacet
  facet normal 0.290325 -0.0834052 -0.953286
    outer loop
      vertex 13.1346 -1.80562 89.0163
      vertex 13.5098 -8.66945 89.7311
      vertex 13.1346 -8.67937 89.6177
    endloop
  endfacet
  facet normal 0.290325 -0.0834052 -0.953286
    outer loop
      vertex 13.5098 -8.66945 89.7311
      vertex 13.1346 -1.80562 89.0163
      vertex 13.5098 -1.7957 89.1297
    endloop
  endfacet
  facet normal 0.881804 -0.0411058 -0.469822
    outer loop
      vertex 12.2371 -8.74357 88.8839
      vertex 12.0522 -1.89996 87.9381
      vertex 12.2371 -1.86982 88.2825
    endloop
  endfacet
  facet normal 0.88186 -0.0410899 -0.469718
    outer loop
      vertex 12.0522 -1.89996 87.9381
      vertex 12.2371 -8.74357 88.8839
      vertex 12.0522 -8.7737 88.5394
    endloop
  endfacet
  facet normal 0.995192 -0.00853654 -0.097569
    outer loop
      vertex 11.9384 -8.8064 88.1657
      vertex 11.9 -1.96667 87.1756
      vertex 11.9384 -1.93266 87.5643
    endloop
  endfacet
  facet normal 0.995192 -0.00853654 -0.097569
    outer loop
      vertex 11.9 -1.96667 87.1756
      vertex 11.9384 -8.8064 88.1657
      vertex 11.9 -8.84041 87.777
    endloop
  endfacet
  facet normal -0.290325 -0.0834052 -0.953286
    outer loop
      vertex 14.2902 -8.66945 89.7311
      vertex 14.6654 -1.80562 89.0163
      vertex 14.6654 -8.67937 89.6177
    endloop
  endfacet
  facet normal -0.290325 -0.0834052 -0.953286
    outer loop
      vertex 14.6654 -1.80562 89.0163
      vertex 14.2902 -8.66945 89.7311
      vertex 14.2902 -1.7957 89.1297
    endloop
  endfacet
  facet normal -0.773022 -0.0552921 -0.631965
    outer loop
      vertex 15.5629 -1.86982 88.2825
      vertex 15.3142 -8.71715 89.1858
      vertex 15.3142 -1.84341 88.5844
    endloop
  endfacet
  facet normal -0.773023 -0.055292 -0.631964
    outer loop
      vertex 15.3142 -8.71715 89.1858
      vertex 15.5629 -1.86982 88.2825
      vertex 15.5629 -8.74357 88.8839
    endloop
  endfacet
  facet normal -0.956957 -0.025292 -0.289124
    outer loop
      vertex 15.8616 -1.93266 87.5643
      vertex 15.7478 -8.7737 88.5394
      vertex 15.7478 -1.89996 87.9381
    endloop
  endfacet
  facet normal -0.956936 -0.0253023 -0.289194
    outer loop
      vertex 15.7478 -8.7737 88.5394
      vertex 15.8616 -1.93266 87.5643
      vertex 15.8616 -8.8064 88.1657
    endloop
  endfacet
  facet normal -0.881804 -0.0411058 -0.469822
    outer loop
      vertex 15.7478 -1.89996 87.9381
      vertex 15.5629 -8.74357 88.8839
      vertex 15.5629 -1.86982 88.2825
    endloop
  endfacet
  facet normal -0.88186 -0.0410899 -0.469718
    outer loop
      vertex 15.5629 -8.74357 88.8839
      vertex 15.7478 -1.89996 87.9381
      vertex 15.7478 -8.7737 88.5394
    endloop
  endfacet
  facet normal -0.995192 -0.00853654 -0.097569
    outer loop
      vertex 15.9 -1.96667 87.1756
      vertex 15.8616 -8.8064 88.1657
      vertex 15.8616 -1.93266 87.5643
    endloop
  endfacet
  facet normal -0.995192 -0.00853654 -0.097569
    outer loop
      vertex 15.8616 -8.8064 88.1657
      vertex 15.9 -1.96667 87.1756
      vertex 15.9 -8.84041 87.777
    endloop
  endfacet
  facet normal 0.471441 -0.0768657 -0.878542
    outer loop
      vertex 12.7889 -1.82173 88.8322
      vertex 13.1346 -8.67937 89.6177
      vertex 12.7889 -8.69547 89.4336
    endloop
  endfacet
  facet normal 0.471442 -0.0768655 -0.878541
    outer loop
      vertex 13.1346 -8.67937 89.6177
      vertex 12.7889 -1.82173 88.8322
      vertex 13.1346 -1.80562 89.0163
    endloop
  endfacet
  facet normal 0.0980547 -0.0867393 -0.991394
    outer loop
      vertex 13.5098 -1.7957 89.1297
      vertex 13.9 -8.6661 89.7694
      vertex 13.5098 -8.66945 89.7311
    endloop
  endfacet
  facet normal 0.0980547 -0.0867393 -0.991394
    outer loop
      vertex 13.9 -8.6661 89.7694
      vertex 13.5098 -1.7957 89.1297
      vertex 13.9 -1.79235 89.168
    endloop
  endfacet
  facet normal 0.773022 -0.0552921 -0.631965
    outer loop
      vertex 12.4858 -8.71715 89.1858
      vertex 12.2371 -1.86982 88.2825
      vertex 12.4858 -1.84341 88.5844
    endloop
  endfacet
  facet normal 0.773023 -0.055292 -0.631964
    outer loop
      vertex 12.2371 -1.86982 88.2825
      vertex 12.4858 -8.71715 89.1858
      vertex 12.2371 -8.74357 88.8839
    endloop
  endfacet
  facet normal 0.956957 -0.025292 -0.289124
    outer loop
      vertex 12.0522 -8.7737 88.5394
      vertex 11.9384 -1.93266 87.5643
      vertex 12.0522 -1.89996 87.9381
    endloop
  endfacet
  facet normal 0.956936 -0.0253023 -0.289194
    outer loop
      vertex 11.9384 -1.93266 87.5643
      vertex 12.0522 -8.7737 88.5394
      vertex 11.9384 -8.8064 88.1657
    endloop
  endfacet
  facet normal -0.471441 -0.0768657 -0.878542
    outer loop
      vertex 14.6654 -8.67937 89.6177
      vertex 15.0111 -1.82173 88.8322
      vertex 15.0111 -8.69547 89.4336
    endloop
  endfacet
  facet normal -0.471442 -0.0768655 -0.878541
    outer loop
      vertex 15.0111 -1.82173 88.8322
      vertex 14.6654 -8.67937 89.6177
      vertex 14.6654 -1.80562 89.0163
    endloop
  endfacet
  facet normal 0.471139 -0.076829 -0.878707
    outer loop
      vertex 15.4307 3.37637 148.247
      vertex 16.1223 -3.46515 149.216
      vertex 15.4307 -3.49737 148.848
    endloop
  endfacet
  facet normal 0.471139 -0.076829 -0.878707
    outer loop
      vertex 16.1223 -3.46515 149.216
      vertex 15.4307 3.37637 148.247
      vertex 16.1223 3.40859 148.615
    endloop
  endfacet
  facet normal 0.995187 0.00853544 0.0976213
    outer loop
      vertex 17.8231 -3.10727 153.307
      vertex 17.9 3.69846 151.928
      vertex 17.8231 3.76647 152.706
    endloop
  endfacet
  facet normal 0.995175 0.00856033 0.0977435
    outer loop
      vertex 17.9 3.69846 151.928
      vertex 17.8231 -3.10727 153.307
      vertex 17.9 -3.17529 152.53
    endloop
  endfacet
  facet normal -0.28943 0.0835116 0.953549
    outer loop
      vertex 12.3693 4.02054 155.61
      vertex 13.1196 -2.83336 156.438
      vertex 13.1196 4.04038 155.836
    endloop
  endfacet
  facet normal -0.290593 0.0833432 0.95321
    outer loop
      vertex 13.1196 -2.83336 156.438
      vertex 12.3693 4.02054 155.61
      vertex 12.3693 -2.8532 156.211
    endloop
  endfacet
  facet normal 0.0972998 -0.0868318 -0.99146
    outer loop
      vertex 13.9 3.34983 147.943
      vertex 14.6804 -3.51721 148.621
      vertex 13.9 -3.52391 148.545
    endloop
  endfacet
  facet normal 0.098558 -0.0866778 -0.991349
    outer loop
      vertex 14.6804 -3.51721 148.621
      vertex 13.9 3.34983 147.943
      vertex 14.6804 3.35653 148.02
    endloop
  endfacet
  facet normal -0.290593 -0.0833432 -0.95321
    outer loop
      vertex 12.3693 -3.49737 148.848
      vertex 13.1196 3.35653 148.02
      vertex 13.1196 -3.51721 148.621
    endloop
  endfacet
  facet normal -0.290593 -0.0833432 -0.95321
    outer loop
      vertex 13.1196 3.35653 148.02
      vertex 12.3693 -3.49737 148.848
      vertex 12.3693 3.37637 148.247
    endloop
  endfacet
  facet normal -0.881966 -0.0411199 -0.469515
    outer loop
      vertex 10.5741 3.50477 149.714
      vertex 10.2045 -3.3087 151.005
      vertex 10.2045 3.56505 150.403
    endloop
  endfacet
  facet normal -0.881966 -0.04112 -0.469516
    outer loop
      vertex 10.2045 -3.3087 151.005
      vertex 10.5741 3.50477 149.714
      vertex 10.5741 -3.36897 150.316
    endloop
  endfacet
  facet normal 0.881966 -0.0411199 -0.469515
    outer loop
      vertex 17.5955 -3.3087 151.005
      vertex 17.2259 3.50477 149.714
      vertex 17.5955 3.56505 150.403
    endloop
  endfacet
  facet normal 0.881966 -0.04112 -0.469516
    outer loop
      vertex 17.2259 3.50477 149.714
      vertex 17.5955 -3.3087 151.005
      vertex 17.2259 -3.36897 150.316
    endloop
  endfacet
  facet normal 0.77255 -0.055397 -0.632533
    outer loop
      vertex 17.2259 -3.36897 150.316
      vertex 16.7284 3.45194 149.111
      vertex 17.2259 3.50477 149.714
    endloop
  endfacet
  facet normal 0.773062 -0.0552514 -0.63192
    outer loop
      vertex 16.7284 3.45194 149.111
      vertex 17.2259 -3.36897 150.316
      vertex 16.7284 -3.4218 149.712
    endloop
  endfacet
  facet normal 0.634757 -0.0673047 -0.769775
    outer loop
      vertex 16.1223 3.40859 148.615
      vertex 16.7284 -3.4218 149.712
      vertex 16.1223 -3.46515 149.216
    endloop
  endfacet
  facet normal 0.634757 -0.0673047 -0.769775
    outer loop
      vertex 16.7284 -3.4218 149.712
      vertex 16.1223 3.40859 148.615
      vertex 16.7284 3.45194 149.111
    endloop
  endfacet
  facet normal 0.290593 -0.0833432 -0.95321
    outer loop
      vertex 14.6804 3.35653 148.02
      vertex 15.4307 -3.49737 148.848
      vertex 14.6804 -3.51721 148.621
    endloop
  endfacet
  facet normal 0.290593 -0.0833432 -0.95321
    outer loop
      vertex 15.4307 -3.49737 148.848
      vertex 14.6804 3.35653 148.02
      vertex 15.4307 3.37637 148.247
    endloop
  endfacet
  facet normal -0.99518 -0.00855592 -0.0976931
    outer loop
      vertex 9.97686 3.63044 151.151
      vertex 9.9 -3.17529 152.53
      vertex 9.9 3.69846 151.928
    endloop
  endfacet
  facet normal -0.995192 -0.00853105 -0.097571
    outer loop
      vertex 9.9 -3.17529 152.53
      vertex 9.97686 3.63044 151.151
      vertex 9.97686 -3.2433 151.752
    endloop
  endfacet
  facet normal -0.77255 -0.055397 -0.632533
    outer loop
      vertex 11.0716 3.45194 149.111
      vertex 10.5741 -3.36897 150.316
      vertex 10.5741 3.50477 149.714
    endloop
  endfacet
  facet normal -0.773062 -0.0552514 -0.63192
    outer loop
      vertex 10.5741 -3.36897 150.316
      vertex 11.0716 3.45194 149.111
      vertex 11.0716 -3.4218 149.712
    endloop
  endfacet
  facet normal -0.471139 -0.076829 -0.878707
    outer loop
      vertex 11.6777 -3.46515 149.216
      vertex 12.3693 3.37637 148.247
      vertex 12.3693 -3.49737 148.848
    endloop
  endfacet
  facet normal -0.471139 -0.076829 -0.878707
    outer loop
      vertex 12.3693 3.37637 148.247
      vertex 11.6777 -3.46515 149.216
      vertex 11.6777 3.40859 148.615
    endloop
  endfacet
  facet normal -0.0972998 -0.0868318 -0.99146
    outer loop
      vertex 13.1196 -3.51721 148.621
      vertex 13.9 3.34983 147.943
      vertex 13.9 -3.52391 148.545
    endloop
  endfacet
  facet normal -0.098558 -0.0866778 -0.991349
    outer loop
      vertex 13.9 3.34983 147.943
      vertex 13.1196 -3.51721 148.621
      vertex 13.1196 3.35653 148.02
    endloop
  endfacet
  facet normal -0.634757 -0.0673047 -0.769775
    outer loop
      vertex 11.0716 -3.4218 149.712
      vertex 11.6777 3.40859 148.615
      vertex 11.6777 -3.46515 149.216
    endloop
  endfacet
  facet normal -0.634757 -0.0673047 -0.769775
    outer loop
      vertex 11.6777 3.40859 148.615
      vertex 11.0716 -3.4218 149.712
      vertex 11.0716 3.45194 149.111
    endloop
  endfacet
  facet normal 0.995175 -0.00856033 -0.0977435
    outer loop
      vertex 17.9 -3.17529 152.53
      vertex 17.8231 3.63044 151.151
      vertex 17.9 3.69846 151.928
    endloop
  endfacet
  facet normal 0.995187 -0.00853544 -0.0976213
    outer loop
      vertex 17.8231 3.63044 151.151
      vertex 17.9 -3.17529 152.53
      vertex 17.8231 -3.2433 151.752
    endloop
  endfacet
  facet normal 0.098558 0.0866778 0.991349
    outer loop
      vertex 13.9 -2.82666 156.514
      vertex 14.6804 4.04038 155.836
      vertex 13.9 4.04708 155.913
    endloop
  endfacet
  facet normal 0.0972998 0.0868318 0.99146
    outer loop
      vertex 14.6804 4.04038 155.836
      vertex 13.9 -2.82666 156.514
      vertex 14.6804 -2.83336 156.438
    endloop
  endfacet
  facet normal 0.471138 0.0768291 0.878707
    outer loop
      vertex 15.4307 -2.8532 156.211
      vertex 16.1223 3.98833 155.242
      vertex 15.4307 4.02054 155.61
    endloop
  endfacet
  facet normal 0.471139 0.0768289 0.878707
    outer loop
      vertex 16.1223 3.98833 155.242
      vertex 15.4307 -2.8532 156.211
      vertex 16.1223 -2.88542 155.843
    endloop
  endfacet
  facet normal 0.634758 0.0673045 0.769775
    outer loop
      vertex 16.1223 -2.88542 155.843
      vertex 16.7284 3.94497 154.746
      vertex 16.1223 3.98833 155.242
    endloop
  endfacet
  facet normal 0.634757 0.0673047 0.769775
    outer loop
      vertex 16.7284 3.94497 154.746
      vertex 16.1223 -2.88542 155.843
      vertex 16.7284 -2.92877 155.347
    endloop
  endfacet
  facet normal 0.881966 0.0410523 0.469522
    outer loop
      vertex 17.2259 -2.9816 154.743
      vertex 17.5955 3.83187 153.453
      vertex 17.2259 3.89214 154.142
    endloop
  endfacet
  facet normal 0.881683 0.0411662 0.470042
    outer loop
      vertex 17.5955 3.83187 153.453
      vertex 17.2259 -2.9816 154.743
      vertex 17.5955 -3.04187 154.055
    endloop
  endfacet
  facet normal -0.098558 0.0866778 0.991349
    outer loop
      vertex 13.1196 4.04038 155.836
      vertex 13.9 -2.82666 156.514
      vertex 13.9 4.04708 155.913
    endloop
  endfacet
  facet normal -0.0972998 0.0868318 0.99146
    outer loop
      vertex 13.9 -2.82666 156.514
      vertex 13.1196 4.04038 155.836
      vertex 13.1196 -2.83336 156.438
    endloop
  endfacet
  facet normal -0.634758 0.0673045 0.769775
    outer loop
      vertex 11.0716 3.94497 154.746
      vertex 11.6777 -2.88542 155.843
      vertex 11.6777 3.98833 155.242
    endloop
  endfacet
  facet normal -0.634757 0.0673047 0.769775
    outer loop
      vertex 11.6777 -2.88542 155.843
      vertex 11.0716 3.94497 154.746
      vertex 11.0716 -2.92877 155.347
    endloop
  endfacet
  facet normal -0.881966 0.0410523 0.469522
    outer loop
      vertex 10.2045 3.83187 153.453
      vertex 10.5741 -2.9816 154.743
      vertex 10.5741 3.89214 154.142
    endloop
  endfacet
  facet normal -0.881683 0.0411662 0.470042
    outer loop
      vertex 10.5741 -2.9816 154.743
      vertex 10.2045 3.83187 153.453
      vertex 10.2045 -3.04187 154.055
    endloop
  endfacet
  facet normal -0.995192 0.00853105 0.097571
    outer loop
      vertex 9.9 3.69846 151.928
      vertex 9.97686 -3.10727 153.307
      vertex 9.97686 3.76647 152.706
    endloop
  endfacet
  facet normal -0.99518 0.00855592 0.0976931
    outer loop
      vertex 9.97686 -3.10727 153.307
      vertex 9.9 3.69846 151.928
      vertex 9.9 -3.17529 152.53
    endloop
  endfacet
  facet normal -0.773062 0.0552514 0.63192
    outer loop
      vertex 10.5741 3.89214 154.142
      vertex 11.0716 -2.92877 155.347
      vertex 11.0716 3.94497 154.746
    endloop
  endfacet
  facet normal -0.773062 0.0552514 0.63192
    outer loop
      vertex 11.0716 -2.92877 155.347
      vertex 10.5741 3.89214 154.142
      vertex 10.5741 -2.9816 154.743
    endloop
  endfacet
  facet normal 0.957 -0.0252672 -0.288985
    outer loop
      vertex 17.8231 -3.2433 151.752
      vertex 17.5955 3.56505 150.403
      vertex 17.8231 3.63044 151.151
    endloop
  endfacet
  facet normal 0.956893 -0.0253396 -0.289333
    outer loop
      vertex 17.5955 3.56505 150.403
      vertex 17.8231 -3.2433 151.752
      vertex 17.5955 -3.3087 151.005
    endloop
  endfacet
  facet normal -4.83628e-05 0.996193 -0.0871719
    outer loop
      vertex 13.9 3.87277 153.921
      vertex 13.9 4.04708 155.913
      vertex 14.6804 4.04038 155.836
    endloop
  endfacet
  facet normal 8.35784e-05 0.996193 -0.0871759
    outer loop
      vertex 14.2902 3.86942 153.882
      vertex 14.6804 4.04038 155.836
      vertex 15.4307 4.02054 155.61
    endloop
  endfacet
  facet normal 4.83628e-05 0.996193 -0.0871719
    outer loop
      vertex 13.9 4.04708 155.913
      vertex 13.9 3.87277 153.921
      vertex 13.1196 4.04038 155.836
    endloop
  endfacet
  facet normal 2.29945e-05 0.996195 -0.0871509
    outer loop
      vertex 14.6654 3.8595 153.769
      vertex 15.4307 4.02054 155.61
      vertex 16.1223 3.98833 155.242
    endloop
  endfacet
  facet normal 0.000155693 0.996197 -0.0871285
    outer loop
      vertex 13.5098 3.86942 153.882
      vertex 13.1196 4.04038 155.836
      vertex 13.9 3.87277 153.921
    endloop
  endfacet
  facet normal -2.73601e-05 0.996198 -0.0871204
    outer loop
      vertex 15.0111 3.84339 153.585
      vertex 16.1223 3.98833 155.242
      vertex 16.7284 3.94497 154.746
    endloop
  endfacet
  facet normal -8.35784e-05 0.996193 -0.0871759
    outer loop
      vertex 13.1196 4.04038 155.836
      vertex 13.5098 3.86942 153.882
      vertex 12.3693 4.02054 155.61
    endloop
  endfacet
  facet normal -7.41148e-06 0.996196 -0.0871403
    outer loop
      vertex 15.3142 3.82171 153.337
      vertex 16.7284 3.94497 154.746
      vertex 17.2259 3.89214 154.142
    endloop
  endfacet
  facet normal -8.35691e-05 0.996193 -0.0871759
    outer loop
      vertex 13.1346 3.8595 153.769
      vertex 12.3693 4.02054 155.61
      vertex 13.5098 3.86942 153.882
    endloop
  endfacet
  facet normal -2.29945e-05 0.996195 -0.0871509
    outer loop
      vertex 12.3693 4.02054 155.61
      vertex 13.1346 3.8595 153.769
      vertex 11.6777 3.98833 155.242
    endloop
  endfacet
  facet normal -0.000155693 0.996197 -0.0871285
    outer loop
      vertex 14.6804 4.04038 155.836
      vertex 14.2902 3.86942 153.882
      vertex 13.9 3.87277 153.921
    endloop
  endfacet
  facet normal 8.35691e-05 0.996193 -0.0871759
    outer loop
      vertex 15.4307 4.02054 155.61
      vertex 14.6654 3.8595 153.769
      vertex 14.2902 3.86942 153.882
    endloop
  endfacet
  facet normal 3.24381e-05 0.996194 -0.0871602
    outer loop
      vertex 16.1223 3.98833 155.242
      vertex 15.0111 3.84339 153.585
      vertex 14.6654 3.8595 153.769
    endloop
  endfacet
  facet normal -2.47935e-06 0.996196 -0.0871432
    outer loop
      vertex 15.5629 3.7953 153.035
      vertex 17.2259 3.89214 154.142
      vertex 17.5955 3.83187 153.453
    endloop
  endfacet
  facet normal -2.7358e-05 0.996198 -0.0871204
    outer loop
      vertex 16.7284 3.94497 154.746
      vertex 15.3142 3.82171 153.337
      vertex 15.0111 3.84339 153.585
    endloop
  endfacet
  facet normal -1.25688e-05 0.996197 -0.0871281
    outer loop
      vertex 17.2259 3.89214 154.142
      vertex 15.5629 3.7953 153.035
      vertex 15.3142 3.82171 153.337
    endloop
  endfacet
  facet normal 1.55809e-06 0.996189 -0.0872161
    outer loop
      vertex 15.7478 3.76516 152.691
      vertex 17.5955 3.83187 153.453
      vertex 17.8231 3.76647 152.706
    endloop
  endfacet
  facet normal 2.36569e-05 0.996185 -0.0872693
    outer loop
      vertex 17.5955 3.83187 153.453
      vertex 15.7478 3.76516 152.691
      vertex 15.5629 3.7953 153.035
    endloop
  endfacet
  facet normal 7.17179e-07 0.9962 -0.0871006
    outer loop
      vertex 17.8231 3.76647 152.706
      vertex 15.8616 3.73246 152.317
      vertex 15.7478 3.76516 152.691
    endloop
  endfacet
  facet normal -2.49056e-06 0.996201 -0.0870846
    outer loop
      vertex 17.9 3.69846 151.928
      vertex 15.8616 3.73246 152.317
      vertex 17.8231 3.76647 152.706
    endloop
  endfacet
  facet normal 0 0.996202 -0.0870716
    outer loop
      vertex 17.9 3.69846 151.928
      vertex 15.9 3.69846 151.928
      vertex 15.8616 3.73246 152.317
    endloop
  endfacet
  facet normal 0 0.99618 -0.0873198
    outer loop
      vertex 17.9 3.69846 151.928
      vertex 15.8616 3.66445 151.54
      vertex 15.9 3.69846 151.928
    endloop
  endfacet
  facet normal -2.18021e-05 0.99619 -0.0872062
    outer loop
      vertex 17.8231 3.63044 151.151
      vertex 15.8616 3.66445 151.54
      vertex 17.9 3.69846 151.928
    endloop
  endfacet
  facet normal -7.17179e-07 0.9962 -0.0871006
    outer loop
      vertex 15.8616 3.66445 151.54
      vertex 17.8231 3.63044 151.151
      vertex 15.7478 3.63175 151.166
    endloop
  endfacet
  facet normal -6.21129e-07 0.996201 -0.0870875
    outer loop
      vertex 17.5955 3.56505 150.403
      vertex 15.7478 3.63175 151.166
      vertex 17.8231 3.63044 151.151
    endloop
  endfacet
  facet normal 2.85477e-05 0.996207 -0.0870174
    outer loop
      vertex 15.7478 3.63175 151.166
      vertex 17.5955 3.56505 150.403
      vertex 15.5629 3.60162 150.821
    endloop
  endfacet
  facet normal -1.98604e-07 0.996195 -0.0871561
    outer loop
      vertex 17.2259 3.50477 149.714
      vertex 15.5629 3.60162 150.821
      vertex 17.5955 3.56505 150.403
    endloop
  endfacet
  facet normal 2.25495e-06 0.996195 -0.0871524
    outer loop
      vertex 15.5629 3.60162 150.821
      vertex 17.2259 3.50477 149.714
      vertex 15.3142 3.5752 150.519
    endloop
  endfacet
  facet normal -3.77504e-05 0.996187 -0.0872467
    outer loop
      vertex 16.7284 3.45194 149.111
      vertex 15.3142 3.5752 150.519
      vertex 17.2259 3.50477 149.714
    endloop
  endfacet
  facet normal -0.000102972 0.996181 -0.0873117
    outer loop
      vertex 15.3142 3.5752 150.519
      vertex 16.7284 3.45194 149.111
      vertex 15.0111 3.55352 150.272
    endloop
  endfacet
  facet normal -3.47963e-05 0.996195 -0.0871558
    outer loop
      vertex 15.0111 3.55352 150.272
      vertex 16.1223 3.40859 148.615
      vertex 14.6654 3.53741 150.088
    endloop
  endfacet
  facet normal 3.47957e-05 0.996199 -0.0871095
    outer loop
      vertex 16.1223 3.40859 148.615
      vertex 15.0111 3.55352 150.272
      vertex 16.7284 3.45194 149.111
    endloop
  endfacet
  facet normal -3.24381e-05 0.996194 -0.0871602
    outer loop
      vertex 12.7889 3.84339 153.585
      vertex 11.6777 3.98833 155.242
      vertex 13.1346 3.8595 153.769
    endloop
  endfacet
  facet normal 2.73601e-05 0.996198 -0.0871204
    outer loop
      vertex 11.6777 3.98833 155.242
      vertex 12.7889 3.84339 153.585
      vertex 11.0716 3.94497 154.746
    endloop
  endfacet
  facet normal 2.7358e-05 0.996198 -0.0871204
    outer loop
      vertex 12.4858 3.82171 153.337
      vertex 11.0716 3.94497 154.746
      vertex 12.7889 3.84339 153.585
    endloop
  endfacet
  facet normal 7.41148e-06 0.996196 -0.0871403
    outer loop
      vertex 11.0716 3.94497 154.746
      vertex 12.4858 3.82171 153.337
      vertex 10.5741 3.89214 154.142
    endloop
  endfacet
  facet normal 1.25688e-05 0.996197 -0.0871281
    outer loop
      vertex 12.2371 3.7953 153.035
      vertex 10.5741 3.89214 154.142
      vertex 12.4858 3.82171 153.337
    endloop
  endfacet
  facet normal 2.47935e-06 0.996196 -0.0871432
    outer loop
      vertex 10.5741 3.89214 154.142
      vertex 12.2371 3.7953 153.035
      vertex 10.2045 3.83187 153.453
    endloop
  endfacet
  facet normal -2.36569e-05 0.996185 -0.0872693
    outer loop
      vertex 12.0522 3.76516 152.691
      vertex 10.2045 3.83187 153.453
      vertex 12.2371 3.7953 153.035
    endloop
  endfacet
  facet normal -1.55806e-06 0.996189 -0.0872161
    outer loop
      vertex 10.2045 3.83187 153.453
      vertex 12.0522 3.76516 152.691
      vertex 9.97686 3.76647 152.706
    endloop
  endfacet
  facet normal -7.17166e-07 0.9962 -0.0871006
    outer loop
      vertex 11.9384 3.73246 152.317
      vertex 9.97686 3.76647 152.706
      vertex 12.0522 3.76516 152.691
    endloop
  endfacet
  facet normal 4.98116e-06 0.996202 -0.0870721
    outer loop
      vertex 11.9 3.69846 151.928
      vertex 9.97686 3.76647 152.706
      vertex 11.9384 3.73246 152.317
    endloop
  endfacet
  facet normal 0 0.996201 -0.0870844
    outer loop
      vertex 11.9 3.69846 151.928
      vertex 9.9 3.69846 151.928
      vertex 9.97686 3.76647 152.706
    endloop
  endfacet
  facet normal 0 0.99618 -0.0873198
    outer loop
      vertex 11.9384 3.66445 151.54
      vertex 9.9 3.69846 151.928
      vertex 11.9 3.69846 151.928
    endloop
  endfacet
  facet normal 7.17166e-07 0.9962 -0.0871006
    outer loop
      vertex 9.97686 3.63044 151.151
      vertex 11.9384 3.66445 151.54
      vertex 12.0522 3.63175 151.166
    endloop
  endfacet
  facet normal 2.18019e-05 0.99619 -0.0872062
    outer loop
      vertex 11.9384 3.66445 151.54
      vertex 9.97686 3.63044 151.151
      vertex 9.9 3.69846 151.928
    endloop
  endfacet
  facet normal -2.85477e-05 0.996207 -0.0870174
    outer loop
      vertex 10.2045 3.56505 150.403
      vertex 12.0522 3.63175 151.166
      vertex 12.2371 3.60162 150.821
    endloop
  endfacet
  facet normal -2.25495e-06 0.996195 -0.0871524
    outer loop
      vertex 10.5741 3.50477 149.714
      vertex 12.2371 3.60162 150.821
      vertex 12.4858 3.5752 150.519
    endloop
  endfacet
  facet normal 6.21117e-07 0.996201 -0.0870875
    outer loop
      vertex 12.0522 3.63175 151.166
      vertex 10.2045 3.56505 150.403
      vertex 9.97686 3.63044 151.151
    endloop
  endfacet
  facet normal 0.000102972 0.996181 -0.0873117
    outer loop
      vertex 11.0716 3.45194 149.111
      vertex 12.4858 3.5752 150.519
      vertex 12.7889 3.55352 150.272
    endloop
  endfacet
  facet normal 3.47963e-05 0.996195 -0.0871558
    outer loop
      vertex 11.6777 3.40859 148.615
      vertex 12.7889 3.55352 150.272
      vertex 13.1346 3.53741 150.088
    endloop
  endfacet
  facet normal -0.000146295 0.996201 -0.0870811
    outer loop
      vertex 12.3693 3.37637 148.247
      vertex 13.1346 3.53741 150.088
      vertex 13.5098 3.5275 149.974
    endloop
  endfacet
  facet normal 1.98604e-07 0.996195 -0.0871561
    outer loop
      vertex 12.2371 3.60162 150.821
      vertex 10.5741 3.50477 149.714
      vertex 10.2045 3.56505 150.403
    endloop
  endfacet
  facet normal 6.28517e-05 0.996193 -0.0871769
    outer loop
      vertex 13.1196 3.35653 148.02
      vertex 13.5098 3.5275 149.974
      vertex 13.9 3.52415 149.936
    endloop
  endfacet
  facet normal -3.47897e-05 0.996195 -0.0871558
    outer loop
      vertex 15.4307 3.37637 148.247
      vertex 14.6654 3.53741 150.088
      vertex 16.1223 3.40859 148.615
    endloop
  endfacet
  facet normal 0.000146295 0.996201 -0.0870811
    outer loop
      vertex 14.6654 3.53741 150.088
      vertex 15.4307 3.37637 148.247
      vertex 14.2902 3.5275 149.974
    endloop
  endfacet
  facet normal 3.77504e-05 0.996187 -0.0872467
    outer loop
      vertex 12.4858 3.5752 150.519
      vertex 11.0716 3.45194 149.111
      vertex 10.5741 3.50477 149.714
    endloop
  endfacet
  facet normal 2.74446e-05 0.996194 -0.087159
    outer loop
      vertex 14.6804 3.35653 148.02
      vertex 14.2902 3.5275 149.974
      vertex 15.4307 3.37637 148.247
    endloop
  endfacet
  facet normal -3.47957e-05 0.996199 -0.0871095
    outer loop
      vertex 12.7889 3.55352 150.272
      vertex 11.6777 3.40859 148.615
      vertex 11.0716 3.45194 149.111
    endloop
  endfacet
  facet normal -6.28517e-05 0.996193 -0.0871769
    outer loop
      vertex 14.2902 3.5275 149.974
      vertex 14.6804 3.35653 148.02
      vertex 13.9 3.52415 149.936
    endloop
  endfacet
  facet normal 3.47897e-05 0.996195 -0.0871558
    outer loop
      vertex 13.1346 3.53741 150.088
      vertex 12.3693 3.37637 148.247
      vertex 11.6777 3.40859 148.615
    endloop
  endfacet
  facet normal 4.45405e-05 0.996197 -0.0871335
    outer loop
      vertex 13.9 3.34983 147.943
      vertex 13.9 3.52415 149.936
      vertex 14.6804 3.35653 148.02
    endloop
  endfacet
  facet normal -2.74446e-05 0.996194 -0.087159
    outer loop
      vertex 13.5098 3.5275 149.974
      vertex 13.1196 3.35653 148.02
      vertex 12.3693 3.37637 148.247
    endloop
  endfacet
  facet normal -4.45405e-05 0.996197 -0.0871335
    outer loop
      vertex 13.9 3.52415 149.936
      vertex 13.9 3.34983 147.943
      vertex 13.1196 3.35653 148.02
    endloop
  endfacet
  facet normal -0.956986 -0.0252713 -0.289032
    outer loop
      vertex 10.2045 3.56505 150.403
      vertex 9.97686 -3.2433 151.752
      vertex 9.97686 3.63044 151.151
    endloop
  endfacet
  facet normal -0.956879 -0.0253437 -0.289379
    outer loop
      vertex 9.97686 -3.2433 151.752
      vertex 10.2045 3.56505 150.403
      vertex 10.2045 -3.3087 151.005
    endloop
  endfacet
  facet normal 0.28943 0.0835116 0.953549
    outer loop
      vertex 14.6804 -2.83336 156.438
      vertex 15.4307 4.02054 155.61
      vertex 14.6804 4.04038 155.836
    endloop
  endfacet
  facet normal 0.290593 0.0833432 0.95321
    outer loop
      vertex 15.4307 4.02054 155.61
      vertex 14.6804 -2.83336 156.438
      vertex 15.4307 -2.8532 156.211
    endloop
  endfacet
  facet normal 0.773062 0.0552514 0.63192
    outer loop
      vertex 16.7284 -2.92877 155.347
      vertex 17.2259 3.89214 154.142
      vertex 16.7284 3.94497 154.746
    endloop
  endfacet
  facet normal 0.773062 0.0552514 0.63192
    outer loop
      vertex 17.2259 3.89214 154.142
      vertex 16.7284 -2.92877 155.347
      vertex 17.2259 -2.9816 154.743
    endloop
  endfacet
  facet normal 0.956893 0.0253397 0.289333
    outer loop
      vertex 17.5955 -3.04187 154.055
      vertex 17.8231 3.76647 152.706
      vertex 17.5955 3.83187 153.453
    endloop
  endfacet
  facet normal 0.957 0.0252672 0.288985
    outer loop
      vertex 17.8231 3.76647 152.706
      vertex 17.5955 -3.04187 154.055
      vertex 17.8231 -3.10727 153.307
    endloop
  endfacet
  facet normal -0.471138 0.0768291 0.878707
    outer loop
      vertex 11.6777 3.98833 155.242
      vertex 12.3693 -2.8532 156.211
      vertex 12.3693 4.02054 155.61
    endloop
  endfacet
  facet normal -0.471139 0.0768289 0.878707
    outer loop
      vertex 12.3693 -2.8532 156.211
      vertex 11.6777 3.98833 155.242
      vertex 11.6777 -2.88542 155.843
    endloop
  endfacet
  facet normal -0.956879 0.0253438 0.289379
    outer loop
      vertex 9.97686 3.76647 152.706
      vertex 10.2045 -3.04187 154.055
      vertex 10.2045 3.83187 153.453
    endloop
  endfacet
  facet normal -0.956986 0.0252712 0.289031
    outer loop
      vertex 10.2045 -3.04187 154.055
      vertex 9.97686 3.76647 152.706
      vertex 9.97686 -3.10727 153.307
    endloop
  endfacet
  facet normal -0.995175 0.00856013 0.0977412
    outer loop
      vertex 15.8616 3.66445 151.54
      vertex 15.9 -3.17529 152.53
      vertex 15.9 3.69846 151.928
    endloop
  endfacet
  facet normal -0.995199 0.00852446 0.0974957
    outer loop
      vertex 15.9 -3.17529 152.53
      vertex 15.8616 3.66445 151.54
      vertex 15.8616 -3.20929 152.141
    endloop
  endfacet
  facet normal 0.995175 0.00856013 0.0977412
    outer loop
      vertex 11.9 -3.17529 152.53
      vertex 11.9384 3.66445 151.54
      vertex 11.9 3.69846 151.928
    endloop
  endfacet
  facet normal 0.995199 0.00852446 0.0974957
    outer loop
      vertex 11.9384 3.66445 151.54
      vertex 11.9 -3.17529 152.53
      vertex 11.9384 -3.20929 152.141
    endloop
  endfacet
  facet normal -0.0972998 0.0868316 0.99146
    outer loop
      vertex 13.9 3.52415 149.936
      vertex 14.2902 -3.34625 150.576
      vertex 14.2902 3.5275 149.974
    endloop
  endfacet
  facet normal -0.0998157 0.0866668 0.991224
    outer loop
      vertex 14.2902 -3.34625 150.576
      vertex 13.9 3.52415 149.936
      vertex 13.9 -3.3496 150.537
    endloop
  endfacet
  facet normal -0.633175 0.067529 0.771058
    outer loop
      vertex 15.0111 3.55352 150.272
      vertex 15.3142 -3.29854 151.121
      vertex 15.3142 3.5752 150.519
    endloop
  endfacet
  facet normal -0.634695 0.0673091 0.769826
    outer loop
      vertex 15.3142 -3.29854 151.121
      vertex 15.0111 3.55352 150.272
      vertex 15.0111 -3.32022 150.873
    endloop
  endfacet
  facet normal 0.633175 0.067529 0.771058
    outer loop
      vertex 12.4858 -3.29854 151.121
      vertex 12.7889 3.55352 150.272
      vertex 12.4858 3.5752 150.519
    endloop
  endfacet
  facet normal 0.634695 0.0673091 0.769826
    outer loop
      vertex 12.7889 3.55352 150.272
      vertex 12.4858 -3.29854 151.121
      vertex 12.7889 -3.32022 150.873
    endloop
  endfacet
  facet normal 0.291718 0.0833133 0.952869
    outer loop
      vertex 13.1346 -3.33633 150.689
      vertex 13.5098 3.5275 149.974
      vertex 13.1346 3.53741 150.088
    endloop
  endfacet
  facet normal 0.289394 0.0835124 0.95356
    outer loop
      vertex 13.5098 3.5275 149.974
      vertex 13.1346 -3.33633 150.689
      vertex 13.5098 -3.34625 150.576
    endloop
  endfacet
  facet normal -0.882142 0.0410236 0.469194
    outer loop
      vertex 15.5629 3.60162 150.821
      vertex 15.7478 -3.24199 151.767
      vertex 15.7478 3.63175 151.166
    endloop
  endfacet
  facet normal -0.881577 0.0411834 0.47024
    outer loop
      vertex 15.7478 -3.24199 151.767
      vertex 15.5629 3.60162 150.821
      vertex 15.5629 -3.27213 151.423
    endloop
  endfacet
  facet normal -0.957 0.0252672 0.288985
    outer loop
      vertex 15.7478 3.63175 151.166
      vertex 15.8616 -3.20929 152.141
      vertex 15.8616 3.66445 151.54
    endloop
  endfacet
  facet normal -0.957 0.0252672 0.288985
    outer loop
      vertex 15.8616 -3.20929 152.141
      vertex 15.7478 3.63175 151.166
      vertex 15.7478 -3.24199 151.767
    endloop
  endfacet
  facet normal -0.773125 0.0553358 0.631835
    outer loop
      vertex 15.3142 3.5752 150.519
      vertex 15.5629 -3.27213 151.423
      vertex 15.5629 3.60162 150.821
    endloop
  endfacet
  facet normal -0.773124 0.055336 0.631836
    outer loop
      vertex 15.5629 -3.27213 151.423
      vertex 15.3142 3.5752 150.519
      vertex 15.3142 -3.29854 151.121
    endloop
  endfacet
  facet normal -0.291718 0.0833133 0.952869
    outer loop
      vertex 14.2902 3.5275 149.974
      vertex 14.6654 -3.33633 150.689
      vertex 14.6654 3.53741 150.088
    endloop
  endfacet
  facet normal -0.289394 0.0835124 0.95356
    outer loop
      vertex 14.6654 -3.33633 150.689
      vertex 14.2902 3.5275 149.974
      vertex 14.2902 -3.34625 150.576
    endloop
  endfacet
  facet normal -0.471245 0.0768241 0.87865
    outer loop
      vertex 14.6654 3.53741 150.088
      vertex 15.0111 -3.32022 150.873
      vertex 15.0111 3.55352 150.272
    endloop
  endfacet
  facet normal -0.471245 0.0768241 0.87865
    outer loop
      vertex 15.0111 -3.32022 150.873
      vertex 14.6654 3.53741 150.088
      vertex 14.6654 -3.33633 150.689
    endloop
  endfacet
  facet normal 0.882142 0.0410236 0.469194
    outer loop
      vertex 12.0522 -3.24199 151.767
      vertex 12.2371 3.60162 150.821
      vertex 12.0522 3.63175 151.166
    endloop
  endfacet
  facet normal 0.881577 0.0411834 0.47024
    outer loop
      vertex 12.2371 3.60162 150.821
      vertex 12.0522 -3.24199 151.767
      vertex 12.2371 -3.27213 151.423
    endloop
  endfacet
  facet normal 0.773125 0.0553358 0.631835
    outer loop
      vertex 12.2371 -3.27213 151.423
      vertex 12.4858 3.5752 150.519
      vertex 12.2371 3.60162 150.821
    endloop
  endfacet
  facet normal 0.773124 0.055336 0.631836
    outer loop
      vertex 12.4858 3.5752 150.519
      vertex 12.2371 -3.27213 151.423
      vertex 12.4858 -3.29854 151.121
    endloop
  endfacet
  facet normal 0.957 0.0252672 0.288985
    outer loop
      vertex 11.9384 -3.20929 152.141
      vertex 12.0522 3.63175 151.166
      vertex 11.9384 3.66445 151.54
    endloop
  endfacet
  facet normal 0.957 0.0252672 0.288985
    outer loop
      vertex 12.0522 3.63175 151.166
      vertex 11.9384 -3.20929 152.141
      vertex 12.0522 -3.24199 151.767
    endloop
  endfacet
  facet normal 0.471245 0.0768241 0.87865
    outer loop
      vertex 12.7889 -3.32022 150.873
      vertex 13.1346 3.53741 150.088
      vertex 12.7889 3.55352 150.272
    endloop
  endfacet
  facet normal 0.471245 0.0768241 0.87865
    outer loop
      vertex 13.1346 3.53741 150.088
      vertex 12.7889 -3.32022 150.873
      vertex 13.1346 -3.33633 150.689
    endloop
  endfacet
  facet normal 0.0972998 0.0868316 0.99146
    outer loop
      vertex 13.5098 -3.34625 150.576
      vertex 13.9 3.52415 149.936
      vertex 13.5098 3.5275 149.974
    endloop
  endfacet
  facet normal 0.0998157 0.0866668 0.991224
    outer loop
      vertex 13.9 3.52415 149.936
      vertex 13.5098 -3.34625 150.576
      vertex 13.9 -3.3496 150.537
    endloop
  endfacet
  facet normal -0.0972998 -0.0868318 -0.99146
    outer loop
      vertex 13.9 -3.00097 154.522
      vertex 14.2902 3.86942 153.882
      vertex 14.2902 -3.00432 154.484
    endloop
  endfacet
  facet normal -0.0998157 -0.0866669 -0.991224
    outer loop
      vertex 14.2902 3.86942 153.882
      vertex 13.9 -3.00097 154.522
      vertex 13.9 3.87277 153.921
    endloop
  endfacet
  facet normal -0.634695 -0.0673091 -0.769826
    outer loop
      vertex 15.0111 -3.03035 154.186
      vertex 15.3142 3.82171 153.337
      vertex 15.3142 -3.05203 153.938
    endloop
  endfacet
  facet normal -0.634695 -0.0673091 -0.769826
    outer loop
      vertex 15.3142 3.82171 153.337
      vertex 15.0111 -3.03035 154.186
      vertex 15.0111 3.84339 153.585
    endloop
  endfacet
  facet normal 0.634695 -0.0673091 -0.769826
    outer loop
      vertex 12.4858 3.82171 153.337
      vertex 12.7889 -3.03035 154.186
      vertex 12.4858 -3.05203 153.938
    endloop
  endfacet
  facet normal 0.634695 -0.0673091 -0.769826
    outer loop
      vertex 12.7889 -3.03035 154.186
      vertex 12.4858 3.82171 153.337
      vertex 12.7889 3.84339 153.585
    endloop
  endfacet
  facet normal 0.29172 -0.0833133 -0.952868
    outer loop
      vertex 13.1346 3.8595 153.769
      vertex 13.5098 -3.00432 154.484
      vertex 13.1346 -3.01424 154.37
    endloop
  endfacet
  facet normal 0.289394 -0.0835125 -0.95356
    outer loop
      vertex 13.5098 -3.00432 154.484
      vertex 13.1346 3.8595 153.769
      vertex 13.5098 3.86942 153.882
    endloop
  endfacet
  facet normal 0.881577 -0.0411834 -0.47024
    outer loop
      vertex 12.2371 -3.07844 153.637
      vertex 12.0522 3.76516 152.691
      vertex 12.2371 3.7953 153.035
    endloop
  endfacet
  facet normal 0.882142 -0.0410235 -0.469193
    outer loop
      vertex 12.0522 3.76516 152.691
      vertex 12.2371 -3.07844 153.637
      vertex 12.0522 -3.10858 153.292
    endloop
  endfacet
  facet normal 0.995199 -0.00852446 -0.0974957
    outer loop
      vertex 11.9384 -3.14128 152.918
      vertex 11.9 3.69846 151.928
      vertex 11.9384 3.73246 152.317
    endloop
  endfacet
  facet normal 0.995175 -0.00856013 -0.0977412
    outer loop
      vertex 11.9 3.69846 151.928
      vertex 11.9384 -3.14128 152.918
      vertex 11.9 -3.17529 152.53
    endloop
  endfacet
  facet normal -0.29172 -0.0833133 -0.952868
    outer loop
      vertex 14.2902 -3.00432 154.484
      vertex 14.6654 3.8595 153.769
      vertex 14.6654 -3.01424 154.37
    endloop
  endfacet
  facet normal -0.289394 -0.0835125 -0.95356
    outer loop
      vertex 14.6654 3.8595 153.769
      vertex 14.2902 -3.00432 154.484
      vertex 14.2902 3.86942 153.882
    endloop
  endfacet
  facet normal -0.773124 -0.0552448 -0.631844
    outer loop
      vertex 15.5629 3.7953 153.035
      vertex 15.3142 -3.05203 153.938
      vertex 15.3142 3.82171 153.337
    endloop
  endfacet
  facet normal -0.772099 -0.0554449 -0.633079
    outer loop
      vertex 15.3142 -3.05203 153.938
      vertex 15.5629 3.7953 153.035
      vertex 15.5629 -3.07844 153.637
    endloop
  endfacet
  facet normal -0.957 -0.0252672 -0.288985
    outer loop
      vertex 15.8616 3.73246 152.317
      vertex 15.7478 -3.10858 153.292
      vertex 15.7478 3.76516 152.691
    endloop
  endfacet
  facet normal -0.957 -0.0252672 -0.288985
    outer loop
      vertex 15.7478 -3.10858 153.292
      vertex 15.8616 3.73246 152.317
      vertex 15.8616 -3.14128 152.918
    endloop
  endfacet
  facet normal -0.881577 -0.0411834 -0.47024
    outer loop
      vertex 15.7478 3.76516 152.691
      vertex 15.5629 -3.07844 153.637
      vertex 15.5629 3.7953 153.035
    endloop
  endfacet
  facet normal -0.882142 -0.0410235 -0.469193
    outer loop
      vertex 15.5629 -3.07844 153.637
      vertex 15.7478 3.76516 152.691
      vertex 15.7478 -3.10858 153.292
    endloop
  endfacet
  facet normal -0.995199 -0.00852446 -0.0974957
    outer loop
      vertex 15.9 3.69846 151.928
      vertex 15.8616 -3.14128 152.918
      vertex 15.8616 3.73246 152.317
    endloop
  endfacet
  facet normal -0.995175 -0.00856013 -0.0977412
    outer loop
      vertex 15.8616 -3.14128 152.918
      vertex 15.9 3.69846 151.928
      vertex 15.9 -3.17529 152.53
    endloop
  endfacet
  facet normal 0.471245 -0.0768241 -0.87865
    outer loop
      vertex 12.7889 3.84339 153.585
      vertex 13.1346 -3.01424 154.37
      vertex 12.7889 -3.03035 154.186
    endloop
  endfacet
  facet normal 0.471245 -0.0768241 -0.87865
    outer loop
      vertex 13.1346 -3.01424 154.37
      vertex 12.7889 3.84339 153.585
      vertex 13.1346 3.8595 153.769
    endloop
  endfacet
  facet normal 0.0972998 -0.0868318 -0.99146
    outer loop
      vertex 13.5098 3.86942 153.882
      vertex 13.9 -3.00097 154.522
      vertex 13.5098 -3.00432 154.484
    endloop
  endfacet
  facet normal 0.0998157 -0.0866669 -0.991224
    outer loop
      vertex 13.9 -3.00097 154.522
      vertex 13.5098 3.86942 153.882
      vertex 13.9 3.87277 153.921
    endloop
  endfacet
  facet normal 0.773124 -0.0552448 -0.631844
    outer loop
      vertex 12.4858 -3.05203 153.938
      vertex 12.2371 3.7953 153.035
      vertex 12.4858 3.82171 153.337
    endloop
  endfacet
  facet normal 0.772099 -0.0554449 -0.633079
    outer loop
      vertex 12.2371 3.7953 153.035
      vertex 12.4858 -3.05203 153.938
      vertex 12.2371 -3.07844 153.637
    endloop
  endfacet
  facet normal 0.957 -0.0252672 -0.288985
    outer loop
      vertex 12.0522 -3.10858 153.292
      vertex 11.9384 3.73246 152.317
      vertex 12.0522 3.76516 152.691
    endloop
  endfacet
  facet normal 0.957 -0.0252672 -0.288985
    outer loop
      vertex 11.9384 3.73246 152.317
      vertex 12.0522 -3.10858 153.292
      vertex 11.9384 -3.14128 152.918
    endloop
  endfacet
  facet normal -0.471245 -0.0768241 -0.87865
    outer loop
      vertex 14.6654 -3.01424 154.37
      vertex 15.0111 3.84339 153.585
      vertex 15.0111 -3.03035 154.186
    endloop
  endfacet
  facet normal -0.471245 -0.0768241 -0.87865
    outer loop
      vertex 15.0111 3.84339 153.585
      vertex 14.6654 -3.01424 154.37
      vertex 14.6654 3.8595 153.769
    endloop
  endfacet
  facet normal 0.471753 -0.0768385 -0.878377
    outer loop
      vertex 235.231 -2.28875 83.4942
      vertex 235.922 -9.13028 84.4638
      vertex 235.231 -9.16249 84.0955
    endloop
  endfacet
  facet normal 0.471654 -0.0768558 -0.878428
    outer loop
      vertex 235.922 -9.13028 84.4638
      vertex 235.231 -2.28875 83.4942
      vertex 235.922 -2.25654 83.8624
    endloop
  endfacet
  facet normal 0.995167 0.00855855 0.0978206
    outer loop
      vertex 237.623 -8.7724 88.5544
      vertex 237.7 -1.96667 87.1756
      vertex 237.623 -1.89865 87.953
    endloop
  endfacet
  facet normal 0.995167 0.00855857 0.0978207
    outer loop
      vertex 237.7 -1.96667 87.1756
      vertex 237.623 -8.7724 88.5544
      vertex 237.7 -8.84041 87.777
    endloop
  endfacet
  facet normal -0.289997 0.083414 0.953386
    outer loop
      vertex 232.169 -1.64458 90.8571
      vertex 232.92 -8.49848 91.6852
      vertex 232.92 -1.62474 91.0838
    endloop
  endfacet
  facet normal -0.289997 0.083414 0.953386
    outer loop
      vertex 232.92 -8.49848 91.6852
      vertex 232.169 -1.64458 90.8571
      vertex 232.169 -8.51832 91.4585
    endloop
  endfacet
  facet normal 0.0981045 -0.086739 -0.991389
    outer loop
      vertex 233.7 -2.31529 83.1908
      vertex 234.48 -9.18233 83.8688
      vertex 233.7 -9.18903 83.7922
    endloop
  endfacet
  facet normal 0.0981045 -0.086739 -0.991389
    outer loop
      vertex 234.48 -9.18233 83.8688
      vertex 233.7 -2.31529 83.1908
      vertex 234.48 -2.30859 83.2674
    endloop
  endfacet
  facet normal -0.289997 -0.083414 -0.953386
    outer loop
      vertex 232.169 -9.16249 84.0955
      vertex 232.92 -2.30859 83.2674
      vertex 232.92 -9.18233 83.8688
    endloop
  endfacet
  facet normal -0.290113 -0.0833972 -0.953352
    outer loop
      vertex 232.92 -2.30859 83.2674
      vertex 232.169 -9.16249 84.0955
      vertex 232.169 -2.28875 83.4942
    endloop
  endfacet
  facet normal -0.881726 -0.0411185 -0.469967
    outer loop
      vertex 230.374 -2.16035 84.9618
      vertex 230.004 -8.97382 86.2521
      vertex 230.004 -2.10008 85.6507
    endloop
  endfacet
  facet normal -0.881726 -0.0411185 -0.469967
    outer loop
      vertex 230.004 -8.97382 86.2521
      vertex 230.374 -2.16035 84.9618
      vertex 230.374 -9.03409 85.5632
    endloop
  endfacet
  facet normal 0.881726 -0.0411185 -0.469967
    outer loop
      vertex 237.396 -8.97382 86.2521
      vertex 237.026 -2.16035 84.9618
      vertex 237.396 -2.10008 85.6507
    endloop
  endfacet
  facet normal 0.881726 -0.0411185 -0.469967
    outer loop
      vertex 237.026 -2.16035 84.9618
      vertex 237.396 -8.97382 86.2521
      vertex 237.026 -9.03409 85.5632
    endloop
  endfacet
  facet normal 0.772647 -0.0553319 -0.63242
    outer loop
      vertex 237.026 -9.03409 85.5632
      vertex 236.528 -2.21318 84.358
      vertex 237.026 -2.16035 84.9618
    endloop
  endfacet
  facet normal 0.772698 -0.0553174 -0.632359
    outer loop
      vertex 236.528 -2.21318 84.358
      vertex 237.026 -9.03409 85.5632
      vertex 236.528 -9.08692 84.9593
    endloop
  endfacet
  facet normal 0.634441 -0.0673718 -0.77003
    outer loop
      vertex 235.922 -2.25654 83.8624
      vertex 236.528 -9.08692 84.9593
      vertex 235.922 -9.13028 84.4638
    endloop
  endfacet
  facet normal 0.634517 -0.0673552 -0.769969
    outer loop
      vertex 236.528 -9.08692 84.9593
      vertex 235.922 -2.25654 83.8624
      vertex 236.528 -2.21318 84.358
    endloop
  endfacet
  facet normal 0.289997 -0.083414 -0.953386
    outer loop
      vertex 234.48 -2.30859 83.2674
      vertex 235.231 -9.16249 84.0955
      vertex 234.48 -9.18233 83.8688
    endloop
  endfacet
  facet normal 0.290113 -0.0833972 -0.953352
    outer loop
      vertex 235.231 -9.16249 84.0955
      vertex 234.48 -2.30859 83.2674
      vertex 235.231 -2.28875 83.4942
    endloop
  endfacet
  facet normal -0.995167 -0.00855857 -0.0978207
    outer loop
      vertex 229.777 -2.03468 86.3982
      vertex 229.7 -8.84041 87.777
      vertex 229.7 -1.96667 87.1756
    endloop
  endfacet
  facet normal -0.995167 -0.00855857 -0.0978207
    outer loop
      vertex 229.7 -8.84041 87.777
      vertex 229.777 -2.03468 86.3982
      vertex 229.777 -8.90842 86.9996
    endloop
  endfacet
  facet normal -0.772647 -0.0553319 -0.63242
    outer loop
      vertex 230.872 -2.21318 84.358
      vertex 230.374 -9.03409 85.5632
      vertex 230.374 -2.16035 84.9618
    endloop
  endfacet
  facet normal -0.772698 -0.0553174 -0.632359
    outer loop
      vertex 230.374 -9.03409 85.5632
      vertex 230.872 -2.21318 84.358
      vertex 230.872 -9.08692 84.9593
    endloop
  endfacet
  facet normal -0.471753 -0.0768385 -0.878377
    outer loop
      vertex 231.478 -9.13028 84.4638
      vertex 232.169 -2.28875 83.4942
      vertex 232.169 -9.16249 84.0955
    endloop
  endfacet
  facet normal -0.471654 -0.0768558 -0.878428
    outer loop
      vertex 232.169 -2.28875 83.4942
      vertex 231.478 -9.13028 84.4638
      vertex 231.478 -2.25654 83.8624
    endloop
  endfacet
  facet normal -0.0981045 -0.086739 -0.991389
    outer loop
      vertex 232.92 -9.18233 83.8688
      vertex 233.7 -2.31529 83.1908
      vertex 233.7 -9.18903 83.7922
    endloop
  endfacet
  facet normal -0.0981045 -0.086739 -0.991389
    outer loop
      vertex 233.7 -2.31529 83.1908
      vertex 232.92 -9.18233 83.8688
      vertex 232.92 -2.30859 83.2674
    endloop
  endfacet
  facet normal -0.634441 -0.0673718 -0.77003
    outer loop
      vertex 230.872 -9.08692 84.9593
      vertex 231.478 -2.25654 83.8624
      vertex 231.478 -9.13028 84.4638
    endloop
  endfacet
  facet normal -0.634517 -0.0673552 -0.769969
    outer loop
      vertex 231.478 -2.25654 83.8624
      vertex 230.872 -9.08692 84.9593
      vertex 230.872 -2.21318 84.358
    endloop
  endfacet
  facet normal 0.995167 -0.00855857 -0.0978207
    outer loop
      vertex 237.7 -8.84041 87.777
      vertex 237.623 -2.03468 86.3982
      vertex 237.7 -1.96667 87.1756
    endloop
  endfacet
  facet normal 0.995167 -0.00855857 -0.0978207
    outer loop
      vertex 237.623 -2.03468 86.3982
      vertex 237.7 -8.84041 87.777
      vertex 237.623 -8.90842 86.9996
    endloop
  endfacet
  facet normal 0.0981045 0.0867389 0.991389
    outer loop
      vertex 233.7 -8.49179 91.7618
      vertex 234.48 -1.62474 91.0838
      vertex 233.7 -1.61804 91.1604
    endloop
  endfacet
  facet normal 0.0981034 0.086739 0.991389
    outer loop
      vertex 234.48 -1.62474 91.0838
      vertex 233.7 -8.49179 91.7618
      vertex 234.48 -8.49848 91.6852
    endloop
  endfacet
  facet normal 0.471753 0.0768511 0.878375
    outer loop
      vertex 235.231 -8.51832 91.4585
      vertex 235.922 -1.6768 90.4888
      vertex 235.231 -1.64458 90.8571
    endloop
  endfacet
  facet normal 0.471753 0.0768511 0.878375
    outer loop
      vertex 235.922 -1.6768 90.4888
      vertex 235.231 -8.51832 91.4585
      vertex 235.922 -8.55054 91.0902
    endloop
  endfacet
  facet normal 0.63444 0.0673718 0.77003
    outer loop
      vertex 235.922 -8.55054 91.0902
      vertex 236.528 -1.72015 89.9933
      vertex 235.922 -1.6768 90.4888
    endloop
  endfacet
  facet normal 0.63444 0.0673718 0.77003
    outer loop
      vertex 236.528 -1.72015 89.9933
      vertex 235.922 -8.55054 91.0902
      vertex 236.528 -8.59389 90.5947
    endloop
  endfacet
  facet normal 0.881726 0.0411185 0.469967
    outer loop
      vertex 237.026 -8.64672 89.9908
      vertex 237.396 -1.83325 88.7005
      vertex 237.026 -1.77298 89.3894
    endloop
  endfacet
  facet normal 0.881726 0.0411184 0.469967
    outer loop
      vertex 237.396 -1.83325 88.7005
      vertex 237.026 -8.64672 89.9908
      vertex 237.396 -8.707 89.3019
    endloop
  endfacet
  facet normal -0.0981045 0.0867389 0.991389
    outer loop
      vertex 232.92 -1.62474 91.0838
      vertex 233.7 -8.49179 91.7618
      vertex 233.7 -1.61804 91.1604
    endloop
  endfacet
  facet normal -0.0981034 0.086739 0.991389
    outer loop
      vertex 233.7 -8.49179 91.7618
      vertex 232.92 -1.62474 91.0838
      vertex 232.92 -8.49848 91.6852
    endloop
  endfacet
  facet normal -0.63444 0.0673718 0.77003
    outer loop
      vertex 230.872 -1.72015 89.9933
      vertex 231.478 -8.55054 91.0902
      vertex 231.478 -1.6768 90.4888
    endloop
  endfacet
  facet normal -0.63444 0.0673718 0.77003
    outer loop
      vertex 231.478 -8.55054 91.0902
      vertex 230.872 -1.72015 89.9933
      vertex 230.872 -8.59389 90.5947
    endloop
  endfacet
  facet normal -0.881726 0.0411185 0.469967
    outer loop
      vertex 230.004 -1.83325 88.7005
      vertex 230.374 -8.64672 89.9908
      vertex 230.374 -1.77298 89.3894
    endloop
  endfacet
  facet normal -0.881726 0.0411184 0.469967
    outer loop
      vertex 230.374 -8.64672 89.9908
      vertex 230.004 -1.83325 88.7005
      vertex 230.004 -8.707 89.3019
    endloop
  endfacet
  facet normal -0.995167 0.00855855 0.0978206
    outer loop
      vertex 229.7 -1.96667 87.1756
      vertex 229.777 -8.7724 88.5544
      vertex 229.777 -1.89865 87.953
    endloop
  endfacet
  facet normal -0.995167 0.00855857 0.0978207
    outer loop
      vertex 229.777 -8.7724 88.5544
      vertex 229.7 -1.96667 87.1756
      vertex 229.7 -8.84041 87.777
    endloop
  endfacet
  facet normal -0.772698 0.0553265 0.632358
    outer loop
      vertex 230.374 -1.77298 89.3894
      vertex 230.872 -8.59389 90.5947
      vertex 230.872 -1.72015 89.9933
    endloop
  endfacet
  facet normal -0.772698 0.0553265 0.632358
    outer loop
      vertex 230.872 -8.59389 90.5947
      vertex 230.374 -1.77298 89.3894
      vertex 230.374 -8.64672 89.9908
    endloop
  endfacet
  facet normal 0.957159 -0.0252381 -0.288461
    outer loop
      vertex 237.623 -8.90842 86.9996
      vertex 237.396 -2.10008 85.6507
      vertex 237.623 -2.03468 86.3982
    endloop
  endfacet
  facet normal 0.957159 -0.0252381 -0.288461
    outer loop
      vertex 237.396 -2.10008 85.6507
      vertex 237.623 -8.90842 86.9996
      vertex 237.396 -8.97382 86.2521
    endloop
  endfacet
  facet normal -1.96537e-06 0.996195 -0.0871545
    outer loop
      vertex 233.7 -1.79235 89.168
      vertex 233.7 -1.61804 91.1604
      vertex 234.48 -1.62474 91.0838
    endloop
  endfacet
  facet normal 8.13888e-06 0.996195 -0.0871565
    outer loop
      vertex 234.09 -1.7957 89.1297
      vertex 234.48 -1.62474 91.0838
      vertex 235.231 -1.64458 90.8571
    endloop
  endfacet
  facet normal 1.96537e-06 0.996195 -0.0871545
    outer loop
      vertex 233.7 -1.61804 91.1604
      vertex 233.7 -1.79235 89.168
      vertex 232.92 -1.62474 91.0838
    endloop
  endfacet
  facet normal -2.92299e-07 0.996195 -0.0871507
    outer loop
      vertex 234.465 -1.80562 89.0163
      vertex 235.231 -1.64458 90.8571
      vertex 235.922 -1.6768 90.4888
    endloop
  endfacet
  facet normal 1.96537e-06 0.996195 -0.0871545
    outer loop
      vertex 233.31 -1.7957 89.1297
      vertex 232.92 -1.62474 91.0838
      vertex 233.7 -1.79235 89.168
    endloop
  endfacet
  facet normal 5.09505e-07 0.996195 -0.0871539
    outer loop
      vertex 234.811 -1.82173 88.8322
      vertex 235.922 -1.6768 90.4888
      vertex 236.528 -1.72015 89.9933
    endloop
  endfacet
  facet normal -8.13888e-06 0.996195 -0.0871565
    outer loop
      vertex 232.92 -1.62474 91.0838
      vertex 233.31 -1.7957 89.1297
      vertex 232.169 -1.64458 90.8571
    endloop
  endfacet
  facet normal -2.89916e-06 0.996195 -0.0871509
    outer loop
      vertex 235.114 -1.84341 88.5844
      vertex 236.528 -1.72015 89.9933
      vertex 237.026 -1.77298 89.3894
    endloop
  endfacet
  facet normal 1.5382e-06 0.996195 -0.0871502
    outer loop
      vertex 232.935 -1.80562 89.0163
      vertex 232.169 -1.64458 90.8571
      vertex 233.31 -1.7957 89.1297
    endloop
  endfacet
  facet normal 2.92299e-07 0.996195 -0.0871507
    outer loop
      vertex 232.169 -1.64458 90.8571
      vertex 232.935 -1.80562 89.0163
      vertex 231.478 -1.6768 90.4888
    endloop
  endfacet
  facet normal -1.96537e-06 0.996195 -0.0871545
    outer loop
      vertex 234.48 -1.62474 91.0838
      vertex 234.09 -1.7957 89.1297
      vertex 233.7 -1.79235 89.168
    endloop
  endfacet
  facet normal -1.5382e-06 0.996195 -0.0871502
    outer loop
      vertex 235.231 -1.64458 90.8571
      vertex 234.465 -1.80562 89.0163
      vertex 234.09 -1.7957 89.1297
    endloop
  endfacet
  facet normal 7.95835e-06 0.996194 -0.0871588
    outer loop
      vertex 235.922 -1.6768 90.4888
      vertex 234.811 -1.82173 88.8322
      vertex 234.465 -1.80562 89.0163
    endloop
  endfacet
  facet normal -1.36439e-07 0.996195 -0.0871545
    outer loop
      vertex 235.363 -1.86982 88.2825
      vertex 237.026 -1.77298 89.3894
      vertex 237.396 -1.83325 88.7005
    endloop
  endfacet
  facet normal 1.44055e-06 0.996195 -0.0871552
    outer loop
      vertex 236.528 -1.72015 89.9933
      vertex 235.114 -1.84341 88.5844
      vertex 234.811 -1.82173 88.8322
    endloop
  endfacet
  facet normal -3.54449e-06 0.996195 -0.0871494
    outer loop
      vertex 237.026 -1.77298 89.3894
      vertex 235.363 -1.86982 88.2825
      vertex 235.114 -1.84341 88.5844
    endloop
  endfacet
  facet normal -3.05374e-06 0.996194 -0.0871596
    outer loop
      vertex 235.548 -1.89996 87.9381
      vertex 237.396 -1.83325 88.7005
      vertex 237.623 -1.89865 87.953
    endloop
  endfacet
  facet normal 4.88426e-06 0.996193 -0.0871787
    outer loop
      vertex 237.396 -1.83325 88.7005
      vertex 235.548 -1.89996 87.9381
      vertex 235.363 -1.86982 88.2825
    endloop
  endfacet
  facet normal -3.13725e-06 0.996195 -0.0871481
    outer loop
      vertex 237.623 -1.89865 87.953
      vertex 235.662 -1.93266 87.5643
      vertex 235.548 -1.89996 87.9381
    endloop
  endfacet
  facet normal -5.55876e-17 0.996194 -0.0871638
    outer loop
      vertex 237.7 -1.96667 87.1756
      vertex 235.662 -1.93266 87.5643
      vertex 237.623 -1.89865 87.953
    endloop
  endfacet
  facet normal 0 0.996194 -0.0871638
    outer loop
      vertex 237.7 -1.96667 87.1756
      vertex 235.7 -1.96667 87.1756
      vertex 235.662 -1.93266 87.5643
    endloop
  endfacet
  facet normal 0 0.996196 -0.0871383
    outer loop
      vertex 237.7 -1.96667 87.1756
      vertex 235.662 -2.00067 86.7869
      vertex 235.7 -1.96667 87.1756
    endloop
  endfacet
  facet normal 2.49111e-06 0.996195 -0.0871513
    outer loop
      vertex 237.623 -2.03468 86.3982
      vertex 235.662 -2.00067 86.7869
      vertex 237.7 -1.96667 87.1756
    endloop
  endfacet
  facet normal -1.22163e-06 0.996193 -0.0871699
    outer loop
      vertex 235.662 -2.00067 86.7869
      vertex 237.623 -2.03468 86.3982
      vertex 235.548 -2.03337 86.4132
    endloop
  endfacet
  facet normal -1.13752e-06 0.996194 -0.0871583
    outer loop
      vertex 237.396 -2.10008 85.6507
      vertex 235.548 -2.03337 86.4132
      vertex 237.623 -2.03468 86.3982
    endloop
  endfacet
  facet normal -1.98548e-07 0.996195 -0.0871561
    outer loop
      vertex 235.548 -2.03337 86.4132
      vertex 237.396 -2.10008 85.6507
      vertex 235.363 -2.06351 86.0687
    endloop
  endfacet
  facet normal 1.36439e-07 0.996195 -0.0871545
    outer loop
      vertex 237.026 -2.16035 84.9618
      vertex 235.363 -2.06351 86.0687
      vertex 237.396 -2.10008 85.6507
    endloop
  endfacet
  facet normal 3.54449e-06 0.996195 -0.0871494
    outer loop
      vertex 235.363 -2.06351 86.0687
      vertex 237.026 -2.16035 84.9618
      vertex 235.114 -2.08992 85.7668
    endloop
  endfacet
  facet normal -1.61148e-06 0.996194 -0.0871615
    outer loop
      vertex 236.528 -2.21318 84.358
      vertex 235.114 -2.08992 85.7668
      vertex 237.026 -2.16035 84.9618
    endloop
  endfacet
  facet normal 1.33808e-06 0.996194 -0.0871586
    outer loop
      vertex 235.114 -2.08992 85.7668
      vertex 236.528 -2.21318 84.358
      vertex 234.811 -2.1116 85.519
    endloop
  endfacet
  facet normal -5.60017e-06 0.996194 -0.0871632
    outer loop
      vertex 234.811 -2.1116 85.519
      vertex 235.922 -2.25654 83.8624
      vertex 234.465 -2.12771 85.3349
    endloop
  endfacet
  facet normal 1.33808e-06 0.996194 -0.0871586
    outer loop
      vertex 235.922 -2.25654 83.8624
      vertex 234.811 -2.1116 85.519
      vertex 236.528 -2.21318 84.358
    endloop
  endfacet
  facet normal -7.95835e-06 0.996194 -0.0871588
    outer loop
      vertex 232.589 -1.82173 88.8322
      vertex 231.478 -1.6768 90.4888
      vertex 232.935 -1.80562 89.0163
    endloop
  endfacet
  facet normal -5.09505e-07 0.996195 -0.0871539
    outer loop
      vertex 231.478 -1.6768 90.4888
      vertex 232.589 -1.82173 88.8322
      vertex 230.872 -1.72015 89.9933
    endloop
  endfacet
  facet normal -1.44055e-06 0.996195 -0.0871552
    outer loop
      vertex 232.286 -1.84341 88.5844
      vertex 230.872 -1.72015 89.9933
      vertex 232.589 -1.82173 88.8322
    endloop
  endfacet
  facet normal 2.89916e-06 0.996195 -0.0871509
    outer loop
      vertex 230.872 -1.72015 89.9933
      vertex 232.286 -1.84341 88.5844
      vertex 230.374 -1.77298 89.3894
    endloop
  endfacet
  facet normal 3.54449e-06 0.996195 -0.0871494
    outer loop
      vertex 232.037 -1.86982 88.2825
      vertex 230.374 -1.77298 89.3894
      vertex 232.286 -1.84341 88.5844
    endloop
  endfacet
  facet normal 1.36439e-07 0.996195 -0.0871545
    outer loop
      vertex 230.374 -1.77298 89.3894
      vertex 232.037 -1.86982 88.2825
      vertex 230.004 -1.83325 88.7005
    endloop
  endfacet
  facet normal -4.88426e-06 0.996193 -0.0871787
    outer loop
      vertex 231.852 -1.89996 87.9381
      vertex 230.004 -1.83325 88.7005
      vertex 232.037 -1.86982 88.2825
    endloop
  endfacet
  facet normal 3.05374e-06 0.996194 -0.0871596
    outer loop
      vertex 230.004 -1.83325 88.7005
      vertex 231.852 -1.89996 87.9381
      vertex 229.777 -1.89865 87.953
    endloop
  endfacet
  facet normal 3.13725e-06 0.996195 -0.0871481
    outer loop
      vertex 231.738 -1.93266 87.5643
      vertex 229.777 -1.89865 87.953
      vertex 231.852 -1.89996 87.9381
    endloop
  endfacet
  facet normal 1.11203e-16 0.996194 -0.0871638
    outer loop
      vertex 231.7 -1.96667 87.1756
      vertex 229.777 -1.89865 87.953
      vertex 231.738 -1.93266 87.5643
    endloop
  endfacet
  facet normal 0 0.996194 -0.0871638
    outer loop
      vertex 231.7 -1.96667 87.1756
      vertex 229.7 -1.96667 87.1756
      vertex 229.777 -1.89865 87.953
    endloop
  endfacet
  facet normal 0 0.996196 -0.0871383
    outer loop
      vertex 231.738 -2.00067 86.7869
      vertex 229.7 -1.96667 87.1756
      vertex 231.7 -1.96667 87.1756
    endloop
  endfacet
  facet normal 1.22163e-06 0.996193 -0.0871699
    outer loop
      vertex 229.777 -2.03468 86.3982
      vertex 231.738 -2.00067 86.7869
      vertex 231.852 -2.03337 86.4132
    endloop
  endfacet
  facet normal -2.49111e-06 0.996195 -0.0871513
    outer loop
      vertex 231.738 -2.00067 86.7869
      vertex 229.777 -2.03468 86.3982
      vertex 229.7 -1.96667 87.1756
    endloop
  endfacet
  facet normal 1.98548e-07 0.996195 -0.0871561
    outer loop
      vertex 230.004 -2.10008 85.6507
      vertex 231.852 -2.03337 86.4132
      vertex 232.037 -2.06351 86.0687
    endloop
  endfacet
  facet normal -3.54449e-06 0.996195 -0.0871494
    outer loop
      vertex 230.374 -2.16035 84.9618
      vertex 232.037 -2.06351 86.0687
      vertex 232.286 -2.08992 85.7668
    endloop
  endfacet
  facet normal 1.13752e-06 0.996194 -0.0871583
    outer loop
      vertex 231.852 -2.03337 86.4132
      vertex 230.004 -2.10008 85.6507
      vertex 229.777 -2.03468 86.3982
    endloop
  endfacet
  facet normal -1.33808e-06 0.996194 -0.0871586
    outer loop
      vertex 230.872 -2.21318 84.358
      vertex 232.286 -2.08992 85.7668
      vertex 232.589 -2.1116 85.519
    endloop
  endfacet
  facet normal 5.60017e-06 0.996194 -0.0871632
    outer loop
      vertex 231.478 -2.25654 83.8624
      vertex 232.589 -2.1116 85.519
      vertex 232.935 -2.12771 85.3349
    endloop
  endfacet
  facet normal -2.80991e-06 0.996195 -0.0871544
    outer loop
      vertex 232.169 -2.28875 83.4942
      vertex 232.935 -2.12771 85.3349
      vertex 233.31 -2.13763 85.2215
    endloop
  endfacet
  facet normal -1.36439e-07 0.996195 -0.0871545
    outer loop
      vertex 232.037 -2.06351 86.0687
      vertex 230.374 -2.16035 84.9618
      vertex 230.004 -2.10008 85.6507
    endloop
  endfacet
  facet normal -1.96537e-06 0.996195 -0.0871545
    outer loop
      vertex 232.92 -2.30859 83.2674
      vertex 233.31 -2.13763 85.2215
      vertex 233.7 -2.14098 85.1832
    endloop
  endfacet
  facet normal 3.83422e-06 0.996195 -0.087154
    outer loop
      vertex 235.231 -2.28875 83.4942
      vertex 234.465 -2.12771 85.3349
      vertex 235.922 -2.25654 83.8624
    endloop
  endfacet
  facet normal 2.80991e-06 0.996195 -0.0871544
    outer loop
      vertex 234.465 -2.12771 85.3349
      vertex 235.231 -2.28875 83.4942
      vertex 234.09 -2.13763 85.2215
    endloop
  endfacet
  facet normal 1.61148e-06 0.996194 -0.0871615
    outer loop
      vertex 232.286 -2.08992 85.7668
      vertex 230.872 -2.21318 84.358
      vertex 230.374 -2.16035 84.9618
    endloop
  endfacet
  facet normal 2.80679e-06 0.996195 -0.0871544
    outer loop
      vertex 234.48 -2.30859 83.2674
      vertex 234.09 -2.13763 85.2215
      vertex 235.231 -2.28875 83.4942
    endloop
  endfacet
  facet normal -1.33808e-06 0.996194 -0.0871586
    outer loop
      vertex 232.589 -2.1116 85.519
      vertex 231.478 -2.25654 83.8624
      vertex 230.872 -2.21318 84.358
    endloop
  endfacet
  facet normal 1.96537e-06 0.996195 -0.0871545
    outer loop
      vertex 234.09 -2.13763 85.2215
      vertex 234.48 -2.30859 83.2674
      vertex 233.7 -2.14098 85.1832
    endloop
  endfacet
  facet normal -3.83422e-06 0.996195 -0.087154
    outer loop
      vertex 232.935 -2.12771 85.3349
      vertex 232.169 -2.28875 83.4942
      vertex 231.478 -2.25654 83.8624
    endloop
  endfacet
  facet normal 1.96537e-06 0.996195 -0.0871545
    outer loop
      vertex 233.7 -2.31529 83.1908
      vertex 233.7 -2.14098 85.1832
      vertex 234.48 -2.30859 83.2674
    endloop
  endfacet
  facet normal -2.80679e-06 0.996195 -0.0871544
    outer loop
      vertex 233.31 -2.13763 85.2215
      vertex 232.92 -2.30859 83.2674
      vertex 232.169 -2.28875 83.4942
    endloop
  endfacet
  facet normal -1.96537e-06 0.996195 -0.0871545
    outer loop
      vertex 233.7 -2.14098 85.1832
      vertex 233.7 -2.31529 83.1908
      vertex 232.92 -2.30859 83.2674
    endloop
  endfacet
  facet normal -0.957159 -0.0252381 -0.288461
    outer loop
      vertex 230.004 -2.10008 85.6507
      vertex 229.777 -8.90842 86.9996
      vertex 229.777 -2.03468 86.3982
    endloop
  endfacet
  facet normal -0.957159 -0.0252381 -0.288461
    outer loop
      vertex 229.777 -8.90842 86.9996
      vertex 230.004 -2.10008 85.6507
      vertex 230.004 -8.97382 86.2521
    endloop
  endfacet
  facet normal 0.289997 0.083414 0.953386
    outer loop
      vertex 234.48 -8.49848 91.6852
      vertex 235.231 -1.64458 90.8571
      vertex 234.48 -1.62474 91.0838
    endloop
  endfacet
  facet normal 0.289997 0.083414 0.953386
    outer loop
      vertex 235.231 -1.64458 90.8571
      vertex 234.48 -8.49848 91.6852
      vertex 235.231 -8.51832 91.4585
    endloop
  endfacet
  facet normal 0.772698 0.0553265 0.632358
    outer loop
      vertex 236.528 -8.59389 90.5947
      vertex 237.026 -1.77298 89.3894
      vertex 236.528 -1.72015 89.9933
    endloop
  endfacet
  facet normal 0.772698 0.0553265 0.632358
    outer loop
      vertex 237.026 -1.77298 89.3894
      vertex 236.528 -8.59389 90.5947
      vertex 237.026 -8.64672 89.9908
    endloop
  endfacet
  facet normal 0.957159 0.0252381 0.288461
    outer loop
      vertex 237.396 -8.707 89.3019
      vertex 237.623 -1.89865 87.953
      vertex 237.396 -1.83325 88.7005
    endloop
  endfacet
  facet normal 0.957159 0.0252381 0.288461
    outer loop
      vertex 237.623 -1.89865 87.953
      vertex 237.396 -8.707 89.3019
      vertex 237.623 -8.7724 88.5544
    endloop
  endfacet
  facet normal -0.471753 0.0768511 0.878375
    outer loop
      vertex 231.478 -1.6768 90.4888
      vertex 232.169 -8.51832 91.4585
      vertex 232.169 -1.64458 90.8571
    endloop
  endfacet
  facet normal -0.471753 0.0768511 0.878375
    outer loop
      vertex 232.169 -8.51832 91.4585
      vertex 231.478 -1.6768 90.4888
      vertex 231.478 -8.55054 91.0902
    endloop
  endfacet
  facet normal -0.957159 0.0252381 0.288461
    outer loop
      vertex 229.777 -1.89865 87.953
      vertex 230.004 -8.707 89.3019
      vertex 230.004 -1.83325 88.7005
    endloop
  endfacet
  facet normal -0.957159 0.0252381 0.288461
    outer loop
      vertex 230.004 -8.707 89.3019
      vertex 229.777 -1.89865 87.953
      vertex 229.777 -8.7724 88.5544
    endloop
  endfacet
  facet normal -0.995291 0.00844848 0.0965624
    outer loop
      vertex 235.662 -2.00067 86.7869
      vertex 235.7 -8.84041 87.777
      vertex 235.7 -1.96667 87.1756
    endloop
  endfacet
  facet normal -0.995291 0.00844845 0.0965622
    outer loop
      vertex 235.7 -8.84041 87.777
      vertex 235.662 -2.00067 86.7869
      vertex 235.662 -8.87442 87.3883
    endloop
  endfacet
  facet normal 0.995291 0.00844848 0.0965624
    outer loop
      vertex 231.7 -8.84041 87.777
      vertex 231.738 -2.00067 86.7869
      vertex 231.7 -1.96667 87.1756
    endloop
  endfacet
  facet normal 0.995291 0.00844845 0.0965622
    outer loop
      vertex 231.738 -2.00067 86.7869
      vertex 231.7 -8.84041 87.777
      vertex 231.738 -8.87442 87.3883
    endloop
  endfacet
  facet normal -0.0981045 0.086739 0.991389
    outer loop
      vertex 233.7 -2.14098 85.1832
      vertex 234.09 -9.01137 85.8229
      vertex 234.09 -2.13763 85.2215
    endloop
  endfacet
  facet normal -0.0981045 0.086739 0.991389
    outer loop
      vertex 234.09 -9.01137 85.8229
      vertex 233.7 -2.14098 85.1832
      vertex 233.7 -9.01472 85.7846
    endloop
  endfacet
  facet normal -0.634517 0.0673662 0.769968
    outer loop
      vertex 234.811 -2.1116 85.519
      vertex 235.114 -8.96367 86.3682
      vertex 235.114 -2.08992 85.7668
    endloop
  endfacet
  facet normal -0.634515 0.0673664 0.769969
    outer loop
      vertex 235.114 -8.96367 86.3682
      vertex 234.811 -2.1116 85.519
      vertex 234.811 -8.98534 86.1204
    endloop
  endfacet
  facet normal 0.634517 0.0673662 0.769968
    outer loop
      vertex 232.286 -8.96367 86.3682
      vertex 232.589 -2.1116 85.519
      vertex 232.286 -2.08992 85.7668
    endloop
  endfacet
  facet normal 0.634515 0.0673664 0.769969
    outer loop
      vertex 232.589 -2.1116 85.519
      vertex 232.286 -8.96367 86.3682
      vertex 232.589 -8.98534 86.1204
    endloop
  endfacet
  facet normal 0.290467 0.0834016 0.953243
    outer loop
      vertex 232.935 -9.00145 85.9363
      vertex 233.31 -2.13763 85.2215
      vertex 232.935 -2.12771 85.3349
    endloop
  endfacet
  facet normal 0.290467 0.0834016 0.953243
    outer loop
      vertex 233.31 -2.13763 85.2215
      vertex 232.935 -9.00145 85.9363
      vertex 233.31 -9.01137 85.8229
    endloop
  endfacet
  facet normal -0.881754 0.0411071 0.469915
    outer loop
      vertex 235.363 -2.06351 86.0687
      vertex 235.548 -8.90711 87.0145
      vertex 235.548 -2.03337 86.4132
    endloop
  endfacet
  facet normal -0.881698 0.0411231 0.470019
    outer loop
      vertex 235.548 -8.90711 87.0145
      vertex 235.363 -2.06351 86.0687
      vertex 235.363 -8.93725 86.6701
    endloop
  endfacet
  facet normal -0.956794 0.025343 0.28966
    outer loop
      vertex 235.548 -2.03337 86.4132
      vertex 235.662 -8.87442 87.3883
      vertex 235.662 -2.00067 86.7869
    endloop
  endfacet
  facet normal -0.956815 0.0253327 0.28959
    outer loop
      vertex 235.662 -8.87442 87.3883
      vertex 235.548 -2.03337 86.4132
      vertex 235.548 -8.90711 87.0145
    endloop
  endfacet
  facet normal -0.772647 0.055332 0.63242
    outer loop
      vertex 235.114 -2.08992 85.7668
      vertex 235.363 -8.93725 86.6701
      vertex 235.363 -2.06351 86.0687
    endloop
  endfacet
  facet normal -0.772648 0.0553318 0.632419
    outer loop
      vertex 235.363 -8.93725 86.6701
      vertex 235.114 -2.08992 85.7668
      vertex 235.114 -8.96367 86.3682
    endloop
  endfacet
  facet normal -0.290467 0.0834016 0.953243
    outer loop
      vertex 234.09 -2.13763 85.2215
      vertex 234.465 -9.00145 85.9363
      vertex 234.465 -2.12771 85.3349
    endloop
  endfacet
  facet normal -0.290467 0.0834016 0.953243
    outer loop
      vertex 234.465 -9.00145 85.9363
      vertex 234.09 -2.13763 85.2215
      vertex 234.09 -9.01137 85.8229
    endloop
  endfacet
  facet normal -0.471124 0.0768804 0.87871
    outer loop
      vertex 234.465 -2.12771 85.3349
      vertex 234.811 -8.98534 86.1204
      vertex 234.811 -2.1116 85.519
    endloop
  endfacet
  facet normal -0.471124 0.0768804 0.87871
    outer loop
      vertex 234.811 -8.98534 86.1204
      vertex 234.465 -2.12771 85.3349
      vertex 234.465 -9.00145 85.9363
    endloop
  endfacet
  facet normal 0.881754 0.0411071 0.469915
    outer loop
      vertex 231.852 -8.90711 87.0145
      vertex 232.037 -2.06351 86.0687
      vertex 231.852 -2.03337 86.4132
    endloop
  endfacet
  facet normal 0.881698 0.0411231 0.470019
    outer loop
      vertex 232.037 -2.06351 86.0687
      vertex 231.852 -8.90711 87.0145
      vertex 232.037 -8.93725 86.6701
    endloop
  endfacet
  facet normal 0.772647 0.055332 0.63242
    outer loop
      vertex 232.037 -8.93725 86.6701
      vertex 232.286 -2.08992 85.7668
      vertex 232.037 -2.06351 86.0687
    endloop
  endfacet
  facet normal 0.772648 0.0553318 0.632419
    outer loop
      vertex 232.286 -2.08992 85.7668
      vertex 232.037 -8.93725 86.6701
      vertex 232.286 -8.96367 86.3682
    endloop
  endfacet
  facet normal 0.956794 0.025343 0.28966
    outer loop
      vertex 231.738 -8.87442 87.3883
      vertex 231.852 -2.03337 86.4132
      vertex 231.738 -2.00067 86.7869
    endloop
  endfacet
  facet normal 0.956815 0.0253327 0.28959
    outer loop
      vertex 231.852 -2.03337 86.4132
      vertex 231.738 -8.87442 87.3883
      vertex 231.852 -8.90711 87.0145
    endloop
  endfacet
  facet normal 0.471124 0.0768804 0.87871
    outer loop
      vertex 232.589 -8.98534 86.1204
      vertex 232.935 -2.12771 85.3349
      vertex 232.589 -2.1116 85.519
    endloop
  endfacet
  facet normal 0.471124 0.0768804 0.87871
    outer loop
      vertex 232.935 -2.12771 85.3349
      vertex 232.589 -8.98534 86.1204
      vertex 232.935 -9.00145 85.9363
    endloop
  endfacet
  facet normal 0.0981045 0.086739 0.991389
    outer loop
      vertex 233.31 -9.01137 85.8229
      vertex 233.7 -2.14098 85.1832
      vertex 233.31 -2.13763 85.2215
    endloop
  endfacet
  facet normal 0.0981045 0.086739 0.991389
    outer loop
      vertex 233.7 -2.14098 85.1832
      vertex 233.31 -9.01137 85.8229
      vertex 233.7 -9.01472 85.7846
    endloop
  endfacet
  facet normal -0.0981045 -0.0867389 -0.991389
    outer loop
      vertex 233.7 -8.6661 89.7694
      vertex 234.09 -1.7957 89.1297
      vertex 234.09 -8.66945 89.7311
    endloop
  endfacet
  facet normal -0.0981045 -0.0867389 -0.991389
    outer loop
      vertex 234.09 -1.7957 89.1297
      vertex 233.7 -8.6661 89.7694
      vertex 233.7 -1.79235 89.168
    endloop
  endfacet
  facet normal -0.634517 -0.0673663 -0.769968
    outer loop
      vertex 234.811 -8.69547 89.4336
      vertex 235.114 -1.84341 88.5844
      vertex 235.114 -8.71715 89.1858
    endloop
  endfacet
  facet normal -0.634517 -0.0673663 -0.769968
    outer loop
      vertex 235.114 -1.84341 88.5844
      vertex 234.811 -8.69547 89.4336
      vertex 234.811 -1.82173 88.8322
    endloop
  endfacet
  facet normal 0.634517 -0.0673663 -0.769968
    outer loop
      vertex 232.286 -1.84341 88.5844
      vertex 232.589 -8.69547 89.4336
      vertex 232.286 -8.71715 89.1858
    endloop
  endfacet
  facet normal 0.634517 -0.0673663 -0.769968
    outer loop
      vertex 232.589 -8.69547 89.4336
      vertex 232.286 -1.84341 88.5844
      vertex 232.589 -1.82173 88.8322
    endloop
  endfacet
  facet normal 0.290467 -0.0834014 -0.953243
    outer loop
      vertex 232.935 -1.80562 89.0163
      vertex 233.31 -8.66945 89.7311
      vertex 232.935 -8.67937 89.6177
    endloop
  endfacet
  facet normal 0.290467 -0.0834014 -0.953243
    outer loop
      vertex 233.31 -8.66945 89.7311
      vertex 232.935 -1.80562 89.0163
      vertex 233.31 -1.7957 89.1297
    endloop
  endfacet
  facet normal 0.881698 -0.0411231 -0.470019
    outer loop
      vertex 232.037 -8.74357 88.8839
      vertex 231.852 -1.89996 87.9381
      vertex 232.037 -1.86982 88.2825
    endloop
  endfacet
  facet normal 0.881754 -0.0411072 -0.469915
    outer loop
      vertex 231.852 -1.89996 87.9381
      vertex 232.037 -8.74357 88.8839
      vertex 231.852 -8.7737 88.5394
    endloop
  endfacet
  facet normal 0.995291 -0.00844846 -0.0965622
    outer loop
      vertex 231.738 -8.8064 88.1657
      vertex 231.7 -1.96667 87.1756
      vertex 231.738 -1.93266 87.5643
    endloop
  endfacet
  facet normal 0.995291 -0.00844846 -0.0965622
    outer loop
      vertex 231.7 -1.96667 87.1756
      vertex 231.738 -8.8064 88.1657
      vertex 231.7 -8.84041 87.777
    endloop
  endfacet
  facet normal -0.290467 -0.0834014 -0.953243
    outer loop
      vertex 234.09 -8.66945 89.7311
      vertex 234.465 -1.80562 89.0163
      vertex 234.465 -8.67937 89.6177
    endloop
  endfacet
  facet normal -0.290467 -0.0834014 -0.953243
    outer loop
      vertex 234.465 -1.80562 89.0163
      vertex 234.09 -8.66945 89.7311
      vertex 234.09 -1.7957 89.1297
    endloop
  endfacet
  facet normal -0.772647 -0.055332 -0.63242
    outer loop
      vertex 235.363 -1.86982 88.2825
      vertex 235.114 -8.71715 89.1858
      vertex 235.114 -1.84341 88.5844
    endloop
  endfacet
  facet normal -0.772648 -0.0553318 -0.632419
    outer loop
      vertex 235.114 -8.71715 89.1858
      vertex 235.363 -1.86982 88.2825
      vertex 235.363 -8.74357 88.8839
    endloop
  endfacet
  facet normal -0.956816 -0.0253327 -0.28959
    outer loop
      vertex 235.662 -1.93266 87.5643
      vertex 235.548 -8.7737 88.5394
      vertex 235.548 -1.89996 87.9381
    endloop
  endfacet
  facet normal -0.956794 -0.025343 -0.28966
    outer loop
      vertex 235.548 -8.7737 88.5394
      vertex 235.662 -1.93266 87.5643
      vertex 235.662 -8.8064 88.1657
    endloop
  endfacet
  facet normal -0.881698 -0.0411231 -0.470019
    outer loop
      vertex 235.548 -1.89996 87.9381
      vertex 235.363 -8.74357 88.8839
      vertex 235.363 -1.86982 88.2825
    endloop
  endfacet
  facet normal -0.881754 -0.0411072 -0.469915
    outer loop
      vertex 235.363 -8.74357 88.8839
      vertex 235.548 -1.89996 87.9381
      vertex 235.548 -8.7737 88.5394
    endloop
  endfacet
  facet normal -0.995291 -0.00844846 -0.0965622
    outer loop
      vertex 235.7 -1.96667 87.1756
      vertex 235.662 -8.8064 88.1657
      vertex 235.662 -1.93266 87.5643
    endloop
  endfacet
  facet normal -0.995291 -0.00844846 -0.0965622
    outer loop
      vertex 235.662 -8.8064 88.1657
      vertex 235.7 -1.96667 87.1756
      vertex 235.7 -8.84041 87.777
    endloop
  endfacet
  facet normal 0.471123 -0.0768805 -0.878711
    outer loop
      vertex 232.589 -1.82173 88.8322
      vertex 232.935 -8.67937 89.6177
      vertex 232.589 -8.69547 89.4336
    endloop
  endfacet
  facet normal 0.471124 -0.0768803 -0.87871
    outer loop
      vertex 232.935 -8.67937 89.6177
      vertex 232.589 -1.82173 88.8322
      vertex 232.935 -1.80562 89.0163
    endloop
  endfacet
  facet normal 0.0981045 -0.0867389 -0.991389
    outer loop
      vertex 233.31 -1.7957 89.1297
      vertex 233.7 -8.6661 89.7694
      vertex 233.31 -8.66945 89.7311
    endloop
  endfacet
  facet normal 0.0981045 -0.0867389 -0.991389
    outer loop
      vertex 233.7 -8.6661 89.7694
      vertex 233.31 -1.7957 89.1297
      vertex 233.7 -1.79235 89.168
    endloop
  endfacet
  facet normal 0.772647 -0.055332 -0.63242
    outer loop
      vertex 232.286 -8.71715 89.1858
      vertex 232.037 -1.86982 88.2825
      vertex 232.286 -1.84341 88.5844
    endloop
  endfacet
  facet normal 0.772648 -0.0553318 -0.632419
    outer loop
      vertex 232.037 -1.86982 88.2825
      vertex 232.286 -8.71715 89.1858
      vertex 232.037 -8.74357 88.8839
    endloop
  endfacet
  facet normal 0.956816 -0.0253327 -0.28959
    outer loop
      vertex 231.852 -8.7737 88.5394
      vertex 231.738 -1.93266 87.5643
      vertex 231.852 -1.89996 87.9381
    endloop
  endfacet
  facet normal 0.956794 -0.025343 -0.28966
    outer loop
      vertex 231.738 -1.93266 87.5643
      vertex 231.852 -8.7737 88.5394
      vertex 231.738 -8.8064 88.1657
    endloop
  endfacet
  facet normal -0.471123 -0.0768805 -0.878711
    outer loop
      vertex 234.465 -8.67937 89.6177
      vertex 234.811 -1.82173 88.8322
      vertex 234.811 -8.69547 89.4336
    endloop
  endfacet
  facet normal -0.471124 -0.0768803 -0.87871
    outer loop
      vertex 234.811 -1.82173 88.8322
      vertex 234.465 -8.67937 89.6177
      vertex 234.465 -1.80562 89.0163
    endloop
  endfacet
  facet normal 0.471457 -0.0768142 -0.878537
    outer loop
      vertex 235.231 3.37637 148.247
      vertex 235.922 -3.46515 149.216
      vertex 235.231 -3.49737 148.848
    endloop
  endfacet
  facet normal 0.471457 -0.0768142 -0.878537
    outer loop
      vertex 235.922 -3.46515 149.216
      vertex 235.231 3.37637 148.247
      vertex 235.922 3.40859 148.615
    endloop
  endfacet
  facet normal 0.995175 0.00854644 0.097747
    outer loop
      vertex 237.623 -3.10727 153.307
      vertex 237.7 3.69846 151.928
      vertex 237.623 3.76647 152.706
    endloop
  endfacet
  facet normal 0.995162 0.00857135 0.0978693
    outer loop
      vertex 237.7 3.69846 151.928
      vertex 237.623 -3.10727 153.307
      vertex 237.7 -3.17529 152.53
    endloop
  endfacet
  facet normal -0.289182 0.0835181 0.953624
    outer loop
      vertex 232.169 4.02054 155.61
      vertex 232.92 -2.83336 156.438
      vertex 232.92 4.04038 155.836
    endloop
  endfacet
  facet normal -0.290345 0.0833497 0.953285
    outer loop
      vertex 232.92 -2.83336 156.438
      vertex 232.169 4.02054 155.61
      vertex 232.169 -2.8532 156.211
    endloop
  endfacet
  facet normal 0.0973492 -0.0868313 -0.991455
    outer loop
      vertex 233.7 3.34983 147.943
      vertex 234.48 -3.51721 148.621
      vertex 233.7 -3.52391 148.545
    endloop
  endfacet
  facet normal 0.098608 -0.0866774 -0.991344
    outer loop
      vertex 234.48 -3.51721 148.621
      vertex 233.7 3.34983 147.943
      vertex 234.48 3.35653 148.02
    endloop
  endfacet
  facet normal -0.290345 -0.0833497 -0.953285
    outer loop
      vertex 232.169 -3.49737 148.848
      vertex 232.92 3.35653 148.02
      vertex 232.92 -3.51721 148.621
    endloop
  endfacet
  facet normal -0.290345 -0.0833497 -0.953285
    outer loop
      vertex 232.92 3.35653 148.02
      vertex 232.169 -3.49737 148.848
      vertex 232.169 3.37637 148.247
    endloop
  endfacet
  facet normal -0.881754 -0.0411545 -0.46991
    outer loop
      vertex 230.374 3.50477 149.714
      vertex 230.004 -3.3087 151.005
      vertex 230.004 3.56505 150.403
    endloop
  endfacet
  facet normal -0.881754 -0.0411546 -0.469911
    outer loop
      vertex 230.004 -3.3087 151.005
      vertex 230.374 3.50477 149.714
      vertex 230.374 -3.36897 150.316
    endloop
  endfacet
  facet normal 0.881754 -0.0411545 -0.46991
    outer loop
      vertex 237.396 -3.3087 151.005
      vertex 237.026 3.50477 149.714
      vertex 237.396 3.56505 150.403
    endloop
  endfacet
  facet normal 0.881754 -0.0411546 -0.469911
    outer loop
      vertex 237.026 3.50477 149.714
      vertex 237.396 -3.3087 151.005
      vertex 237.026 -3.36897 150.316
    endloop
  endfacet
  facet normal 0.772237 -0.0554302 -0.632912
    outer loop
      vertex 237.026 -3.36897 150.316
      vertex 236.528 3.45194 149.111
      vertex 237.026 3.50477 149.714
    endloop
  endfacet
  facet normal 0.772749 -0.0552846 -0.632299
    outer loop
      vertex 236.528 3.45194 149.111
      vertex 237.026 -3.36897 150.316
      vertex 236.528 -3.4218 149.712
    endloop
  endfacet
  facet normal 0.634819 -0.0673002 -0.769724
    outer loop
      vertex 235.922 3.40859 148.615
      vertex 236.528 -3.4218 149.712
      vertex 235.922 -3.46515 149.216
    endloop
  endfacet
  facet normal 0.634819 -0.0673002 -0.769724
    outer loop
      vertex 236.528 -3.4218 149.712
      vertex 235.922 3.40859 148.615
      vertex 236.528 3.45194 149.111
    endloop
  endfacet
  facet normal 0.290345 -0.0833497 -0.953285
    outer loop
      vertex 234.48 3.35653 148.02
      vertex 235.231 -3.49737 148.848
      vertex 234.48 -3.51721 148.621
    endloop
  endfacet
  facet normal 0.290345 -0.0833497 -0.953285
    outer loop
      vertex 235.231 -3.49737 148.848
      vertex 234.48 3.35653 148.02
      vertex 235.231 3.37637 148.247
    endloop
  endfacet
  facet normal -0.995162 -0.00857135 -0.0978693
    outer loop
      vertex 229.777 3.63044 151.151
      vertex 229.7 -3.17529 152.53
      vertex 229.7 3.69846 151.928
    endloop
  endfacet
  facet normal -0.995175 -0.00854644 -0.097747
    outer loop
      vertex 229.7 -3.17529 152.53
      vertex 229.777 3.63044 151.151
      vertex 229.777 -3.2433 151.752
    endloop
  endfacet
  facet normal -0.772237 -0.0554302 -0.632912
    outer loop
      vertex 230.872 3.45194 149.111
      vertex 230.374 -3.36897 150.316
      vertex 230.374 3.50477 149.714
    endloop
  endfacet
  facet normal -0.772749 -0.0552846 -0.632299
    outer loop
      vertex 230.374 -3.36897 150.316
      vertex 230.872 3.45194 149.111
      vertex 230.872 -3.4218 149.712
    endloop
  endfacet
  facet normal -0.471457 -0.0768142 -0.878537
    outer loop
      vertex 231.478 -3.46515 149.216
      vertex 232.169 3.37637 148.247
      vertex 232.169 -3.49737 148.848
    endloop
  endfacet
  facet normal -0.471457 -0.0768142 -0.878537
    outer loop
      vertex 232.169 3.37637 148.247
      vertex 231.478 -3.46515 149.216
      vertex 231.478 3.40859 148.615
    endloop
  endfacet
  facet normal -0.0973492 -0.0868313 -0.991455
    outer loop
      vertex 232.92 -3.51721 148.621
      vertex 233.7 3.34983 147.943
      vertex 233.7 -3.52391 148.545
    endloop
  endfacet
  facet normal -0.098608 -0.0866774 -0.991344
    outer loop
      vertex 233.7 3.34983 147.943
      vertex 232.92 -3.51721 148.621
      vertex 232.92 3.35653 148.02
    endloop
  endfacet
  facet normal -0.634819 -0.0673002 -0.769724
    outer loop
      vertex 230.872 -3.4218 149.712
      vertex 231.478 3.40859 148.615
      vertex 231.478 -3.46515 149.216
    endloop
  endfacet
  facet normal -0.634819 -0.0673002 -0.769724
    outer loop
      vertex 231.478 3.40859 148.615
      vertex 230.872 -3.4218 149.712
      vertex 230.872 3.45194 149.111
    endloop
  endfacet
  facet normal 0.995162 -0.00857135 -0.0978693
    outer loop
      vertex 237.7 -3.17529 152.53
      vertex 237.623 3.63044 151.151
      vertex 237.7 3.69846 151.928
    endloop
  endfacet
  facet normal 0.995175 -0.00854644 -0.097747
    outer loop
      vertex 237.623 3.63044 151.151
      vertex 237.7 -3.17529 152.53
      vertex 237.623 -3.2433 151.752
    endloop
  endfacet
  facet normal 0.098608 0.0866774 0.991344
    outer loop
      vertex 233.7 -2.82666 156.514
      vertex 234.48 4.04038 155.836
      vertex 233.7 4.04708 155.913
    endloop
  endfacet
  facet normal 0.0973492 0.0868313 0.991455
    outer loop
      vertex 234.48 4.04038 155.836
      vertex 233.7 -2.82666 156.514
      vertex 234.48 -2.83336 156.438
    endloop
  endfacet
  facet normal 0.471456 0.0768143 0.878538
    outer loop
      vertex 235.231 -2.8532 156.211
      vertex 235.922 3.98833 155.242
      vertex 235.231 4.02054 155.61
    endloop
  endfacet
  facet normal 0.471457 0.0768141 0.878537
    outer loop
      vertex 235.922 3.98833 155.242
      vertex 235.231 -2.8532 156.211
      vertex 235.922 -2.88542 155.843
    endloop
  endfacet
  facet normal 0.63482 0.0673001 0.769723
    outer loop
      vertex 235.922 -2.88542 155.843
      vertex 236.528 3.94497 154.746
      vertex 235.922 3.98833 155.242
    endloop
  endfacet
  facet normal 0.634819 0.0673002 0.769724
    outer loop
      vertex 236.528 3.94497 154.746
      vertex 235.922 -2.88542 155.843
      vertex 236.528 -2.92877 155.347
    endloop
  endfacet
  facet normal 0.881754 0.0410868 0.469917
    outer loop
      vertex 237.026 -2.9816 154.743
      vertex 237.396 3.83187 153.453
      vertex 237.026 3.89214 154.142
    endloop
  endfacet
  facet normal 0.881471 0.0412008 0.470438
    outer loop
      vertex 237.396 3.83187 153.453
      vertex 237.026 -2.9816 154.743
      vertex 237.396 -3.04187 154.055
    endloop
  endfacet
  facet normal -0.098608 0.0866774 0.991344
    outer loop
      vertex 232.92 4.04038 155.836
      vertex 233.7 -2.82666 156.514
      vertex 233.7 4.04708 155.913
    endloop
  endfacet
  facet normal -0.0973492 0.0868313 0.991455
    outer loop
      vertex 233.7 -2.82666 156.514
      vertex 232.92 4.04038 155.836
      vertex 232.92 -2.83336 156.438
    endloop
  endfacet
  facet normal -0.63482 0.0673001 0.769723
    outer loop
      vertex 230.872 3.94497 154.746
      vertex 231.478 -2.88542 155.843
      vertex 231.478 3.98833 155.242
    endloop
  endfacet
  facet normal -0.634819 0.0673002 0.769724
    outer loop
      vertex 231.478 -2.88542 155.843
      vertex 230.872 3.94497 154.746
      vertex 230.872 -2.92877 155.347
    endloop
  endfacet
  facet normal -0.881754 0.0410868 0.469917
    outer loop
      vertex 230.004 3.83187 153.453
      vertex 230.374 -2.9816 154.743
      vertex 230.374 3.89214 154.142
    endloop
  endfacet
  facet normal -0.881471 0.0412008 0.470438
    outer loop
      vertex 230.374 -2.9816 154.743
      vertex 230.004 3.83187 153.453
      vertex 230.004 -3.04187 154.055
    endloop
  endfacet
  facet normal -0.995175 0.00854644 0.097747
    outer loop
      vertex 229.7 3.69846 151.928
      vertex 229.777 -3.10727 153.307
      vertex 229.777 3.76647 152.706
    endloop
  endfacet
  facet normal -0.995162 0.00857135 0.0978693
    outer loop
      vertex 229.777 -3.10727 153.307
      vertex 229.7 3.69846 151.928
      vertex 229.7 -3.17529 152.53
    endloop
  endfacet
  facet normal -0.772749 0.0552846 0.632299
    outer loop
      vertex 230.374 3.89214 154.142
      vertex 230.872 -2.92877 155.347
      vertex 230.872 3.94497 154.746
    endloop
  endfacet
  facet normal -0.772749 0.0552846 0.632299
    outer loop
      vertex 230.872 -2.92877 155.347
      vertex 230.374 3.89214 154.142
      vertex 230.374 -2.9816 154.743
    endloop
  endfacet
  facet normal 0.957212 -0.0252062 -0.288287
    outer loop
      vertex 237.623 -3.2433 151.752
      vertex 237.396 3.56505 150.403
      vertex 237.623 3.63044 151.151
    endloop
  endfacet
  facet normal 0.957106 -0.0252785 -0.288634
    outer loop
      vertex 237.396 3.56505 150.403
      vertex 237.623 -3.2433 151.752
      vertex 237.396 -3.3087 151.005
    endloop
  endfacet
  facet normal -4.83876e-05 0.996193 -0.0871719
    outer loop
      vertex 233.7 3.87277 153.921
      vertex 233.7 4.04708 155.913
      vertex 234.48 4.04038 155.836
    endloop
  endfacet
  facet normal 8.35074e-05 0.996193 -0.0871759
    outer loop
      vertex 234.09 3.86942 153.882
      vertex 234.48 4.04038 155.836
      vertex 235.231 4.02054 155.61
    endloop
  endfacet
  facet normal 4.83876e-05 0.996193 -0.0871719
    outer loop
      vertex 233.7 4.04708 155.913
      vertex 233.7 3.87277 153.921
      vertex 232.92 4.04038 155.836
    endloop
  endfacet
  facet normal 2.30071e-05 0.996195 -0.0871509
    outer loop
      vertex 234.465 3.8595 153.769
      vertex 235.231 4.02054 155.61
      vertex 235.922 3.98833 155.242
    endloop
  endfacet
  facet normal 0.000155773 0.996197 -0.0871285
    outer loop
      vertex 233.31 3.86942 153.882
      vertex 232.92 4.04038 155.836
      vertex 233.7 3.87277 153.921
    endloop
  endfacet
  facet normal -2.73647e-05 0.996198 -0.0871204
    outer loop
      vertex 234.811 3.84339 153.585
      vertex 235.922 3.98833 155.242
      vertex 236.528 3.94497 154.746
    endloop
  endfacet
  facet normal -8.35074e-05 0.996193 -0.0871759
    outer loop
      vertex 232.92 4.04038 155.836
      vertex 233.31 3.86942 153.882
      vertex 232.169 4.02054 155.61
    endloop
  endfacet
  facet normal -7.40869e-06 0.996196 -0.0871403
    outer loop
      vertex 235.114 3.82171 153.337
      vertex 236.528 3.94497 154.746
      vertex 237.026 3.89214 154.142
    endloop
  endfacet
  facet normal -8.36002e-05 0.996193 -0.087176
    outer loop
      vertex 232.935 3.8595 153.769
      vertex 232.169 4.02054 155.61
      vertex 233.31 3.86942 153.882
    endloop
  endfacet
  facet normal -2.30071e-05 0.996195 -0.0871509
    outer loop
      vertex 232.169 4.02054 155.61
      vertex 232.935 3.8595 153.769
      vertex 231.478 3.98833 155.242
    endloop
  endfacet
  facet normal -0.000155773 0.996197 -0.0871285
    outer loop
      vertex 234.48 4.04038 155.836
      vertex 234.09 3.86942 153.882
      vertex 233.7 3.87277 153.921
    endloop
  endfacet
  facet normal 8.36002e-05 0.996193 -0.087176
    outer loop
      vertex 235.231 4.02054 155.61
      vertex 234.465 3.8595 153.769
      vertex 234.09 3.86942 153.882
    endloop
  endfacet
  facet normal 3.24189e-05 0.996194 -0.0871602
    outer loop
      vertex 235.922 3.98833 155.242
      vertex 234.811 3.84339 153.585
      vertex 234.465 3.8595 153.769
    endloop
  endfacet
  facet normal -2.47865e-06 0.996196 -0.0871432
    outer loop
      vertex 235.363 3.7953 153.035
      vertex 237.026 3.89214 154.142
      vertex 237.396 3.83187 153.453
    endloop
  endfacet
  facet normal -2.73647e-05 0.996198 -0.0871204
    outer loop
      vertex 236.528 3.94497 154.746
      vertex 235.114 3.82171 153.337
      vertex 234.811 3.84339 153.585
    endloop
  endfacet
  facet normal -1.25634e-05 0.996197 -0.0871281
    outer loop
      vertex 237.026 3.89214 154.142
      vertex 235.363 3.7953 153.035
      vertex 235.114 3.82171 153.337
    endloop
  endfacet
  facet normal 1.55832e-06 0.996189 -0.0872161
    outer loop
      vertex 235.548 3.76516 152.691
      vertex 237.396 3.83187 153.453
      vertex 237.623 3.76647 152.706
    endloop
  endfacet
  facet normal 2.36514e-05 0.996185 -0.0872693
    outer loop
      vertex 237.396 3.83187 153.453
      vertex 235.548 3.76516 152.691
      vertex 235.363 3.7953 153.035
    endloop
  endfacet
  facet normal 7.1728e-07 0.9962 -0.0871006
    outer loop
      vertex 237.623 3.76647 152.706
      vertex 235.662 3.73246 152.317
      vertex 235.548 3.76516 152.691
    endloop
  endfacet
  facet normal -2.49113e-06 0.996201 -0.0870846
    outer loop
      vertex 237.7 3.69846 151.928
      vertex 235.662 3.73246 152.317
      vertex 237.623 3.76647 152.706
    endloop
  endfacet
  facet normal 0 0.996202 -0.0870716
    outer loop
      vertex 237.7 3.69846 151.928
      vertex 235.7 3.69846 151.928
      vertex 235.662 3.73246 152.317
    endloop
  endfacet
  facet normal 0 0.99618 -0.0873198
    outer loop
      vertex 237.7 3.69846 151.928
      vertex 235.662 3.66445 151.54
      vertex 235.7 3.69846 151.928
    endloop
  endfacet
  facet normal -2.1807e-05 0.99619 -0.0872062
    outer loop
      vertex 237.623 3.63044 151.151
      vertex 235.662 3.66445 151.54
      vertex 237.7 3.69846 151.928
    endloop
  endfacet
  facet normal -7.1728e-07 0.9962 -0.0871006
    outer loop
      vertex 235.662 3.66445 151.54
      vertex 237.623 3.63044 151.151
      vertex 235.548 3.63175 151.166
    endloop
  endfacet
  facet normal -6.21222e-07 0.996201 -0.0870875
    outer loop
      vertex 237.396 3.56505 150.403
      vertex 235.548 3.63175 151.166
      vertex 237.623 3.63044 151.151
    endloop
  endfacet
  facet normal 2.85411e-05 0.996207 -0.0870174
    outer loop
      vertex 235.548 3.63175 151.166
      vertex 237.396 3.56505 150.403
      vertex 235.363 3.60162 150.821
    endloop
  endfacet
  facet normal -1.98548e-07 0.996195 -0.0871561
    outer loop
      vertex 237.026 3.50477 149.714
      vertex 235.363 3.60162 150.821
      vertex 237.396 3.56505 150.403
    endloop
  endfacet
  facet normal 2.25398e-06 0.996195 -0.0871524
    outer loop
      vertex 235.363 3.60162 150.821
      vertex 237.026 3.50477 149.714
      vertex 235.114 3.5752 150.519
    endloop
  endfacet
  facet normal -3.77362e-05 0.996187 -0.0872467
    outer loop
      vertex 236.528 3.45194 149.111
      vertex 235.114 3.5752 150.519
      vertex 237.026 3.50477 149.714
    endloop
  endfacet
  facet normal -0.000102997 0.996181 -0.0873117
    outer loop
      vertex 235.114 3.5752 150.519
      vertex 236.528 3.45194 149.111
      vertex 234.811 3.55352 150.272
    endloop
  endfacet
  facet normal -3.47757e-05 0.996195 -0.0871558
    outer loop
      vertex 234.811 3.55352 150.272
      vertex 235.922 3.40859 148.615
      vertex 234.465 3.53741 150.088
    endloop
  endfacet
  facet normal 3.48017e-05 0.996199 -0.0871095
    outer loop
      vertex 235.922 3.40859 148.615
      vertex 234.811 3.55352 150.272
      vertex 236.528 3.45194 149.111
    endloop
  endfacet
  facet normal -3.24189e-05 0.996194 -0.0871602
    outer loop
      vertex 232.589 3.84339 153.585
      vertex 231.478 3.98833 155.242
      vertex 232.935 3.8595 153.769
    endloop
  endfacet
  facet normal 2.73647e-05 0.996198 -0.0871204
    outer loop
      vertex 231.478 3.98833 155.242
      vertex 232.589 3.84339 153.585
      vertex 230.872 3.94497 154.746
    endloop
  endfacet
  facet normal 2.73647e-05 0.996198 -0.0871204
    outer loop
      vertex 232.286 3.82171 153.337
      vertex 230.872 3.94497 154.746
      vertex 232.589 3.84339 153.585
    endloop
  endfacet
  facet normal 7.40869e-06 0.996196 -0.0871403
    outer loop
      vertex 230.872 3.94497 154.746
      vertex 232.286 3.82171 153.337
      vertex 230.374 3.89214 154.142
    endloop
  endfacet
  facet normal 1.25634e-05 0.996197 -0.0871281
    outer loop
      vertex 232.037 3.7953 153.035
      vertex 230.374 3.89214 154.142
      vertex 232.286 3.82171 153.337
    endloop
  endfacet
  facet normal 2.47865e-06 0.996196 -0.0871432
    outer loop
      vertex 230.374 3.89214 154.142
      vertex 232.037 3.7953 153.035
      vertex 230.004 3.83187 153.453
    endloop
  endfacet
  facet normal -2.36514e-05 0.996185 -0.0872693
    outer loop
      vertex 231.852 3.76516 152.691
      vertex 230.004 3.83187 153.453
      vertex 232.037 3.7953 153.035
    endloop
  endfacet
  facet normal -1.55832e-06 0.996189 -0.0872161
    outer loop
      vertex 230.004 3.83187 153.453
      vertex 231.852 3.76516 152.691
      vertex 229.777 3.76647 152.706
    endloop
  endfacet
  facet normal -7.1728e-07 0.9962 -0.0871006
    outer loop
      vertex 231.738 3.73246 152.317
      vertex 229.777 3.76647 152.706
      vertex 231.852 3.76516 152.691
    endloop
  endfacet
  facet normal 4.9835e-06 0.996202 -0.0870721
    outer loop
      vertex 231.7 3.69846 151.928
      vertex 229.777 3.76647 152.706
      vertex 231.738 3.73246 152.317
    endloop
  endfacet
  facet normal 0 0.996201 -0.0870844
    outer loop
      vertex 231.7 3.69846 151.928
      vertex 229.7 3.69846 151.928
      vertex 229.777 3.76647 152.706
    endloop
  endfacet
  facet normal 0 0.99618 -0.0873198
    outer loop
      vertex 231.738 3.66445 151.54
      vertex 229.7 3.69846 151.928
      vertex 231.7 3.69846 151.928
    endloop
  endfacet
  facet normal 7.1728e-07 0.9962 -0.0871006
    outer loop
      vertex 229.777 3.63044 151.151
      vertex 231.738 3.66445 151.54
      vertex 231.852 3.63175 151.166
    endloop
  endfacet
  facet normal 2.1807e-05 0.99619 -0.0872062
    outer loop
      vertex 231.738 3.66445 151.54
      vertex 229.777 3.63044 151.151
      vertex 229.7 3.69846 151.928
    endloop
  endfacet
  facet normal -2.85411e-05 0.996207 -0.0870174
    outer loop
      vertex 230.004 3.56505 150.403
      vertex 231.852 3.63175 151.166
      vertex 232.037 3.60162 150.821
    endloop
  endfacet
  facet normal -2.25398e-06 0.996195 -0.0871524
    outer loop
      vertex 230.374 3.50477 149.714
      vertex 232.037 3.60162 150.821
      vertex 232.286 3.5752 150.519
    endloop
  endfacet
  facet normal 6.21222e-07 0.996201 -0.0870875
    outer loop
      vertex 231.852 3.63175 151.166
      vertex 230.004 3.56505 150.403
      vertex 229.777 3.63044 151.151
    endloop
  endfacet
  facet normal 0.000102997 0.996181 -0.0873117
    outer loop
      vertex 230.872 3.45194 149.111
      vertex 232.286 3.5752 150.519
      vertex 232.589 3.55352 150.272
    endloop
  endfacet
  facet normal 3.47757e-05 0.996195 -0.0871558
    outer loop
      vertex 231.478 3.40859 148.615
      vertex 232.589 3.55352 150.272
      vertex 232.935 3.53741 150.088
    endloop
  endfacet
  facet normal -0.00014635 0.996201 -0.087081
    outer loop
      vertex 232.169 3.37637 148.247
      vertex 232.935 3.53741 150.088
      vertex 233.31 3.5275 149.974
    endloop
  endfacet
  facet normal 1.98548e-07 0.996195 -0.0871561
    outer loop
      vertex 232.037 3.60162 150.821
      vertex 230.374 3.50477 149.714
      vertex 230.004 3.56505 150.403
    endloop
  endfacet
  facet normal 6.2884e-05 0.996193 -0.0871769
    outer loop
      vertex 232.92 3.35653 148.02
      vertex 233.31 3.5275 149.974
      vertex 233.7 3.52415 149.936
    endloop
  endfacet
  facet normal -3.48087e-05 0.996195 -0.0871558
    outer loop
      vertex 235.231 3.37637 148.247
      vertex 234.465 3.53741 150.088
      vertex 235.922 3.40859 148.615
    endloop
  endfacet
  facet normal 0.00014635 0.996201 -0.087081
    outer loop
      vertex 234.465 3.53741 150.088
      vertex 235.231 3.37637 148.247
      vertex 234.09 3.5275 149.974
    endloop
  endfacet
  facet normal 3.77362e-05 0.996187 -0.0872467
    outer loop
      vertex 232.286 3.5752 150.519
      vertex 230.872 3.45194 149.111
      vertex 230.374 3.50477 149.714
    endloop
  endfacet
  facet normal 2.74212e-05 0.996194 -0.087159
    outer loop
      vertex 234.48 3.35653 148.02
      vertex 234.09 3.5275 149.974
      vertex 235.231 3.37637 148.247
    endloop
  endfacet
  facet normal -3.48017e-05 0.996199 -0.0871095
    outer loop
      vertex 232.589 3.55352 150.272
      vertex 231.478 3.40859 148.615
      vertex 230.872 3.45194 149.111
    endloop
  endfacet
  facet normal -6.2884e-05 0.996193 -0.0871769
    outer loop
      vertex 234.09 3.5275 149.974
      vertex 234.48 3.35653 148.02
      vertex 233.7 3.52415 149.936
    endloop
  endfacet
  facet normal 3.48087e-05 0.996195 -0.0871558
    outer loop
      vertex 232.935 3.53741 150.088
      vertex 232.169 3.37637 148.247
      vertex 231.478 3.40859 148.615
    endloop
  endfacet
  facet normal 4.45634e-05 0.996197 -0.0871335
    outer loop
      vertex 233.7 3.34983 147.943
      vertex 233.7 3.52415 149.936
      vertex 234.48 3.35653 148.02
    endloop
  endfacet
  facet normal -2.74212e-05 0.996194 -0.087159
    outer loop
      vertex 233.31 3.5275 149.974
      vertex 232.92 3.35653 148.02
      vertex 232.169 3.37637 148.247
    endloop
  endfacet
  facet normal -4.45634e-05 0.996197 -0.0871335
    outer loop
      vertex 233.7 3.52415 149.936
      vertex 233.7 3.34983 147.943
      vertex 232.92 3.35653 148.02
    endloop
  endfacet
  facet normal -0.957212 -0.0252062 -0.288287
    outer loop
      vertex 230.004 3.56505 150.403
      vertex 229.777 -3.2433 151.752
      vertex 229.777 3.63044 151.151
    endloop
  endfacet
  facet normal -0.957106 -0.0252785 -0.288634
    outer loop
      vertex 229.777 -3.2433 151.752
      vertex 230.004 3.56505 150.403
      vertex 230.004 -3.3087 151.005
    endloop
  endfacet
  facet normal 0.289182 0.0835181 0.953624
    outer loop
      vertex 234.48 -2.83336 156.438
      vertex 235.231 4.02054 155.61
      vertex 234.48 4.04038 155.836
    endloop
  endfacet
  facet normal 0.290345 0.0833497 0.953285
    outer loop
      vertex 235.231 4.02054 155.61
      vertex 234.48 -2.83336 156.438
      vertex 235.231 -2.8532 156.211
    endloop
  endfacet
  facet normal 0.772749 0.0552846 0.632299
    outer loop
      vertex 236.528 -2.92877 155.347
      vertex 237.026 3.89214 154.142
      vertex 236.528 3.94497 154.746
    endloop
  endfacet
  facet normal 0.772749 0.0552846 0.632299
    outer loop
      vertex 237.026 3.89214 154.142
      vertex 236.528 -2.92877 155.347
      vertex 237.026 -2.9816 154.743
    endloop
  endfacet
  facet normal 0.957106 0.0252785 0.288634
    outer loop
      vertex 237.396 -3.04187 154.055
      vertex 237.623 3.76647 152.706
      vertex 237.396 3.83187 153.453
    endloop
  endfacet
  facet normal 0.957212 0.0252061 0.288287
    outer loop
      vertex 237.623 3.76647 152.706
      vertex 237.396 -3.04187 154.055
      vertex 237.623 -3.10727 153.307
    endloop
  endfacet
  facet normal -0.471456 0.0768143 0.878538
    outer loop
      vertex 231.478 3.98833 155.242
      vertex 232.169 -2.8532 156.211
      vertex 232.169 4.02054 155.61
    endloop
  endfacet
  facet normal -0.471457 0.0768141 0.878537
    outer loop
      vertex 232.169 -2.8532 156.211
      vertex 231.478 3.98833 155.242
      vertex 231.478 -2.88542 155.843
    endloop
  endfacet
  facet normal -0.957106 0.0252785 0.288634
    outer loop
      vertex 229.777 3.76647 152.706
      vertex 230.004 -3.04187 154.055
      vertex 230.004 3.83187 153.453
    endloop
  endfacet
  facet normal -0.957212 0.0252061 0.288287
    outer loop
      vertex 230.004 -3.04187 154.055
      vertex 229.777 3.76647 152.706
      vertex 229.777 -3.10727 153.307
    endloop
  endfacet
  facet normal -0.995274 0.00847181 0.0967327
    outer loop
      vertex 235.662 3.66445 151.54
      vertex 235.7 -3.17529 152.53
      vertex 235.7 3.69846 151.928
    endloop
  endfacet
  facet normal -0.995298 0.0084365 0.0964897
    outer loop
      vertex 235.7 -3.17529 152.53
      vertex 235.662 3.66445 151.54
      vertex 235.662 -3.20929 152.141
    endloop
  endfacet
  facet normal 0.995274 0.00847181 0.0967327
    outer loop
      vertex 231.7 -3.17529 152.53
      vertex 231.738 3.66445 151.54
      vertex 231.7 3.69846 151.928
    endloop
  endfacet
  facet normal 0.995298 0.0084365 0.0964897
    outer loop
      vertex 231.738 3.66445 151.54
      vertex 231.7 -3.17529 152.53
      vertex 231.738 -3.20929 152.141
    endloop
  endfacet
  facet normal -0.0973492 0.0868312 0.991455
    outer loop
      vertex 233.7 3.52415 149.936
      vertex 234.09 -3.34625 150.576
      vertex 234.09 3.5275 149.974
    endloop
  endfacet
  facet normal -0.0998664 0.0866663 0.991219
    outer loop
      vertex 234.09 -3.34625 150.576
      vertex 233.7 3.52415 149.936
      vertex 233.7 -3.3496 150.537
    endloop
  endfacet
  facet normal -0.6333 0.06752 0.770956
    outer loop
      vertex 234.811 3.55352 150.272
      vertex 235.114 -3.29854 151.121
      vertex 235.114 3.5752 150.519
    endloop
  endfacet
  facet normal -0.63482 0.0673002 0.769723
    outer loop
      vertex 235.114 -3.29854 151.121
      vertex 234.811 3.55352 150.272
      vertex 234.811 -3.32022 150.873
    endloop
  endfacet
  facet normal 0.6333 0.06752 0.770956
    outer loop
      vertex 232.286 -3.29854 151.121
      vertex 232.589 3.55352 150.272
      vertex 232.286 3.5752 150.519
    endloop
  endfacet
  facet normal 0.63482 0.0673002 0.769723
    outer loop
      vertex 232.589 3.55352 150.272
      vertex 232.286 -3.29854 151.121
      vertex 232.589 -3.32022 150.873
    endloop
  endfacet
  facet normal 0.291861 0.0833096 0.952826
    outer loop
      vertex 232.935 -3.33633 150.689
      vertex 233.31 3.5275 149.974
      vertex 232.935 3.53741 150.088
    endloop
  endfacet
  facet normal 0.289536 0.0835086 0.953517
    outer loop
      vertex 233.31 3.5275 149.974
      vertex 232.935 -3.33633 150.689
      vertex 233.31 -3.34625 150.576
    endloop
  endfacet
  facet normal -0.882036 0.0410409 0.469392
    outer loop
      vertex 235.363 3.60162 150.821
      vertex 235.548 -3.24199 151.767
      vertex 235.548 3.63175 151.166
    endloop
  endfacet
  facet normal -0.881471 0.0412007 0.470437
    outer loop
      vertex 235.548 -3.24199 151.767
      vertex 235.363 3.60162 150.821
      vertex 235.363 -3.27213 151.423
    endloop
  endfacet
  facet normal -0.956859 0.0253078 0.28945
    outer loop
      vertex 235.548 3.63175 151.166
      vertex 235.662 -3.20929 152.141
      vertex 235.662 3.66445 151.54
    endloop
  endfacet
  facet normal -0.956859 0.0253078 0.28945
    outer loop
      vertex 235.662 -3.20929 152.141
      vertex 235.548 3.63175 151.166
      vertex 235.548 -3.24199 151.767
    endloop
  endfacet
  facet normal -0.77275 0.0553757 0.63229
    outer loop
      vertex 235.114 3.5752 150.519
      vertex 235.363 -3.27213 151.423
      vertex 235.363 3.60162 150.821
    endloop
  endfacet
  facet normal -0.772749 0.0553759 0.632291
    outer loop
      vertex 235.363 -3.27213 151.423
      vertex 235.114 3.5752 150.519
      vertex 235.114 -3.29854 151.121
    endloop
  endfacet
  facet normal -0.291861 0.0833096 0.952826
    outer loop
      vertex 234.09 3.5275 149.974
      vertex 234.465 -3.33633 150.689
      vertex 234.465 3.53741 150.088
    endloop
  endfacet
  facet normal -0.289536 0.0835086 0.953517
    outer loop
      vertex 234.465 -3.33633 150.689
      vertex 234.09 3.5275 149.974
      vertex 234.09 -3.34625 150.576
    endloop
  endfacet
  facet normal -0.470927 0.0768389 0.87882
    outer loop
      vertex 234.465 3.53741 150.088
      vertex 234.811 -3.32022 150.873
      vertex 234.811 3.55352 150.272
    endloop
  endfacet
  facet normal -0.470927 0.0768389 0.87882
    outer loop
      vertex 234.811 -3.32022 150.873
      vertex 234.465 3.53741 150.088
      vertex 234.465 -3.33633 150.689
    endloop
  endfacet
  facet normal 0.882036 0.0410409 0.469392
    outer loop
      vertex 231.852 -3.24199 151.767
      vertex 232.037 3.60162 150.821
      vertex 231.852 3.63175 151.166
    endloop
  endfacet
  facet normal 0.881471 0.0412007 0.470437
    outer loop
      vertex 232.037 3.60162 150.821
      vertex 231.852 -3.24199 151.767
      vertex 232.037 -3.27213 151.423
    endloop
  endfacet
  facet normal 0.77275 0.0553757 0.63229
    outer loop
      vertex 232.037 -3.27213 151.423
      vertex 232.286 3.5752 150.519
      vertex 232.037 3.60162 150.821
    endloop
  endfacet
  facet normal 0.772749 0.0553759 0.632291
    outer loop
      vertex 232.286 3.5752 150.519
      vertex 232.037 -3.27213 151.423
      vertex 232.286 -3.29854 151.121
    endloop
  endfacet
  facet normal 0.956859 0.0253078 0.28945
    outer loop
      vertex 231.738 -3.20929 152.141
      vertex 231.852 3.63175 151.166
      vertex 231.738 3.66445 151.54
    endloop
  endfacet
  facet normal 0.956859 0.0253078 0.28945
    outer loop
      vertex 231.852 3.63175 151.166
      vertex 231.738 -3.20929 152.141
      vertex 231.852 -3.24199 151.767
    endloop
  endfacet
  facet normal 0.470927 0.0768389 0.87882
    outer loop
      vertex 232.589 -3.32022 150.873
      vertex 232.935 3.53741 150.088
      vertex 232.589 3.55352 150.272
    endloop
  endfacet
  facet normal 0.470927 0.0768389 0.87882
    outer loop
      vertex 232.935 3.53741 150.088
      vertex 232.589 -3.32022 150.873
      vertex 232.935 -3.33633 150.689
    endloop
  endfacet
  facet normal 0.0973492 0.0868312 0.991455
    outer loop
      vertex 233.31 -3.34625 150.576
      vertex 233.7 3.52415 149.936
      vertex 233.31 3.5275 149.974
    endloop
  endfacet
  facet normal 0.0998664 0.0866663 0.991219
    outer loop
      vertex 233.7 3.52415 149.936
      vertex 233.31 -3.34625 150.576
      vertex 233.7 -3.3496 150.537
    endloop
  endfacet
  facet normal -0.0973492 -0.0868313 -0.991455
    outer loop
      vertex 233.7 -3.00097 154.522
      vertex 234.09 3.86942 153.882
      vertex 234.09 -3.00432 154.484
    endloop
  endfacet
  facet normal -0.0998664 -0.0866665 -0.991219
    outer loop
      vertex 234.09 3.86942 153.882
      vertex 233.7 -3.00097 154.522
      vertex 233.7 3.87277 153.921
    endloop
  endfacet
  facet normal -0.63482 -0.0673002 -0.769723
    outer loop
      vertex 234.811 -3.03035 154.186
      vertex 235.114 3.82171 153.337
      vertex 235.114 -3.05203 153.938
    endloop
  endfacet
  facet normal -0.63482 -0.0673002 -0.769723
    outer loop
      vertex 235.114 3.82171 153.337
      vertex 234.811 -3.03035 154.186
      vertex 234.811 3.84339 153.585
    endloop
  endfacet
  facet normal 0.63482 -0.0673002 -0.769723
    outer loop
      vertex 232.286 3.82171 153.337
      vertex 232.589 -3.03035 154.186
      vertex 232.286 -3.05203 153.938
    endloop
  endfacet
  facet normal 0.63482 -0.0673002 -0.769723
    outer loop
      vertex 232.589 -3.03035 154.186
      vertex 232.286 3.82171 153.337
      vertex 232.589 3.84339 153.585
    endloop
  endfacet
  facet normal 0.291863 -0.0833095 -0.952825
    outer loop
      vertex 232.935 3.8595 153.769
      vertex 233.31 -3.00432 154.484
      vertex 232.935 -3.01424 154.37
    endloop
  endfacet
  facet normal 0.289536 -0.0835088 -0.953517
    outer loop
      vertex 233.31 -3.00432 154.484
      vertex 232.935 3.8595 153.769
      vertex 233.31 3.86942 153.882
    endloop
  endfacet
  facet normal 0.881471 -0.0412007 -0.470437
    outer loop
      vertex 232.037 -3.07844 153.637
      vertex 231.852 3.76516 152.691
      vertex 232.037 3.7953 153.035
    endloop
  endfacet
  facet normal 0.882036 -0.0410408 -0.469391
    outer loop
      vertex 231.852 3.76516 152.691
      vertex 232.037 -3.07844 153.637
      vertex 231.852 -3.10858 153.292
    endloop
  endfacet
  facet normal 0.995298 -0.0084365 -0.0964897
    outer loop
      vertex 231.738 -3.14128 152.918
      vertex 231.7 3.69846 151.928
      vertex 231.738 3.73246 152.317
    endloop
  endfacet
  facet normal 0.995274 -0.00847181 -0.0967327
    outer loop
      vertex 231.7 3.69846 151.928
      vertex 231.738 -3.14128 152.918
      vertex 231.7 -3.17529 152.53
    endloop
  endfacet
  facet normal -0.291863 -0.0833095 -0.952825
    outer loop
      vertex 234.09 -3.00432 154.484
      vertex 234.465 3.8595 153.769
      vertex 234.465 -3.01424 154.37
    endloop
  endfacet
  facet normal -0.289536 -0.0835088 -0.953517
    outer loop
      vertex 234.465 3.8595 153.769
      vertex 234.09 -3.00432 154.484
      vertex 234.09 3.86942 153.882
    endloop
  endfacet
  facet normal -0.772749 -0.0552846 -0.632299
    outer loop
      vertex 235.363 3.7953 153.035
      vertex 235.114 -3.05203 153.938
      vertex 235.114 3.82171 153.337
    endloop
  endfacet
  facet normal -0.771723 -0.0554847 -0.633534
    outer loop
      vertex 235.114 -3.05203 153.938
      vertex 235.363 3.7953 153.035
      vertex 235.363 -3.07844 153.637
    endloop
  endfacet
  facet normal -0.956859 -0.0253078 -0.28945
    outer loop
      vertex 235.662 3.73246 152.317
      vertex 235.548 -3.10858 153.292
      vertex 235.548 3.76516 152.691
    endloop
  endfacet
  facet normal -0.956859 -0.0253078 -0.28945
    outer loop
      vertex 235.548 -3.10858 153.292
      vertex 235.662 3.73246 152.317
      vertex 235.662 -3.14128 152.918
    endloop
  endfacet
  facet normal -0.881471 -0.0412007 -0.470437
    outer loop
      vertex 235.548 3.76516 152.691
      vertex 235.363 -3.07844 153.637
      vertex 235.363 3.7953 153.035
    endloop
  endfacet
  facet normal -0.882036 -0.0410408 -0.469391
    outer loop
      vertex 235.363 -3.07844 153.637
      vertex 235.548 3.76516 152.691
      vertex 235.548 -3.10858 153.292
    endloop
  endfacet
  facet normal -0.995298 -0.0084365 -0.0964897
    outer loop
      vertex 235.7 3.69846 151.928
      vertex 235.662 -3.14128 152.918
      vertex 235.662 3.73246 152.317
    endloop
  endfacet
  facet normal -0.995274 -0.00847181 -0.0967327
    outer loop
      vertex 235.662 -3.14128 152.918
      vertex 235.7 3.69846 151.928
      vertex 235.7 -3.17529 152.53
    endloop
  endfacet
  facet normal 0.470927 -0.0768389 -0.87882
    outer loop
      vertex 232.589 3.84339 153.585
      vertex 232.935 -3.01424 154.37
      vertex 232.589 -3.03035 154.186
    endloop
  endfacet
  facet normal 0.470927 -0.0768389 -0.87882
    outer loop
      vertex 232.935 -3.01424 154.37
      vertex 232.589 3.84339 153.585
      vertex 232.935 3.8595 153.769
    endloop
  endfacet
  facet normal 0.0973492 -0.0868313 -0.991455
    outer loop
      vertex 233.31 3.86942 153.882
      vertex 233.7 -3.00097 154.522
      vertex 233.31 -3.00432 154.484
    endloop
  endfacet
  facet normal 0.0998664 -0.0866665 -0.991219
    outer loop
      vertex 233.7 -3.00097 154.522
      vertex 233.31 3.86942 153.882
      vertex 233.7 3.87277 153.921
    endloop
  endfacet
  facet normal 0.772749 -0.0552846 -0.632299
    outer loop
      vertex 232.286 -3.05203 153.938
      vertex 232.037 3.7953 153.035
      vertex 232.286 3.82171 153.337
    endloop
  endfacet
  facet normal 0.771723 -0.0554847 -0.633534
    outer loop
      vertex 232.037 3.7953 153.035
      vertex 232.286 -3.05203 153.938
      vertex 232.037 -3.07844 153.637
    endloop
  endfacet
  facet normal 0.956859 -0.0253078 -0.28945
    outer loop
      vertex 231.852 -3.10858 153.292
      vertex 231.738 3.73246 152.317
      vertex 231.852 3.76516 152.691
    endloop
  endfacet
  facet normal 0.956859 -0.0253078 -0.28945
    outer loop
      vertex 231.738 3.73246 152.317
      vertex 231.852 -3.10858 153.292
      vertex 231.738 -3.14128 152.918
    endloop
  endfacet
  facet normal -0.470927 -0.0768389 -0.87882
    outer loop
      vertex 234.465 -3.01424 154.37
      vertex 234.811 3.84339 153.585
      vertex 234.811 -3.03035 154.186
    endloop
  endfacet
  facet normal -0.470927 -0.0768389 -0.87882
    outer loop
      vertex 234.811 3.84339 153.585
      vertex 234.465 -3.01424 154.37
      vertex 234.465 3.8595 153.769
    endloop
  endfacet
  facet normal 0 0 -1
    outer loop
      vertex 247.578 -16.5199 0
      vertex 246.1 -3.78968 0
      vertex 247.578 -3.78968 0
    endloop
  endfacet
  facet normal 0 0 -1
    outer loop
      vertex 246.1 -3.78968 0
      vertex 244.6 -3.78968 0
      vertex 246.1 0.772874 0
    endloop
  endfacet
  facet normal 0 0 -1
    outer loop
      vertex 244.593 -16.5199 0
      vertex 246.1 -3.78968 0
      vertex 247.578 -16.5199 0
    endloop
  endfacet
  facet normal -0 0 -1
    outer loop
      vertex 246.1 -3.78968 0
      vertex 244.593 -16.5199 0
      vertex 244.6 -3.78968 0
    endloop
  endfacet
  facet normal 0 0 -1
    outer loop
      vertex 244.2 -20.7359 0
      vertex 247.578 -16.5199 0
      vertex 247.6 -16.5199 0
    endloop
  endfacet
  facet normal -0 0 -1
    outer loop
      vertex 247.578 -16.5199 0
      vertex 244.2 -20.7359 0
      vertex 244.593 -16.5199 0
    endloop
  endfacet
  facet normal 0 0 -1
    outer loop
      vertex 243.2 -21.7398 0
      vertex 244.593 -16.5199 0
      vertex 244.2 -20.7359 0
    endloop
  endfacet
  facet normal 0 0 -1
    outer loop
      vertex 4.4 -21.7398 0
      vertex 244.593 -16.5199 0
      vertex 243.2 -21.7398 0
    endloop
  endfacet
  facet normal 0 0 -1
    outer loop
      vertex 3.00722 -16.5199 0
      vertex 4.4 -21.7398 0
      vertex 3.4 -20.7359 0
    endloop
  endfacet
  facet normal 0 0 -1
    outer loop
      vertex 4.4 -21.7398 0
      vertex 3.00722 -16.5199 0
      vertex 244.593 -16.5199 0
    endloop
  endfacet
  facet normal 0 0 -1
    outer loop
      vertex 3.00722 -16.5199 0
      vertex 3 -3.78968 0
      vertex 3.00722 -3.78968 0
    endloop
  endfacet
  facet normal 0 0 -1
    outer loop
      vertex 3 -3.78968 0
      vertex 1.5 -3.78968 0
      vertex 3 0.772874 0
    endloop
  endfacet
  facet normal 0 0 -1
    outer loop
      vertex 3.00722 -16.5199 0
      vertex 1.5 -3.78968 0
      vertex 3 -3.78968 0
    endloop
  endfacet
  facet normal 0 0 -1
    outer loop
      vertex 0.0216684 -16.5199 0
      vertex 3.00722 -16.5199 0
      vertex 3.4 -20.7359 0
    endloop
  endfacet
  facet normal 0 0 -1
    outer loop
      vertex 3.00722 -16.5199 0
      vertex 0.0216684 -16.5199 0
      vertex 1.5 -3.78968 0
    endloop
  endfacet
  facet normal -0 -0 -1
    outer loop
      vertex 0.0216684 -16.5199 0
      vertex 3.4 -20.7359 0
      vertex 0 -16.5199 0
    endloop
  endfacet
  facet normal -0 0 -1
    outer loop
      vertex 246.1 0.772874 0
      vertex 244.6 -3.78968 0
      vertex 244.6 0.772874 0
    endloop
  endfacet
  facet normal -0 0 -1
    outer loop
      vertex 244.6 -3.78968 0
      vertex 244.593 -16.5199 0
      vertex 244.593 -3.78968 0
    endloop
  endfacet
  facet normal -0 0 -1
    outer loop
      vertex 3 0.772874 0
      vertex 1.5 -3.78968 0
      vertex 1.5 0.772874 0
    endloop
  endfacet
  facet normal -0 0 -1
    outer loop
      vertex 1.5 -3.78968 0
      vertex 0.0216684 -16.5199 0
      vertex 0.0216684 -3.78968 0
    endloop
  endfacet
  facet normal -1 0 0
    outer loop
      vertex 54 29.4037 180.697
      vertex 54 14.6458 185
      vertex 54 29.6651 183.686
    endloop
  endfacet
  facet normal -1 0 0
    outer loop
      vertex 54 29.4037 180.697
      vertex 54 11.6657 185
      vertex 54 14.6458 185
    endloop
  endfacet
  facet normal -1 0 0
    outer loop
      vertex 54 1.51022 183.138
      vertex 54 11.6657 185
      vertex 54 29.4037 180.697
    endloop
  endfacet
  facet normal -1 -0 0
    outer loop
      vertex 54 11.6657 185
      vertex 54 1.51022 183.138
      vertex 54 9.74124 185.429
    endloop
  endfacet
  facet normal -1 -0 0
    outer loop
      vertex 54 9.74124 185.429
      vertex 54 1.51022 183.138
      vertex 54 1.78849 186.318
    endloop
  endfacet
  facet normal -1 -0 0
    outer loop
      vertex 54 11.6883 185.259
      vertex 54 11.6657 185
      vertex 54 9.74124 185.429
    endloop
  endfacet
  facet normal -1 -0 0
    outer loop
      vertex 54 9.75804 185.621
      vertex 54 9.74124 185.429
      vertex 54 1.78849 186.318
    endloop
  endfacet
  facet normal -5.75542e-05 0.0871545 0.996195
    outer loop
      vertex 66 29.6651 183.686
      vertex 62 21.6956 184.383
      vertex 66 14.6458 185
    endloop
  endfacet
  facet normal -2.09322e-05 0.0871363 0.996196
    outer loop
      vertex 66 29.6651 183.686
      vertex 61.9616 22.0843 184.349
      vertex 62 21.6956 184.383
    endloop
  endfacet
  facet normal 0.00217481 0.0859752 0.996295
    outer loop
      vertex 66 29.6651 183.686
      vertex 61.8478 22.458 184.317
      vertex 61.9616 22.0843 184.349
    endloop
  endfacet
  facet normal -0.00217765 0.0884637 0.996077
    outer loop
      vertex 66 29.6651 183.686
      vertex 61.6629 22.8025 184.286
      vertex 61.8478 22.458 184.317
    endloop
  endfacet
  facet normal 0.000895933 0.0865362 0.996248
    outer loop
      vertex 66 29.6651 183.686
      vertex 61.4142 23.1044 184.26
      vertex 61.6629 22.8025 184.286
    endloop
  endfacet
  facet normal -0.000668861 0.0876217 0.996154
    outer loop
      vertex 66 29.6651 183.686
      vertex 61.1111 23.3522 184.238
      vertex 61.4142 23.1044 184.26
    endloop
  endfacet
  facet normal 0.000199345 0.0869544 0.996212
    outer loop
      vertex 66 29.6651 183.686
      vertex 60.7654 23.5363 184.222
      vertex 61.1111 23.3522 184.238
    endloop
  endfacet
  facet normal -0.000174092 0.087271 0.996185
    outer loop
      vertex 66 29.6651 183.686
      vertex 60.3902 23.6497 184.212
      vertex 60.7654 23.5363 184.222
    endloop
  endfacet
  facet normal 0.000816434 0.0863542 0.996264
    outer loop
      vertex 66 29.6651 183.686
      vertex 60 23.688 184.209
      vertex 60.3902 23.6497 184.212
    endloop
  endfacet
  facet normal -0 0.0871676 0.996194
    outer loop
      vertex 54 29.6651 183.686
      vertex 60 23.688 184.209
      vertex 66 29.6651 183.686
    endloop
  endfacet
  facet normal -0.000816434 0.0863542 0.996264
    outer loop
      vertex 60 23.688 184.209
      vertex 54 29.6651 183.686
      vertex 59.6098 23.6497 184.212
    endloop
  endfacet
  facet normal 0.000174092 0.087271 0.996185
    outer loop
      vertex 59.6098 23.6497 184.212
      vertex 54 29.6651 183.686
      vertex 59.2346 23.5363 184.222
    endloop
  endfacet
  facet normal -0.000199345 0.0869544 0.996212
    outer loop
      vertex 59.2346 23.5363 184.222
      vertex 54 29.6651 183.686
      vertex 58.8889 23.3522 184.238
    endloop
  endfacet
  facet normal 2.09322e-05 0.0871363 0.996196
    outer loop
      vertex 58.0384 22.0843 184.349
      vertex 54 29.6651 183.686
      vertex 58 21.6956 184.383
    endloop
  endfacet
  facet normal -0.00217481 0.0859752 0.996295
    outer loop
      vertex 58.1522 22.458 184.317
      vertex 54 29.6651 183.686
      vertex 58.0384 22.0843 184.349
    endloop
  endfacet
  facet normal 0.00217765 0.0884637 0.996077
    outer loop
      vertex 58.3371 22.8025 184.286
      vertex 54 29.6651 183.686
      vertex 58.1522 22.458 184.317
    endloop
  endfacet
  facet normal -0.000895933 0.0865362 0.996248
    outer loop
      vertex 58.5858 23.1044 184.26
      vertex 54 29.6651 183.686
      vertex 58.3371 22.8025 184.286
    endloop
  endfacet
  facet normal 0.000668861 0.0876217 0.996154
    outer loop
      vertex 58.8889 23.3522 184.238
      vertex 54 29.6651 183.686
      vertex 58.5858 23.1044 184.26
    endloop
  endfacet
  facet normal -7.35068e-05 0.0871455 0.996196
    outer loop
      vertex 61.9616 21.3069 184.417
      vertex 66 14.6458 185
      vertex 62 21.6956 184.383
    endloop
  endfacet
  facet normal 0.000830669 0.0876895 0.996148
    outer loop
      vertex 61.8478 20.9331 184.45
      vertex 66 14.6458 185
      vertex 61.9616 21.3069 184.417
    endloop
  endfacet
  facet normal -0.000307793 0.0869434 0.996213
    outer loop
      vertex 61.6629 20.5887 184.48
      vertex 66 14.6458 185
      vertex 61.8478 20.9331 184.45
    endloop
  endfacet
  facet normal -0.000902192 0.0865129 0.99625
    outer loop
      vertex 61.4142 20.2867 184.506
      vertex 66 14.6458 185
      vertex 61.6629 20.5887 184.48
    endloop
  endfacet
  facet normal 0.0006077 0.087731 0.996144
    outer loop
      vertex 61.1111 20.039 184.528
      vertex 66 14.6458 185
      vertex 61.4142 20.2867 184.506
    endloop
  endfacet
  facet normal -0.000234626 0.0869733 0.996211
    outer loop
      vertex 60.7654 19.8548 184.544
      vertex 66 14.6458 185
      vertex 61.1111 20.039 184.528
    endloop
  endfacet
  facet normal 0.000166271 0.0873731 0.996176
    outer loop
      vertex 60.3902 19.7415 184.554
      vertex 66 14.6458 185
      vertex 60.7654 19.8548 184.544
    endloop
  endfacet
  facet normal 0.00149235 0.0888217 0.996046
    outer loop
      vertex 60 19.7032 184.558
      vertex 66 14.6458 185
      vertex 60.3902 19.7415 184.554
    endloop
  endfacet
  facet normal -0.00149235 0.0888217 0.996046
    outer loop
      vertex 54 14.6458 185
      vertex 60 19.7032 184.558
      vertex 59.6098 19.7415 184.554
    endloop
  endfacet
  facet normal -0.000166271 0.0873731 0.996176
    outer loop
      vertex 54 14.6458 185
      vertex 59.6098 19.7415 184.554
      vertex 59.2346 19.8548 184.544
    endloop
  endfacet
  facet normal 0.000234626 0.0869733 0.996211
    outer loop
      vertex 54 14.6458 185
      vertex 59.2346 19.8548 184.544
      vertex 58.8889 20.039 184.528
    endloop
  endfacet
  facet normal 5.75542e-05 0.0871545 0.996195
    outer loop
      vertex 54 14.6458 185
      vertex 58 21.6956 184.383
      vertex 54 29.6651 183.686
    endloop
  endfacet
  facet normal 7.35068e-05 0.0871455 0.996196
    outer loop
      vertex 58 21.6956 184.383
      vertex 54 14.6458 185
      vertex 58.0384 21.3069 184.417
    endloop
  endfacet
  facet normal 0 0.0870648 0.996203
    outer loop
      vertex 60 19.7032 184.558
      vertex 54 14.6458 185
      vertex 66 14.6458 185
    endloop
  endfacet
  facet normal -0.0006077 0.087731 0.996144
    outer loop
      vertex 58.5858 20.2867 184.506
      vertex 54 14.6458 185
      vertex 58.8889 20.039 184.528
    endloop
  endfacet
  facet normal 0.000902192 0.0865129 0.99625
    outer loop
      vertex 58.3371 20.5887 184.48
      vertex 54 14.6458 185
      vertex 58.5858 20.2867 184.506
    endloop
  endfacet
  facet normal 0.000307793 0.0869434 0.996213
    outer loop
      vertex 58.1522 20.9331 184.45
      vertex 54 14.6458 185
      vertex 58.3371 20.5887 184.48
    endloop
  endfacet
  facet normal -0.000830669 0.0876895 0.996148
    outer loop
      vertex 58.0384 21.3069 184.417
      vertex 54 14.6458 185
      vertex 58.1522 20.9331 184.45
    endloop
  endfacet
  facet normal -0 0.0869802 0.99621
    outer loop
      vertex 54 11.6883 185.259
      vertex 66 9.74124 185.429
      vertex 66 11.6883 185.259
    endloop
  endfacet
  facet normal 0 0.0869802 0.99621
    outer loop
      vertex 66 9.74124 185.429
      vertex 54 11.6883 185.259
      vertex 54 9.74124 185.429
    endloop
  endfacet
  facet normal 1 0 0
    outer loop
      vertex 66 9.75804 185.621
      vertex 66 1.78849 186.318
      vertex 66 9.74124 185.429
    endloop
  endfacet
  facet normal 1 0 0
    outer loop
      vertex 66 11.6883 185.259
      vertex 66 9.74124 185.429
      vertex 66 11.6657 185
    endloop
  endfacet
  facet normal 1 0 0
    outer loop
      vertex 66 14.6458 185
      vertex 66 29.4037 180.697
      vertex 66 29.6651 183.686
    endloop
  endfacet
  facet normal 1 -0 0
    outer loop
      vertex 66 11.6657 185
      vertex 66 29.4037 180.697
      vertex 66 14.6458 185
    endloop
  endfacet
  facet normal 1 0 0
    outer loop
      vertex 66 1.51022 183.138
      vertex 66 11.6657 185
      vertex 66 9.74124 185.429
    endloop
  endfacet
  facet normal 1 0 0
    outer loop
      vertex 66 1.51022 183.138
      vertex 66 9.74124 185.429
      vertex 66 1.78849 186.318
    endloop
  endfacet
  facet normal 1 0 0
    outer loop
      vertex 66 11.6657 185
      vertex 66 1.51022 183.138
      vertex 66 29.4037 180.697
    endloop
  endfacet
  facet normal -0.000377509 -0.0871783 -0.996193
    outer loop
      vertex 66 1.51022 183.138
      vertex 64.5 21.4341 181.395
      vertex 66 29.4037 180.697
    endloop
  endfacet
  facet normal 0.00335195 -0.0868992 -0.996211
    outer loop
      vertex 66 1.51022 183.138
      vertex 64.4135 20.5595 181.471
      vertex 64.5 21.4341 181.395
    endloop
  endfacet
  facet normal -0.00126176 -0.0872809 -0.996183
    outer loop
      vertex 66 1.51022 183.138
      vertex 64.1575 19.7186 181.545
      vertex 64.4135 20.5595 181.471
    endloop
  endfacet
  facet normal -0.00039787 -0.0871942 -0.996191
    outer loop
      vertex 66 1.51022 183.138
      vertex 63.7416 18.9436 181.613
      vertex 64.1575 19.7186 181.545
    endloop
  endfacet
  facet normal 0.000663153 -0.0870578 -0.996203
    outer loop
      vertex 66 1.51022 183.138
      vertex 63.182 18.2642 181.672
      vertex 63.7416 18.9436 181.613
    endloop
  endfacet
  facet normal -0.000279796 -0.0872152 -0.996189
    outer loop
      vertex 66 1.51022 183.138
      vertex 62.5001 17.7067 181.721
      vertex 63.182 18.2642 181.672
    endloop
  endfacet
  facet normal 0.000272837 -0.0870967 -0.9962
    outer loop
      vertex 66 1.51022 183.138
      vertex 61.7221 17.2925 181.757
      vertex 62.5001 17.7067 181.721
    endloop
  endfacet
  facet normal 0.000351283 -0.0870756 -0.996202
    outer loop
      vertex 66 1.51022 183.138
      vertex 60.8779 17.0374 181.779
      vertex 61.7221 17.2925 181.757
    endloop
  endfacet
  facet normal -0.000500582 -0.0873545 -0.996177
    outer loop
      vertex 66 1.51022 183.138
      vertex 60 16.9512 181.787
      vertex 60.8779 17.0374 181.779
    endloop
  endfacet
  facet normal 0 -0.0871615 -0.996194
    outer loop
      vertex 54 1.51022 183.138
      vertex 60 16.9512 181.787
      vertex 66 1.51022 183.138
    endloop
  endfacet
  facet normal 0.000500582 -0.0873545 -0.996177
    outer loop
      vertex 60 16.9512 181.787
      vertex 54 1.51022 183.138
      vertex 59.1221 17.0374 181.779
    endloop
  endfacet
  facet normal -0.000351283 -0.0870756 -0.996202
    outer loop
      vertex 59.1221 17.0374 181.779
      vertex 54 1.51022 183.138
      vertex 58.2779 17.2925 181.757
    endloop
  endfacet
  facet normal -0.000272837 -0.0870967 -0.9962
    outer loop
      vertex 58.2779 17.2925 181.757
      vertex 54 1.51022 183.138
      vertex 57.4999 17.7067 181.721
    endloop
  endfacet
  facet normal 0.000279796 -0.0872152 -0.996189
    outer loop
      vertex 57.4999 17.7067 181.721
      vertex 54 1.51022 183.138
      vertex 56.818 18.2642 181.672
    endloop
  endfacet
  facet normal -0.00335195 -0.0868992 -0.996211
    outer loop
      vertex 55.5865 20.5595 181.471
      vertex 54 1.51022 183.138
      vertex 55.5 21.4341 181.395
    endloop
  endfacet
  facet normal 0.00126176 -0.0872809 -0.996183
    outer loop
      vertex 55.8425 19.7186 181.545
      vertex 54 1.51022 183.138
      vertex 55.5865 20.5595 181.471
    endloop
  endfacet
  facet normal 0.00039787 -0.0871942 -0.996191
    outer loop
      vertex 56.2584 18.9436 181.613
      vertex 54 1.51022 183.138
      vertex 55.8425 19.7186 181.545
    endloop
  endfacet
  facet normal -0.000663153 -0.0870578 -0.996203
    outer loop
      vertex 56.818 18.2642 181.672
      vertex 54 1.51022 183.138
      vertex 56.2584 18.9436 181.613
    endloop
  endfacet
  facet normal 0.00158707 -0.0875451 -0.996159
    outer loop
      vertex 64.4135 22.3087 181.318
      vertex 66 29.4037 180.697
      vertex 64.5 21.4341 181.395
    endloop
  endfacet
  facet normal -0.00134832 -0.0868938 -0.996217
    outer loop
      vertex 64.1575 23.1496 181.245
      vertex 66 29.4037 180.697
      vertex 64.4135 22.3087 181.318
    endloop
  endfacet
  facet normal 0.000129554 -0.087326 -0.99618
    outer loop
      vertex 63.7416 23.9247 181.177
      vertex 66 29.4037 180.697
      vertex 64.1575 23.1496 181.245
    endloop
  endfacet
  facet normal 0.000579485 -0.08751 -0.996163
    outer loop
      vertex 63.182 24.604 181.117
      vertex 66 29.4037 180.697
      vertex 63.7416 23.9247 181.177
    endloop
  endfacet
  facet normal -0.000774206 -0.0867212 -0.996232
    outer loop
      vertex 62.5001 25.1615 181.069
      vertex 66 29.4037 180.697
      vertex 63.182 24.604 181.117
    endloop
  endfacet
  facet normal 0.00060375 -0.0878494 -0.996134
    outer loop
      vertex 61.7221 25.5757 181.032
      vertex 66 29.4037 180.697
      vertex 62.5001 25.1615 181.069
    endloop
  endfacet
  facet normal -0.000286337 -0.0868623 -0.99622
    outer loop
      vertex 60.8779 25.8308 181.01
      vertex 66 29.4037 180.697
      vertex 61.7221 25.5757 181.032
    endloop
  endfacet
  facet normal 0.000446148 -0.0879044 -0.996129
    outer loop
      vertex 60 25.917 181.002
      vertex 66 29.4037 180.697
      vertex 60.8779 25.8308 181.01
    endloop
  endfacet
  facet normal -0.000446148 -0.0879044 -0.996129
    outer loop
      vertex 54 29.4037 180.697
      vertex 60 25.917 181.002
      vertex 59.1221 25.8308 181.01
    endloop
  endfacet
  facet normal 0.000286337 -0.0868623 -0.99622
    outer loop
      vertex 54 29.4037 180.697
      vertex 59.1221 25.8308 181.01
      vertex 58.2779 25.5757 181.032
    endloop
  endfacet
  facet normal 0 -0.0871425 -0.996196
    outer loop
      vertex 60 25.917 181.002
      vertex 54 29.4037 180.697
      vertex 66 29.4037 180.697
    endloop
  endfacet
  facet normal -0.00060375 -0.0878494 -0.996134
    outer loop
      vertex 57.4999 25.1615 181.069
      vertex 54 29.4037 180.697
      vertex 58.2779 25.5757 181.032
    endloop
  endfacet
  facet normal 0.000774206 -0.0867212 -0.996232
    outer loop
      vertex 56.818 24.604 181.117
      vertex 54 29.4037 180.697
      vertex 57.4999 25.1615 181.069
    endloop
  endfacet
  facet normal -0.000579485 -0.08751 -0.996163
    outer loop
      vertex 56.2584 23.9247 181.177
      vertex 54 29.4037 180.697
      vertex 56.818 24.604 181.117
    endloop
  endfacet
  facet normal -0.000129554 -0.087326 -0.99618
    outer loop
      vertex 55.8425 23.1496 181.245
      vertex 54 29.4037 180.697
      vertex 56.2584 23.9247 181.177
    endloop
  endfacet
  facet normal 0.00134832 -0.0868938 -0.996217
    outer loop
      vertex 55.5865 22.3087 181.318
      vertex 54 29.4037 180.697
      vertex 55.8425 23.1496 181.245
    endloop
  endfacet
  facet normal -0.00158707 -0.0875451 -0.996159
    outer loop
      vertex 55.5 21.4341 181.395
      vertex 54 29.4037 180.697
      vertex 55.5865 22.3087 181.318
    endloop
  endfacet
  facet normal 0.000377509 -0.0871783 -0.996193
    outer loop
      vertex 54 29.4037 180.697
      vertex 55.5 21.4341 181.395
      vertex 54 1.51022 183.138
    endloop
  endfacet
  facet normal 0 -0.996193 0.0871732
    outer loop
      vertex 54 1.51022 183.138
      vertex 66 1.78849 186.318
      vertex 54 1.78849 186.318
    endloop
  endfacet
  facet normal 0 -0.996193 0.0871732
    outer loop
      vertex 66 1.78849 186.318
      vertex 54 1.51022 183.138
      vertex 66 1.51022 183.138
    endloop
  endfacet
  facet normal 0 0.996198 -0.0871215
    outer loop
      vertex 66 29.4037 180.697
      vertex 54 29.6651 183.686
      vertex 66 29.6651 183.686
    endloop
  endfacet
  facet normal 0 0.996198 -0.0871215
    outer loop
      vertex 54 29.6651 183.686
      vertex 66 29.4037 180.697
      vertex 54 29.4037 180.697
    endloop
  endfacet
  facet normal 0 0.996194 -0.087167
    outer loop
      vertex 66 9.74124 185.429
      vertex 54 9.75804 185.621
      vertex 66 9.75804 185.621
    endloop
  endfacet
  facet normal 0 0.996194 -0.087167
    outer loop
      vertex 54 9.75804 185.621
      vertex 66 9.74124 185.429
      vertex 54 9.74124 185.429
    endloop
  endfacet
  facet normal 0.995182 0.0976736 -0.00854429
    outer loop
      vertex 64.5 21.4341 181.395
      vertex 64.4135 21.9601 177.333
      vertex 64.4135 22.3087 181.318
    endloop
  endfacet
  facet normal 0.995182 0.0976736 -0.00854429
    outer loop
      vertex 64.4135 21.9601 177.333
      vertex 64.5 21.4341 181.395
      vertex 64.5 21.0855 177.41
    endloop
  endfacet
  facet normal -0.0981335 0.991387 -0.0867246
    outer loop
      vertex 60 25.917 181.002
      vertex 59.1221 25.4822 177.025
      vertex 59.1221 25.8308 181.01
    endloop
  endfacet
  facet normal -0.0980356 0.991395 -0.0867471
    outer loop
      vertex 59.1221 25.4822 177.025
      vertex 60 25.917 181.002
      vertex 60 25.5684 177.018
    endloop
  endfacet
  facet normal 0.634353 0.770101 -0.0673838
    outer loop
      vertex 63.182 24.2554 177.133
      vertex 62.5001 25.1615 181.069
      vertex 63.182 24.604 181.117
    endloop
  endfacet
  facet normal 0.634412 0.770054 -0.0673628
    outer loop
      vertex 62.5001 25.1615 181.069
      vertex 63.182 24.2554 177.133
      vertex 62.5001 24.8129 177.084
    endloop
  endfacet
  facet normal -0.773042 0.63194 -0.0552947
    outer loop
      vertex 56.818 24.2554 177.133
      vertex 56.2584 23.9247 181.177
      vertex 56.818 24.604 181.117
    endloop
  endfacet
  facet normal -0.773048 0.631933 -0.0552961
    outer loop
      vertex 56.2584 23.9247 181.177
      vertex 56.818 24.2554 177.133
      vertex 56.2584 23.576 177.192
    endloop
  endfacet
  facet normal -0.471396 0.878567 -0.0768553
    outer loop
      vertex 58.2779 25.5757 181.032
      vertex 57.4999 24.8129 177.084
      vertex 57.4999 25.1615 181.069
    endloop
  endfacet
  facet normal -0.471319 0.878606 -0.076878
    outer loop
      vertex 57.4999 24.8129 177.084
      vertex 58.2779 25.5757 181.032
      vertex 58.2779 25.2271 177.048
    endloop
  endfacet
  facet normal 0.773048 -0.631933 0.0552961
    outer loop
      vertex 63.182 18.2642 181.672
      vertex 63.7416 18.5949 177.628
      vertex 63.7416 18.9436 181.613
    endloop
  endfacet
  facet normal 0.773003 -0.631989 0.0552852
    outer loop
      vertex 63.7416 18.5949 177.628
      vertex 63.182 18.2642 181.672
      vertex 63.182 17.9156 177.687
    endloop
  endfacet
  facet normal -0.634412 -0.770054 0.0673628
    outer loop
      vertex 56.818 18.2642 181.672
      vertex 57.4999 17.3581 177.736
      vertex 57.4999 17.7067 181.721
    endloop
  endfacet
  facet normal -0.634412 -0.770054 0.0673628
    outer loop
      vertex 57.4999 17.3581 177.736
      vertex 56.818 18.2642 181.672
      vertex 56.818 17.9156 177.687
    endloop
  endfacet
  facet normal 0.881917 0.46961 -0.0410924
    outer loop
      vertex 64.1575 23.1496 181.245
      vertex 63.7416 23.576 177.192
      vertex 63.7416 23.9247 181.177
    endloop
  endfacet
  facet normal 0.881892 0.469658 -0.0410848
    outer loop
      vertex 63.7416 23.576 177.192
      vertex 64.1575 23.1496 181.245
      vertex 64.1575 22.801 177.26
    endloop
  endfacet
  facet normal 0.956954 0.289135 -0.025293
    outer loop
      vertex 64.4135 22.3087 181.318
      vertex 64.1575 22.801 177.26
      vertex 64.1575 23.1496 181.245
    endloop
  endfacet
  facet normal 0.956954 0.289135 -0.025293
    outer loop
      vertex 64.1575 22.801 177.26
      vertex 64.4135 22.3087 181.318
      vertex 64.4135 21.9601 177.333
    endloop
  endfacet
  facet normal 0.773042 0.63194 -0.0552947
    outer loop
      vertex 63.7416 23.9247 181.177
      vertex 63.182 24.2554 177.133
      vertex 63.182 24.604 181.117
    endloop
  endfacet
  facet normal 0.773048 0.631933 -0.0552961
    outer loop
      vertex 63.182 24.2554 177.133
      vertex 63.7416 23.9247 181.177
      vertex 63.7416 23.576 177.192
    endloop
  endfacet
  facet normal 0.290245 0.95331 -0.0834146
    outer loop
      vertex 61.7221 25.2271 177.048
      vertex 60.8779 25.8308 181.01
      vertex 61.7221 25.5757 181.032
    endloop
  endfacet
  facet normal 0.290335 0.953285 -0.0833915
    outer loop
      vertex 60.8779 25.8308 181.01
      vertex 61.7221 25.2271 177.048
      vertex 60.8779 25.4822 177.025
    endloop
  endfacet
  facet normal 0.0981335 0.991387 -0.0867246
    outer loop
      vertex 60.8779 25.4822 177.025
      vertex 60 25.917 181.002
      vertex 60.8779 25.8308 181.01
    endloop
  endfacet
  facet normal 0.0980356 0.991395 -0.0867471
    outer loop
      vertex 60 25.917 181.002
      vertex 60.8779 25.4822 177.025
      vertex 60 25.5684 177.018
    endloop
  endfacet
  facet normal 0.471396 0.878567 -0.0768553
    outer loop
      vertex 62.5001 24.8129 177.084
      vertex 61.7221 25.5757 181.032
      vertex 62.5001 25.1615 181.069
    endloop
  endfacet
  facet normal 0.471319 0.878606 -0.076878
    outer loop
      vertex 61.7221 25.5757 181.032
      vertex 62.5001 24.8129 177.084
      vertex 61.7221 25.2271 177.048
    endloop
  endfacet
  facet normal -0.956954 0.289135 -0.025293
    outer loop
      vertex 55.8425 22.801 177.26
      vertex 55.5865 22.3087 181.318
      vertex 55.8425 23.1496 181.245
    endloop
  endfacet
  facet normal -0.956954 0.289135 -0.025293
    outer loop
      vertex 55.5865 22.3087 181.318
      vertex 55.8425 22.801 177.26
      vertex 55.5865 21.9601 177.333
    endloop
  endfacet
  facet normal 0.00575827 -0.0871344 -0.99618
    outer loop
      vertex 64.4135 20.2109 177.486
      vertex 64.4135 21.9601 177.333
      vertex 64.5 21.0855 177.41
    endloop
  endfacet
  facet normal -0.00174214 -0.0871357 -0.996195
    outer loop
      vertex 64.1575 19.37 177.56
      vertex 64.4135 21.9601 177.333
      vertex 64.4135 20.2109 177.486
    endloop
  endfacet
  facet normal -0.00204948 -0.0871055 -0.996197
    outer loop
      vertex 64.1575 19.37 177.56
      vertex 64.1575 22.801 177.26
      vertex 64.4135 21.9601 177.333
    endloop
  endfacet
  facet normal -0.000543145 -0.0871057 -0.996199
    outer loop
      vertex 63.7416 18.5949 177.628
      vertex 64.1575 22.801 177.26
      vertex 64.1575 19.37 177.56
    endloop
  endfacet
  facet normal 0.000391814 -0.0871975 -0.996191
    outer loop
      vertex 63.7416 18.5949 177.628
      vertex 63.7416 23.576 177.192
      vertex 64.1575 22.801 177.26
    endloop
  endfacet
  facet normal 0.000818382 -0.0871974 -0.996191
    outer loop
      vertex 63.182 17.9156 177.687
      vertex 63.7416 23.576 177.192
      vertex 63.7416 18.5949 177.628
    endloop
  endfacet
  facet normal -0.0006569 -0.0870527 -0.996203
    outer loop
      vertex 63.182 17.9156 177.687
      vertex 63.182 24.2554 177.133
      vertex 63.7416 23.576 177.192
    endloop
  endfacet
  facet normal -0.00041368 -0.0870527 -0.996204
    outer loop
      vertex 62.5001 17.3581 177.736
      vertex 63.182 24.2554 177.133
      vertex 63.182 17.9156 177.687
    endloop
  endfacet
  facet normal 0.000351805 -0.0871278 -0.996197
    outer loop
      vertex 62.5001 17.3581 177.736
      vertex 62.5001 24.8129 177.084
      vertex 63.182 24.2554 177.133
    endloop
  endfacet
  facet normal 0.000300723 -0.0871278 -0.996197
    outer loop
      vertex 61.7221 16.9438 177.772
      vertex 62.5001 24.8129 177.084
      vertex 62.5001 17.3581 177.736
    endloop
  endfacet
  facet normal -0.00026001 -0.0870728 -0.996202
    outer loop
      vertex 61.7221 16.9438 177.772
      vertex 61.7221 25.2271 177.048
      vertex 62.5001 24.8129 177.084
    endloop
  endfacet
  facet normal -0.000829626 -0.0870728 -0.996202
    outer loop
      vertex 60.8779 16.6887 177.795
      vertex 61.7221 25.2271 177.048
      vertex 61.7221 16.9438 177.772
    endloop
  endfacet
  facet normal 0.000781481 -0.0872309 -0.996188
    outer loop
      vertex 60.8779 16.6887 177.795
      vertex 60.8779 25.4822 177.025
      vertex 61.7221 25.2271 177.048
    endloop
  endfacet
  facet normal 0.000611986 -0.0872309 -0.996188
    outer loop
      vertex 60 16.6026 177.802
      vertex 60.8779 25.4822 177.025
      vertex 60.8779 16.6887 177.795
    endloop
  endfacet
  facet normal -0.000610066 -0.087111 -0.996198
    outer loop
      vertex 60 16.6026 177.802
      vertex 60 25.5684 177.018
      vertex 60.8779 25.4822 177.025
    endloop
  endfacet
  facet normal -0.000600143 -0.087111 -0.996198
    outer loop
      vertex 59.1221 16.6887 177.795
      vertex 60 25.5684 177.018
      vertex 60 16.6026 177.802
    endloop
  endfacet
  facet normal 0.000621923 -0.0872309 -0.996188
    outer loop
      vertex 59.1221 16.6887 177.795
      vertex 59.1221 25.4822 177.025
      vertex 60 25.5684 177.018
    endloop
  endfacet
  facet normal 0.000781481 -0.0872309 -0.996188
    outer loop
      vertex 58.2779 16.9438 177.772
      vertex 59.1221 25.4822 177.025
      vertex 59.1221 16.6887 177.795
    endloop
  endfacet
  facet normal -0.000829626 -0.0870728 -0.996202
    outer loop
      vertex 58.2779 16.9438 177.772
      vertex 58.2779 25.2271 177.048
      vertex 59.1221 25.4822 177.025
    endloop
  endfacet
  facet normal -0.000271202 -0.0870728 -0.996202
    outer loop
      vertex 57.4999 17.3581 177.736
      vertex 58.2779 25.2271 177.048
      vertex 58.2779 16.9438 177.772
    endloop
  endfacet
  facet normal 0.000289524 -0.0871278 -0.996197
    outer loop
      vertex 57.4999 17.3581 177.736
      vertex 57.4999 24.8129 177.084
      vertex 58.2779 25.2271 177.048
    endloop
  endfacet
  facet normal 0.000351805 -0.0871278 -0.996197
    outer loop
      vertex 56.818 17.9156 177.687
      vertex 57.4999 24.8129 177.084
      vertex 57.4999 17.3581 177.736
    endloop
  endfacet
  facet normal -0.00041368 -0.0870527 -0.996204
    outer loop
      vertex 56.818 17.9156 177.687
      vertex 56.818 24.2554 177.133
      vertex 57.4999 24.8129 177.084
    endloop
  endfacet
  facet normal -0.000641344 -0.0870527 -0.996204
    outer loop
      vertex 56.2584 18.5949 177.628
      vertex 56.818 24.2554 177.133
      vertex 56.818 17.9156 177.687
    endloop
  endfacet
  facet normal 0.000833964 -0.0871974 -0.996191
    outer loop
      vertex 56.2584 18.5949 177.628
      vertex 56.2584 23.576 177.192
      vertex 56.818 24.2554 177.133
    endloop
  endfacet
  facet normal 0.000370848 -0.0871975 -0.996191
    outer loop
      vertex 55.8425 19.37 177.56
      vertex 56.2584 23.576 177.192
      vertex 56.2584 18.5949 177.628
    endloop
  endfacet
  facet normal -0.000564089 -0.0871057 -0.996199
    outer loop
      vertex 55.8425 19.37 177.56
      vertex 55.8425 22.801 177.26
      vertex 56.2584 23.576 177.192
    endloop
  endfacet
  facet normal 0.00184192 -0.0871056 -0.996197
    outer loop
      vertex 55.5865 20.2109 177.486
      vertex 55.8425 22.801 177.26
      vertex 55.8425 19.37 177.56
    endloop
  endfacet
  facet normal 0.00214925 -0.0871357 -0.996194
    outer loop
      vertex 55.5865 20.2109 177.486
      vertex 55.5865 21.9601 177.333
      vertex 55.8425 22.801 177.26
    endloop
  endfacet
  facet normal -0.00575827 -0.0871344 -0.99618
    outer loop
      vertex 55.5865 21.9601 177.333
      vertex 55.5865 20.2109 177.486
      vertex 55.5 21.0855 177.41
    endloop
  endfacet
  facet normal -0.881917 0.46961 -0.0410924
    outer loop
      vertex 56.2584 23.576 177.192
      vertex 55.8425 23.1496 181.245
      vertex 56.2584 23.9247 181.177
    endloop
  endfacet
  facet normal -0.881892 0.469658 -0.0410848
    outer loop
      vertex 55.8425 23.1496 181.245
      vertex 56.2584 23.576 177.192
      vertex 55.8425 22.801 177.26
    endloop
  endfacet
  facet normal -0.995182 0.0976736 -0.00854429
    outer loop
      vertex 55.5865 21.9601 177.333
      vertex 55.5 21.4341 181.395
      vertex 55.5865 22.3087 181.318
    endloop
  endfacet
  facet normal -0.995182 0.0976736 -0.00854429
    outer loop
      vertex 55.5 21.4341 181.395
      vertex 55.5865 21.9601 177.333
      vertex 55.5 21.0855 177.41
    endloop
  endfacet
  facet normal -0.634353 0.770101 -0.0673838
    outer loop
      vertex 57.4999 25.1615 181.069
      vertex 56.818 24.2554 177.133
      vertex 56.818 24.604 181.117
    endloop
  endfacet
  facet normal -0.634412 0.770054 -0.0673628
    outer loop
      vertex 56.818 24.2554 177.133
      vertex 57.4999 25.1615 181.069
      vertex 57.4999 24.8129 177.084
    endloop
  endfacet
  facet normal -0.290245 0.95331 -0.0834146
    outer loop
      vertex 59.1221 25.8308 181.01
      vertex 58.2779 25.2271 177.048
      vertex 58.2779 25.5757 181.032
    endloop
  endfacet
  facet normal -0.290335 0.953285 -0.0833915
    outer loop
      vertex 58.2779 25.2271 177.048
      vertex 59.1221 25.8308 181.01
      vertex 59.1221 25.4822 177.025
    endloop
  endfacet
  facet normal 0.995181 -0.0976832 0.00854513
    outer loop
      vertex 64.4135 20.5595 181.471
      vertex 64.5 21.0855 177.41
      vertex 64.5 21.4341 181.395
    endloop
  endfacet
  facet normal 0.995181 -0.0976832 0.00854513
    outer loop
      vertex 64.5 21.0855 177.41
      vertex 64.4135 20.5595 181.471
      vertex 64.4135 20.2109 177.486
    endloop
  endfacet
  facet normal 0.290245 -0.953308 0.0834384
    outer loop
      vertex 60.8779 16.6887 177.795
      vertex 61.7221 17.2925 181.757
      vertex 60.8779 17.0374 181.779
    endloop
  endfacet
  facet normal 0.290335 -0.953282 0.0834152
    outer loop
      vertex 61.7221 17.2925 181.757
      vertex 60.8779 16.6887 177.795
      vertex 61.7221 16.9438 177.772
    endloop
  endfacet
  facet normal 0.634412 -0.770054 0.0673628
    outer loop
      vertex 62.5001 17.3581 177.736
      vertex 63.182 18.2642 181.672
      vertex 62.5001 17.7067 181.721
    endloop
  endfacet
  facet normal 0.634412 -0.770054 0.0673628
    outer loop
      vertex 63.182 18.2642 181.672
      vertex 62.5001 17.3581 177.736
      vertex 63.182 17.9156 177.687
    endloop
  endfacet
  facet normal -0.471319 -0.878606 0.0768807
    outer loop
      vertex 57.4999 17.7067 181.721
      vertex 58.2779 16.9438 177.772
      vertex 58.2779 17.2925 181.757
    endloop
  endfacet
  facet normal -0.471407 -0.878561 0.0768548
    outer loop
      vertex 58.2779 16.9438 177.772
      vertex 57.4999 17.7067 181.721
      vertex 57.4999 17.3581 177.736
    endloop
  endfacet
  facet normal -0.0981335 -0.991387 0.0867246
    outer loop
      vertex 59.1221 17.0374 181.779
      vertex 60 16.6026 177.802
      vertex 60 16.9512 181.787
    endloop
  endfacet
  facet normal -0.0979238 -0.991404 0.0867727
    outer loop
      vertex 60 16.6026 177.802
      vertex 59.1221 17.0374 181.779
      vertex 59.1221 16.6887 177.795
    endloop
  endfacet
  facet normal -0.956962 -0.289108 0.0252906
    outer loop
      vertex 55.5865 20.2109 177.486
      vertex 55.8425 19.7186 181.545
      vertex 55.5865 20.5595 181.471
    endloop
  endfacet
  facet normal -0.956962 -0.289108 0.0252906
    outer loop
      vertex 55.8425 19.7186 181.545
      vertex 55.5865 20.2109 177.486
      vertex 55.8425 19.37 177.56
    endloop
  endfacet
  facet normal -0.773048 -0.631933 0.0552961
    outer loop
      vertex 56.2584 18.5949 177.628
      vertex 56.818 18.2642 181.672
      vertex 56.2584 18.9436 181.613
    endloop
  endfacet
  facet normal -0.773003 -0.631989 0.0552852
    outer loop
      vertex 56.818 18.2642 181.672
      vertex 56.2584 18.5949 177.628
      vertex 56.818 17.9156 177.687
    endloop
  endfacet
  facet normal -0.881892 -0.469658 0.0410848
    outer loop
      vertex 55.8425 19.37 177.56
      vertex 56.2584 18.9436 181.613
      vertex 55.8425 19.7186 181.545
    endloop
  endfacet
  facet normal -0.881917 -0.46961 0.0410924
    outer loop
      vertex 56.2584 18.9436 181.613
      vertex 55.8425 19.37 177.56
      vertex 56.2584 18.5949 177.628
    endloop
  endfacet
  facet normal -0.995181 -0.0976832 0.00854513
    outer loop
      vertex 55.5 21.0855 177.41
      vertex 55.5865 20.5595 181.471
      vertex 55.5 21.4341 181.395
    endloop
  endfacet
  facet normal -0.995181 -0.0976832 0.00854513
    outer loop
      vertex 55.5865 20.5595 181.471
      vertex 55.5 21.0855 177.41
      vertex 55.5865 20.2109 177.486
    endloop
  endfacet
  facet normal 0.471319 -0.878606 0.0768807
    outer loop
      vertex 61.7221 16.9438 177.772
      vertex 62.5001 17.7067 181.721
      vertex 61.7221 17.2925 181.757
    endloop
  endfacet
  facet normal 0.471407 -0.878561 0.0768548
    outer loop
      vertex 62.5001 17.7067 181.721
      vertex 61.7221 16.9438 177.772
      vertex 62.5001 17.3581 177.736
    endloop
  endfacet
  facet normal 0.956962 -0.289108 0.0252906
    outer loop
      vertex 64.1575 19.7186 181.545
      vertex 64.4135 20.2109 177.486
      vertex 64.4135 20.5595 181.471
    endloop
  endfacet
  facet normal 0.956962 -0.289108 0.0252906
    outer loop
      vertex 64.4135 20.2109 177.486
      vertex 64.1575 19.7186 181.545
      vertex 64.1575 19.37 177.56
    endloop
  endfacet
  facet normal 0.881892 -0.469658 0.0410848
    outer loop
      vertex 63.7416 18.9436 181.613
      vertex 64.1575 19.37 177.56
      vertex 64.1575 19.7186 181.545
    endloop
  endfacet
  facet normal 0.881917 -0.46961 0.0410924
    outer loop
      vertex 64.1575 19.37 177.56
      vertex 63.7416 18.9436 181.613
      vertex 63.7416 18.5949 177.628
    endloop
  endfacet
  facet normal -0.290245 -0.953308 0.0834384
    outer loop
      vertex 58.2779 17.2925 181.757
      vertex 59.1221 16.6887 177.795
      vertex 59.1221 17.0374 181.779
    endloop
  endfacet
  facet normal -0.290335 -0.953282 0.0834152
    outer loop
      vertex 59.1221 16.6887 177.795
      vertex 58.2779 17.2925 181.757
      vertex 58.2779 16.9438 177.772
    endloop
  endfacet
  facet normal 0.0981335 -0.991387 0.0867246
    outer loop
      vertex 60 16.6026 177.802
      vertex 60.8779 17.0374 181.779
      vertex 60 16.9512 181.787
    endloop
  endfacet
  facet normal 0.0979238 -0.991404 0.0867727
    outer loop
      vertex 60.8779 17.0374 181.779
      vertex 60 16.6026 177.802
      vertex 60.8779 16.6887 177.795
    endloop
  endfacet
  facet normal 0.000113476 0.0871495 0.996195
    outer loop
      vertex 61.9616 21.509 177.774
      vertex 61.9616 20.7317 177.842
      vertex 62 21.1203 177.808
    endloop
  endfacet
  facet normal 0.00613539 0.0871478 0.996176
    outer loop
      vertex 61.8478 21.8828 177.742
      vertex 61.9616 20.7317 177.842
      vertex 61.9616 21.509 177.774
    endloop
  endfacet
  facet normal 0.00348061 0.0868884 0.996212
    outer loop
      vertex 61.8478 21.8828 177.742
      vertex 61.8478 20.3579 177.875
      vertex 61.9616 20.7317 177.842
    endloop
  endfacet
  facet normal -0.00513518 0.0868878 0.996205
    outer loop
      vertex 61.6629 22.2273 177.711
      vertex 61.8478 20.3579 177.875
      vertex 61.8478 21.8828 177.742
    endloop
  endfacet
  facet normal -0.00101237 0.0872936 0.996182
    outer loop
      vertex 61.6629 22.2273 177.711
      vertex 61.6629 20.0134 177.905
      vertex 61.8478 20.3579 177.875
    endloop
  endfacet
  facet normal 0.0018223 0.0872935 0.996181
    outer loop
      vertex 61.4142 22.5292 177.685
      vertex 61.6629 20.0134 177.905
      vertex 61.6629 22.2273 177.711
    endloop
  endfacet
  facet normal 0.00214457 0.0873251 0.996178
    outer loop
      vertex 61.4142 22.5292 177.685
      vertex 61.4142 19.7115 177.932
      vertex 61.6629 20.0134 177.905
    endloop
  endfacet
  facet normal -0.000913078 0.0873252 0.996179
    outer loop
      vertex 61.1111 22.777 177.663
      vertex 61.4142 19.7115 177.932
      vertex 61.4142 22.5292 177.685
    endloop
  endfacet
  facet normal -0.00226435 0.0871925 0.996189
    outer loop
      vertex 61.1111 22.777 177.663
      vertex 61.1111 19.4637 177.953
      vertex 61.4142 19.7115 177.932
    endloop
  endfacet
  facet normal 0.000327191 0.0871927 0.996191
    outer loop
      vertex 60.7654 22.9611 177.647
      vertex 61.1111 19.4637 177.953
      vertex 61.1111 22.777 177.663
    endloop
  endfacet
  facet normal -0.000294469 0.0871317 0.996197
    outer loop
      vertex 60.7654 22.9611 177.647
      vertex 60.7654 19.2796 177.969
      vertex 61.1111 19.4637 177.953
    endloop
  endfacet
  facet normal -0.000216505 0.0871317 0.996197
    outer loop
      vertex 60.3902 23.0745 177.637
      vertex 60.7654 19.2796 177.969
      vertex 60.7654 22.9611 177.647
    endloop
  endfacet
  facet normal 0.000203941 0.087173 0.996193
    outer loop
      vertex 60.3902 23.0745 177.637
      vertex 60.3902 19.1662 177.979
      vertex 60.7654 19.2796 177.969
    endloop
  endfacet
  facet normal 0.000875006 0.0871729 0.996193
    outer loop
      vertex 60 23.1127 177.634
      vertex 60.3902 19.1662 177.979
      vertex 60.3902 23.0745 177.637
    endloop
  endfacet
  facet normal 0.00167031 0.0872509 0.996185
    outer loop
      vertex 60 23.1127 177.634
      vertex 60 19.128 177.983
      vertex 60.3902 19.1662 177.979
    endloop
  endfacet
  facet normal -0.000882698 0.087251 0.996186
    outer loop
      vertex 59.6098 23.0745 177.637
      vertex 60 19.128 177.983
      vertex 60 23.1127 177.634
    endloop
  endfacet
  facet normal -0.00167802 0.0871728 0.996192
    outer loop
      vertex 59.6098 23.0745 177.637
      vertex 59.6098 19.1662 177.979
      vertex 60 19.128 177.983
    endloop
  endfacet
  facet normal 0.000203941 0.087173 0.996193
    outer loop
      vertex 59.2346 22.9611 177.647
      vertex 59.6098 19.1662 177.979
      vertex 59.6098 23.0745 177.637
    endloop
  endfacet
  facet normal -0.000216505 0.0871317 0.996197
    outer loop
      vertex 59.2346 22.9611 177.647
      vertex 59.2346 19.2796 177.969
      vertex 59.6098 19.1662 177.979
    endloop
  endfacet
  facet normal -0.000294469 0.0871317 0.996197
    outer loop
      vertex 58.8889 22.777 177.663
      vertex 59.2346 19.2796 177.969
      vertex 59.2346 22.9611 177.647
    endloop
  endfacet
  facet normal 0.000327191 0.0871927 0.996191
    outer loop
      vertex 58.8889 22.777 177.663
      vertex 58.8889 19.4637 177.953
      vertex 59.2346 19.2796 177.969
    endloop
  endfacet
  facet normal 0.00102232 0.0871926 0.996191
    outer loop
      vertex 58.5858 22.5292 177.685
      vertex 58.8889 19.4637 177.953
      vertex 58.8889 22.777 177.663
    endloop
  endfacet
  facet normal 0.00237355 0.087325 0.996177
    outer loop
      vertex 58.5858 22.5292 177.685
      vertex 58.5858 19.7115 177.932
      vertex 58.8889 19.4637 177.953
    endloop
  endfacet
  facet normal -0.00186097 0.0873251 0.996178
    outer loop
      vertex 58.3371 22.2273 177.711
      vertex 58.5858 19.7115 177.932
      vertex 58.5858 22.5292 177.685
    endloop
  endfacet
  facet normal -0.00218325 0.0872934 0.99618
    outer loop
      vertex 58.3371 22.2273 177.711
      vertex 58.3371 20.0134 177.905
      vertex 58.5858 19.7115 177.932
    endloop
  endfacet
  facet normal 0.00437528 0.0872928 0.996173
    outer loop
      vertex 58.1522 21.8828 177.742
      vertex 58.3371 20.0134 177.905
      vertex 58.3371 22.2273 177.711
    endloop
  endfacet
  facet normal 0.000252628 0.086889 0.996218
    outer loop
      vertex 58.1522 21.8828 177.742
      vertex 58.1522 20.3579 177.875
      vertex 58.3371 20.0134 177.905
    endloop
  endfacet
  facet normal -0.00527341 0.0868878 0.996204
    outer loop
      vertex 58.0384 21.509 177.774
      vertex 58.1522 20.3579 177.875
      vertex 58.1522 21.8828 177.742
    endloop
  endfacet
  facet normal -0.00261839 0.0871492 0.996192
    outer loop
      vertex 58.0384 21.509 177.774
      vertex 58.0384 20.7317 177.842
      vertex 58.1522 20.3579 177.875
    endloop
  endfacet
  facet normal -0.000113476 0.0871495 0.996195
    outer loop
      vertex 58.0384 20.7317 177.842
      vertex 58.0384 21.509 177.774
      vertex 58 21.1203 177.808
    endloop
  endfacet
  facet normal -0.471423 -0.878552 0.0768582
    outer loop
      vertex 60.7654 23.5363 184.222
      vertex 61.1111 22.777 177.663
      vertex 61.1111 23.3522 184.238
    endloop
  endfacet
  facet normal -0.471423 -0.878552 0.0768582
    outer loop
      vertex 61.1111 22.777 177.663
      vertex 60.7654 23.5363 184.222
      vertex 60.7654 22.9611 177.647
    endloop
  endfacet
  facet normal -0.995192 0.0975691 -0.00853711
    outer loop
      vertex 62 21.1203 177.808
      vertex 61.9616 21.3069 184.417
      vertex 62 21.6956 184.383
    endloop
  endfacet
  facet normal -0.99519 0.0975939 -0.0085378
    outer loop
      vertex 61.9616 21.3069 184.417
      vertex 62 21.1203 177.808
      vertex 61.9616 20.7317 177.842
    endloop
  endfacet
  facet normal 0.0981978 0.991381 -0.0867288
    outer loop
      vertex 60 19.128 177.983
      vertex 59.6098 19.7415 184.554
      vertex 60 19.7032 184.558
    endloop
  endfacet
  facet normal 0.0979462 0.991404 -0.086746
    outer loop
      vertex 59.6098 19.7415 184.554
      vertex 60 19.128 177.983
      vertex 59.6098 19.1662 177.979
    endloop
  endfacet
  facet normal 0.471423 -0.878552 0.0768582
    outer loop
      vertex 58.8889 22.777 177.663
      vertex 59.2346 23.5363 184.222
      vertex 58.8889 23.3522 184.238
    endloop
  endfacet
  facet normal 0.471423 -0.878552 0.0768582
    outer loop
      vertex 59.2346 23.5363 184.222
      vertex 58.8889 22.777 177.663
      vertex 59.2346 22.9611 177.647
    endloop
  endfacet
  facet normal 0.956923 -0.289238 0.0253033
    outer loop
      vertex 58.0384 22.0843 184.349
      vertex 58.1522 21.8828 177.742
      vertex 58.1522 22.458 184.317
    endloop
  endfacet
  facet normal 0.956944 -0.289167 0.0253016
    outer loop
      vertex 58.1522 21.8828 177.742
      vertex 58.0384 22.0843 184.349
      vertex 58.0384 21.509 177.774
    endloop
  endfacet
  facet normal -0.881903 -0.469638 0.0410853
    outer loop
      vertex 61.6629 22.2273 177.711
      vertex 61.8478 22.458 184.317
      vertex 61.6629 22.8025 184.286
    endloop
  endfacet
  facet normal -0.881903 -0.469638 0.0410853
    outer loop
      vertex 61.8478 22.458 184.317
      vertex 61.6629 22.2273 177.711
      vertex 61.8478 21.8828 177.742
    endloop
  endfacet
  facet normal -0.772985 -0.63201 0.0552901
    outer loop
      vertex 61.4142 22.5292 177.685
      vertex 61.6629 22.8025 184.286
      vertex 61.4142 23.1044 184.26
    endloop
  endfacet
  facet normal -0.772985 -0.63201 0.0552901
    outer loop
      vertex 61.6629 22.8025 184.286
      vertex 61.4142 22.5292 177.685
      vertex 61.6629 22.2273 177.711
    endloop
  endfacet
  facet normal -0.634434 -0.770036 0.067365
    outer loop
      vertex 61.1111 23.3522 184.238
      vertex 61.4142 22.5292 177.685
      vertex 61.4142 23.1044 184.26
    endloop
  endfacet
  facet normal -0.634434 -0.770036 0.067365
    outer loop
      vertex 61.4142 22.5292 177.685
      vertex 61.1111 23.3522 184.238
      vertex 61.1111 22.777 177.663
    endloop
  endfacet
  facet normal -0.290342 -0.953282 0.0833959
    outer loop
      vertex 60.3902 23.6497 184.212
      vertex 60.7654 22.9611 177.647
      vertex 60.7654 23.5363 184.222
    endloop
  endfacet
  facet normal -0.290342 -0.953282 0.0833959
    outer loop
      vertex 60.7654 22.9611 177.647
      vertex 60.3902 23.6497 184.212
      vertex 60.3902 23.0745 177.637
    endloop
  endfacet
  facet normal 0.0979777 -0.991402 0.0867307
    outer loop
      vertex 59.6098 23.0745 177.637
      vertex 60 23.688 184.209
      vertex 59.6098 23.6497 184.212
    endloop
  endfacet
  facet normal 0.097726 -0.991425 0.0867478
    outer loop
      vertex 60 23.688 184.209
      vertex 59.6098 23.0745 177.637
      vertex 60 23.1127 177.634
    endloop
  endfacet
  facet normal 0.995192 0.0975691 -0.00853711
    outer loop
      vertex 58.0384 21.3069 184.417
      vertex 58 21.1203 177.808
      vertex 58 21.6956 184.383
    endloop
  endfacet
  facet normal 0.99519 0.0975939 -0.0085378
    outer loop
      vertex 58 21.1203 177.808
      vertex 58.0384 21.3069 184.417
      vertex 58.0384 20.7317 177.842
    endloop
  endfacet
  facet normal 0.881903 -0.469638 0.0410853
    outer loop
      vertex 58.1522 22.458 184.317
      vertex 58.3371 22.2273 177.711
      vertex 58.3371 22.8025 184.286
    endloop
  endfacet
  facet normal 0.881903 -0.469638 0.0410853
    outer loop
      vertex 58.3371 22.2273 177.711
      vertex 58.1522 22.458 184.317
      vertex 58.1522 21.8828 177.742
    endloop
  endfacet
  facet normal 0.634434 -0.770036 0.067365
    outer loop
      vertex 58.5858 22.5292 177.685
      vertex 58.8889 23.3522 184.238
      vertex 58.5858 23.1044 184.26
    endloop
  endfacet
  facet normal 0.634434 -0.770036 0.067365
    outer loop
      vertex 58.8889 23.3522 184.238
      vertex 58.5858 22.5292 177.685
      vertex 58.8889 22.777 177.663
    endloop
  endfacet
  facet normal 0.290342 -0.953282 0.0833959
    outer loop
      vertex 59.2346 22.9611 177.647
      vertex 59.6098 23.6497 184.212
      vertex 59.2346 23.5363 184.222
    endloop
  endfacet
  facet normal 0.290342 -0.953282 0.0833959
    outer loop
      vertex 59.6098 23.6497 184.212
      vertex 59.2346 22.9611 177.647
      vertex 59.6098 23.0745 177.637
    endloop
  endfacet
  facet normal 0.772985 -0.63201 0.0552901
    outer loop
      vertex 58.3371 22.8025 184.286
      vertex 58.5858 22.5292 177.685
      vertex 58.5858 23.1044 184.26
    endloop
  endfacet
  facet normal 0.772985 -0.63201 0.0552901
    outer loop
      vertex 58.5858 22.5292 177.685
      vertex 58.3371 22.8025 184.286
      vertex 58.3371 22.2273 177.711
    endloop
  endfacet
  facet normal -0.995192 -0.0975691 0.00853711
    outer loop
      vertex 61.9616 21.509 177.774
      vertex 62 21.6956 184.383
      vertex 61.9616 22.0843 184.349
    endloop
  endfacet
  facet normal -0.995192 -0.0975691 0.00853711
    outer loop
      vertex 62 21.6956 184.383
      vertex 61.9616 21.509 177.774
      vertex 62 21.1203 177.808
    endloop
  endfacet
  facet normal -0.290109 0.953351 -0.0834164
    outer loop
      vertex 60.7654 19.8548 184.544
      vertex 60.3902 19.1662 177.979
      vertex 60.3902 19.7415 184.554
    endloop
  endfacet
  facet normal -0.290342 0.953282 -0.0833959
    outer loop
      vertex 60.3902 19.1662 177.979
      vertex 60.7654 19.8548 184.544
      vertex 60.7654 19.2796 177.969
    endloop
  endfacet
  facet normal -0.471621 0.878446 -0.076849
    outer loop
      vertex 61.1111 20.039 184.528
      vertex 60.7654 19.2796 177.969
      vertex 60.7654 19.8548 184.544
    endloop
  endfacet
  facet normal -0.471423 0.87855 -0.0768715
    outer loop
      vertex 60.7654 19.2796 177.969
      vertex 61.1111 20.039 184.528
      vertex 61.1111 19.4637 177.953
    endloop
  endfacet
  facet normal -0.634282 0.770159 -0.0673875
    outer loop
      vertex 61.4142 20.2867 184.506
      vertex 61.1111 19.4637 177.953
      vertex 61.1111 20.039 184.528
    endloop
  endfacet
  facet normal -0.634301 0.770144 -0.0673846
    outer loop
      vertex 61.1111 19.4637 177.953
      vertex 61.4142 20.2867 184.506
      vertex 61.4142 19.7115 177.932
    endloop
  endfacet
  facet normal -0.881797 0.469835 -0.0411025
    outer loop
      vertex 61.8478 20.3579 177.875
      vertex 61.6629 20.5887 184.48
      vertex 61.8478 20.9331 184.45
    endloop
  endfacet
  facet normal -0.881853 0.469729 -0.0411004
    outer loop
      vertex 61.6629 20.5887 184.48
      vertex 61.8478 20.3579 177.875
      vertex 61.6629 20.0134 177.905
    endloop
  endfacet
  facet normal -0.0981978 0.991381 -0.0867288
    outer loop
      vertex 60.3902 19.7415 184.554
      vertex 60 19.128 177.983
      vertex 60 19.7032 184.558
    endloop
  endfacet
  facet normal -0.0979462 0.991404 -0.086746
    outer loop
      vertex 60 19.128 177.983
      vertex 60.3902 19.7415 184.554
      vertex 60.3902 19.1662 177.979
    endloop
  endfacet
  facet normal 0.471621 0.878446 -0.076849
    outer loop
      vertex 59.2346 19.2796 177.969
      vertex 58.8889 20.039 184.528
      vertex 59.2346 19.8548 184.544
    endloop
  endfacet
  facet normal 0.471423 0.87855 -0.0768715
    outer loop
      vertex 58.8889 20.039 184.528
      vertex 59.2346 19.2796 177.969
      vertex 58.8889 19.4637 177.953
    endloop
  endfacet
  facet normal 0.773087 0.631885 -0.0552888
    outer loop
      vertex 58.5858 20.2867 184.506
      vertex 58.3371 20.0134 177.905
      vertex 58.3371 20.5887 184.48
    endloop
  endfacet
  facet normal 0.773075 0.631901 -0.0552889
    outer loop
      vertex 58.3371 20.0134 177.905
      vertex 58.5858 20.2867 184.506
      vertex 58.5858 19.7115 177.932
    endloop
  endfacet
  facet normal 0.956963 0.289106 -0.0252918
    outer loop
      vertex 58.1522 20.9331 184.45
      vertex 58.0384 20.7317 177.842
      vertex 58.0384 21.3069 184.417
    endloop
  endfacet
  facet normal 0.956963 0.289106 -0.0252918
    outer loop
      vertex 58.0384 20.7317 177.842
      vertex 58.1522 20.9331 184.45
      vertex 58.1522 20.3579 177.875
    endloop
  endfacet
  facet normal 0.634282 0.770159 -0.0673875
    outer loop
      vertex 58.8889 19.4637 177.953
      vertex 58.5858 20.2867 184.506
      vertex 58.8889 20.039 184.528
    endloop
  endfacet
  facet normal 0.634301 0.770144 -0.0673846
    outer loop
      vertex 58.5858 20.2867 184.506
      vertex 58.8889 19.4637 177.953
      vertex 58.5858 19.7115 177.932
    endloop
  endfacet
  facet normal -0.956923 -0.289238 0.0253033
    outer loop
      vertex 61.8478 21.8828 177.742
      vertex 61.9616 22.0843 184.349
      vertex 61.8478 22.458 184.317
    endloop
  endfacet
  facet normal -0.956944 -0.289167 0.0253016
    outer loop
      vertex 61.9616 22.0843 184.349
      vertex 61.8478 21.8828 177.742
      vertex 61.9616 21.509 177.774
    endloop
  endfacet
  facet normal -0.0979777 -0.991402 0.0867307
    outer loop
      vertex 60 23.688 184.209
      vertex 60.3902 23.0745 177.637
      vertex 60.3902 23.6497 184.212
    endloop
  endfacet
  facet normal -0.097726 -0.991425 0.0867478
    outer loop
      vertex 60.3902 23.0745 177.637
      vertex 60 23.688 184.209
      vertex 60 23.1127 177.634
    endloop
  endfacet
  facet normal 0.995192 -0.0975691 0.00853711
    outer loop
      vertex 58 21.6956 184.383
      vertex 58.0384 21.509 177.774
      vertex 58.0384 22.0843 184.349
    endloop
  endfacet
  facet normal 0.995192 -0.0975691 0.00853711
    outer loop
      vertex 58.0384 21.509 177.774
      vertex 58 21.6956 184.383
      vertex 58 21.1203 177.808
    endloop
  endfacet
  facet normal -0.773087 0.631885 -0.0552888
    outer loop
      vertex 61.6629 20.0134 177.905
      vertex 61.4142 20.2867 184.506
      vertex 61.6629 20.5887 184.48
    endloop
  endfacet
  facet normal -0.773075 0.631901 -0.0552889
    outer loop
      vertex 61.4142 20.2867 184.506
      vertex 61.6629 20.0134 177.905
      vertex 61.4142 19.7115 177.932
    endloop
  endfacet
  facet normal -0.956963 0.289106 -0.0252918
    outer loop
      vertex 61.9616 20.7317 177.842
      vertex 61.8478 20.9331 184.45
      vertex 61.9616 21.3069 184.417
    endloop
  endfacet
  facet normal -0.956963 0.289106 -0.0252918
    outer loop
      vertex 61.8478 20.9331 184.45
      vertex 61.9616 20.7317 177.842
      vertex 61.8478 20.3579 177.875
    endloop
  endfacet
  facet normal 0.290109 0.953351 -0.0834164
    outer loop
      vertex 59.6098 19.1662 177.979
      vertex 59.2346 19.8548 184.544
      vertex 59.6098 19.7415 184.554
    endloop
  endfacet
  facet normal 0.290342 0.953282 -0.0833959
    outer loop
      vertex 59.2346 19.8548 184.544
      vertex 59.6098 19.1662 177.979
      vertex 59.2346 19.2796 177.969
    endloop
  endfacet
  facet normal 0.881797 0.469835 -0.0411025
    outer loop
      vertex 58.3371 20.5887 184.48
      vertex 58.1522 20.3579 177.875
      vertex 58.1522 20.9331 184.45
    endloop
  endfacet
  facet normal 0.881853 0.469729 -0.0411004
    outer loop
      vertex 58.1522 20.3579 177.875
      vertex 58.3371 20.5887 184.48
      vertex 58.3371 20.0134 177.905
    endloop
  endfacet
  facet normal -1 0 0
    outer loop
      vertex 181.6 29.4037 180.697
      vertex 181.6 14.6458 185
      vertex 181.6 29.6651 183.686
    endloop
  endfacet
  facet normal -1 0 0
    outer loop
      vertex 181.6 29.4037 180.697
      vertex 181.6 11.6657 185
      vertex 181.6 14.6458 185
    endloop
  endfacet
  facet normal -1 0 0
    outer loop
      vertex 181.6 1.51022 183.138
      vertex 181.6 11.6657 185
      vertex 181.6 29.4037 180.697
    endloop
  endfacet
  facet normal -1 -0 0
    outer loop
      vertex 181.6 11.6657 185
      vertex 181.6 1.51022 183.138
      vertex 181.6 9.74124 185.429
    endloop
  endfacet
  facet normal -1 -0 0
    outer loop
      vertex 181.6 9.74124 185.429
      vertex 181.6 1.51022 183.138
      vertex 181.6 1.78849 186.318
    endloop
  endfacet
  facet normal -1 -0 0
    outer loop
      vertex 181.6 11.6883 185.259
      vertex 181.6 11.6657 185
      vertex 181.6 9.74124 185.429
    endloop
  endfacet
  facet normal -1 -0 0
    outer loop
      vertex 181.6 9.75804 185.621
      vertex 181.6 9.74124 185.429
      vertex 181.6 1.78849 186.318
    endloop
  endfacet
  facet normal -5.75542e-05 0.0871545 0.996195
    outer loop
      vertex 193.6 29.6651 183.686
      vertex 189.6 21.6956 184.383
      vertex 193.6 14.6458 185
    endloop
  endfacet
  facet normal -2.09681e-05 0.0871363 0.996196
    outer loop
      vertex 193.6 29.6651 183.686
      vertex 189.562 22.0843 184.349
      vertex 189.6 21.6956 184.383
    endloop
  endfacet
  facet normal 0.00217356 0.085976 0.996295
    outer loop
      vertex 193.6 29.6651 183.686
      vertex 189.448 22.458 184.317
      vertex 189.562 22.0843 184.349
    endloop
  endfacet
  facet normal -0.00217714 0.0884633 0.996077
    outer loop
      vertex 193.6 29.6651 183.686
      vertex 189.263 22.8025 184.286
      vertex 189.448 22.458 184.317
    endloop
  endfacet
  facet normal 0.000895331 0.0865366 0.996248
    outer loop
      vertex 193.6 29.6651 183.686
      vertex 189.014 23.1044 184.26
      vertex 189.263 22.8025 184.286
    endloop
  endfacet
  facet normal -0.000668991 0.0876218 0.996154
    outer loop
      vertex 193.6 29.6651 183.686
      vertex 188.711 23.3522 184.238
      vertex 189.014 23.1044 184.26
    endloop
  endfacet
  facet normal 0.000199221 0.0869545 0.996212
    outer loop
      vertex 193.6 29.6651 183.686
      vertex 188.365 23.5363 184.222
      vertex 188.711 23.3522 184.238
    endloop
  endfacet
  facet normal -0.000174163 0.087271 0.996185
    outer loop
      vertex 193.6 29.6651 183.686
      vertex 187.99 23.6497 184.212
      vertex 188.365 23.5363 184.222
    endloop
  endfacet
  facet normal 0.000816815 0.0863538 0.996264
    outer loop
      vertex 193.6 29.6651 183.686
      vertex 187.6 23.688 184.209
      vertex 187.99 23.6497 184.212
    endloop
  endfacet
  facet normal -0 0.0871676 0.996194
    outer loop
      vertex 181.6 29.6651 183.686
      vertex 187.6 23.688 184.209
      vertex 193.6 29.6651 183.686
    endloop
  endfacet
  facet normal -0.000816815 0.0863538 0.996264
    outer loop
      vertex 187.6 23.688 184.209
      vertex 181.6 29.6651 183.686
      vertex 187.21 23.6497 184.212
    endloop
  endfacet
  facet normal 0.000174163 0.087271 0.996185
    outer loop
      vertex 187.21 23.6497 184.212
      vertex 181.6 29.6651 183.686
      vertex 186.835 23.5363 184.222
    endloop
  endfacet
  facet normal -0.000199221 0.0869545 0.996212
    outer loop
      vertex 186.835 23.5363 184.222
      vertex 181.6 29.6651 183.686
      vertex 186.489 23.3522 184.238
    endloop
  endfacet
  facet normal 2.09681e-05 0.0871363 0.996196
    outer loop
      vertex 185.638 22.0843 184.349
      vertex 181.6 29.6651 183.686
      vertex 185.6 21.6956 184.383
    endloop
  endfacet
  facet normal -0.00217356 0.085976 0.996295
    outer loop
      vertex 185.752 22.458 184.317
      vertex 181.6 29.6651 183.686
      vertex 185.638 22.0843 184.349
    endloop
  endfacet
  facet normal 0.00217714 0.0884633 0.996077
    outer loop
      vertex 185.937 22.8025 184.286
      vertex 181.6 29.6651 183.686
      vertex 185.752 22.458 184.317
    endloop
  endfacet
  facet normal -0.000895331 0.0865366 0.996248
    outer loop
      vertex 186.186 23.1044 184.26
      vertex 181.6 29.6651 183.686
      vertex 185.937 22.8025 184.286
    endloop
  endfacet
  facet normal 0.000668991 0.0876218 0.996154
    outer loop
      vertex 186.489 23.3522 184.238
      vertex 181.6 29.6651 183.686
      vertex 186.186 23.1044 184.26
    endloop
  endfacet
  facet normal -7.36205e-05 0.0871455 0.996196
    outer loop
      vertex 189.562 21.3069 184.417
      vertex 193.6 14.6458 185
      vertex 189.6 21.6956 184.383
    endloop
  endfacet
  facet normal 0.000830236 0.0876892 0.996148
    outer loop
      vertex 189.448 20.9331 184.45
      vertex 193.6 14.6458 185
      vertex 189.562 21.3069 184.417
    endloop
  endfacet
  facet normal -0.000307727 0.0869435 0.996213
    outer loop
      vertex 189.263 20.5887 184.48
      vertex 193.6 14.6458 185
      vertex 189.448 20.9331 184.45
    endloop
  endfacet
  facet normal -0.000901625 0.0865133 0.99625
    outer loop
      vertex 189.014 20.2867 184.506
      vertex 193.6 14.6458 185
      vertex 189.263 20.5887 184.48
    endloop
  endfacet
  facet normal 0.000607809 0.0877311 0.996144
    outer loop
      vertex 188.711 20.039 184.528
      vertex 193.6 14.6458 185
      vertex 189.014 20.2867 184.506
    endloop
  endfacet
  facet normal -0.000234487 0.0869734 0.996211
    outer loop
      vertex 188.365 19.8548 184.544
      vertex 193.6 14.6458 185
      vertex 188.711 20.039 184.528
    endloop
  endfacet
  facet normal 0.000166336 0.0873732 0.996176
    outer loop
      vertex 187.99 19.7415 184.554
      vertex 193.6 14.6458 185
      vertex 188.365 19.8548 184.544
    endloop
  endfacet
  facet normal 0.00149304 0.0888225 0.996046
    outer loop
      vertex 187.6 19.7032 184.558
      vertex 193.6 14.6458 185
      vertex 187.99 19.7415 184.554
    endloop
  endfacet
  facet normal -0.00149304 0.0888225 0.996046
    outer loop
      vertex 181.6 14.6458 185
      vertex 187.6 19.7032 184.558
      vertex 187.21 19.7415 184.554
    endloop
  endfacet
  facet normal -0.000166336 0.0873732 0.996176
    outer loop
      vertex 181.6 14.6458 185
      vertex 187.21 19.7415 184.554
      vertex 186.835 19.8548 184.544
    endloop
  endfacet
  facet normal 0.000234487 0.0869734 0.996211
    outer loop
      vertex 181.6 14.6458 185
      vertex 186.835 19.8548 184.544
      vertex 186.489 20.039 184.528
    endloop
  endfacet
  facet normal 5.75542e-05 0.0871545 0.996195
    outer loop
      vertex 181.6 14.6458 185
      vertex 185.6 21.6956 184.383
      vertex 181.6 29.6651 183.686
    endloop
  endfacet
  facet normal 7.36205e-05 0.0871455 0.996196
    outer loop
      vertex 185.6 21.6956 184.383
      vertex 181.6 14.6458 185
      vertex 185.638 21.3069 184.417
    endloop
  endfacet
  facet normal 0 0.0870648 0.996203
    outer loop
      vertex 187.6 19.7032 184.558
      vertex 181.6 14.6458 185
      vertex 193.6 14.6458 185
    endloop
  endfacet
  facet normal -0.000607809 0.0877311 0.996144
    outer loop
      vertex 186.186 20.2867 184.506
      vertex 181.6 14.6458 185
      vertex 186.489 20.039 184.528
    endloop
  endfacet
  facet normal 0.000901625 0.0865133 0.99625
    outer loop
      vertex 185.937 20.5887 184.48
      vertex 181.6 14.6458 185
      vertex 186.186 20.2867 184.506
    endloop
  endfacet
  facet normal 0.000307727 0.0869435 0.996213
    outer loop
      vertex 185.752 20.9331 184.45
      vertex 181.6 14.6458 185
      vertex 185.937 20.5887 184.48
    endloop
  endfacet
  facet normal -0.000830236 0.0876892 0.996148
    outer loop
      vertex 185.638 21.3069 184.417
      vertex 181.6 14.6458 185
      vertex 185.752 20.9331 184.45
    endloop
  endfacet
  facet normal -0 0.0869802 0.99621
    outer loop
      vertex 181.6 11.6883 185.259
      vertex 193.6 9.74124 185.429
      vertex 193.6 11.6883 185.259
    endloop
  endfacet
  facet normal 0 0.0869802 0.99621
    outer loop
      vertex 193.6 9.74124 185.429
      vertex 181.6 11.6883 185.259
      vertex 181.6 9.74124 185.429
    endloop
  endfacet
  facet normal 1 0 0
    outer loop
      vertex 193.6 9.75804 185.621
      vertex 193.6 1.78849 186.318
      vertex 193.6 9.74124 185.429
    endloop
  endfacet
  facet normal 1 0 0
    outer loop
      vertex 193.6 11.6883 185.259
      vertex 193.6 9.74124 185.429
      vertex 193.6 11.6657 185
    endloop
  endfacet
  facet normal 1 0 0
    outer loop
      vertex 193.6 14.6458 185
      vertex 193.6 29.4037 180.697
      vertex 193.6 29.6651 183.686
    endloop
  endfacet
  facet normal 1 -0 0
    outer loop
      vertex 193.6 11.6657 185
      vertex 193.6 29.4037 180.697
      vertex 193.6 14.6458 185
    endloop
  endfacet
  facet normal 1 0 0
    outer loop
      vertex 193.6 1.51022 183.138
      vertex 193.6 11.6657 185
      vertex 193.6 9.74124 185.429
    endloop
  endfacet
  facet normal 1 0 0
    outer loop
      vertex 193.6 1.51022 183.138
      vertex 193.6 9.74124 185.429
      vertex 193.6 1.78849 186.318
    endloop
  endfacet
  facet normal 1 0 0
    outer loop
      vertex 193.6 11.6657 185
      vertex 193.6 1.51022 183.138
      vertex 193.6 29.4037 180.697
    endloop
  endfacet
  facet normal 0 0.996198 -0.0871215
    outer loop
      vertex 193.6 29.4037 180.697
      vertex 181.6 29.6651 183.686
      vertex 193.6 29.6651 183.686
    endloop
  endfacet
  facet normal 0 0.996198 -0.0871215
    outer loop
      vertex 181.6 29.6651 183.686
      vertex 193.6 29.4037 180.697
      vertex 181.6 29.4037 180.697
    endloop
  endfacet
  facet normal -0.000377509 -0.0871783 -0.996193
    outer loop
      vertex 193.6 1.51022 183.138
      vertex 192.1 21.4341 181.395
      vertex 193.6 29.4037 180.697
    endloop
  endfacet
  facet normal 0.00336299 -0.0868983 -0.996212
    outer loop
      vertex 193.6 1.51022 183.138
      vertex 192.014 20.5595 181.471
      vertex 192.1 21.4341 181.395
    endloop
  endfacet
  facet normal -0.00125798 -0.0872806 -0.996183
    outer loop
      vertex 193.6 1.51022 183.138
      vertex 191.757 19.7186 181.545
      vertex 192.014 20.5595 181.471
    endloop
  endfacet
  facet normal -0.000398578 -0.0871943 -0.996191
    outer loop
      vertex 193.6 1.51022 183.138
      vertex 191.342 18.9436 181.613
      vertex 191.757 19.7186 181.545
    endloop
  endfacet
  facet normal 0.000662759 -0.0870579 -0.996203
    outer loop
      vertex 193.6 1.51022 183.138
      vertex 190.782 18.2642 181.672
      vertex 191.342 18.9436 181.613
    endloop
  endfacet
  facet normal -0.00027976 -0.0872152 -0.996189
    outer loop
      vertex 193.6 1.51022 183.138
      vertex 190.1 17.7067 181.721
      vertex 190.782 18.2642 181.672
    endloop
  endfacet
  facet normal 0.000272836 -0.0870967 -0.9962
    outer loop
      vertex 193.6 1.51022 183.138
      vertex 189.322 17.2925 181.757
      vertex 190.1 17.7067 181.721
    endloop
  endfacet
  facet normal 0.000351359 -0.0870756 -0.996202
    outer loop
      vertex 193.6 1.51022 183.138
      vertex 188.478 17.0374 181.779
      vertex 189.322 17.2925 181.757
    endloop
  endfacet
  facet normal -0.000500527 -0.0873545 -0.996177
    outer loop
      vertex 193.6 1.51022 183.138
      vertex 187.6 16.9512 181.787
      vertex 188.478 17.0374 181.779
    endloop
  endfacet
  facet normal 0 -0.0871615 -0.996194
    outer loop
      vertex 181.6 1.51022 183.138
      vertex 187.6 16.9512 181.787
      vertex 193.6 1.51022 183.138
    endloop
  endfacet
  facet normal 0.000500527 -0.0873545 -0.996177
    outer loop
      vertex 187.6 16.9512 181.787
      vertex 181.6 1.51022 183.138
      vertex 186.722 17.0374 181.779
    endloop
  endfacet
  facet normal -0.000351359 -0.0870756 -0.996202
    outer loop
      vertex 186.722 17.0374 181.779
      vertex 181.6 1.51022 183.138
      vertex 185.878 17.2925 181.757
    endloop
  endfacet
  facet normal -0.000272836 -0.0870967 -0.9962
    outer loop
      vertex 185.878 17.2925 181.757
      vertex 181.6 1.51022 183.138
      vertex 185.1 17.7067 181.721
    endloop
  endfacet
  facet normal 0.00027976 -0.0872152 -0.996189
    outer loop
      vertex 185.1 17.7067 181.721
      vertex 181.6 1.51022 183.138
      vertex 184.418 18.2642 181.672
    endloop
  endfacet
  facet normal -0.00336299 -0.0868983 -0.996212
    outer loop
      vertex 183.186 20.5595 181.471
      vertex 181.6 1.51022 183.138
      vertex 183.1 21.4341 181.395
    endloop
  endfacet
  facet normal 0.00125798 -0.0872806 -0.996183
    outer loop
      vertex 183.443 19.7186 181.545
      vertex 181.6 1.51022 183.138
      vertex 183.186 20.5595 181.471
    endloop
  endfacet
  facet normal 0.000398578 -0.0871943 -0.996191
    outer loop
      vertex 183.858 18.9436 181.613
      vertex 181.6 1.51022 183.138
      vertex 183.443 19.7186 181.545
    endloop
  endfacet
  facet normal -0.000662759 -0.0870579 -0.996203
    outer loop
      vertex 184.418 18.2642 181.672
      vertex 181.6 1.51022 183.138
      vertex 183.858 18.9436 181.613
    endloop
  endfacet
  facet normal 0.00159024 -0.0875457 -0.996159
    outer loop
      vertex 192.014 22.3087 181.318
      vertex 193.6 29.4037 180.697
      vertex 192.1 21.4341 181.395
    endloop
  endfacet
  facet normal -0.00134547 -0.0868945 -0.996217
    outer loop
      vertex 191.757 23.1496 181.245
      vertex 193.6 29.4037 180.697
      vertex 192.014 22.3087 181.318
    endloop
  endfacet
  facet normal 0.000129722 -0.087326 -0.99618
    outer loop
      vertex 191.342 23.9247 181.177
      vertex 193.6 29.4037 180.697
      vertex 191.757 23.1496 181.245
    endloop
  endfacet
  facet normal 0.000579243 -0.0875098 -0.996163
    outer loop
      vertex 190.782 24.604 181.117
      vertex 193.6 29.4037 180.697
      vertex 191.342 23.9247 181.177
    endloop
  endfacet
  facet normal -0.00077413 -0.0867213 -0.996232
    outer loop
      vertex 190.1 25.1615 181.069
      vertex 193.6 29.4037 180.697
      vertex 190.782 24.604 181.117
    endloop
  endfacet
  facet normal 0.000603745 -0.0878494 -0.996134
    outer loop
      vertex 189.322 25.5757 181.032
      vertex 193.6 29.4037 180.697
      vertex 190.1 25.1615 181.069
    endloop
  endfacet
  facet normal -0.000286386 -0.0868622 -0.99622
    outer loop
      vertex 188.478 25.8308 181.01
      vertex 193.6 29.4037 180.697
      vertex 189.322 25.5757 181.032
    endloop
  endfacet
  facet normal 0.000446105 -0.0879043 -0.996129
    outer loop
      vertex 187.6 25.917 181.002
      vertex 193.6 29.4037 180.697
      vertex 188.478 25.8308 181.01
    endloop
  endfacet
  facet normal -0.000446105 -0.0879043 -0.996129
    outer loop
      vertex 181.6 29.4037 180.697
      vertex 187.6 25.917 181.002
      vertex 186.722 25.8308 181.01
    endloop
  endfacet
  facet normal 0.000286386 -0.0868622 -0.99622
    outer loop
      vertex 181.6 29.4037 180.697
      vertex 186.722 25.8308 181.01
      vertex 185.878 25.5757 181.032
    endloop
  endfacet
  facet normal 0 -0.0871425 -0.996196
    outer loop
      vertex 187.6 25.917 181.002
      vertex 181.6 29.4037 180.697
      vertex 193.6 29.4037 180.697
    endloop
  endfacet
  facet normal -0.000603745 -0.0878494 -0.996134
    outer loop
      vertex 185.1 25.1615 181.069
      vertex 181.6 29.4037 180.697
      vertex 185.878 25.5757 181.032
    endloop
  endfacet
  facet normal 0.00077413 -0.0867213 -0.996232
    outer loop
      vertex 184.418 24.604 181.117
      vertex 181.6 29.4037 180.697
      vertex 185.1 25.1615 181.069
    endloop
  endfacet
  facet normal -0.000579243 -0.0875098 -0.996163
    outer loop
      vertex 183.858 23.9247 181.177
      vertex 181.6 29.4037 180.697
      vertex 184.418 24.604 181.117
    endloop
  endfacet
  facet normal -0.000129722 -0.087326 -0.99618
    outer loop
      vertex 183.443 23.1496 181.245
      vertex 181.6 29.4037 180.697
      vertex 183.858 23.9247 181.177
    endloop
  endfacet
  facet normal 0.00134547 -0.0868945 -0.996217
    outer loop
      vertex 183.186 22.3087 181.318
      vertex 181.6 29.4037 180.697
      vertex 183.443 23.1496 181.245
    endloop
  endfacet
  facet normal -0.00159024 -0.0875457 -0.996159
    outer loop
      vertex 183.1 21.4341 181.395
      vertex 181.6 29.4037 180.697
      vertex 183.186 22.3087 181.318
    endloop
  endfacet
  facet normal 0.000377509 -0.0871783 -0.996193
    outer loop
      vertex 181.6 29.4037 180.697
      vertex 183.1 21.4341 181.395
      vertex 181.6 1.51022 183.138
    endloop
  endfacet
  facet normal 0 -0.996193 0.0871732
    outer loop
      vertex 181.6 1.51022 183.138
      vertex 193.6 1.78849 186.318
      vertex 181.6 1.78849 186.318
    endloop
  endfacet
  facet normal 0 -0.996193 0.0871732
    outer loop
      vertex 193.6 1.78849 186.318
      vertex 181.6 1.51022 183.138
      vertex 193.6 1.51022 183.138
    endloop
  endfacet
  facet normal 0 0.996194 -0.087167
    outer loop
      vertex 193.6 9.74124 185.429
      vertex 181.6 9.75804 185.621
      vertex 193.6 9.75804 185.621
    endloop
  endfacet
  facet normal 0 0.996194 -0.087167
    outer loop
      vertex 181.6 9.75804 185.621
      vertex 193.6 9.74124 185.429
      vertex 181.6 9.74124 185.429
    endloop
  endfacet
  facet normal 0.995237 0.0971144 -0.00849538
    outer loop
      vertex 192.1 21.4341 181.395
      vertex 192.014 21.9601 177.333
      vertex 192.014 22.3087 181.318
    endloop
  endfacet
  facet normal 0.995237 0.0971144 -0.00849538
    outer loop
      vertex 192.014 21.9601 177.333
      vertex 192.1 21.4341 181.395
      vertex 192.1 21.0855 177.41
    endloop
  endfacet
  facet normal -0.995237 0.0971144 -0.00849538
    outer loop
      vertex 183.186 21.9601 177.333
      vertex 183.1 21.4341 181.395
      vertex 183.186 22.3087 181.318
    endloop
  endfacet
  facet normal -0.995237 0.0971144 -0.00849538
    outer loop
      vertex 183.1 21.4341 181.395
      vertex 183.186 21.9601 177.333
      vertex 183.1 21.0855 177.41
    endloop
  endfacet
  facet normal 0.0981224 0.991388 -0.0867247
    outer loop
      vertex 188.478 25.4822 177.025
      vertex 187.6 25.917 181.002
      vertex 188.478 25.8308 181.01
    endloop
  endfacet
  facet normal 0.0980246 0.991396 -0.0867472
    outer loop
      vertex 187.6 25.917 181.002
      vertex 188.478 25.4822 177.025
      vertex 187.6 25.5684 177.018
    endloop
  endfacet
  facet normal 0.0981224 -0.991388 0.0867247
    outer loop
      vertex 187.6 16.6026 177.802
      vertex 188.478 17.0374 181.779
      vertex 187.6 16.9512 181.787
    endloop
  endfacet
  facet normal 0.0979127 -0.991405 0.0867728
    outer loop
      vertex 188.478 17.0374 181.779
      vertex 187.6 16.6026 177.802
      vertex 188.478 16.6887 177.795
    endloop
  endfacet
  facet normal 0.77282 0.63221 -0.0553184
    outer loop
      vertex 191.342 23.9247 181.177
      vertex 190.782 24.2554 177.133
      vertex 190.782 24.604 181.117
    endloop
  endfacet
  facet normal 0.772826 0.632203 -0.0553197
    outer loop
      vertex 190.782 24.2554 177.133
      vertex 191.342 23.9247 181.177
      vertex 191.342 23.576 177.192
    endloop
  endfacet
  facet normal 0.956639 0.290169 -0.0253834
    outer loop
      vertex 192.014 22.3087 181.318
      vertex 191.757 22.801 177.26
      vertex 191.757 23.1496 181.245
    endloop
  endfacet
  facet normal 0.956639 0.290169 -0.0253834
    outer loop
      vertex 191.757 22.801 177.26
      vertex 192.014 22.3087 181.318
      vertex 192.014 21.9601 177.333
    endloop
  endfacet
  facet normal -0.634298 0.770146 -0.0673878
    outer loop
      vertex 185.1 25.1615 181.069
      vertex 184.418 24.2554 177.133
      vertex 184.418 24.604 181.117
    endloop
  endfacet
  facet normal -0.634357 0.770099 -0.0673668
    outer loop
      vertex 184.418 24.2554 177.133
      vertex 185.1 25.1615 181.069
      vertex 185.1 24.8129 177.084
    endloop
  endfacet
  facet normal -0.290308 0.953291 -0.083413
    outer loop
      vertex 186.722 25.8308 181.01
      vertex 185.878 25.2271 177.048
      vertex 185.878 25.5757 181.032
    endloop
  endfacet
  facet normal -0.290398 0.953265 -0.0833898
    outer loop
      vertex 185.878 25.2271 177.048
      vertex 186.722 25.8308 181.01
      vertex 186.722 25.4822 177.025
    endloop
  endfacet
  facet normal 0.882316 -0.468867 0.0410156
    outer loop
      vertex 191.342 18.9436 181.613
      vertex 191.757 19.37 177.56
      vertex 191.757 19.7186 181.545
    endloop
  endfacet
  facet normal 0.882341 -0.468819 0.0410232
    outer loop
      vertex 191.757 19.37 177.56
      vertex 191.342 18.9436 181.613
      vertex 191.342 18.5949 177.628
    endloop
  endfacet
  facet normal 0.882341 0.468819 -0.0410232
    outer loop
      vertex 191.757 23.1496 181.245
      vertex 191.342 23.576 177.192
      vertex 191.342 23.9247 181.177
    endloop
  endfacet
  facet normal 0.882316 0.468867 -0.0410156
    outer loop
      vertex 191.342 23.576 177.192
      vertex 191.757 23.1496 181.245
      vertex 191.757 22.801 177.26
    endloop
  endfacet
  facet normal 0.471396 0.878567 -0.0768553
    outer loop
      vertex 190.1 24.8129 177.084
      vertex 189.322 25.5757 181.032
      vertex 190.1 25.1615 181.069
    endloop
  endfacet
  facet normal 0.471319 0.878606 -0.076878
    outer loop
      vertex 189.322 25.5757 181.032
      vertex 190.1 24.8129 177.084
      vertex 189.322 25.2271 177.048
    endloop
  endfacet
  facet normal 0.290308 0.953291 -0.083413
    outer loop
      vertex 189.322 25.2271 177.048
      vertex 188.478 25.8308 181.01
      vertex 189.322 25.5757 181.032
    endloop
  endfacet
  facet normal 0.290398 0.953265 -0.0833898
    outer loop
      vertex 188.478 25.8308 181.01
      vertex 189.322 25.2271 177.048
      vertex 188.478 25.4822 177.025
    endloop
  endfacet
  facet normal 0.634298 0.770146 -0.0673878
    outer loop
      vertex 190.782 24.2554 177.133
      vertex 190.1 25.1615 181.069
      vertex 190.782 24.604 181.117
    endloop
  endfacet
  facet normal 0.634357 0.770099 -0.0673668
    outer loop
      vertex 190.1 25.1615 181.069
      vertex 190.782 24.2554 177.133
      vertex 190.1 24.8129 177.084
    endloop
  endfacet
  facet normal -0.882341 0.468819 -0.0410232
    outer loop
      vertex 183.858 23.576 177.192
      vertex 183.443 23.1496 181.245
      vertex 183.858 23.9247 181.177
    endloop
  endfacet
  facet normal -0.882316 0.468867 -0.0410156
    outer loop
      vertex 183.443 23.1496 181.245
      vertex 183.858 23.576 177.192
      vertex 183.443 22.801 177.26
    endloop
  endfacet
  facet normal -0.77282 0.63221 -0.0553184
    outer loop
      vertex 184.418 24.2554 177.133
      vertex 183.858 23.9247 181.177
      vertex 184.418 24.604 181.117
    endloop
  endfacet
  facet normal -0.772826 0.632203 -0.0553197
    outer loop
      vertex 183.858 23.9247 181.177
      vertex 184.418 24.2554 177.133
      vertex 183.858 23.576 177.192
    endloop
  endfacet
  facet normal -0.956639 0.290169 -0.0253834
    outer loop
      vertex 183.443 22.801 177.26
      vertex 183.186 22.3087 181.318
      vertex 183.443 23.1496 181.245
    endloop
  endfacet
  facet normal -0.956639 0.290169 -0.0253834
    outer loop
      vertex 183.186 22.3087 181.318
      vertex 183.443 22.801 177.26
      vertex 183.186 21.9601 177.333
    endloop
  endfacet
  facet normal -0.471396 0.878567 -0.0768553
    outer loop
      vertex 185.878 25.5757 181.032
      vertex 185.1 24.8129 177.084
      vertex 185.1 25.1615 181.069
    endloop
  endfacet
  facet normal -0.471319 0.878606 -0.076878
    outer loop
      vertex 185.1 24.8129 177.084
      vertex 185.878 25.5757 181.032
      vertex 185.878 25.2271 177.048
    endloop
  endfacet
  facet normal -0.0981224 0.991388 -0.0867247
    outer loop
      vertex 187.6 25.917 181.002
      vertex 186.722 25.4822 177.025
      vertex 186.722 25.8308 181.01
    endloop
  endfacet
  facet normal -0.0980246 0.991396 -0.0867472
    outer loop
      vertex 186.722 25.4822 177.025
      vertex 187.6 25.917 181.002
      vertex 187.6 25.5684 177.018
    endloop
  endfacet
  facet normal 0.995236 -0.0971239 0.00849621
    outer loop
      vertex 192.014 20.5595 181.471
      vertex 192.1 21.0855 177.41
      vertex 192.1 21.4341 181.395
    endloop
  endfacet
  facet normal 0.995236 -0.0971239 0.00849621
    outer loop
      vertex 192.1 21.0855 177.41
      vertex 192.014 20.5595 181.471
      vertex 192.014 20.2109 177.486
    endloop
  endfacet
  facet normal 0.00579174 -0.0871344 -0.99618
    outer loop
      vertex 192.014 20.2109 177.486
      vertex 192.014 21.9601 177.333
      vertex 192.1 21.0855 177.41
    endloop
  endfacet
  facet normal -0.00173536 -0.0871357 -0.996195
    outer loop
      vertex 191.757 19.37 177.56
      vertex 192.014 21.9601 177.333
      vertex 192.014 20.2109 177.486
    endloop
  endfacet
  facet normal -0.0020415 -0.0871055 -0.996197
    outer loop
      vertex 191.757 19.37 177.56
      vertex 191.757 22.801 177.26
      vertex 192.014 21.9601 177.333
    endloop
  endfacet
  facet normal -0.000544323 -0.0871057 -0.996199
    outer loop
      vertex 191.342 18.5949 177.628
      vertex 191.757 22.801 177.26
      vertex 191.757 19.37 177.56
    endloop
  endfacet
  facet normal 0.000392663 -0.0871975 -0.996191
    outer loop
      vertex 191.342 18.5949 177.628
      vertex 191.342 23.576 177.192
      vertex 191.757 22.801 177.26
    endloop
  endfacet
  facet normal 0.000817797 -0.0871974 -0.996191
    outer loop
      vertex 190.782 17.9156 177.687
      vertex 191.342 23.576 177.192
      vertex 191.342 18.5949 177.628
    endloop
  endfacet
  facet normal -0.000656431 -0.0870527 -0.996203
    outer loop
      vertex 190.782 17.9156 177.687
      vertex 190.782 24.2554 177.133
      vertex 191.342 23.576 177.192
    endloop
  endfacet
  facet normal -0.00041362 -0.0870527 -0.996204
    outer loop
      vertex 190.1 17.3581 177.736
      vertex 190.782 24.2554 177.133
      vertex 190.782 17.9156 177.687
    endloop
  endfacet
  facet normal 0.000351753 -0.0871278 -0.996197
    outer loop
      vertex 190.1 17.3581 177.736
      vertex 190.1 24.8129 177.084
      vertex 190.782 24.2554 177.133
    endloop
  endfacet
  facet normal 0.000300723 -0.0871278 -0.996197
    outer loop
      vertex 189.322 16.9438 177.772
      vertex 190.1 24.8129 177.084
      vertex 190.1 17.3581 177.736
    endloop
  endfacet
  facet normal -0.00026001 -0.0870728 -0.996202
    outer loop
      vertex 189.322 16.9438 177.772
      vertex 189.322 25.2271 177.048
      vertex 190.1 24.8129 177.084
    endloop
  endfacet
  facet normal -0.000829823 -0.0870728 -0.996202
    outer loop
      vertex 188.478 16.6887 177.795
      vertex 189.322 25.2271 177.048
      vertex 189.322 16.9438 177.772
    endloop
  endfacet
  facet normal 0.000781666 -0.0872309 -0.996188
    outer loop
      vertex 188.478 16.6887 177.795
      vertex 188.478 25.4822 177.025
      vertex 189.322 25.2271 177.048
    endloop
  endfacet
  facet normal 0.000611917 -0.0872309 -0.996188
    outer loop
      vertex 187.6 16.6026 177.802
      vertex 188.478 25.4822 177.025
      vertex 188.478 16.6887 177.795
    endloop
  endfacet
  facet normal -0.000609997 -0.087111 -0.996198
    outer loop
      vertex 187.6 16.6026 177.802
      vertex 187.6 25.5684 177.018
      vertex 188.478 25.4822 177.025
    endloop
  endfacet
  facet normal -0.000600075 -0.087111 -0.996198
    outer loop
      vertex 186.722 16.6887 177.795
      vertex 187.6 25.5684 177.018
      vertex 187.6 16.6026 177.802
    endloop
  endfacet
  facet normal 0.000621852 -0.0872309 -0.996188
    outer loop
      vertex 186.722 16.6887 177.795
      vertex 186.722 25.4822 177.025
      vertex 187.6 25.5684 177.018
    endloop
  endfacet
  facet normal 0.000781666 -0.0872309 -0.996188
    outer loop
      vertex 185.878 16.9438 177.772
      vertex 186.722 25.4822 177.025
      vertex 186.722 16.6887 177.795
    endloop
  endfacet
  facet normal -0.000829823 -0.0870728 -0.996202
    outer loop
      vertex 185.878 16.9438 177.772
      vertex 185.878 25.2271 177.048
      vertex 186.722 25.4822 177.025
    endloop
  endfacet
  facet normal -0.000271202 -0.0870728 -0.996202
    outer loop
      vertex 185.1 17.3581 177.736
      vertex 185.878 25.2271 177.048
      vertex 185.878 16.9438 177.772
    endloop
  endfacet
  facet normal 0.000289524 -0.0871278 -0.996197
    outer loop
      vertex 185.1 17.3581 177.736
      vertex 185.1 24.8129 177.084
      vertex 185.878 25.2271 177.048
    endloop
  endfacet
  facet normal 0.000351753 -0.0871278 -0.996197
    outer loop
      vertex 184.418 17.9156 177.687
      vertex 185.1 24.8129 177.084
      vertex 185.1 17.3581 177.736
    endloop
  endfacet
  facet normal -0.00041362 -0.0870527 -0.996204
    outer loop
      vertex 184.418 17.9156 177.687
      vertex 184.418 24.2554 177.133
      vertex 185.1 24.8129 177.084
    endloop
  endfacet
  facet normal -0.000640886 -0.0870527 -0.996204
    outer loop
      vertex 183.858 18.5949 177.628
      vertex 184.418 24.2554 177.133
      vertex 184.418 17.9156 177.687
    endloop
  endfacet
  facet normal 0.000833368 -0.0871974 -0.996191
    outer loop
      vertex 183.858 18.5949 177.628
      vertex 183.858 23.576 177.192
      vertex 184.418 24.2554 177.133
    endloop
  endfacet
  facet normal 0.000371652 -0.0871975 -0.996191
    outer loop
      vertex 183.443 19.37 177.56
      vertex 183.858 23.576 177.192
      vertex 183.858 18.5949 177.628
    endloop
  endfacet
  facet normal -0.000565313 -0.0871057 -0.996199
    outer loop
      vertex 183.443 19.37 177.56
      vertex 183.443 22.801 177.26
      vertex 183.858 23.576 177.192
    endloop
  endfacet
  facet normal 0.00183475 -0.0871056 -0.996197
    outer loop
      vertex 183.186 20.2109 177.486
      vertex 183.443 22.801 177.26
      vertex 183.443 19.37 177.56
    endloop
  endfacet
  facet normal 0.00214089 -0.0871357 -0.996194
    outer loop
      vertex 183.186 20.2109 177.486
      vertex 183.186 21.9601 177.333
      vertex 183.443 22.801 177.26
    endloop
  endfacet
  facet normal -0.00579174 -0.0871344 -0.99618
    outer loop
      vertex 183.186 21.9601 177.333
      vertex 183.186 20.2109 177.486
      vertex 183.1 21.0855 177.41
    endloop
  endfacet
  facet normal 0.634357 -0.770099 0.0673668
    outer loop
      vertex 190.1 17.3581 177.736
      vertex 190.782 18.2642 181.672
      vertex 190.1 17.7067 181.721
    endloop
  endfacet
  facet normal 0.634357 -0.770099 0.0673668
    outer loop
      vertex 190.782 18.2642 181.672
      vertex 190.1 17.3581 177.736
      vertex 190.782 17.9156 177.687
    endloop
  endfacet
  facet normal 0.772826 -0.632203 0.0553197
    outer loop
      vertex 190.782 18.2642 181.672
      vertex 191.342 18.5949 177.628
      vertex 191.342 18.9436 181.613
    endloop
  endfacet
  facet normal 0.77278 -0.632259 0.0553088
    outer loop
      vertex 191.342 18.5949 177.628
      vertex 190.782 18.2642 181.672
      vertex 190.782 17.9156 177.687
    endloop
  endfacet
  facet normal 0.956647 -0.290142 0.025381
    outer loop
      vertex 191.757 19.7186 181.545
      vertex 192.014 20.2109 177.486
      vertex 192.014 20.5595 181.471
    endloop
  endfacet
  facet normal 0.956647 -0.290142 0.025381
    outer loop
      vertex 192.014 20.2109 177.486
      vertex 191.757 19.7186 181.545
      vertex 191.757 19.37 177.56
    endloop
  endfacet
  facet normal -0.634357 -0.770099 0.0673668
    outer loop
      vertex 184.418 18.2642 181.672
      vertex 185.1 17.3581 177.736
      vertex 185.1 17.7067 181.721
    endloop
  endfacet
  facet normal -0.634357 -0.770099 0.0673668
    outer loop
      vertex 185.1 17.3581 177.736
      vertex 184.418 18.2642 181.672
      vertex 184.418 17.9156 177.687
    endloop
  endfacet
  facet normal -0.882316 -0.468867 0.0410156
    outer loop
      vertex 183.443 19.37 177.56
      vertex 183.858 18.9436 181.613
      vertex 183.443 19.7186 181.545
    endloop
  endfacet
  facet normal -0.882341 -0.468819 0.0410232
    outer loop
      vertex 183.858 18.9436 181.613
      vertex 183.443 19.37 177.56
      vertex 183.858 18.5949 177.628
    endloop
  endfacet
  facet normal -0.772826 -0.632203 0.0553197
    outer loop
      vertex 183.858 18.5949 177.628
      vertex 184.418 18.2642 181.672
      vertex 183.858 18.9436 181.613
    endloop
  endfacet
  facet normal -0.77278 -0.632259 0.0553088
    outer loop
      vertex 184.418 18.2642 181.672
      vertex 183.858 18.5949 177.628
      vertex 184.418 17.9156 177.687
    endloop
  endfacet
  facet normal -0.0981224 -0.991388 0.0867247
    outer loop
      vertex 186.722 17.0374 181.779
      vertex 187.6 16.6026 177.802
      vertex 187.6 16.9512 181.787
    endloop
  endfacet
  facet normal -0.0979127 -0.991405 0.0867728
    outer loop
      vertex 187.6 16.6026 177.802
      vertex 186.722 17.0374 181.779
      vertex 186.722 16.6887 177.795
    endloop
  endfacet
  facet normal -0.956647 -0.290142 0.025381
    outer loop
      vertex 183.186 20.2109 177.486
      vertex 183.443 19.7186 181.545
      vertex 183.186 20.5595 181.471
    endloop
  endfacet
  facet normal -0.956647 -0.290142 0.025381
    outer loop
      vertex 183.443 19.7186 181.545
      vertex 183.186 20.2109 177.486
      vertex 183.443 19.37 177.56
    endloop
  endfacet
  facet normal -0.995236 -0.0971239 0.00849621
    outer loop
      vertex 183.1 21.0855 177.41
      vertex 183.186 20.5595 181.471
      vertex 183.1 21.4341 181.395
    endloop
  endfacet
  facet normal -0.995236 -0.0971239 0.00849621
    outer loop
      vertex 183.186 20.5595 181.471
      vertex 183.1 21.0855 177.41
      vertex 183.186 20.2109 177.486
    endloop
  endfacet
  facet normal 0.471319 -0.878606 0.0768807
    outer loop
      vertex 189.322 16.9438 177.772
      vertex 190.1 17.7067 181.721
      vertex 189.322 17.2925 181.757
    endloop
  endfacet
  facet normal 0.471407 -0.878561 0.0768548
    outer loop
      vertex 190.1 17.7067 181.721
      vertex 189.322 16.9438 177.772
      vertex 190.1 17.3581 177.736
    endloop
  endfacet
  facet normal 0.290308 -0.953289 0.0834367
    outer loop
      vertex 188.478 16.6887 177.795
      vertex 189.322 17.2925 181.757
      vertex 188.478 17.0374 181.779
    endloop
  endfacet
  facet normal 0.290398 -0.953263 0.0834135
    outer loop
      vertex 189.322 17.2925 181.757
      vertex 188.478 16.6887 177.795
      vertex 189.322 16.9438 177.772
    endloop
  endfacet
  facet normal -0.290308 -0.953289 0.0834367
    outer loop
      vertex 185.878 17.2925 181.757
      vertex 186.722 16.6887 177.795
      vertex 186.722 17.0374 181.779
    endloop
  endfacet
  facet normal -0.290398 -0.953263 0.0834135
    outer loop
      vertex 186.722 16.6887 177.795
      vertex 185.878 17.2925 181.757
      vertex 185.878 16.9438 177.772
    endloop
  endfacet
  facet normal -0.471319 -0.878606 0.0768807
    outer loop
      vertex 185.1 17.7067 181.721
      vertex 185.878 16.9438 177.772
      vertex 185.878 17.2925 181.757
    endloop
  endfacet
  facet normal -0.471407 -0.878561 0.0768548
    outer loop
      vertex 185.878 16.9438 177.772
      vertex 185.1 17.7067 181.721
      vertex 185.1 17.3581 177.736
    endloop
  endfacet
  facet normal -0.995291 -0.0965624 0.00844902
    outer loop
      vertex 189.562 21.509 177.774
      vertex 189.6 21.6956 184.383
      vertex 189.562 22.0843 184.349
    endloop
  endfacet
  facet normal -0.995291 -0.0965624 0.00844902
    outer loop
      vertex 189.6 21.6956 184.383
      vertex 189.562 21.509 177.774
      vertex 189.6 21.1203 177.808
    endloop
  endfacet
  facet normal 0.0980274 -0.991397 0.0867303
    outer loop
      vertex 187.21 23.0745 177.637
      vertex 187.6 23.688 184.209
      vertex 187.21 23.6497 184.212
    endloop
  endfacet
  facet normal 0.0977757 -0.991421 0.0867474
    outer loop
      vertex 187.6 23.688 184.209
      vertex 187.21 23.0745 177.637
      vertex 187.6 23.1127 177.634
    endloop
  endfacet
  facet normal -0.634559 -0.769934 0.067356
    outer loop
      vertex 188.711 23.3522 184.238
      vertex 189.014 22.5292 177.685
      vertex 189.014 23.1044 184.26
    endloop
  endfacet
  facet normal -0.634559 -0.769934 0.067356
    outer loop
      vertex 189.014 22.5292 177.685
      vertex 188.711 23.3522 184.238
      vertex 188.711 22.777 177.663
    endloop
  endfacet
  facet normal 0.77261 -0.632465 0.0553299
    outer loop
      vertex 185.937 22.8025 184.286
      vertex 186.186 22.5292 177.685
      vertex 186.186 23.1044 184.26
    endloop
  endfacet
  facet normal 0.77261 -0.632465 0.0553299
    outer loop
      vertex 186.186 22.5292 177.685
      vertex 185.937 22.8025 184.286
      vertex 185.937 22.2273 177.711
    endloop
  endfacet
  facet normal 0.471105 -0.878721 0.076873
    outer loop
      vertex 186.489 22.777 177.663
      vertex 186.835 23.5363 184.222
      vertex 186.489 23.3522 184.238
    endloop
  endfacet
  facet normal 0.471105 -0.878721 0.076873
    outer loop
      vertex 186.835 23.5363 184.222
      vertex 186.489 22.777 177.663
      vertex 186.835 22.9611 177.647
    endloop
  endfacet
  facet normal 0.634407 0.770057 -0.0673785
    outer loop
      vertex 186.489 19.4637 177.953
      vertex 186.186 20.2867 184.506
      vertex 186.489 20.039 184.528
    endloop
  endfacet
  facet normal 0.634426 0.770041 -0.0673757
    outer loop
      vertex 186.186 20.2867 184.506
      vertex 186.489 19.4637 177.953
      vertex 186.186 19.7115 177.932
    endloop
  endfacet
  facet normal -0.881797 -0.469835 0.0411025
    outer loop
      vertex 189.263 22.2273 177.711
      vertex 189.448 22.458 184.317
      vertex 189.263 22.8025 184.286
    endloop
  endfacet
  facet normal -0.881797 -0.469835 0.0411025
    outer loop
      vertex 189.448 22.458 184.317
      vertex 189.263 22.2273 177.711
      vertex 189.448 21.8828 177.742
    endloop
  endfacet
  facet normal -0.956781 -0.289703 0.0253441
    outer loop
      vertex 189.448 21.8828 177.742
      vertex 189.562 22.0843 184.349
      vertex 189.448 22.458 184.317
    endloop
  endfacet
  facet normal -0.956802 -0.289632 0.0253423
    outer loop
      vertex 189.562 22.0843 184.349
      vertex 189.448 21.8828 177.742
      vertex 189.562 21.509 177.774
    endloop
  endfacet
  facet normal -0.77261 -0.632465 0.0553299
    outer loop
      vertex 189.014 22.5292 177.685
      vertex 189.263 22.8025 184.286
      vertex 189.014 23.1044 184.26
    endloop
  endfacet
  facet normal -0.77261 -0.632465 0.0553299
    outer loop
      vertex 189.263 22.8025 184.286
      vertex 189.014 22.5292 177.685
      vertex 189.263 22.2273 177.711
    endloop
  endfacet
  facet normal -0.290483 -0.953239 0.0833921
    outer loop
      vertex 187.99 23.6497 184.212
      vertex 188.365 22.9611 177.647
      vertex 188.365 23.5363 184.222
    endloop
  endfacet
  facet normal -0.290483 -0.953239 0.0833921
    outer loop
      vertex 188.365 22.9611 177.647
      vertex 187.99 23.6497 184.212
      vertex 187.99 23.0745 177.637
    endloop
  endfacet
  facet normal -0.0980274 -0.991397 0.0867303
    outer loop
      vertex 187.6 23.688 184.209
      vertex 187.99 23.0745 177.637
      vertex 187.99 23.6497 184.212
    endloop
  endfacet
  facet normal -0.0977757 -0.991421 0.0867474
    outer loop
      vertex 187.99 23.0745 177.637
      vertex 187.6 23.688 184.209
      vertex 187.6 23.1127 177.634
    endloop
  endfacet
  facet normal -0.471105 -0.878721 0.076873
    outer loop
      vertex 188.365 23.5363 184.222
      vertex 188.711 22.777 177.663
      vertex 188.711 23.3522 184.238
    endloop
  endfacet
  facet normal -0.471105 -0.878721 0.076873
    outer loop
      vertex 188.711 22.777 177.663
      vertex 188.365 23.5363 184.222
      vertex 188.365 22.9611 177.647
    endloop
  endfacet
  facet normal 0.956781 -0.289703 0.0253441
    outer loop
      vertex 185.638 22.0843 184.349
      vertex 185.752 21.8828 177.742
      vertex 185.752 22.458 184.317
    endloop
  endfacet
  facet normal 0.956802 -0.289632 0.0253423
    outer loop
      vertex 185.752 21.8828 177.742
      vertex 185.638 22.0843 184.349
      vertex 185.638 21.509 177.774
    endloop
  endfacet
  facet normal 0.00011467 0.0871495 0.996195
    outer loop
      vertex 189.562 21.509 177.774
      vertex 189.562 20.7317 177.842
      vertex 189.6 21.1203 177.808
    endloop
  endfacet
  facet normal 0.00612463 0.0871478 0.996177
    outer loop
      vertex 189.448 21.8828 177.742
      vertex 189.562 20.7317 177.842
      vertex 189.562 21.509 177.774
    endloop
  endfacet
  facet normal 0.00347451 0.0868884 0.996212
    outer loop
      vertex 189.448 21.8828 177.742
      vertex 189.448 20.3579 177.875
      vertex 189.562 20.7317 177.842
    endloop
  endfacet
  facet normal -0.0051324 0.0868878 0.996205
    outer loop
      vertex 189.263 22.2273 177.711
      vertex 189.448 20.3579 177.875
      vertex 189.448 21.8828 177.742
    endloop
  endfacet
  facet normal -0.00101182 0.0872936 0.996182
    outer loop
      vertex 189.263 22.2273 177.711
      vertex 189.263 20.0134 177.905
      vertex 189.448 20.3579 177.875
    endloop
  endfacet
  facet normal 0.00182011 0.0872935 0.996181
    outer loop
      vertex 189.014 22.5292 177.685
      vertex 189.263 20.0134 177.905
      vertex 189.263 22.2273 177.711
    endloop
  endfacet
  facet normal 0.00214199 0.0873251 0.996178
    outer loop
      vertex 189.014 22.5292 177.685
      vertex 189.014 19.7115 177.932
      vertex 189.263 20.0134 177.905
    endloop
  endfacet
  facet normal -0.000913379 0.0873252 0.996179
    outer loop
      vertex 188.711 22.777 177.663
      vertex 189.014 19.7115 177.932
      vertex 189.014 22.5292 177.685
    endloop
  endfacet
  facet normal -0.0022651 0.0871925 0.996189
    outer loop
      vertex 188.711 22.777 177.663
      vertex 188.711 19.4637 177.953
      vertex 189.014 19.7115 177.932
    endloop
  endfacet
  facet normal 0.000326907 0.0871927 0.996191
    outer loop
      vertex 188.365 22.9611 177.647
      vertex 188.711 19.4637 177.953
      vertex 188.711 22.777 177.663
    endloop
  endfacet
  facet normal -0.000294214 0.0871317 0.996197
    outer loop
      vertex 188.365 22.9611 177.647
      vertex 188.365 19.2796 177.969
      vertex 188.711 19.4637 177.953
    endloop
  endfacet
  facet normal -0.000216621 0.0871317 0.996197
    outer loop
      vertex 187.99 23.0745 177.637
      vertex 188.365 19.2796 177.969
      vertex 188.365 22.9611 177.647
    endloop
  endfacet
  facet normal 0.000204049 0.087173 0.996193
    outer loop
      vertex 187.99 23.0745 177.637
      vertex 187.99 19.1662 177.979
      vertex 188.365 19.2796 177.969
    endloop
  endfacet
  facet normal 0.000875455 0.0871729 0.996193
    outer loop
      vertex 187.6 23.1127 177.634
      vertex 187.99 19.1662 177.979
      vertex 187.99 23.0745 177.637
    endloop
  endfacet
  facet normal 0.00167117 0.0872509 0.996185
    outer loop
      vertex 187.6 23.1127 177.634
      vertex 187.6 19.128 177.983
      vertex 187.99 19.1662 177.979
    endloop
  endfacet
  facet normal -0.000883151 0.087251 0.996186
    outer loop
      vertex 187.21 23.0745 177.637
      vertex 187.6 19.128 177.983
      vertex 187.6 23.1127 177.634
    endloop
  endfacet
  facet normal -0.00167888 0.0871728 0.996192
    outer loop
      vertex 187.21 23.0745 177.637
      vertex 187.21 19.1662 177.979
      vertex 187.6 19.128 177.983
    endloop
  endfacet
  facet normal 0.000204049 0.087173 0.996193
    outer loop
      vertex 186.835 22.9611 177.647
      vertex 187.21 19.1662 177.979
      vertex 187.21 23.0745 177.637
    endloop
  endfacet
  facet normal -0.000216621 0.0871317 0.996197
    outer loop
      vertex 186.835 22.9611 177.647
      vertex 186.835 19.2796 177.969
      vertex 187.21 19.1662 177.979
    endloop
  endfacet
  facet normal -0.000294214 0.0871317 0.996197
    outer loop
      vertex 186.489 22.777 177.663
      vertex 186.835 19.2796 177.969
      vertex 186.835 22.9611 177.647
    endloop
  endfacet
  facet normal 0.000326907 0.0871927 0.996191
    outer loop
      vertex 186.489 22.777 177.663
      vertex 186.489 19.4637 177.953
      vertex 186.835 19.2796 177.969
    endloop
  endfacet
  facet normal 0.00102266 0.0871926 0.996191
    outer loop
      vertex 186.186 22.5292 177.685
      vertex 186.489 19.4637 177.953
      vertex 186.489 22.777 177.663
    endloop
  endfacet
  facet normal 0.00237434 0.087325 0.996177
    outer loop
      vertex 186.186 22.5292 177.685
      vertex 186.186 19.7115 177.932
      vertex 186.489 19.4637 177.953
    endloop
  endfacet
  facet normal -0.00185873 0.0873251 0.996178
    outer loop
      vertex 185.937 22.2273 177.711
      vertex 186.186 19.7115 177.932
      vertex 186.186 22.5292 177.685
    endloop
  endfacet
  facet normal -0.00218062 0.0872935 0.99618
    outer loop
      vertex 185.937 22.2273 177.711
      vertex 185.937 20.0134 177.905
      vertex 186.186 19.7115 177.932
    endloop
  endfacet
  facet normal 0.00437291 0.0872928 0.996173
    outer loop
      vertex 185.752 21.8828 177.742
      vertex 185.937 20.0134 177.905
      vertex 185.937 22.2273 177.711
    endloop
  endfacet
  facet normal 0.000252492 0.086889 0.996218
    outer loop
      vertex 185.752 21.8828 177.742
      vertex 185.752 20.3579 177.875
      vertex 185.937 20.0134 177.905
    endloop
  endfacet
  facet normal -0.00526415 0.0868878 0.996204
    outer loop
      vertex 185.638 21.509 177.774
      vertex 185.752 20.3579 177.875
      vertex 185.752 21.8828 177.742
    endloop
  endfacet
  facet normal -0.0026138 0.0871492 0.996192
    outer loop
      vertex 185.638 21.509 177.774
      vertex 185.638 20.7317 177.842
      vertex 185.752 20.3579 177.875
    endloop
  endfacet
  facet normal -0.00011467 0.0871495 0.996195
    outer loop
      vertex 185.638 20.7317 177.842
      vertex 185.638 21.509 177.774
      vertex 185.6 21.1203 177.808
    endloop
  endfacet
  facet normal 0.881797 -0.469835 0.0411025
    outer loop
      vertex 185.752 22.458 184.317
      vertex 185.937 22.2273 177.711
      vertex 185.937 22.8025 184.286
    endloop
  endfacet
  facet normal 0.881797 -0.469835 0.0411025
    outer loop
      vertex 185.937 22.2273 177.711
      vertex 185.752 22.458 184.317
      vertex 185.752 21.8828 177.742
    endloop
  endfacet
  facet normal 0.995291 -0.0965624 0.00844902
    outer loop
      vertex 185.6 21.6956 184.383
      vertex 185.638 21.509 177.774
      vertex 185.638 22.0843 184.349
    endloop
  endfacet
  facet normal 0.995291 -0.0965624 0.00844902
    outer loop
      vertex 185.638 21.509 177.774
      vertex 185.6 21.6956 184.383
      vertex 185.6 21.1203 177.808
    endloop
  endfacet
  facet normal 0.634559 -0.769934 0.067356
    outer loop
      vertex 186.186 22.5292 177.685
      vertex 186.489 23.3522 184.238
      vertex 186.186 23.1044 184.26
    endloop
  endfacet
  facet normal 0.634559 -0.769934 0.067356
    outer loop
      vertex 186.489 23.3522 184.238
      vertex 186.186 22.5292 177.685
      vertex 186.489 22.777 177.663
    endloop
  endfacet
  facet normal 0.290483 -0.953239 0.0833921
    outer loop
      vertex 186.835 22.9611 177.647
      vertex 187.21 23.6497 184.212
      vertex 186.835 23.5363 184.222
    endloop
  endfacet
  facet normal 0.290483 -0.953239 0.0833921
    outer loop
      vertex 187.21 23.6497 184.212
      vertex 186.835 22.9611 177.647
      vertex 187.21 23.0745 177.637
    endloop
  endfacet
  facet normal -0.995291 0.0965624 -0.00844902
    outer loop
      vertex 189.6 21.1203 177.808
      vertex 189.562 21.3069 184.417
      vertex 189.6 21.6956 184.383
    endloop
  endfacet
  facet normal -0.995289 0.0965869 -0.0084497
    outer loop
      vertex 189.562 21.3069 184.417
      vertex 189.6 21.1203 177.808
      vertex 189.562 20.7317 177.842
    endloop
  endfacet
  facet normal -0.290251 0.953308 -0.0834127
    outer loop
      vertex 188.365 19.8548 184.544
      vertex 187.99 19.1662 177.979
      vertex 187.99 19.7415 184.554
    endloop
  endfacet
  facet normal -0.290483 0.953239 -0.0833921
    outer loop
      vertex 187.99 19.1662 177.979
      vertex 188.365 19.8548 184.544
      vertex 188.365 19.2796 177.969
    endloop
  endfacet
  facet normal -0.634407 0.770057 -0.0673785
    outer loop
      vertex 189.014 20.2867 184.506
      vertex 188.711 19.4637 177.953
      vertex 188.711 20.039 184.528
    endloop
  endfacet
  facet normal -0.634426 0.770041 -0.0673757
    outer loop
      vertex 188.711 19.4637 177.953
      vertex 189.014 20.2867 184.506
      vertex 189.014 19.7115 177.932
    endloop
  endfacet
  facet normal -0.881691 0.470033 -0.0411198
    outer loop
      vertex 189.448 20.3579 177.875
      vertex 189.263 20.5887 184.48
      vertex 189.448 20.9331 184.45
    endloop
  endfacet
  facet normal -0.881747 0.469927 -0.0411177
    outer loop
      vertex 189.263 20.5887 184.48
      vertex 189.448 20.3579 177.875
      vertex 189.263 20.0134 177.905
    endloop
  endfacet
  facet normal 0.0982477 0.991376 -0.0867284
    outer loop
      vertex 187.6 19.128 177.983
      vertex 187.21 19.7415 184.554
      vertex 187.6 19.7032 184.558
    endloop
  endfacet
  facet normal 0.097996 0.991399 -0.0867455
    outer loop
      vertex 187.21 19.7415 184.554
      vertex 187.6 19.128 177.983
      vertex 187.21 19.1662 177.979
    endloop
  endfacet
  facet normal 0.471303 0.878616 -0.0768638
    outer loop
      vertex 186.835 19.2796 177.969
      vertex 186.489 20.039 184.528
      vertex 186.835 19.8548 184.544
    endloop
  endfacet
  facet normal 0.471105 0.87872 -0.0768863
    outer loop
      vertex 186.489 20.039 184.528
      vertex 186.835 19.2796 177.969
      vertex 186.489 19.4637 177.953
    endloop
  endfacet
  facet normal 0.290251 0.953308 -0.0834127
    outer loop
      vertex 187.21 19.1662 177.979
      vertex 186.835 19.8548 184.544
      vertex 187.21 19.7415 184.554
    endloop
  endfacet
  facet normal 0.290483 0.953239 -0.0833921
    outer loop
      vertex 186.835 19.8548 184.544
      vertex 187.21 19.1662 177.979
      vertex 186.835 19.2796 177.969
    endloop
  endfacet
  facet normal 0.956821 0.289571 -0.0253325
    outer loop
      vertex 185.752 20.9331 184.45
      vertex 185.638 20.7317 177.842
      vertex 185.638 21.3069 184.417
    endloop
  endfacet
  facet normal 0.956821 0.289571 -0.0253325
    outer loop
      vertex 185.638 20.7317 177.842
      vertex 185.752 20.9331 184.45
      vertex 185.752 20.3579 177.875
    endloop
  endfacet
  facet normal 0.772712 0.63234 -0.0553286
    outer loop
      vertex 186.186 20.2867 184.506
      vertex 185.937 20.0134 177.905
      vertex 185.937 20.5887 184.48
    endloop
  endfacet
  facet normal 0.7727 0.632356 -0.0553288
    outer loop
      vertex 185.937 20.0134 177.905
      vertex 186.186 20.2867 184.506
      vertex 186.186 19.7115 177.932
    endloop
  endfacet
  facet normal 0.881691 0.470033 -0.0411198
    outer loop
      vertex 185.937 20.5887 184.48
      vertex 185.752 20.3579 177.875
      vertex 185.752 20.9331 184.45
    endloop
  endfacet
  facet normal 0.881747 0.469927 -0.0411177
    outer loop
      vertex 185.752 20.3579 177.875
      vertex 185.937 20.5887 184.48
      vertex 185.937 20.0134 177.905
    endloop
  endfacet
  facet normal 0.995291 0.0965624 -0.00844902
    outer loop
      vertex 185.638 21.3069 184.417
      vertex 185.6 21.1203 177.808
      vertex 185.6 21.6956 184.383
    endloop
  endfacet
  facet normal 0.995289 0.0965869 -0.0084497
    outer loop
      vertex 185.6 21.1203 177.808
      vertex 185.638 21.3069 184.417
      vertex 185.638 20.7317 177.842
    endloop
  endfacet
  facet normal -0.471303 0.878616 -0.0768638
    outer loop
      vertex 188.711 20.039 184.528
      vertex 188.365 19.2796 177.969
      vertex 188.365 19.8548 184.544
    endloop
  endfacet
  facet normal -0.471105 0.87872 -0.0768863
    outer loop
      vertex 188.365 19.2796 177.969
      vertex 188.711 20.039 184.528
      vertex 188.711 19.4637 177.953
    endloop
  endfacet
  facet normal -0.772712 0.63234 -0.0553286
    outer loop
      vertex 189.263 20.0134 177.905
      vertex 189.014 20.2867 184.506
      vertex 189.263 20.5887 184.48
    endloop
  endfacet
  facet normal -0.7727 0.632356 -0.0553288
    outer loop
      vertex 189.014 20.2867 184.506
      vertex 189.263 20.0134 177.905
      vertex 189.014 19.7115 177.932
    endloop
  endfacet
  facet normal -0.956821 0.289571 -0.0253325
    outer loop
      vertex 189.562 20.7317 177.842
      vertex 189.448 20.9331 184.45
      vertex 189.562 21.3069 184.417
    endloop
  endfacet
  facet normal -0.956821 0.289571 -0.0253325
    outer loop
      vertex 189.448 20.9331 184.45
      vertex 189.562 20.7317 177.842
      vertex 189.448 20.3579 177.875
    endloop
  endfacet
  facet normal -0.0982477 0.991376 -0.0867284
    outer loop
      vertex 187.99 19.7415 184.554
      vertex 187.6 19.128 177.983
      vertex 187.6 19.7032 184.558
    endloop
  endfacet
  facet normal -0.097996 0.991399 -0.0867455
    outer loop
      vertex 187.6 19.128 177.983
      vertex 187.99 19.7415 184.554
      vertex 187.99 19.1662 177.979
    endloop
  endfacet
  facet normal -1 0 0
    outer loop
      vertex 3.2 14 20
      vertex 3.2 10 26
      vertex 3.2 14 32
    endloop
  endfacet
  facet normal -1 0 0
    outer loop
      vertex 3.2 14 20
      vertex 3.2 9.96157 25.6098
      vertex 3.2 10 26
    endloop
  endfacet
  facet normal -1 0 0
    outer loop
      vertex 3.2 14 20
      vertex 3.2 9.84776 25.2346
      vertex 3.2 9.96157 25.6098
    endloop
  endfacet
  facet normal -1 0 0
    outer loop
      vertex 3.2 14 20
      vertex 3.2 9.66294 24.8889
      vertex 3.2 9.84776 25.2346
    endloop
  endfacet
  facet normal -1 0 0
    outer loop
      vertex 3.2 14 20
      vertex 3.2 9.41421 24.5858
      vertex 3.2 9.66294 24.8889
    endloop
  endfacet
  facet normal -1 0 0
    outer loop
      vertex 3.2 14 20
      vertex 3.2 9.11114 24.3371
      vertex 3.2 9.41421 24.5858
    endloop
  endfacet
  facet normal -1 0 0
    outer loop
      vertex 3.2 14 20
      vertex 3.2 8.76537 24.1522
      vertex 3.2 9.11114 24.3371
    endloop
  endfacet
  facet normal -1 0 0
    outer loop
      vertex 3.2 14 20
      vertex 3.2 8.39018 24.0384
      vertex 3.2 8.76537 24.1522
    endloop
  endfacet
  facet normal -1 0 0
    outer loop
      vertex 3.2 14 20
      vertex 3.2 8 24
      vertex 3.2 8.39018 24.0384
    endloop
  endfacet
  facet normal -1 0 0
    outer loop
      vertex 3.2 14 20
      vertex 3.2 7.60982 24.0384
      vertex 3.2 8 24
    endloop
  endfacet
  facet normal -1 0 0
    outer loop
      vertex 3.2 -1.8 20
      vertex 3.2 7.60982 24.0384
      vertex 3.2 14 20
    endloop
  endfacet
  facet normal -1 -0 0
    outer loop
      vertex 3.2 7.60982 24.0384
      vertex 3.2 -1.8 20
      vertex 3.2 7.23463 24.1522
    endloop
  endfacet
  facet normal -1 -0 0
    outer loop
      vertex 3.2 6.03843 25.6098
      vertex 3.2 -1.8 20
      vertex 3.2 6 26
    endloop
  endfacet
  facet normal -1 -0 0
    outer loop
      vertex 3.2 6.15224 25.2346
      vertex 3.2 -1.8 20
      vertex 3.2 6.03843 25.6098
    endloop
  endfacet
  facet normal -1 -0 0
    outer loop
      vertex 3.2 6.33706 24.8889
      vertex 3.2 -1.8 20
      vertex 3.2 6.15224 25.2346
    endloop
  endfacet
  facet normal -1 -0 0
    outer loop
      vertex 3.2 6.58579 24.5858
      vertex 3.2 -1.8 20
      vertex 3.2 6.33706 24.8889
    endloop
  endfacet
  facet normal -1 -0 0
    outer loop
      vertex 3.2 6.88886 24.3371
      vertex 3.2 -1.8 20
      vertex 3.2 6.58579 24.5858
    endloop
  endfacet
  facet normal -1 -0 0
    outer loop
      vertex 3.2 7.23463 24.1522
      vertex 3.2 -1.8 20
      vertex 3.2 6.88886 24.3371
    endloop
  endfacet
  facet normal -1 0 0
    outer loop
      vertex 3.2 9.96157 26.3902
      vertex 3.2 14 32
      vertex 3.2 10 26
    endloop
  endfacet
  facet normal -1 0 0
    outer loop
      vertex 3.2 9.84776 26.7654
      vertex 3.2 14 32
      vertex 3.2 9.96157 26.3902
    endloop
  endfacet
  facet normal -1 0 0
    outer loop
      vertex 3.2 9.66294 27.1111
      vertex 3.2 14 32
      vertex 3.2 9.84776 26.7654
    endloop
  endfacet
  facet normal -1 0 0
    outer loop
      vertex 3.2 9.41421 27.4142
      vertex 3.2 14 32
      vertex 3.2 9.66294 27.1111
    endloop
  endfacet
  facet normal -1 0 0
    outer loop
      vertex 3.2 9.11114 27.6629
      vertex 3.2 14 32
      vertex 3.2 9.41421 27.4142
    endloop
  endfacet
  facet normal -1 0 0
    outer loop
      vertex 3.2 8.76537 27.8478
      vertex 3.2 14 32
      vertex 3.2 9.11114 27.6629
    endloop
  endfacet
  facet normal -1 0 0
    outer loop
      vertex 3.2 8.39018 27.9616
      vertex 3.2 14 32
      vertex 3.2 8.76537 27.8478
    endloop
  endfacet
  facet normal -1 0 0
    outer loop
      vertex 3.2 8 28
      vertex 3.2 14 32
      vertex 3.2 8.39018 27.9616
    endloop
  endfacet
  facet normal -1 0 0
    outer loop
      vertex 3.2 7.60982 27.9616
      vertex 3.2 14 32
      vertex 3.2 8 28
    endloop
  endfacet
  facet normal -1 0 0
    outer loop
      vertex 3.2 -1.8 32
      vertex 3.2 7.60982 27.9616
      vertex 3.2 7.23463 27.8478
    endloop
  endfacet
  facet normal -1 0 0
    outer loop
      vertex 3.2 -1.8 32
      vertex 3.2 7.23463 27.8478
      vertex 3.2 6.88886 27.6629
    endloop
  endfacet
  facet normal -1 0 0
    outer loop
      vertex 3.2 -1.8 32
      vertex 3.2 6 26
      vertex 3.2 -1.8 20
    endloop
  endfacet
  facet normal -1 0 0
    outer loop
      vertex 3.2 6 26
      vertex 3.2 -1.8 32
      vertex 3.2 6.03843 26.3902
    endloop
  endfacet
  facet normal -1 0 0
    outer loop
      vertex 3.2 6.03843 26.3902
      vertex 3.2 -1.8 32
      vertex 3.2 6.15224 26.7654
    endloop
  endfacet
  facet normal -1 0 0
    outer loop
      vertex 3.2 6.15224 26.7654
      vertex 3.2 -1.8 32
      vertex 3.2 6.33706 27.1111
    endloop
  endfacet
  facet normal -1 0 0
    outer loop
      vertex 3.2 7.60982 27.9616
      vertex 3.2 -1.8 32
      vertex 3.2 14 32
    endloop
  endfacet
  facet normal -1 0 0
    outer loop
      vertex 3.2 6.58579 27.4142
      vertex 3.2 -1.8 32
      vertex 3.2 6.88886 27.6629
    endloop
  endfacet
  facet normal -1 0 0
    outer loop
      vertex 3.2 6.33706 27.1111
      vertex 3.2 -1.8 32
      vertex 3.2 6.58579 27.4142
    endloop
  endfacet
  facet normal -0 0 1
    outer loop
      vertex 3.2 -1.8 32
      vertex 6.2 -3 32
      vertex 6.2 14 32
    endloop
  endfacet
  facet normal 0 0 1
    outer loop
      vertex 3.2 -1.8 32
      vertex 6.2 14 32
      vertex 3.2 14 32
    endloop
  endfacet
  facet normal 0 0 1
    outer loop
      vertex 6.2 -3 32
      vertex 3.2 -1.8 32
      vertex 3.4 -3 32
    endloop
  endfacet
  facet normal -0 0 1
    outer loop
      vertex 3.00722 -1.8 32
      vertex 3.4 -3 32
      vertex 3.2 -1.8 32
    endloop
  endfacet
  facet normal 0 0 1
    outer loop
      vertex 3.4 -3 32
      vertex 3.00722 -1.8 32
      vertex 3.00722 -4 32
    endloop
  endfacet
  facet normal 0 0 1
    outer loop
      vertex 3.4 -3 32
      vertex 3.00722 -4 32
      vertex 3.4 -4 32
    endloop
  endfacet
  facet normal 1 0 0
    outer loop
      vertex 6.2 14 32
      vertex 6.2 12.5 26
      vertex 6.2 14 20
    endloop
  endfacet
  facet normal 1 0 0
    outer loop
      vertex 6.2 14 32
      vertex 6.2 12.4135 26.8779
      vertex 6.2 12.5 26
    endloop
  endfacet
  facet normal 1 0 0
    outer loop
      vertex 6.2 14 32
      vertex 6.2 12.1575 27.7221
      vertex 6.2 12.4135 26.8779
    endloop
  endfacet
  facet normal 1 0 0
    outer loop
      vertex 6.2 14 32
      vertex 6.2 11.7416 28.5001
      vertex 6.2 12.1575 27.7221
    endloop
  endfacet
  facet normal 1 0 0
    outer loop
      vertex 6.2 14 32
      vertex 6.2 11.182 29.182
      vertex 6.2 11.7416 28.5001
    endloop
  endfacet
  facet normal 1 0 0
    outer loop
      vertex 6.2 14 32
      vertex 6.2 10.5001 29.7416
      vertex 6.2 11.182 29.182
    endloop
  endfacet
  facet normal 1 0 0
    outer loop
      vertex 6.2 14 32
      vertex 6.2 9.72207 30.1575
      vertex 6.2 10.5001 29.7416
    endloop
  endfacet
  facet normal 1 0 0
    outer loop
      vertex 6.2 14 32
      vertex 6.2 8.87791 30.4135
      vertex 6.2 9.72207 30.1575
    endloop
  endfacet
  facet normal 1 0 0
    outer loop
      vertex 6.2 14 32
      vertex 6.2 8 30.5
      vertex 6.2 8.87791 30.4135
    endloop
  endfacet
  facet normal 1 0 0
    outer loop
      vertex 6.2 14 32
      vertex 6.2 7.12209 30.4135
      vertex 6.2 8 30.5
    endloop
  endfacet
  facet normal 1 0 0
    outer loop
      vertex 6.2 3.58647 26.8779
      vertex 6.2 -3 32
      vertex 6.2 3.5 26
    endloop
  endfacet
  facet normal 1 0 0
    outer loop
      vertex 6.2 3.84254 27.7221
      vertex 6.2 -3 32
      vertex 6.2 3.58647 26.8779
    endloop
  endfacet
  facet normal 1 0 0
    outer loop
      vertex 6.2 4.25839 28.5001
      vertex 6.2 -3 32
      vertex 6.2 3.84254 27.7221
    endloop
  endfacet
  facet normal 1 0 0
    outer loop
      vertex 6.2 4.81802 29.182
      vertex 6.2 -3 32
      vertex 6.2 4.25839 28.5001
    endloop
  endfacet
  facet normal 1 0 0
    outer loop
      vertex 6.2 5.49993 29.7416
      vertex 6.2 -3 32
      vertex 6.2 4.81802 29.182
    endloop
  endfacet
  facet normal 1 0 0
    outer loop
      vertex 6.2 6.27792 30.1575
      vertex 6.2 -3 32
      vertex 6.2 5.49993 29.7416
    endloop
  endfacet
  facet normal 1 0 0
    outer loop
      vertex 6.2 7.12209 30.4135
      vertex 6.2 -3 32
      vertex 6.2 6.27792 30.1575
    endloop
  endfacet
  facet normal 1 -0 0
    outer loop
      vertex 6.2 -3 32
      vertex 6.2 7.12209 30.4135
      vertex 6.2 14 32
    endloop
  endfacet
  facet normal 1 -0 0
    outer loop
      vertex 6.2 12.4135 25.1221
      vertex 6.2 14 20
      vertex 6.2 12.5 26
    endloop
  endfacet
  facet normal 1 -0 0
    outer loop
      vertex 6.2 12.1575 24.2779
      vertex 6.2 14 20
      vertex 6.2 12.4135 25.1221
    endloop
  endfacet
  facet normal 1 -0 0
    outer loop
      vertex 6.2 11.7416 23.4999
      vertex 6.2 14 20
      vertex 6.2 12.1575 24.2779
    endloop
  endfacet
  facet normal 1 -0 0
    outer loop
      vertex 6.2 11.182 22.818
      vertex 6.2 14 20
      vertex 6.2 11.7416 23.4999
    endloop
  endfacet
  facet normal 1 -0 0
    outer loop
      vertex 6.2 10.5001 22.2584
      vertex 6.2 14 20
      vertex 6.2 11.182 22.818
    endloop
  endfacet
  facet normal 1 -0 0
    outer loop
      vertex 6.2 9.72207 21.8425
      vertex 6.2 14 20
      vertex 6.2 10.5001 22.2584
    endloop
  endfacet
  facet normal 1 -0 0
    outer loop
      vertex 6.2 8.87791 21.5865
      vertex 6.2 14 20
      vertex 6.2 9.72207 21.8425
    endloop
  endfacet
  facet normal 1 -0 0
    outer loop
      vertex 6.2 8 21.5
      vertex 6.2 14 20
      vertex 6.2 8.87791 21.5865
    endloop
  endfacet
  facet normal 1 0 0
    outer loop
      vertex 6.2 7.12209 21.5865
      vertex 6.2 14 20
      vertex 6.2 8 21.5
    endloop
  endfacet
  facet normal 1 0 0
    outer loop
      vertex 6.2 -3 20
      vertex 6.2 3.5 26
      vertex 6.2 -3 32
    endloop
  endfacet
  facet normal 1 0 0
    outer loop
      vertex 6.2 3.5 26
      vertex 6.2 -3 20
      vertex 6.2 3.58647 25.1221
    endloop
  endfacet
  facet normal 1 0 0
    outer loop
      vertex 6.2 3.58647 25.1221
      vertex 6.2 -3 20
      vertex 6.2 3.84254 24.2779
    endloop
  endfacet
  facet normal 1 0 0
    outer loop
      vertex 6.2 3.84254 24.2779
      vertex 6.2 -3 20
      vertex 6.2 4.25839 23.4999
    endloop
  endfacet
  facet normal 1 0 0
    outer loop
      vertex 6.2 7.12209 21.5865
      vertex 6.2 -3 20
      vertex 6.2 14 20
    endloop
  endfacet
  facet normal 1 0 0
    outer loop
      vertex 6.2 6.27792 21.8425
      vertex 6.2 -3 20
      vertex 6.2 7.12209 21.5865
    endloop
  endfacet
  facet normal 1 0 0
    outer loop
      vertex 6.2 5.49993 22.2584
      vertex 6.2 -3 20
      vertex 6.2 6.27792 21.8425
    endloop
  endfacet
  facet normal 1 0 0
    outer loop
      vertex 6.2 4.81802 22.818
      vertex 6.2 -3 20
      vertex 6.2 5.49993 22.2584
    endloop
  endfacet
  facet normal 1 0 0
    outer loop
      vertex 6.2 4.25839 23.4999
      vertex 6.2 -3 20
      vertex 6.2 4.81802 22.818
    endloop
  endfacet
  facet normal 0 1 -0
    outer loop
      vertex 6.2 14 20
      vertex 3.2 14 32
      vertex 6.2 14 32
    endloop
  endfacet
  facet normal 0 1 0
    outer loop
      vertex 3.2 14 32
      vertex 6.2 14 20
      vertex 3.2 14 20
    endloop
  endfacet
  facet normal 0 0 -1
    outer loop
      vertex 3.00722 -4 20
      vertex 3.4 -3 20
      vertex 3.4 -4 20
    endloop
  endfacet
  facet normal -0 0 -1
    outer loop
      vertex 3.4 -3 20
      vertex 3.00722 -4 20
      vertex 3.00722 -2.03991 20
    endloop
  endfacet
  facet normal 0 0 -1
    outer loop
      vertex 3.4 -3 20
      vertex 3.00722 -2.03991 20
      vertex 3.2 -1.8 20
    endloop
  endfacet
  facet normal 0 0 -1
    outer loop
      vertex 3 -1.8 20
      vertex 3.00722 -2.03991 20
      vertex 3 -2.03991 20
    endloop
  endfacet
  facet normal 0 0 -1
    outer loop
      vertex 3.00722 -2.03991 20
      vertex 3 -1.8 20
      vertex 3.2 -1.8 20
    endloop
  endfacet
  facet normal 0 0 -1
    outer loop
      vertex 3.2 -1.8 20
      vertex 6.2 -3 20
      vertex 3.4 -3 20
    endloop
  endfacet
  facet normal 0 0 -1
    outer loop
      vertex 6.2 -3 20
      vertex 3.2 -1.8 20
      vertex 6.2 14 20
    endloop
  endfacet
  facet normal -0 0 -1
    outer loop
      vertex 6.2 14 20
      vertex 3.2 -1.8 20
      vertex 3.2 14 20
    endloop
  endfacet
  facet normal 0 -1 0
    outer loop
      vertex 3.4 -3 20
      vertex 6.2 -3 32
      vertex 3.4 -3 32
    endloop
  endfacet
  facet normal 0 -1 -0
    outer loop
      vertex 6.2 -3 32
      vertex 3.4 -3 20
      vertex 6.2 -3 20
    endloop
  endfacet
  facet normal 1 -0 0
    outer loop
      vertex 3.4 -4 32
      vertex 3.4 -3 20
      vertex 3.4 -3 32
    endloop
  endfacet
  facet normal 1 0 0
    outer loop
      vertex 3.4 -3 20
      vertex 3.4 -4 32
      vertex 3.4 -4 20
    endloop
  endfacet
  facet normal 0 -1 0
    outer loop
      vertex 3.00722 -4 20
      vertex 3.4 -4 32
      vertex 3.00722 -4 32
    endloop
  endfacet
  facet normal 0 -1 -0
    outer loop
      vertex 3.4 -4 32
      vertex 3.00722 -4 20
      vertex 3.4 -4 20
    endloop
  endfacet
  facet normal 0 1 0
    outer loop
      vertex 3.2 -1.8 32
      vertex 3.00722 -1.8 22.7422
      vertex 3.00722 -1.8 32
    endloop
  endfacet
  facet normal 0 1 -0
    outer loop
      vertex 3.2 -1.8 20
      vertex 3.00722 -1.8 22.7422
      vertex 3.2 -1.8 32
    endloop
  endfacet
  facet normal 0 1 0
    outer loop
      vertex 3 -1.8 20
      vertex 3.00722 -1.8 22.7422
      vertex 3.2 -1.8 20
    endloop
  endfacet
  facet normal 0 1 0
    outer loop
      vertex 3.00722 -1.8 22.7422
      vertex 3 -1.8 20
      vertex 3 -1.8 22.7422
    endloop
  endfacet
  facet normal -0 0.290209 0.956963
    outer loop
      vertex 6.2 9.72207 30.1575
      vertex 13.3 8.87791 30.4135
      vertex 13.3 9.72207 30.1575
    endloop
  endfacet
  facet normal 0 0.290209 0.956963
    outer loop
      vertex 13.3 8.87791 30.4135
      vertex 6.2 9.72207 30.1575
      vertex 6.2 8.87791 30.4135
    endloop
  endfacet
  facet normal 0 0.471427 -0.881905
    outer loop
      vertex 6.2 9.72207 21.8425
      vertex 13.3 10.5001 22.2584
      vertex 13.3 9.72207 21.8425
    endloop
  endfacet
  facet normal 0 0.471427 -0.881905
    outer loop
      vertex 13.3 10.5001 22.2584
      vertex 6.2 9.72207 21.8425
      vertex 6.2 10.5001 22.2584
    endloop
  endfacet
  facet normal 0 0.290209 -0.956963
    outer loop
      vertex 6.2 8.87791 21.5865
      vertex 13.3 9.72207 21.8425
      vertex 13.3 8.87791 21.5865
    endloop
  endfacet
  facet normal 0 0.290209 -0.956963
    outer loop
      vertex 13.3 9.72207 21.8425
      vertex 6.2 8.87791 21.5865
      vertex 6.2 9.72207 21.8425
    endloop
  endfacet
  facet normal 0 0.956967 -0.290196
    outer loop
      vertex 13.3 12.1575 24.2779
      vertex 6.2 12.4135 25.1221
      vertex 13.3 12.4135 25.1221
    endloop
  endfacet
  facet normal 0 0.956967 -0.290196
    outer loop
      vertex 6.2 12.4135 25.1221
      vertex 13.3 12.1575 24.2779
      vertex 6.2 12.1575 24.2779
    endloop
  endfacet
  facet normal 0 0.881898 -0.471441
    outer loop
      vertex 13.3 11.7416 23.4999
      vertex 6.2 12.1575 24.2779
      vertex 13.3 12.1575 24.2779
    endloop
  endfacet
  facet normal 0 0.881898 -0.471441
    outer loop
      vertex 6.2 12.1575 24.2779
      vertex 13.3 11.7416 23.4999
      vertex 6.2 11.7416 23.4999
    endloop
  endfacet
  facet normal 0 0.956967 0.290196
    outer loop
      vertex 13.3 12.4135 26.8779
      vertex 6.2 12.1575 27.7221
      vertex 13.3 12.1575 27.7221
    endloop
  endfacet
  facet normal 0 0.956967 0.290196
    outer loop
      vertex 6.2 12.1575 27.7221
      vertex 13.3 12.4135 26.8779
      vertex 6.2 12.4135 26.8779
    endloop
  endfacet
  facet normal -0 0.471427 0.881905
    outer loop
      vertex 6.2 10.5001 29.7416
      vertex 13.3 9.72207 30.1575
      vertex 13.3 10.5001 29.7416
    endloop
  endfacet
  facet normal 0 0.471427 0.881905
    outer loop
      vertex 13.3 9.72207 30.1575
      vertex 6.2 10.5001 29.7416
      vertex 6.2 9.72207 30.1575
    endloop
  endfacet
  facet normal 0 -0.0980547 -0.995181
    outer loop
      vertex 6.2 7.12209 21.5865
      vertex 13.3 8 21.5
      vertex 13.3 7.12209 21.5865
    endloop
  endfacet
  facet normal -0 -0.0980547 -0.995181
    outer loop
      vertex 13.3 8 21.5
      vertex 6.2 7.12209 21.5865
      vertex 6.2 8 21.5
    endloop
  endfacet
  facet normal 0 -0.956945 -0.290269
    outer loop
      vertex 6.2 3.84254 24.2779
      vertex 13.3 3.58647 25.1221
      vertex 6.2 3.58647 25.1221
    endloop
  endfacet
  facet normal 0 -0.956945 -0.290269
    outer loop
      vertex 13.3 3.58647 25.1221
      vertex 6.2 3.84254 24.2779
      vertex 13.3 3.84254 24.2779
    endloop
  endfacet
  facet normal 0 0.995181 -0.0980558
    outer loop
      vertex 13.3 12.4135 25.1221
      vertex 6.2 12.5 26
      vertex 13.3 12.5 26
    endloop
  endfacet
  facet normal 0 0.995181 -0.0980558
    outer loop
      vertex 6.2 12.5 26
      vertex 13.3 12.4135 25.1221
      vertex 6.2 12.4135 25.1221
    endloop
  endfacet
  facet normal 0 0.773022 -0.634379
    outer loop
      vertex 13.3 11.182 22.818
      vertex 6.2 11.7416 23.4999
      vertex 13.3 11.7416 23.4999
    endloop
  endfacet
  facet normal 0 0.773022 -0.634379
    outer loop
      vertex 6.2 11.7416 23.4999
      vertex 13.3 11.182 22.818
      vertex 6.2 11.182 22.818
    endloop
  endfacet
  facet normal -0 0.0980547 0.995181
    outer loop
      vertex 6.2 8.87791 30.4135
      vertex 13.3 8 30.5
      vertex 13.3 8.87791 30.4135
    endloop
  endfacet
  facet normal 0 0.0980547 0.995181
    outer loop
      vertex 13.3 8 30.5
      vertex 6.2 8.87791 30.4135
      vertex 6.2 8 30.5
    endloop
  endfacet
  facet normal -0 0.634379 0.773022
    outer loop
      vertex 6.2 11.182 29.182
      vertex 13.3 10.5001 29.7416
      vertex 13.3 11.182 29.182
    endloop
  endfacet
  facet normal 0 0.634379 0.773022
    outer loop
      vertex 13.3 10.5001 29.7416
      vertex 6.2 11.182 29.182
      vertex 6.2 10.5001 29.7416
    endloop
  endfacet
  facet normal 0 0.881898 0.471441
    outer loop
      vertex 13.3 12.1575 27.7221
      vertex 6.2 11.7416 28.5001
      vertex 13.3 11.7416 28.5001
    endloop
  endfacet
  facet normal 0 0.881898 0.471441
    outer loop
      vertex 6.2 11.7416 28.5001
      vertex 13.3 12.1575 27.7221
      vertex 6.2 12.1575 27.7221
    endloop
  endfacet
  facet normal 0 0.995181 0.0980558
    outer loop
      vertex 13.3 12.5 26
      vertex 6.2 12.4135 26.8779
      vertex 13.3 12.4135 26.8779
    endloop
  endfacet
  facet normal 0 0.995181 0.0980558
    outer loop
      vertex 6.2 12.4135 26.8779
      vertex 13.3 12.5 26
      vertex 6.2 12.5 26
    endloop
  endfacet
  facet normal 0 0.773022 0.634379
    outer loop
      vertex 13.3 11.7416 28.5001
      vertex 6.2 11.182 29.182
      vertex 13.3 11.182 29.182
    endloop
  endfacet
  facet normal 0 0.773022 0.634379
    outer loop
      vertex 6.2 11.182 29.182
      vertex 13.3 11.7416 28.5001
      vertex 6.2 11.7416 28.5001
    endloop
  endfacet
  facet normal 0 0.0980547 -0.995181
    outer loop
      vertex 6.2 8 21.5
      vertex 13.3 8.87791 21.5865
      vertex 13.3 8 21.5
    endloop
  endfacet
  facet normal 0 0.0980547 -0.995181
    outer loop
      vertex 13.3 8.87791 21.5865
      vertex 6.2 8 21.5
      vertex 6.2 8.87791 21.5865
    endloop
  endfacet
  facet normal 0 -0.773005 -0.634399
    outer loop
      vertex 6.2 4.81802 22.818
      vertex 13.3 4.25839 23.4999
      vertex 6.2 4.25839 23.4999
    endloop
  endfacet
  facet normal 0 -0.773005 -0.634399
    outer loop
      vertex 13.3 4.25839 23.4999
      vertex 6.2 4.81802 22.818
      vertex 13.3 4.81802 22.818
    endloop
  endfacet
  facet normal 0 -0.290206 -0.956964
    outer loop
      vertex 6.2 6.27792 21.8425
      vertex 13.3 7.12209 21.5865
      vertex 13.3 6.27792 21.8425
    endloop
  endfacet
  facet normal -0 -0.290206 -0.956964
    outer loop
      vertex 13.3 7.12209 21.5865
      vertex 6.2 6.27792 21.8425
      vertex 6.2 7.12209 21.5865
    endloop
  endfacet
  facet normal 0 -0.773005 0.634399
    outer loop
      vertex 6.2 4.25839 28.5001
      vertex 13.3 4.81802 29.182
      vertex 6.2 4.81802 29.182
    endloop
  endfacet
  facet normal 0 -0.773005 0.634399
    outer loop
      vertex 13.3 4.81802 29.182
      vertex 6.2 4.25839 28.5001
      vertex 13.3 4.25839 28.5001
    endloop
  endfacet
  facet normal 0 0.634379 -0.773022
    outer loop
      vertex 6.2 10.5001 22.2584
      vertex 13.3 11.182 22.818
      vertex 13.3 10.5001 22.2584
    endloop
  endfacet
  facet normal 0 0.634379 -0.773022
    outer loop
      vertex 13.3 11.182 22.818
      vertex 6.2 10.5001 22.2584
      vertex 6.2 11.182 22.818
    endloop
  endfacet
  facet normal 0 -0.471446 -0.881895
    outer loop
      vertex 6.2 5.49993 22.2584
      vertex 13.3 6.27792 21.8425
      vertex 13.3 5.49993 22.2584
    endloop
  endfacet
  facet normal -0 -0.471446 -0.881895
    outer loop
      vertex 13.3 6.27792 21.8425
      vertex 6.2 5.49993 22.2584
      vertex 6.2 6.27792 21.8425
    endloop
  endfacet
  facet normal 0 -0.290206 0.956964
    outer loop
      vertex 6.2 7.12209 30.4135
      vertex 13.3 6.27792 30.1575
      vertex 13.3 7.12209 30.4135
    endloop
  endfacet
  facet normal 0 -0.290206 0.956964
    outer loop
      vertex 13.3 6.27792 30.1575
      vertex 6.2 7.12209 30.4135
      vertex 6.2 6.27792 30.1575
    endloop
  endfacet
  facet normal 0 -0.0980547 0.995181
    outer loop
      vertex 6.2 8 30.5
      vertex 13.3 7.12209 30.4135
      vertex 13.3 8 30.5
    endloop
  endfacet
  facet normal 0 -0.0980547 0.995181
    outer loop
      vertex 13.3 7.12209 30.4135
      vertex 6.2 8 30.5
      vertex 6.2 7.12209 30.4135
    endloop
  endfacet
  facet normal 0 -0.634374 0.773027
    outer loop
      vertex 6.2 5.49993 29.7416
      vertex 13.3 4.81802 29.182
      vertex 13.3 5.49993 29.7416
    endloop
  endfacet
  facet normal 0 -0.634374 0.773027
    outer loop
      vertex 13.3 4.81802 29.182
      vertex 6.2 5.49993 29.7416
      vertex 6.2 4.81802 29.182
    endloop
  endfacet
  facet normal 0 -0.881921 -0.471397
    outer loop
      vertex 6.2 4.25839 23.4999
      vertex 13.3 3.84254 24.2779
      vertex 6.2 3.84254 24.2779
    endloop
  endfacet
  facet normal 0 -0.881921 -0.471397
    outer loop
      vertex 13.3 3.84254 24.2779
      vertex 6.2 4.25839 23.4999
      vertex 13.3 4.25839 23.4999
    endloop
  endfacet
  facet normal 0 -0.634374 -0.773027
    outer loop
      vertex 6.2 4.81802 22.818
      vertex 13.3 5.49993 22.2584
      vertex 13.3 4.81802 22.818
    endloop
  endfacet
  facet normal -0 -0.634374 -0.773027
    outer loop
      vertex 13.3 5.49993 22.2584
      vertex 6.2 4.81802 22.818
      vertex 6.2 5.49993 22.2584
    endloop
  endfacet
  facet normal 0 -0.881921 0.471397
    outer loop
      vertex 6.2 3.84254 27.7221
      vertex 13.3 4.25839 28.5001
      vertex 6.2 4.25839 28.5001
    endloop
  endfacet
  facet normal 0 -0.881921 0.471397
    outer loop
      vertex 13.3 4.25839 28.5001
      vertex 6.2 3.84254 27.7221
      vertex 13.3 3.84254 27.7221
    endloop
  endfacet
  facet normal 0 -0.995184 -0.0980221
    outer loop
      vertex 6.2 3.58647 25.1221
      vertex 13.3 3.5 26
      vertex 6.2 3.5 26
    endloop
  endfacet
  facet normal 0 -0.995184 -0.0980221
    outer loop
      vertex 13.3 3.5 26
      vertex 6.2 3.58647 25.1221
      vertex 13.3 3.58647 25.1221
    endloop
  endfacet
  facet normal 0 -0.995184 0.0980221
    outer loop
      vertex 6.2 3.5 26
      vertex 13.3 3.58647 26.8779
      vertex 6.2 3.58647 26.8779
    endloop
  endfacet
  facet normal 0 -0.995184 0.0980221
    outer loop
      vertex 13.3 3.58647 26.8779
      vertex 6.2 3.5 26
      vertex 13.3 3.5 26
    endloop
  endfacet
  facet normal 0 -0.471446 0.881895
    outer loop
      vertex 6.2 6.27792 30.1575
      vertex 13.3 5.49993 29.7416
      vertex 13.3 6.27792 30.1575
    endloop
  endfacet
  facet normal 0 -0.471446 0.881895
    outer loop
      vertex 13.3 5.49993 29.7416
      vertex 6.2 6.27792 30.1575
      vertex 6.2 5.49993 29.7416
    endloop
  endfacet
  facet normal 1 0 0
    outer loop
      vertex 13.3 12.4135 26.8779
      vertex 13.3 12.4135 25.1221
      vertex 13.3 12.5 26
    endloop
  endfacet
  facet normal 1 0 0
    outer loop
      vertex 13.3 12.1575 27.7221
      vertex 13.3 12.4135 25.1221
      vertex 13.3 12.4135 26.8779
    endloop
  endfacet
  facet normal 1 0 0
    outer loop
      vertex 13.3 12.1575 27.7221
      vertex 13.3 12.1575 24.2779
      vertex 13.3 12.4135 25.1221
    endloop
  endfacet
  facet normal 1 0 0
    outer loop
      vertex 13.3 11.7416 28.5001
      vertex 13.3 12.1575 24.2779
      vertex 13.3 12.1575 27.7221
    endloop
  endfacet
  facet normal 1 0 0
    outer loop
      vertex 13.3 11.7416 28.5001
      vertex 13.3 11.7416 23.4999
      vertex 13.3 12.1575 24.2779
    endloop
  endfacet
  facet normal 1 0 0
    outer loop
      vertex 13.3 11.182 29.182
      vertex 13.3 11.7416 23.4999
      vertex 13.3 11.7416 28.5001
    endloop
  endfacet
  facet normal 1 0 0
    outer loop
      vertex 13.3 11.182 29.182
      vertex 13.3 11.182 22.818
      vertex 13.3 11.7416 23.4999
    endloop
  endfacet
  facet normal 1 0 0
    outer loop
      vertex 13.3 10.5001 29.7416
      vertex 13.3 11.182 22.818
      vertex 13.3 11.182 29.182
    endloop
  endfacet
  facet normal 1 0 0
    outer loop
      vertex 13.3 10.5001 29.7416
      vertex 13.3 10.5001 22.2584
      vertex 13.3 11.182 22.818
    endloop
  endfacet
  facet normal 1 0 0
    outer loop
      vertex 13.3 9.72207 30.1575
      vertex 13.3 10.5001 22.2584
      vertex 13.3 10.5001 29.7416
    endloop
  endfacet
  facet normal 1 0 0
    outer loop
      vertex 13.3 9.72207 30.1575
      vertex 13.3 9.72207 21.8425
      vertex 13.3 10.5001 22.2584
    endloop
  endfacet
  facet normal 1 0 0
    outer loop
      vertex 13.3 8.87791 30.4135
      vertex 13.3 9.72207 21.8425
      vertex 13.3 9.72207 30.1575
    endloop
  endfacet
  facet normal 1 0 0
    outer loop
      vertex 13.3 8.87791 30.4135
      vertex 13.3 8.87791 21.5865
      vertex 13.3 9.72207 21.8425
    endloop
  endfacet
  facet normal 1 0 0
    outer loop
      vertex 13.3 8 30.5
      vertex 13.3 8.87791 21.5865
      vertex 13.3 8.87791 30.4135
    endloop
  endfacet
  facet normal 1 0 0
    outer loop
      vertex 13.3 8 30.5
      vertex 13.3 8 21.5
      vertex 13.3 8.87791 21.5865
    endloop
  endfacet
  facet normal 1 -0 0
    outer loop
      vertex 13.3 7.12209 30.4135
      vertex 13.3 8 21.5
      vertex 13.3 8 30.5
    endloop
  endfacet
  facet normal 1 0 0
    outer loop
      vertex 13.3 7.12209 30.4135
      vertex 13.3 7.12209 21.5865
      vertex 13.3 8 21.5
    endloop
  endfacet
  facet normal 1 -0 0
    outer loop
      vertex 13.3 6.27792 30.1575
      vertex 13.3 7.12209 21.5865
      vertex 13.3 7.12209 30.4135
    endloop
  endfacet
  facet normal 1 0 0
    outer loop
      vertex 13.3 6.27792 30.1575
      vertex 13.3 6.27792 21.8425
      vertex 13.3 7.12209 21.5865
    endloop
  endfacet
  facet normal 1 -0 0
    outer loop
      vertex 13.3 5.49993 29.7416
      vertex 13.3 6.27792 21.8425
      vertex 13.3 6.27792 30.1575
    endloop
  endfacet
  facet normal 1 0 0
    outer loop
      vertex 13.3 5.49993 29.7416
      vertex 13.3 5.49993 22.2584
      vertex 13.3 6.27792 21.8425
    endloop
  endfacet
  facet normal 1 -0 0
    outer loop
      vertex 13.3 4.81802 29.182
      vertex 13.3 5.49993 22.2584
      vertex 13.3 5.49993 29.7416
    endloop
  endfacet
  facet normal 1 0 0
    outer loop
      vertex 13.3 4.81802 29.182
      vertex 13.3 4.81802 22.818
      vertex 13.3 5.49993 22.2584
    endloop
  endfacet
  facet normal 1 -0 0
    outer loop
      vertex 13.3 4.25839 28.5001
      vertex 13.3 4.81802 22.818
      vertex 13.3 4.81802 29.182
    endloop
  endfacet
  facet normal 1 0 0
    outer loop
      vertex 13.3 4.25839 28.5001
      vertex 13.3 4.25839 23.4999
      vertex 13.3 4.81802 22.818
    endloop
  endfacet
  facet normal 1 -0 0
    outer loop
      vertex 13.3 3.84254 27.7221
      vertex 13.3 4.25839 23.4999
      vertex 13.3 4.25839 28.5001
    endloop
  endfacet
  facet normal 1 0 0
    outer loop
      vertex 13.3 3.84254 27.7221
      vertex 13.3 3.84254 24.2779
      vertex 13.3 4.25839 23.4999
    endloop
  endfacet
  facet normal 1 -0 0
    outer loop
      vertex 13.3 3.58647 26.8779
      vertex 13.3 3.84254 24.2779
      vertex 13.3 3.84254 27.7221
    endloop
  endfacet
  facet normal 1 0 0
    outer loop
      vertex 13.3 3.58647 26.8779
      vertex 13.3 3.58647 25.1221
      vertex 13.3 3.84254 24.2779
    endloop
  endfacet
  facet normal 1 0 -0
    outer loop
      vertex 13.3 3.58647 25.1221
      vertex 13.3 3.58647 26.8779
      vertex 13.3 3.5 26
    endloop
  endfacet
  facet normal 0 -0.956945 0.290269
    outer loop
      vertex 6.2 3.58647 26.8779
      vertex 13.3 3.84254 27.7221
      vertex 6.2 3.84254 27.7221
    endloop
  endfacet
  facet normal 0 -0.956945 0.290269
    outer loop
      vertex 13.3 3.84254 27.7221
      vertex 6.2 3.58647 26.8779
      vertex 13.3 3.58647 26.8779
    endloop
  endfacet
  facet normal 0 -0.0979429 0.995192
    outer loop
      vertex 3.2 8.39018 24.0384
      vertex 9.79 8 24
      vertex 9.79 8.39018 24.0384
    endloop
  endfacet
  facet normal 0 -0.0979429 0.995192
    outer loop
      vertex 9.79 8 24
      vertex 3.2 8.39018 24.0384
      vertex 3.2 8 24
    endloop
  endfacet
  facet normal 0 -0.0979429 -0.995192
    outer loop
      vertex 3.2 8 28
      vertex 9.79 8.39018 27.9616
      vertex 9.79 8 28
    endloop
  endfacet
  facet normal -0 -0.0979429 -0.995192
    outer loop
      vertex 9.79 8.39018 27.9616
      vertex 3.2 8 28
      vertex 3.2 8.39018 27.9616
    endloop
  endfacet
  facet normal 0 0.995185 0.0980137
    outer loop
      vertex 9.79 6.03843 25.6098
      vertex 3.2 6 26
      vertex 9.79 6 26
    endloop
  endfacet
  facet normal 0 0.995185 0.0980137
    outer loop
      vertex 3.2 6 26
      vertex 9.79 6.03843 25.6098
      vertex 3.2 6.03843 25.6098
    endloop
  endfacet
  facet normal 0 -0.773033 -0.634366
    outer loop
      vertex 3.2 9.66294 27.1111
      vertex 9.79 9.41421 27.4142
      vertex 3.2 9.41421 27.4142
    endloop
  endfacet
  facet normal 0 -0.773033 -0.634366
    outer loop
      vertex 9.79 9.41421 27.4142
      vertex 3.2 9.66294 27.1111
      vertex 9.79 9.66294 27.1111
    endloop
  endfacet
  facet normal 0 -0.956944 -0.290271
    outer loop
      vertex 3.2 9.96157 26.3902
      vertex 9.79 9.84776 26.7654
      vertex 3.2 9.84776 26.7654
    endloop
  endfacet
  facet normal 0 -0.956944 -0.290271
    outer loop
      vertex 9.79 9.84776 26.7654
      vertex 3.2 9.96157 26.3902
      vertex 9.79 9.96157 26.3902
    endloop
  endfacet
  facet normal 0 -0.290255 0.956949
    outer loop
      vertex 3.2 8.76537 24.1522
      vertex 9.79 8.39018 24.0384
      vertex 9.79 8.76537 24.1522
    endloop
  endfacet
  facet normal 0 -0.290255 0.956949
    outer loop
      vertex 9.79 8.39018 24.0384
      vertex 3.2 8.76537 24.1522
      vertex 3.2 8.39018 24.0384
    endloop
  endfacet
  facet normal 0 -0.634358 0.773039
    outer loop
      vertex 3.2 9.41421 24.5858
      vertex 9.79 9.11114 24.3371
      vertex 9.79 9.41421 24.5858
    endloop
  endfacet
  facet normal 0 -0.634358 0.773039
    outer loop
      vertex 9.79 9.11114 24.3371
      vertex 3.2 9.41421 24.5858
      vertex 3.2 9.11114 24.3371
    endloop
  endfacet
  facet normal 0 -0.995185 0.0980137
    outer loop
      vertex 3.2 9.96157 25.6098
      vertex 9.79 10 26
      vertex 3.2 10 26
    endloop
  endfacet
  facet normal 0 -0.995185 0.0980137
    outer loop
      vertex 9.79 10 26
      vertex 3.2 9.96157 25.6098
      vertex 9.79 9.96157 25.6098
    endloop
  endfacet
  facet normal 0 -0.881879 0.471475
    outer loop
      vertex 3.2 9.66294 24.8889
      vertex 9.79 9.84776 25.2346
      vertex 3.2 9.84776 25.2346
    endloop
  endfacet
  facet normal 0 -0.881879 0.471475
    outer loop
      vertex 9.79 9.84776 25.2346
      vertex 3.2 9.66294 24.8889
      vertex 9.79 9.66294 24.8889
    endloop
  endfacet
  facet normal 0 -0.47156 -0.881834
    outer loop
      vertex 3.2 8.76537 27.8478
      vertex 9.79 9.11114 27.6629
      vertex 9.79 8.76537 27.8478
    endloop
  endfacet
  facet normal -0 -0.47156 -0.881834
    outer loop
      vertex 9.79 9.11114 27.6629
      vertex 3.2 8.76537 27.8478
      vertex 3.2 9.11114 27.6629
    endloop
  endfacet
  facet normal 0 -0.634358 -0.773039
    outer loop
      vertex 3.2 9.11114 27.6629
      vertex 9.79 9.41421 27.4142
      vertex 9.79 9.11114 27.6629
    endloop
  endfacet
  facet normal -0 -0.634358 -0.773039
    outer loop
      vertex 9.79 9.41421 27.4142
      vertex 3.2 9.11114 27.6629
      vertex 3.2 9.41421 27.4142
    endloop
  endfacet
  facet normal 0 -0.290255 -0.956949
    outer loop
      vertex 3.2 8.39018 27.9616
      vertex 9.79 8.76537 27.8478
      vertex 9.79 8.39018 27.9616
    endloop
  endfacet
  facet normal -0 -0.290255 -0.956949
    outer loop
      vertex 9.79 8.76537 27.8478
      vertex 3.2 8.39018 27.9616
      vertex 3.2 8.76537 27.8478
    endloop
  endfacet
  facet normal 0 -0.881879 -0.471475
    outer loop
      vertex 3.2 9.84776 26.7654
      vertex 9.79 9.66294 27.1111
      vertex 3.2 9.66294 27.1111
    endloop
  endfacet
  facet normal 0 -0.881879 -0.471475
    outer loop
      vertex 9.79 9.66294 27.1111
      vertex 3.2 9.84776 26.7654
      vertex 9.79 9.84776 26.7654
    endloop
  endfacet
  facet normal 0 -0.995185 -0.0980137
    outer loop
      vertex 3.2 10 26
      vertex 9.79 9.96157 26.3902
      vertex 3.2 9.96157 26.3902
    endloop
  endfacet
  facet normal 0 -0.995185 -0.0980137
    outer loop
      vertex 9.79 9.96157 26.3902
      vertex 3.2 10 26
      vertex 9.79 10 26
    endloop
  endfacet
  facet normal -0 0.0979429 0.995192
    outer loop
      vertex 3.2 8 24
      vertex 9.79 7.60982 24.0384
      vertex 9.79 8 24
    endloop
  endfacet
  facet normal 0 0.0979429 0.995192
    outer loop
      vertex 9.79 7.60982 24.0384
      vertex 3.2 8 24
      vertex 3.2 7.60982 24.0384
    endloop
  endfacet
  facet normal 0 -0.47156 0.881834
    outer loop
      vertex 3.2 9.11114 24.3371
      vertex 9.79 8.76537 24.1522
      vertex 9.79 9.11114 24.3371
    endloop
  endfacet
  facet normal 0 -0.47156 0.881834
    outer loop
      vertex 9.79 8.76537 24.1522
      vertex 3.2 9.11114 24.3371
      vertex 3.2 8.76537 24.1522
    endloop
  endfacet
  facet normal 0 -0.773033 0.634366
    outer loop
      vertex 3.2 9.41421 24.5858
      vertex 9.79 9.66294 24.8889
      vertex 3.2 9.66294 24.8889
    endloop
  endfacet
  facet normal 0 -0.773033 0.634366
    outer loop
      vertex 9.79 9.66294 24.8889
      vertex 3.2 9.41421 24.5858
      vertex 9.79 9.41421 24.5858
    endloop
  endfacet
  facet normal 0 -0.956944 0.290271
    outer loop
      vertex 3.2 9.84776 25.2346
      vertex 9.79 9.96157 25.6098
      vertex 3.2 9.96157 25.6098
    endloop
  endfacet
  facet normal 0 -0.956944 0.290271
    outer loop
      vertex 9.79 9.96157 25.6098
      vertex 3.2 9.84776 25.2346
      vertex 9.79 9.84776 25.2346
    endloop
  endfacet
  facet normal -0 0.47156 0.881834
    outer loop
      vertex 3.2 7.23463 24.1522
      vertex 9.79 6.88886 24.3371
      vertex 9.79 7.23463 24.1522
    endloop
  endfacet
  facet normal 0 0.47156 0.881834
    outer loop
      vertex 9.79 6.88886 24.3371
      vertex 3.2 7.23463 24.1522
      vertex 3.2 6.88886 24.3371
    endloop
  endfacet
  facet normal 0 0.956944 -0.290271
    outer loop
      vertex 9.79 6.03843 26.3902
      vertex 3.2 6.15224 26.7654
      vertex 9.79 6.15224 26.7654
    endloop
  endfacet
  facet normal 0 0.956944 -0.290271
    outer loop
      vertex 3.2 6.15224 26.7654
      vertex 9.79 6.03843 26.3902
      vertex 3.2 6.03843 26.3902
    endloop
  endfacet
  facet normal -1 0 0
    outer loop
      vertex 9.79 9.96157 25.6098
      vertex 9.79 9.96157 26.3902
      vertex 9.79 10 26
    endloop
  endfacet
  facet normal -1 0 0
    outer loop
      vertex 9.79 9.84776 25.2346
      vertex 9.79 9.96157 26.3902
      vertex 9.79 9.96157 25.6098
    endloop
  endfacet
  facet normal -1 0 0
    outer loop
      vertex 9.79 9.84776 25.2346
      vertex 9.79 9.84776 26.7654
      vertex 9.79 9.96157 26.3902
    endloop
  endfacet
  facet normal -1 0 0
    outer loop
      vertex 9.79 9.66294 24.8889
      vertex 9.79 9.84776 26.7654
      vertex 9.79 9.84776 25.2346
    endloop
  endfacet
  facet normal -1 0 0
    outer loop
      vertex 9.79 9.66294 24.8889
      vertex 9.79 9.66294 27.1111
      vertex 9.79 9.84776 26.7654
    endloop
  endfacet
  facet normal -1 0 0
    outer loop
      vertex 9.79 9.41421 24.5858
      vertex 9.79 9.66294 27.1111
      vertex 9.79 9.66294 24.8889
    endloop
  endfacet
  facet normal -1 0 0
    outer loop
      vertex 9.79 9.41421 24.5858
      vertex 9.79 9.41421 27.4142
      vertex 9.79 9.66294 27.1111
    endloop
  endfacet
  facet normal -1 0 0
    outer loop
      vertex 9.79 9.11114 24.3371
      vertex 9.79 9.41421 27.4142
      vertex 9.79 9.41421 24.5858
    endloop
  endfacet
  facet normal -1 0 0
    outer loop
      vertex 9.79 9.11114 24.3371
      vertex 9.79 9.11114 27.6629
      vertex 9.79 9.41421 27.4142
    endloop
  endfacet
  facet normal -1 0 0
    outer loop
      vertex 9.79 8.76537 24.1522
      vertex 9.79 9.11114 27.6629
      vertex 9.79 9.11114 24.3371
    endloop
  endfacet
  facet normal -1 0 0
    outer loop
      vertex 9.79 8.76537 24.1522
      vertex 9.79 8.76537 27.8478
      vertex 9.79 9.11114 27.6629
    endloop
  endfacet
  facet normal -1 0 0
    outer loop
      vertex 9.79 8.39018 24.0384
      vertex 9.79 8.76537 27.8478
      vertex 9.79 8.76537 24.1522
    endloop
  endfacet
  facet normal -1 0 0
    outer loop
      vertex 9.79 8.39018 24.0384
      vertex 9.79 8.39018 27.9616
      vertex 9.79 8.76537 27.8478
    endloop
  endfacet
  facet normal -1 0 0
    outer loop
      vertex 9.79 8 24
      vertex 9.79 8.39018 27.9616
      vertex 9.79 8.39018 24.0384
    endloop
  endfacet
  facet normal -1 0 0
    outer loop
      vertex 9.79 8 24
      vertex 9.79 8 28
      vertex 9.79 8.39018 27.9616
    endloop
  endfacet
  facet normal -1 0 0
    outer loop
      vertex 9.79 7.60982 24.0384
      vertex 9.79 8 28
      vertex 9.79 8 24
    endloop
  endfacet
  facet normal -1 0 0
    outer loop
      vertex 9.79 7.60982 24.0384
      vertex 9.79 7.60982 27.9616
      vertex 9.79 8 28
    endloop
  endfacet
  facet normal -1 0 0
    outer loop
      vertex 9.79 7.23463 24.1522
      vertex 9.79 7.60982 27.9616
      vertex 9.79 7.60982 24.0384
    endloop
  endfacet
  facet normal -1 0 0
    outer loop
      vertex 9.79 7.23463 24.1522
      vertex 9.79 7.23463 27.8478
      vertex 9.79 7.60982 27.9616
    endloop
  endfacet
  facet normal -1 0 0
    outer loop
      vertex 9.79 6.88886 24.3371
      vertex 9.79 7.23463 27.8478
      vertex 9.79 7.23463 24.1522
    endloop
  endfacet
  facet normal -1 0 0
    outer loop
      vertex 9.79 6.88886 24.3371
      vertex 9.79 6.88886 27.6629
      vertex 9.79 7.23463 27.8478
    endloop
  endfacet
  facet normal -1 0 0
    outer loop
      vertex 9.79 6.58579 24.5858
      vertex 9.79 6.88886 27.6629
      vertex 9.79 6.88886 24.3371
    endloop
  endfacet
  facet normal -1 0 0
    outer loop
      vertex 9.79 6.58579 24.5858
      vertex 9.79 6.58579 27.4142
      vertex 9.79 6.88886 27.6629
    endloop
  endfacet
  facet normal -1 0 0
    outer loop
      vertex 9.79 6.33706 24.8889
      vertex 9.79 6.58579 27.4142
      vertex 9.79 6.58579 24.5858
    endloop
  endfacet
  facet normal -1 0 0
    outer loop
      vertex 9.79 6.33706 24.8889
      vertex 9.79 6.33706 27.1111
      vertex 9.79 6.58579 27.4142
    endloop
  endfacet
  facet normal -1 0 0
    outer loop
      vertex 9.79 6.15224 25.2346
      vertex 9.79 6.33706 27.1111
      vertex 9.79 6.33706 24.8889
    endloop
  endfacet
  facet normal -1 0 0
    outer loop
      vertex 9.79 6.15224 25.2346
      vertex 9.79 6.15224 26.7654
      vertex 9.79 6.33706 27.1111
    endloop
  endfacet
  facet normal -1 0 0
    outer loop
      vertex 9.79 6.03843 25.6098
      vertex 9.79 6.15224 26.7654
      vertex 9.79 6.15224 25.2346
    endloop
  endfacet
  facet normal -1 0 0
    outer loop
      vertex 9.79 6.03843 25.6098
      vertex 9.79 6.03843 26.3902
      vertex 9.79 6.15224 26.7654
    endloop
  endfacet
  facet normal -1 0 -0
    outer loop
      vertex 9.79 6.03843 26.3902
      vertex 9.79 6.03843 25.6098
      vertex 9.79 6 26
    endloop
  endfacet
  facet normal 0 0.47156 -0.881834
    outer loop
      vertex 3.2 6.88886 27.6629
      vertex 9.79 7.23463 27.8478
      vertex 9.79 6.88886 27.6629
    endloop
  endfacet
  facet normal 0 0.47156 -0.881834
    outer loop
      vertex 9.79 7.23463 27.8478
      vertex 3.2 6.88886 27.6629
      vertex 3.2 7.23463 27.8478
    endloop
  endfacet
  facet normal 0 0.773033 0.634366
    outer loop
      vertex 9.79 6.58579 24.5858
      vertex 3.2 6.33706 24.8889
      vertex 9.79 6.33706 24.8889
    endloop
  endfacet
  facet normal 0 0.773033 0.634366
    outer loop
      vertex 3.2 6.33706 24.8889
      vertex 9.79 6.58579 24.5858
      vertex 3.2 6.58579 24.5858
    endloop
  endfacet
  facet normal -0 0.290255 0.956949
    outer loop
      vertex 3.2 7.60982 24.0384
      vertex 9.79 7.23463 24.1522
      vertex 9.79 7.60982 24.0384
    endloop
  endfacet
  facet normal 0 0.290255 0.956949
    outer loop
      vertex 9.79 7.23463 24.1522
      vertex 3.2 7.60982 24.0384
      vertex 3.2 7.23463 24.1522
    endloop
  endfacet
  facet normal 0 0.995185 -0.0980137
    outer loop
      vertex 9.79 6 26
      vertex 3.2 6.03843 26.3902
      vertex 9.79 6.03843 26.3902
    endloop
  endfacet
  facet normal 0 0.995185 -0.0980137
    outer loop
      vertex 3.2 6.03843 26.3902
      vertex 9.79 6 26
      vertex 3.2 6 26
    endloop
  endfacet
  facet normal 0 0.881879 -0.471475
    outer loop
      vertex 9.79 6.15224 26.7654
      vertex 3.2 6.33706 27.1111
      vertex 9.79 6.33706 27.1111
    endloop
  endfacet
  facet normal 0 0.881879 -0.471475
    outer loop
      vertex 3.2 6.33706 27.1111
      vertex 9.79 6.15224 26.7654
      vertex 3.2 6.15224 26.7654
    endloop
  endfacet
  facet normal 0 0.773033 -0.634366
    outer loop
      vertex 9.79 6.33706 27.1111
      vertex 3.2 6.58579 27.4142
      vertex 9.79 6.58579 27.4142
    endloop
  endfacet
  facet normal 0 0.773033 -0.634366
    outer loop
      vertex 3.2 6.58579 27.4142
      vertex 9.79 6.33706 27.1111
      vertex 3.2 6.33706 27.1111
    endloop
  endfacet
  facet normal 0 0.634358 -0.773039
    outer loop
      vertex 3.2 6.58579 27.4142
      vertex 9.79 6.88886 27.6629
      vertex 9.79 6.58579 27.4142
    endloop
  endfacet
  facet normal 0 0.634358 -0.773039
    outer loop
      vertex 9.79 6.88886 27.6629
      vertex 3.2 6.58579 27.4142
      vertex 3.2 6.88886 27.6629
    endloop
  endfacet
  facet normal 0 0.0979429 -0.995192
    outer loop
      vertex 3.2 7.60982 27.9616
      vertex 9.79 8 28
      vertex 9.79 7.60982 27.9616
    endloop
  endfacet
  facet normal 0 0.0979429 -0.995192
    outer loop
      vertex 9.79 8 28
      vertex 3.2 7.60982 27.9616
      vertex 3.2 8 28
    endloop
  endfacet
  facet normal 0 0.881879 0.471475
    outer loop
      vertex 9.79 6.33706 24.8889
      vertex 3.2 6.15224 25.2346
      vertex 9.79 6.15224 25.2346
    endloop
  endfacet
  facet normal 0 0.881879 0.471475
    outer loop
      vertex 3.2 6.15224 25.2346
      vertex 9.79 6.33706 24.8889
      vertex 3.2 6.33706 24.8889
    endloop
  endfacet
  facet normal 0 0.956944 0.290271
    outer loop
      vertex 9.79 6.15224 25.2346
      vertex 3.2 6.03843 25.6098
      vertex 9.79 6.03843 25.6098
    endloop
  endfacet
  facet normal 0 0.956944 0.290271
    outer loop
      vertex 3.2 6.03843 25.6098
      vertex 9.79 6.15224 25.2346
      vertex 3.2 6.15224 25.2346
    endloop
  endfacet
  facet normal -0 0.634358 0.773039
    outer loop
      vertex 3.2 6.88886 24.3371
      vertex 9.79 6.58579 24.5858
      vertex 9.79 6.88886 24.3371
    endloop
  endfacet
  facet normal 0 0.634358 0.773039
    outer loop
      vertex 9.79 6.58579 24.5858
      vertex 3.2 6.88886 24.3371
      vertex 3.2 6.58579 24.5858
    endloop
  endfacet
  facet normal 0 0.290255 -0.956949
    outer loop
      vertex 3.2 7.23463 27.8478
      vertex 9.79 7.60982 27.9616
      vertex 9.79 7.23463 27.8478
    endloop
  endfacet
  facet normal 0 0.290255 -0.956949
    outer loop
      vertex 9.79 7.60982 27.9616
      vertex 3.2 7.23463 27.8478
      vertex 3.2 7.60982 27.9616
    endloop
  endfacet
  facet normal -1 0 0
    outer loop
      vertex 241.4 14 20
      vertex 241.4 12.5 26
      vertex 241.4 14 32
    endloop
  endfacet
  facet normal -1 0 0
    outer loop
      vertex 241.4 14 20
      vertex 241.4 12.4135 25.1221
      vertex 241.4 12.5 26
    endloop
  endfacet
  facet normal -1 0 0
    outer loop
      vertex 241.4 14 20
      vertex 241.4 12.1575 24.2779
      vertex 241.4 12.4135 25.1221
    endloop
  endfacet
  facet normal -1 0 0
    outer loop
      vertex 241.4 14 20
      vertex 241.4 11.7416 23.4999
      vertex 241.4 12.1575 24.2779
    endloop
  endfacet
  facet normal -1 0 0
    outer loop
      vertex 241.4 14 20
      vertex 241.4 11.182 22.818
      vertex 241.4 11.7416 23.4999
    endloop
  endfacet
  facet normal -1 0 0
    outer loop
      vertex 241.4 14 20
      vertex 241.4 10.5001 22.2584
      vertex 241.4 11.182 22.818
    endloop
  endfacet
  facet normal -1 0 0
    outer loop
      vertex 241.4 14 20
      vertex 241.4 9.72207 21.8425
      vertex 241.4 10.5001 22.2584
    endloop
  endfacet
  facet normal -1 0 0
    outer loop
      vertex 241.4 14 20
      vertex 241.4 8.87791 21.5865
      vertex 241.4 9.72207 21.8425
    endloop
  endfacet
  facet normal -1 0 0
    outer loop
      vertex 241.4 14 20
      vertex 241.4 8 21.5
      vertex 241.4 8.87791 21.5865
    endloop
  endfacet
  facet normal -1 0 0
    outer loop
      vertex 241.4 14 20
      vertex 241.4 7.12209 21.5865
      vertex 241.4 8 21.5
    endloop
  endfacet
  facet normal -1 -0 0
    outer loop
      vertex 241.4 3.58647 25.1221
      vertex 241.4 -3 20
      vertex 241.4 3.5 26
    endloop
  endfacet
  facet normal -1 -0 0
    outer loop
      vertex 241.4 3.84254 24.2779
      vertex 241.4 -3 20
      vertex 241.4 3.58647 25.1221
    endloop
  endfacet
  facet normal -1 -0 0
    outer loop
      vertex 241.4 4.25839 23.4999
      vertex 241.4 -3 20
      vertex 241.4 3.84254 24.2779
    endloop
  endfacet
  facet normal -1 -0 0
    outer loop
      vertex 241.4 4.81802 22.818
      vertex 241.4 -3 20
      vertex 241.4 4.25839 23.4999
    endloop
  endfacet
  facet normal -1 -0 0
    outer loop
      vertex 241.4 5.49993 22.2584
      vertex 241.4 -3 20
      vertex 241.4 4.81802 22.818
    endloop
  endfacet
  facet normal -1 -0 0
    outer loop
      vertex 241.4 6.27792 21.8425
      vertex 241.4 -3 20
      vertex 241.4 5.49993 22.2584
    endloop
  endfacet
  facet normal -1 -0 0
    outer loop
      vertex 241.4 7.12209 21.5865
      vertex 241.4 -3 20
      vertex 241.4 6.27792 21.8425
    endloop
  endfacet
  facet normal -1 0 0
    outer loop
      vertex 241.4 -3 20
      vertex 241.4 7.12209 21.5865
      vertex 241.4 14 20
    endloop
  endfacet
  facet normal -1 0 0
    outer loop
      vertex 241.4 12.4135 26.8779
      vertex 241.4 14 32
      vertex 241.4 12.5 26
    endloop
  endfacet
  facet normal -1 0 0
    outer loop
      vertex 241.4 12.1575 27.7221
      vertex 241.4 14 32
      vertex 241.4 12.4135 26.8779
    endloop
  endfacet
  facet normal -1 0 0
    outer loop
      vertex 241.4 11.7416 28.5001
      vertex 241.4 14 32
      vertex 241.4 12.1575 27.7221
    endloop
  endfacet
  facet normal -1 0 0
    outer loop
      vertex 241.4 11.182 29.182
      vertex 241.4 14 32
      vertex 241.4 11.7416 28.5001
    endloop
  endfacet
  facet normal -1 0 0
    outer loop
      vertex 241.4 10.5001 29.7416
      vertex 241.4 14 32
      vertex 241.4 11.182 29.182
    endloop
  endfacet
  facet normal -1 0 0
    outer loop
      vertex 241.4 9.72207 30.1575
      vertex 241.4 14 32
      vertex 241.4 10.5001 29.7416
    endloop
  endfacet
  facet normal -1 0 0
    outer loop
      vertex 241.4 8.87791 30.4135
      vertex 241.4 14 32
      vertex 241.4 9.72207 30.1575
    endloop
  endfacet
  facet normal -1 0 0
    outer loop
      vertex 241.4 8 30.5
      vertex 241.4 14 32
      vertex 241.4 8.87791 30.4135
    endloop
  endfacet
  facet normal -1 0 0
    outer loop
      vertex 241.4 7.12209 30.4135
      vertex 241.4 14 32
      vertex 241.4 8 30.5
    endloop
  endfacet
  facet normal -1 0 0
    outer loop
      vertex 241.4 -3 32
      vertex 241.4 3.5 26
      vertex 241.4 -3 20
    endloop
  endfacet
  facet normal -1 0 0
    outer loop
      vertex 241.4 3.5 26
      vertex 241.4 -3 32
      vertex 241.4 3.58647 26.8779
    endloop
  endfacet
  facet normal -1 0 0
    outer loop
      vertex 241.4 3.58647 26.8779
      vertex 241.4 -3 32
      vertex 241.4 3.84254 27.7221
    endloop
  endfacet
  facet normal -1 0 0
    outer loop
      vertex 241.4 3.84254 27.7221
      vertex 241.4 -3 32
      vertex 241.4 4.25839 28.5001
    endloop
  endfacet
  facet normal -1 0 0
    outer loop
      vertex 241.4 7.12209 30.4135
      vertex 241.4 -3 32
      vertex 241.4 14 32
    endloop
  endfacet
  facet normal -1 0 0
    outer loop
      vertex 241.4 6.27792 30.1575
      vertex 241.4 -3 32
      vertex 241.4 7.12209 30.4135
    endloop
  endfacet
  facet normal -1 0 0
    outer loop
      vertex 241.4 5.49993 29.7416
      vertex 241.4 -3 32
      vertex 241.4 6.27792 30.1575
    endloop
  endfacet
  facet normal -1 0 0
    outer loop
      vertex 241.4 4.81802 29.182
      vertex 241.4 -3 32
      vertex 241.4 5.49993 29.7416
    endloop
  endfacet
  facet normal -1 0 0
    outer loop
      vertex 241.4 4.25839 28.5001
      vertex 241.4 -3 32
      vertex 241.4 4.81802 29.182
    endloop
  endfacet
  facet normal -0 0 1
    outer loop
      vertex 241.4 14 32
      vertex 244.4 -1.8 32
      vertex 244.4 14 32
    endloop
  endfacet
  facet normal 0 0 1
    outer loop
      vertex 241.4 -3 32
      vertex 244.4 -1.8 32
      vertex 241.4 14 32
    endloop
  endfacet
  facet normal 0 0 1
    outer loop
      vertex 244.4 -1.8 32
      vertex 241.4 -3 32
      vertex 244.2 -3 32
    endloop
  endfacet
  facet normal 0 0 1
    outer loop
      vertex 244.2 -3 32
      vertex 244.593 -1.8 32
      vertex 244.4 -1.8 32
    endloop
  endfacet
  facet normal 0 0 1
    outer loop
      vertex 244.593 -1.8 32
      vertex 244.2 -3 32
      vertex 244.593 -4 32
    endloop
  endfacet
  facet normal 0 0 1
    outer loop
      vertex 244.593 -4 32
      vertex 244.2 -3 32
      vertex 244.2 -4 32
    endloop
  endfacet
  facet normal 1 0 0
    outer loop
      vertex 244.4 14 32
      vertex 244.4 10 26
      vertex 244.4 14 20
    endloop
  endfacet
  facet normal 1 0 0
    outer loop
      vertex 244.4 14 32
      vertex 244.4 9.96157 26.3902
      vertex 244.4 10 26
    endloop
  endfacet
  facet normal 1 0 0
    outer loop
      vertex 244.4 14 32
      vertex 244.4 9.84776 26.7654
      vertex 244.4 9.96157 26.3902
    endloop
  endfacet
  facet normal 1 0 0
    outer loop
      vertex 244.4 14 32
      vertex 244.4 9.66294 27.1111
      vertex 244.4 9.84776 26.7654
    endloop
  endfacet
  facet normal 1 0 0
    outer loop
      vertex 244.4 14 32
      vertex 244.4 9.41421 27.4142
      vertex 244.4 9.66294 27.1111
    endloop
  endfacet
  facet normal 1 0 0
    outer loop
      vertex 244.4 14 32
      vertex 244.4 9.11114 27.6629
      vertex 244.4 9.41421 27.4142
    endloop
  endfacet
  facet normal 1 0 0
    outer loop
      vertex 244.4 14 32
      vertex 244.4 8.76537 27.8478
      vertex 244.4 9.11114 27.6629
    endloop
  endfacet
  facet normal 1 0 0
    outer loop
      vertex 244.4 14 32
      vertex 244.4 8.39018 27.9616
      vertex 244.4 8.76537 27.8478
    endloop
  endfacet
  facet normal 1 0 0
    outer loop
      vertex 244.4 14 32
      vertex 244.4 8 28
      vertex 244.4 8.39018 27.9616
    endloop
  endfacet
  facet normal 1 0 0
    outer loop
      vertex 244.4 14 32
      vertex 244.4 7.60982 27.9616
      vertex 244.4 8 28
    endloop
  endfacet
  facet normal 1 -0 0
    outer loop
      vertex 244.4 -1.8 32
      vertex 244.4 7.60982 27.9616
      vertex 244.4 14 32
    endloop
  endfacet
  facet normal 1 0 0
    outer loop
      vertex 244.4 7.60982 27.9616
      vertex 244.4 -1.8 32
      vertex 244.4 7.23463 27.8478
    endloop
  endfacet
  facet normal 1 0 0
    outer loop
      vertex 244.4 6.03843 26.3902
      vertex 244.4 -1.8 32
      vertex 244.4 6 26
    endloop
  endfacet
  facet normal 1 0 0
    outer loop
      vertex 244.4 6.15224 26.7654
      vertex 244.4 -1.8 32
      vertex 244.4 6.03843 26.3902
    endloop
  endfacet
  facet normal 1 0 0
    outer loop
      vertex 244.4 6.33706 27.1111
      vertex 244.4 -1.8 32
      vertex 244.4 6.15224 26.7654
    endloop
  endfacet
  facet normal 1 0 0
    outer loop
      vertex 244.4 6.58579 27.4142
      vertex 244.4 -1.8 32
      vertex 244.4 6.33706 27.1111
    endloop
  endfacet
  facet normal 1 0 0
    outer loop
      vertex 244.4 6.88886 27.6629
      vertex 244.4 -1.8 32
      vertex 244.4 6.58579 27.4142
    endloop
  endfacet
  facet normal 1 0 0
    outer loop
      vertex 244.4 7.23463 27.8478
      vertex 244.4 -1.8 32
      vertex 244.4 6.88886 27.6629
    endloop
  endfacet
  facet normal 1 -0 0
    outer loop
      vertex 244.4 9.96157 25.6098
      vertex 244.4 14 20
      vertex 244.4 10 26
    endloop
  endfacet
  facet normal 1 -0 0
    outer loop
      vertex 244.4 9.84776 25.2346
      vertex 244.4 14 20
      vertex 244.4 9.96157 25.6098
    endloop
  endfacet
  facet normal 1 -0 0
    outer loop
      vertex 244.4 9.66294 24.8889
      vertex 244.4 14 20
      vertex 244.4 9.84776 25.2346
    endloop
  endfacet
  facet normal 1 -0 0
    outer loop
      vertex 244.4 9.41421 24.5858
      vertex 244.4 14 20
      vertex 244.4 9.66294 24.8889
    endloop
  endfacet
  facet normal 1 -0 0
    outer loop
      vertex 244.4 9.11114 24.3371
      vertex 244.4 14 20
      vertex 244.4 9.41421 24.5858
    endloop
  endfacet
  facet normal 1 -0 0
    outer loop
      vertex 244.4 8.76537 24.1522
      vertex 244.4 14 20
      vertex 244.4 9.11114 24.3371
    endloop
  endfacet
  facet normal 1 -0 0
    outer loop
      vertex 244.4 8.39018 24.0384
      vertex 244.4 14 20
      vertex 244.4 8.76537 24.1522
    endloop
  endfacet
  facet normal 1 -0 0
    outer loop
      vertex 244.4 8 24
      vertex 244.4 14 20
      vertex 244.4 8.39018 24.0384
    endloop
  endfacet
  facet normal 1 0 0
    outer loop
      vertex 244.4 7.60982 24.0384
      vertex 244.4 14 20
      vertex 244.4 8 24
    endloop
  endfacet
  facet normal 1 0 0
    outer loop
      vertex 244.4 -1.8 20
      vertex 244.4 7.60982 24.0384
      vertex 244.4 7.23463 24.1522
    endloop
  endfacet
  facet normal 1 0 0
    outer loop
      vertex 244.4 -1.8 20
      vertex 244.4 7.23463 24.1522
      vertex 244.4 6.88886 24.3371
    endloop
  endfacet
  facet normal 1 0 0
    outer loop
      vertex 244.4 -1.8 20
      vertex 244.4 6 26
      vertex 244.4 -1.8 32
    endloop
  endfacet
  facet normal 1 0 0
    outer loop
      vertex 244.4 6 26
      vertex 244.4 -1.8 20
      vertex 244.4 6.03843 25.6098
    endloop
  endfacet
  facet normal 1 0 0
    outer loop
      vertex 244.4 6.03843 25.6098
      vertex 244.4 -1.8 20
      vertex 244.4 6.15224 25.2346
    endloop
  endfacet
  facet normal 1 0 0
    outer loop
      vertex 244.4 6.15224 25.2346
      vertex 244.4 -1.8 20
      vertex 244.4 6.33706 24.8889
    endloop
  endfacet
  facet normal 1 0 0
    outer loop
      vertex 244.4 7.60982 24.0384
      vertex 244.4 -1.8 20
      vertex 244.4 14 20
    endloop
  endfacet
  facet normal 1 0 0
    outer loop
      vertex 244.4 6.58579 24.5858
      vertex 244.4 -1.8 20
      vertex 244.4 6.88886 24.3371
    endloop
  endfacet
  facet normal 1 0 0
    outer loop
      vertex 244.4 6.33706 24.8889
      vertex 244.4 -1.8 20
      vertex 244.4 6.58579 24.5858
    endloop
  endfacet
  facet normal 0 0 -1
    outer loop
      vertex 244.2 -3 20
      vertex 244.593 -2.03991 20
      vertex 244.593 -4 20
    endloop
  endfacet
  facet normal 0 0 -1
    outer loop
      vertex 244.2 -3 20
      vertex 244.593 -4 20
      vertex 244.2 -4 20
    endloop
  endfacet
  facet normal -0 0 -1
    outer loop
      vertex 244.593 -2.03991 20
      vertex 244.2 -3 20
      vertex 244.4 -1.8 20
    endloop
  endfacet
  facet normal 0 0 -1
    outer loop
      vertex 241.4 -3 20
      vertex 244.4 -1.8 20
      vertex 244.2 -3 20
    endloop
  endfacet
  facet normal -0 0 -1
    outer loop
      vertex 244.4 -1.8 20
      vertex 241.4 -3 20
      vertex 241.4 14 20
    endloop
  endfacet
  facet normal 0 0 -1
    outer loop
      vertex 244.4 -1.8 20
      vertex 241.4 14 20
      vertex 244.4 14 20
    endloop
  endfacet
  facet normal 0 0 -1
    outer loop
      vertex 244.593 -2.03991 20
      vertex 244.6 -1.8 20
      vertex 244.6 -2.03991 20
    endloop
  endfacet
  facet normal -0 0 -1
    outer loop
      vertex 244.6 -1.8 20
      vertex 244.593 -2.03991 20
      vertex 244.4 -1.8 20
    endloop
  endfacet
  facet normal 0 -1 0
    outer loop
      vertex 241.4 -3 20
      vertex 244.2 -3 32
      vertex 241.4 -3 32
    endloop
  endfacet
  facet normal 0 -1 -0
    outer loop
      vertex 244.2 -3 32
      vertex 241.4 -3 20
      vertex 244.2 -3 20
    endloop
  endfacet
  facet normal 0 1 -0
    outer loop
      vertex 244.4 14 20
      vertex 241.4 14 32
      vertex 244.4 14 32
    endloop
  endfacet
  facet normal 0 1 0
    outer loop
      vertex 241.4 14 32
      vertex 244.4 14 20
      vertex 241.4 14 20
    endloop
  endfacet
  facet normal -1 0 0
    outer loop
      vertex 244.2 -4 20
      vertex 244.2 -3 32
      vertex 244.2 -3 20
    endloop
  endfacet
  facet normal -1 -0 0
    outer loop
      vertex 244.2 -3 32
      vertex 244.2 -4 20
      vertex 244.2 -4 32
    endloop
  endfacet
  facet normal 0 1 0
    outer loop
      vertex 244.6 -1.8 22.7422
      vertex 244.6 -1.8 20
      vertex 244.593 -1.8 22.7422
    endloop
  endfacet
  facet normal 0 1 -0
    outer loop
      vertex 244.593 -1.8 22.7422
      vertex 244.4 -1.8 32
      vertex 244.593 -1.8 32
    endloop
  endfacet
  facet normal 0 1 0
    outer loop
      vertex 244.4 -1.8 20
      vertex 244.593 -1.8 22.7422
      vertex 244.6 -1.8 20
    endloop
  endfacet
  facet normal 0 1 0
    outer loop
      vertex 244.593 -1.8 22.7422
      vertex 244.4 -1.8 20
      vertex 244.4 -1.8 32
    endloop
  endfacet
  facet normal 0 -1 0
    outer loop
      vertex 244.2 -4 20
      vertex 244.593 -4 32
      vertex 244.2 -4 32
    endloop
  endfacet
  facet normal 0 -1 -0
    outer loop
      vertex 244.593 -4 32
      vertex 244.2 -4 20
      vertex 244.593 -4 20
    endloop
  endfacet
  facet normal 0 0.471427 -0.881905
    outer loop
      vertex 234.3 9.72207 21.8425
      vertex 241.4 10.5001 22.2584
      vertex 241.4 9.72207 21.8425
    endloop
  endfacet
  facet normal 0 0.471427 -0.881905
    outer loop
      vertex 241.4 10.5001 22.2584
      vertex 234.3 9.72207 21.8425
      vertex 234.3 10.5001 22.2584
    endloop
  endfacet
  facet normal 0 0.290209 -0.956963
    outer loop
      vertex 234.3 8.87791 21.5865
      vertex 241.4 9.72207 21.8425
      vertex 241.4 8.87791 21.5865
    endloop
  endfacet
  facet normal 0 0.290209 -0.956963
    outer loop
      vertex 241.4 9.72207 21.8425
      vertex 234.3 8.87791 21.5865
      vertex 234.3 9.72207 21.8425
    endloop
  endfacet
  facet normal 0 0.956967 -0.290196
    outer loop
      vertex 241.4 12.1575 24.2779
      vertex 234.3 12.4135 25.1221
      vertex 241.4 12.4135 25.1221
    endloop
  endfacet
  facet normal 0 0.956967 -0.290196
    outer loop
      vertex 234.3 12.4135 25.1221
      vertex 241.4 12.1575 24.2779
      vertex 234.3 12.1575 24.2779
    endloop
  endfacet
  facet normal 0 0.881898 -0.471441
    outer loop
      vertex 241.4 11.7416 23.4999
      vertex 234.3 12.1575 24.2779
      vertex 241.4 12.1575 24.2779
    endloop
  endfacet
  facet normal 0 0.881898 -0.471441
    outer loop
      vertex 234.3 12.1575 24.2779
      vertex 241.4 11.7416 23.4999
      vertex 234.3 11.7416 23.4999
    endloop
  endfacet
  facet normal 0 0.956967 0.290196
    outer loop
      vertex 241.4 12.4135 26.8779
      vertex 234.3 12.1575 27.7221
      vertex 241.4 12.1575 27.7221
    endloop
  endfacet
  facet normal 0 0.956967 0.290196
    outer loop
      vertex 234.3 12.1575 27.7221
      vertex 241.4 12.4135 26.8779
      vertex 234.3 12.4135 26.8779
    endloop
  endfacet
  facet normal -0 0.471427 0.881905
    outer loop
      vertex 234.3 10.5001 29.7416
      vertex 241.4 9.72207 30.1575
      vertex 241.4 10.5001 29.7416
    endloop
  endfacet
  facet normal 0 0.471427 0.881905
    outer loop
      vertex 241.4 9.72207 30.1575
      vertex 234.3 10.5001 29.7416
      vertex 234.3 9.72207 30.1575
    endloop
  endfacet
  facet normal 0 -0.0980547 -0.995181
    outer loop
      vertex 234.3 7.12209 21.5865
      vertex 241.4 8 21.5
      vertex 241.4 7.12209 21.5865
    endloop
  endfacet
  facet normal -0 -0.0980547 -0.995181
    outer loop
      vertex 241.4 8 21.5
      vertex 234.3 7.12209 21.5865
      vertex 234.3 8 21.5
    endloop
  endfacet
  facet normal 0 -0.956945 -0.290269
    outer loop
      vertex 234.3 3.84254 24.2779
      vertex 241.4 3.58647 25.1221
      vertex 234.3 3.58647 25.1221
    endloop
  endfacet
  facet normal 0 -0.956945 -0.290269
    outer loop
      vertex 241.4 3.58647 25.1221
      vertex 234.3 3.84254 24.2779
      vertex 241.4 3.84254 24.2779
    endloop
  endfacet
  facet normal 0 0.995181 -0.0980558
    outer loop
      vertex 241.4 12.4135 25.1221
      vertex 234.3 12.5 26
      vertex 241.4 12.5 26
    endloop
  endfacet
  facet normal 0 0.995181 -0.0980558
    outer loop
      vertex 234.3 12.5 26
      vertex 241.4 12.4135 25.1221
      vertex 234.3 12.4135 25.1221
    endloop
  endfacet
  facet normal 0 0.773022 -0.634379
    outer loop
      vertex 241.4 11.182 22.818
      vertex 234.3 11.7416 23.4999
      vertex 241.4 11.7416 23.4999
    endloop
  endfacet
  facet normal 0 0.773022 -0.634379
    outer loop
      vertex 234.3 11.7416 23.4999
      vertex 241.4 11.182 22.818
      vertex 234.3 11.182 22.818
    endloop
  endfacet
  facet normal -0 0.0980547 0.995181
    outer loop
      vertex 234.3 8.87791 30.4135
      vertex 241.4 8 30.5
      vertex 241.4 8.87791 30.4135
    endloop
  endfacet
  facet normal 0 0.0980547 0.995181
    outer loop
      vertex 241.4 8 30.5
      vertex 234.3 8.87791 30.4135
      vertex 234.3 8 30.5
    endloop
  endfacet
  facet normal -0 0.634379 0.773022
    outer loop
      vertex 234.3 11.182 29.182
      vertex 241.4 10.5001 29.7416
      vertex 241.4 11.182 29.182
    endloop
  endfacet
  facet normal 0 0.634379 0.773022
    outer loop
      vertex 241.4 10.5001 29.7416
      vertex 234.3 11.182 29.182
      vertex 234.3 10.5001 29.7416
    endloop
  endfacet
  facet normal 0 0.881898 0.471441
    outer loop
      vertex 241.4 12.1575 27.7221
      vertex 234.3 11.7416 28.5001
      vertex 241.4 11.7416 28.5001
    endloop
  endfacet
  facet normal 0 0.881898 0.471441
    outer loop
      vertex 234.3 11.7416 28.5001
      vertex 241.4 12.1575 27.7221
      vertex 234.3 12.1575 27.7221
    endloop
  endfacet
  facet normal 0 0.995181 0.0980558
    outer loop
      vertex 241.4 12.5 26
      vertex 234.3 12.4135 26.8779
      vertex 241.4 12.4135 26.8779
    endloop
  endfacet
  facet normal 0 0.995181 0.0980558
    outer loop
      vertex 234.3 12.4135 26.8779
      vertex 241.4 12.5 26
      vertex 234.3 12.5 26
    endloop
  endfacet
  facet normal 0 0.773022 0.634379
    outer loop
      vertex 241.4 11.7416 28.5001
      vertex 234.3 11.182 29.182
      vertex 241.4 11.182 29.182
    endloop
  endfacet
  facet normal 0 0.773022 0.634379
    outer loop
      vertex 234.3 11.182 29.182
      vertex 241.4 11.7416 28.5001
      vertex 234.3 11.7416 28.5001
    endloop
  endfacet
  facet normal 0 0.0980547 -0.995181
    outer loop
      vertex 234.3 8 21.5
      vertex 241.4 8.87791 21.5865
      vertex 241.4 8 21.5
    endloop
  endfacet
  facet normal 0 0.0980547 -0.995181
    outer loop
      vertex 241.4 8.87791 21.5865
      vertex 234.3 8 21.5
      vertex 234.3 8.87791 21.5865
    endloop
  endfacet
  facet normal 0 -0.773005 -0.634399
    outer loop
      vertex 234.3 4.81802 22.818
      vertex 241.4 4.25839 23.4999
      vertex 234.3 4.25839 23.4999
    endloop
  endfacet
  facet normal 0 -0.773005 -0.634399
    outer loop
      vertex 241.4 4.25839 23.4999
      vertex 234.3 4.81802 22.818
      vertex 241.4 4.81802 22.818
    endloop
  endfacet
  facet normal 0 -0.290206 -0.956964
    outer loop
      vertex 234.3 6.27792 21.8425
      vertex 241.4 7.12209 21.5865
      vertex 241.4 6.27792 21.8425
    endloop
  endfacet
  facet normal -0 -0.290206 -0.956964
    outer loop
      vertex 241.4 7.12209 21.5865
      vertex 234.3 6.27792 21.8425
      vertex 234.3 7.12209 21.5865
    endloop
  endfacet
  facet normal 0 -0.773005 0.634399
    outer loop
      vertex 234.3 4.25839 28.5001
      vertex 241.4 4.81802 29.182
      vertex 234.3 4.81802 29.182
    endloop
  endfacet
  facet normal 0 -0.773005 0.634399
    outer loop
      vertex 241.4 4.81802 29.182
      vertex 234.3 4.25839 28.5001
      vertex 241.4 4.25839 28.5001
    endloop
  endfacet
  facet normal 0 0.634379 -0.773022
    outer loop
      vertex 234.3 10.5001 22.2584
      vertex 241.4 11.182 22.818
      vertex 241.4 10.5001 22.2584
    endloop
  endfacet
  facet normal 0 0.634379 -0.773022
    outer loop
      vertex 241.4 11.182 22.818
      vertex 234.3 10.5001 22.2584
      vertex 234.3 11.182 22.818
    endloop
  endfacet
  facet normal -0 0.290209 0.956963
    outer loop
      vertex 234.3 9.72207 30.1575
      vertex 241.4 8.87791 30.4135
      vertex 241.4 9.72207 30.1575
    endloop
  endfacet
  facet normal 0 0.290209 0.956963
    outer loop
      vertex 241.4 8.87791 30.4135
      vertex 234.3 9.72207 30.1575
      vertex 234.3 8.87791 30.4135
    endloop
  endfacet
  facet normal 0 -0.471446 -0.881895
    outer loop
      vertex 234.3 5.49993 22.2584
      vertex 241.4 6.27792 21.8425
      vertex 241.4 5.49993 22.2584
    endloop
  endfacet
  facet normal -0 -0.471446 -0.881895
    outer loop
      vertex 241.4 6.27792 21.8425
      vertex 234.3 5.49993 22.2584
      vertex 234.3 6.27792 21.8425
    endloop
  endfacet
  facet normal 0 -0.995184 -0.0980221
    outer loop
      vertex 234.3 3.58647 25.1221
      vertex 241.4 3.5 26
      vertex 234.3 3.5 26
    endloop
  endfacet
  facet normal 0 -0.995184 -0.0980221
    outer loop
      vertex 241.4 3.5 26
      vertex 234.3 3.58647 25.1221
      vertex 241.4 3.58647 25.1221
    endloop
  endfacet
  facet normal 0 -0.634374 0.773027
    outer loop
      vertex 234.3 5.49993 29.7416
      vertex 241.4 4.81802 29.182
      vertex 241.4 5.49993 29.7416
    endloop
  endfacet
  facet normal 0 -0.634374 0.773027
    outer loop
      vertex 241.4 4.81802 29.182
      vertex 234.3 5.49993 29.7416
      vertex 234.3 4.81802 29.182
    endloop
  endfacet
  facet normal 0 -0.881921 -0.471397
    outer loop
      vertex 234.3 4.25839 23.4999
      vertex 241.4 3.84254 24.2779
      vertex 234.3 3.84254 24.2779
    endloop
  endfacet
  facet normal 0 -0.881921 -0.471397
    outer loop
      vertex 241.4 3.84254 24.2779
      vertex 234.3 4.25839 23.4999
      vertex 241.4 4.25839 23.4999
    endloop
  endfacet
  facet normal 0 -0.634374 -0.773027
    outer loop
      vertex 234.3 4.81802 22.818
      vertex 241.4 5.49993 22.2584
      vertex 241.4 4.81802 22.818
    endloop
  endfacet
  facet normal -0 -0.634374 -0.773027
    outer loop
      vertex 241.4 5.49993 22.2584
      vertex 234.3 4.81802 22.818
      vertex 234.3 5.49993 22.2584
    endloop
  endfacet
  facet normal 0 -0.881921 0.471397
    outer loop
      vertex 234.3 3.84254 27.7221
      vertex 241.4 4.25839 28.5001
      vertex 234.3 4.25839 28.5001
    endloop
  endfacet
  facet normal 0 -0.881921 0.471397
    outer loop
      vertex 241.4 4.25839 28.5001
      vertex 234.3 3.84254 27.7221
      vertex 241.4 3.84254 27.7221
    endloop
  endfacet
  facet normal 0 -0.995184 0.0980221
    outer loop
      vertex 234.3 3.5 26
      vertex 241.4 3.58647 26.8779
      vertex 234.3 3.58647 26.8779
    endloop
  endfacet
  facet normal 0 -0.995184 0.0980221
    outer loop
      vertex 241.4 3.58647 26.8779
      vertex 234.3 3.5 26
      vertex 241.4 3.5 26
    endloop
  endfacet
  facet normal -1 0 0
    outer loop
      vertex 234.3 12.4135 25.1221
      vertex 234.3 12.4135 26.8779
      vertex 234.3 12.5 26
    endloop
  endfacet
  facet normal -1 0 0
    outer loop
      vertex 234.3 12.1575 24.2779
      vertex 234.3 12.4135 26.8779
      vertex 234.3 12.4135 25.1221
    endloop
  endfacet
  facet normal -1 0 0
    outer loop
      vertex 234.3 12.1575 24.2779
      vertex 234.3 12.1575 27.7221
      vertex 234.3 12.4135 26.8779
    endloop
  endfacet
  facet normal -1 0 0
    outer loop
      vertex 234.3 11.7416 23.4999
      vertex 234.3 12.1575 27.7221
      vertex 234.3 12.1575 24.2779
    endloop
  endfacet
  facet normal -1 0 0
    outer loop
      vertex 234.3 11.7416 23.4999
      vertex 234.3 11.7416 28.5001
      vertex 234.3 12.1575 27.7221
    endloop
  endfacet
  facet normal -1 0 0
    outer loop
      vertex 234.3 11.182 22.818
      vertex 234.3 11.7416 28.5001
      vertex 234.3 11.7416 23.4999
    endloop
  endfacet
  facet normal -1 0 0
    outer loop
      vertex 234.3 11.182 22.818
      vertex 234.3 11.182 29.182
      vertex 234.3 11.7416 28.5001
    endloop
  endfacet
  facet normal -1 0 0
    outer loop
      vertex 234.3 10.5001 22.2584
      vertex 234.3 11.182 29.182
      vertex 234.3 11.182 22.818
    endloop
  endfacet
  facet normal -1 0 0
    outer loop
      vertex 234.3 10.5001 22.2584
      vertex 234.3 10.5001 29.7416
      vertex 234.3 11.182 29.182
    endloop
  endfacet
  facet normal -1 0 0
    outer loop
      vertex 234.3 9.72207 21.8425
      vertex 234.3 10.5001 29.7416
      vertex 234.3 10.5001 22.2584
    endloop
  endfacet
  facet normal -1 0 0
    outer loop
      vertex 234.3 9.72207 21.8425
      vertex 234.3 9.72207 30.1575
      vertex 234.3 10.5001 29.7416
    endloop
  endfacet
  facet normal -1 0 0
    outer loop
      vertex 234.3 8.87791 21.5865
      vertex 234.3 9.72207 30.1575
      vertex 234.3 9.72207 21.8425
    endloop
  endfacet
  facet normal -1 0 0
    outer loop
      vertex 234.3 8.87791 21.5865
      vertex 234.3 8.87791 30.4135
      vertex 234.3 9.72207 30.1575
    endloop
  endfacet
  facet normal -1 0 0
    outer loop
      vertex 234.3 8 21.5
      vertex 234.3 8.87791 30.4135
      vertex 234.3 8.87791 21.5865
    endloop
  endfacet
  facet normal -1 0 0
    outer loop
      vertex 234.3 8 21.5
      vertex 234.3 8 30.5
      vertex 234.3 8.87791 30.4135
    endloop
  endfacet
  facet normal -1 0 0
    outer loop
      vertex 234.3 7.12209 21.5865
      vertex 234.3 8 30.5
      vertex 234.3 8 21.5
    endloop
  endfacet
  facet normal -1 0 0
    outer loop
      vertex 234.3 7.12209 21.5865
      vertex 234.3 7.12209 30.4135
      vertex 234.3 8 30.5
    endloop
  endfacet
  facet normal -1 0 0
    outer loop
      vertex 234.3 6.27792 21.8425
      vertex 234.3 7.12209 30.4135
      vertex 234.3 7.12209 21.5865
    endloop
  endfacet
  facet normal -1 0 0
    outer loop
      vertex 234.3 6.27792 21.8425
      vertex 234.3 6.27792 30.1575
      vertex 234.3 7.12209 30.4135
    endloop
  endfacet
  facet normal -1 0 0
    outer loop
      vertex 234.3 5.49993 22.2584
      vertex 234.3 6.27792 30.1575
      vertex 234.3 6.27792 21.8425
    endloop
  endfacet
  facet normal -1 0 0
    outer loop
      vertex 234.3 5.49993 22.2584
      vertex 234.3 5.49993 29.7416
      vertex 234.3 6.27792 30.1575
    endloop
  endfacet
  facet normal -1 0 0
    outer loop
      vertex 234.3 4.81802 22.818
      vertex 234.3 5.49993 29.7416
      vertex 234.3 5.49993 22.2584
    endloop
  endfacet
  facet normal -1 0 0
    outer loop
      vertex 234.3 4.81802 22.818
      vertex 234.3 4.81802 29.182
      vertex 234.3 5.49993 29.7416
    endloop
  endfacet
  facet normal -1 0 0
    outer loop
      vertex 234.3 4.25839 23.4999
      vertex 234.3 4.81802 29.182
      vertex 234.3 4.81802 22.818
    endloop
  endfacet
  facet normal -1 0 0
    outer loop
      vertex 234.3 4.25839 23.4999
      vertex 234.3 4.25839 28.5001
      vertex 234.3 4.81802 29.182
    endloop
  endfacet
  facet normal -1 0 0
    outer loop
      vertex 234.3 3.84254 24.2779
      vertex 234.3 4.25839 28.5001
      vertex 234.3 4.25839 23.4999
    endloop
  endfacet
  facet normal -1 0 0
    outer loop
      vertex 234.3 3.84254 24.2779
      vertex 234.3 3.84254 27.7221
      vertex 234.3 4.25839 28.5001
    endloop
  endfacet
  facet normal -1 0 0
    outer loop
      vertex 234.3 3.58647 25.1221
      vertex 234.3 3.84254 27.7221
      vertex 234.3 3.84254 24.2779
    endloop
  endfacet
  facet normal -1 0 0
    outer loop
      vertex 234.3 3.58647 25.1221
      vertex 234.3 3.58647 26.8779
      vertex 234.3 3.84254 27.7221
    endloop
  endfacet
  facet normal -1 0 -0
    outer loop
      vertex 234.3 3.58647 26.8779
      vertex 234.3 3.58647 25.1221
      vertex 234.3 3.5 26
    endloop
  endfacet
  facet normal 0 -0.290206 0.956964
    outer loop
      vertex 234.3 7.12209 30.4135
      vertex 241.4 6.27792 30.1575
      vertex 241.4 7.12209 30.4135
    endloop
  endfacet
  facet normal 0 -0.290206 0.956964
    outer loop
      vertex 241.4 6.27792 30.1575
      vertex 234.3 7.12209 30.4135
      vertex 234.3 6.27792 30.1575
    endloop
  endfacet
  facet normal 0 -0.0980547 0.995181
    outer loop
      vertex 234.3 8 30.5
      vertex 241.4 7.12209 30.4135
      vertex 241.4 8 30.5
    endloop
  endfacet
  facet normal 0 -0.0980547 0.995181
    outer loop
      vertex 241.4 7.12209 30.4135
      vertex 234.3 8 30.5
      vertex 234.3 7.12209 30.4135
    endloop
  endfacet
  facet normal 0 -0.471446 0.881895
    outer loop
      vertex 234.3 6.27792 30.1575
      vertex 241.4 5.49993 29.7416
      vertex 241.4 6.27792 30.1575
    endloop
  endfacet
  facet normal 0 -0.471446 0.881895
    outer loop
      vertex 241.4 5.49993 29.7416
      vertex 234.3 6.27792 30.1575
      vertex 234.3 5.49993 29.7416
    endloop
  endfacet
  facet normal 0 -0.956945 0.290269
    outer loop
      vertex 234.3 3.58647 26.8779
      vertex 241.4 3.84254 27.7221
      vertex 234.3 3.84254 27.7221
    endloop
  endfacet
  facet normal 0 -0.956945 0.290269
    outer loop
      vertex 241.4 3.84254 27.7221
      vertex 234.3 3.58647 26.8779
      vertex 241.4 3.58647 26.8779
    endloop
  endfacet
  facet normal 0 -0.0979429 -0.995192
    outer loop
      vertex 237.81 8 28
      vertex 244.4 8.39018 27.9616
      vertex 244.4 8 28
    endloop
  endfacet
  facet normal -0 -0.0979429 -0.995192
    outer loop
      vertex 244.4 8.39018 27.9616
      vertex 237.81 8 28
      vertex 237.81 8.39018 27.9616
    endloop
  endfacet
  facet normal 0 -0.290255 -0.956949
    outer loop
      vertex 237.81 8.39018 27.9616
      vertex 244.4 8.76537 27.8478
      vertex 244.4 8.39018 27.9616
    endloop
  endfacet
  facet normal -0 -0.290255 -0.956949
    outer loop
      vertex 244.4 8.76537 27.8478
      vertex 237.81 8.39018 27.9616
      vertex 237.81 8.76537 27.8478
    endloop
  endfacet
  facet normal -0 0.0979429 0.995192
    outer loop
      vertex 237.81 8 24
      vertex 244.4 7.60982 24.0384
      vertex 244.4 8 24
    endloop
  endfacet
  facet normal 0 0.0979429 0.995192
    outer loop
      vertex 244.4 7.60982 24.0384
      vertex 237.81 8 24
      vertex 237.81 7.60982 24.0384
    endloop
  endfacet
  facet normal 0 -0.995185 0.0980137
    outer loop
      vertex 237.81 9.96157 25.6098
      vertex 244.4 10 26
      vertex 237.81 10 26
    endloop
  endfacet
  facet normal 0 -0.995185 0.0980137
    outer loop
      vertex 244.4 10 26
      vertex 237.81 9.96157 25.6098
      vertex 244.4 9.96157 25.6098
    endloop
  endfacet
  facet normal 0 0.773033 0.634366
    outer loop
      vertex 244.4 6.58579 24.5858
      vertex 237.81 6.33706 24.8889
      vertex 244.4 6.33706 24.8889
    endloop
  endfacet
  facet normal 0 0.773033 0.634366
    outer loop
      vertex 237.81 6.33706 24.8889
      vertex 244.4 6.58579 24.5858
      vertex 237.81 6.58579 24.5858
    endloop
  endfacet
  facet normal 0 -0.634358 0.773039
    outer loop
      vertex 237.81 9.41421 24.5858
      vertex 244.4 9.11114 24.3371
      vertex 244.4 9.41421 24.5858
    endloop
  endfacet
  facet normal 0 -0.634358 0.773039
    outer loop
      vertex 244.4 9.11114 24.3371
      vertex 237.81 9.41421 24.5858
      vertex 237.81 9.11114 24.3371
    endloop
  endfacet
  facet normal 0 -0.881879 0.471475
    outer loop
      vertex 237.81 9.66294 24.8889
      vertex 244.4 9.84776 25.2346
      vertex 237.81 9.84776 25.2346
    endloop
  endfacet
  facet normal 0 -0.881879 0.471475
    outer loop
      vertex 244.4 9.84776 25.2346
      vertex 237.81 9.66294 24.8889
      vertex 244.4 9.66294 24.8889
    endloop
  endfacet
  facet normal 0 0.956944 -0.290271
    outer loop
      vertex 244.4 6.03843 26.3902
      vertex 237.81 6.15224 26.7654
      vertex 244.4 6.15224 26.7654
    endloop
  endfacet
  facet normal 0 0.956944 -0.290271
    outer loop
      vertex 237.81 6.15224 26.7654
      vertex 244.4 6.03843 26.3902
      vertex 237.81 6.03843 26.3902
    endloop
  endfacet
  facet normal 0 0.47156 -0.881834
    outer loop
      vertex 237.81 6.88886 27.6629
      vertex 244.4 7.23463 27.8478
      vertex 244.4 6.88886 27.6629
    endloop
  endfacet
  facet normal 0 0.47156 -0.881834
    outer loop
      vertex 244.4 7.23463 27.8478
      vertex 237.81 6.88886 27.6629
      vertex 237.81 7.23463 27.8478
    endloop
  endfacet
  facet normal 0 -0.881879 -0.471475
    outer loop
      vertex 237.81 9.84776 26.7654
      vertex 244.4 9.66294 27.1111
      vertex 237.81 9.66294 27.1111
    endloop
  endfacet
  facet normal 0 -0.881879 -0.471475
    outer loop
      vertex 244.4 9.66294 27.1111
      vertex 237.81 9.84776 26.7654
      vertex 244.4 9.84776 26.7654
    endloop
  endfacet
  facet normal 0 -0.290255 0.956949
    outer loop
      vertex 237.81 8.76537 24.1522
      vertex 244.4 8.39018 24.0384
      vertex 244.4 8.76537 24.1522
    endloop
  endfacet
  facet normal 0 -0.290255 0.956949
    outer loop
      vertex 244.4 8.39018 24.0384
      vertex 237.81 8.76537 24.1522
      vertex 237.81 8.39018 24.0384
    endloop
  endfacet
  facet normal 0 -0.47156 0.881834
    outer loop
      vertex 237.81 9.11114 24.3371
      vertex 244.4 8.76537 24.1522
      vertex 244.4 9.11114 24.3371
    endloop
  endfacet
  facet normal 0 -0.47156 0.881834
    outer loop
      vertex 244.4 8.76537 24.1522
      vertex 237.81 9.11114 24.3371
      vertex 237.81 8.76537 24.1522
    endloop
  endfacet
  facet normal 0 -0.956944 0.290271
    outer loop
      vertex 237.81 9.84776 25.2346
      vertex 244.4 9.96157 25.6098
      vertex 237.81 9.96157 25.6098
    endloop
  endfacet
  facet normal 0 -0.956944 0.290271
    outer loop
      vertex 244.4 9.96157 25.6098
      vertex 237.81 9.84776 25.2346
      vertex 244.4 9.84776 25.2346
    endloop
  endfacet
  facet normal 0 0.956944 0.290271
    outer loop
      vertex 244.4 6.15224 25.2346
      vertex 237.81 6.03843 25.6098
      vertex 244.4 6.03843 25.6098
    endloop
  endfacet
  facet normal 0 0.956944 0.290271
    outer loop
      vertex 237.81 6.03843 25.6098
      vertex 244.4 6.15224 25.2346
      vertex 237.81 6.15224 25.2346
    endloop
  endfacet
  facet normal 0 0.995185 0.0980137
    outer loop
      vertex 244.4 6.03843 25.6098
      vertex 237.81 6 26
      vertex 244.4 6 26
    endloop
  endfacet
  facet normal 0 0.995185 0.0980137
    outer loop
      vertex 237.81 6 26
      vertex 244.4 6.03843 25.6098
      vertex 237.81 6.03843 25.6098
    endloop
  endfacet
  facet normal -0 0.47156 0.881834
    outer loop
      vertex 237.81 7.23463 24.1522
      vertex 244.4 6.88886 24.3371
      vertex 244.4 7.23463 24.1522
    endloop
  endfacet
  facet normal 0 0.47156 0.881834
    outer loop
      vertex 244.4 6.88886 24.3371
      vertex 237.81 7.23463 24.1522
      vertex 237.81 6.88886 24.3371
    endloop
  endfacet
  facet normal 0 -0.47156 -0.881834
    outer loop
      vertex 237.81 8.76537 27.8478
      vertex 244.4 9.11114 27.6629
      vertex 244.4 8.76537 27.8478
    endloop
  endfacet
  facet normal -0 -0.47156 -0.881834
    outer loop
      vertex 244.4 9.11114 27.6629
      vertex 237.81 8.76537 27.8478
      vertex 237.81 9.11114 27.6629
    endloop
  endfacet
  facet normal 0 -0.634358 -0.773039
    outer loop
      vertex 237.81 9.11114 27.6629
      vertex 244.4 9.41421 27.4142
      vertex 244.4 9.11114 27.6629
    endloop
  endfacet
  facet normal -0 -0.634358 -0.773039
    outer loop
      vertex 244.4 9.41421 27.4142
      vertex 237.81 9.11114 27.6629
      vertex 237.81 9.41421 27.4142
    endloop
  endfacet
  facet normal 0 -0.773033 -0.634366
    outer loop
      vertex 237.81 9.66294 27.1111
      vertex 244.4 9.41421 27.4142
      vertex 237.81 9.41421 27.4142
    endloop
  endfacet
  facet normal 0 -0.773033 -0.634366
    outer loop
      vertex 244.4 9.41421 27.4142
      vertex 237.81 9.66294 27.1111
      vertex 244.4 9.66294 27.1111
    endloop
  endfacet
  facet normal 0 -0.995185 -0.0980137
    outer loop
      vertex 237.81 10 26
      vertex 244.4 9.96157 26.3902
      vertex 237.81 9.96157 26.3902
    endloop
  endfacet
  facet normal 0 -0.995185 -0.0980137
    outer loop
      vertex 244.4 9.96157 26.3902
      vertex 237.81 10 26
      vertex 244.4 10 26
    endloop
  endfacet
  facet normal 0 -0.956944 -0.290271
    outer loop
      vertex 237.81 9.96157 26.3902
      vertex 244.4 9.84776 26.7654
      vertex 237.81 9.84776 26.7654
    endloop
  endfacet
  facet normal 0 -0.956944 -0.290271
    outer loop
      vertex 244.4 9.84776 26.7654
      vertex 237.81 9.96157 26.3902
      vertex 244.4 9.96157 26.3902
    endloop
  endfacet
  facet normal 0 -0.0979429 0.995192
    outer loop
      vertex 237.81 8.39018 24.0384
      vertex 244.4 8 24
      vertex 244.4 8.39018 24.0384
    endloop
  endfacet
  facet normal 0 -0.0979429 0.995192
    outer loop
      vertex 244.4 8 24
      vertex 237.81 8.39018 24.0384
      vertex 237.81 8 24
    endloop
  endfacet
  facet normal 0 -0.773033 0.634366
    outer loop
      vertex 237.81 9.41421 24.5858
      vertex 244.4 9.66294 24.8889
      vertex 237.81 9.66294 24.8889
    endloop
  endfacet
  facet normal 0 -0.773033 0.634366
    outer loop
      vertex 244.4 9.66294 24.8889
      vertex 237.81 9.41421 24.5858
      vertex 244.4 9.41421 24.5858
    endloop
  endfacet
  facet normal 0 0.881879 -0.471475
    outer loop
      vertex 244.4 6.15224 26.7654
      vertex 237.81 6.33706 27.1111
      vertex 244.4 6.33706 27.1111
    endloop
  endfacet
  facet normal 0 0.881879 -0.471475
    outer loop
      vertex 237.81 6.33706 27.1111
      vertex 244.4 6.15224 26.7654
      vertex 237.81 6.15224 26.7654
    endloop
  endfacet
  facet normal 0 0.773033 -0.634366
    outer loop
      vertex 244.4 6.33706 27.1111
      vertex 237.81 6.58579 27.4142
      vertex 244.4 6.58579 27.4142
    endloop
  endfacet
  facet normal 0 0.773033 -0.634366
    outer loop
      vertex 237.81 6.58579 27.4142
      vertex 244.4 6.33706 27.1111
      vertex 237.81 6.33706 27.1111
    endloop
  endfacet
  facet normal 0 0.634358 -0.773039
    outer loop
      vertex 237.81 6.58579 27.4142
      vertex 244.4 6.88886 27.6629
      vertex 244.4 6.58579 27.4142
    endloop
  endfacet
  facet normal 0 0.634358 -0.773039
    outer loop
      vertex 244.4 6.88886 27.6629
      vertex 237.81 6.58579 27.4142
      vertex 237.81 6.88886 27.6629
    endloop
  endfacet
  facet normal 0 0.290255 -0.956949
    outer loop
      vertex 237.81 7.23463 27.8478
      vertex 244.4 7.60982 27.9616
      vertex 244.4 7.23463 27.8478
    endloop
  endfacet
  facet normal 0 0.290255 -0.956949
    outer loop
      vertex 244.4 7.60982 27.9616
      vertex 237.81 7.23463 27.8478
      vertex 237.81 7.60982 27.9616
    endloop
  endfacet
  facet normal 0 0.0979429 -0.995192
    outer loop
      vertex 237.81 7.60982 27.9616
      vertex 244.4 8 28
      vertex 244.4 7.60982 27.9616
    endloop
  endfacet
  facet normal 0 0.0979429 -0.995192
    outer loop
      vertex 244.4 8 28
      vertex 237.81 7.60982 27.9616
      vertex 237.81 8 28
    endloop
  endfacet
  facet normal 0 0.881879 0.471475
    outer loop
      vertex 244.4 6.33706 24.8889
      vertex 237.81 6.15224 25.2346
      vertex 244.4 6.15224 25.2346
    endloop
  endfacet
  facet normal 0 0.881879 0.471475
    outer loop
      vertex 237.81 6.15224 25.2346
      vertex 244.4 6.33706 24.8889
      vertex 237.81 6.33706 24.8889
    endloop
  endfacet
  facet normal 0 0.995185 -0.0980137
    outer loop
      vertex 244.4 6 26
      vertex 237.81 6.03843 26.3902
      vertex 244.4 6.03843 26.3902
    endloop
  endfacet
  facet normal 0 0.995185 -0.0980137
    outer loop
      vertex 237.81 6.03843 26.3902
      vertex 244.4 6 26
      vertex 237.81 6 26
    endloop
  endfacet
  facet normal 1 0 0
    outer loop
      vertex 237.81 9.96157 26.3902
      vertex 237.81 9.96157 25.6098
      vertex 237.81 10 26
    endloop
  endfacet
  facet normal 1 0 0
    outer loop
      vertex 237.81 9.84776 26.7654
      vertex 237.81 9.96157 25.6098
      vertex 237.81 9.96157 26.3902
    endloop
  endfacet
  facet normal 1 0 0
    outer loop
      vertex 237.81 9.84776 26.7654
      vertex 237.81 9.84776 25.2346
      vertex 237.81 9.96157 25.6098
    endloop
  endfacet
  facet normal 1 0 0
    outer loop
      vertex 237.81 9.66294 27.1111
      vertex 237.81 9.84776 25.2346
      vertex 237.81 9.84776 26.7654
    endloop
  endfacet
  facet normal 1 0 0
    outer loop
      vertex 237.81 9.66294 27.1111
      vertex 237.81 9.66294 24.8889
      vertex 237.81 9.84776 25.2346
    endloop
  endfacet
  facet normal 1 0 0
    outer loop
      vertex 237.81 9.41421 27.4142
      vertex 237.81 9.66294 24.8889
      vertex 237.81 9.66294 27.1111
    endloop
  endfacet
  facet normal 1 0 0
    outer loop
      vertex 237.81 9.41421 27.4142
      vertex 237.81 9.41421 24.5858
      vertex 237.81 9.66294 24.8889
    endloop
  endfacet
  facet normal 1 0 0
    outer loop
      vertex 237.81 9.11114 27.6629
      vertex 237.81 9.41421 24.5858
      vertex 237.81 9.41421 27.4142
    endloop
  endfacet
  facet normal 1 0 0
    outer loop
      vertex 237.81 9.11114 27.6629
      vertex 237.81 9.11114 24.3371
      vertex 237.81 9.41421 24.5858
    endloop
  endfacet
  facet normal 1 0 0
    outer loop
      vertex 237.81 8.76537 27.8478
      vertex 237.81 9.11114 24.3371
      vertex 237.81 9.11114 27.6629
    endloop
  endfacet
  facet normal 1 0 0
    outer loop
      vertex 237.81 8.76537 27.8478
      vertex 237.81 8.76537 24.1522
      vertex 237.81 9.11114 24.3371
    endloop
  endfacet
  facet normal 1 0 0
    outer loop
      vertex 237.81 8.39018 27.9616
      vertex 237.81 8.76537 24.1522
      vertex 237.81 8.76537 27.8478
    endloop
  endfacet
  facet normal 1 0 0
    outer loop
      vertex 237.81 8.39018 27.9616
      vertex 237.81 8.39018 24.0384
      vertex 237.81 8.76537 24.1522
    endloop
  endfacet
  facet normal 1 0 0
    outer loop
      vertex 237.81 8 28
      vertex 237.81 8.39018 24.0384
      vertex 237.81 8.39018 27.9616
    endloop
  endfacet
  facet normal 1 0 0
    outer loop
      vertex 237.81 8 28
      vertex 237.81 8 24
      vertex 237.81 8.39018 24.0384
    endloop
  endfacet
  facet normal 1 -0 0
    outer loop
      vertex 237.81 7.60982 27.9616
      vertex 237.81 8 24
      vertex 237.81 8 28
    endloop
  endfacet
  facet normal 1 0 0
    outer loop
      vertex 237.81 7.60982 27.9616
      vertex 237.81 7.60982 24.0384
      vertex 237.81 8 24
    endloop
  endfacet
  facet normal 1 -0 0
    outer loop
      vertex 237.81 7.23463 27.8478
      vertex 237.81 7.60982 24.0384
      vertex 237.81 7.60982 27.9616
    endloop
  endfacet
  facet normal 1 0 0
    outer loop
      vertex 237.81 7.23463 27.8478
      vertex 237.81 7.23463 24.1522
      vertex 237.81 7.60982 24.0384
    endloop
  endfacet
  facet normal 1 -0 0
    outer loop
      vertex 237.81 6.88886 27.6629
      vertex 237.81 7.23463 24.1522
      vertex 237.81 7.23463 27.8478
    endloop
  endfacet
  facet normal 1 0 0
    outer loop
      vertex 237.81 6.88886 27.6629
      vertex 237.81 6.88886 24.3371
      vertex 237.81 7.23463 24.1522
    endloop
  endfacet
  facet normal 1 -0 0
    outer loop
      vertex 237.81 6.58579 27.4142
      vertex 237.81 6.88886 24.3371
      vertex 237.81 6.88886 27.6629
    endloop
  endfacet
  facet normal 1 0 0
    outer loop
      vertex 237.81 6.58579 27.4142
      vertex 237.81 6.58579 24.5858
      vertex 237.81 6.88886 24.3371
    endloop
  endfacet
  facet normal 1 -0 0
    outer loop
      vertex 237.81 6.33706 27.1111
      vertex 237.81 6.58579 24.5858
      vertex 237.81 6.58579 27.4142
    endloop
  endfacet
  facet normal 1 0 0
    outer loop
      vertex 237.81 6.33706 27.1111
      vertex 237.81 6.33706 24.8889
      vertex 237.81 6.58579 24.5858
    endloop
  endfacet
  facet normal 1 -0 0
    outer loop
      vertex 237.81 6.15224 26.7654
      vertex 237.81 6.33706 24.8889
      vertex 237.81 6.33706 27.1111
    endloop
  endfacet
  facet normal 1 0 0
    outer loop
      vertex 237.81 6.15224 26.7654
      vertex 237.81 6.15224 25.2346
      vertex 237.81 6.33706 24.8889
    endloop
  endfacet
  facet normal 1 -0 0
    outer loop
      vertex 237.81 6.03843 26.3902
      vertex 237.81 6.15224 25.2346
      vertex 237.81 6.15224 26.7654
    endloop
  endfacet
  facet normal 1 0 0
    outer loop
      vertex 237.81 6.03843 26.3902
      vertex 237.81 6.03843 25.6098
      vertex 237.81 6.15224 25.2346
    endloop
  endfacet
  facet normal 1 0 -0
    outer loop
      vertex 237.81 6.03843 25.6098
      vertex 237.81 6.03843 26.3902
      vertex 237.81 6 26
    endloop
  endfacet
  facet normal -0 0.634358 0.773039
    outer loop
      vertex 237.81 6.88886 24.3371
      vertex 244.4 6.58579 24.5858
      vertex 244.4 6.88886 24.3371
    endloop
  endfacet
  facet normal 0 0.634358 0.773039
    outer loop
      vertex 244.4 6.58579 24.5858
      vertex 237.81 6.88886 24.3371
      vertex 237.81 6.58579 24.5858
    endloop
  endfacet
  facet normal -0 0.290255 0.956949
    outer loop
      vertex 237.81 7.60982 24.0384
      vertex 244.4 7.23463 24.1522
      vertex 244.4 7.60982 24.0384
    endloop
  endfacet
  facet normal 0 0.290255 0.956949
    outer loop
      vertex 244.4 7.23463 24.1522
      vertex 237.81 7.60982 24.0384
      vertex 237.81 7.23463 24.1522
    endloop
  endfacet
endsolid OpenSCAD_Model
