solid OpenSCAD_Model
  facet normal -1 0 0
    outer loop
      vertex 22.3 177.55 7.62939e-07
      vertex 22.3 161.8 3
      vertex 22.3 177.55 14
    endloop
  endfacet
  facet normal -1 0 0
    outer loop
      vertex 22.3 102.3 7.62939e-07
      vertex 22.3 161.8 3
      vertex 22.3 177.55 7.62939e-07
    endloop
  endfacet
  facet normal -1 -0 0
    outer loop
      vertex 22.3 161.8 3
      vertex 22.3 102.3 7.62939e-07
      vertex 22.3 112.8 3
    endloop
  endfacet
  facet normal -1 0 0
    outer loop
      vertex 22.3 102.3 14
      vertex 22.3 112.8 3
      vertex 22.3 102.3 7.62939e-07
    endloop
  endfacet
  facet normal -1 0 0
    outer loop
      vertex 22.3 112.8 3
      vertex 22.3 102.3 14
      vertex 22.3 112.8 14
    endloop
  endfacet
  facet normal -1 -0 0
    outer loop
      vertex 22.3 177.55 14
      vertex 22.3 161.8 3
      vertex 22.3 161.8 14
    endloop
  endfacet
  facet normal 0 1 0
    outer loop
      vertex 127.7 177.55 3
      vertex 127.7 177.55 7.62939e-07
      vertex 119.2 177.55 3
    endloop
  endfacet
  facet normal 0 1 -0
    outer loop
      vertex 119.2 177.55 3
      vertex 22.3 177.55 14
      vertex 119.2 177.55 14
    endloop
  endfacet
  facet normal 0 1 0
    outer loop
      vertex 22.3 177.55 7.62939e-07
      vertex 119.2 177.55 3
      vertex 127.7 177.55 7.62939e-07
    endloop
  endfacet
  facet normal 0 1 0
    outer loop
      vertex 119.2 177.55 3
      vertex 22.3 177.55 7.62939e-07
      vertex 22.3 177.55 14
    endloop
  endfacet
  facet normal 1 0 0
    outer loop
      vertex 127.7 107.3 14
      vertex 127.7 107.2 12.8
      vertex 127.7 107.3 12.8
    endloop
  endfacet
  facet normal 1 0 0
    outer loop
      vertex 127.7 107.3 14
      vertex 127.7 104.8 13.9
      vertex 127.7 107.2 12.8
    endloop
  endfacet
  facet normal 1 0 0
    outer loop
      vertex 127.7 104.8 13.9
      vertex 127.7 102.3 14
      vertex 127.7 104.8 3
    endloop
  endfacet
  facet normal 1 -0 0
    outer loop
      vertex 127.7 102.3 14
      vertex 127.7 104.8 13.9
      vertex 127.7 107.3 14
    endloop
  endfacet
  facet normal 1 -0 0
    outer loop
      vertex 127.7 154.8 3
      vertex 127.7 177.55 7.62939e-07
      vertex 127.7 177.55 3
    endloop
  endfacet
  facet normal 1 -0 0
    outer loop
      vertex 127.7 152.3 3
      vertex 127.7 177.55 7.62939e-07
      vertex 127.7 154.8 3
    endloop
  endfacet
  facet normal 1 0 0
    outer loop
      vertex 127.7 102.3 7.62939e-07
      vertex 127.7 152.3 3
      vertex 127.7 104.8 3
    endloop
  endfacet
  facet normal 1 0 0
    outer loop
      vertex 127.7 152.3 3
      vertex 127.7 102.3 7.62939e-07
      vertex 127.7 177.55 7.62939e-07
    endloop
  endfacet
  facet normal 1 0 0
    outer loop
      vertex 127.7 102.3 7.62939e-07
      vertex 127.7 104.8 3
      vertex 127.7 102.3 14
    endloop
  endfacet
  facet normal 0 0 -1
    outer loop
      vertex 40.4135 110.014 7.62939e-07
      vertex 114.187 110.014 7.62939e-07
      vertex 40.5706 109.721 7.62939e-07
    endloop
  endfacet
  facet normal 0 0 -1
    outer loop
      vertex 114.187 169.836 7.62939e-07
      vertex 40.6673 170.448 7.62939e-07
      vertex 40.7 170.78 7.62939e-07
    endloop
  endfacet
  facet normal 0 0 -1
    outer loop
      vertex 114.187 110.014 7.62939e-07
      vertex 40.4135 110.014 7.62939e-07
      vertex 114.187 169.836 7.62939e-07
    endloop
  endfacet
  facet normal 0 0 -1
    outer loop
      vertex 114.187 169.836 7.62939e-07
      vertex 40.5706 170.129 7.62939e-07
      vertex 40.6673 170.448 7.62939e-07
    endloop
  endfacet
  facet normal 0 0 -1
    outer loop
      vertex 40.4135 169.836 7.62939e-07
      vertex 114.187 169.836 7.62939e-07
      vertex 40.4135 110.014 7.62939e-07
    endloop
  endfacet
  facet normal 0 0 -1
    outer loop
      vertex 114.187 169.836 7.62939e-07
      vertex 40.4135 169.836 7.62939e-07
      vertex 40.5706 170.129 7.62939e-07
    endloop
  endfacet
  facet normal 0 0 -1
    outer loop
      vertex 40.2021 110.272 7.62939e-07
      vertex 40.4135 169.836 7.62939e-07
      vertex 40.4135 110.014 7.62939e-07
    endloop
  endfacet
  facet normal 0 0 -1
    outer loop
      vertex 40.2021 110.272 7.62939e-07
      vertex 40.2021 169.578 7.62939e-07
      vertex 40.4135 169.836 7.62939e-07
    endloop
  endfacet
  facet normal 0 0 -1
    outer loop
      vertex 39.9445 110.483 7.62939e-07
      vertex 40.2021 169.578 7.62939e-07
      vertex 40.2021 110.272 7.62939e-07
    endloop
  endfacet
  facet normal 0 0 -1
    outer loop
      vertex 39.9445 110.483 7.62939e-07
      vertex 39.9445 169.367 7.62939e-07
      vertex 40.2021 169.578 7.62939e-07
    endloop
  endfacet
  facet normal 0 0 -1
    outer loop
      vertex 39.6506 110.641 7.62939e-07
      vertex 39.9445 169.367 7.62939e-07
      vertex 39.9445 110.483 7.62939e-07
    endloop
  endfacet
  facet normal 0 0 -1
    outer loop
      vertex 39.6506 110.641 7.62939e-07
      vertex 39.6506 169.209 7.62939e-07
      vertex 39.9445 169.367 7.62939e-07
    endloop
  endfacet
  facet normal 0 0 -1
    outer loop
      vertex 39.3317 110.737 7.62939e-07
      vertex 39.6506 169.209 7.62939e-07
      vertex 39.6506 110.641 7.62939e-07
    endloop
  endfacet
  facet normal 0 0 -1
    outer loop
      vertex 39.3317 110.737 7.62939e-07
      vertex 39.3317 169.113 7.62939e-07
      vertex 39.6506 169.209 7.62939e-07
    endloop
  endfacet
  facet normal 0 0 -1
    outer loop
      vertex 39 110.77 7.62939e-07
      vertex 39.3317 169.113 7.62939e-07
      vertex 39.3317 110.737 7.62939e-07
    endloop
  endfacet
  facet normal 0 0 -1
    outer loop
      vertex 39 110.77 7.62939e-07
      vertex 39 169.08 7.62939e-07
      vertex 39.3317 169.113 7.62939e-07
    endloop
  endfacet
  facet normal 0 0 -1
    outer loop
      vertex 38.6683 110.737 7.62939e-07
      vertex 39 169.08 7.62939e-07
      vertex 39 110.77 7.62939e-07
    endloop
  endfacet
  facet normal 0 0 -1
    outer loop
      vertex 38.6683 110.737 7.62939e-07
      vertex 38.6683 169.113 7.62939e-07
      vertex 39 169.08 7.62939e-07
    endloop
  endfacet
  facet normal 0 0 -1
    outer loop
      vertex 38.3494 110.641 7.62939e-07
      vertex 38.6683 169.113 7.62939e-07
      vertex 38.6683 110.737 7.62939e-07
    endloop
  endfacet
  facet normal 0 0 -1
    outer loop
      vertex 38.3494 110.641 7.62939e-07
      vertex 38.3494 169.209 7.62939e-07
      vertex 38.6683 169.113 7.62939e-07
    endloop
  endfacet
  facet normal 0 0 -1
    outer loop
      vertex 38.0555 110.483 7.62939e-07
      vertex 38.3494 169.209 7.62939e-07
      vertex 38.3494 110.641 7.62939e-07
    endloop
  endfacet
  facet normal 0 0 -1
    outer loop
      vertex 38.0555 110.483 7.62939e-07
      vertex 38.0555 169.367 7.62939e-07
      vertex 38.3494 169.209 7.62939e-07
    endloop
  endfacet
  facet normal 0 0 -1
    outer loop
      vertex 37.7979 110.272 7.62939e-07
      vertex 38.0555 169.367 7.62939e-07
      vertex 38.0555 110.483 7.62939e-07
    endloop
  endfacet
  facet normal 0 0 -1
    outer loop
      vertex 37.7979 110.272 7.62939e-07
      vertex 37.7979 169.578 7.62939e-07
      vertex 38.0555 169.367 7.62939e-07
    endloop
  endfacet
  facet normal 0 0 -1
    outer loop
      vertex 22.3 102.3 7.62939e-07
      vertex 37.7979 110.272 7.62939e-07
      vertex 37.5865 110.014 7.62939e-07
    endloop
  endfacet
  facet normal -0 0 -1
    outer loop
      vertex 37.7979 110.272 7.62939e-07
      vertex 22.3 102.3 7.62939e-07
      vertex 37.7979 169.578 7.62939e-07
    endloop
  endfacet
  facet normal 0 0 -1
    outer loop
      vertex 22.3 102.3 7.62939e-07
      vertex 37.5865 110.014 7.62939e-07
      vertex 37.4294 109.721 7.62939e-07
    endloop
  endfacet
  facet normal 0 0 -1
    outer loop
      vertex 22.3 177.55 7.62939e-07
      vertex 37.7979 169.578 7.62939e-07
      vertex 22.3 102.3 7.62939e-07
    endloop
  endfacet
  facet normal 0 0 -1
    outer loop
      vertex 22.3 102.3 7.62939e-07
      vertex 37.4294 109.721 7.62939e-07
      vertex 37.3327 109.402 7.62939e-07
    endloop
  endfacet
  facet normal 0 0 -1
    outer loop
      vertex 37.7979 169.578 7.62939e-07
      vertex 22.3 177.55 7.62939e-07
      vertex 37.5865 169.836 7.62939e-07
    endloop
  endfacet
  facet normal 0 0 -1
    outer loop
      vertex 22.3 102.3 7.62939e-07
      vertex 37.3327 109.402 7.62939e-07
      vertex 37.3 109.07 7.62939e-07
    endloop
  endfacet
  facet normal 0 0 -1
    outer loop
      vertex 37.5865 169.836 7.62939e-07
      vertex 22.3 177.55 7.62939e-07
      vertex 37.4294 170.129 7.62939e-07
    endloop
  endfacet
  facet normal 0 0 -1
    outer loop
      vertex 117.013 110.014 7.62939e-07
      vertex 127.7 102.3 7.62939e-07
      vertex 117.171 109.721 7.62939e-07
    endloop
  endfacet
  facet normal 0 0 -1
    outer loop
      vertex 127.7 177.55 7.62939e-07
      vertex 117.267 170.448 7.62939e-07
      vertex 117.3 170.78 7.62939e-07
    endloop
  endfacet
  facet normal 0 0 -1
    outer loop
      vertex 116.802 110.272 7.62939e-07
      vertex 127.7 102.3 7.62939e-07
      vertex 117.013 110.014 7.62939e-07
    endloop
  endfacet
  facet normal 0 0 -1
    outer loop
      vertex 127.7 177.55 7.62939e-07
      vertex 117.171 170.129 7.62939e-07
      vertex 117.267 170.448 7.62939e-07
    endloop
  endfacet
  facet normal 0 0 -1
    outer loop
      vertex 127.7 102.3 7.62939e-07
      vertex 116.802 110.272 7.62939e-07
      vertex 127.7 177.55 7.62939e-07
    endloop
  endfacet
  facet normal 0 0 -1
    outer loop
      vertex 127.7 177.55 7.62939e-07
      vertex 117.013 169.836 7.62939e-07
      vertex 117.171 170.129 7.62939e-07
    endloop
  endfacet
  facet normal 0 0 -1
    outer loop
      vertex 116.802 169.578 7.62939e-07
      vertex 127.7 177.55 7.62939e-07
      vertex 116.802 110.272 7.62939e-07
    endloop
  endfacet
  facet normal 0 0 -1
    outer loop
      vertex 127.7 177.55 7.62939e-07
      vertex 116.802 169.578 7.62939e-07
      vertex 117.013 169.836 7.62939e-07
    endloop
  endfacet
  facet normal 0 0 -1
    outer loop
      vertex 116.544 110.483 7.62939e-07
      vertex 116.802 169.578 7.62939e-07
      vertex 116.802 110.272 7.62939e-07
    endloop
  endfacet
  facet normal 0 0 -1
    outer loop
      vertex 116.544 110.483 7.62939e-07
      vertex 116.544 169.367 7.62939e-07
      vertex 116.802 169.578 7.62939e-07
    endloop
  endfacet
  facet normal 0 0 -1
    outer loop
      vertex 116.251 110.641 7.62939e-07
      vertex 116.544 169.367 7.62939e-07
      vertex 116.544 110.483 7.62939e-07
    endloop
  endfacet
  facet normal 0 0 -1
    outer loop
      vertex 116.251 110.641 7.62939e-07
      vertex 116.251 169.209 7.62939e-07
      vertex 116.544 169.367 7.62939e-07
    endloop
  endfacet
  facet normal 0 0 -1
    outer loop
      vertex 115.932 110.737 7.62939e-07
      vertex 116.251 169.209 7.62939e-07
      vertex 116.251 110.641 7.62939e-07
    endloop
  endfacet
  facet normal 0 0 -1
    outer loop
      vertex 115.932 110.737 7.62939e-07
      vertex 115.932 169.113 7.62939e-07
      vertex 116.251 169.209 7.62939e-07
    endloop
  endfacet
  facet normal 0 0 -1
    outer loop
      vertex 115.6 110.77 7.62939e-07
      vertex 115.932 169.113 7.62939e-07
      vertex 115.932 110.737 7.62939e-07
    endloop
  endfacet
  facet normal 0 0 -1
    outer loop
      vertex 115.6 110.77 7.62939e-07
      vertex 115.6 169.08 7.62939e-07
      vertex 115.932 169.113 7.62939e-07
    endloop
  endfacet
  facet normal 0 0 -1
    outer loop
      vertex 115.268 110.737 7.62939e-07
      vertex 115.6 169.08 7.62939e-07
      vertex 115.6 110.77 7.62939e-07
    endloop
  endfacet
  facet normal 0 0 -1
    outer loop
      vertex 115.268 110.737 7.62939e-07
      vertex 115.268 169.113 7.62939e-07
      vertex 115.6 169.08 7.62939e-07
    endloop
  endfacet
  facet normal 0 0 -1
    outer loop
      vertex 114.949 110.641 7.62939e-07
      vertex 115.268 169.113 7.62939e-07
      vertex 115.268 110.737 7.62939e-07
    endloop
  endfacet
  facet normal 0 0 -1
    outer loop
      vertex 114.949 110.641 7.62939e-07
      vertex 114.949 169.209 7.62939e-07
      vertex 115.268 169.113 7.62939e-07
    endloop
  endfacet
  facet normal 0 0 -1
    outer loop
      vertex 114.656 110.483 7.62939e-07
      vertex 114.949 169.209 7.62939e-07
      vertex 114.949 110.641 7.62939e-07
    endloop
  endfacet
  facet normal 0 0 -1
    outer loop
      vertex 114.656 110.483 7.62939e-07
      vertex 114.656 169.367 7.62939e-07
      vertex 114.949 169.209 7.62939e-07
    endloop
  endfacet
  facet normal 0 0 -1
    outer loop
      vertex 114.398 110.272 7.62939e-07
      vertex 114.656 169.367 7.62939e-07
      vertex 114.656 110.483 7.62939e-07
    endloop
  endfacet
  facet normal 0 0 -1
    outer loop
      vertex 114.398 110.272 7.62939e-07
      vertex 114.398 169.578 7.62939e-07
      vertex 114.656 169.367 7.62939e-07
    endloop
  endfacet
  facet normal 0 0 -1
    outer loop
      vertex 114.187 110.014 7.62939e-07
      vertex 114.398 169.578 7.62939e-07
      vertex 114.398 110.272 7.62939e-07
    endloop
  endfacet
  facet normal 0 0 -1
    outer loop
      vertex 114.187 110.014 7.62939e-07
      vertex 114.187 169.836 7.62939e-07
      vertex 114.398 169.578 7.62939e-07
    endloop
  endfacet
  facet normal 0 0 -1
    outer loop
      vertex 113.933 109.402 7.62939e-07
      vertex 40.6673 109.402 7.62939e-07
      vertex 114.029 109.721 7.62939e-07
    endloop
  endfacet
  facet normal 0 0 -1
    outer loop
      vertex 40.5706 109.721 7.62939e-07
      vertex 114.029 109.721 7.62939e-07
      vertex 40.6673 109.402 7.62939e-07
    endloop
  endfacet
  facet normal 0 0 -1
    outer loop
      vertex 40.6673 109.402 7.62939e-07
      vertex 113.933 109.402 7.62939e-07
      vertex 40.7 109.07 7.62939e-07
    endloop
  endfacet
  facet normal 0 0 -1
    outer loop
      vertex 114.029 109.721 7.62939e-07
      vertex 40.5706 109.721 7.62939e-07
      vertex 114.187 110.014 7.62939e-07
    endloop
  endfacet
  facet normal 0 0 -1
    outer loop
      vertex 40.7 109.07 7.62939e-07
      vertex 113.933 109.402 7.62939e-07
      vertex 113.9 109.07 7.62939e-07
    endloop
  endfacet
  facet normal 0 0 -1
    outer loop
      vertex 114.187 169.836 7.62939e-07
      vertex 40.7 170.78 7.62939e-07
      vertex 114.029 170.129 7.62939e-07
    endloop
  endfacet
  facet normal 0 0 -1
    outer loop
      vertex 117.267 109.402 7.62939e-07
      vertex 127.7 102.3 7.62939e-07
      vertex 117.3 109.07 7.62939e-07
    endloop
  endfacet
  facet normal 0 0 -1
    outer loop
      vertex 127.7 102.3 7.62939e-07
      vertex 117.267 108.738 7.62939e-07
      vertex 117.3 109.07 7.62939e-07
    endloop
  endfacet
  facet normal 0 0 -1
    outer loop
      vertex 127.7 102.3 7.62939e-07
      vertex 117.171 108.419 7.62939e-07
      vertex 117.267 108.738 7.62939e-07
    endloop
  endfacet
  facet normal 0 0 -1
    outer loop
      vertex 127.7 102.3 7.62939e-07
      vertex 117.013 108.126 7.62939e-07
      vertex 117.171 108.419 7.62939e-07
    endloop
  endfacet
  facet normal 0 0 -1
    outer loop
      vertex 127.7 102.3 7.62939e-07
      vertex 116.802 107.868 7.62939e-07
      vertex 117.013 108.126 7.62939e-07
    endloop
  endfacet
  facet normal 0 0 -1
    outer loop
      vertex 127.7 102.3 7.62939e-07
      vertex 116.544 107.657 7.62939e-07
      vertex 116.802 107.868 7.62939e-07
    endloop
  endfacet
  facet normal 0 0 -1
    outer loop
      vertex 127.7 102.3 7.62939e-07
      vertex 116.251 107.499 7.62939e-07
      vertex 116.544 107.657 7.62939e-07
    endloop
  endfacet
  facet normal 0 0 -1
    outer loop
      vertex 127.7 102.3 7.62939e-07
      vertex 115.932 107.403 7.62939e-07
      vertex 116.251 107.499 7.62939e-07
    endloop
  endfacet
  facet normal 0 0 -1
    outer loop
      vertex 127.7 102.3 7.62939e-07
      vertex 115.6 107.37 7.62939e-07
      vertex 115.932 107.403 7.62939e-07
    endloop
  endfacet
  facet normal 0 0 -1
    outer loop
      vertex 127.7 102.3 7.62939e-07
      vertex 115.268 107.403 7.62939e-07
      vertex 115.6 107.37 7.62939e-07
    endloop
  endfacet
  facet normal 0 0 -1
    outer loop
      vertex 127.7 102.3 7.62939e-07
      vertex 114.949 107.499 7.62939e-07
      vertex 115.268 107.403 7.62939e-07
    endloop
  endfacet
  facet normal 0 0 -1
    outer loop
      vertex 114.029 170.129 7.62939e-07
      vertex 40.7 170.78 7.62939e-07
      vertex 113.933 170.448 7.62939e-07
    endloop
  endfacet
  facet normal 0 0 -1
    outer loop
      vertex 113.933 108.738 7.62939e-07
      vertex 40.7 109.07 7.62939e-07
      vertex 113.9 109.07 7.62939e-07
    endloop
  endfacet
  facet normal 0 0 -1
    outer loop
      vertex 40.6673 108.738 7.62939e-07
      vertex 113.933 108.738 7.62939e-07
      vertex 114.029 108.419 7.62939e-07
    endloop
  endfacet
  facet normal 0 0 -1
    outer loop
      vertex 40.5706 108.419 7.62939e-07
      vertex 114.029 108.419 7.62939e-07
      vertex 114.187 108.126 7.62939e-07
    endloop
  endfacet
  facet normal 0 0 -1
    outer loop
      vertex 40.4135 108.126 7.62939e-07
      vertex 114.187 108.126 7.62939e-07
      vertex 114.398 107.868 7.62939e-07
    endloop
  endfacet
  facet normal 0 0 -1
    outer loop
      vertex 40.2021 107.868 7.62939e-07
      vertex 114.398 107.868 7.62939e-07
      vertex 114.656 107.657 7.62939e-07
    endloop
  endfacet
  facet normal 0 0 -1
    outer loop
      vertex 39.9445 107.657 7.62939e-07
      vertex 114.656 107.657 7.62939e-07
      vertex 114.949 107.499 7.62939e-07
    endloop
  endfacet
  facet normal 0 0 -1
    outer loop
      vertex 39.6506 107.499 7.62939e-07
      vertex 114.949 107.499 7.62939e-07
      vertex 127.7 102.3 7.62939e-07
    endloop
  endfacet
  facet normal 0 0 -1
    outer loop
      vertex 113.933 108.738 7.62939e-07
      vertex 40.6673 108.738 7.62939e-07
      vertex 40.7 109.07 7.62939e-07
    endloop
  endfacet
  facet normal 0 0 -1
    outer loop
      vertex 114.029 108.419 7.62939e-07
      vertex 40.5706 108.419 7.62939e-07
      vertex 40.6673 108.738 7.62939e-07
    endloop
  endfacet
  facet normal 0 0 -1
    outer loop
      vertex 114.187 108.126 7.62939e-07
      vertex 40.4135 108.126 7.62939e-07
      vertex 40.5706 108.419 7.62939e-07
    endloop
  endfacet
  facet normal 0 0 -1
    outer loop
      vertex 114.398 107.868 7.62939e-07
      vertex 40.2021 107.868 7.62939e-07
      vertex 40.4135 108.126 7.62939e-07
    endloop
  endfacet
  facet normal 0 0 -1
    outer loop
      vertex 114.656 107.657 7.62939e-07
      vertex 39.9445 107.657 7.62939e-07
      vertex 40.2021 107.868 7.62939e-07
    endloop
  endfacet
  facet normal 0 0 -1
    outer loop
      vertex 114.949 107.499 7.62939e-07
      vertex 39.6506 107.499 7.62939e-07
      vertex 39.9445 107.657 7.62939e-07
    endloop
  endfacet
  facet normal 0 0 -1
    outer loop
      vertex 127.7 102.3 7.62939e-07
      vertex 39.3317 107.403 7.62939e-07
      vertex 39.6506 107.499 7.62939e-07
    endloop
  endfacet
  facet normal 0 0 -1
    outer loop
      vertex 22.3 102.3 7.62939e-07
      vertex 39.3317 107.403 7.62939e-07
      vertex 127.7 102.3 7.62939e-07
    endloop
  endfacet
  facet normal 0 0 -1
    outer loop
      vertex 37.4294 170.129 7.62939e-07
      vertex 22.3 177.55 7.62939e-07
      vertex 37.3327 170.448 7.62939e-07
    endloop
  endfacet
  facet normal -0 0 -1
    outer loop
      vertex 37.3327 108.738 7.62939e-07
      vertex 22.3 102.3 7.62939e-07
      vertex 37.3 109.07 7.62939e-07
    endloop
  endfacet
  facet normal -0 0 -1
    outer loop
      vertex 37.4294 108.419 7.62939e-07
      vertex 22.3 102.3 7.62939e-07
      vertex 37.3327 108.738 7.62939e-07
    endloop
  endfacet
  facet normal -0 0 -1
    outer loop
      vertex 37.5865 108.126 7.62939e-07
      vertex 22.3 102.3 7.62939e-07
      vertex 37.4294 108.419 7.62939e-07
    endloop
  endfacet
  facet normal -0 0 -1
    outer loop
      vertex 37.7979 107.868 7.62939e-07
      vertex 22.3 102.3 7.62939e-07
      vertex 37.5865 108.126 7.62939e-07
    endloop
  endfacet
  facet normal -0 0 -1
    outer loop
      vertex 38.0555 107.657 7.62939e-07
      vertex 22.3 102.3 7.62939e-07
      vertex 37.7979 107.868 7.62939e-07
    endloop
  endfacet
  facet normal -0 0 -1
    outer loop
      vertex 38.3494 107.499 7.62939e-07
      vertex 22.3 102.3 7.62939e-07
      vertex 38.0555 107.657 7.62939e-07
    endloop
  endfacet
  facet normal -0 0 -1
    outer loop
      vertex 38.6683 107.403 7.62939e-07
      vertex 22.3 102.3 7.62939e-07
      vertex 38.3494 107.499 7.62939e-07
    endloop
  endfacet
  facet normal -0 0 -1
    outer loop
      vertex 39 107.37 7.62939e-07
      vertex 22.3 102.3 7.62939e-07
      vertex 38.6683 107.403 7.62939e-07
    endloop
  endfacet
  facet normal 0 0 -1
    outer loop
      vertex 39.3317 107.403 7.62939e-07
      vertex 22.3 102.3 7.62939e-07
      vertex 39 107.37 7.62939e-07
    endloop
  endfacet
  facet normal 0 0 -1
    outer loop
      vertex 117.171 109.721 7.62939e-07
      vertex 127.7 102.3 7.62939e-07
      vertex 117.267 109.402 7.62939e-07
    endloop
  endfacet
  facet normal 0 0 -1
    outer loop
      vertex 117.267 171.112 7.62939e-07
      vertex 127.7 177.55 7.62939e-07
      vertex 117.3 170.78 7.62939e-07
    endloop
  endfacet
  facet normal 0 0 -1
    outer loop
      vertex 117.171 171.431 7.62939e-07
      vertex 127.7 177.55 7.62939e-07
      vertex 117.267 171.112 7.62939e-07
    endloop
  endfacet
  facet normal 0 0 -1
    outer loop
      vertex 117.013 171.724 7.62939e-07
      vertex 127.7 177.55 7.62939e-07
      vertex 117.171 171.431 7.62939e-07
    endloop
  endfacet
  facet normal 0 0 -1
    outer loop
      vertex 116.802 171.982 7.62939e-07
      vertex 127.7 177.55 7.62939e-07
      vertex 117.013 171.724 7.62939e-07
    endloop
  endfacet
  facet normal 0 0 -1
    outer loop
      vertex 116.544 172.193 7.62939e-07
      vertex 127.7 177.55 7.62939e-07
      vertex 116.802 171.982 7.62939e-07
    endloop
  endfacet
  facet normal 0 0 -1
    outer loop
      vertex 116.251 172.351 7.62939e-07
      vertex 127.7 177.55 7.62939e-07
      vertex 116.544 172.193 7.62939e-07
    endloop
  endfacet
  facet normal 0 0 -1
    outer loop
      vertex 115.932 172.447 7.62939e-07
      vertex 127.7 177.55 7.62939e-07
      vertex 116.251 172.351 7.62939e-07
    endloop
  endfacet
  facet normal 0 0 -1
    outer loop
      vertex 115.6 172.48 7.62939e-07
      vertex 127.7 177.55 7.62939e-07
      vertex 115.932 172.447 7.62939e-07
    endloop
  endfacet
  facet normal 0 0 -1
    outer loop
      vertex 115.268 172.447 7.62939e-07
      vertex 127.7 177.55 7.62939e-07
      vertex 115.6 172.48 7.62939e-07
    endloop
  endfacet
  facet normal 0 0 -1
    outer loop
      vertex 114.949 172.351 7.62939e-07
      vertex 127.7 177.55 7.62939e-07
      vertex 115.268 172.447 7.62939e-07
    endloop
  endfacet
  facet normal 0 0 -1
    outer loop
      vertex 113.933 170.448 7.62939e-07
      vertex 40.7 170.78 7.62939e-07
      vertex 113.9 170.78 7.62939e-07
    endloop
  endfacet
  facet normal 0 0 -1
    outer loop
      vertex 113.9 170.78 7.62939e-07
      vertex 40.7 170.78 7.62939e-07
      vertex 113.933 171.112 7.62939e-07
    endloop
  endfacet
  facet normal 0 0 -1
    outer loop
      vertex 40.6673 171.112 7.62939e-07
      vertex 113.933 171.112 7.62939e-07
      vertex 40.7 170.78 7.62939e-07
    endloop
  endfacet
  facet normal 0 0 -1
    outer loop
      vertex 113.933 171.112 7.62939e-07
      vertex 40.6673 171.112 7.62939e-07
      vertex 114.029 171.431 7.62939e-07
    endloop
  endfacet
  facet normal 0 0 -1
    outer loop
      vertex 40.5706 171.431 7.62939e-07
      vertex 114.029 171.431 7.62939e-07
      vertex 40.6673 171.112 7.62939e-07
    endloop
  endfacet
  facet normal 0 0 -1
    outer loop
      vertex 114.029 171.431 7.62939e-07
      vertex 40.5706 171.431 7.62939e-07
      vertex 114.187 171.724 7.62939e-07
    endloop
  endfacet
  facet normal 0 0 -1
    outer loop
      vertex 40.4135 171.724 7.62939e-07
      vertex 114.187 171.724 7.62939e-07
      vertex 40.5706 171.431 7.62939e-07
    endloop
  endfacet
  facet normal 0 0 -1
    outer loop
      vertex 114.187 171.724 7.62939e-07
      vertex 40.4135 171.724 7.62939e-07
      vertex 114.398 171.982 7.62939e-07
    endloop
  endfacet
  facet normal 0 0 -1
    outer loop
      vertex 40.2021 171.982 7.62939e-07
      vertex 114.398 171.982 7.62939e-07
      vertex 40.4135 171.724 7.62939e-07
    endloop
  endfacet
  facet normal 0 0 -1
    outer loop
      vertex 114.398 171.982 7.62939e-07
      vertex 40.2021 171.982 7.62939e-07
      vertex 114.656 172.193 7.62939e-07
    endloop
  endfacet
  facet normal 0 0 -1
    outer loop
      vertex 39.9445 172.193 7.62939e-07
      vertex 114.656 172.193 7.62939e-07
      vertex 40.2021 171.982 7.62939e-07
    endloop
  endfacet
  facet normal 0 0 -1
    outer loop
      vertex 114.656 172.193 7.62939e-07
      vertex 39.9445 172.193 7.62939e-07
      vertex 114.949 172.351 7.62939e-07
    endloop
  endfacet
  facet normal 0 0 -1
    outer loop
      vertex 39.6506 172.351 7.62939e-07
      vertex 114.949 172.351 7.62939e-07
      vertex 39.9445 172.193 7.62939e-07
    endloop
  endfacet
  facet normal 0 0 -1
    outer loop
      vertex 114.949 172.351 7.62939e-07
      vertex 39.6506 172.351 7.62939e-07
      vertex 127.7 177.55 7.62939e-07
    endloop
  endfacet
  facet normal 0 0 -1
    outer loop
      vertex 39.3317 172.447 7.62939e-07
      vertex 127.7 177.55 7.62939e-07
      vertex 39.6506 172.351 7.62939e-07
    endloop
  endfacet
  facet normal 0 0 -1
    outer loop
      vertex 22.3 177.55 7.62939e-07
      vertex 39.3317 172.447 7.62939e-07
      vertex 39 172.48 7.62939e-07
    endloop
  endfacet
  facet normal 0 0 -1
    outer loop
      vertex 37.3327 170.448 7.62939e-07
      vertex 22.3 177.55 7.62939e-07
      vertex 37.3 170.78 7.62939e-07
    endloop
  endfacet
  facet normal 0 0 -1
    outer loop
      vertex 39.3317 172.447 7.62939e-07
      vertex 22.3 177.55 7.62939e-07
      vertex 127.7 177.55 7.62939e-07
    endloop
  endfacet
  facet normal 0 0 -1
    outer loop
      vertex 38.6683 172.447 7.62939e-07
      vertex 22.3 177.55 7.62939e-07
      vertex 39 172.48 7.62939e-07
    endloop
  endfacet
  facet normal 0 0 -1
    outer loop
      vertex 38.3494 172.351 7.62939e-07
      vertex 22.3 177.55 7.62939e-07
      vertex 38.6683 172.447 7.62939e-07
    endloop
  endfacet
  facet normal 0 0 -1
    outer loop
      vertex 38.0555 172.193 7.62939e-07
      vertex 22.3 177.55 7.62939e-07
      vertex 38.3494 172.351 7.62939e-07
    endloop
  endfacet
  facet normal 0 0 -1
    outer loop
      vertex 37.7979 171.982 7.62939e-07
      vertex 22.3 177.55 7.62939e-07
      vertex 38.0555 172.193 7.62939e-07
    endloop
  endfacet
  facet normal 0 0 -1
    outer loop
      vertex 37.5865 171.724 7.62939e-07
      vertex 22.3 177.55 7.62939e-07
      vertex 37.7979 171.982 7.62939e-07
    endloop
  endfacet
  facet normal 0 0 -1
    outer loop
      vertex 37.4294 171.431 7.62939e-07
      vertex 22.3 177.55 7.62939e-07
      vertex 37.5865 171.724 7.62939e-07
    endloop
  endfacet
  facet normal 0 0 -1
    outer loop
      vertex 37.3327 171.112 7.62939e-07
      vertex 22.3 177.55 7.62939e-07
      vertex 37.4294 171.431 7.62939e-07
    endloop
  endfacet
  facet normal 0 0 -1
    outer loop
      vertex 37.3 170.78 7.62939e-07
      vertex 22.3 177.55 7.62939e-07
      vertex 37.3327 171.112 7.62939e-07
    endloop
  endfacet
  facet normal 0 -1 0
    outer loop
      vertex 22.3 102.3 7.62939e-07
      vertex 127.7 102.3 14
      vertex 22.3 102.3 14
    endloop
  endfacet
  facet normal 0 -1 -0
    outer loop
      vertex 127.7 102.3 14
      vertex 22.3 102.3 7.62939e-07
      vertex 127.7 102.3 7.62939e-07
    endloop
  endfacet
  facet normal -0 0 1
    outer loop
      vertex 127.6 152.3 3
      vertex 127.7 104.8 3
      vertex 127.7 152.3 3
    endloop
  endfacet
  facet normal 0 0 1
    outer loop
      vertex 127.7 104.8 3
      vertex 127.6 152.3 3
      vertex 127.6 104.8 3
    endloop
  endfacet
  facet normal 0 0 -1
    outer loop
      vertex 127.7 152.3 3
      vertex 132.4 154.8 3
      vertex 132.4 152.3 3
    endloop
  endfacet
  facet normal -0 0 -1
    outer loop
      vertex 132.4 154.8 3
      vertex 127.7 152.3 3
      vertex 127.7 154.8 3
    endloop
  endfacet
  facet normal -0 0 1
    outer loop
      vertex 118.64 169.521 3
      vertex 127.7 154.8 3
      vertex 127.7 177.55 3
    endloop
  endfacet
  facet normal 0 0 1
    outer loop
      vertex 114.341 167.74 3
      vertex 125.4 143.8 3
      vertex 125.4 154.8 3
    endloop
  endfacet
  facet normal 0 0 1
    outer loop
      vertex 118.828 170.14 3
      vertex 127.7 177.55 3
      vertex 118.891 170.78 3
    endloop
  endfacet
  facet normal 0 0 1
    outer loop
      vertex 118.891 170.78 3
      vertex 127.7 177.55 3
      vertex 119.2 175.05 3
    endloop
  endfacet
  facet normal 0 0 1
    outer loop
      vertex 119.2 175.05 3
      vertex 127.7 177.55 3
      vertex 119.2 177.55 3
    endloop
  endfacet
  facet normal 0 0 1
    outer loop
      vertex 114.341 112.11 3
      vertex 125.4 131.8 3
      vertex 123.9 136.3 3
    endloop
  endfacet
  facet normal 0 0 1
    outer loop
      vertex 118.827 170.138 3
      vertex 127.7 177.55 3
      vertex 118.828 170.14 3
    endloop
  endfacet
  facet normal 0 0 1
    outer loop
      vertex 118.827 170.136 3
      vertex 127.7 177.55 3
      vertex 118.827 170.138 3
    endloop
  endfacet
  facet normal 0 0 1
    outer loop
      vertex 118.64 169.521 3
      vertex 127.7 177.55 3
      vertex 118.827 170.136 3
    endloop
  endfacet
  facet normal -0 0 1
    outer loop
      vertex 118.639 169.519 3
      vertex 127.7 154.8 3
      vertex 118.64 169.521 3
    endloop
  endfacet
  facet normal -0 0 1
    outer loop
      vertex 118.828 108.43 3
      vertex 125.4 104.8 3
      vertex 118.891 109.07 3
    endloop
  endfacet
  facet normal -0 0 1
    outer loop
      vertex 118.827 108.428 3
      vertex 125.4 104.8 3
      vertex 118.828 108.43 3
    endloop
  endfacet
  facet normal -0 0 1
    outer loop
      vertex 118.827 108.426 3
      vertex 125.4 104.8 3
      vertex 118.827 108.428 3
    endloop
  endfacet
  facet normal -0 0 1
    outer loop
      vertex 118.64 107.811 3
      vertex 125.4 104.8 3
      vertex 118.827 108.426 3
    endloop
  endfacet
  facet normal -0 0 1
    outer loop
      vertex 118.639 107.809 3
      vertex 125.4 104.8 3
      vertex 118.64 107.811 3
    endloop
  endfacet
  facet normal -0 0 1
    outer loop
      vertex 118.336 107.242 3
      vertex 125.4 104.8 3
      vertex 118.639 107.809 3
    endloop
  endfacet
  facet normal -0 0 1
    outer loop
      vertex 117.928 106.745 3
      vertex 125.4 104.8 3
      vertex 118.336 107.242 3
    endloop
  endfacet
  facet normal -0 0 1
    outer loop
      vertex 117.927 106.743 3
      vertex 125.4 104.8 3
      vertex 117.928 106.745 3
    endloop
  endfacet
  facet normal -0 0 1
    outer loop
      vertex 117.925 106.742 3
      vertex 125.4 104.8 3
      vertex 117.927 106.743 3
    endloop
  endfacet
  facet normal -0 0 1
    outer loop
      vertex 117.428 106.334 3
      vertex 125.4 104.8 3
      vertex 117.925 106.742 3
    endloop
  endfacet
  facet normal -0 0 1
    outer loop
      vertex 116.861 106.031 3
      vertex 125.4 104.8 3
      vertex 117.428 106.334 3
    endloop
  endfacet
  facet normal -0 0 1
    outer loop
      vertex 116.859 106.03 3
      vertex 125.4 104.8 3
      vertex 116.861 106.031 3
    endloop
  endfacet
  facet normal -0 0 1
    outer loop
      vertex 116.244 105.843 3
      vertex 125.4 104.8 3
      vertex 116.859 106.03 3
    endloop
  endfacet
  facet normal -0 0 1
    outer loop
      vertex 116.242 105.843 3
      vertex 125.4 104.8 3
      vertex 116.244 105.843 3
    endloop
  endfacet
  facet normal -0 0 1
    outer loop
      vertex 116.24 105.842 3
      vertex 125.4 104.8 3
      vertex 116.242 105.843 3
    endloop
  endfacet
  facet normal -0 0 1
    outer loop
      vertex 115.6 105.779 3
      vertex 125.4 104.8 3
      vertex 116.24 105.842 3
    endloop
  endfacet
  facet normal 0 0 1
    outer loop
      vertex 114.96 105.842 3
      vertex 125.4 104.8 3
      vertex 115.6 105.779 3
    endloop
  endfacet
  facet normal 0 0 -1
    outer loop
      vertex 114.958 105.843 3
      vertex 125.4 104.8 3
      vertex 114.96 105.842 3
    endloop
  endfacet
  facet normal 0 0 -1
    outer loop
      vertex 114.341 106.03 3
      vertex 114.958 105.843 3
      vertex 114.956 105.843 3
    endloop
  endfacet
  facet normal 0 0 -1
    outer loop
      vertex 113.772 106.334 3
      vertex 114.341 106.03 3
      vertex 114.339 106.031 3
    endloop
  endfacet
  facet normal 0 0 1
    outer loop
      vertex 113.273 106.743 3
      vertex 113.772 106.334 3
      vertex 113.275 106.742 3
    endloop
  endfacet
  facet normal 0 0 1
    outer loop
      vertex 112.864 107.242 3
      vertex 113.273 106.743 3
      vertex 113.272 106.745 3
    endloop
  endfacet
  facet normal 0 0 -1
    outer loop
      vertex 112.56 107.811 3
      vertex 112.864 107.242 3
      vertex 112.561 107.809 3
    endloop
  endfacet
  facet normal 0 0 1
    outer loop
      vertex 41.736 110.898 3
      vertex 112.864 110.898 3
      vertex 41.736 168.952 3
    endloop
  endfacet
  facet normal 0 0 1
    outer loop
      vertex 112.864 110.898 3
      vertex 41.736 110.898 3
      vertex 112.561 110.331 3
    endloop
  endfacet
  facet normal 0 0 1
    outer loop
      vertex 112.561 110.331 3
      vertex 41.736 110.898 3
      vertex 112.56 110.329 3
    endloop
  endfacet
  facet normal -0 -0 1
    outer loop
      vertex 42.0392 110.331 3
      vertex 112.56 110.329 3
      vertex 41.736 110.898 3
    endloop
  endfacet
  facet normal 0 -0 1
    outer loop
      vertex 42.0401 110.329 3
      vertex 112.56 110.329 3
      vertex 42.0392 110.331 3
    endloop
  endfacet
  facet normal 0 0 1
    outer loop
      vertex 112.56 110.329 3
      vertex 42.0401 110.329 3
      vertex 112.373 109.714 3
    endloop
  endfacet
  facet normal 0 -0 1
    outer loop
      vertex 42.2268 109.714 3
      vertex 112.373 109.714 3
      vertex 42.0401 110.329 3
    endloop
  endfacet
  facet normal -0 0 1
    outer loop
      vertex 42.2268 108.426 3
      vertex 112.56 107.811 3
      vertex 42.2274 108.428 3
    endloop
  endfacet
  facet normal 0 0 1
    outer loop
      vertex 42.0401 107.811 3
      vertex 112.56 107.811 3
      vertex 42.2268 108.426 3
    endloop
  endfacet
  facet normal 0 0 1
    outer loop
      vertex 112.56 107.811 3
      vertex 42.0401 107.811 3
      vertex 112.864 107.242 3
    endloop
  endfacet
  facet normal -0 0 1
    outer loop
      vertex 42.0392 107.809 3
      vertex 112.864 107.242 3
      vertex 42.0401 107.811 3
    endloop
  endfacet
  facet normal 0 0 1
    outer loop
      vertex 41.736 107.242 3
      vertex 112.864 107.242 3
      vertex 42.0392 107.809 3
    endloop
  endfacet
  facet normal 0 0 1
    outer loop
      vertex 112.864 107.242 3
      vertex 41.736 107.242 3
      vertex 113.273 106.743 3
    endloop
  endfacet
  facet normal -0 0 1
    outer loop
      vertex 41.328 106.745 3
      vertex 113.273 106.743 3
      vertex 41.736 107.242 3
    endloop
  endfacet
  facet normal 0 0 1
    outer loop
      vertex 41.3268 106.743 3
      vertex 113.273 106.743 3
      vertex 41.328 106.745 3
    endloop
  endfacet
  facet normal 0 0 1
    outer loop
      vertex 113.273 106.743 3
      vertex 41.3268 106.743 3
      vertex 113.772 106.334 3
    endloop
  endfacet
  facet normal -0 0 1
    outer loop
      vertex 41.3253 106.742 3
      vertex 113.772 106.334 3
      vertex 41.3268 106.743 3
    endloop
  endfacet
  facet normal 0 0 1
    outer loop
      vertex 40.8282 106.334 3
      vertex 113.772 106.334 3
      vertex 41.3253 106.742 3
    endloop
  endfacet
  facet normal 0 0 1
    outer loop
      vertex 113.772 106.334 3
      vertex 40.8282 106.334 3
      vertex 114.341 106.03 3
    endloop
  endfacet
  facet normal -0 0 1
    outer loop
      vertex 40.261 106.031 3
      vertex 114.341 106.03 3
      vertex 40.8282 106.334 3
    endloop
  endfacet
  facet normal 0 0 1
    outer loop
      vertex 40.2593 106.03 3
      vertex 114.341 106.03 3
      vertex 40.261 106.031 3
    endloop
  endfacet
  facet normal 0 0 1
    outer loop
      vertex 114.341 106.03 3
      vertex 40.2593 106.03 3
      vertex 114.958 105.843 3
    endloop
  endfacet
  facet normal 0 0 1
    outer loop
      vertex 39.6438 105.843 3
      vertex 114.958 105.843 3
      vertex 40.2593 106.03 3
    endloop
  endfacet
  facet normal 0 0 0
    outer loop
      vertex 39.642 105.843 3
      vertex 114.958 105.843 3
      vertex 39.6438 105.843 3
    endloop
  endfacet
  facet normal 0 0 1
    outer loop
      vertex 39.64 105.842 3
      vertex 114.958 105.843 3
      vertex 39.642 105.843 3
    endloop
  endfacet
  facet normal 0 0 1
    outer loop
      vertex 114.958 105.843 3
      vertex 39.64 105.842 3
      vertex 125.4 104.8 3
    endloop
  endfacet
  facet normal -0 0 1
    outer loop
      vertex 39 105.779 3
      vertex 125.4 104.8 3
      vertex 39.64 105.842 3
    endloop
  endfacet
  facet normal 0 0 -1
    outer loop
      vertex 38.358 105.843 3
      vertex 39 105.779 3
      vertex 38.36 105.842 3
    endloop
  endfacet
  facet normal 0 0 1
    outer loop
      vertex 24.8 104.8 3
      vertex 38.3562 105.843 3
      vertex 37.7407 106.03 3
    endloop
  endfacet
  facet normal 0 0 1
    outer loop
      vertex 24.8 104.8 3
      vertex 36.672 106.745 3
      vertex 36.264 107.242 3
    endloop
  endfacet
  facet normal 0 0 1
    outer loop
      vertex 24.8 104.8 3
      vertex 35.9608 107.809 3
      vertex 35.9599 107.811 3
    endloop
  endfacet
  facet normal 0 0 1
    outer loop
      vertex 35.7726 109.712 3
      vertex 24.8 112.8 3
      vertex 35.7724 109.71 3
    endloop
  endfacet
  facet normal 0 0 1
    outer loop
      vertex 35.7724 109.71 3
      vertex 24.8 112.8 3
      vertex 35.7094 109.07 3
    endloop
  endfacet
  facet normal 0 0 1
    outer loop
      vertex 24.8 104.8 3
      vertex 35.7094 109.07 3
      vertex 24.8 112.8 3
    endloop
  endfacet
  facet normal 0 0 1
    outer loop
      vertex 35.7094 109.07 3
      vertex 24.8 104.8 3
      vertex 35.7724 108.43 3
    endloop
  endfacet
  facet normal 0 0 1
    outer loop
      vertex 35.7724 108.43 3
      vertex 24.8 104.8 3
      vertex 35.7726 108.428 3
    endloop
  endfacet
  facet normal 0 0 1
    outer loop
      vertex 35.7726 108.428 3
      vertex 24.8 104.8 3
      vertex 35.7732 108.426 3
    endloop
  endfacet
  facet normal 0 0 1
    outer loop
      vertex 35.7732 108.426 3
      vertex 24.8 104.8 3
      vertex 35.9599 107.811 3
    endloop
  endfacet
  facet normal 0 0 1
    outer loop
      vertex 35.9608 107.809 3
      vertex 24.8 104.8 3
      vertex 36.264 107.242 3
    endloop
  endfacet
  facet normal 0 0 1
    outer loop
      vertex 36.672 106.745 3
      vertex 24.8 104.8 3
      vertex 36.6732 106.743 3
    endloop
  endfacet
  facet normal 0 0 1
    outer loop
      vertex 36.6732 106.743 3
      vertex 24.8 104.8 3
      vertex 36.6747 106.742 3
    endloop
  endfacet
  facet normal 0 0 1
    outer loop
      vertex 36.6747 106.742 3
      vertex 24.8 104.8 3
      vertex 37.1718 106.334 3
    endloop
  endfacet
  facet normal 0 0 1
    outer loop
      vertex 37.1718 106.334 3
      vertex 24.8 104.8 3
      vertex 37.739 106.031 3
    endloop
  endfacet
  facet normal 0 0 1
    outer loop
      vertex 39 105.779 3
      vertex 24.8 104.8 3
      vertex 125.4 104.8 3
    endloop
  endfacet
  facet normal 0 0 1
    outer loop
      vertex 38.358 105.843 3
      vertex 24.8 104.8 3
      vertex 39 105.779 3
    endloop
  endfacet
  facet normal -0 0 1
    outer loop
      vertex 38.3562 105.843 3
      vertex 24.8 104.8 3
      vertex 38.358 105.843 3
    endloop
  endfacet
  facet normal 0 0 1
    outer loop
      vertex 37.739 106.031 3
      vertex 24.8 104.8 3
      vertex 37.7407 106.03 3
    endloop
  endfacet
  facet normal -0 0 1
    outer loop
      vertex 22.3 161.8 3
      vertex 24.8 112.8 3
      vertex 24.8 161.8 3
    endloop
  endfacet
  facet normal 0 0 1
    outer loop
      vertex 24.8 112.8 3
      vertex 22.3 161.8 3
      vertex 22.3 112.8 3
    endloop
  endfacet
  facet normal 0 0 1
    outer loop
      vertex 112.373 109.714 3
      vertex 42.2268 109.714 3
      vertex 112.373 109.712 3
    endloop
  endfacet
  facet normal 0 0 1
    outer loop
      vertex 112.373 108.426 3
      vertex 42.2274 108.428 3
      vertex 112.56 107.811 3
    endloop
  endfacet
  facet normal 0 -0 1
    outer loop
      vertex 42.2274 109.712 3
      vertex 112.373 109.712 3
      vertex 42.2268 109.714 3
    endloop
  endfacet
  facet normal 0 0 1
    outer loop
      vertex 112.373 108.428 3
      vertex 42.2274 108.428 3
      vertex 112.373 108.426 3
    endloop
  endfacet
  facet normal 0 0 1
    outer loop
      vertex 112.373 109.712 3
      vertex 42.2274 109.712 3
      vertex 112.372 109.71 3
    endloop
  endfacet
  facet normal 0 0 1
    outer loop
      vertex 42.2274 108.428 3
      vertex 112.373 108.428 3
      vertex 42.2276 108.43 3
    endloop
  endfacet
  facet normal 0 -0 1
    outer loop
      vertex 42.2276 109.71 3
      vertex 112.372 109.71 3
      vertex 42.2274 109.712 3
    endloop
  endfacet
  facet normal 0 0 1
    outer loop
      vertex 112.372 108.43 3
      vertex 42.2276 108.43 3
      vertex 112.373 108.428 3
    endloop
  endfacet
  facet normal 0 0 1
    outer loop
      vertex 112.372 109.71 3
      vertex 42.2276 109.71 3
      vertex 112.309 109.07 3
    endloop
  endfacet
  facet normal 0 0 1
    outer loop
      vertex 42.2276 108.43 3
      vertex 112.372 108.43 3
      vertex 42.2906 109.07 3
    endloop
  endfacet
  facet normal 0 -0 1
    outer loop
      vertex 42.2906 109.07 3
      vertex 112.309 109.07 3
      vertex 42.2276 109.71 3
    endloop
  endfacet
  facet normal 0 0 1
    outer loop
      vertex 112.309 109.07 3
      vertex 42.2906 109.07 3
      vertex 112.372 108.43 3
    endloop
  endfacet
  facet normal -0 0 1
    outer loop
      vertex 41.328 168.455 3
      vertex 41.736 110.898 3
      vertex 41.736 168.952 3
    endloop
  endfacet
  facet normal 0 0 1
    outer loop
      vertex 41.328 168.455 3
      vertex 41.328 111.395 3
      vertex 41.736 110.898 3
    endloop
  endfacet
  facet normal -0 0 1
    outer loop
      vertex 41.3268 168.453 3
      vertex 41.328 111.395 3
      vertex 41.328 168.455 3
    endloop
  endfacet
  facet normal 0 0 1
    outer loop
      vertex 41.3268 168.453 3
      vertex 41.3268 111.397 3
      vertex 41.328 111.395 3
    endloop
  endfacet
  facet normal -0 0 1
    outer loop
      vertex 41.3253 168.452 3
      vertex 41.3268 111.397 3
      vertex 41.3268 168.453 3
    endloop
  endfacet
  facet normal 0 0 1
    outer loop
      vertex 41.3253 168.452 3
      vertex 41.3253 111.398 3
      vertex 41.3268 111.397 3
    endloop
  endfacet
  facet normal -0 0 1
    outer loop
      vertex 40.8282 168.044 3
      vertex 41.3253 111.398 3
      vertex 41.3253 168.452 3
    endloop
  endfacet
  facet normal 0 0 1
    outer loop
      vertex 40.8282 168.044 3
      vertex 40.8282 111.806 3
      vertex 41.3253 111.398 3
    endloop
  endfacet
  facet normal -0 0 1
    outer loop
      vertex 40.261 167.741 3
      vertex 40.8282 111.806 3
      vertex 40.8282 168.044 3
    endloop
  endfacet
  facet normal 0 0 1
    outer loop
      vertex 40.261 167.741 3
      vertex 40.261 112.109 3
      vertex 40.8282 111.806 3
    endloop
  endfacet
  facet normal -0 0 1
    outer loop
      vertex 40.2593 167.74 3
      vertex 40.261 112.109 3
      vertex 40.261 167.741 3
    endloop
  endfacet
  facet normal 0 0 1
    outer loop
      vertex 40.2593 167.74 3
      vertex 40.2593 112.11 3
      vertex 40.261 112.109 3
    endloop
  endfacet
  facet normal -0 0 1
    outer loop
      vertex 39.6438 167.553 3
      vertex 40.2593 112.11 3
      vertex 40.2593 167.74 3
    endloop
  endfacet
  facet normal 0 0 1
    outer loop
      vertex 39.6438 167.553 3
      vertex 39.6438 112.297 3
      vertex 40.2593 112.11 3
    endloop
  endfacet
  facet normal -0 0 1
    outer loop
      vertex 39.642 167.553 3
      vertex 39.6438 112.297 3
      vertex 39.6438 167.553 3
    endloop
  endfacet
  facet normal 0 0 1
    outer loop
      vertex 39.642 167.553 3
      vertex 39.642 112.297 3
      vertex 39.6438 112.297 3
    endloop
  endfacet
  facet normal -0 0 1
    outer loop
      vertex 39.64 167.552 3
      vertex 39.642 112.297 3
      vertex 39.642 167.553 3
    endloop
  endfacet
  facet normal 0 0 1
    outer loop
      vertex 39.64 167.552 3
      vertex 39.64 112.298 3
      vertex 39.642 112.297 3
    endloop
  endfacet
  facet normal -0 0 1
    outer loop
      vertex 39 167.489 3
      vertex 39.64 112.298 3
      vertex 39.64 167.552 3
    endloop
  endfacet
  facet normal 0 0 1
    outer loop
      vertex 39 167.489 3
      vertex 39 112.361 3
      vertex 39.64 112.298 3
    endloop
  endfacet
  facet normal 0 0 1
    outer loop
      vertex 24.8 161.8 3
      vertex 39 167.489 3
      vertex 38.36 167.552 3
    endloop
  endfacet
  facet normal 0 0 1
    outer loop
      vertex 39 167.489 3
      vertex 24.8 161.8 3
      vertex 39 112.361 3
    endloop
  endfacet
  facet normal 0 0 1
    outer loop
      vertex 24.8 161.8 3
      vertex 38.36 167.552 3
      vertex 38.358 167.553 3
    endloop
  endfacet
  facet normal 0 0 1
    outer loop
      vertex 39 112.361 3
      vertex 24.8 161.8 3
      vertex 38.36 112.298 3
    endloop
  endfacet
  facet normal 0 0 1
    outer loop
      vertex 24.8 161.8 3
      vertex 38.358 167.553 3
      vertex 38.3562 167.553 3
    endloop
  endfacet
  facet normal 0 0 1
    outer loop
      vertex 38.36 112.298 3
      vertex 24.8 161.8 3
      vertex 38.358 112.297 3
    endloop
  endfacet
  facet normal 0 0 1
    outer loop
      vertex 24.8 161.8 3
      vertex 38.3562 167.553 3
      vertex 37.7407 167.74 3
    endloop
  endfacet
  facet normal -0 0 1
    outer loop
      vertex 24.8 112.8 3
      vertex 38.358 112.297 3
      vertex 24.8 161.8 3
    endloop
  endfacet
  facet normal 0 0 1
    outer loop
      vertex 24.8 161.8 3
      vertex 37.7407 167.74 3
      vertex 37.739 167.741 3
    endloop
  endfacet
  facet normal 0 0 1
    outer loop
      vertex 38.358 112.297 3
      vertex 24.8 112.8 3
      vertex 38.3562 112.297 3
    endloop
  endfacet
  facet normal 0 0 1
    outer loop
      vertex 24.8 161.8 3
      vertex 37.739 167.741 3
      vertex 37.1718 168.044 3
    endloop
  endfacet
  facet normal 0 0 1
    outer loop
      vertex 38.3562 112.297 3
      vertex 24.8 112.8 3
      vertex 37.7407 112.11 3
    endloop
  endfacet
  facet normal 0 0 1
    outer loop
      vertex 24.8 161.8 3
      vertex 37.1718 168.044 3
      vertex 36.6747 168.452 3
    endloop
  endfacet
  facet normal 0 0 1
    outer loop
      vertex 37.7407 112.11 3
      vertex 24.8 112.8 3
      vertex 37.739 112.109 3
    endloop
  endfacet
  facet normal 0 0 1
    outer loop
      vertex 24.8 161.8 3
      vertex 36.6747 168.452 3
      vertex 36.6732 168.453 3
    endloop
  endfacet
  facet normal 0 0 1
    outer loop
      vertex 37.739 112.109 3
      vertex 24.8 112.8 3
      vertex 37.1718 111.806 3
    endloop
  endfacet
  facet normal 0 0 1
    outer loop
      vertex 36.264 168.952 3
      vertex 24.8 161.8 3
      vertex 36.672 168.455 3
    endloop
  endfacet
  facet normal 0 0 1
    outer loop
      vertex 36.672 168.455 3
      vertex 24.8 161.8 3
      vertex 36.6732 168.453 3
    endloop
  endfacet
  facet normal 0 0 1
    outer loop
      vertex 35.9608 169.519 3
      vertex 24.8 161.8 3
      vertex 36.264 168.952 3
    endloop
  endfacet
  facet normal 0 0 1
    outer loop
      vertex 37.1718 111.806 3
      vertex 24.8 112.8 3
      vertex 36.6747 111.398 3
    endloop
  endfacet
  facet normal 0 0 1
    outer loop
      vertex 35.9599 169.521 3
      vertex 24.8 161.8 3
      vertex 35.9608 169.519 3
    endloop
  endfacet
  facet normal 0 0 1
    outer loop
      vertex 36.6747 111.398 3
      vertex 24.8 112.8 3
      vertex 36.6732 111.397 3
    endloop
  endfacet
  facet normal 0 0 1
    outer loop
      vertex 35.7732 170.136 3
      vertex 24.8 161.8 3
      vertex 35.9599 169.521 3
    endloop
  endfacet
  facet normal 0 0 1
    outer loop
      vertex 36.6732 111.397 3
      vertex 24.8 112.8 3
      vertex 36.672 111.395 3
    endloop
  endfacet
  facet normal 0 0 1
    outer loop
      vertex 35.7726 170.138 3
      vertex 24.8 161.8 3
      vertex 35.7732 170.136 3
    endloop
  endfacet
  facet normal 0 0 1
    outer loop
      vertex 36.672 111.395 3
      vertex 24.8 112.8 3
      vertex 36.264 110.898 3
    endloop
  endfacet
  facet normal 0 0 1
    outer loop
      vertex 24.8 161.8 3
      vertex 35.7726 170.138 3
      vertex 24.8 175.05 3
    endloop
  endfacet
  facet normal 0 0 1
    outer loop
      vertex 36.264 110.898 3
      vertex 24.8 112.8 3
      vertex 35.9608 110.331 3
    endloop
  endfacet
  facet normal 0 0 1
    outer loop
      vertex 24.8 175.05 3
      vertex 35.7726 170.138 3
      vertex 35.7724 170.14 3
    endloop
  endfacet
  facet normal 0 0 1
    outer loop
      vertex 35.9608 110.331 3
      vertex 24.8 112.8 3
      vertex 35.9599 110.329 3
    endloop
  endfacet
  facet normal 0 0 1
    outer loop
      vertex 24.8 175.05 3
      vertex 35.7724 170.14 3
      vertex 35.7094 170.78 3
    endloop
  endfacet
  facet normal 0 0 1
    outer loop
      vertex 35.9599 110.329 3
      vertex 24.8 112.8 3
      vertex 35.7732 109.714 3
    endloop
  endfacet
  facet normal -0 0 1
    outer loop
      vertex 118.336 168.952 3
      vertex 127.7 154.8 3
      vertex 118.639 169.519 3
    endloop
  endfacet
  facet normal 0 0 1
    outer loop
      vertex 125.4 104.8 3
      vertex 118.828 109.71 3
      vertex 118.891 109.07 3
    endloop
  endfacet
  facet normal 0 0 1
    outer loop
      vertex 127.7 154.8 3
      vertex 118.336 168.952 3
      vertex 125.4 154.8 3
    endloop
  endfacet
  facet normal 0 0 1
    outer loop
      vertex 125.4 104.8 3
      vertex 118.827 109.712 3
      vertex 118.828 109.71 3
    endloop
  endfacet
  facet normal -0 0 1
    outer loop
      vertex 117.928 168.455 3
      vertex 125.4 154.8 3
      vertex 118.336 168.952 3
    endloop
  endfacet
  facet normal 0 0 1
    outer loop
      vertex 125.4 104.8 3
      vertex 118.827 109.714 3
      vertex 118.827 109.712 3
    endloop
  endfacet
  facet normal -0 0 1
    outer loop
      vertex 117.927 168.453 3
      vertex 125.4 154.8 3
      vertex 117.928 168.455 3
    endloop
  endfacet
  facet normal 0 0 1
    outer loop
      vertex 125.4 104.8 3
      vertex 118.64 110.329 3
      vertex 118.827 109.714 3
    endloop
  endfacet
  facet normal -0 0 1
    outer loop
      vertex 117.925 168.452 3
      vertex 125.4 154.8 3
      vertex 117.927 168.453 3
    endloop
  endfacet
  facet normal 0 0 1
    outer loop
      vertex 125.4 104.8 3
      vertex 118.639 110.331 3
      vertex 118.64 110.329 3
    endloop
  endfacet
  facet normal -0 0 1
    outer loop
      vertex 117.428 168.044 3
      vertex 125.4 154.8 3
      vertex 117.925 168.452 3
    endloop
  endfacet
  facet normal 0 0 1
    outer loop
      vertex 125.4 104.8 3
      vertex 118.336 110.898 3
      vertex 118.639 110.331 3
    endloop
  endfacet
  facet normal -0 0 1
    outer loop
      vertex 116.861 167.741 3
      vertex 125.4 154.8 3
      vertex 117.428 168.044 3
    endloop
  endfacet
  facet normal 0 0 1
    outer loop
      vertex 125.4 131.8 3
      vertex 118.336 110.898 3
      vertex 125.4 104.8 3
    endloop
  endfacet
  facet normal 0 0 1
    outer loop
      vertex 125.4 131.8 3
      vertex 117.927 111.397 3
      vertex 117.928 111.395 3
    endloop
  endfacet
  facet normal 0 0 1
    outer loop
      vertex 125.4 131.8 3
      vertex 117.928 111.395 3
      vertex 118.336 110.898 3
    endloop
  endfacet
  facet normal -0 0 1
    outer loop
      vertex 116.859 167.74 3
      vertex 125.4 154.8 3
      vertex 116.861 167.741 3
    endloop
  endfacet
  facet normal 0 0 1
    outer loop
      vertex 125.4 131.8 3
      vertex 117.925 111.398 3
      vertex 117.927 111.397 3
    endloop
  endfacet
  facet normal -0 0 1
    outer loop
      vertex 116.244 167.553 3
      vertex 125.4 154.8 3
      vertex 116.859 167.74 3
    endloop
  endfacet
  facet normal 0 0 1
    outer loop
      vertex 125.4 131.8 3
      vertex 117.428 111.806 3
      vertex 117.925 111.398 3
    endloop
  endfacet
  facet normal -0 0 1
    outer loop
      vertex 116.242 167.553 3
      vertex 125.4 154.8 3
      vertex 116.244 167.553 3
    endloop
  endfacet
  facet normal 0 0 1
    outer loop
      vertex 125.4 131.8 3
      vertex 116.861 112.109 3
      vertex 117.428 111.806 3
    endloop
  endfacet
  facet normal -0 0 1
    outer loop
      vertex 116.24 167.552 3
      vertex 125.4 154.8 3
      vertex 116.242 167.553 3
    endloop
  endfacet
  facet normal 0 0 1
    outer loop
      vertex 125.4 131.8 3
      vertex 116.859 112.11 3
      vertex 116.861 112.109 3
    endloop
  endfacet
  facet normal -0 0 1
    outer loop
      vertex 115.6 167.489 3
      vertex 125.4 154.8 3
      vertex 116.24 167.552 3
    endloop
  endfacet
  facet normal 0 0 1
    outer loop
      vertex 125.4 131.8 3
      vertex 116.244 112.297 3
      vertex 116.859 112.11 3
    endloop
  endfacet
  facet normal 0 0 1
    outer loop
      vertex 114.96 167.552 3
      vertex 125.4 154.8 3
      vertex 115.6 167.489 3
    endloop
  endfacet
  facet normal 0 0 1
    outer loop
      vertex 125.4 131.8 3
      vertex 116.242 112.297 3
      vertex 116.244 112.297 3
    endloop
  endfacet
  facet normal 0 0 1
    outer loop
      vertex 114.958 167.553 3
      vertex 125.4 154.8 3
      vertex 114.96 167.552 3
    endloop
  endfacet
  facet normal 0 0 1
    outer loop
      vertex 125.4 131.8 3
      vertex 116.24 112.298 3
      vertex 116.242 112.297 3
    endloop
  endfacet
  facet normal -0 0 1
    outer loop
      vertex 114.956 167.553 3
      vertex 125.4 154.8 3
      vertex 114.958 167.553 3
    endloop
  endfacet
  facet normal 0 0 1
    outer loop
      vertex 125.4 131.8 3
      vertex 115.6 112.361 3
      vertex 116.24 112.298 3
    endloop
  endfacet
  facet normal 0 0 1
    outer loop
      vertex 114.341 167.74 3
      vertex 125.4 154.8 3
      vertex 114.956 167.553 3
    endloop
  endfacet
  facet normal 0 0 1
    outer loop
      vertex 125.4 131.8 3
      vertex 114.96 112.298 3
      vertex 115.6 112.361 3
    endloop
  endfacet
  facet normal 0 0 1
    outer loop
      vertex 125.4 143.8 3
      vertex 114.341 167.74 3
      vertex 123.9 139.3 3
    endloop
  endfacet
  facet normal 0 0 1
    outer loop
      vertex 125.4 131.8 3
      vertex 114.958 112.297 3
      vertex 114.96 112.298 3
    endloop
  endfacet
  facet normal 0 0 1
    outer loop
      vertex 114.339 167.741 3
      vertex 123.9 139.3 3
      vertex 114.341 167.74 3
    endloop
  endfacet
  facet normal 0 0 1
    outer loop
      vertex 125.4 131.8 3
      vertex 114.956 112.297 3
      vertex 114.958 112.297 3
    endloop
  endfacet
  facet normal 0 0 1
    outer loop
      vertex 113.772 168.044 3
      vertex 123.9 139.3 3
      vertex 114.339 167.741 3
    endloop
  endfacet
  facet normal 0 0 1
    outer loop
      vertex 125.4 131.8 3
      vertex 114.341 112.11 3
      vertex 114.956 112.297 3
    endloop
  endfacet
  facet normal 0 0 1
    outer loop
      vertex 113.275 168.452 3
      vertex 123.9 139.3 3
      vertex 113.772 168.044 3
    endloop
  endfacet
  facet normal 0 0 1
    outer loop
      vertex 123.9 136.3 3
      vertex 114.339 112.109 3
      vertex 114.341 112.11 3
    endloop
  endfacet
  facet normal 0 0 1
    outer loop
      vertex 113.273 168.453 3
      vertex 123.9 139.3 3
      vertex 113.275 168.452 3
    endloop
  endfacet
  facet normal 0 0 1
    outer loop
      vertex 123.9 136.3 3
      vertex 113.772 111.806 3
      vertex 114.339 112.109 3
    endloop
  endfacet
  facet normal 0 0 1
    outer loop
      vertex 113.273 111.397 3
      vertex 123.9 139.3 3
      vertex 113.273 168.453 3
    endloop
  endfacet
  facet normal 0 0 1
    outer loop
      vertex 123.9 136.3 3
      vertex 113.275 111.398 3
      vertex 113.772 111.806 3
    endloop
  endfacet
  facet normal 0 0 1
    outer loop
      vertex 123.9 139.3 3
      vertex 113.273 111.397 3
      vertex 123.9 136.3 3
    endloop
  endfacet
  facet normal 0 0 1
    outer loop
      vertex 123.9 136.3 3
      vertex 113.273 111.397 3
      vertex 113.275 111.398 3
    endloop
  endfacet
  facet normal 0 0 1
    outer loop
      vertex 113.272 168.455 3
      vertex 113.273 111.397 3
      vertex 113.273 168.453 3
    endloop
  endfacet
  facet normal 0 0 1
    outer loop
      vertex 113.272 168.455 3
      vertex 113.272 111.395 3
      vertex 113.273 111.397 3
    endloop
  endfacet
  facet normal 0 0 1
    outer loop
      vertex 112.864 168.952 3
      vertex 113.272 111.395 3
      vertex 113.272 168.455 3
    endloop
  endfacet
  facet normal 0 0 1
    outer loop
      vertex 112.864 168.952 3
      vertex 112.864 110.898 3
      vertex 113.272 111.395 3
    endloop
  endfacet
  facet normal 0 0 1
    outer loop
      vertex 112.373 170.136 3
      vertex 42.2274 170.138 3
      vertex 112.56 169.521 3
    endloop
  endfacet
  facet normal -0 0 1
    outer loop
      vertex 42.2268 170.136 3
      vertex 112.56 169.521 3
      vertex 42.2274 170.138 3
    endloop
  endfacet
  facet normal 0 0 1
    outer loop
      vertex 112.373 170.138 3
      vertex 42.2274 170.138 3
      vertex 112.373 170.136 3
    endloop
  endfacet
  facet normal 0 0 1
    outer loop
      vertex 42.0401 169.521 3
      vertex 112.56 169.521 3
      vertex 42.2268 170.136 3
    endloop
  endfacet
  facet normal 0 0 1
    outer loop
      vertex 42.2274 170.138 3
      vertex 112.373 170.138 3
      vertex 42.2276 170.14 3
    endloop
  endfacet
  facet normal 0 0 1
    outer loop
      vertex 112.56 169.521 3
      vertex 42.0401 169.521 3
      vertex 112.561 169.519 3
    endloop
  endfacet
  facet normal 0 0 1
    outer loop
      vertex 112.372 170.14 3
      vertex 42.2276 170.14 3
      vertex 112.373 170.138 3
    endloop
  endfacet
  facet normal 0 0 1
    outer loop
      vertex 42.0392 169.519 3
      vertex 112.561 169.519 3
      vertex 42.0401 169.521 3
    endloop
  endfacet
  facet normal 0 0 1
    outer loop
      vertex 42.2276 170.14 3
      vertex 112.372 170.14 3
      vertex 42.2906 170.78 3
    endloop
  endfacet
  facet normal 0 0 1
    outer loop
      vertex 112.561 169.519 3
      vertex 42.0392 169.519 3
      vertex 112.864 168.952 3
    endloop
  endfacet
  facet normal -0 0 1
    outer loop
      vertex 42.2906 170.78 3
      vertex 112.372 170.14 3
      vertex 112.309 170.78 3
    endloop
  endfacet
  facet normal 0 0 1
    outer loop
      vertex 41.736 168.952 3
      vertex 112.864 168.952 3
      vertex 42.0392 169.519 3
    endloop
  endfacet
  facet normal 0 0 1
    outer loop
      vertex 119.2 175.05 3
      vertex 118.828 171.42 3
      vertex 118.891 170.78 3
    endloop
  endfacet
  facet normal 0 0 1
    outer loop
      vertex 119.2 175.05 3
      vertex 118.827 171.422 3
      vertex 118.828 171.42 3
    endloop
  endfacet
  facet normal 0 0 1
    outer loop
      vertex 119.2 175.05 3
      vertex 118.827 171.424 3
      vertex 118.827 171.422 3
    endloop
  endfacet
  facet normal 0 0 1
    outer loop
      vertex 119.2 175.05 3
      vertex 118.64 172.039 3
      vertex 118.827 171.424 3
    endloop
  endfacet
  facet normal 0 0 1
    outer loop
      vertex 119.2 175.05 3
      vertex 118.639 172.041 3
      vertex 118.64 172.039 3
    endloop
  endfacet
  facet normal 0 0 1
    outer loop
      vertex 119.2 175.05 3
      vertex 118.336 172.608 3
      vertex 118.639 172.041 3
    endloop
  endfacet
  facet normal 0 0 1
    outer loop
      vertex 119.2 175.05 3
      vertex 117.928 173.105 3
      vertex 118.336 172.608 3
    endloop
  endfacet
  facet normal 0 0 1
    outer loop
      vertex 119.2 175.05 3
      vertex 117.927 173.107 3
      vertex 117.928 173.105 3
    endloop
  endfacet
  facet normal 0 0 1
    outer loop
      vertex 119.2 175.05 3
      vertex 117.925 173.108 3
      vertex 117.927 173.107 3
    endloop
  endfacet
  facet normal 0 0 1
    outer loop
      vertex 119.2 175.05 3
      vertex 117.428 173.516 3
      vertex 117.925 173.108 3
    endloop
  endfacet
  facet normal 0 0 1
    outer loop
      vertex 119.2 175.05 3
      vertex 116.861 173.819 3
      vertex 117.428 173.516 3
    endloop
  endfacet
  facet normal 0 0 1
    outer loop
      vertex 119.2 175.05 3
      vertex 116.859 173.82 3
      vertex 116.861 173.819 3
    endloop
  endfacet
  facet normal 0 0 1
    outer loop
      vertex 119.2 175.05 3
      vertex 116.244 174.007 3
      vertex 116.859 173.82 3
    endloop
  endfacet
  facet normal 0 0 1
    outer loop
      vertex 119.2 175.05 3
      vertex 116.242 174.007 3
      vertex 116.244 174.007 3
    endloop
  endfacet
  facet normal 0 0 1
    outer loop
      vertex 119.2 175.05 3
      vertex 116.24 174.008 3
      vertex 116.242 174.007 3
    endloop
  endfacet
  facet normal 0 0 1
    outer loop
      vertex 119.2 175.05 3
      vertex 115.6 174.071 3
      vertex 116.24 174.008 3
    endloop
  endfacet
  facet normal 0 0 1
    outer loop
      vertex 119.2 175.05 3
      vertex 114.96 174.008 3
      vertex 115.6 174.071 3
    endloop
  endfacet
  facet normal 0 0 -1
    outer loop
      vertex 119.2 175.05 3
      vertex 114.958 174.007 3
      vertex 114.96 174.008 3
    endloop
  endfacet
  facet normal 0 0 -1
    outer loop
      vertex 114.341 173.82 3
      vertex 113.772 173.516 3
      vertex 114.339 173.819 3
    endloop
  endfacet
  facet normal 0 0 1
    outer loop
      vertex 112.864 168.952 3
      vertex 41.736 168.952 3
      vertex 112.864 110.898 3
    endloop
  endfacet
  facet normal 0 0 1
    outer loop
      vertex 112.372 171.42 3
      vertex 42.2906 170.78 3
      vertex 112.309 170.78 3
    endloop
  endfacet
  facet normal 0 0 1
    outer loop
      vertex 42.2276 171.42 3
      vertex 112.372 171.42 3
      vertex 112.373 171.422 3
    endloop
  endfacet
  facet normal 0 0 1
    outer loop
      vertex 42.2274 171.422 3
      vertex 112.373 171.422 3
      vertex 112.373 171.424 3
    endloop
  endfacet
  facet normal 0 0 1
    outer loop
      vertex 42.2274 171.422 3
      vertex 112.373 171.424 3
      vertex 112.56 172.039 3
    endloop
  endfacet
  facet normal 0 0 1
    outer loop
      vertex 42.0401 172.039 3
      vertex 112.56 172.039 3
      vertex 112.561 172.041 3
    endloop
  endfacet
  facet normal 0 0 1
    outer loop
      vertex 42.0392 172.041 3
      vertex 112.561 172.041 3
      vertex 112.864 172.608 3
    endloop
  endfacet
  facet normal 0 0 1
    outer loop
      vertex 41.736 172.608 3
      vertex 112.864 172.608 3
      vertex 113.272 173.105 3
    endloop
  endfacet
  facet normal 0 0 1
    outer loop
      vertex 41.736 172.608 3
      vertex 113.272 173.105 3
      vertex 113.273 173.107 3
    endloop
  endfacet
  facet normal 0 0 1
    outer loop
      vertex 41.3268 173.107 3
      vertex 113.273 173.107 3
      vertex 113.275 173.108 3
    endloop
  endfacet
  facet normal 0 0 1
    outer loop
      vertex 41.3268 173.107 3
      vertex 113.275 173.108 3
      vertex 113.772 173.516 3
    endloop
  endfacet
  facet normal 0 0 1
    outer loop
      vertex 40.8282 173.516 3
      vertex 113.772 173.516 3
      vertex 114.341 173.82 3
    endloop
  endfacet
  facet normal 0 0 1
    outer loop
      vertex 40.2593 173.82 3
      vertex 114.341 173.82 3
      vertex 114.956 174.007 3
    endloop
  endfacet
  facet normal 0 0 -1
    outer loop
      vertex 40.2593 173.82 3
      vertex 114.956 174.007 3
      vertex 114.958 174.007 3
    endloop
  endfacet
  facet normal 0 0 1
    outer loop
      vertex 39.642 174.007 3
      vertex 114.958 174.007 3
      vertex 119.2 175.05 3
    endloop
  endfacet
  facet normal 0 0 1
    outer loop
      vertex 112.372 171.42 3
      vertex 42.2276 171.42 3
      vertex 42.2906 170.78 3
    endloop
  endfacet
  facet normal 0 0 1
    outer loop
      vertex 112.373 171.422 3
      vertex 42.2274 171.422 3
      vertex 42.2276 171.42 3
    endloop
  endfacet
  facet normal 0 0 1
    outer loop
      vertex 112.56 172.039 3
      vertex 42.2268 171.424 3
      vertex 42.2274 171.422 3
    endloop
  endfacet
  facet normal 0 0 1
    outer loop
      vertex 112.56 172.039 3
      vertex 42.0401 172.039 3
      vertex 42.2268 171.424 3
    endloop
  endfacet
  facet normal 0 0 1
    outer loop
      vertex 112.561 172.041 3
      vertex 42.0392 172.041 3
      vertex 42.0401 172.039 3
    endloop
  endfacet
  facet normal 0 0 1
    outer loop
      vertex 112.864 172.608 3
      vertex 41.736 172.608 3
      vertex 42.0392 172.041 3
    endloop
  endfacet
  facet normal 0 0 1
    outer loop
      vertex 113.273 173.107 3
      vertex 41.328 173.105 3
      vertex 41.736 172.608 3
    endloop
  endfacet
  facet normal 0 0 1
    outer loop
      vertex 113.273 173.107 3
      vertex 41.3268 173.107 3
      vertex 41.328 173.105 3
    endloop
  endfacet
  facet normal 0 0 1
    outer loop
      vertex 113.772 173.516 3
      vertex 41.3253 173.108 3
      vertex 41.3268 173.107 3
    endloop
  endfacet
  facet normal 0 0 1
    outer loop
      vertex 113.772 173.516 3
      vertex 40.8282 173.516 3
      vertex 41.3253 173.108 3
    endloop
  endfacet
  facet normal 0 0 1
    outer loop
      vertex 114.341 173.82 3
      vertex 40.261 173.819 3
      vertex 40.8282 173.516 3
    endloop
  endfacet
  facet normal 0 0 1
    outer loop
      vertex 114.341 173.82 3
      vertex 40.2593 173.82 3
      vertex 40.261 173.819 3
    endloop
  endfacet
  facet normal 0 0 1
    outer loop
      vertex 114.958 174.007 3
      vertex 39.6438 174.007 3
      vertex 40.2593 173.82 3
    endloop
  endfacet
  facet normal 0 0 0
    outer loop
      vertex 114.958 174.007 3
      vertex 39.642 174.007 3
      vertex 39.6438 174.007 3
    endloop
  endfacet
  facet normal 0 0 1
    outer loop
      vertex 119.2 175.05 3
      vertex 39.64 174.008 3
      vertex 39.642 174.007 3
    endloop
  endfacet
  facet normal 0 0 1
    outer loop
      vertex 119.2 175.05 3
      vertex 39 174.071 3
      vertex 39.64 174.008 3
    endloop
  endfacet
  facet normal 0 0 1
    outer loop
      vertex 24.8 175.05 3
      vertex 37.739 173.819 3
      vertex 37.7407 173.82 3
    endloop
  endfacet
  facet normal 0 0 1
    outer loop
      vertex 35.7732 109.714 3
      vertex 24.8 112.8 3
      vertex 35.7726 109.712 3
    endloop
  endfacet
  facet normal 0 0 1
    outer loop
      vertex 35.7724 171.42 3
      vertex 24.8 175.05 3
      vertex 35.7094 170.78 3
    endloop
  endfacet
  facet normal 0 0 1
    outer loop
      vertex 35.7726 171.422 3
      vertex 24.8 175.05 3
      vertex 35.7724 171.42 3
    endloop
  endfacet
  facet normal 0 0 1
    outer loop
      vertex 35.7732 171.424 3
      vertex 24.8 175.05 3
      vertex 35.7726 171.422 3
    endloop
  endfacet
  facet normal 0 0 1
    outer loop
      vertex 35.9599 172.039 3
      vertex 24.8 175.05 3
      vertex 35.7732 171.424 3
    endloop
  endfacet
  facet normal 0 0 1
    outer loop
      vertex 35.9608 172.041 3
      vertex 24.8 175.05 3
      vertex 35.9599 172.039 3
    endloop
  endfacet
  facet normal 0 0 1
    outer loop
      vertex 36.264 172.608 3
      vertex 24.8 175.05 3
      vertex 35.9608 172.041 3
    endloop
  endfacet
  facet normal 0 0 1
    outer loop
      vertex 36.672 173.105 3
      vertex 24.8 175.05 3
      vertex 36.264 172.608 3
    endloop
  endfacet
  facet normal 0 0 1
    outer loop
      vertex 36.6732 173.107 3
      vertex 24.8 175.05 3
      vertex 36.672 173.105 3
    endloop
  endfacet
  facet normal 0 0 1
    outer loop
      vertex 36.6747 173.108 3
      vertex 24.8 175.05 3
      vertex 36.6732 173.107 3
    endloop
  endfacet
  facet normal 0 0 1
    outer loop
      vertex 37.1718 173.516 3
      vertex 24.8 175.05 3
      vertex 36.6747 173.108 3
    endloop
  endfacet
  facet normal 0 0 1
    outer loop
      vertex 37.739 173.819 3
      vertex 24.8 175.05 3
      vertex 37.1718 173.516 3
    endloop
  endfacet
  facet normal 0 0 1
    outer loop
      vertex 38.3562 174.007 3
      vertex 24.8 175.05 3
      vertex 37.7407 173.82 3
    endloop
  endfacet
  facet normal 0 0 1
    outer loop
      vertex 38.358 174.007 3
      vertex 24.8 175.05 3
      vertex 38.3562 174.007 3
    endloop
  endfacet
  facet normal 0 0 1
    outer loop
      vertex 38.36 174.008 3
      vertex 24.8 175.05 3
      vertex 38.358 174.007 3
    endloop
  endfacet
  facet normal 0 0 1
    outer loop
      vertex 39 174.071 3
      vertex 24.8 175.05 3
      vertex 38.36 174.008 3
    endloop
  endfacet
  facet normal -0 0 1
    outer loop
      vertex 24.8 175.05 3
      vertex 39 174.071 3
      vertex 119.2 175.05 3
    endloop
  endfacet
  facet normal 0 1 -0
    outer loop
      vertex 127.7 104.8 3
      vertex 127.6 104.8 13.9
      vertex 127.7 104.8 13.9
    endloop
  endfacet
  facet normal 0 1 0
    outer loop
      vertex 127.6 104.8 13.9
      vertex 127.7 104.8 3
      vertex 127.6 104.8 3
    endloop
  endfacet
  facet normal 0 1 -0
    outer loop
      vertex 125.4 104.8 3
      vertex 24.8 104.8 13.9
      vertex 125.4 104.8 13.9
    endloop
  endfacet
  facet normal 0 1 0
    outer loop
      vertex 24.8 104.8 13.9
      vertex 125.4 104.8 3
      vertex 24.8 104.8 3
    endloop
  endfacet
  facet normal 0 0 1
    outer loop
      vertex 24.8 112.8 14
      vertex 22.3 112.8 14
      vertex 24.8 107.3 14
    endloop
  endfacet
  facet normal 0 0 1
    outer loop
      vertex 132.4 154.8 14
      vertex 127.6 152.3 14
      vertex 132.4 152.3 14
    endloop
  endfacet
  facet normal 0 0 1
    outer loop
      vertex 125.4 143.8 14
      vertex 127.6 152.3 14
      vertex 125.4 154.8 14
    endloop
  endfacet
  facet normal -0 0 1
    outer loop
      vertex 125.4 154.8 14
      vertex 127.6 152.3 14
      vertex 132.4 154.8 14
    endloop
  endfacet
  facet normal -0 0 1
    outer loop
      vertex 127.6 107.3 14
      vertex 127.7 102.3 14
      vertex 127.7 107.3 14
    endloop
  endfacet
  facet normal 0 0 1
    outer loop
      vertex 125.4 131.8 14
      vertex 127.6 152.3 14
      vertex 125.4 143.8 14
    endloop
  endfacet
  facet normal 0 0 1
    outer loop
      vertex 127.6 152.3 14
      vertex 125.4 131.8 14
      vertex 127.6 107.3 14
    endloop
  endfacet
  facet normal 0 0 1
    outer loop
      vertex 125.4 107.3 14
      vertex 127.6 107.3 14
      vertex 125.4 131.8 14
    endloop
  endfacet
  facet normal 0 0 1
    outer loop
      vertex 127.6 107.3 14
      vertex 125.4 107.3 14
      vertex 127.7 102.3 14
    endloop
  endfacet
  facet normal -0 0 1
    outer loop
      vertex 24.8 107.3 14
      vertex 127.7 102.3 14
      vertex 125.4 107.3 14
    endloop
  endfacet
  facet normal 0 0 1
    outer loop
      vertex 24.8 107.3 14
      vertex 22.3 102.3 14
      vertex 127.7 102.3 14
    endloop
  endfacet
  facet normal 0 0 1
    outer loop
      vertex 22.3 102.3 14
      vertex 24.8 107.3 14
      vertex 22.3 112.8 14
    endloop
  endfacet
  facet normal -0 0 1
    outer loop
      vertex 123.9 139.3 14
      vertex 125.4 131.8 14
      vertex 125.4 143.8 14
    endloop
  endfacet
  facet normal 0 0 1
    outer loop
      vertex 125.4 131.8 14
      vertex 123.9 139.3 14
      vertex 123.9 136.3 14
    endloop
  endfacet
  facet normal 1 0 0
    outer loop
      vertex 119.2 177.55 14
      vertex 119.2 175.05 12.8
      vertex 119.2 177.55 3
    endloop
  endfacet
  facet normal 1 -0 0
    outer loop
      vertex 119.2 172.55 14
      vertex 119.2 175.05 12.8
      vertex 119.2 177.55 14
    endloop
  endfacet
  facet normal 1 0 0
    outer loop
      vertex 119.2 175.05 12.8
      vertex 119.2 172.55 14
      vertex 119.2 174.95 12.8
    endloop
  endfacet
  facet normal 1 0 0
    outer loop
      vertex 119.2 174.95 12.8
      vertex 119.2 172.55 14
      vertex 119.2 172.55 13.9
    endloop
  endfacet
  facet normal 1 0 0
    outer loop
      vertex 119.2 177.55 3
      vertex 119.2 175.05 12.8
      vertex 119.2 175.05 3
    endloop
  endfacet
  facet normal 0 -1 0
    outer loop
      vertex 24.8 175.05 3
      vertex 119.2 175.05 12.8
      vertex 24.8 175.05 12.8
    endloop
  endfacet
  facet normal 0 -1 -0
    outer loop
      vertex 119.2 175.05 12.8
      vertex 24.8 175.05 3
      vertex 119.2 175.05 3
    endloop
  endfacet
  facet normal 0 0 1
    outer loop
      vertex 119.2 177.55 14
      vertex 24.8 172.55 14
      vertex 119.2 172.55 14
    endloop
  endfacet
  facet normal -0 0 1
    outer loop
      vertex 22.3 177.55 14
      vertex 24.8 172.55 14
      vertex 119.2 177.55 14
    endloop
  endfacet
  facet normal 0 0 1
    outer loop
      vertex 22.3 161.8 14
      vertex 24.8 172.55 14
      vertex 22.3 177.55 14
    endloop
  endfacet
  facet normal 0 0 1
    outer loop
      vertex 24.8 172.55 14
      vertex 22.3 161.8 14
      vertex 24.8 161.8 14
    endloop
  endfacet
  facet normal 0 1 -0
    outer loop
      vertex 127.7 107.3 12.8
      vertex 127.6 107.3 14
      vertex 127.7 107.3 14
    endloop
  endfacet
  facet normal 0 1 0
    outer loop
      vertex 127.6 107.3 14
      vertex 127.7 107.3 12.8
      vertex 127.6 107.3 12.8
    endloop
  endfacet
  facet normal 0 1 -0
    outer loop
      vertex 125.4 107.3 12.8
      vertex 24.8 107.3 14
      vertex 125.4 107.3 14
    endloop
  endfacet
  facet normal 0 1 0
    outer loop
      vertex 24.8 107.3 14
      vertex 125.4 107.3 12.8
      vertex 24.8 107.3 12.8
    endloop
  endfacet
  facet normal 0 0 -1
    outer loop
      vertex 127.6 107.2 12.8
      vertex 127.7 107.3 12.8
      vertex 127.7 107.2 12.8
    endloop
  endfacet
  facet normal -0 0 -1
    outer loop
      vertex 127.7 107.3 12.8
      vertex 127.6 107.2 12.8
      vertex 127.6 107.3 12.8
    endloop
  endfacet
  facet normal 0 0 -1
    outer loop
      vertex 24.8 107.2 12.8
      vertex 125.4 107.3 12.8
      vertex 125.4 107.2 12.8
    endloop
  endfacet
  facet normal -0 0 -1
    outer loop
      vertex 125.4 107.3 12.8
      vertex 24.8 107.2 12.8
      vertex 24.8 107.3 12.8
    endloop
  endfacet
  facet normal 0 -0.416655 -0.909065
    outer loop
      vertex 127.6 104.8 13.9
      vertex 127.7 107.2 12.8
      vertex 127.7 104.8 13.9
    endloop
  endfacet
  facet normal -0 -0.416655 -0.909065
    outer loop
      vertex 127.7 107.2 12.8
      vertex 127.6 104.8 13.9
      vertex 127.6 107.2 12.8
    endloop
  endfacet
  facet normal 0 -0.416655 -0.909065
    outer loop
      vertex 24.8 104.8 13.9
      vertex 125.4 107.2 12.8
      vertex 125.4 104.8 13.9
    endloop
  endfacet
  facet normal -0 -0.416655 -0.909065
    outer loop
      vertex 125.4 107.2 12.8
      vertex 24.8 104.8 13.9
      vertex 24.8 107.2 12.8
    endloop
  endfacet
  facet normal 0 -1 0
    outer loop
      vertex 24.8 172.55 13.9
      vertex 119.2 172.55 14
      vertex 24.8 172.55 14
    endloop
  endfacet
  facet normal 0 -1 -0
    outer loop
      vertex 119.2 172.55 14
      vertex 24.8 172.55 13.9
      vertex 119.2 172.55 13.9
    endloop
  endfacet
  facet normal 0 0 -1
    outer loop
      vertex 24.8 174.95 12.8
      vertex 119.2 175.05 12.8
      vertex 119.2 174.95 12.8
    endloop
  endfacet
  facet normal -0 0 -1
    outer loop
      vertex 119.2 175.05 12.8
      vertex 24.8 174.95 12.8
      vertex 24.8 175.05 12.8
    endloop
  endfacet
  facet normal 0 -0.416655 -0.909065
    outer loop
      vertex 24.8 172.55 13.9
      vertex 119.2 174.95 12.8
      vertex 119.2 172.55 13.9
    endloop
  endfacet
  facet normal -0 -0.416655 -0.909065
    outer loop
      vertex 119.2 174.95 12.8
      vertex 24.8 172.55 13.9
      vertex 24.8 174.95 12.8
    endloop
  endfacet
  facet normal 0 1 -0
    outer loop
      vertex 24.8 112.8 3
      vertex 22.3 112.8 14
      vertex 24.8 112.8 14
    endloop
  endfacet
  facet normal 0 1 0
    outer loop
      vertex 22.3 112.8 14
      vertex 24.8 112.8 3
      vertex 22.3 112.8 3
    endloop
  endfacet
  facet normal 1 0 0
    outer loop
      vertex 24.8 107.3 12.8
      vertex 24.8 112.8 14
      vertex 24.8 107.3 14
    endloop
  endfacet
  facet normal 1 0 0
    outer loop
      vertex 24.8 112.8 14
      vertex 24.8 107.3 12.8
      vertex 24.8 112.8 3
    endloop
  endfacet
  facet normal 1 0 0
    outer loop
      vertex 24.8 104.8 3
      vertex 24.8 107.3 12.8
      vertex 24.8 107.2 12.8
    endloop
  endfacet
  facet normal 1 0 0
    outer loop
      vertex 24.8 104.8 3
      vertex 24.8 107.2 12.8
      vertex 24.8 104.8 13.9
    endloop
  endfacet
  facet normal 1 0 0
    outer loop
      vertex 24.8 107.3 12.8
      vertex 24.8 104.8 3
      vertex 24.8 112.8 3
    endloop
  endfacet
  facet normal 1 0 0
    outer loop
      vertex 24.8 172.55 14
      vertex 24.8 161.8 14
      vertex 24.8 172.55 13.9
    endloop
  endfacet
  facet normal 1 -0 0
    outer loop
      vertex 24.8 174.95 12.8
      vertex 24.8 175.05 3
      vertex 24.8 175.05 12.8
    endloop
  endfacet
  facet normal 1 0 0
    outer loop
      vertex 24.8 172.55 13.9
      vertex 24.8 175.05 3
      vertex 24.8 174.95 12.8
    endloop
  endfacet
  facet normal 1 0 0
    outer loop
      vertex 24.8 161.8 3
      vertex 24.8 172.55 13.9
      vertex 24.8 161.8 14
    endloop
  endfacet
  facet normal 1 0 0
    outer loop
      vertex 24.8 172.55 13.9
      vertex 24.8 161.8 3
      vertex 24.8 175.05 3
    endloop
  endfacet
  facet normal 0 -1 0
    outer loop
      vertex 22.3 161.8 3
      vertex 24.8 161.8 14
      vertex 22.3 161.8 14
    endloop
  endfacet
  facet normal 0 -1 -0
    outer loop
      vertex 24.8 161.8 14
      vertex 22.3 161.8 3
      vertex 24.8 161.8 3
    endloop
  endfacet
  facet normal -1 0 0
    outer loop
      vertex 125.4 143.8 3
      vertex 125.4 154.8 14
      vertex 125.4 154.8 3
    endloop
  endfacet
  facet normal -1 -0 0
    outer loop
      vertex 125.4 154.8 14
      vertex 125.4 143.8 3
      vertex 125.4 143.8 14
    endloop
  endfacet
  facet normal -1 0 0
    outer loop
      vertex 125.4 131.8 3
      vertex 125.4 107.3 12.8
      vertex 125.4 131.8 14
    endloop
  endfacet
  facet normal -1 0 0
    outer loop
      vertex 125.4 104.8 3
      vertex 125.4 107.3 12.8
      vertex 125.4 131.8 3
    endloop
  endfacet
  facet normal -1 -0 0
    outer loop
      vertex 125.4 107.3 12.8
      vertex 125.4 104.8 3
      vertex 125.4 107.2 12.8
    endloop
  endfacet
  facet normal -1 -0 0
    outer loop
      vertex 125.4 107.2 12.8
      vertex 125.4 104.8 3
      vertex 125.4 104.8 13.9
    endloop
  endfacet
  facet normal -1 -0 0
    outer loop
      vertex 125.4 131.8 14
      vertex 125.4 107.3 12.8
      vertex 125.4 107.3 14
    endloop
  endfacet
  facet normal 0 -1 0
    outer loop
      vertex 127.7 152.3 3
      vertex 127.6 152.3 14
      vertex 127.6 152.3 3
    endloop
  endfacet
  facet normal 0 -1 0
    outer loop
      vertex 127.6 152.3 14
      vertex 127.7 152.3 3
      vertex 132.4 152.3 14
    endloop
  endfacet
  facet normal 0 -1 -0
    outer loop
      vertex 132.4 152.3 14
      vertex 127.7 152.3 3
      vertex 132.4 152.3 3
    endloop
  endfacet
  facet normal 1 0 0
    outer loop
      vertex 127.6 107.3 12.8
      vertex 127.6 152.3 14
      vertex 127.6 107.3 14
    endloop
  endfacet
  facet normal 1 0 0
    outer loop
      vertex 127.6 152.3 14
      vertex 127.6 107.3 12.8
      vertex 127.6 152.3 3
    endloop
  endfacet
  facet normal 1 0 0
    outer loop
      vertex 127.6 104.8 3
      vertex 127.6 107.3 12.8
      vertex 127.6 107.2 12.8
    endloop
  endfacet
  facet normal 1 0 0
    outer loop
      vertex 127.6 107.3 12.8
      vertex 127.6 104.8 3
      vertex 127.6 152.3 3
    endloop
  endfacet
  facet normal 1 0 0
    outer loop
      vertex 127.6 104.8 3
      vertex 127.6 107.2 12.8
      vertex 127.6 104.8 13.9
    endloop
  endfacet
  facet normal -0.948683 0.316228 0
    outer loop
      vertex 123.9 139.3 3
      vertex 125.4 143.8 14
      vertex 125.4 143.8 3
    endloop
  endfacet
  facet normal -0.948683 0.316228 0
    outer loop
      vertex 125.4 143.8 14
      vertex 123.9 139.3 3
      vertex 123.9 139.3 14
    endloop
  endfacet
  facet normal -1 0 0
    outer loop
      vertex 123.9 136.3 3
      vertex 123.9 139.3 14
      vertex 123.9 139.3 3
    endloop
  endfacet
  facet normal -1 -0 0
    outer loop
      vertex 123.9 139.3 14
      vertex 123.9 136.3 3
      vertex 123.9 136.3 14
    endloop
  endfacet
  facet normal -0.948683 -0.316228 0
    outer loop
      vertex 125.4 131.8 3
      vertex 123.9 136.3 14
      vertex 123.9 136.3 3
    endloop
  endfacet
  facet normal -0.948683 -0.316228 0
    outer loop
      vertex 123.9 136.3 14
      vertex 125.4 131.8 3
      vertex 125.4 131.8 14
    endloop
  endfacet
  facet normal 0 1 0
    outer loop
      vertex 127.7 154.8 3
      vertex 132.4 154.8 14
      vertex 132.4 154.8 3
    endloop
  endfacet
  facet normal 0 1 0
    outer loop
      vertex 132.4 154.8 14
      vertex 127.7 154.8 3
      vertex 125.4 154.8 14
    endloop
  endfacet
  facet normal 0 1 0
    outer loop
      vertex 125.4 154.8 14
      vertex 127.7 154.8 3
      vertex 125.4 154.8 3
    endloop
  endfacet
  facet normal 1 -0 0
    outer loop
      vertex 132.4 152.3 14
      vertex 132.4 154.8 3
      vertex 132.4 154.8 14
    endloop
  endfacet
  facet normal 1 0 0
    outer loop
      vertex 132.4 154.8 3
      vertex 132.4 152.3 14
      vertex 132.4 152.3 3
    endloop
  endfacet
  facet normal -0.995184 0.0980197 0
    outer loop
      vertex 40.6673 108.738 7.62939e-07
      vertex 40.7 109.07 1.31
      vertex 40.7 109.07 7.62939e-07
    endloop
  endfacet
  facet normal -0.995184 0.0980197 0
    outer loop
      vertex 40.7 109.07 1.31
      vertex 40.6673 108.738 7.62939e-07
      vertex 40.6673 108.738 1.31
    endloop
  endfacet
  facet normal 0.995184 0.0980197 0
    outer loop
      vertex 37.3327 108.738 1.31
      vertex 37.3 109.07 7.62939e-07
      vertex 37.3 109.07 1.31
    endloop
  endfacet
  facet normal 0.995184 0.0980197 0
    outer loop
      vertex 37.3 109.07 7.62939e-07
      vertex 37.3327 108.738 1.31
      vertex 37.3327 108.738 7.62939e-07
    endloop
  endfacet
  facet normal -0.0989988 0.995088 0
    outer loop
      vertex 39.3317 107.403 7.62939e-07
      vertex 39 107.37 1.31
      vertex 39.3317 107.403 1.31
    endloop
  endfacet
  facet normal -0.0989988 0.995088 0
    outer loop
      vertex 39 107.37 1.31
      vertex 39.3317 107.403 7.62939e-07
      vertex 39 107.37 7.62939e-07
    endloop
  endfacet
  facet normal 0.0989988 -0.995088 0
    outer loop
      vertex 38.6683 110.737 7.62939e-07
      vertex 39 110.77 1.31
      vertex 38.6683 110.737 1.31
    endloop
  endfacet
  facet normal 0.0989988 -0.995088 0
    outer loop
      vertex 39 110.77 1.31
      vertex 38.6683 110.737 7.62939e-07
      vertex 39 110.77 7.62939e-07
    endloop
  endfacet
  facet normal -0.633663 0.773609 0
    outer loop
      vertex 40.2021 107.868 7.62939e-07
      vertex 39.9445 107.657 1.31
      vertex 40.2021 107.868 1.31
    endloop
  endfacet
  facet normal -0.633663 0.773609 0
    outer loop
      vertex 39.9445 107.657 1.31
      vertex 40.2021 107.868 7.62939e-07
      vertex 39.9445 107.657 7.62939e-07
    endloop
  endfacet
  facet normal -0.47351 0.880788 0
    outer loop
      vertex 39.9445 107.657 7.62939e-07
      vertex 39.6506 107.499 1.31
      vertex 39.9445 107.657 1.31
    endloop
  endfacet
  facet normal -0.47351 0.880788 0
    outer loop
      vertex 39.6506 107.499 1.31
      vertex 39.9445 107.657 7.62939e-07
      vertex 39.6506 107.499 7.62939e-07
    endloop
  endfacet
  facet normal 0.633663 0.773609 -0
    outer loop
      vertex 38.0555 107.657 7.62939e-07
      vertex 37.7979 107.868 1.31
      vertex 38.0555 107.657 1.31
    endloop
  endfacet
  facet normal 0.633663 0.773609 0
    outer loop
      vertex 37.7979 107.868 1.31
      vertex 38.0555 107.657 7.62939e-07
      vertex 37.7979 107.868 7.62939e-07
    endloop
  endfacet
  facet normal 0.288257 0.957553 -0
    outer loop
      vertex 38.6683 107.403 7.62939e-07
      vertex 38.3494 107.499 1.31
      vertex 38.6683 107.403 1.31
    endloop
  endfacet
  facet normal 0.288257 0.957553 0
    outer loop
      vertex 38.3494 107.499 1.31
      vertex 38.6683 107.403 7.62939e-07
      vertex 38.3494 107.499 7.62939e-07
    endloop
  endfacet
  facet normal 0.773503 -0.633793 0
    outer loop
      vertex 37.5865 110.014 1.31
      vertex 37.7979 110.272 7.62939e-07
      vertex 37.7979 110.272 1.31
    endloop
  endfacet
  facet normal 0.773503 -0.633793 0
    outer loop
      vertex 37.7979 110.272 7.62939e-07
      vertex 37.5865 110.014 1.31
      vertex 37.5865 110.014 7.62939e-07
    endloop
  endfacet
  facet normal -0.88131 0.472539 0
    outer loop
      vertex 40.4135 108.126 7.62939e-07
      vertex 40.5706 108.419 1.31
      vertex 40.5706 108.419 7.62939e-07
    endloop
  endfacet
  facet normal -0.88131 0.472539 0
    outer loop
      vertex 40.5706 108.419 1.31
      vertex 40.4135 108.126 7.62939e-07
      vertex 40.4135 108.126 1.31
    endloop
  endfacet
  facet normal -0.956997 0.290099 0
    outer loop
      vertex 40.5706 108.419 7.62939e-07
      vertex 40.6673 108.738 1.31
      vertex 40.6673 108.738 7.62939e-07
    endloop
  endfacet
  facet normal -0.956997 0.290099 0
    outer loop
      vertex 40.6673 108.738 1.31
      vertex 40.5706 108.419 7.62939e-07
      vertex 40.5706 108.419 1.31
    endloop
  endfacet
  facet normal -0.773503 0.633793 0
    outer loop
      vertex 40.2021 107.868 7.62939e-07
      vertex 40.4135 108.126 1.31
      vertex 40.4135 108.126 7.62939e-07
    endloop
  endfacet
  facet normal -0.773503 0.633793 0
    outer loop
      vertex 40.4135 108.126 1.31
      vertex 40.2021 107.868 7.62939e-07
      vertex 40.2021 107.868 1.31
    endloop
  endfacet
  facet normal -0.288257 0.957553 0
    outer loop
      vertex 39.6506 107.499 7.62939e-07
      vertex 39.3317 107.403 1.31
      vertex 39.6506 107.499 1.31
    endloop
  endfacet
  facet normal -0.288257 0.957553 0
    outer loop
      vertex 39.3317 107.403 1.31
      vertex 39.6506 107.499 7.62939e-07
      vertex 39.3317 107.403 7.62939e-07
    endloop
  endfacet
  facet normal 0.88131 0.472539 0
    outer loop
      vertex 37.5865 108.126 1.31
      vertex 37.4294 108.419 7.62939e-07
      vertex 37.4294 108.419 1.31
    endloop
  endfacet
  facet normal 0.88131 0.472539 0
    outer loop
      vertex 37.4294 108.419 7.62939e-07
      vertex 37.5865 108.126 1.31
      vertex 37.5865 108.126 7.62939e-07
    endloop
  endfacet
  facet normal 0.773503 0.633793 0
    outer loop
      vertex 37.7979 107.868 1.31
      vertex 37.5865 108.126 7.62939e-07
      vertex 37.5865 108.126 1.31
    endloop
  endfacet
  facet normal 0.773503 0.633793 0
    outer loop
      vertex 37.5865 108.126 7.62939e-07
      vertex 37.7979 107.868 1.31
      vertex 37.7979 107.868 7.62939e-07
    endloop
  endfacet
  facet normal 0.956997 0.290099 0
    outer loop
      vertex 37.4294 108.419 1.31
      vertex 37.3327 108.738 7.62939e-07
      vertex 37.3327 108.738 1.31
    endloop
  endfacet
  facet normal 0.956997 0.290099 0
    outer loop
      vertex 37.3327 108.738 7.62939e-07
      vertex 37.4294 108.419 1.31
      vertex 37.4294 108.419 7.62939e-07
    endloop
  endfacet
  facet normal 0.47351 0.880788 -0
    outer loop
      vertex 38.3494 107.499 7.62939e-07
      vertex 38.0555 107.657 1.31
      vertex 38.3494 107.499 1.31
    endloop
  endfacet
  facet normal 0.47351 0.880788 0
    outer loop
      vertex 38.0555 107.657 1.31
      vertex 38.3494 107.499 7.62939e-07
      vertex 38.0555 107.657 7.62939e-07
    endloop
  endfacet
  facet normal 0.0989988 0.995088 -0
    outer loop
      vertex 39 107.37 7.62939e-07
      vertex 38.6683 107.403 1.31
      vertex 39 107.37 1.31
    endloop
  endfacet
  facet normal 0.0989988 0.995088 0
    outer loop
      vertex 38.6683 107.403 1.31
      vertex 39 107.37 7.62939e-07
      vertex 38.6683 107.403 7.62939e-07
    endloop
  endfacet
  facet normal -0.995184 -0.0980197 0
    outer loop
      vertex 40.7 109.07 7.62939e-07
      vertex 40.6673 109.402 1.31
      vertex 40.6673 109.402 7.62939e-07
    endloop
  endfacet
  facet normal -0.995184 -0.0980197 0
    outer loop
      vertex 40.6673 109.402 1.31
      vertex 40.7 109.07 7.62939e-07
      vertex 40.7 109.07 1.31
    endloop
  endfacet
  facet normal -0.0989988 -0.995088 0
    outer loop
      vertex 39 110.77 7.62939e-07
      vertex 39.3317 110.737 1.31
      vertex 39 110.77 1.31
    endloop
  endfacet
  facet normal -0.0989988 -0.995088 -0
    outer loop
      vertex 39.3317 110.737 1.31
      vertex 39 110.77 7.62939e-07
      vertex 39.3317 110.737 7.62939e-07
    endloop
  endfacet
  facet normal -0.773503 -0.633793 0
    outer loop
      vertex 40.4135 110.014 7.62939e-07
      vertex 40.2021 110.272 1.31
      vertex 40.2021 110.272 7.62939e-07
    endloop
  endfacet
  facet normal -0.773503 -0.633793 0
    outer loop
      vertex 40.2021 110.272 1.31
      vertex 40.4135 110.014 7.62939e-07
      vertex 40.4135 110.014 1.31
    endloop
  endfacet
  facet normal -0.47351 -0.880788 0
    outer loop
      vertex 39.6506 110.641 7.62939e-07
      vertex 39.9445 110.483 1.31
      vertex 39.6506 110.641 1.31
    endloop
  endfacet
  facet normal -0.47351 -0.880788 -0
    outer loop
      vertex 39.9445 110.483 1.31
      vertex 39.6506 110.641 7.62939e-07
      vertex 39.9445 110.483 7.62939e-07
    endloop
  endfacet
  facet normal 0.633663 -0.773609 0
    outer loop
      vertex 37.7979 110.272 7.62939e-07
      vertex 38.0555 110.483 1.31
      vertex 37.7979 110.272 1.31
    endloop
  endfacet
  facet normal 0.633663 -0.773609 0
    outer loop
      vertex 38.0555 110.483 1.31
      vertex 37.7979 110.272 7.62939e-07
      vertex 38.0555 110.483 7.62939e-07
    endloop
  endfacet
  facet normal 0.288257 -0.957553 0
    outer loop
      vertex 38.3494 110.641 7.62939e-07
      vertex 38.6683 110.737 1.31
      vertex 38.3494 110.641 1.31
    endloop
  endfacet
  facet normal 0.288257 -0.957553 0
    outer loop
      vertex 38.6683 110.737 1.31
      vertex 38.3494 110.641 7.62939e-07
      vertex 38.6683 110.737 7.62939e-07
    endloop
  endfacet
  facet normal 0.995184 -0.0980197 0
    outer loop
      vertex 37.3 109.07 1.31
      vertex 37.3327 109.402 7.62939e-07
      vertex 37.3327 109.402 1.31
    endloop
  endfacet
  facet normal 0.995184 -0.0980197 0
    outer loop
      vertex 37.3327 109.402 7.62939e-07
      vertex 37.3 109.07 1.31
      vertex 37.3 109.07 7.62939e-07
    endloop
  endfacet
  facet normal 0.88131 -0.472539 0
    outer loop
      vertex 37.4294 109.721 1.31
      vertex 37.5865 110.014 7.62939e-07
      vertex 37.5865 110.014 1.31
    endloop
  endfacet
  facet normal 0.88131 -0.472539 0
    outer loop
      vertex 37.5865 110.014 7.62939e-07
      vertex 37.4294 109.721 1.31
      vertex 37.4294 109.721 7.62939e-07
    endloop
  endfacet
  facet normal -0.288257 -0.957553 0
    outer loop
      vertex 39.3317 110.737 7.62939e-07
      vertex 39.6506 110.641 1.31
      vertex 39.3317 110.737 1.31
    endloop
  endfacet
  facet normal -0.288257 -0.957553 -0
    outer loop
      vertex 39.6506 110.641 1.31
      vertex 39.3317 110.737 7.62939e-07
      vertex 39.6506 110.641 7.62939e-07
    endloop
  endfacet
  facet normal -0.633663 -0.773609 0
    outer loop
      vertex 39.9445 110.483 7.62939e-07
      vertex 40.2021 110.272 1.31
      vertex 39.9445 110.483 1.31
    endloop
  endfacet
  facet normal -0.633663 -0.773609 -0
    outer loop
      vertex 40.2021 110.272 1.31
      vertex 39.9445 110.483 7.62939e-07
      vertex 40.2021 110.272 7.62939e-07
    endloop
  endfacet
  facet normal -0.956997 -0.290099 0
    outer loop
      vertex 40.6673 109.402 7.62939e-07
      vertex 40.5706 109.721 1.31
      vertex 40.5706 109.721 7.62939e-07
    endloop
  endfacet
  facet normal -0.956997 -0.290099 0
    outer loop
      vertex 40.5706 109.721 1.31
      vertex 40.6673 109.402 7.62939e-07
      vertex 40.6673 109.402 1.31
    endloop
  endfacet
  facet normal -0.88131 -0.472539 0
    outer loop
      vertex 40.5706 109.721 7.62939e-07
      vertex 40.4135 110.014 1.31
      vertex 40.4135 110.014 7.62939e-07
    endloop
  endfacet
  facet normal -0.88131 -0.472539 0
    outer loop
      vertex 40.4135 110.014 1.31
      vertex 40.5706 109.721 7.62939e-07
      vertex 40.5706 109.721 1.31
    endloop
  endfacet
  facet normal 0.47351 -0.880788 0
    outer loop
      vertex 38.0555 110.483 7.62939e-07
      vertex 38.3494 110.641 1.31
      vertex 38.0555 110.483 1.31
    endloop
  endfacet
  facet normal 0.47351 -0.880788 0
    outer loop
      vertex 38.3494 110.641 1.31
      vertex 38.0555 110.483 7.62939e-07
      vertex 38.3494 110.641 7.62939e-07
    endloop
  endfacet
  facet normal 0.956997 -0.290099 0
    outer loop
      vertex 37.3327 109.402 1.31
      vertex 37.4294 109.721 7.62939e-07
      vertex 37.4294 109.721 1.31
    endloop
  endfacet
  facet normal 0.956997 -0.290099 0
    outer loop
      vertex 37.4294 109.721 7.62939e-07
      vertex 37.3327 109.402 1.31
      vertex 37.3327 109.402 7.62939e-07
    endloop
  endfacet
  facet normal -0.726334 0.0714985 0.683613
    outer loop
      vertex 42.2276 108.43 3
      vertex 42.2906 109.07 3
      vertex 40.7 109.07 1.31
    endloop
  endfacet
  facet normal 0.726334 -0.0714985 0.683613
    outer loop
      vertex 37.3 109.07 1.31
      vertex 35.7724 109.71 3
      vertex 35.7094 109.07 3
    endloop
  endfacet
  facet normal -0.462988 -0.564097 0.683694
    outer loop
      vertex 41.3253 111.398 3
      vertex 40.8282 111.806 3
      vertex 39.9445 110.483 1.31
    endloop
  endfacet
  facet normal -0.643577 0.344149 0.683644
    outer loop
      vertex 41.736 107.242 3
      vertex 42.0392 107.809 3
      vertex 40.4135 108.126 1.31
    endloop
  endfacet
  facet normal 0.643577 0.344149 0.683644
    outer loop
      vertex 36.264 107.242 3
      vertex 37.5865 108.126 1.31
      vertex 35.9608 107.809 3
    endloop
  endfacet
  facet normal 0.462494 0.564637 0.683582
    outer loop
      vertex 37.7979 107.868 1.31
      vertex 36.6747 106.742 3
      vertex 38.0555 107.657 1.31
    endloop
  endfacet
  facet normal 0.407604 0.611406 0.678263
    outer loop
      vertex 36.6747 106.742 3
      vertex 37.7979 107.868 1.31
      vertex 36.6732 106.743 3
    endloop
  endfacet
  facet normal 0.698414 0.212023 0.683567
    outer loop
      vertex 35.9599 107.811 3
      vertex 37.4294 108.419 1.31
      vertex 35.7732 108.426 3
    endloop
  endfacet
  facet normal -0.210365 -0.698807 0.683678
    outer loop
      vertex 39.6506 110.641 1.31
      vertex 39.642 112.297 3
      vertex 39.3317 110.737 1.31
    endloop
  endfacet
  facet normal 0 -0.714255 0.699885
    outer loop
      vertex 39.642 112.297 3
      vertex 39.6506 110.641 1.31
      vertex 39.6438 112.297 3
    endloop
  endfacet
  facet normal 0 0.714255 0.699885
    outer loop
      vertex 39.6506 107.499 1.31
      vertex 39.642 105.843 3
      vertex 39.6438 105.843 3
    endloop
  endfacet
  facet normal -0.210365 0.698807 0.683678
    outer loop
      vertex 39.642 105.843 3
      vertex 39.6506 107.499 1.31
      vertex 39.3317 107.403 1.31
    endloop
  endfacet
  facet normal -0.698414 0.212023 0.683567
    outer loop
      vertex 42.0401 107.811 3
      vertex 42.2268 108.426 3
      vertex 40.5706 108.419 1.31
    endloop
  endfacet
  facet normal -0.643577 -0.344149 0.683644
    outer loop
      vertex 42.0392 110.331 3
      vertex 41.736 110.898 3
      vertex 40.4135 110.014 1.31
    endloop
  endfacet
  facet normal -0.564086 -0.463073 0.683645
    outer loop
      vertex 41.736 110.898 3
      vertex 41.328 111.395 3
      vertex 40.4135 110.014 1.31
    endloop
  endfacet
  facet normal -0.726334 -0.0714985 0.683613
    outer loop
      vertex 42.2906 109.07 3
      vertex 42.2276 109.71 3
      vertex 40.7 109.07 1.31
    endloop
  endfacet
  facet normal 0.564086 0.463073 0.683645
    outer loop
      vertex 36.672 106.745 3
      vertex 37.5865 108.126 1.31
      vertex 36.264 107.242 3
    endloop
  endfacet
  facet normal 0.345683 0.643013 0.683401
    outer loop
      vertex 37.739 106.031 3
      vertex 38.3494 107.499 1.31
      vertex 38.0555 107.657 1.31
    endloop
  endfacet
  facet normal 0.370936 0.630592 0.681733
    outer loop
      vertex 38.3494 107.499 1.31
      vertex 37.739 106.031 3
      vertex 37.7407 106.03 3
    endloop
  endfacet
  facet normal 0.726334 0.0714985 0.683613
    outer loop
      vertex 35.7724 108.43 3
      vertex 37.3 109.07 1.31
      vertex 35.7094 109.07 3
    endloop
  endfacet
  facet normal 0.643297 0.344921 0.683519
    outer loop
      vertex 37.4294 108.419 1.31
      vertex 35.9608 107.809 3
      vertex 37.5865 108.126 1.31
    endloop
  endfacet
  facet normal 0.664261 0.298917 0.685132
    outer loop
      vertex 35.9608 107.809 3
      vertex 37.4294 108.419 1.31
      vertex 35.9599 107.811 3
    endloop
  endfacet
  facet normal 0.698777 -0.209633 0.683933
    outer loop
      vertex 35.7726 109.712 3
      vertex 37.4294 109.721 1.31
      vertex 35.7732 109.714 3
    endloop
  endfacet
  facet normal 0.69846 -0.211728 0.683611
    outer loop
      vertex 37.4294 109.721 1.31
      vertex 35.7726 109.712 3
      vertex 37.3327 109.402 1.31
    endloop
  endfacet
  facet normal 0.698414 -0.212023 0.683567
    outer loop
      vertex 37.4294 109.721 1.31
      vertex 35.9599 110.329 3
      vertex 35.7732 109.714 3
    endloop
  endfacet
  facet normal -0.0714901 0.726248 0.683705
    outer loop
      vertex 39.64 105.842 3
      vertex 39 107.37 1.31
      vertex 39 105.779 3
    endloop
  endfacet
  facet normal 0.0722344 0.726065 0.683821
    outer loop
      vertex 38.6683 107.403 1.31
      vertex 38.36 105.842 3
      vertex 39 107.37 1.31
    endloop
  endfacet
  facet normal 0.331134 0.662268 0.672124
    outer loop
      vertex 38.36 105.842 3
      vertex 38.6683 107.403 1.31
      vertex 38.358 105.843 3
    endloop
  endfacet
  facet normal -0.462988 0.564097 0.683694
    outer loop
      vertex 40.8282 106.334 3
      vertex 41.3253 106.742 3
      vertex 39.9445 107.657 1.31
    endloop
  endfacet
  facet normal -0.664261 0.298917 0.685132
    outer loop
      vertex 40.5706 108.419 1.31
      vertex 42.0392 107.809 3
      vertex 42.0401 107.811 3
    endloop
  endfacet
  facet normal -0.643297 0.344921 0.683519
    outer loop
      vertex 42.0392 107.809 3
      vertex 40.5706 108.419 1.31
      vertex 40.4135 108.126 1.31
    endloop
  endfacet
  facet normal -0.698777 -0.209633 0.683933
    outer loop
      vertex 40.5706 109.721 1.31
      vertex 42.2274 109.712 3
      vertex 42.2268 109.714 3
    endloop
  endfacet
  facet normal -0.69846 -0.211728 0.683611
    outer loop
      vertex 42.2274 109.712 3
      vertex 40.5706 109.721 1.31
      vertex 40.6673 109.402 1.31
    endloop
  endfacet
  facet normal 0.462988 0.564097 0.683694
    outer loop
      vertex 37.1718 106.334 3
      vertex 38.0555 107.657 1.31
      vertex 36.6747 106.742 3
    endloop
  endfacet
  facet normal 0.343855 0.643678 0.683698
    outer loop
      vertex 37.739 106.031 3
      vertex 38.0555 107.657 1.31
      vertex 37.1718 106.334 3
    endloop
  endfacet
  facet normal 0.564589 0.462613 0.683541
    outer loop
      vertex 36.672 106.745 3
      vertex 37.7979 107.868 1.31
      vertex 37.5865 108.126 1.31
    endloop
  endfacet
  facet normal 0.633211 0.379927 0.674314
    outer loop
      vertex 37.7979 107.868 1.31
      vertex 36.672 106.745 3
      vertex 36.6732 106.743 3
    endloop
  endfacet
  facet normal 0.0714901 0.726248 0.683705
    outer loop
      vertex 39 105.779 3
      vertex 39 107.37 1.31
      vertex 38.36 105.842 3
    endloop
  endfacet
  facet normal 0.698777 0.209633 0.683933
    outer loop
      vertex 37.4294 108.419 1.31
      vertex 35.7726 108.428 3
      vertex 35.7732 108.426 3
    endloop
  endfacet
  facet normal 0.69846 0.211728 0.683611
    outer loop
      vertex 35.7726 108.428 3
      vertex 37.4294 108.419 1.31
      vertex 37.3327 108.738 1.31
    endloop
  endfacet
  facet normal 0.726324 0.0715385 0.68362
    outer loop
      vertex 35.7724 108.43 3
      vertex 37.3327 108.738 1.31
      vertex 37.3 109.07 1.31
    endloop
  endfacet
  facet normal 0.726168 0.0726168 0.683672
    outer loop
      vertex 37.3327 108.738 1.31
      vertex 35.7724 108.43 3
      vertex 35.7726 108.428 3
    endloop
  endfacet
  facet normal 0.726168 -0.0726168 0.683672
    outer loop
      vertex 35.7724 109.71 3
      vertex 37.3327 109.402 1.31
      vertex 35.7726 109.712 3
    endloop
  endfacet
  facet normal 0.726324 -0.0715385 0.68362
    outer loop
      vertex 37.3327 109.402 1.31
      vertex 35.7724 109.71 3
      vertex 37.3 109.07 1.31
    endloop
  endfacet
  facet normal 0.643577 -0.344149 0.683644
    outer loop
      vertex 37.5865 110.014 1.31
      vertex 36.264 110.898 3
      vertex 35.9608 110.331 3
    endloop
  endfacet
  facet normal 0.212192 -0.698417 0.683512
    outer loop
      vertex 38.3494 110.641 1.31
      vertex 38.3562 112.297 3
      vertex 37.7407 112.11 3
    endloop
  endfacet
  facet normal 0.462988 -0.564097 0.683694
    outer loop
      vertex 38.0555 110.483 1.31
      vertex 37.1718 111.806 3
      vertex 36.6747 111.398 3
    endloop
  endfacet
  facet normal -0.212192 -0.698417 0.683512
    outer loop
      vertex 39.6506 110.641 1.31
      vertex 40.2593 112.11 3
      vertex 39.6438 112.297 3
    endloop
  endfacet
  facet normal -0.407604 -0.611406 0.678263
    outer loop
      vertex 41.3253 111.398 3
      vertex 40.2021 110.272 1.31
      vertex 41.3268 111.397 3
    endloop
  endfacet
  facet normal -0.462494 -0.564637 0.683582
    outer loop
      vertex 40.2021 110.272 1.31
      vertex 41.3253 111.398 3
      vertex 39.9445 110.483 1.31
    endloop
  endfacet
  facet normal -0.407604 0.611406 0.678263
    outer loop
      vertex 40.2021 107.868 1.31
      vertex 41.3253 106.742 3
      vertex 41.3268 106.743 3
    endloop
  endfacet
  facet normal -0.462494 0.564637 0.683582
    outer loop
      vertex 41.3253 106.742 3
      vertex 40.2021 107.868 1.31
      vertex 39.9445 107.657 1.31
    endloop
  endfacet
  facet normal -0.212192 0.698417 0.683512
    outer loop
      vertex 40.2593 106.03 3
      vertex 39.6506 107.499 1.31
      vertex 39.6438 105.843 3
    endloop
  endfacet
  facet normal -0.726324 0.0715385 0.68362
    outer loop
      vertex 40.6673 108.738 1.31
      vertex 42.2276 108.43 3
      vertex 40.7 109.07 1.31
    endloop
  endfacet
  facet normal -0.726168 0.0726168 0.683672
    outer loop
      vertex 42.2276 108.43 3
      vertex 40.6673 108.738 1.31
      vertex 42.2274 108.428 3
    endloop
  endfacet
  facet normal -0.69846 0.211728 0.683611
    outer loop
      vertex 40.5706 108.419 1.31
      vertex 42.2274 108.428 3
      vertex 40.6673 108.738 1.31
    endloop
  endfacet
  facet normal -0.698777 0.209633 0.683933
    outer loop
      vertex 42.2274 108.428 3
      vertex 40.5706 108.419 1.31
      vertex 42.2268 108.426 3
    endloop
  endfacet
  facet normal -0.564086 0.463073 0.683645
    outer loop
      vertex 41.328 106.745 3
      vertex 41.736 107.242 3
      vertex 40.4135 108.126 1.31
    endloop
  endfacet
  facet normal -0.564589 0.462613 0.683541
    outer loop
      vertex 40.2021 107.868 1.31
      vertex 41.328 106.745 3
      vertex 40.4135 108.126 1.31
    endloop
  endfacet
  facet normal -0.633211 0.379927 0.674314
    outer loop
      vertex 41.328 106.745 3
      vertex 40.2021 107.868 1.31
      vertex 41.3268 106.743 3
    endloop
  endfacet
  facet normal -0.370936 -0.630592 0.681733
    outer loop
      vertex 39.6506 110.641 1.31
      vertex 40.261 112.109 3
      vertex 40.2593 112.11 3
    endloop
  endfacet
  facet normal -0.345683 -0.643013 0.683401
    outer loop
      vertex 40.261 112.109 3
      vertex 39.6506 110.641 1.31
      vertex 39.9445 110.483 1.31
    endloop
  endfacet
  facet normal -0.343855 -0.643678 0.683698
    outer loop
      vertex 40.8282 111.806 3
      vertex 40.261 112.109 3
      vertex 39.9445 110.483 1.31
    endloop
  endfacet
  facet normal -0.664261 -0.298917 0.685132
    outer loop
      vertex 42.0392 110.331 3
      vertex 40.5706 109.721 1.31
      vertex 42.0401 110.329 3
    endloop
  endfacet
  facet normal -0.643297 -0.344921 0.683519
    outer loop
      vertex 40.5706 109.721 1.31
      vertex 42.0392 110.331 3
      vertex 40.4135 110.014 1.31
    endloop
  endfacet
  facet normal -0.698414 -0.212023 0.683567
    outer loop
      vertex 42.2268 109.714 3
      vertex 42.0401 110.329 3
      vertex 40.5706 109.721 1.31
    endloop
  endfacet
  facet normal 0.210365 0.698807 0.683678
    outer loop
      vertex 38.3494 107.499 1.31
      vertex 38.358 105.843 3
      vertex 38.6683 107.403 1.31
    endloop
  endfacet
  facet normal 0 0.714255 0.699885
    outer loop
      vertex 38.358 105.843 3
      vertex 38.3494 107.499 1.31
      vertex 38.3562 105.843 3
    endloop
  endfacet
  facet normal 0.212192 0.698417 0.683512
    outer loop
      vertex 38.3562 105.843 3
      vertex 38.3494 107.499 1.31
      vertex 37.7407 106.03 3
    endloop
  endfacet
  facet normal -0.331134 0.662268 0.672124
    outer loop
      vertex 39.3317 107.403 1.31
      vertex 39.64 105.842 3
      vertex 39.642 105.843 3
    endloop
  endfacet
  facet normal -0.0722344 0.726065 0.683821
    outer loop
      vertex 39.64 105.842 3
      vertex 39.3317 107.403 1.31
      vertex 39 107.37 1.31
    endloop
  endfacet
  facet normal 0.564086 -0.463073 0.683645
    outer loop
      vertex 37.5865 110.014 1.31
      vertex 36.672 111.395 3
      vertex 36.264 110.898 3
    endloop
  endfacet
  facet normal 0.633211 -0.379927 0.674314
    outer loop
      vertex 36.672 111.395 3
      vertex 37.7979 110.272 1.31
      vertex 36.6732 111.397 3
    endloop
  endfacet
  facet normal 0.564589 -0.462613 0.683541
    outer loop
      vertex 37.7979 110.272 1.31
      vertex 36.672 111.395 3
      vertex 37.5865 110.014 1.31
    endloop
  endfacet
  facet normal 0.462494 -0.564637 0.683582
    outer loop
      vertex 36.6747 111.398 3
      vertex 37.7979 110.272 1.31
      vertex 38.0555 110.483 1.31
    endloop
  endfacet
  facet normal 0.407604 -0.611406 0.678263
    outer loop
      vertex 37.7979 110.272 1.31
      vertex 36.6747 111.398 3
      vertex 36.6732 111.397 3
    endloop
  endfacet
  facet normal 0.331134 -0.662268 0.672124
    outer loop
      vertex 38.6683 110.737 1.31
      vertex 38.36 112.298 3
      vertex 38.358 112.297 3
    endloop
  endfacet
  facet normal 0.0722344 -0.726065 0.683821
    outer loop
      vertex 38.36 112.298 3
      vertex 38.6683 110.737 1.31
      vertex 39 110.77 1.31
    endloop
  endfacet
  facet normal 0 -0.714255 0.699885
    outer loop
      vertex 38.3494 110.641 1.31
      vertex 38.358 112.297 3
      vertex 38.3562 112.297 3
    endloop
  endfacet
  facet normal 0.210365 -0.698807 0.683678
    outer loop
      vertex 38.358 112.297 3
      vertex 38.3494 110.641 1.31
      vertex 38.6683 110.737 1.31
    endloop
  endfacet
  facet normal 0.0714901 -0.726248 0.683705
    outer loop
      vertex 39 110.77 1.31
      vertex 39 112.361 3
      vertex 38.36 112.298 3
    endloop
  endfacet
  facet normal -0.0714901 -0.726248 0.683705
    outer loop
      vertex 39 110.77 1.31
      vertex 39.64 112.298 3
      vertex 39 112.361 3
    endloop
  endfacet
  facet normal -0.343855 0.643678 0.683698
    outer loop
      vertex 40.261 106.031 3
      vertex 40.8282 106.334 3
      vertex 39.9445 107.657 1.31
    endloop
  endfacet
  facet normal -0.345683 0.643013 0.683401
    outer loop
      vertex 39.6506 107.499 1.31
      vertex 40.261 106.031 3
      vertex 39.9445 107.657 1.31
    endloop
  endfacet
  facet normal -0.370936 0.630592 0.681733
    outer loop
      vertex 40.261 106.031 3
      vertex 39.6506 107.499 1.31
      vertex 40.2593 106.03 3
    endloop
  endfacet
  facet normal -0.633211 -0.379927 0.674314
    outer loop
      vertex 40.2021 110.272 1.31
      vertex 41.328 111.395 3
      vertex 41.3268 111.397 3
    endloop
  endfacet
  facet normal -0.564589 -0.462613 0.683541
    outer loop
      vertex 41.328 111.395 3
      vertex 40.2021 110.272 1.31
      vertex 40.4135 110.014 1.31
    endloop
  endfacet
  facet normal -0.726168 -0.0726168 0.683672
    outer loop
      vertex 40.6673 109.402 1.31
      vertex 42.2276 109.71 3
      vertex 42.2274 109.712 3
    endloop
  endfacet
  facet normal -0.726324 -0.0715385 0.68362
    outer loop
      vertex 42.2276 109.71 3
      vertex 40.6673 109.402 1.31
      vertex 40.7 109.07 1.31
    endloop
  endfacet
  facet normal 0.643297 -0.344921 0.683519
    outer loop
      vertex 35.9608 110.331 3
      vertex 37.4294 109.721 1.31
      vertex 37.5865 110.014 1.31
    endloop
  endfacet
  facet normal 0.664261 -0.298917 0.685132
    outer loop
      vertex 37.4294 109.721 1.31
      vertex 35.9608 110.331 3
      vertex 35.9599 110.329 3
    endloop
  endfacet
  facet normal 0.343855 -0.643678 0.683698
    outer loop
      vertex 38.0555 110.483 1.31
      vertex 37.739 112.109 3
      vertex 37.1718 111.806 3
    endloop
  endfacet
  facet normal 0.370936 -0.630592 0.681733
    outer loop
      vertex 37.739 112.109 3
      vertex 38.3494 110.641 1.31
      vertex 37.7407 112.11 3
    endloop
  endfacet
  facet normal 0.345683 -0.643013 0.683401
    outer loop
      vertex 38.3494 110.641 1.31
      vertex 37.739 112.109 3
      vertex 38.0555 110.483 1.31
    endloop
  endfacet
  facet normal -0.0722344 -0.726065 0.683821
    outer loop
      vertex 39.3317 110.737 1.31
      vertex 39.64 112.298 3
      vertex 39 110.77 1.31
    endloop
  endfacet
  facet normal -0.331134 -0.662268 0.672124
    outer loop
      vertex 39.64 112.298 3
      vertex 39.3317 110.737 1.31
      vertex 39.642 112.297 3
    endloop
  endfacet
  facet normal -0.995184 0.0980197 0
    outer loop
      vertex 40.6673 170.448 7.62939e-07
      vertex 40.7 170.78 1.31
      vertex 40.7 170.78 7.62939e-07
    endloop
  endfacet
  facet normal -0.995184 0.0980197 0
    outer loop
      vertex 40.7 170.78 1.31
      vertex 40.6673 170.448 7.62939e-07
      vertex 40.6673 170.448 1.31
    endloop
  endfacet
  facet normal 0.995184 0.0980197 0
    outer loop
      vertex 37.3327 170.448 1.31
      vertex 37.3 170.78 7.62939e-07
      vertex 37.3 170.78 1.31
    endloop
  endfacet
  facet normal 0.995184 0.0980197 0
    outer loop
      vertex 37.3 170.78 7.62939e-07
      vertex 37.3327 170.448 1.31
      vertex 37.3327 170.448 7.62939e-07
    endloop
  endfacet
  facet normal -0.0989988 0.995088 0
    outer loop
      vertex 39.3317 169.113 7.62939e-07
      vertex 39 169.08 1.31
      vertex 39.3317 169.113 1.31
    endloop
  endfacet
  facet normal -0.0989988 0.995088 0
    outer loop
      vertex 39 169.08 1.31
      vertex 39.3317 169.113 7.62939e-07
      vertex 39 169.08 7.62939e-07
    endloop
  endfacet
  facet normal 0.0989988 -0.995088 0
    outer loop
      vertex 38.6683 172.447 7.62939e-07
      vertex 39 172.48 1.31
      vertex 38.6683 172.447 1.31
    endloop
  endfacet
  facet normal 0.0989988 -0.995088 0
    outer loop
      vertex 39 172.48 1.31
      vertex 38.6683 172.447 7.62939e-07
      vertex 39 172.48 7.62939e-07
    endloop
  endfacet
  facet normal -0.633663 0.773609 0
    outer loop
      vertex 40.2021 169.578 7.62939e-07
      vertex 39.9445 169.367 1.31
      vertex 40.2021 169.578 1.31
    endloop
  endfacet
  facet normal -0.633663 0.773609 0
    outer loop
      vertex 39.9445 169.367 1.31
      vertex 40.2021 169.578 7.62939e-07
      vertex 39.9445 169.367 7.62939e-07
    endloop
  endfacet
  facet normal -0.47351 0.880788 0
    outer loop
      vertex 39.9445 169.367 7.62939e-07
      vertex 39.6506 169.209 1.31
      vertex 39.9445 169.367 1.31
    endloop
  endfacet
  facet normal -0.47351 0.880788 0
    outer loop
      vertex 39.6506 169.209 1.31
      vertex 39.9445 169.367 7.62939e-07
      vertex 39.6506 169.209 7.62939e-07
    endloop
  endfacet
  facet normal 0.633663 0.773609 -0
    outer loop
      vertex 38.0555 169.367 7.62939e-07
      vertex 37.7979 169.578 1.31
      vertex 38.0555 169.367 1.31
    endloop
  endfacet
  facet normal 0.633663 0.773609 0
    outer loop
      vertex 37.7979 169.578 1.31
      vertex 38.0555 169.367 7.62939e-07
      vertex 37.7979 169.578 7.62939e-07
    endloop
  endfacet
  facet normal 0.288257 0.957553 -0
    outer loop
      vertex 38.6683 169.113 7.62939e-07
      vertex 38.3494 169.209 1.31
      vertex 38.6683 169.113 1.31
    endloop
  endfacet
  facet normal 0.288257 0.957553 0
    outer loop
      vertex 38.3494 169.209 1.31
      vertex 38.6683 169.113 7.62939e-07
      vertex 38.3494 169.209 7.62939e-07
    endloop
  endfacet
  facet normal 0.773503 -0.633793 0
    outer loop
      vertex 37.5865 171.724 1.31
      vertex 37.7979 171.982 7.62939e-07
      vertex 37.7979 171.982 1.31
    endloop
  endfacet
  facet normal 0.773503 -0.633793 0
    outer loop
      vertex 37.7979 171.982 7.62939e-07
      vertex 37.5865 171.724 1.31
      vertex 37.5865 171.724 7.62939e-07
    endloop
  endfacet
  facet normal -0.88131 0.472539 0
    outer loop
      vertex 40.4135 169.836 7.62939e-07
      vertex 40.5706 170.129 1.31
      vertex 40.5706 170.129 7.62939e-07
    endloop
  endfacet
  facet normal -0.88131 0.472539 0
    outer loop
      vertex 40.5706 170.129 1.31
      vertex 40.4135 169.836 7.62939e-07
      vertex 40.4135 169.836 1.31
    endloop
  endfacet
  facet normal -0.956997 0.290099 0
    outer loop
      vertex 40.5706 170.129 7.62939e-07
      vertex 40.6673 170.448 1.31
      vertex 40.6673 170.448 7.62939e-07
    endloop
  endfacet
  facet normal -0.956997 0.290099 0
    outer loop
      vertex 40.6673 170.448 1.31
      vertex 40.5706 170.129 7.62939e-07
      vertex 40.5706 170.129 1.31
    endloop
  endfacet
  facet normal -0.773503 0.633793 0
    outer loop
      vertex 40.2021 169.578 7.62939e-07
      vertex 40.4135 169.836 1.31
      vertex 40.4135 169.836 7.62939e-07
    endloop
  endfacet
  facet normal -0.773503 0.633793 0
    outer loop
      vertex 40.4135 169.836 1.31
      vertex 40.2021 169.578 7.62939e-07
      vertex 40.2021 169.578 1.31
    endloop
  endfacet
  facet normal -0.288257 0.957553 0
    outer loop
      vertex 39.6506 169.209 7.62939e-07
      vertex 39.3317 169.113 1.31
      vertex 39.6506 169.209 1.31
    endloop
  endfacet
  facet normal -0.288257 0.957553 0
    outer loop
      vertex 39.3317 169.113 1.31
      vertex 39.6506 169.209 7.62939e-07
      vertex 39.3317 169.113 7.62939e-07
    endloop
  endfacet
  facet normal 0.88131 0.472539 0
    outer loop
      vertex 37.5865 169.836 1.31
      vertex 37.4294 170.129 7.62939e-07
      vertex 37.4294 170.129 1.31
    endloop
  endfacet
  facet normal 0.88131 0.472539 0
    outer loop
      vertex 37.4294 170.129 7.62939e-07
      vertex 37.5865 169.836 1.31
      vertex 37.5865 169.836 7.62939e-07
    endloop
  endfacet
  facet normal 0.773503 0.633793 0
    outer loop
      vertex 37.7979 169.578 1.31
      vertex 37.5865 169.836 7.62939e-07
      vertex 37.5865 169.836 1.31
    endloop
  endfacet
  facet normal 0.773503 0.633793 0
    outer loop
      vertex 37.5865 169.836 7.62939e-07
      vertex 37.7979 169.578 1.31
      vertex 37.7979 169.578 7.62939e-07
    endloop
  endfacet
  facet normal 0.956997 0.290099 0
    outer loop
      vertex 37.4294 170.129 1.31
      vertex 37.3327 170.448 7.62939e-07
      vertex 37.3327 170.448 1.31
    endloop
  endfacet
  facet normal 0.956997 0.290099 0
    outer loop
      vertex 37.3327 170.448 7.62939e-07
      vertex 37.4294 170.129 1.31
      vertex 37.4294 170.129 7.62939e-07
    endloop
  endfacet
  facet normal 0.47351 0.880788 -0
    outer loop
      vertex 38.3494 169.209 7.62939e-07
      vertex 38.0555 169.367 1.31
      vertex 38.3494 169.209 1.31
    endloop
  endfacet
  facet normal 0.47351 0.880788 0
    outer loop
      vertex 38.0555 169.367 1.31
      vertex 38.3494 169.209 7.62939e-07
      vertex 38.0555 169.367 7.62939e-07
    endloop
  endfacet
  facet normal 0.0989988 0.995088 -0
    outer loop
      vertex 39 169.08 7.62939e-07
      vertex 38.6683 169.113 1.31
      vertex 39 169.08 1.31
    endloop
  endfacet
  facet normal 0.0989988 0.995088 0
    outer loop
      vertex 38.6683 169.113 1.31
      vertex 39 169.08 7.62939e-07
      vertex 38.6683 169.113 7.62939e-07
    endloop
  endfacet
  facet normal -0.995184 -0.0980197 0
    outer loop
      vertex 40.7 170.78 7.62939e-07
      vertex 40.6673 171.112 1.31
      vertex 40.6673 171.112 7.62939e-07
    endloop
  endfacet
  facet normal -0.995184 -0.0980197 0
    outer loop
      vertex 40.6673 171.112 1.31
      vertex 40.7 170.78 7.62939e-07
      vertex 40.7 170.78 1.31
    endloop
  endfacet
  facet normal -0.0989988 -0.995088 0
    outer loop
      vertex 39 172.48 7.62939e-07
      vertex 39.3317 172.447 1.31
      vertex 39 172.48 1.31
    endloop
  endfacet
  facet normal -0.0989988 -0.995088 -0
    outer loop
      vertex 39.3317 172.447 1.31
      vertex 39 172.48 7.62939e-07
      vertex 39.3317 172.447 7.62939e-07
    endloop
  endfacet
  facet normal -0.773503 -0.633793 0
    outer loop
      vertex 40.4135 171.724 7.62939e-07
      vertex 40.2021 171.982 1.31
      vertex 40.2021 171.982 7.62939e-07
    endloop
  endfacet
  facet normal -0.773503 -0.633793 0
    outer loop
      vertex 40.2021 171.982 1.31
      vertex 40.4135 171.724 7.62939e-07
      vertex 40.4135 171.724 1.31
    endloop
  endfacet
  facet normal -0.47351 -0.880788 0
    outer loop
      vertex 39.6506 172.351 7.62939e-07
      vertex 39.9445 172.193 1.31
      vertex 39.6506 172.351 1.31
    endloop
  endfacet
  facet normal -0.47351 -0.880788 -0
    outer loop
      vertex 39.9445 172.193 1.31
      vertex 39.6506 172.351 7.62939e-07
      vertex 39.9445 172.193 7.62939e-07
    endloop
  endfacet
  facet normal 0.633663 -0.773609 0
    outer loop
      vertex 37.7979 171.982 7.62939e-07
      vertex 38.0555 172.193 1.31
      vertex 37.7979 171.982 1.31
    endloop
  endfacet
  facet normal 0.633663 -0.773609 0
    outer loop
      vertex 38.0555 172.193 1.31
      vertex 37.7979 171.982 7.62939e-07
      vertex 38.0555 172.193 7.62939e-07
    endloop
  endfacet
  facet normal 0.288257 -0.957553 0
    outer loop
      vertex 38.3494 172.351 7.62939e-07
      vertex 38.6683 172.447 1.31
      vertex 38.3494 172.351 1.31
    endloop
  endfacet
  facet normal 0.288257 -0.957553 0
    outer loop
      vertex 38.6683 172.447 1.31
      vertex 38.3494 172.351 7.62939e-07
      vertex 38.6683 172.447 7.62939e-07
    endloop
  endfacet
  facet normal 0.995184 -0.0980197 0
    outer loop
      vertex 37.3 170.78 1.31
      vertex 37.3327 171.112 7.62939e-07
      vertex 37.3327 171.112 1.31
    endloop
  endfacet
  facet normal 0.995184 -0.0980197 0
    outer loop
      vertex 37.3327 171.112 7.62939e-07
      vertex 37.3 170.78 1.31
      vertex 37.3 170.78 7.62939e-07
    endloop
  endfacet
  facet normal 0.88131 -0.472539 0
    outer loop
      vertex 37.4294 171.431 1.31
      vertex 37.5865 171.724 7.62939e-07
      vertex 37.5865 171.724 1.31
    endloop
  endfacet
  facet normal 0.88131 -0.472539 0
    outer loop
      vertex 37.5865 171.724 7.62939e-07
      vertex 37.4294 171.431 1.31
      vertex 37.4294 171.431 7.62939e-07
    endloop
  endfacet
  facet normal -0.288257 -0.957553 0
    outer loop
      vertex 39.3317 172.447 7.62939e-07
      vertex 39.6506 172.351 1.31
      vertex 39.3317 172.447 1.31
    endloop
  endfacet
  facet normal -0.288257 -0.957553 -0
    outer loop
      vertex 39.6506 172.351 1.31
      vertex 39.3317 172.447 7.62939e-07
      vertex 39.6506 172.351 7.62939e-07
    endloop
  endfacet
  facet normal -0.633663 -0.773609 0
    outer loop
      vertex 39.9445 172.193 7.62939e-07
      vertex 40.2021 171.982 1.31
      vertex 39.9445 172.193 1.31
    endloop
  endfacet
  facet normal -0.633663 -0.773609 -0
    outer loop
      vertex 40.2021 171.982 1.31
      vertex 39.9445 172.193 7.62939e-07
      vertex 40.2021 171.982 7.62939e-07
    endloop
  endfacet
  facet normal -0.956997 -0.290099 0
    outer loop
      vertex 40.6673 171.112 7.62939e-07
      vertex 40.5706 171.431 1.31
      vertex 40.5706 171.431 7.62939e-07
    endloop
  endfacet
  facet normal -0.956997 -0.290099 0
    outer loop
      vertex 40.5706 171.431 1.31
      vertex 40.6673 171.112 7.62939e-07
      vertex 40.6673 171.112 1.31
    endloop
  endfacet
  facet normal -0.88131 -0.472539 0
    outer loop
      vertex 40.5706 171.431 7.62939e-07
      vertex 40.4135 171.724 1.31
      vertex 40.4135 171.724 7.62939e-07
    endloop
  endfacet
  facet normal -0.88131 -0.472539 0
    outer loop
      vertex 40.4135 171.724 1.31
      vertex 40.5706 171.431 7.62939e-07
      vertex 40.5706 171.431 1.31
    endloop
  endfacet
  facet normal 0.47351 -0.880788 0
    outer loop
      vertex 38.0555 172.193 7.62939e-07
      vertex 38.3494 172.351 1.31
      vertex 38.0555 172.193 1.31
    endloop
  endfacet
  facet normal 0.47351 -0.880788 0
    outer loop
      vertex 38.3494 172.351 1.31
      vertex 38.0555 172.193 7.62939e-07
      vertex 38.3494 172.351 7.62939e-07
    endloop
  endfacet
  facet normal 0.956997 -0.290099 0
    outer loop
      vertex 37.3327 171.112 1.31
      vertex 37.4294 171.431 7.62939e-07
      vertex 37.4294 171.431 1.31
    endloop
  endfacet
  facet normal 0.956997 -0.290099 0
    outer loop
      vertex 37.4294 171.431 7.62939e-07
      vertex 37.3327 171.112 1.31
      vertex 37.3327 171.112 7.62939e-07
    endloop
  endfacet
  facet normal -0.726334 0.0714985 0.683613
    outer loop
      vertex 42.2276 170.14 3
      vertex 42.2906 170.78 3
      vertex 40.7 170.78 1.31
    endloop
  endfacet
  facet normal 0.726334 -0.0714985 0.683613
    outer loop
      vertex 37.3 170.78 1.31
      vertex 35.7724 171.42 3
      vertex 35.7094 170.78 3
    endloop
  endfacet
  facet normal -0.462988 -0.564097 0.683694
    outer loop
      vertex 41.3253 173.108 3
      vertex 40.8282 173.516 3
      vertex 39.9445 172.193 1.31
    endloop
  endfacet
  facet normal -0.643577 0.344149 0.683644
    outer loop
      vertex 41.736 168.952 3
      vertex 42.0392 169.519 3
      vertex 40.4135 169.836 1.31
    endloop
  endfacet
  facet normal 0.643577 0.344149 0.683644
    outer loop
      vertex 36.264 168.952 3
      vertex 37.5865 169.836 1.31
      vertex 35.9608 169.519 3
    endloop
  endfacet
  facet normal 0.462494 0.564637 0.683582
    outer loop
      vertex 37.7979 169.578 1.31
      vertex 36.6747 168.452 3
      vertex 38.0555 169.367 1.31
    endloop
  endfacet
  facet normal 0.407604 0.611406 0.678263
    outer loop
      vertex 36.6747 168.452 3
      vertex 37.7979 169.578 1.31
      vertex 36.6732 168.453 3
    endloop
  endfacet
  facet normal 0.698414 0.212023 0.683567
    outer loop
      vertex 35.9599 169.521 3
      vertex 37.4294 170.129 1.31
      vertex 35.7732 170.136 3
    endloop
  endfacet
  facet normal -0.210365 -0.698807 0.683678
    outer loop
      vertex 39.6506 172.351 1.31
      vertex 39.642 174.007 3
      vertex 39.3317 172.447 1.31
    endloop
  endfacet
  facet normal 0 -0.714255 0.699885
    outer loop
      vertex 39.642 174.007 3
      vertex 39.6506 172.351 1.31
      vertex 39.6438 174.007 3
    endloop
  endfacet
  facet normal 0 0.714255 0.699885
    outer loop
      vertex 39.6506 169.209 1.31
      vertex 39.642 167.553 3
      vertex 39.6438 167.553 3
    endloop
  endfacet
  facet normal -0.210365 0.698807 0.683678
    outer loop
      vertex 39.642 167.553 3
      vertex 39.6506 169.209 1.31
      vertex 39.3317 169.113 1.31
    endloop
  endfacet
  facet normal -0.698414 0.212023 0.683567
    outer loop
      vertex 42.0401 169.521 3
      vertex 42.2268 170.136 3
      vertex 40.5706 170.129 1.31
    endloop
  endfacet
  facet normal -0.643577 -0.344149 0.683644
    outer loop
      vertex 42.0392 172.041 3
      vertex 41.736 172.608 3
      vertex 40.4135 171.724 1.31
    endloop
  endfacet
  facet normal -0.564086 -0.463073 0.683645
    outer loop
      vertex 41.736 172.608 3
      vertex 41.328 173.105 3
      vertex 40.4135 171.724 1.31
    endloop
  endfacet
  facet normal -0.726334 -0.0714985 0.683613
    outer loop
      vertex 42.2906 170.78 3
      vertex 42.2276 171.42 3
      vertex 40.7 170.78 1.31
    endloop
  endfacet
  facet normal 0.564086 0.463073 0.683645
    outer loop
      vertex 36.672 168.455 3
      vertex 37.5865 169.836 1.31
      vertex 36.264 168.952 3
    endloop
  endfacet
  facet normal 0.345683 0.643013 0.683401
    outer loop
      vertex 37.739 167.741 3
      vertex 38.3494 169.209 1.31
      vertex 38.0555 169.367 1.31
    endloop
  endfacet
  facet normal 0.370936 0.630592 0.681733
    outer loop
      vertex 38.3494 169.209 1.31
      vertex 37.739 167.741 3
      vertex 37.7407 167.74 3
    endloop
  endfacet
  facet normal 0.726334 0.0714985 0.683613
    outer loop
      vertex 35.7724 170.14 3
      vertex 37.3 170.78 1.31
      vertex 35.7094 170.78 3
    endloop
  endfacet
  facet normal 0.643297 0.344921 0.683519
    outer loop
      vertex 37.4294 170.129 1.31
      vertex 35.9608 169.519 3
      vertex 37.5865 169.836 1.31
    endloop
  endfacet
  facet normal 0.664261 0.298917 0.685132
    outer loop
      vertex 35.9608 169.519 3
      vertex 37.4294 170.129 1.31
      vertex 35.9599 169.521 3
    endloop
  endfacet
  facet normal 0.698777 -0.209633 0.683933
    outer loop
      vertex 35.7726 171.422 3
      vertex 37.4294 171.431 1.31
      vertex 35.7732 171.424 3
    endloop
  endfacet
  facet normal 0.69846 -0.211728 0.683611
    outer loop
      vertex 37.4294 171.431 1.31
      vertex 35.7726 171.422 3
      vertex 37.3327 171.112 1.31
    endloop
  endfacet
  facet normal 0.698414 -0.212023 0.683567
    outer loop
      vertex 37.4294 171.431 1.31
      vertex 35.9599 172.039 3
      vertex 35.7732 171.424 3
    endloop
  endfacet
  facet normal -0.0714901 0.726248 0.683705
    outer loop
      vertex 39.64 167.552 3
      vertex 39 169.08 1.31
      vertex 39 167.489 3
    endloop
  endfacet
  facet normal 0.0722344 0.726065 0.683821
    outer loop
      vertex 38.6683 169.113 1.31
      vertex 38.36 167.552 3
      vertex 39 169.08 1.31
    endloop
  endfacet
  facet normal 0.331134 0.662268 0.672124
    outer loop
      vertex 38.36 167.552 3
      vertex 38.6683 169.113 1.31
      vertex 38.358 167.553 3
    endloop
  endfacet
  facet normal -0.462988 0.564097 0.683694
    outer loop
      vertex 40.8282 168.044 3
      vertex 41.3253 168.452 3
      vertex 39.9445 169.367 1.31
    endloop
  endfacet
  facet normal -0.664261 0.298917 0.685132
    outer loop
      vertex 40.5706 170.129 1.31
      vertex 42.0392 169.519 3
      vertex 42.0401 169.521 3
    endloop
  endfacet
  facet normal -0.643297 0.344921 0.683519
    outer loop
      vertex 42.0392 169.519 3
      vertex 40.5706 170.129 1.31
      vertex 40.4135 169.836 1.31
    endloop
  endfacet
  facet normal -0.698777 -0.209633 0.683933
    outer loop
      vertex 40.5706 171.431 1.31
      vertex 42.2274 171.422 3
      vertex 42.2268 171.424 3
    endloop
  endfacet
  facet normal -0.69846 -0.211728 0.683611
    outer loop
      vertex 42.2274 171.422 3
      vertex 40.5706 171.431 1.31
      vertex 40.6673 171.112 1.31
    endloop
  endfacet
  facet normal 0.462988 0.564097 0.683694
    outer loop
      vertex 37.1718 168.044 3
      vertex 38.0555 169.367 1.31
      vertex 36.6747 168.452 3
    endloop
  endfacet
  facet normal 0.343855 0.643678 0.683698
    outer loop
      vertex 37.739 167.741 3
      vertex 38.0555 169.367 1.31
      vertex 37.1718 168.044 3
    endloop
  endfacet
  facet normal 0.564589 0.462613 0.683541
    outer loop
      vertex 36.672 168.455 3
      vertex 37.7979 169.578 1.31
      vertex 37.5865 169.836 1.31
    endloop
  endfacet
  facet normal 0.633211 0.379927 0.674314
    outer loop
      vertex 37.7979 169.578 1.31
      vertex 36.672 168.455 3
      vertex 36.6732 168.453 3
    endloop
  endfacet
  facet normal 0.0714901 0.726248 0.683705
    outer loop
      vertex 39 167.489 3
      vertex 39 169.08 1.31
      vertex 38.36 167.552 3
    endloop
  endfacet
  facet normal 0.698777 0.209633 0.683933
    outer loop
      vertex 37.4294 170.129 1.31
      vertex 35.7726 170.138 3
      vertex 35.7732 170.136 3
    endloop
  endfacet
  facet normal 0.69846 0.211728 0.683611
    outer loop
      vertex 35.7726 170.138 3
      vertex 37.4294 170.129 1.31
      vertex 37.3327 170.448 1.31
    endloop
  endfacet
  facet normal 0.726324 0.0715385 0.68362
    outer loop
      vertex 35.7724 170.14 3
      vertex 37.3327 170.448 1.31
      vertex 37.3 170.78 1.31
    endloop
  endfacet
  facet normal 0.726168 0.0726168 0.683672
    outer loop
      vertex 37.3327 170.448 1.31
      vertex 35.7724 170.14 3
      vertex 35.7726 170.138 3
    endloop
  endfacet
  facet normal 0.726168 -0.0726168 0.683672
    outer loop
      vertex 35.7724 171.42 3
      vertex 37.3327 171.112 1.31
      vertex 35.7726 171.422 3
    endloop
  endfacet
  facet normal 0.726324 -0.0715385 0.68362
    outer loop
      vertex 37.3327 171.112 1.31
      vertex 35.7724 171.42 3
      vertex 37.3 170.78 1.31
    endloop
  endfacet
  facet normal 0.643577 -0.344149 0.683644
    outer loop
      vertex 37.5865 171.724 1.31
      vertex 36.264 172.608 3
      vertex 35.9608 172.041 3
    endloop
  endfacet
  facet normal 0.212192 -0.698417 0.683512
    outer loop
      vertex 38.3494 172.351 1.31
      vertex 38.3562 174.007 3
      vertex 37.7407 173.82 3
    endloop
  endfacet
  facet normal 0.462988 -0.564097 0.683694
    outer loop
      vertex 38.0555 172.193 1.31
      vertex 37.1718 173.516 3
      vertex 36.6747 173.108 3
    endloop
  endfacet
  facet normal -0.212192 -0.698417 0.683512
    outer loop
      vertex 39.6506 172.351 1.31
      vertex 40.2593 173.82 3
      vertex 39.6438 174.007 3
    endloop
  endfacet
  facet normal -0.407604 -0.611406 0.678263
    outer loop
      vertex 41.3253 173.108 3
      vertex 40.2021 171.982 1.31
      vertex 41.3268 173.107 3
    endloop
  endfacet
  facet normal -0.462494 -0.564637 0.683582
    outer loop
      vertex 40.2021 171.982 1.31
      vertex 41.3253 173.108 3
      vertex 39.9445 172.193 1.31
    endloop
  endfacet
  facet normal -0.407604 0.611406 0.678263
    outer loop
      vertex 40.2021 169.578 1.31
      vertex 41.3253 168.452 3
      vertex 41.3268 168.453 3
    endloop
  endfacet
  facet normal -0.462494 0.564637 0.683582
    outer loop
      vertex 41.3253 168.452 3
      vertex 40.2021 169.578 1.31
      vertex 39.9445 169.367 1.31
    endloop
  endfacet
  facet normal -0.212192 0.698417 0.683512
    outer loop
      vertex 40.2593 167.74 3
      vertex 39.6506 169.209 1.31
      vertex 39.6438 167.553 3
    endloop
  endfacet
  facet normal -0.726324 0.0715385 0.68362
    outer loop
      vertex 40.6673 170.448 1.31
      vertex 42.2276 170.14 3
      vertex 40.7 170.78 1.31
    endloop
  endfacet
  facet normal -0.726168 0.0726168 0.683672
    outer loop
      vertex 42.2276 170.14 3
      vertex 40.6673 170.448 1.31
      vertex 42.2274 170.138 3
    endloop
  endfacet
  facet normal -0.69846 0.211728 0.683611
    outer loop
      vertex 40.5706 170.129 1.31
      vertex 42.2274 170.138 3
      vertex 40.6673 170.448 1.31
    endloop
  endfacet
  facet normal -0.698777 0.209633 0.683933
    outer loop
      vertex 42.2274 170.138 3
      vertex 40.5706 170.129 1.31
      vertex 42.2268 170.136 3
    endloop
  endfacet
  facet normal -0.564086 0.463073 0.683645
    outer loop
      vertex 41.328 168.455 3
      vertex 41.736 168.952 3
      vertex 40.4135 169.836 1.31
    endloop
  endfacet
  facet normal -0.564589 0.462613 0.683541
    outer loop
      vertex 40.2021 169.578 1.31
      vertex 41.328 168.455 3
      vertex 40.4135 169.836 1.31
    endloop
  endfacet
  facet normal -0.633211 0.379927 0.674314
    outer loop
      vertex 41.328 168.455 3
      vertex 40.2021 169.578 1.31
      vertex 41.3268 168.453 3
    endloop
  endfacet
  facet normal -0.370936 -0.630592 0.681733
    outer loop
      vertex 39.6506 172.351 1.31
      vertex 40.261 173.819 3
      vertex 40.2593 173.82 3
    endloop
  endfacet
  facet normal -0.345683 -0.643013 0.683401
    outer loop
      vertex 40.261 173.819 3
      vertex 39.6506 172.351 1.31
      vertex 39.9445 172.193 1.31
    endloop
  endfacet
  facet normal -0.343855 -0.643678 0.683698
    outer loop
      vertex 40.8282 173.516 3
      vertex 40.261 173.819 3
      vertex 39.9445 172.193 1.31
    endloop
  endfacet
  facet normal -0.664261 -0.298917 0.685132
    outer loop
      vertex 42.0392 172.041 3
      vertex 40.5706 171.431 1.31
      vertex 42.0401 172.039 3
    endloop
  endfacet
  facet normal -0.643297 -0.344921 0.683519
    outer loop
      vertex 40.5706 171.431 1.31
      vertex 42.0392 172.041 3
      vertex 40.4135 171.724 1.31
    endloop
  endfacet
  facet normal -0.698414 -0.212023 0.683567
    outer loop
      vertex 42.2268 171.424 3
      vertex 42.0401 172.039 3
      vertex 40.5706 171.431 1.31
    endloop
  endfacet
  facet normal 0.210365 0.698807 0.683678
    outer loop
      vertex 38.3494 169.209 1.31
      vertex 38.358 167.553 3
      vertex 38.6683 169.113 1.31
    endloop
  endfacet
  facet normal 0 0.714255 0.699885
    outer loop
      vertex 38.358 167.553 3
      vertex 38.3494 169.209 1.31
      vertex 38.3562 167.553 3
    endloop
  endfacet
  facet normal 0.212192 0.698417 0.683512
    outer loop
      vertex 38.3562 167.553 3
      vertex 38.3494 169.209 1.31
      vertex 37.7407 167.74 3
    endloop
  endfacet
  facet normal -0.331134 0.662268 0.672124
    outer loop
      vertex 39.3317 169.113 1.31
      vertex 39.64 167.552 3
      vertex 39.642 167.553 3
    endloop
  endfacet
  facet normal -0.0722344 0.726065 0.683821
    outer loop
      vertex 39.64 167.552 3
      vertex 39.3317 169.113 1.31
      vertex 39 169.08 1.31
    endloop
  endfacet
  facet normal 0.564086 -0.463073 0.683645
    outer loop
      vertex 37.5865 171.724 1.31
      vertex 36.672 173.105 3
      vertex 36.264 172.608 3
    endloop
  endfacet
  facet normal 0.633211 -0.379927 0.674314
    outer loop
      vertex 36.672 173.105 3
      vertex 37.7979 171.982 1.31
      vertex 36.6732 173.107 3
    endloop
  endfacet
  facet normal 0.564589 -0.462613 0.683541
    outer loop
      vertex 37.7979 171.982 1.31
      vertex 36.672 173.105 3
      vertex 37.5865 171.724 1.31
    endloop
  endfacet
  facet normal 0.462494 -0.564637 0.683582
    outer loop
      vertex 36.6747 173.108 3
      vertex 37.7979 171.982 1.31
      vertex 38.0555 172.193 1.31
    endloop
  endfacet
  facet normal 0.407604 -0.611406 0.678263
    outer loop
      vertex 37.7979 171.982 1.31
      vertex 36.6747 173.108 3
      vertex 36.6732 173.107 3
    endloop
  endfacet
  facet normal 0.331134 -0.662268 0.672124
    outer loop
      vertex 38.6683 172.447 1.31
      vertex 38.36 174.008 3
      vertex 38.358 174.007 3
    endloop
  endfacet
  facet normal 0.0722344 -0.726065 0.683821
    outer loop
      vertex 38.36 174.008 3
      vertex 38.6683 172.447 1.31
      vertex 39 172.48 1.31
    endloop
  endfacet
  facet normal 0 -0.714255 0.699885
    outer loop
      vertex 38.3494 172.351 1.31
      vertex 38.358 174.007 3
      vertex 38.3562 174.007 3
    endloop
  endfacet
  facet normal 0.210365 -0.698807 0.683678
    outer loop
      vertex 38.358 174.007 3
      vertex 38.3494 172.351 1.31
      vertex 38.6683 172.447 1.31
    endloop
  endfacet
  facet normal 0.0714901 -0.726248 0.683705
    outer loop
      vertex 39 172.48 1.31
      vertex 39 174.071 3
      vertex 38.36 174.008 3
    endloop
  endfacet
  facet normal -0.0714901 -0.726248 0.683705
    outer loop
      vertex 39 172.48 1.31
      vertex 39.64 174.008 3
      vertex 39 174.071 3
    endloop
  endfacet
  facet normal -0.343855 0.643678 0.683698
    outer loop
      vertex 40.261 167.741 3
      vertex 40.8282 168.044 3
      vertex 39.9445 169.367 1.31
    endloop
  endfacet
  facet normal -0.345683 0.643013 0.683401
    outer loop
      vertex 39.6506 169.209 1.31
      vertex 40.261 167.741 3
      vertex 39.9445 169.367 1.31
    endloop
  endfacet
  facet normal -0.370936 0.630592 0.681733
    outer loop
      vertex 40.261 167.741 3
      vertex 39.6506 169.209 1.31
      vertex 40.2593 167.74 3
    endloop
  endfacet
  facet normal -0.633211 -0.379927 0.674314
    outer loop
      vertex 40.2021 171.982 1.31
      vertex 41.328 173.105 3
      vertex 41.3268 173.107 3
    endloop
  endfacet
  facet normal -0.564589 -0.462613 0.683541
    outer loop
      vertex 41.328 173.105 3
      vertex 40.2021 171.982 1.31
      vertex 40.4135 171.724 1.31
    endloop
  endfacet
  facet normal -0.726168 -0.0726168 0.683672
    outer loop
      vertex 40.6673 171.112 1.31
      vertex 42.2276 171.42 3
      vertex 42.2274 171.422 3
    endloop
  endfacet
  facet normal -0.726324 -0.0715385 0.68362
    outer loop
      vertex 42.2276 171.42 3
      vertex 40.6673 171.112 1.31
      vertex 40.7 170.78 1.31
    endloop
  endfacet
  facet normal 0.643297 -0.344921 0.683519
    outer loop
      vertex 35.9608 172.041 3
      vertex 37.4294 171.431 1.31
      vertex 37.5865 171.724 1.31
    endloop
  endfacet
  facet normal 0.664261 -0.298917 0.685132
    outer loop
      vertex 37.4294 171.431 1.31
      vertex 35.9608 172.041 3
      vertex 35.9599 172.039 3
    endloop
  endfacet
  facet normal 0.343855 -0.643678 0.683698
    outer loop
      vertex 38.0555 172.193 1.31
      vertex 37.739 173.819 3
      vertex 37.1718 173.516 3
    endloop
  endfacet
  facet normal 0.370936 -0.630592 0.681733
    outer loop
      vertex 37.739 173.819 3
      vertex 38.3494 172.351 1.31
      vertex 37.7407 173.82 3
    endloop
  endfacet
  facet normal 0.345683 -0.643013 0.683401
    outer loop
      vertex 38.3494 172.351 1.31
      vertex 37.739 173.819 3
      vertex 38.0555 172.193 1.31
    endloop
  endfacet
  facet normal -0.0722344 -0.726065 0.683821
    outer loop
      vertex 39.3317 172.447 1.31
      vertex 39.64 174.008 3
      vertex 39 172.48 1.31
    endloop
  endfacet
  facet normal -0.331134 -0.662268 0.672124
    outer loop
      vertex 39.64 174.008 3
      vertex 39.3317 172.447 1.31
      vertex 39.642 174.007 3
    endloop
  endfacet
  facet normal -0.995096 0.0989102 0
    outer loop
      vertex 117.267 108.738 7.62939e-07
      vertex 117.3 109.07 1.31
      vertex 117.3 109.07 7.62939e-07
    endloop
  endfacet
  facet normal -0.995096 0.0989102 0
    outer loop
      vertex 117.3 109.07 1.31
      vertex 117.267 108.738 7.62939e-07
      vertex 117.267 108.738 1.31
    endloop
  endfacet
  facet normal 0.995096 0.0989102 0
    outer loop
      vertex 113.933 108.738 1.31
      vertex 113.9 109.07 7.62939e-07
      vertex 113.9 109.07 1.31
    endloop
  endfacet
  facet normal 0.995096 0.0989102 0
    outer loop
      vertex 113.9 109.07 7.62939e-07
      vertex 113.933 108.738 1.31
      vertex 113.933 108.738 7.62939e-07
    endloop
  endfacet
  facet normal -0.0989102 0.995096 0
    outer loop
      vertex 115.932 107.403 7.62939e-07
      vertex 115.6 107.37 1.31
      vertex 115.932 107.403 1.31
    endloop
  endfacet
  facet normal -0.0989102 0.995096 0
    outer loop
      vertex 115.6 107.37 1.31
      vertex 115.932 107.403 7.62939e-07
      vertex 115.6 107.37 7.62939e-07
    endloop
  endfacet
  facet normal 0.0989102 -0.995096 0
    outer loop
      vertex 115.268 110.737 7.62939e-07
      vertex 115.6 110.77 1.31
      vertex 115.268 110.737 1.31
    endloop
  endfacet
  facet normal 0.0989102 -0.995096 0
    outer loop
      vertex 115.6 110.77 1.31
      vertex 115.268 110.737 7.62939e-07
      vertex 115.6 110.77 7.62939e-07
    endloop
  endfacet
  facet normal -0.633074 0.774091 0
    outer loop
      vertex 116.802 107.868 7.62939e-07
      vertex 116.544 107.657 1.31
      vertex 116.802 107.868 1.31
    endloop
  endfacet
  facet normal -0.633074 0.774091 0
    outer loop
      vertex 116.544 107.657 1.31
      vertex 116.802 107.868 7.62939e-07
      vertex 116.544 107.657 7.62939e-07
    endloop
  endfacet
  facet normal -0.474637 0.880182 0
    outer loop
      vertex 116.544 107.657 7.62939e-07
      vertex 116.251 107.499 1.31
      vertex 116.544 107.657 1.31
    endloop
  endfacet
  facet normal -0.474637 0.880182 0
    outer loop
      vertex 116.251 107.499 1.31
      vertex 116.544 107.657 7.62939e-07
      vertex 116.251 107.499 7.62939e-07
    endloop
  endfacet
  facet normal 0.633074 0.774091 -0
    outer loop
      vertex 114.656 107.657 7.62939e-07
      vertex 114.398 107.868 1.31
      vertex 114.656 107.657 1.31
    endloop
  endfacet
  facet normal 0.633074 0.774091 0
    outer loop
      vertex 114.398 107.868 1.31
      vertex 114.656 107.657 7.62939e-07
      vertex 114.398 107.868 7.62939e-07
    endloop
  endfacet
  facet normal 0.288174 0.957578 -0
    outer loop
      vertex 115.268 107.403 7.62939e-07
      vertex 114.949 107.499 1.31
      vertex 115.268 107.403 1.31
    endloop
  endfacet
  facet normal 0.288174 0.957578 0
    outer loop
      vertex 114.949 107.499 1.31
      vertex 115.268 107.403 7.62939e-07
      vertex 114.949 107.499 7.62939e-07
    endloop
  endfacet
  facet normal 0.774091 -0.633074 0
    outer loop
      vertex 114.187 110.014 1.31
      vertex 114.398 110.272 7.62939e-07
      vertex 114.398 110.272 1.31
    endloop
  endfacet
  facet normal 0.774091 -0.633074 0
    outer loop
      vertex 114.398 110.272 7.62939e-07
      vertex 114.187 110.014 1.31
      vertex 114.187 110.014 7.62939e-07
    endloop
  endfacet
  facet normal -0.880182 0.474637 0
    outer loop
      vertex 117.013 108.126 7.62939e-07
      vertex 117.171 108.419 1.31
      vertex 117.171 108.419 7.62939e-07
    endloop
  endfacet
  facet normal -0.880182 0.474637 0
    outer loop
      vertex 117.171 108.419 1.31
      vertex 117.013 108.126 7.62939e-07
      vertex 117.013 108.126 1.31
    endloop
  endfacet
  facet normal -0.957578 0.288174 0
    outer loop
      vertex 117.171 108.419 7.62939e-07
      vertex 117.267 108.738 1.31
      vertex 117.267 108.738 7.62939e-07
    endloop
  endfacet
  facet normal -0.957578 0.288174 0
    outer loop
      vertex 117.267 108.738 1.31
      vertex 117.171 108.419 7.62939e-07
      vertex 117.171 108.419 1.31
    endloop
  endfacet
  facet normal -0.774091 0.633074 0
    outer loop
      vertex 116.802 107.868 7.62939e-07
      vertex 117.013 108.126 1.31
      vertex 117.013 108.126 7.62939e-07
    endloop
  endfacet
  facet normal -0.774091 0.633074 0
    outer loop
      vertex 117.013 108.126 1.31
      vertex 116.802 107.868 7.62939e-07
      vertex 116.802 107.868 1.31
    endloop
  endfacet
  facet normal -0.288174 0.957578 0
    outer loop
      vertex 116.251 107.499 7.62939e-07
      vertex 115.932 107.403 1.31
      vertex 116.251 107.499 1.31
    endloop
  endfacet
  facet normal -0.288174 0.957578 0
    outer loop
      vertex 115.932 107.403 1.31
      vertex 116.251 107.499 7.62939e-07
      vertex 115.932 107.403 7.62939e-07
    endloop
  endfacet
  facet normal 0.880182 0.474637 0
    outer loop
      vertex 114.187 108.126 1.31
      vertex 114.029 108.419 7.62939e-07
      vertex 114.029 108.419 1.31
    endloop
  endfacet
  facet normal 0.880182 0.474637 0
    outer loop
      vertex 114.029 108.419 7.62939e-07
      vertex 114.187 108.126 1.31
      vertex 114.187 108.126 7.62939e-07
    endloop
  endfacet
  facet normal 0.774091 0.633074 0
    outer loop
      vertex 114.398 107.868 1.31
      vertex 114.187 108.126 7.62939e-07
      vertex 114.187 108.126 1.31
    endloop
  endfacet
  facet normal 0.774091 0.633074 0
    outer loop
      vertex 114.187 108.126 7.62939e-07
      vertex 114.398 107.868 1.31
      vertex 114.398 107.868 7.62939e-07
    endloop
  endfacet
  facet normal 0.957578 0.288174 0
    outer loop
      vertex 114.029 108.419 1.31
      vertex 113.933 108.738 7.62939e-07
      vertex 113.933 108.738 1.31
    endloop
  endfacet
  facet normal 0.957578 0.288174 0
    outer loop
      vertex 113.933 108.738 7.62939e-07
      vertex 114.029 108.419 1.31
      vertex 114.029 108.419 7.62939e-07
    endloop
  endfacet
  facet normal 0.474637 0.880182 -0
    outer loop
      vertex 114.949 107.499 7.62939e-07
      vertex 114.656 107.657 1.31
      vertex 114.949 107.499 1.31
    endloop
  endfacet
  facet normal 0.474637 0.880182 0
    outer loop
      vertex 114.656 107.657 1.31
      vertex 114.949 107.499 7.62939e-07
      vertex 114.656 107.657 7.62939e-07
    endloop
  endfacet
  facet normal 0.0989102 0.995096 -0
    outer loop
      vertex 115.6 107.37 7.62939e-07
      vertex 115.268 107.403 1.31
      vertex 115.6 107.37 1.31
    endloop
  endfacet
  facet normal 0.0989102 0.995096 0
    outer loop
      vertex 115.268 107.403 1.31
      vertex 115.6 107.37 7.62939e-07
      vertex 115.268 107.403 7.62939e-07
    endloop
  endfacet
  facet normal -0.995096 -0.0989102 0
    outer loop
      vertex 117.3 109.07 7.62939e-07
      vertex 117.267 109.402 1.31
      vertex 117.267 109.402 7.62939e-07
    endloop
  endfacet
  facet normal -0.995096 -0.0989102 0
    outer loop
      vertex 117.267 109.402 1.31
      vertex 117.3 109.07 7.62939e-07
      vertex 117.3 109.07 1.31
    endloop
  endfacet
  facet normal -0.0989102 -0.995096 0
    outer loop
      vertex 115.6 110.77 7.62939e-07
      vertex 115.932 110.737 1.31
      vertex 115.6 110.77 1.31
    endloop
  endfacet
  facet normal -0.0989102 -0.995096 -0
    outer loop
      vertex 115.932 110.737 1.31
      vertex 115.6 110.77 7.62939e-07
      vertex 115.932 110.737 7.62939e-07
    endloop
  endfacet
  facet normal -0.774091 -0.633074 0
    outer loop
      vertex 117.013 110.014 7.62939e-07
      vertex 116.802 110.272 1.31
      vertex 116.802 110.272 7.62939e-07
    endloop
  endfacet
  facet normal -0.774091 -0.633074 0
    outer loop
      vertex 116.802 110.272 1.31
      vertex 117.013 110.014 7.62939e-07
      vertex 117.013 110.014 1.31
    endloop
  endfacet
  facet normal -0.474637 -0.880182 0
    outer loop
      vertex 116.251 110.641 7.62939e-07
      vertex 116.544 110.483 1.31
      vertex 116.251 110.641 1.31
    endloop
  endfacet
  facet normal -0.474637 -0.880182 -0
    outer loop
      vertex 116.544 110.483 1.31
      vertex 116.251 110.641 7.62939e-07
      vertex 116.544 110.483 7.62939e-07
    endloop
  endfacet
  facet normal 0.633074 -0.774091 0
    outer loop
      vertex 114.398 110.272 7.62939e-07
      vertex 114.656 110.483 1.31
      vertex 114.398 110.272 1.31
    endloop
  endfacet
  facet normal 0.633074 -0.774091 0
    outer loop
      vertex 114.656 110.483 1.31
      vertex 114.398 110.272 7.62939e-07
      vertex 114.656 110.483 7.62939e-07
    endloop
  endfacet
  facet normal 0.288174 -0.957578 0
    outer loop
      vertex 114.949 110.641 7.62939e-07
      vertex 115.268 110.737 1.31
      vertex 114.949 110.641 1.31
    endloop
  endfacet
  facet normal 0.288174 -0.957578 0
    outer loop
      vertex 115.268 110.737 1.31
      vertex 114.949 110.641 7.62939e-07
      vertex 115.268 110.737 7.62939e-07
    endloop
  endfacet
  facet normal 0.995096 -0.0989102 0
    outer loop
      vertex 113.9 109.07 1.31
      vertex 113.933 109.402 7.62939e-07
      vertex 113.933 109.402 1.31
    endloop
  endfacet
  facet normal 0.995096 -0.0989102 0
    outer loop
      vertex 113.933 109.402 7.62939e-07
      vertex 113.9 109.07 1.31
      vertex 113.9 109.07 7.62939e-07
    endloop
  endfacet
  facet normal 0.880182 -0.474637 0
    outer loop
      vertex 114.029 109.721 1.31
      vertex 114.187 110.014 7.62939e-07
      vertex 114.187 110.014 1.31
    endloop
  endfacet
  facet normal 0.880182 -0.474637 0
    outer loop
      vertex 114.187 110.014 7.62939e-07
      vertex 114.029 109.721 1.31
      vertex 114.029 109.721 7.62939e-07
    endloop
  endfacet
  facet normal -0.288174 -0.957578 0
    outer loop
      vertex 115.932 110.737 7.62939e-07
      vertex 116.251 110.641 1.31
      vertex 115.932 110.737 1.31
    endloop
  endfacet
  facet normal -0.288174 -0.957578 -0
    outer loop
      vertex 116.251 110.641 1.31
      vertex 115.932 110.737 7.62939e-07
      vertex 116.251 110.641 7.62939e-07
    endloop
  endfacet
  facet normal -0.633074 -0.774091 0
    outer loop
      vertex 116.544 110.483 7.62939e-07
      vertex 116.802 110.272 1.31
      vertex 116.544 110.483 1.31
    endloop
  endfacet
  facet normal -0.633074 -0.774091 -0
    outer loop
      vertex 116.802 110.272 1.31
      vertex 116.544 110.483 7.62939e-07
      vertex 116.802 110.272 7.62939e-07
    endloop
  endfacet
  facet normal -0.957578 -0.288174 0
    outer loop
      vertex 117.267 109.402 7.62939e-07
      vertex 117.171 109.721 1.31
      vertex 117.171 109.721 7.62939e-07
    endloop
  endfacet
  facet normal -0.957578 -0.288174 0
    outer loop
      vertex 117.171 109.721 1.31
      vertex 117.267 109.402 7.62939e-07
      vertex 117.267 109.402 1.31
    endloop
  endfacet
  facet normal -0.880182 -0.474637 0
    outer loop
      vertex 117.171 109.721 7.62939e-07
      vertex 117.013 110.014 1.31
      vertex 117.013 110.014 7.62939e-07
    endloop
  endfacet
  facet normal -0.880182 -0.474637 0
    outer loop
      vertex 117.013 110.014 1.31
      vertex 117.171 109.721 7.62939e-07
      vertex 117.171 109.721 1.31
    endloop
  endfacet
  facet normal 0.474637 -0.880182 0
    outer loop
      vertex 114.656 110.483 7.62939e-07
      vertex 114.949 110.641 1.31
      vertex 114.656 110.483 1.31
    endloop
  endfacet
  facet normal 0.474637 -0.880182 0
    outer loop
      vertex 114.949 110.641 1.31
      vertex 114.656 110.483 7.62939e-07
      vertex 114.949 110.641 7.62939e-07
    endloop
  endfacet
  facet normal 0.957578 -0.288174 0
    outer loop
      vertex 113.933 109.402 1.31
      vertex 114.029 109.721 7.62939e-07
      vertex 114.029 109.721 1.31
    endloop
  endfacet
  facet normal 0.957578 -0.288174 0
    outer loop
      vertex 114.029 109.721 7.62939e-07
      vertex 113.933 109.402 1.31
      vertex 113.933 109.402 7.62939e-07
    endloop
  endfacet
  facet normal -0.726248 0.0714901 0.683705
    outer loop
      vertex 118.828 108.43 3
      vertex 118.891 109.07 3
      vertex 117.3 109.07 1.31
    endloop
  endfacet
  facet normal 0.726248 -0.0714901 0.683705
    outer loop
      vertex 113.9 109.07 1.31
      vertex 112.372 109.71 3
      vertex 112.309 109.07 3
    endloop
  endfacet
  facet normal -0.46302 -0.564022 0.683734
    outer loop
      vertex 117.925 111.398 3
      vertex 117.428 111.806 3
      vertex 116.544 110.483 1.31
    endloop
  endfacet
  facet normal -0.643596 0.343932 0.683736
    outer loop
      vertex 118.336 107.242 3
      vertex 118.639 107.809 3
      vertex 117.013 108.126 1.31
    endloop
  endfacet
  facet normal 0.643596 0.343932 0.683736
    outer loop
      vertex 112.864 107.242 3
      vertex 114.187 108.126 1.31
      vertex 112.561 107.809 3
    endloop
  endfacet
  facet normal 0.462098 0.565029 0.683526
    outer loop
      vertex 114.398 107.868 1.31
      vertex 113.275 106.742 3
      vertex 114.656 107.657 1.31
    endloop
  endfacet
  facet normal 0.333553 0.667105 0.666118
    outer loop
      vertex 113.275 106.742 3
      vertex 114.398 107.868 1.31
      vertex 113.273 106.743 3
    endloop
  endfacet
  facet normal 0.698404 0.21236 0.683473
    outer loop
      vertex 112.56 107.811 3
      vertex 114.029 108.419 1.31
      vertex 112.373 108.426 3
    endloop
  endfacet
  facet normal -0.210309 -0.69884 0.683661
    outer loop
      vertex 116.251 110.641 1.31
      vertex 116.242 112.297 3
      vertex 115.932 110.737 1.31
    endloop
  endfacet
  facet normal 0 -0.714255 0.699885
    outer loop
      vertex 116.242 112.297 3
      vertex 116.251 110.641 1.31
      vertex 116.244 112.297 3
    endloop
  endfacet
  facet normal 0 0.714255 0.699885
    outer loop
      vertex 116.251 107.499 1.31
      vertex 116.242 105.843 3
      vertex 116.244 105.843 3
    endloop
  endfacet
  facet normal -0.210309 0.69884 0.683661
    outer loop
      vertex 116.242 105.843 3
      vertex 116.251 107.499 1.31
      vertex 115.932 107.403 1.31
    endloop
  endfacet
  facet normal -0.698404 0.21236 0.683473
    outer loop
      vertex 118.64 107.811 3
      vertex 118.827 108.426 3
      vertex 117.171 108.419 1.31
    endloop
  endfacet
  facet normal -0.643596 -0.343932 0.683736
    outer loop
      vertex 118.639 110.331 3
      vertex 118.336 110.898 3
      vertex 117.013 110.014 1.31
    endloop
  endfacet
  facet normal -0.564022 -0.46302 0.683734
    outer loop
      vertex 118.336 110.898 3
      vertex 117.928 111.395 3
      vertex 117.013 110.014 1.31
    endloop
  endfacet
  facet normal -0.726248 -0.0714901 0.683705
    outer loop
      vertex 118.891 109.07 3
      vertex 118.828 109.71 3
      vertex 117.3 109.07 1.31
    endloop
  endfacet
  facet normal 0.564022 0.46302 0.683734
    outer loop
      vertex 113.272 106.745 3
      vertex 114.187 108.126 1.31
      vertex 112.864 107.242 3
    endloop
  endfacet
  facet normal 0.346546 0.642645 0.683311
    outer loop
      vertex 114.339 106.031 3
      vertex 114.949 107.499 1.31
      vertex 114.656 107.657 1.31
    endloop
  endfacet
  facet normal 0.32612 0.65224 0.684273
    outer loop
      vertex 114.949 107.499 1.31
      vertex 114.339 106.031 3
      vertex 114.341 106.03 3
    endloop
  endfacet
  facet normal 0.726248 0.0714901 0.683705
    outer loop
      vertex 112.372 108.43 3
      vertex 113.9 109.07 1.31
      vertex 112.309 109.07 3
    endloop
  endfacet
  facet normal 0.642645 0.346546 0.683311
    outer loop
      vertex 114.029 108.419 1.31
      vertex 112.561 107.809 3
      vertex 114.187 108.126 1.31
    endloop
  endfacet
  facet normal 0.65224 0.32612 0.684273
    outer loop
      vertex 112.561 107.809 3
      vertex 114.029 108.419 1.31
      vertex 112.56 107.811 3
    endloop
  endfacet
  facet normal 0.714255 -0 0.699885
    outer loop
      vertex 112.373 109.712 3
      vertex 114.029 109.721 1.31
      vertex 112.373 109.714 3
    endloop
  endfacet
  facet normal 0.69884 -0.210309 0.683661
    outer loop
      vertex 114.029 109.721 1.31
      vertex 112.373 109.712 3
      vertex 113.933 109.402 1.31
    endloop
  endfacet
  facet normal 0.698404 -0.21236 0.683473
    outer loop
      vertex 114.029 109.721 1.31
      vertex 112.56 110.329 3
      vertex 112.373 109.714 3
    endloop
  endfacet
  facet normal -0.0714901 0.726248 0.683705
    outer loop
      vertex 116.24 105.842 3
      vertex 115.6 107.37 1.31
      vertex 115.6 105.779 3
    endloop
  endfacet
  facet normal 0.0721707 0.726081 0.683811
    outer loop
      vertex 115.268 107.403 1.31
      vertex 114.96 105.842 3
      vertex 115.6 107.37 1.31
    endloop
  endfacet
  facet normal 0.331147 0.662295 0.672092
    outer loop
      vertex 114.96 105.842 3
      vertex 115.268 107.403 1.31
      vertex 114.958 105.843 3
    endloop
  endfacet
  facet normal -0.46302 0.564022 0.683734
    outer loop
      vertex 117.428 106.334 3
      vertex 117.925 106.742 3
      vertex 116.544 107.657 1.31
    endloop
  endfacet
  facet normal -0.65224 0.32612 0.684273
    outer loop
      vertex 117.171 108.419 1.31
      vertex 118.639 107.809 3
      vertex 118.64 107.811 3
    endloop
  endfacet
  facet normal -0.642645 0.346546 0.683311
    outer loop
      vertex 118.639 107.809 3
      vertex 117.171 108.419 1.31
      vertex 117.013 108.126 1.31
    endloop
  endfacet
  facet normal -0.714255 0 0.699885
    outer loop
      vertex 117.171 109.721 1.31
      vertex 118.827 109.712 3
      vertex 118.827 109.714 3
    endloop
  endfacet
  facet normal -0.69884 -0.210309 0.683661
    outer loop
      vertex 118.827 109.712 3
      vertex 117.171 109.721 1.31
      vertex 117.267 109.402 1.31
    endloop
  endfacet
  facet normal 0.46302 0.564022 0.683734
    outer loop
      vertex 113.772 106.334 3
      vertex 114.656 107.657 1.31
      vertex 113.275 106.742 3
    endloop
  endfacet
  facet normal 0.343932 0.643596 0.683736
    outer loop
      vertex 114.339 106.031 3
      vertex 114.656 107.657 1.31
      vertex 113.772 106.334 3
    endloop
  endfacet
  facet normal 0.565029 0.462098 0.683526
    outer loop
      vertex 113.272 106.745 3
      vertex 114.398 107.868 1.31
      vertex 114.187 108.126 1.31
    endloop
  endfacet
  facet normal 0.667105 0.333553 0.666118
    outer loop
      vertex 114.398 107.868 1.31
      vertex 113.272 106.745 3
      vertex 113.273 106.743 3
    endloop
  endfacet
  facet normal 0.0714901 0.726248 0.683705
    outer loop
      vertex 115.6 105.779 3
      vertex 115.6 107.37 1.31
      vertex 114.96 105.842 3
    endloop
  endfacet
  facet normal 0.714255 0 0.699885
    outer loop
      vertex 114.029 108.419 1.31
      vertex 112.373 108.428 3
      vertex 112.373 108.426 3
    endloop
  endfacet
  facet normal 0.69884 0.210309 0.683661
    outer loop
      vertex 112.373 108.428 3
      vertex 114.029 108.419 1.31
      vertex 113.933 108.738 1.31
    endloop
  endfacet
  facet normal 0.726081 0.0721707 0.683811
    outer loop
      vertex 112.372 108.43 3
      vertex 113.933 108.738 1.31
      vertex 113.9 109.07 1.31
    endloop
  endfacet
  facet normal 0.662295 0.331147 0.672092
    outer loop
      vertex 113.933 108.738 1.31
      vertex 112.372 108.43 3
      vertex 112.373 108.428 3
    endloop
  endfacet
  facet normal 0.662295 -0.331147 0.672092
    outer loop
      vertex 112.372 109.71 3
      vertex 113.933 109.402 1.31
      vertex 112.373 109.712 3
    endloop
  endfacet
  facet normal 0.726081 -0.0721707 0.683811
    outer loop
      vertex 113.933 109.402 1.31
      vertex 112.372 109.71 3
      vertex 113.9 109.07 1.31
    endloop
  endfacet
  facet normal 0.643596 -0.343932 0.683736
    outer loop
      vertex 114.187 110.014 1.31
      vertex 112.864 110.898 3
      vertex 112.561 110.331 3
    endloop
  endfacet
  facet normal 0.21236 -0.698404 0.683473
    outer loop
      vertex 114.949 110.641 1.31
      vertex 114.956 112.297 3
      vertex 114.341 112.11 3
    endloop
  endfacet
  facet normal 0.46302 -0.564022 0.683734
    outer loop
      vertex 114.656 110.483 1.31
      vertex 113.772 111.806 3
      vertex 113.275 111.398 3
    endloop
  endfacet
  facet normal -0.21236 -0.698404 0.683473
    outer loop
      vertex 116.251 110.641 1.31
      vertex 116.859 112.11 3
      vertex 116.244 112.297 3
    endloop
  endfacet
  facet normal -0.333553 -0.667105 0.666118
    outer loop
      vertex 117.925 111.398 3
      vertex 116.802 110.272 1.31
      vertex 117.927 111.397 3
    endloop
  endfacet
  facet normal -0.462098 -0.565029 0.683526
    outer loop
      vertex 116.802 110.272 1.31
      vertex 117.925 111.398 3
      vertex 116.544 110.483 1.31
    endloop
  endfacet
  facet normal -0.333553 0.667105 0.666118
    outer loop
      vertex 116.802 107.868 1.31
      vertex 117.925 106.742 3
      vertex 117.927 106.743 3
    endloop
  endfacet
  facet normal -0.462098 0.565029 0.683526
    outer loop
      vertex 117.925 106.742 3
      vertex 116.802 107.868 1.31
      vertex 116.544 107.657 1.31
    endloop
  endfacet
  facet normal -0.21236 0.698404 0.683473
    outer loop
      vertex 116.859 106.03 3
      vertex 116.251 107.499 1.31
      vertex 116.244 105.843 3
    endloop
  endfacet
  facet normal -0.726081 0.0721707 0.683811
    outer loop
      vertex 117.267 108.738 1.31
      vertex 118.828 108.43 3
      vertex 117.3 109.07 1.31
    endloop
  endfacet
  facet normal -0.662295 0.331147 0.672092
    outer loop
      vertex 118.828 108.43 3
      vertex 117.267 108.738 1.31
      vertex 118.827 108.428 3
    endloop
  endfacet
  facet normal -0.69884 0.210309 0.683661
    outer loop
      vertex 117.171 108.419 1.31
      vertex 118.827 108.428 3
      vertex 117.267 108.738 1.31
    endloop
  endfacet
  facet normal -0.714255 0 0.699885
    outer loop
      vertex 118.827 108.428 3
      vertex 117.171 108.419 1.31
      vertex 118.827 108.426 3
    endloop
  endfacet
  facet normal -0.564022 0.46302 0.683734
    outer loop
      vertex 117.928 106.745 3
      vertex 118.336 107.242 3
      vertex 117.013 108.126 1.31
    endloop
  endfacet
  facet normal -0.565029 0.462098 0.683526
    outer loop
      vertex 116.802 107.868 1.31
      vertex 117.928 106.745 3
      vertex 117.013 108.126 1.31
    endloop
  endfacet
  facet normal -0.667105 0.333553 0.666118
    outer loop
      vertex 117.928 106.745 3
      vertex 116.802 107.868 1.31
      vertex 117.927 106.743 3
    endloop
  endfacet
  facet normal -0.32612 -0.65224 0.684273
    outer loop
      vertex 116.251 110.641 1.31
      vertex 116.861 112.109 3
      vertex 116.859 112.11 3
    endloop
  endfacet
  facet normal -0.346546 -0.642645 0.683311
    outer loop
      vertex 116.861 112.109 3
      vertex 116.251 110.641 1.31
      vertex 116.544 110.483 1.31
    endloop
  endfacet
  facet normal -0.343932 -0.643596 0.683736
    outer loop
      vertex 117.428 111.806 3
      vertex 116.861 112.109 3
      vertex 116.544 110.483 1.31
    endloop
  endfacet
  facet normal -0.65224 -0.32612 0.684273
    outer loop
      vertex 118.639 110.331 3
      vertex 117.171 109.721 1.31
      vertex 118.64 110.329 3
    endloop
  endfacet
  facet normal -0.642645 -0.346546 0.683311
    outer loop
      vertex 117.171 109.721 1.31
      vertex 118.639 110.331 3
      vertex 117.013 110.014 1.31
    endloop
  endfacet
  facet normal -0.698404 -0.21236 0.683473
    outer loop
      vertex 118.827 109.714 3
      vertex 118.64 110.329 3
      vertex 117.171 109.721 1.31
    endloop
  endfacet
  facet normal 0.210309 0.69884 0.683661
    outer loop
      vertex 114.949 107.499 1.31
      vertex 114.958 105.843 3
      vertex 115.268 107.403 1.31
    endloop
  endfacet
  facet normal 0 0.714255 0.699885
    outer loop
      vertex 114.958 105.843 3
      vertex 114.949 107.499 1.31
      vertex 114.956 105.843 3
    endloop
  endfacet
  facet normal 0.21236 0.698404 0.683473
    outer loop
      vertex 114.956 105.843 3
      vertex 114.949 107.499 1.31
      vertex 114.341 106.03 3
    endloop
  endfacet
  facet normal -0.331147 0.662295 0.672092
    outer loop
      vertex 115.932 107.403 1.31
      vertex 116.24 105.842 3
      vertex 116.242 105.843 3
    endloop
  endfacet
  facet normal -0.0721707 0.726081 0.683811
    outer loop
      vertex 116.24 105.842 3
      vertex 115.932 107.403 1.31
      vertex 115.6 107.37 1.31
    endloop
  endfacet
  facet normal 0.564022 -0.46302 0.683734
    outer loop
      vertex 114.187 110.014 1.31
      vertex 113.272 111.395 3
      vertex 112.864 110.898 3
    endloop
  endfacet
  facet normal 0.667105 -0.333553 0.666118
    outer loop
      vertex 113.272 111.395 3
      vertex 114.398 110.272 1.31
      vertex 113.273 111.397 3
    endloop
  endfacet
  facet normal 0.565029 -0.462098 0.683526
    outer loop
      vertex 114.398 110.272 1.31
      vertex 113.272 111.395 3
      vertex 114.187 110.014 1.31
    endloop
  endfacet
  facet normal 0.462098 -0.565029 0.683526
    outer loop
      vertex 113.275 111.398 3
      vertex 114.398 110.272 1.31
      vertex 114.656 110.483 1.31
    endloop
  endfacet
  facet normal 0.333553 -0.667105 0.666118
    outer loop
      vertex 114.398 110.272 1.31
      vertex 113.275 111.398 3
      vertex 113.273 111.397 3
    endloop
  endfacet
  facet normal 0.331147 -0.662295 0.672092
    outer loop
      vertex 115.268 110.737 1.31
      vertex 114.96 112.298 3
      vertex 114.958 112.297 3
    endloop
  endfacet
  facet normal 0.0721707 -0.726081 0.683811
    outer loop
      vertex 114.96 112.298 3
      vertex 115.268 110.737 1.31
      vertex 115.6 110.77 1.31
    endloop
  endfacet
  facet normal 0 -0.714255 0.699885
    outer loop
      vertex 114.949 110.641 1.31
      vertex 114.958 112.297 3
      vertex 114.956 112.297 3
    endloop
  endfacet
  facet normal 0.210309 -0.69884 0.683661
    outer loop
      vertex 114.958 112.297 3
      vertex 114.949 110.641 1.31
      vertex 115.268 110.737 1.31
    endloop
  endfacet
  facet normal 0.0714901 -0.726248 0.683705
    outer loop
      vertex 115.6 110.77 1.31
      vertex 115.6 112.361 3
      vertex 114.96 112.298 3
    endloop
  endfacet
  facet normal -0.0714901 -0.726248 0.683705
    outer loop
      vertex 115.6 110.77 1.31
      vertex 116.24 112.298 3
      vertex 115.6 112.361 3
    endloop
  endfacet
  facet normal -0.343932 0.643596 0.683736
    outer loop
      vertex 116.861 106.031 3
      vertex 117.428 106.334 3
      vertex 116.544 107.657 1.31
    endloop
  endfacet
  facet normal -0.346546 0.642645 0.683311
    outer loop
      vertex 116.251 107.499 1.31
      vertex 116.861 106.031 3
      vertex 116.544 107.657 1.31
    endloop
  endfacet
  facet normal -0.32612 0.65224 0.684273
    outer loop
      vertex 116.861 106.031 3
      vertex 116.251 107.499 1.31
      vertex 116.859 106.03 3
    endloop
  endfacet
  facet normal -0.667105 -0.333553 0.666118
    outer loop
      vertex 116.802 110.272 1.31
      vertex 117.928 111.395 3
      vertex 117.927 111.397 3
    endloop
  endfacet
  facet normal -0.565029 -0.462098 0.683526
    outer loop
      vertex 117.928 111.395 3
      vertex 116.802 110.272 1.31
      vertex 117.013 110.014 1.31
    endloop
  endfacet
  facet normal -0.662295 -0.331147 0.672092
    outer loop
      vertex 117.267 109.402 1.31
      vertex 118.828 109.71 3
      vertex 118.827 109.712 3
    endloop
  endfacet
  facet normal -0.726081 -0.0721707 0.683811
    outer loop
      vertex 118.828 109.71 3
      vertex 117.267 109.402 1.31
      vertex 117.3 109.07 1.31
    endloop
  endfacet
  facet normal 0.642645 -0.346546 0.683311
    outer loop
      vertex 112.561 110.331 3
      vertex 114.029 109.721 1.31
      vertex 114.187 110.014 1.31
    endloop
  endfacet
  facet normal 0.65224 -0.32612 0.684273
    outer loop
      vertex 114.029 109.721 1.31
      vertex 112.561 110.331 3
      vertex 112.56 110.329 3
    endloop
  endfacet
  facet normal 0.343932 -0.643596 0.683736
    outer loop
      vertex 114.656 110.483 1.31
      vertex 114.339 112.109 3
      vertex 113.772 111.806 3
    endloop
  endfacet
  facet normal 0.32612 -0.65224 0.684273
    outer loop
      vertex 114.339 112.109 3
      vertex 114.949 110.641 1.31
      vertex 114.341 112.11 3
    endloop
  endfacet
  facet normal 0.346546 -0.642645 0.683311
    outer loop
      vertex 114.949 110.641 1.31
      vertex 114.339 112.109 3
      vertex 114.656 110.483 1.31
    endloop
  endfacet
  facet normal -0.0721707 -0.726081 0.683811
    outer loop
      vertex 115.932 110.737 1.31
      vertex 116.24 112.298 3
      vertex 115.6 110.77 1.31
    endloop
  endfacet
  facet normal -0.331147 -0.662295 0.672092
    outer loop
      vertex 116.24 112.298 3
      vertex 115.932 110.737 1.31
      vertex 116.242 112.297 3
    endloop
  endfacet
  facet normal -0.995096 0.0989102 0
    outer loop
      vertex 117.267 170.448 7.62939e-07
      vertex 117.3 170.78 1.31
      vertex 117.3 170.78 7.62939e-07
    endloop
  endfacet
  facet normal -0.995096 0.0989102 0
    outer loop
      vertex 117.3 170.78 1.31
      vertex 117.267 170.448 7.62939e-07
      vertex 117.267 170.448 1.31
    endloop
  endfacet
  facet normal 0.995096 0.0989102 0
    outer loop
      vertex 113.933 170.448 1.31
      vertex 113.9 170.78 7.62939e-07
      vertex 113.9 170.78 1.31
    endloop
  endfacet
  facet normal 0.995096 0.0989102 0
    outer loop
      vertex 113.9 170.78 7.62939e-07
      vertex 113.933 170.448 1.31
      vertex 113.933 170.448 7.62939e-07
    endloop
  endfacet
  facet normal -0.0989102 0.995096 0
    outer loop
      vertex 115.932 169.113 7.62939e-07
      vertex 115.6 169.08 1.31
      vertex 115.932 169.113 1.31
    endloop
  endfacet
  facet normal -0.0989102 0.995096 0
    outer loop
      vertex 115.6 169.08 1.31
      vertex 115.932 169.113 7.62939e-07
      vertex 115.6 169.08 7.62939e-07
    endloop
  endfacet
  facet normal 0.0989102 -0.995096 0
    outer loop
      vertex 115.268 172.447 7.62939e-07
      vertex 115.6 172.48 1.31
      vertex 115.268 172.447 1.31
    endloop
  endfacet
  facet normal 0.0989102 -0.995096 0
    outer loop
      vertex 115.6 172.48 1.31
      vertex 115.268 172.447 7.62939e-07
      vertex 115.6 172.48 7.62939e-07
    endloop
  endfacet
  facet normal -0.633074 0.774091 0
    outer loop
      vertex 116.802 169.578 7.62939e-07
      vertex 116.544 169.367 1.31
      vertex 116.802 169.578 1.31
    endloop
  endfacet
  facet normal -0.633074 0.774091 0
    outer loop
      vertex 116.544 169.367 1.31
      vertex 116.802 169.578 7.62939e-07
      vertex 116.544 169.367 7.62939e-07
    endloop
  endfacet
  facet normal -0.474637 0.880182 0
    outer loop
      vertex 116.544 169.367 7.62939e-07
      vertex 116.251 169.209 1.31
      vertex 116.544 169.367 1.31
    endloop
  endfacet
  facet normal -0.474637 0.880182 0
    outer loop
      vertex 116.251 169.209 1.31
      vertex 116.544 169.367 7.62939e-07
      vertex 116.251 169.209 7.62939e-07
    endloop
  endfacet
  facet normal 0.633074 0.774091 -0
    outer loop
      vertex 114.656 169.367 7.62939e-07
      vertex 114.398 169.578 1.31
      vertex 114.656 169.367 1.31
    endloop
  endfacet
  facet normal 0.633074 0.774091 0
    outer loop
      vertex 114.398 169.578 1.31
      vertex 114.656 169.367 7.62939e-07
      vertex 114.398 169.578 7.62939e-07
    endloop
  endfacet
  facet normal 0.288174 0.957578 -0
    outer loop
      vertex 115.268 169.113 7.62939e-07
      vertex 114.949 169.209 1.31
      vertex 115.268 169.113 1.31
    endloop
  endfacet
  facet normal 0.288174 0.957578 0
    outer loop
      vertex 114.949 169.209 1.31
      vertex 115.268 169.113 7.62939e-07
      vertex 114.949 169.209 7.62939e-07
    endloop
  endfacet
  facet normal 0.774091 -0.633074 0
    outer loop
      vertex 114.187 171.724 1.31
      vertex 114.398 171.982 7.62939e-07
      vertex 114.398 171.982 1.31
    endloop
  endfacet
  facet normal 0.774091 -0.633074 0
    outer loop
      vertex 114.398 171.982 7.62939e-07
      vertex 114.187 171.724 1.31
      vertex 114.187 171.724 7.62939e-07
    endloop
  endfacet
  facet normal -0.880182 0.474637 0
    outer loop
      vertex 117.013 169.836 7.62939e-07
      vertex 117.171 170.129 1.31
      vertex 117.171 170.129 7.62939e-07
    endloop
  endfacet
  facet normal -0.880182 0.474637 0
    outer loop
      vertex 117.171 170.129 1.31
      vertex 117.013 169.836 7.62939e-07
      vertex 117.013 169.836 1.31
    endloop
  endfacet
  facet normal -0.957578 0.288174 0
    outer loop
      vertex 117.171 170.129 7.62939e-07
      vertex 117.267 170.448 1.31
      vertex 117.267 170.448 7.62939e-07
    endloop
  endfacet
  facet normal -0.957578 0.288174 0
    outer loop
      vertex 117.267 170.448 1.31
      vertex 117.171 170.129 7.62939e-07
      vertex 117.171 170.129 1.31
    endloop
  endfacet
  facet normal -0.774091 0.633074 0
    outer loop
      vertex 116.802 169.578 7.62939e-07
      vertex 117.013 169.836 1.31
      vertex 117.013 169.836 7.62939e-07
    endloop
  endfacet
  facet normal -0.774091 0.633074 0
    outer loop
      vertex 117.013 169.836 1.31
      vertex 116.802 169.578 7.62939e-07
      vertex 116.802 169.578 1.31
    endloop
  endfacet
  facet normal -0.288174 0.957578 0
    outer loop
      vertex 116.251 169.209 7.62939e-07
      vertex 115.932 169.113 1.31
      vertex 116.251 169.209 1.31
    endloop
  endfacet
  facet normal -0.288174 0.957578 0
    outer loop
      vertex 115.932 169.113 1.31
      vertex 116.251 169.209 7.62939e-07
      vertex 115.932 169.113 7.62939e-07
    endloop
  endfacet
  facet normal 0.880182 0.474637 0
    outer loop
      vertex 114.187 169.836 1.31
      vertex 114.029 170.129 7.62939e-07
      vertex 114.029 170.129 1.31
    endloop
  endfacet
  facet normal 0.880182 0.474637 0
    outer loop
      vertex 114.029 170.129 7.62939e-07
      vertex 114.187 169.836 1.31
      vertex 114.187 169.836 7.62939e-07
    endloop
  endfacet
  facet normal 0.774091 0.633074 0
    outer loop
      vertex 114.398 169.578 1.31
      vertex 114.187 169.836 7.62939e-07
      vertex 114.187 169.836 1.31
    endloop
  endfacet
  facet normal 0.774091 0.633074 0
    outer loop
      vertex 114.187 169.836 7.62939e-07
      vertex 114.398 169.578 1.31
      vertex 114.398 169.578 7.62939e-07
    endloop
  endfacet
  facet normal 0.957578 0.288174 0
    outer loop
      vertex 114.029 170.129 1.31
      vertex 113.933 170.448 7.62939e-07
      vertex 113.933 170.448 1.31
    endloop
  endfacet
  facet normal 0.957578 0.288174 0
    outer loop
      vertex 113.933 170.448 7.62939e-07
      vertex 114.029 170.129 1.31
      vertex 114.029 170.129 7.62939e-07
    endloop
  endfacet
  facet normal 0.474637 0.880182 -0
    outer loop
      vertex 114.949 169.209 7.62939e-07
      vertex 114.656 169.367 1.31
      vertex 114.949 169.209 1.31
    endloop
  endfacet
  facet normal 0.474637 0.880182 0
    outer loop
      vertex 114.656 169.367 1.31
      vertex 114.949 169.209 7.62939e-07
      vertex 114.656 169.367 7.62939e-07
    endloop
  endfacet
  facet normal 0.0989102 0.995096 -0
    outer loop
      vertex 115.6 169.08 7.62939e-07
      vertex 115.268 169.113 1.31
      vertex 115.6 169.08 1.31
    endloop
  endfacet
  facet normal 0.0989102 0.995096 0
    outer loop
      vertex 115.268 169.113 1.31
      vertex 115.6 169.08 7.62939e-07
      vertex 115.268 169.113 7.62939e-07
    endloop
  endfacet
  facet normal -0.995096 -0.0989102 0
    outer loop
      vertex 117.3 170.78 7.62939e-07
      vertex 117.267 171.112 1.31
      vertex 117.267 171.112 7.62939e-07
    endloop
  endfacet
  facet normal -0.995096 -0.0989102 0
    outer loop
      vertex 117.267 171.112 1.31
      vertex 117.3 170.78 7.62939e-07
      vertex 117.3 170.78 1.31
    endloop
  endfacet
  facet normal -0.0989102 -0.995096 0
    outer loop
      vertex 115.6 172.48 7.62939e-07
      vertex 115.932 172.447 1.31
      vertex 115.6 172.48 1.31
    endloop
  endfacet
  facet normal -0.0989102 -0.995096 -0
    outer loop
      vertex 115.932 172.447 1.31
      vertex 115.6 172.48 7.62939e-07
      vertex 115.932 172.447 7.62939e-07
    endloop
  endfacet
  facet normal -0.774091 -0.633074 0
    outer loop
      vertex 117.013 171.724 7.62939e-07
      vertex 116.802 171.982 1.31
      vertex 116.802 171.982 7.62939e-07
    endloop
  endfacet
  facet normal -0.774091 -0.633074 0
    outer loop
      vertex 116.802 171.982 1.31
      vertex 117.013 171.724 7.62939e-07
      vertex 117.013 171.724 1.31
    endloop
  endfacet
  facet normal -0.474637 -0.880182 0
    outer loop
      vertex 116.251 172.351 7.62939e-07
      vertex 116.544 172.193 1.31
      vertex 116.251 172.351 1.31
    endloop
  endfacet
  facet normal -0.474637 -0.880182 -0
    outer loop
      vertex 116.544 172.193 1.31
      vertex 116.251 172.351 7.62939e-07
      vertex 116.544 172.193 7.62939e-07
    endloop
  endfacet
  facet normal 0.633074 -0.774091 0
    outer loop
      vertex 114.398 171.982 7.62939e-07
      vertex 114.656 172.193 1.31
      vertex 114.398 171.982 1.31
    endloop
  endfacet
  facet normal 0.633074 -0.774091 0
    outer loop
      vertex 114.656 172.193 1.31
      vertex 114.398 171.982 7.62939e-07
      vertex 114.656 172.193 7.62939e-07
    endloop
  endfacet
  facet normal 0.288174 -0.957578 0
    outer loop
      vertex 114.949 172.351 7.62939e-07
      vertex 115.268 172.447 1.31
      vertex 114.949 172.351 1.31
    endloop
  endfacet
  facet normal 0.288174 -0.957578 0
    outer loop
      vertex 115.268 172.447 1.31
      vertex 114.949 172.351 7.62939e-07
      vertex 115.268 172.447 7.62939e-07
    endloop
  endfacet
  facet normal 0.995096 -0.0989102 0
    outer loop
      vertex 113.9 170.78 1.31
      vertex 113.933 171.112 7.62939e-07
      vertex 113.933 171.112 1.31
    endloop
  endfacet
  facet normal 0.995096 -0.0989102 0
    outer loop
      vertex 113.933 171.112 7.62939e-07
      vertex 113.9 170.78 1.31
      vertex 113.9 170.78 7.62939e-07
    endloop
  endfacet
  facet normal 0.880182 -0.474637 0
    outer loop
      vertex 114.029 171.431 1.31
      vertex 114.187 171.724 7.62939e-07
      vertex 114.187 171.724 1.31
    endloop
  endfacet
  facet normal 0.880182 -0.474637 0
    outer loop
      vertex 114.187 171.724 7.62939e-07
      vertex 114.029 171.431 1.31
      vertex 114.029 171.431 7.62939e-07
    endloop
  endfacet
  facet normal -0.288174 -0.957578 0
    outer loop
      vertex 115.932 172.447 7.62939e-07
      vertex 116.251 172.351 1.31
      vertex 115.932 172.447 1.31
    endloop
  endfacet
  facet normal -0.288174 -0.957578 -0
    outer loop
      vertex 116.251 172.351 1.31
      vertex 115.932 172.447 7.62939e-07
      vertex 116.251 172.351 7.62939e-07
    endloop
  endfacet
  facet normal -0.633074 -0.774091 0
    outer loop
      vertex 116.544 172.193 7.62939e-07
      vertex 116.802 171.982 1.31
      vertex 116.544 172.193 1.31
    endloop
  endfacet
  facet normal -0.633074 -0.774091 -0
    outer loop
      vertex 116.802 171.982 1.31
      vertex 116.544 172.193 7.62939e-07
      vertex 116.802 171.982 7.62939e-07
    endloop
  endfacet
  facet normal -0.957578 -0.288174 0
    outer loop
      vertex 117.267 171.112 7.62939e-07
      vertex 117.171 171.431 1.31
      vertex 117.171 171.431 7.62939e-07
    endloop
  endfacet
  facet normal -0.957578 -0.288174 0
    outer loop
      vertex 117.171 171.431 1.31
      vertex 117.267 171.112 7.62939e-07
      vertex 117.267 171.112 1.31
    endloop
  endfacet
  facet normal -0.880182 -0.474637 0
    outer loop
      vertex 117.171 171.431 7.62939e-07
      vertex 117.013 171.724 1.31
      vertex 117.013 171.724 7.62939e-07
    endloop
  endfacet
  facet normal -0.880182 -0.474637 0
    outer loop
      vertex 117.013 171.724 1.31
      vertex 117.171 171.431 7.62939e-07
      vertex 117.171 171.431 1.31
    endloop
  endfacet
  facet normal 0.474637 -0.880182 0
    outer loop
      vertex 114.656 172.193 7.62939e-07
      vertex 114.949 172.351 1.31
      vertex 114.656 172.193 1.31
    endloop
  endfacet
  facet normal 0.474637 -0.880182 0
    outer loop
      vertex 114.949 172.351 1.31
      vertex 114.656 172.193 7.62939e-07
      vertex 114.949 172.351 7.62939e-07
    endloop
  endfacet
  facet normal 0.957578 -0.288174 0
    outer loop
      vertex 113.933 171.112 1.31
      vertex 114.029 171.431 7.62939e-07
      vertex 114.029 171.431 1.31
    endloop
  endfacet
  facet normal 0.957578 -0.288174 0
    outer loop
      vertex 114.029 171.431 7.62939e-07
      vertex 113.933 171.112 1.31
      vertex 113.933 171.112 7.62939e-07
    endloop
  endfacet
  facet normal -0.726248 0.0714901 0.683705
    outer loop
      vertex 118.828 170.14 3
      vertex 118.891 170.78 3
      vertex 117.3 170.78 1.31
    endloop
  endfacet
  facet normal 0.726248 -0.0714901 0.683705
    outer loop
      vertex 113.9 170.78 1.31
      vertex 112.372 171.42 3
      vertex 112.309 170.78 3
    endloop
  endfacet
  facet normal -0.46302 -0.564022 0.683734
    outer loop
      vertex 117.925 173.108 3
      vertex 117.428 173.516 3
      vertex 116.544 172.193 1.31
    endloop
  endfacet
  facet normal -0.643596 0.343932 0.683736
    outer loop
      vertex 118.336 168.952 3
      vertex 118.639 169.519 3
      vertex 117.013 169.836 1.31
    endloop
  endfacet
  facet normal 0.643596 0.343932 0.683736
    outer loop
      vertex 112.864 168.952 3
      vertex 114.187 169.836 1.31
      vertex 112.561 169.519 3
    endloop
  endfacet
  facet normal 0.462098 0.565029 0.683526
    outer loop
      vertex 114.398 169.578 1.31
      vertex 113.275 168.452 3
      vertex 114.656 169.367 1.31
    endloop
  endfacet
  facet normal 0.333553 0.667105 0.666118
    outer loop
      vertex 113.275 168.452 3
      vertex 114.398 169.578 1.31
      vertex 113.273 168.453 3
    endloop
  endfacet
  facet normal 0.698404 0.21236 0.683473
    outer loop
      vertex 112.56 169.521 3
      vertex 114.029 170.129 1.31
      vertex 112.373 170.136 3
    endloop
  endfacet
  facet normal -0.210309 -0.69884 0.683661
    outer loop
      vertex 116.251 172.351 1.31
      vertex 116.242 174.007 3
      vertex 115.932 172.447 1.31
    endloop
  endfacet
  facet normal 0 -0.714255 0.699885
    outer loop
      vertex 116.242 174.007 3
      vertex 116.251 172.351 1.31
      vertex 116.244 174.007 3
    endloop
  endfacet
  facet normal 0 0.714255 0.699885
    outer loop
      vertex 116.251 169.209 1.31
      vertex 116.242 167.553 3
      vertex 116.244 167.553 3
    endloop
  endfacet
  facet normal -0.210309 0.69884 0.683661
    outer loop
      vertex 116.242 167.553 3
      vertex 116.251 169.209 1.31
      vertex 115.932 169.113 1.31
    endloop
  endfacet
  facet normal -0.698404 0.21236 0.683473
    outer loop
      vertex 118.64 169.521 3
      vertex 118.827 170.136 3
      vertex 117.171 170.129 1.31
    endloop
  endfacet
  facet normal -0.643596 -0.343932 0.683736
    outer loop
      vertex 118.639 172.041 3
      vertex 118.336 172.608 3
      vertex 117.013 171.724 1.31
    endloop
  endfacet
  facet normal -0.564022 -0.46302 0.683734
    outer loop
      vertex 118.336 172.608 3
      vertex 117.928 173.105 3
      vertex 117.013 171.724 1.31
    endloop
  endfacet
  facet normal -0.726248 -0.0714901 0.683705
    outer loop
      vertex 118.891 170.78 3
      vertex 118.828 171.42 3
      vertex 117.3 170.78 1.31
    endloop
  endfacet
  facet normal 0.564022 0.46302 0.683734
    outer loop
      vertex 113.272 168.455 3
      vertex 114.187 169.836 1.31
      vertex 112.864 168.952 3
    endloop
  endfacet
  facet normal 0.346546 0.642645 0.683311
    outer loop
      vertex 114.339 167.741 3
      vertex 114.949 169.209 1.31
      vertex 114.656 169.367 1.31
    endloop
  endfacet
  facet normal 0.32612 0.65224 0.684273
    outer loop
      vertex 114.949 169.209 1.31
      vertex 114.339 167.741 3
      vertex 114.341 167.74 3
    endloop
  endfacet
  facet normal 0.726248 0.0714901 0.683705
    outer loop
      vertex 112.372 170.14 3
      vertex 113.9 170.78 1.31
      vertex 112.309 170.78 3
    endloop
  endfacet
  facet normal 0.642645 0.346546 0.683311
    outer loop
      vertex 114.029 170.129 1.31
      vertex 112.561 169.519 3
      vertex 114.187 169.836 1.31
    endloop
  endfacet
  facet normal 0.65224 0.32612 0.684273
    outer loop
      vertex 112.561 169.519 3
      vertex 114.029 170.129 1.31
      vertex 112.56 169.521 3
    endloop
  endfacet
  facet normal 0.714255 -0 0.699885
    outer loop
      vertex 112.373 171.422 3
      vertex 114.029 171.431 1.31
      vertex 112.373 171.424 3
    endloop
  endfacet
  facet normal 0.69884 -0.210309 0.683661
    outer loop
      vertex 114.029 171.431 1.31
      vertex 112.373 171.422 3
      vertex 113.933 171.112 1.31
    endloop
  endfacet
  facet normal 0.698404 -0.21236 0.683473
    outer loop
      vertex 114.029 171.431 1.31
      vertex 112.56 172.039 3
      vertex 112.373 171.424 3
    endloop
  endfacet
  facet normal -0.0714901 0.726248 0.683705
    outer loop
      vertex 116.24 167.552 3
      vertex 115.6 169.08 1.31
      vertex 115.6 167.489 3
    endloop
  endfacet
  facet normal 0.0721707 0.726081 0.683811
    outer loop
      vertex 115.268 169.113 1.31
      vertex 114.96 167.552 3
      vertex 115.6 169.08 1.31
    endloop
  endfacet
  facet normal 0.331147 0.662295 0.672092
    outer loop
      vertex 114.96 167.552 3
      vertex 115.268 169.113 1.31
      vertex 114.958 167.553 3
    endloop
  endfacet
  facet normal -0.46302 0.564022 0.683734
    outer loop
      vertex 117.428 168.044 3
      vertex 117.925 168.452 3
      vertex 116.544 169.367 1.31
    endloop
  endfacet
  facet normal -0.65224 0.32612 0.684273
    outer loop
      vertex 117.171 170.129 1.31
      vertex 118.639 169.519 3
      vertex 118.64 169.521 3
    endloop
  endfacet
  facet normal -0.642645 0.346546 0.683311
    outer loop
      vertex 118.639 169.519 3
      vertex 117.171 170.129 1.31
      vertex 117.013 169.836 1.31
    endloop
  endfacet
  facet normal -0.714255 0 0.699885
    outer loop
      vertex 117.171 171.431 1.31
      vertex 118.827 171.422 3
      vertex 118.827 171.424 3
    endloop
  endfacet
  facet normal -0.69884 -0.210309 0.683661
    outer loop
      vertex 118.827 171.422 3
      vertex 117.171 171.431 1.31
      vertex 117.267 171.112 1.31
    endloop
  endfacet
  facet normal 0.46302 0.564022 0.683734
    outer loop
      vertex 113.772 168.044 3
      vertex 114.656 169.367 1.31
      vertex 113.275 168.452 3
    endloop
  endfacet
  facet normal 0.343932 0.643596 0.683736
    outer loop
      vertex 114.339 167.741 3
      vertex 114.656 169.367 1.31
      vertex 113.772 168.044 3
    endloop
  endfacet
  facet normal 0.565029 0.462098 0.683526
    outer loop
      vertex 113.272 168.455 3
      vertex 114.398 169.578 1.31
      vertex 114.187 169.836 1.31
    endloop
  endfacet
  facet normal 0.667105 0.333553 0.666118
    outer loop
      vertex 114.398 169.578 1.31
      vertex 113.272 168.455 3
      vertex 113.273 168.453 3
    endloop
  endfacet
  facet normal 0.0714901 0.726248 0.683705
    outer loop
      vertex 115.6 167.489 3
      vertex 115.6 169.08 1.31
      vertex 114.96 167.552 3
    endloop
  endfacet
  facet normal 0.714255 0 0.699885
    outer loop
      vertex 114.029 170.129 1.31
      vertex 112.373 170.138 3
      vertex 112.373 170.136 3
    endloop
  endfacet
  facet normal 0.69884 0.210309 0.683661
    outer loop
      vertex 112.373 170.138 3
      vertex 114.029 170.129 1.31
      vertex 113.933 170.448 1.31
    endloop
  endfacet
  facet normal 0.726081 0.0721707 0.683811
    outer loop
      vertex 112.372 170.14 3
      vertex 113.933 170.448 1.31
      vertex 113.9 170.78 1.31
    endloop
  endfacet
  facet normal 0.662295 0.331147 0.672092
    outer loop
      vertex 113.933 170.448 1.31
      vertex 112.372 170.14 3
      vertex 112.373 170.138 3
    endloop
  endfacet
  facet normal 0.662295 -0.331147 0.672092
    outer loop
      vertex 112.372 171.42 3
      vertex 113.933 171.112 1.31
      vertex 112.373 171.422 3
    endloop
  endfacet
  facet normal 0.726081 -0.0721707 0.683811
    outer loop
      vertex 113.933 171.112 1.31
      vertex 112.372 171.42 3
      vertex 113.9 170.78 1.31
    endloop
  endfacet
  facet normal 0.643596 -0.343932 0.683736
    outer loop
      vertex 114.187 171.724 1.31
      vertex 112.864 172.608 3
      vertex 112.561 172.041 3
    endloop
  endfacet
  facet normal 0.21236 -0.698404 0.683473
    outer loop
      vertex 114.949 172.351 1.31
      vertex 114.956 174.007 3
      vertex 114.341 173.82 3
    endloop
  endfacet
  facet normal 0.46302 -0.564022 0.683734
    outer loop
      vertex 114.656 172.193 1.31
      vertex 113.772 173.516 3
      vertex 113.275 173.108 3
    endloop
  endfacet
  facet normal -0.21236 -0.698404 0.683473
    outer loop
      vertex 116.251 172.351 1.31
      vertex 116.859 173.82 3
      vertex 116.244 174.007 3
    endloop
  endfacet
  facet normal -0.333553 -0.667105 0.666118
    outer loop
      vertex 117.925 173.108 3
      vertex 116.802 171.982 1.31
      vertex 117.927 173.107 3
    endloop
  endfacet
  facet normal -0.462098 -0.565029 0.683526
    outer loop
      vertex 116.802 171.982 1.31
      vertex 117.925 173.108 3
      vertex 116.544 172.193 1.31
    endloop
  endfacet
  facet normal -0.333553 0.667105 0.666118
    outer loop
      vertex 116.802 169.578 1.31
      vertex 117.925 168.452 3
      vertex 117.927 168.453 3
    endloop
  endfacet
  facet normal -0.462098 0.565029 0.683526
    outer loop
      vertex 117.925 168.452 3
      vertex 116.802 169.578 1.31
      vertex 116.544 169.367 1.31
    endloop
  endfacet
  facet normal -0.21236 0.698404 0.683473
    outer loop
      vertex 116.859 167.74 3
      vertex 116.251 169.209 1.31
      vertex 116.244 167.553 3
    endloop
  endfacet
  facet normal -0.726081 0.0721707 0.683811
    outer loop
      vertex 117.267 170.448 1.31
      vertex 118.828 170.14 3
      vertex 117.3 170.78 1.31
    endloop
  endfacet
  facet normal -0.662295 0.331147 0.672092
    outer loop
      vertex 118.828 170.14 3
      vertex 117.267 170.448 1.31
      vertex 118.827 170.138 3
    endloop
  endfacet
  facet normal -0.69884 0.210309 0.683661
    outer loop
      vertex 117.171 170.129 1.31
      vertex 118.827 170.138 3
      vertex 117.267 170.448 1.31
    endloop
  endfacet
  facet normal -0.714255 0 0.699885
    outer loop
      vertex 118.827 170.138 3
      vertex 117.171 170.129 1.31
      vertex 118.827 170.136 3
    endloop
  endfacet
  facet normal -0.564022 0.46302 0.683734
    outer loop
      vertex 117.928 168.455 3
      vertex 118.336 168.952 3
      vertex 117.013 169.836 1.31
    endloop
  endfacet
  facet normal -0.565029 0.462098 0.683526
    outer loop
      vertex 116.802 169.578 1.31
      vertex 117.928 168.455 3
      vertex 117.013 169.836 1.31
    endloop
  endfacet
  facet normal -0.667105 0.333553 0.666118
    outer loop
      vertex 117.928 168.455 3
      vertex 116.802 169.578 1.31
      vertex 117.927 168.453 3
    endloop
  endfacet
  facet normal -0.32612 -0.65224 0.684273
    outer loop
      vertex 116.251 172.351 1.31
      vertex 116.861 173.819 3
      vertex 116.859 173.82 3
    endloop
  endfacet
  facet normal -0.346546 -0.642645 0.683311
    outer loop
      vertex 116.861 173.819 3
      vertex 116.251 172.351 1.31
      vertex 116.544 172.193 1.31
    endloop
  endfacet
  facet normal -0.343932 -0.643596 0.683736
    outer loop
      vertex 117.428 173.516 3
      vertex 116.861 173.819 3
      vertex 116.544 172.193 1.31
    endloop
  endfacet
  facet normal -0.65224 -0.32612 0.684273
    outer loop
      vertex 118.639 172.041 3
      vertex 117.171 171.431 1.31
      vertex 118.64 172.039 3
    endloop
  endfacet
  facet normal -0.642645 -0.346546 0.683311
    outer loop
      vertex 117.171 171.431 1.31
      vertex 118.639 172.041 3
      vertex 117.013 171.724 1.31
    endloop
  endfacet
  facet normal -0.698404 -0.21236 0.683473
    outer loop
      vertex 118.827 171.424 3
      vertex 118.64 172.039 3
      vertex 117.171 171.431 1.31
    endloop
  endfacet
  facet normal 0.210309 0.69884 0.683661
    outer loop
      vertex 114.949 169.209 1.31
      vertex 114.958 167.553 3
      vertex 115.268 169.113 1.31
    endloop
  endfacet
  facet normal 0 0.714255 0.699885
    outer loop
      vertex 114.958 167.553 3
      vertex 114.949 169.209 1.31
      vertex 114.956 167.553 3
    endloop
  endfacet
  facet normal 0.21236 0.698404 0.683473
    outer loop
      vertex 114.956 167.553 3
      vertex 114.949 169.209 1.31
      vertex 114.341 167.74 3
    endloop
  endfacet
  facet normal -0.331147 0.662295 0.672092
    outer loop
      vertex 115.932 169.113 1.31
      vertex 116.24 167.552 3
      vertex 116.242 167.553 3
    endloop
  endfacet
  facet normal -0.0721707 0.726081 0.683811
    outer loop
      vertex 116.24 167.552 3
      vertex 115.932 169.113 1.31
      vertex 115.6 169.08 1.31
    endloop
  endfacet
  facet normal 0.564022 -0.46302 0.683734
    outer loop
      vertex 114.187 171.724 1.31
      vertex 113.272 173.105 3
      vertex 112.864 172.608 3
    endloop
  endfacet
  facet normal 0.667105 -0.333553 0.666118
    outer loop
      vertex 113.272 173.105 3
      vertex 114.398 171.982 1.31
      vertex 113.273 173.107 3
    endloop
  endfacet
  facet normal 0.565029 -0.462098 0.683526
    outer loop
      vertex 114.398 171.982 1.31
      vertex 113.272 173.105 3
      vertex 114.187 171.724 1.31
    endloop
  endfacet
  facet normal 0.462098 -0.565029 0.683526
    outer loop
      vertex 113.275 173.108 3
      vertex 114.398 171.982 1.31
      vertex 114.656 172.193 1.31
    endloop
  endfacet
  facet normal 0.333553 -0.667105 0.666118
    outer loop
      vertex 114.398 171.982 1.31
      vertex 113.275 173.108 3
      vertex 113.273 173.107 3
    endloop
  endfacet
  facet normal 0.331147 -0.662295 0.672092
    outer loop
      vertex 115.268 172.447 1.31
      vertex 114.96 174.008 3
      vertex 114.958 174.007 3
    endloop
  endfacet
  facet normal 0.0721707 -0.726081 0.683811
    outer loop
      vertex 114.96 174.008 3
      vertex 115.268 172.447 1.31
      vertex 115.6 172.48 1.31
    endloop
  endfacet
  facet normal 0 -0.714255 0.699885
    outer loop
      vertex 114.949 172.351 1.31
      vertex 114.958 174.007 3
      vertex 114.956 174.007 3
    endloop
  endfacet
  facet normal 0.210309 -0.69884 0.683661
    outer loop
      vertex 114.958 174.007 3
      vertex 114.949 172.351 1.31
      vertex 115.268 172.447 1.31
    endloop
  endfacet
  facet normal 0.0714901 -0.726248 0.683705
    outer loop
      vertex 115.6 172.48 1.31
      vertex 115.6 174.071 3
      vertex 114.96 174.008 3
    endloop
  endfacet
  facet normal -0.0714901 -0.726248 0.683705
    outer loop
      vertex 115.6 172.48 1.31
      vertex 116.24 174.008 3
      vertex 115.6 174.071 3
    endloop
  endfacet
  facet normal -0.343932 0.643596 0.683736
    outer loop
      vertex 116.861 167.741 3
      vertex 117.428 168.044 3
      vertex 116.544 169.367 1.31
    endloop
  endfacet
  facet normal -0.346546 0.642645 0.683311
    outer loop
      vertex 116.251 169.209 1.31
      vertex 116.861 167.741 3
      vertex 116.544 169.367 1.31
    endloop
  endfacet
  facet normal -0.32612 0.65224 0.684273
    outer loop
      vertex 116.861 167.741 3
      vertex 116.251 169.209 1.31
      vertex 116.859 167.74 3
    endloop
  endfacet
  facet normal -0.667105 -0.333553 0.666118
    outer loop
      vertex 116.802 171.982 1.31
      vertex 117.928 173.105 3
      vertex 117.927 173.107 3
    endloop
  endfacet
  facet normal -0.565029 -0.462098 0.683526
    outer loop
      vertex 117.928 173.105 3
      vertex 116.802 171.982 1.31
      vertex 117.013 171.724 1.31
    endloop
  endfacet
  facet normal -0.662295 -0.331147 0.672092
    outer loop
      vertex 117.267 171.112 1.31
      vertex 118.828 171.42 3
      vertex 118.827 171.422 3
    endloop
  endfacet
  facet normal -0.726081 -0.0721707 0.683811
    outer loop
      vertex 118.828 171.42 3
      vertex 117.267 171.112 1.31
      vertex 117.3 170.78 1.31
    endloop
  endfacet
  facet normal 0.642645 -0.346546 0.683311
    outer loop
      vertex 112.561 172.041 3
      vertex 114.029 171.431 1.31
      vertex 114.187 171.724 1.31
    endloop
  endfacet
  facet normal 0.65224 -0.32612 0.684273
    outer loop
      vertex 114.029 171.431 1.31
      vertex 112.561 172.041 3
      vertex 112.56 172.039 3
    endloop
  endfacet
  facet normal 0.343932 -0.643596 0.683736
    outer loop
      vertex 114.656 172.193 1.31
      vertex 114.339 173.819 3
      vertex 113.772 173.516 3
    endloop
  endfacet
  facet normal 0.32612 -0.65224 0.684273
    outer loop
      vertex 114.339 173.819 3
      vertex 114.949 172.351 1.31
      vertex 114.341 173.82 3
    endloop
  endfacet
  facet normal 0.346546 -0.642645 0.683311
    outer loop
      vertex 114.949 172.351 1.31
      vertex 114.339 173.819 3
      vertex 114.656 172.193 1.31
    endloop
  endfacet
  facet normal -0.0721707 -0.726081 0.683811
    outer loop
      vertex 115.932 172.447 1.31
      vertex 116.24 174.008 3
      vertex 115.6 172.48 1.31
    endloop
  endfacet
  facet normal -0.331147 -0.662295 0.672092
    outer loop
      vertex 116.24 174.008 3
      vertex 115.932 172.447 1.31
      vertex 116.242 174.007 3
    endloop
  endfacet
endsolid OpenSCAD_Model
