solid OpenSCAD_Model
  facet normal 0 0 -1
    outer loop
      vertex 2.24 -12.712 0
      vertex 7.04 -12.712 0
      vertex 6.9151 -13.9801 0
    endloop
  endfacet
  facet normal 0 0 -1
    outer loop
      vertex 222.04 82.288 0
      vertex 226.84 82.288 0
      vertex 226.715 81.0199 0
    endloop
  endfacet
  facet normal 0 0 -1
    outer loop
      vertex 222.007 81.9563 0
      vertex 226.715 81.0199 0
      vertex 226.345 79.8006 0
    endloop
  endfacet
  facet normal 0 0 -1
    outer loop
      vertex 226.84 82.288 0
      vertex 222.04 82.288 0
      vertex 226.715 83.5561 0
    endloop
  endfacet
  facet normal 0 0 -1
    outer loop
      vertex 221.911 81.6374 0
      vertex 226.345 79.8006 0
      vertex 225.745 78.6768 0
    endloop
  endfacet
  facet normal 0 0 -1
    outer loop
      vertex 222.007 82.6197 0
      vertex 226.715 83.5561 0
      vertex 222.04 82.288 0
    endloop
  endfacet
  facet normal 0 0 -1
    outer loop
      vertex 221.753 81.3435 0
      vertex 225.745 78.6768 0
      vertex 224.936 77.6918 0
    endloop
  endfacet
  facet normal -0 0 -1
    outer loop
      vertex 226.715 83.5561 0
      vertex 222.007 82.6197 0
      vertex 226.345 84.7754 0
    endloop
  endfacet
  facet normal 0 0 -1
    outer loop
      vertex 221.542 81.0859 0
      vertex 224.936 77.6918 0
      vertex 223.951 76.8834 0
    endloop
  endfacet
  facet normal 0 0 -1
    outer loop
      vertex 221.911 82.9386 0
      vertex 226.345 84.7754 0
      vertex 222.007 82.6197 0
    endloop
  endfacet
  facet normal 0 0 -1
    outer loop
      vertex 221.284 80.8745 0
      vertex 223.951 76.8834 0
      vertex 222.827 76.2828 0
    endloop
  endfacet
  facet normal -0 0 -1
    outer loop
      vertex 226.345 84.7754 0
      vertex 221.911 82.9386 0
      vertex 225.745 85.8992 0
    endloop
  endfacet
  facet normal 0 0 -1
    outer loop
      vertex 221.753 83.2325 0
      vertex 225.745 85.8992 0
      vertex 221.911 82.9386 0
    endloop
  endfacet
  facet normal 0 0 -1
    outer loop
      vertex 226.715 81.0199 0
      vertex 222.007 81.9563 0
      vertex 222.04 82.288 0
    endloop
  endfacet
  facet normal 0 0 -1
    outer loop
      vertex 226.345 79.8006 0
      vertex 221.911 81.6374 0
      vertex 222.007 81.9563 0
    endloop
  endfacet
  facet normal 0 0 -1
    outer loop
      vertex 225.745 78.6768 0
      vertex 221.753 81.3435 0
      vertex 221.911 81.6374 0
    endloop
  endfacet
  facet normal 0 0 -1
    outer loop
      vertex 220.991 80.7174 0
      vertex 222.827 76.2828 0
      vertex 221.608 75.9129 0
    endloop
  endfacet
  facet normal 0 0 -1
    outer loop
      vertex 224.936 77.6918 0
      vertex 221.542 81.0859 0
      vertex 221.753 81.3435 0
    endloop
  endfacet
  facet normal 0 0 -1
    outer loop
      vertex 223.951 76.8834 0
      vertex 221.284 80.8745 0
      vertex 221.542 81.0859 0
    endloop
  endfacet
  facet normal 0 0 -1
    outer loop
      vertex 222.827 76.2828 0
      vertex 220.991 80.7174 0
      vertex 221.284 80.8745 0
    endloop
  endfacet
  facet normal 0 0 -1
    outer loop
      vertex 220.672 80.6207 0
      vertex 221.608 75.9129 0
      vertex 220.88 75.8412 0
    endloop
  endfacet
  facet normal 0 0 -1
    outer loop
      vertex 221.608 75.9129 0
      vertex 220.672 80.6207 0
      vertex 220.991 80.7174 0
    endloop
  endfacet
  facet normal -0 0 -1
    outer loop
      vertex 225.745 85.8992 0
      vertex 221.753 83.2325 0
      vertex 224.936 86.8842 0
    endloop
  endfacet
  facet normal 0 0 -1
    outer loop
      vertex 221.542 83.4901 0
      vertex 224.936 86.8842 0
      vertex 221.753 83.2325 0
    endloop
  endfacet
  facet normal -0 0 -1
    outer loop
      vertex 224.936 86.8842 0
      vertex 221.542 83.4901 0
      vertex 223.951 87.6926 0
    endloop
  endfacet
  facet normal 0 0 -1
    outer loop
      vertex 221.284 83.7015 0
      vertex 223.951 87.6926 0
      vertex 221.542 83.4901 0
    endloop
  endfacet
  facet normal -0 0 -1
    outer loop
      vertex 223.951 87.6926 0
      vertex 221.284 83.7015 0
      vertex 222.827 88.2932 0
    endloop
  endfacet
  facet normal 0 0 -1
    outer loop
      vertex 220.991 83.8586 0
      vertex 222.827 88.2932 0
      vertex 221.284 83.7015 0
    endloop
  endfacet
  facet normal -0 0 -1
    outer loop
      vertex 222.827 88.2932 0
      vertex 220.991 83.8586 0
      vertex 221.608 88.6631 0
    endloop
  endfacet
  facet normal 0 0 -1
    outer loop
      vertex 220.672 83.9553 0
      vertex 221.608 88.6631 0
      vertex 220.991 83.8586 0
    endloop
  endfacet
  facet normal 0 0 -1
    outer loop
      vertex 220.34 83.988 0
      vertex 220.88 88.7348 0
      vertex 220.672 83.9553 0
    endloop
  endfacet
  facet normal -0 0 -1
    outer loop
      vertex 221.608 88.6631 0
      vertex 220.672 83.9553 0
      vertex 220.88 88.7348 0
    endloop
  endfacet
  facet normal 0 0 -1
    outer loop
      vertex 222.04 147.288 0
      vertex 226.84 147.288 0
      vertex 226.715 146.02 0
    endloop
  endfacet
  facet normal 0 0 -1
    outer loop
      vertex 222.007 146.956 0
      vertex 226.715 146.02 0
      vertex 226.345 144.801 0
    endloop
  endfacet
  facet normal 0 0 -1
    outer loop
      vertex 226.84 147.288 0
      vertex 222.04 147.288 0
      vertex 226.715 148.556 0
    endloop
  endfacet
  facet normal 0 0 -1
    outer loop
      vertex 221.911 146.637 0
      vertex 226.345 144.801 0
      vertex 225.745 143.677 0
    endloop
  endfacet
  facet normal 0 0 -1
    outer loop
      vertex 222.007 147.62 0
      vertex 226.715 148.556 0
      vertex 222.04 147.288 0
    endloop
  endfacet
  facet normal 0 0 -1
    outer loop
      vertex 221.753 146.344 0
      vertex 225.745 143.677 0
      vertex 224.936 142.692 0
    endloop
  endfacet
  facet normal -0 0 -1
    outer loop
      vertex 226.715 148.556 0
      vertex 222.007 147.62 0
      vertex 226.345 149.775 0
    endloop
  endfacet
  facet normal 0 0 -1
    outer loop
      vertex 221.542 146.086 0
      vertex 224.936 142.692 0
      vertex 223.951 141.883 0
    endloop
  endfacet
  facet normal 0 0 -1
    outer loop
      vertex 221.911 147.939 0
      vertex 226.345 149.775 0
      vertex 222.007 147.62 0
    endloop
  endfacet
  facet normal 0 0 -1
    outer loop
      vertex 221.284 145.874 0
      vertex 223.951 141.883 0
      vertex 222.827 141.283 0
    endloop
  endfacet
  facet normal -0 0 -1
    outer loop
      vertex 226.345 149.775 0
      vertex 221.911 147.939 0
      vertex 225.745 150.899 0
    endloop
  endfacet
  facet normal 0 0 -1
    outer loop
      vertex 221.753 148.232 0
      vertex 225.745 150.899 0
      vertex 221.911 147.939 0
    endloop
  endfacet
  facet normal 0 0 -1
    outer loop
      vertex 226.715 146.02 0
      vertex 222.007 146.956 0
      vertex 222.04 147.288 0
    endloop
  endfacet
  facet normal 0 0 -1
    outer loop
      vertex 226.345 144.801 0
      vertex 221.911 146.637 0
      vertex 222.007 146.956 0
    endloop
  endfacet
  facet normal 0 0 -1
    outer loop
      vertex 225.745 143.677 0
      vertex 221.753 146.344 0
      vertex 221.911 146.637 0
    endloop
  endfacet
  facet normal 0 0 -1
    outer loop
      vertex 220.991 145.717 0
      vertex 222.827 141.283 0
      vertex 221.608 140.913 0
    endloop
  endfacet
  facet normal 0 0 -1
    outer loop
      vertex 224.936 142.692 0
      vertex 221.542 146.086 0
      vertex 221.753 146.344 0
    endloop
  endfacet
  facet normal 0 0 -1
    outer loop
      vertex 223.951 141.883 0
      vertex 221.284 145.874 0
      vertex 221.542 146.086 0
    endloop
  endfacet
  facet normal 0 0 -1
    outer loop
      vertex 222.827 141.283 0
      vertex 220.991 145.717 0
      vertex 221.284 145.874 0
    endloop
  endfacet
  facet normal 0 0 -1
    outer loop
      vertex 220.672 145.621 0
      vertex 221.608 140.913 0
      vertex 220.88 140.841 0
    endloop
  endfacet
  facet normal 0 0 -1
    outer loop
      vertex 221.608 140.913 0
      vertex 220.672 145.621 0
      vertex 220.991 145.717 0
    endloop
  endfacet
  facet normal 0 0 -1
    outer loop
      vertex 220.008 83.9553 0
      vertex 220.88 88.7348 0
      vertex 220.34 83.988 0
    endloop
  endfacet
  facet normal 0 0 -1
    outer loop
      vertex 219.689 83.8586 0
      vertex 220.88 88.7348 0
      vertex 220.008 83.9553 0
    endloop
  endfacet
  facet normal 0 0 -1
    outer loop
      vertex 220.88 140.841 0
      vertex 220.34 145.588 0
      vertex 220.672 145.621 0
    endloop
  endfacet
  facet normal 0 0 -1
    outer loop
      vertex 219.396 83.7015 0
      vertex 220.88 88.7348 0
      vertex 219.689 83.8586 0
    endloop
  endfacet
  facet normal 0 0 -1
    outer loop
      vertex 220.88 140.841 0
      vertex 220.008 145.621 0
      vertex 220.34 145.588 0
    endloop
  endfacet
  facet normal 0 0 -1
    outer loop
      vertex 219.138 83.4901 0
      vertex 220.88 88.7348 0
      vertex 219.396 83.7015 0
    endloop
  endfacet
  facet normal 0 0 -1
    outer loop
      vertex 220.88 140.841 0
      vertex 219.689 145.717 0
      vertex 220.008 145.621 0
    endloop
  endfacet
  facet normal 0 0 -1
    outer loop
      vertex 218.926 83.2325 0
      vertex 220.88 88.7348 0
      vertex 219.138 83.4901 0
    endloop
  endfacet
  facet normal 0 0 -1
    outer loop
      vertex 220.88 140.841 0
      vertex 219.396 145.874 0
      vertex 219.689 145.717 0
    endloop
  endfacet
  facet normal 0 0 -1
    outer loop
      vertex 218.769 82.9386 0
      vertex 220.88 88.7348 0
      vertex 218.926 83.2325 0
    endloop
  endfacet
  facet normal 0 0 -1
    outer loop
      vertex 220.88 140.841 0
      vertex 219.138 146.086 0
      vertex 219.396 145.874 0
    endloop
  endfacet
  facet normal 0 0 -1
    outer loop
      vertex 210.94 157.06 0
      vertex 220.88 88.7348 0
      vertex 218.769 82.9386 0
    endloop
  endfacet
  facet normal 0 0 -1
    outer loop
      vertex 220.88 140.841 0
      vertex 218.926 146.344 0
      vertex 219.138 146.086 0
    endloop
  endfacet
  facet normal 0 0 -1
    outer loop
      vertex 220.88 88.7348 0
      vertex 210.94 157.06 0
      vertex 220.88 140.841 0
    endloop
  endfacet
  facet normal -0 -0 -1
    outer loop
      vertex 218.769 146.637 0
      vertex 220.88 140.841 0
      vertex 210.94 157.06 0
    endloop
  endfacet
  facet normal 0 0 -1
    outer loop
      vertex 210.94 157.06 0
      vertex 218.769 82.9386 0
      vertex 218.673 82.6197 0
    endloop
  endfacet
  facet normal 0 0 -1
    outer loop
      vertex 220.88 140.841 0
      vertex 218.769 146.637 0
      vertex 218.926 146.344 0
    endloop
  endfacet
  facet normal 0 0 -1
    outer loop
      vertex 210.94 157.06 0
      vertex 218.673 82.6197 0
      vertex 218.64 82.288 0
    endloop
  endfacet
  facet normal 0 0 -1
    outer loop
      vertex 218.769 146.637 0
      vertex 210.94 157.06 0
      vertex 218.673 146.956 0
    endloop
  endfacet
  facet normal -0 0 -1
    outer loop
      vertex 225.745 150.899 0
      vertex 221.753 148.232 0
      vertex 224.936 151.884 0
    endloop
  endfacet
  facet normal 0 0 -1
    outer loop
      vertex 221.542 148.49 0
      vertex 224.936 151.884 0
      vertex 221.753 148.232 0
    endloop
  endfacet
  facet normal -0 0 -1
    outer loop
      vertex 224.936 151.884 0
      vertex 221.542 148.49 0
      vertex 223.951 152.693 0
    endloop
  endfacet
  facet normal 0 0 -1
    outer loop
      vertex 221.284 148.701 0
      vertex 223.951 152.693 0
      vertex 221.542 148.49 0
    endloop
  endfacet
  facet normal -0 0 -1
    outer loop
      vertex 223.951 152.693 0
      vertex 221.284 148.701 0
      vertex 222.827 153.293 0
    endloop
  endfacet
  facet normal 0 0 -1
    outer loop
      vertex 220.991 148.859 0
      vertex 222.827 153.293 0
      vertex 221.284 148.701 0
    endloop
  endfacet
  facet normal -0 0 -1
    outer loop
      vertex 222.827 153.293 0
      vertex 220.991 148.859 0
      vertex 221.608 153.663 0
    endloop
  endfacet
  facet normal 0 0 -1
    outer loop
      vertex 220.672 148.955 0
      vertex 221.608 153.663 0
      vertex 220.991 148.859 0
    endloop
  endfacet
  facet normal -0 0 -1
    outer loop
      vertex 221.608 153.663 0
      vertex 220.672 148.955 0
      vertex 220.88 153.735 0
    endloop
  endfacet
  facet normal 0 0 -1
    outer loop
      vertex 220.34 148.988 0
      vertex 220.88 153.735 0
      vertex 220.672 148.955 0
    endloop
  endfacet
  facet normal 0 0 -1
    outer loop
      vertex 220.008 148.955 0
      vertex 220.88 153.735 0
      vertex 220.34 148.988 0
    endloop
  endfacet
  facet normal 0 0 -1
    outer loop
      vertex 219.689 148.859 0
      vertex 220.88 153.735 0
      vertex 220.008 148.955 0
    endloop
  endfacet
  facet normal 0 0 -1
    outer loop
      vertex 219.396 148.701 0
      vertex 220.88 153.735 0
      vertex 219.689 148.859 0
    endloop
  endfacet
  facet normal 0 0 -1
    outer loop
      vertex 219.138 148.49 0
      vertex 220.88 153.735 0
      vertex 219.396 148.701 0
    endloop
  endfacet
  facet normal -0 0 -1
    outer loop
      vertex 220.88 153.735 0
      vertex 219.138 148.49 0
      vertex 210.94 157.06 0
    endloop
  endfacet
  facet normal 0 0 -1
    outer loop
      vertex 210.94 157.06 0
      vertex 219.138 148.49 0
      vertex 218.926 148.232 0
    endloop
  endfacet
  facet normal 0 0 -1
    outer loop
      vertex 210.94 157.06 0
      vertex 218.926 148.232 0
      vertex 218.769 147.939 0
    endloop
  endfacet
  facet normal 0 0 -1
    outer loop
      vertex 210.94 157.06 0
      vertex 218.769 147.939 0
      vertex 218.673 147.62 0
    endloop
  endfacet
  facet normal 0 0 -1
    outer loop
      vertex 210.94 157.06 0
      vertex 218.673 147.62 0
      vertex 218.64 147.288 0
    endloop
  endfacet
  facet normal -0 0 -1
    outer loop
      vertex 218.769 81.6374 0
      vertex 210.94 7.56 0
      vertex 218.673 81.9563 0
    endloop
  endfacet
  facet normal 0 0 -1
    outer loop
      vertex 218.14 -10.112 0
      vertex 218.265 -13.9801 0
      vertex 218.14 -12.712 0
    endloop
  endfacet
  facet normal -0 0 -1
    outer loop
      vertex 218.673 81.9563 0
      vertex 210.94 7.56 0
      vertex 218.64 82.288 0
    endloop
  endfacet
  facet normal 0 0 -1
    outer loop
      vertex 210.94 157.06 0
      vertex 218.64 82.288 0
      vertex 210.94 7.56 0
    endloop
  endfacet
  facet normal 0 0 -1
    outer loop
      vertex 218.673 146.956 0
      vertex 210.94 157.06 0
      vertex 218.64 147.288 0
    endloop
  endfacet
  facet normal 0 0 -1
    outer loop
      vertex 220.88 153.735 0
      vertex 210.94 157.06 0
      vertex 220.88 173.12 0
    endloop
  endfacet
  facet normal 0 0 -1
    outer loop
      vertex 9.94 157.06 0
      vertex 220.88 173.12 0
      vertex 210.94 157.06 0
    endloop
  endfacet
  facet normal 0 0 -1
    outer loop
      vertex 2.11059 -12.0614 0
      vertex 7.04 -12.712 0
      vertex 2.20733 -12.3803 0
    endloop
  endfacet
  facet normal 0 0 -1
    outer loop
      vertex 2.20733 -13.0437 0
      vertex 6.9151 -13.9801 0
      vertex 6.54522 -15.1994 0
    endloop
  endfacet
  facet normal 0 0 -1
    outer loop
      vertex 2.11059 -13.3626 0
      vertex 6.54522 -15.1994 0
      vertex 5.94455 -16.3232 0
    endloop
  endfacet
  facet normal 0 0 -1
    outer loop
      vertex 1.9535 -13.6565 0
      vertex 5.94455 -16.3232 0
      vertex 5.13619 -17.3082 0
    endloop
  endfacet
  facet normal 0 0 -1
    outer loop
      vertex 1.74208 -13.9141 0
      vertex 5.13619 -17.3082 0
      vertex 4.15121 -18.1166 0
    endloop
  endfacet
  facet normal 0 0 -1
    outer loop
      vertex 1.48447 -14.1255 0
      vertex 4.15121 -18.1166 0
      vertex 3.02744 -18.7172 0
    endloop
  endfacet
  facet normal 0 0 -1
    outer loop
      vertex 7.04 -12.712 0
      vertex 2.24 -12.712 0
      vertex 2.20733 -12.3803 0
    endloop
  endfacet
  facet normal 0 0 -1
    outer loop
      vertex 7.04 -10.112 0
      vertex 2.24 82.288 0
      vertex 9.94 157.06 0
    endloop
  endfacet
  facet normal 0 0 -1
    outer loop
      vertex 2.20733 82.6197 0
      vertex 9.94 157.06 0
      vertex 2.24 82.288 0
    endloop
  endfacet
  facet normal 0 0 -1
    outer loop
      vertex 2.20733 147.62 0
      vertex 9.94 157.06 0
      vertex 2.24 147.288 0
    endloop
  endfacet
  facet normal 0 0 -1
    outer loop
      vertex 2.11059 147.939 0
      vertex 9.94 157.06 0
      vertex 2.20733 147.62 0
    endloop
  endfacet
  facet normal 0 0 -1
    outer loop
      vertex 1.9535 148.232 0
      vertex 9.94 157.06 0
      vertex 2.11059 147.939 0
    endloop
  endfacet
  facet normal 0 0 -1
    outer loop
      vertex 1.74208 148.49 0
      vertex 9.94 157.06 0
      vertex 1.9535 148.232 0
    endloop
  endfacet
  facet normal 0 0 -1
    outer loop
      vertex -3.43323e-07 153.735 0
      vertex 1.74208 148.49 0
      vertex 1.48447 148.701 0
    endloop
  endfacet
  facet normal 0 0 -1
    outer loop
      vertex -3.43323e-07 153.735 0
      vertex 1.48447 148.701 0
      vertex 1.19056 148.859 0
    endloop
  endfacet
  facet normal 0 0 -1
    outer loop
      vertex -3.43323e-07 153.735 0
      vertex 1.19056 148.859 0
      vertex 0.871653 148.955 0
    endloop
  endfacet
  facet normal 0 0 -1
    outer loop
      vertex -3.43323e-07 153.735 0
      vertex 0.871653 148.955 0
      vertex 0.54 148.988 0
    endloop
  endfacet
  facet normal 0 0 -1
    outer loop
      vertex -3.43323e-07 153.735 0
      vertex 0.54 148.988 0
      vertex 0.208346 148.955 0
    endloop
  endfacet
  facet normal 0 0 -1
    outer loop
      vertex 1.74208 148.49 0
      vertex -3.43323e-07 153.735 0
      vertex 9.94 157.06 0
    endloop
  endfacet
  facet normal 0 0 -1
    outer loop
      vertex 9.94 157.06 0
      vertex -3.43323e-07 173.12 0
      vertex 220.88 173.12 0
    endloop
  endfacet
  facet normal 0 0 -1
    outer loop
      vertex -3.43323e-07 173.12 0
      vertex 9.94 157.06 0
      vertex -3.43323e-07 153.735 0
    endloop
  endfacet
  facet normal 0 0 -1
    outer loop
      vertex -0.728088 153.663 0
      vertex 0.208346 148.955 0
      vertex -0.110563 148.859 0
    endloop
  endfacet
  facet normal 0 0 -1
    outer loop
      vertex -1.94744 153.293 0
      vertex -0.110563 148.859 0
      vertex -0.40447 148.701 0
    endloop
  endfacet
  facet normal 0 0 -1
    outer loop
      vertex -3.07121 152.693 0
      vertex -0.40447 148.701 0
      vertex -0.662082 148.49 0
    endloop
  endfacet
  facet normal 0 0 -1
    outer loop
      vertex 0.208346 148.955 0
      vertex -0.728088 153.663 0
      vertex -3.43323e-07 153.735 0
    endloop
  endfacet
  facet normal 0 0 -1
    outer loop
      vertex -4.05619 151.884 0
      vertex -0.662082 148.49 0
      vertex -0.873499 148.232 0
    endloop
  endfacet
  facet normal 0 0 -1
    outer loop
      vertex -4.86455 150.899 0
      vertex -0.873499 148.232 0
      vertex -1.0306 147.939 0
    endloop
  endfacet
  facet normal 0 0 -1
    outer loop
      vertex -5.46522 149.775 0
      vertex -1.0306 147.939 0
      vertex -1.12734 147.62 0
    endloop
  endfacet
  facet normal 0 0 -1
    outer loop
      vertex -5.8351 148.556 0
      vertex -1.12734 147.62 0
      vertex -1.16 147.288 0
    endloop
  endfacet
  facet normal -0 0 -1
    outer loop
      vertex -0.873499 146.344 0
      vertex -4.86455 143.677 0
      vertex -1.0306 146.637 0
    endloop
  endfacet
  facet normal 0 0 -1
    outer loop
      vertex -0.110563 148.859 0
      vertex -1.94744 153.293 0
      vertex -0.728088 153.663 0
    endloop
  endfacet
  facet normal 0 0 -1
    outer loop
      vertex -5.46522 144.801 0
      vertex -1.0306 146.637 0
      vertex -4.86455 143.677 0
    endloop
  endfacet
  facet normal 0 0 -1
    outer loop
      vertex -0.40447 148.701 0
      vertex -3.07121 152.693 0
      vertex -1.94744 153.293 0
    endloop
  endfacet
  facet normal -0 0 -1
    outer loop
      vertex -1.0306 146.637 0
      vertex -5.46522 144.801 0
      vertex -1.12734 146.956 0
    endloop
  endfacet
  facet normal 0 0 -1
    outer loop
      vertex -0.662082 148.49 0
      vertex -4.05619 151.884 0
      vertex -3.07121 152.693 0
    endloop
  endfacet
  facet normal 0 0 -1
    outer loop
      vertex -5.8351 146.02 0
      vertex -1.12734 146.956 0
      vertex -5.46522 144.801 0
    endloop
  endfacet
  facet normal 0 0 -1
    outer loop
      vertex -0.873499 148.232 0
      vertex -4.86455 150.899 0
      vertex -4.05619 151.884 0
    endloop
  endfacet
  facet normal -0 0 -1
    outer loop
      vertex -1.12734 146.956 0
      vertex -5.8351 146.02 0
      vertex -1.16 147.288 0
    endloop
  endfacet
  facet normal 0 0 -1
    outer loop
      vertex -1.0306 147.939 0
      vertex -5.46522 149.775 0
      vertex -4.86455 150.899 0
    endloop
  endfacet
  facet normal 0 0 -1
    outer loop
      vertex -5.96 147.288 0
      vertex -1.16 147.288 0
      vertex -5.8351 146.02 0
    endloop
  endfacet
  facet normal 0 0 -1
    outer loop
      vertex -1.12734 147.62 0
      vertex -5.8351 148.556 0
      vertex -5.46522 149.775 0
    endloop
  endfacet
  facet normal 0 0 -1
    outer loop
      vertex -1.16 147.288 0
      vertex -5.96 147.288 0
      vertex -5.8351 148.556 0
    endloop
  endfacet
  facet normal 0 0 -1
    outer loop
      vertex 2.11059 82.9386 0
      vertex 9.94 157.06 0
      vertex 2.20733 82.6197 0
    endloop
  endfacet
  facet normal 0 0 -1
    outer loop
      vertex 9.94 157.06 0
      vertex 2.20733 146.956 0
      vertex 2.24 147.288 0
    endloop
  endfacet
  facet normal 0 0 -1
    outer loop
      vertex -3.43323e-07 88.7348 0
      vertex 9.94 157.06 0
      vertex 2.11059 82.9386 0
    endloop
  endfacet
  facet normal 0 0 -1
    outer loop
      vertex 9.94 157.06 0
      vertex 2.11059 146.637 0
      vertex 2.20733 146.956 0
    endloop
  endfacet
  facet normal 0 0 -1
    outer loop
      vertex -3.43323e-07 88.7348 0
      vertex 2.11059 82.9386 0
      vertex 1.9535 83.2325 0
    endloop
  endfacet
  facet normal 0 0 -1
    outer loop
      vertex -3.43323e-07 140.841 0
      vertex 9.94 157.06 0
      vertex -3.43323e-07 88.7348 0
    endloop
  endfacet
  facet normal 0 0 -1
    outer loop
      vertex -3.43323e-07 88.7348 0
      vertex 1.9535 83.2325 0
      vertex 1.74208 83.4901 0
    endloop
  endfacet
  facet normal 0 0 -1
    outer loop
      vertex 9.94 157.06 0
      vertex -3.43323e-07 140.841 0
      vertex 2.11059 146.637 0
    endloop
  endfacet
  facet normal 0 0 -1
    outer loop
      vertex -3.43323e-07 88.7348 0
      vertex 1.74208 83.4901 0
      vertex 1.48447 83.7015 0
    endloop
  endfacet
  facet normal 0 0 -1
    outer loop
      vertex 2.11059 146.637 0
      vertex -3.43323e-07 140.841 0
      vertex 1.9535 146.344 0
    endloop
  endfacet
  facet normal 0 0 -1
    outer loop
      vertex -3.43323e-07 88.7348 0
      vertex 1.48447 83.7015 0
      vertex 1.19056 83.8586 0
    endloop
  endfacet
  facet normal 0 0 -1
    outer loop
      vertex 1.9535 146.344 0
      vertex -3.43323e-07 140.841 0
      vertex 1.74208 146.086 0
    endloop
  endfacet
  facet normal 0 0 -1
    outer loop
      vertex -3.43323e-07 88.7348 0
      vertex 1.19056 83.8586 0
      vertex 0.871653 83.9553 0
    endloop
  endfacet
  facet normal 0 0 -1
    outer loop
      vertex 1.74208 146.086 0
      vertex -3.43323e-07 140.841 0
      vertex 1.48447 145.874 0
    endloop
  endfacet
  facet normal 0 0 -1
    outer loop
      vertex -3.43323e-07 88.7348 0
      vertex 0.871653 83.9553 0
      vertex 0.54 83.988 0
    endloop
  endfacet
  facet normal 0 0 -1
    outer loop
      vertex 1.48447 145.874 0
      vertex -3.43323e-07 140.841 0
      vertex 1.19056 145.717 0
    endloop
  endfacet
  facet normal 0 0 -1
    outer loop
      vertex -3.43323e-07 88.7348 0
      vertex 0.54 83.988 0
      vertex 0.208346 83.9553 0
    endloop
  endfacet
  facet normal 0 0 -1
    outer loop
      vertex 1.19056 145.717 0
      vertex -3.43323e-07 140.841 0
      vertex 0.871653 145.621 0
    endloop
  endfacet
  facet normal 0 0 -1
    outer loop
      vertex 0.871653 145.621 0
      vertex -3.43323e-07 140.841 0
      vertex 0.54 145.588 0
    endloop
  endfacet
  facet normal 0 0 -1
    outer loop
      vertex -0.728088 88.6631 0
      vertex 0.208346 83.9553 0
      vertex -0.110563 83.8586 0
    endloop
  endfacet
  facet normal 0 0 -1
    outer loop
      vertex -1.94744 88.2932 0
      vertex -0.110563 83.8586 0
      vertex -0.40447 83.7015 0
    endloop
  endfacet
  facet normal 0 0 -1
    outer loop
      vertex -3.07121 87.6926 0
      vertex -0.40447 83.7015 0
      vertex -0.662082 83.4901 0
    endloop
  endfacet
  facet normal 0 0 -1
    outer loop
      vertex 0.208346 83.9553 0
      vertex -0.728088 88.6631 0
      vertex -3.43323e-07 88.7348 0
    endloop
  endfacet
  facet normal 0 0 -1
    outer loop
      vertex -4.05619 86.8842 0
      vertex -0.662082 83.4901 0
      vertex -0.873499 83.2325 0
    endloop
  endfacet
  facet normal 0 0 -1
    outer loop
      vertex -4.86455 85.8992 0
      vertex -0.873499 83.2325 0
      vertex -1.0306 82.9386 0
    endloop
  endfacet
  facet normal 0 0 -1
    outer loop
      vertex -5.46522 84.7754 0
      vertex -1.0306 82.9386 0
      vertex -1.12734 82.6197 0
    endloop
  endfacet
  facet normal 0 0 -1
    outer loop
      vertex -5.8351 83.5561 0
      vertex -1.12734 82.6197 0
      vertex -1.16 82.288 0
    endloop
  endfacet
  facet normal -0 0 -1
    outer loop
      vertex -0.873499 81.3435 0
      vertex -4.86455 78.6768 0
      vertex -1.0306 81.6374 0
    endloop
  endfacet
  facet normal 0 0 -1
    outer loop
      vertex -0.110563 83.8586 0
      vertex -1.94744 88.2932 0
      vertex -0.728088 88.6631 0
    endloop
  endfacet
  facet normal 0 0 -1
    outer loop
      vertex -5.46522 79.8006 0
      vertex -1.0306 81.6374 0
      vertex -4.86455 78.6768 0
    endloop
  endfacet
  facet normal 0 0 -1
    outer loop
      vertex -0.40447 83.7015 0
      vertex -3.07121 87.6926 0
      vertex -1.94744 88.2932 0
    endloop
  endfacet
  facet normal -0 0 -1
    outer loop
      vertex -1.0306 81.6374 0
      vertex -5.46522 79.8006 0
      vertex -1.12734 81.9563 0
    endloop
  endfacet
  facet normal 0 0 -1
    outer loop
      vertex -0.662082 83.4901 0
      vertex -4.05619 86.8842 0
      vertex -3.07121 87.6926 0
    endloop
  endfacet
  facet normal 0 0 -1
    outer loop
      vertex -5.8351 81.0199 0
      vertex -1.12734 81.9563 0
      vertex -5.46522 79.8006 0
    endloop
  endfacet
  facet normal 0 0 -1
    outer loop
      vertex -0.873499 83.2325 0
      vertex -4.86455 85.8992 0
      vertex -4.05619 86.8842 0
    endloop
  endfacet
  facet normal -0 0 -1
    outer loop
      vertex -1.12734 81.9563 0
      vertex -5.8351 81.0199 0
      vertex -1.16 82.288 0
    endloop
  endfacet
  facet normal 0 0 -1
    outer loop
      vertex -1.0306 82.9386 0
      vertex -5.46522 84.7754 0
      vertex -4.86455 85.8992 0
    endloop
  endfacet
  facet normal 0 0 -1
    outer loop
      vertex -5.96 82.288 0
      vertex -1.16 82.288 0
      vertex -5.8351 81.0199 0
    endloop
  endfacet
  facet normal 0 0 -1
    outer loop
      vertex -1.12734 82.6197 0
      vertex -5.8351 83.5561 0
      vertex -5.46522 84.7754 0
    endloop
  endfacet
  facet normal 0 0 -1
    outer loop
      vertex -1.16 82.288 0
      vertex -5.96 82.288 0
      vertex -5.8351 83.5561 0
    endloop
  endfacet
  facet normal 0 0 -1
    outer loop
      vertex 7.04 -12.712 0
      vertex 2.11059 -12.0614 0
      vertex 7.04 -10.112 0
    endloop
  endfacet
  facet normal 0 0 -1
    outer loop
      vertex 7.04 -10.112 0
      vertex 2.20733 81.9563 0
      vertex 2.24 82.288 0
    endloop
  endfacet
  facet normal 0 0 -1
    outer loop
      vertex 7.04 -10.112 0
      vertex 2.11059 -12.0614 0
      vertex 1.9535 -11.7675 0
    endloop
  endfacet
  facet normal 0 0 -1
    outer loop
      vertex -3.43323e-07 75.8412 0
      vertex 7.04 -10.112 0
      vertex -3.43323e-07 2 0
    endloop
  endfacet
  facet normal 0 0 -1
    outer loop
      vertex 7.04 -10.112 0
      vertex 1.9535 -11.7675 0
      vertex 1.74208 -11.5099 0
    endloop
  endfacet
  facet normal 0 0 -1
    outer loop
      vertex 7.04 -10.112 0
      vertex 2.11059 81.6374 0
      vertex 2.20733 81.9563 0
    endloop
  endfacet
  facet normal 0 0 -1
    outer loop
      vertex 1.48447 -11.2985 0
      vertex 7.04 -10.112 0
      vertex 1.74208 -11.5099 0
    endloop
  endfacet
  facet normal 0 0 -1
    outer loop
      vertex 7.04 -10.112 0
      vertex -3.43323e-07 75.8412 0
      vertex 2.11059 81.6374 0
    endloop
  endfacet
  facet normal 0 0 -1
    outer loop
      vertex 1.19056 -11.1414 0
      vertex 7.04 -10.112 0
      vertex 1.48447 -11.2985 0
    endloop
  endfacet
  facet normal 0 0 -1
    outer loop
      vertex 2.11059 81.6374 0
      vertex -3.43323e-07 75.8412 0
      vertex 1.9535 81.3435 0
    endloop
  endfacet
  facet normal -0 0 -1
    outer loop
      vertex 7.04 -10.112 0
      vertex 1.19056 -11.1414 0
      vertex -3.43323e-07 2 0
    endloop
  endfacet
  facet normal 0 0 -1
    outer loop
      vertex 1.9535 81.3435 0
      vertex -3.43323e-07 75.8412 0
      vertex 1.74208 81.0859 0
    endloop
  endfacet
  facet normal 0 0 -1
    outer loop
      vertex -3.43323e-07 2 0
      vertex 1.19056 -11.1414 0
      vertex 0.871653 -11.0447 0
    endloop
  endfacet
  facet normal 0 0 -1
    outer loop
      vertex 1.74208 81.0859 0
      vertex -3.43323e-07 75.8412 0
      vertex 1.48447 80.8745 0
    endloop
  endfacet
  facet normal 0 0 -1
    outer loop
      vertex -3.43323e-07 2 0
      vertex 0.871653 -11.0447 0
      vertex 0.54 -11.012 0
    endloop
  endfacet
  facet normal 0 0 -1
    outer loop
      vertex 1.48447 80.8745 0
      vertex -3.43323e-07 75.8412 0
      vertex 1.19056 80.7174 0
    endloop
  endfacet
  facet normal 0 0 -1
    outer loop
      vertex -3.43323e-07 2 0
      vertex 0.54 -11.012 0
      vertex 0.208346 -11.0447 0
    endloop
  endfacet
  facet normal 0 0 -1
    outer loop
      vertex 1.19056 80.7174 0
      vertex -3.43323e-07 75.8412 0
      vertex 0.871653 80.6207 0
    endloop
  endfacet
  facet normal 0 0 -1
    outer loop
      vertex 0.871653 80.6207 0
      vertex -3.43323e-07 75.8412 0
      vertex 0.54 80.588 0
    endloop
  endfacet
  facet normal 0 0 -1
    outer loop
      vertex -0.110563 -11.1414 0
      vertex -3.43323e-07 2 0
      vertex 0.208346 -11.0447 0
    endloop
  endfacet
  facet normal 0 0 -1
    outer loop
      vertex -5.96 2 0
      vertex -0.110563 -11.1414 0
      vertex -0.40447 -11.2985 0
    endloop
  endfacet
  facet normal 0 0 -1
    outer loop
      vertex -5.96 -12.712 0
      vertex -0.40447 -11.2985 0
      vertex -0.662082 -11.5099 0
    endloop
  endfacet
  facet normal 0 0 -1
    outer loop
      vertex -5.96 -12.712 0
      vertex -0.662082 -11.5099 0
      vertex -0.873499 -11.7675 0
    endloop
  endfacet
  facet normal 0 0 -1
    outer loop
      vertex -5.96 -12.712 0
      vertex -0.873499 -11.7675 0
      vertex -1.0306 -12.0614 0
    endloop
  endfacet
  facet normal 0 0 -1
    outer loop
      vertex -5.96 -12.712 0
      vertex -1.0306 -12.0614 0
      vertex -1.12734 -12.3803 0
    endloop
  endfacet
  facet normal 0 0 -1
    outer loop
      vertex -5.96 -12.712 0
      vertex -1.12734 -12.3803 0
      vertex -1.16 -12.712 0
    endloop
  endfacet
  facet normal -0 0 -1
    outer loop
      vertex -0.873499 -13.6565 0
      vertex -4.86455 -16.3232 0
      vertex -1.0306 -13.3626 0
    endloop
  endfacet
  facet normal 0 0 -1
    outer loop
      vertex -5.46522 -15.1994 0
      vertex -1.0306 -13.3626 0
      vertex -4.86455 -16.3232 0
    endloop
  endfacet
  facet normal -0 0 -1
    outer loop
      vertex -1.0306 -13.3626 0
      vertex -5.46522 -15.1994 0
      vertex -1.12734 -13.0437 0
    endloop
  endfacet
  facet normal 0 0 -1
    outer loop
      vertex -5.8351 -13.9801 0
      vertex -1.12734 -13.0437 0
      vertex -5.46522 -15.1994 0
    endloop
  endfacet
  facet normal -0 0 -1
    outer loop
      vertex -1.12734 -13.0437 0
      vertex -5.8351 -13.9801 0
      vertex -1.16 -12.712 0
    endloop
  endfacet
  facet normal -0 0 -1
    outer loop
      vertex -1.16 -12.712 0
      vertex -5.8351 -13.9801 0
      vertex -5.96 -12.712 0
    endloop
  endfacet
  facet normal -0 0 -1
    outer loop
      vertex -0.40447 -11.2985 0
      vertex -5.96 -12.712 0
      vertex -5.96 2 0
    endloop
  endfacet
  facet normal 0 0 -1
    outer loop
      vertex -0.110563 -11.1414 0
      vertex -5.96 2 0
      vertex -3.43323e-07 2 0
    endloop
  endfacet
  facet normal 0 0 -1
    outer loop
      vertex 6.9151 -13.9801 0
      vertex 2.20733 -13.0437 0
      vertex 2.24 -12.712 0
    endloop
  endfacet
  facet normal 0 0 -1
    outer loop
      vertex 6.54522 -15.1994 0
      vertex 2.11059 -13.3626 0
      vertex 2.20733 -13.0437 0
    endloop
  endfacet
  facet normal 0 0 -1
    outer loop
      vertex 5.94455 -16.3232 0
      vertex 1.9535 -13.6565 0
      vertex 2.11059 -13.3626 0
    endloop
  endfacet
  facet normal 0 0 -1
    outer loop
      vertex 1.19056 -14.2826 0
      vertex 3.02744 -18.7172 0
      vertex 1.80809 -19.0871 0
    endloop
  endfacet
  facet normal 0 0 -1
    outer loop
      vertex 5.13619 -17.3082 0
      vertex 1.74208 -13.9141 0
      vertex 1.9535 -13.6565 0
    endloop
  endfacet
  facet normal 0 0 -1
    outer loop
      vertex 4.15121 -18.1166 0
      vertex 1.48447 -14.1255 0
      vertex 1.74208 -13.9141 0
    endloop
  endfacet
  facet normal 0 0 -1
    outer loop
      vertex 3.02744 -18.7172 0
      vertex 1.19056 -14.2826 0
      vertex 1.48447 -14.1255 0
    endloop
  endfacet
  facet normal 0 0 -1
    outer loop
      vertex 1.80809 -19.0871 0
      vertex 0.871653 -14.3793 0
      vertex 1.19056 -14.2826 0
    endloop
  endfacet
  facet normal 0 0 -1
    outer loop
      vertex 0.54 -19.212 0
      vertex 0.871653 -14.3793 0
      vertex 1.80809 -19.0871 0
    endloop
  endfacet
  facet normal 0 0 -1
    outer loop
      vertex 0.54 -19.212 0
      vertex 0.54 -14.412 0
      vertex 0.871653 -14.3793 0
    endloop
  endfacet
  facet normal 0 0 -1
    outer loop
      vertex 0.54 -19.212 0
      vertex 0.208346 -14.3793 0
      vertex 0.54 -14.412 0
    endloop
  endfacet
  facet normal 0 0 -1
    outer loop
      vertex -0.728088 -19.0871 0
      vertex 0.208346 -14.3793 0
      vertex 0.54 -19.212 0
    endloop
  endfacet
  facet normal -0 0 -1
    outer loop
      vertex 0.208346 -14.3793 0
      vertex -0.728088 -19.0871 0
      vertex -0.110563 -14.2826 0
    endloop
  endfacet
  facet normal 0 0 -1
    outer loop
      vertex -1.94744 -18.7172 0
      vertex -0.110563 -14.2826 0
      vertex -0.728088 -19.0871 0
    endloop
  endfacet
  facet normal -0 0 -1
    outer loop
      vertex -0.110563 -14.2826 0
      vertex -1.94744 -18.7172 0
      vertex -0.40447 -14.1255 0
    endloop
  endfacet
  facet normal 0 0 -1
    outer loop
      vertex -3.07121 -18.1166 0
      vertex -0.40447 -14.1255 0
      vertex -1.94744 -18.7172 0
    endloop
  endfacet
  facet normal -0 0 -1
    outer loop
      vertex -0.40447 -14.1255 0
      vertex -3.07121 -18.1166 0
      vertex -0.662082 -13.9141 0
    endloop
  endfacet
  facet normal 0 0 -1
    outer loop
      vertex -4.05619 -17.3082 0
      vertex -0.662082 -13.9141 0
      vertex -3.07121 -18.1166 0
    endloop
  endfacet
  facet normal -0 0 -1
    outer loop
      vertex -0.662082 -13.9141 0
      vertex -4.05619 -17.3082 0
      vertex -0.873499 -13.6565 0
    endloop
  endfacet
  facet normal 0 0 -1
    outer loop
      vertex -4.86455 -16.3232 0
      vertex -0.873499 -13.6565 0
      vertex -4.05619 -17.3082 0
    endloop
  endfacet
  facet normal -0 0 -1
    outer loop
      vertex 0.54 80.588 0
      vertex -3.43323e-07 75.8412 0
      vertex 0.208346 80.6207 0
    endloop
  endfacet
  facet normal 0 0 -1
    outer loop
      vertex -0.728088 75.9129 0
      vertex 0.208346 80.6207 0
      vertex -3.43323e-07 75.8412 0
    endloop
  endfacet
  facet normal -0 0 -1
    outer loop
      vertex 0.208346 80.6207 0
      vertex -0.728088 75.9129 0
      vertex -0.110563 80.7174 0
    endloop
  endfacet
  facet normal 0 0 -1
    outer loop
      vertex -1.94744 76.2828 0
      vertex -0.110563 80.7174 0
      vertex -0.728088 75.9129 0
    endloop
  endfacet
  facet normal -0 0 -1
    outer loop
      vertex -0.110563 80.7174 0
      vertex -1.94744 76.2828 0
      vertex -0.40447 80.8745 0
    endloop
  endfacet
  facet normal 0 0 -1
    outer loop
      vertex -3.07121 76.8834 0
      vertex -0.40447 80.8745 0
      vertex -1.94744 76.2828 0
    endloop
  endfacet
  facet normal -0 0 -1
    outer loop
      vertex -0.40447 80.8745 0
      vertex -3.07121 76.8834 0
      vertex -0.662082 81.0859 0
    endloop
  endfacet
  facet normal 0 0 -1
    outer loop
      vertex -4.05619 77.6918 0
      vertex -0.662082 81.0859 0
      vertex -3.07121 76.8834 0
    endloop
  endfacet
  facet normal -0 0 -1
    outer loop
      vertex -0.662082 81.0859 0
      vertex -4.05619 77.6918 0
      vertex -0.873499 81.3435 0
    endloop
  endfacet
  facet normal 0 0 -1
    outer loop
      vertex -4.86455 78.6768 0
      vertex -0.873499 81.3435 0
      vertex -4.05619 77.6918 0
    endloop
  endfacet
  facet normal -0 0 -1
    outer loop
      vertex 0.54 145.588 0
      vertex -3.43323e-07 140.841 0
      vertex 0.208346 145.621 0
    endloop
  endfacet
  facet normal 0 0 -1
    outer loop
      vertex -0.728088 140.913 0
      vertex 0.208346 145.621 0
      vertex -3.43323e-07 140.841 0
    endloop
  endfacet
  facet normal -0 0 -1
    outer loop
      vertex 0.208346 145.621 0
      vertex -0.728088 140.913 0
      vertex -0.110563 145.717 0
    endloop
  endfacet
  facet normal 0 0 -1
    outer loop
      vertex -1.94744 141.283 0
      vertex -0.110563 145.717 0
      vertex -0.728088 140.913 0
    endloop
  endfacet
  facet normal -0 0 -1
    outer loop
      vertex -0.110563 145.717 0
      vertex -1.94744 141.283 0
      vertex -0.40447 145.874 0
    endloop
  endfacet
  facet normal 0 0 -1
    outer loop
      vertex -3.07121 141.883 0
      vertex -0.40447 145.874 0
      vertex -1.94744 141.283 0
    endloop
  endfacet
  facet normal -0 0 -1
    outer loop
      vertex -0.40447 145.874 0
      vertex -3.07121 141.883 0
      vertex -0.662082 146.086 0
    endloop
  endfacet
  facet normal 0 0 -1
    outer loop
      vertex -4.05619 142.692 0
      vertex -0.662082 146.086 0
      vertex -3.07121 141.883 0
    endloop
  endfacet
  facet normal -0 0 -1
    outer loop
      vertex -0.662082 146.086 0
      vertex -4.05619 142.692 0
      vertex -0.873499 146.344 0
    endloop
  endfacet
  facet normal 0 0 -1
    outer loop
      vertex -4.86455 143.677 0
      vertex -0.873499 146.344 0
      vertex -4.05619 142.692 0
    endloop
  endfacet
  facet normal 0 0 -1
    outer loop
      vertex 218.14 -10.112 0
      vertex 150.44 -1 0
      vertex 210.94 7.56 0
    endloop
  endfacet
  facet normal 0 0 -1
    outer loop
      vertex 218.14 -10.112 0
      vertex 70.44 -1 0
      vertex 150.44 -1 0
    endloop
  endfacet
  facet normal 0 0 -1
    outer loop
      vertex 70.44 -1 0
      vertex 9.94 7.56 0
      vertex 70.44 7.56 0
    endloop
  endfacet
  facet normal -0 0 -1
    outer loop
      vertex 9.94 7.56 0
      vertex 7.04 -10.112 0
      vertex 9.94 157.06 0
    endloop
  endfacet
  facet normal -0 0 -1
    outer loop
      vertex 70.44 -1 0
      vertex 7.04 -10.112 0
      vertex 9.94 7.56 0
    endloop
  endfacet
  facet normal 0 0 -1
    outer loop
      vertex 7.04 -10.112 0
      vertex 70.44 -1 0
      vertex 218.14 -10.112 0
    endloop
  endfacet
  facet normal -0 0 -1
    outer loop
      vertex 210.94 7.56 0
      vertex 150.44 -1 0
      vertex 150.44 7.56 0
    endloop
  endfacet
  facet normal 0 0 -1
    outer loop
      vertex 231.015 -13.9801 0
      vertex 226.307 -13.0437 0
      vertex 226.34 -12.712 0
    endloop
  endfacet
  facet normal 0 0 -1
    outer loop
      vertex 228.251 -18.1166 0
      vertex 226.211 -13.3626 0
      vertex 226.307 -13.0437 0
    endloop
  endfacet
  facet normal 0 0 -1
    outer loop
      vertex 228.251 -18.1166 0
      vertex 226.053 -13.6565 0
      vertex 226.211 -13.3626 0
    endloop
  endfacet
  facet normal 0 0 -1
    outer loop
      vertex 225.291 -14.2826 0
      vertex 227.127 -18.7172 0
      vertex 225.908 -19.0871 0
    endloop
  endfacet
  facet normal 0 0 -1
    outer loop
      vertex 228.251 -18.1166 0
      vertex 225.842 -13.9141 0
      vertex 226.053 -13.6565 0
    endloop
  endfacet
  facet normal 0 0 -1
    outer loop
      vertex 228.251 -18.1166 0
      vertex 225.584 -14.1255 0
      vertex 225.842 -13.9141 0
    endloop
  endfacet
  facet normal 0 0 -1
    outer loop
      vertex 227.127 -18.7172 0
      vertex 225.291 -14.2826 0
      vertex 225.584 -14.1255 0
    endloop
  endfacet
  facet normal 0 0 -1
    outer loop
      vertex 225.908 -19.0871 0
      vertex 224.972 -14.3793 0
      vertex 225.291 -14.2826 0
    endloop
  endfacet
  facet normal 0 0 -1
    outer loop
      vertex 224.64 -19.212 0
      vertex 224.972 -14.3793 0
      vertex 225.908 -19.0871 0
    endloop
  endfacet
  facet normal 0 0 -1
    outer loop
      vertex 224.64 -19.212 0
      vertex 224.64 -14.412 0
      vertex 224.972 -14.3793 0
    endloop
  endfacet
  facet normal 0 0 -1
    outer loop
      vertex 224.64 -19.212 0
      vertex 224.308 -14.3793 0
      vertex 224.64 -14.412 0
    endloop
  endfacet
  facet normal 0 0 -1
    outer loop
      vertex 223.372 -19.0871 0
      vertex 224.308 -14.3793 0
      vertex 224.64 -19.212 0
    endloop
  endfacet
  facet normal -0 0 -1
    outer loop
      vertex 224.308 -14.3793 0
      vertex 223.372 -19.0871 0
      vertex 223.989 -14.2826 0
    endloop
  endfacet
  facet normal 0 0 -1
    outer loop
      vertex 222.153 -18.7172 0
      vertex 223.989 -14.2826 0
      vertex 223.372 -19.0871 0
    endloop
  endfacet
  facet normal -0 0 -1
    outer loop
      vertex 223.989 -14.2826 0
      vertex 222.153 -18.7172 0
      vertex 223.696 -14.1255 0
    endloop
  endfacet
  facet normal 0 0 -1
    outer loop
      vertex 221.029 -18.1166 0
      vertex 223.696 -14.1255 0
      vertex 222.153 -18.7172 0
    endloop
  endfacet
  facet normal -0 0 -1
    outer loop
      vertex 223.696 -14.1255 0
      vertex 221.029 -18.1166 0
      vertex 223.438 -13.9141 0
    endloop
  endfacet
  facet normal 0 0 -1
    outer loop
      vertex 220.044 -17.3082 0
      vertex 223.438 -13.9141 0
      vertex 221.029 -18.1166 0
    endloop
  endfacet
  facet normal -0 0 -1
    outer loop
      vertex 223.438 -13.9141 0
      vertex 220.044 -17.3082 0
      vertex 223.227 -13.6565 0
    endloop
  endfacet
  facet normal 0 0 -1
    outer loop
      vertex 219.235 -16.3232 0
      vertex 223.227 -13.6565 0
      vertex 220.044 -17.3082 0
    endloop
  endfacet
  facet normal 0 0 -1
    outer loop
      vertex 226.34 -12.712 0
      vertex 231.14 -12.712 0
      vertex 231.015 -13.9801 0
    endloop
  endfacet
  facet normal 0 0 -1
    outer loop
      vertex 226.307 -13.0437 0
      vertex 231.015 -13.9801 0
      vertex 230.645 -15.1994 0
    endloop
  endfacet
  facet normal 0 0 -1
    outer loop
      vertex 226.307 -13.0437 0
      vertex 230.645 -15.1994 0
      vertex 230.045 -16.3232 0
    endloop
  endfacet
  facet normal 0 0 -1
    outer loop
      vertex 226.307 -13.0437 0
      vertex 230.045 -16.3232 0
      vertex 229.236 -17.3082 0
    endloop
  endfacet
  facet normal 0 0 -1
    outer loop
      vertex 226.307 -13.0437 0
      vertex 229.236 -17.3082 0
      vertex 228.251 -18.1166 0
    endloop
  endfacet
  facet normal 0 0 -1
    outer loop
      vertex 225.584 -14.1255 0
      vertex 228.251 -18.1166 0
      vertex 227.127 -18.7172 0
    endloop
  endfacet
  facet normal 0 0 -1
    outer loop
      vertex 231.14 -12.712 0
      vertex 226.34 -12.712 0
      vertex 226.307 -12.3803 0
    endloop
  endfacet
  facet normal 0 0 -1
    outer loop
      vertex 231.14 -12.712 0
      vertex 226.307 -12.3803 0
      vertex 226.211 -12.0614 0
    endloop
  endfacet
  facet normal 0 0 -1
    outer loop
      vertex 231.14 -12.712 0
      vertex 226.211 -12.0614 0
      vertex 226.053 -11.7675 0
    endloop
  endfacet
  facet normal 0 0 -1
    outer loop
      vertex 231.14 -12.712 0
      vertex 226.053 -11.7675 0
      vertex 225.842 -11.5099 0
    endloop
  endfacet
  facet normal 0 0 -1
    outer loop
      vertex 225.584 -11.2985 0
      vertex 231.14 -12.712 0
      vertex 225.842 -11.5099 0
    endloop
  endfacet
  facet normal 0 0 -1
    outer loop
      vertex 231.14 -12.712 0
      vertex 225.584 -11.2985 0
      vertex 231.14 2 0
    endloop
  endfacet
  facet normal 0 0 -1
    outer loop
      vertex 225.291 -11.1414 0
      vertex 231.14 2 0
      vertex 225.584 -11.2985 0
    endloop
  endfacet
  facet normal 0 0 -1
    outer loop
      vertex 224.972 -11.0447 0
      vertex 231.14 2 0
      vertex 225.291 -11.1414 0
    endloop
  endfacet
  facet normal 0 0 -1
    outer loop
      vertex 220.88 2 0
      vertex 224.972 -11.0447 0
      vertex 224.64 -11.012 0
    endloop
  endfacet
  facet normal 0 0 -1
    outer loop
      vertex 220.88 2 0
      vertex 224.64 -11.012 0
      vertex 224.308 -11.0447 0
    endloop
  endfacet
  facet normal 0 0 -1
    outer loop
      vertex 220.88 2 0
      vertex 224.308 -11.0447 0
      vertex 223.989 -11.1414 0
    endloop
  endfacet
  facet normal 0 0 -1
    outer loop
      vertex 218.14 -10.112 0
      vertex 223.989 -11.1414 0
      vertex 223.696 -11.2985 0
    endloop
  endfacet
  facet normal 0 0 -1
    outer loop
      vertex 218.14 -10.112 0
      vertex 223.696 -11.2985 0
      vertex 223.438 -11.5099 0
    endloop
  endfacet
  facet normal 0 0 -1
    outer loop
      vertex 223.069 -12.0614 0
      vertex 218.14 -10.112 0
      vertex 223.227 -11.7675 0
    endloop
  endfacet
  facet normal -0 0 -1
    outer loop
      vertex 223.227 -13.6565 0
      vertex 219.235 -16.3232 0
      vertex 223.069 -13.3626 0
    endloop
  endfacet
  facet normal 0 0 -1
    outer loop
      vertex 218.635 -15.1994 0
      vertex 223.069 -13.3626 0
      vertex 219.235 -16.3232 0
    endloop
  endfacet
  facet normal -0 0 -1
    outer loop
      vertex 223.069 -13.3626 0
      vertex 218.635 -15.1994 0
      vertex 222.973 -13.0437 0
    endloop
  endfacet
  facet normal 0 0 -1
    outer loop
      vertex 224.972 -11.0447 0
      vertex 220.88 2 0
      vertex 231.14 2 0
    endloop
  endfacet
  facet normal 0 0 -1
    outer loop
      vertex 218.14 -10.112 0
      vertex 222.973 -12.3803 0
      vertex 218.265 -13.9801 0
    endloop
  endfacet
  facet normal 0 0 -1
    outer loop
      vertex 218.265 -13.9801 0
      vertex 222.973 -13.0437 0
      vertex 218.635 -15.1994 0
    endloop
  endfacet
  facet normal 0 0 -1
    outer loop
      vertex 210.94 7.56 0
      vertex 220.88 75.8412 0
      vertex 220.88 2 0
    endloop
  endfacet
  facet normal 0 0 -1
    outer loop
      vertex 220.88 75.8412 0
      vertex 220.34 80.588 0
      vertex 220.672 80.6207 0
    endloop
  endfacet
  facet normal -0 0 -1
    outer loop
      vertex 222.973 -13.0437 0
      vertex 218.265 -13.9801 0
      vertex 222.94 -12.712 0
    endloop
  endfacet
  facet normal 0 0 -1
    outer loop
      vertex 222.973 -12.3803 0
      vertex 218.14 -10.112 0
      vertex 223.069 -12.0614 0
    endloop
  endfacet
  facet normal 0 0 -1
    outer loop
      vertex 223.227 -11.7675 0
      vertex 218.14 -10.112 0
      vertex 223.438 -11.5099 0
    endloop
  endfacet
  facet normal 0 0 -1
    outer loop
      vertex 220.88 75.8412 0
      vertex 220.008 80.6207 0
      vertex 220.34 80.588 0
    endloop
  endfacet
  facet normal 0 0 -1
    outer loop
      vertex 220.88 75.8412 0
      vertex 219.689 80.7174 0
      vertex 220.008 80.6207 0
    endloop
  endfacet
  facet normal -0 0 -1
    outer loop
      vertex 222.94 -12.712 0
      vertex 218.265 -13.9801 0
      vertex 222.973 -12.3803 0
    endloop
  endfacet
  facet normal 0 0 -1
    outer loop
      vertex 220.88 75.8412 0
      vertex 219.396 80.8745 0
      vertex 219.689 80.7174 0
    endloop
  endfacet
  facet normal 0 0 -1
    outer loop
      vertex 220.88 75.8412 0
      vertex 219.138 81.0859 0
      vertex 219.396 80.8745 0
    endloop
  endfacet
  facet normal 0 0 -1
    outer loop
      vertex 220.88 75.8412 0
      vertex 218.926 81.3435 0
      vertex 219.138 81.0859 0
    endloop
  endfacet
  facet normal 0 0 -1
    outer loop
      vertex 220.88 75.8412 0
      vertex 218.769 81.6374 0
      vertex 218.926 81.3435 0
    endloop
  endfacet
  facet normal -0 0 -1
    outer loop
      vertex 220.88 75.8412 0
      vertex 210.94 7.56 0
      vertex 218.769 81.6374 0
    endloop
  endfacet
  facet normal 0 0 -1
    outer loop
      vertex 210.94 7.56 0
      vertex 220.88 2 0
      vertex 218.14 -10.112 0
    endloop
  endfacet
  facet normal 0 0 -1
    outer loop
      vertex 223.989 -11.1414 0
      vertex 218.14 -10.112 0
      vertex 220.88 2 0
    endloop
  endfacet
  facet normal 0.995184 -0.0980195 0
    outer loop
      vertex 6.9151 -13.9801 4
      vertex 7.04 -12.712 0
      vertex 7.04 -12.712 4
    endloop
  endfacet
  facet normal 0.995184 -0.0980195 0
    outer loop
      vertex 7.04 -12.712 0
      vertex 6.9151 -13.9801 4
      vertex 6.9151 -13.9801 0
    endloop
  endfacet
  facet normal -0.0980204 -0.995184 0
    outer loop
      vertex -0.728088 -19.0871 0
      vertex 0.54 -19.212 4
      vertex -0.728088 -19.0871 4
    endloop
  endfacet
  facet normal -0.0980204 -0.995184 -0
    outer loop
      vertex 0.54 -19.212 4
      vertex -0.728088 -19.0871 0
      vertex 0.54 -19.212 0
    endloop
  endfacet
  facet normal -0.995184 -0.0980195 0
    outer loop
      vertex -5.8351 -13.9801 0
      vertex -5.96 -12.712 4
      vertex -5.96 -12.712 0
    endloop
  endfacet
  facet normal -0.995184 -0.0980195 0
    outer loop
      vertex -5.96 -12.712 4
      vertex -5.8351 -13.9801 0
      vertex -5.8351 -13.9801 4
    endloop
  endfacet
  facet normal 0.290295 -0.956937 0
    outer loop
      vertex 1.80809 -19.0871 0
      vertex 3.02744 -18.7172 4
      vertex 1.80809 -19.0871 4
    endloop
  endfacet
  facet normal 0.290295 -0.956937 0
    outer loop
      vertex 3.02744 -18.7172 4
      vertex 1.80809 -19.0871 0
      vertex 3.02744 -18.7172 0
    endloop
  endfacet
  facet normal 0.881926 -0.471388 0
    outer loop
      vertex 5.94455 -16.3232 4
      vertex 6.54522 -15.1994 0
      vertex 6.54522 -15.1994 4
    endloop
  endfacet
  facet normal 0.881926 -0.471388 0
    outer loop
      vertex 6.54522 -15.1994 0
      vertex 5.94455 -16.3232 4
      vertex 5.94455 -16.3232 0
    endloop
  endfacet
  facet normal 0.956938 -0.290291 0
    outer loop
      vertex 6.54522 -15.1994 4
      vertex 6.9151 -13.9801 0
      vertex 6.9151 -13.9801 4
    endloop
  endfacet
  facet normal 0.956938 -0.290291 0
    outer loop
      vertex 6.9151 -13.9801 0
      vertex 6.54522 -15.1994 4
      vertex 6.54522 -15.1994 0
    endloop
  endfacet
  facet normal 0.471355 -0.881943 0
    outer loop
      vertex 3.02744 -18.7172 0
      vertex 4.15121 -18.1166 4
      vertex 3.02744 -18.7172 4
    endloop
  endfacet
  facet normal 0.471355 -0.881943 0
    outer loop
      vertex 4.15121 -18.1166 4
      vertex 3.02744 -18.7172 0
      vertex 4.15121 -18.1166 0
    endloop
  endfacet
  facet normal 0.634416 -0.772992 0
    outer loop
      vertex 4.15121 -18.1166 0
      vertex 5.13619 -17.3082 4
      vertex 4.15121 -18.1166 4
    endloop
  endfacet
  facet normal 0.634416 -0.772992 0
    outer loop
      vertex 5.13619 -17.3082 4
      vertex 4.15121 -18.1166 0
      vertex 5.13619 -17.3082 0
    endloop
  endfacet
  facet normal 0.0980203 -0.995184 0
    outer loop
      vertex 0.54 -19.212 0
      vertex 1.80809 -19.0871 4
      vertex 0.54 -19.212 4
    endloop
  endfacet
  facet normal 0.0980203 -0.995184 0
    outer loop
      vertex 1.80809 -19.0871 4
      vertex 0.54 -19.212 0
      vertex 1.80809 -19.0871 0
    endloop
  endfacet
  facet normal -0.471355 -0.881943 0
    outer loop
      vertex -3.07121 -18.1166 0
      vertex -1.94744 -18.7172 4
      vertex -3.07121 -18.1166 4
    endloop
  endfacet
  facet normal -0.471355 -0.881943 -0
    outer loop
      vertex -1.94744 -18.7172 4
      vertex -3.07121 -18.1166 0
      vertex -1.94744 -18.7172 0
    endloop
  endfacet
  facet normal -0.773014 -0.634389 0
    outer loop
      vertex -4.05619 -17.3082 0
      vertex -4.86455 -16.3232 4
      vertex -4.86455 -16.3232 0
    endloop
  endfacet
  facet normal -0.773014 -0.634389 0
    outer loop
      vertex -4.86455 -16.3232 4
      vertex -4.05619 -17.3082 0
      vertex -4.05619 -17.3082 4
    endloop
  endfacet
  facet normal -0.956938 -0.290291 0
    outer loop
      vertex -5.46522 -15.1994 0
      vertex -5.8351 -13.9801 4
      vertex -5.8351 -13.9801 0
    endloop
  endfacet
  facet normal -0.956938 -0.290291 0
    outer loop
      vertex -5.8351 -13.9801 4
      vertex -5.46522 -15.1994 0
      vertex -5.46522 -15.1994 4
    endloop
  endfacet
  facet normal -0.634416 -0.772992 0
    outer loop
      vertex -4.05619 -17.3082 0
      vertex -3.07121 -18.1166 4
      vertex -4.05619 -17.3082 4
    endloop
  endfacet
  facet normal -0.634416 -0.772992 -0
    outer loop
      vertex -3.07121 -18.1166 4
      vertex -4.05619 -17.3082 0
      vertex -3.07121 -18.1166 0
    endloop
  endfacet
  facet normal -0 0 1
    outer loop
      vertex 215.18 162.42 4
      vertex 220.88 153.735 4
      vertex 220.88 173.12 4
    endloop
  endfacet
  facet normal 0 -0 1
    outer loop
      vertex 218.926 148.232 4
      vertex 220.88 153.735 4
      vertex 215.18 162.42 4
    endloop
  endfacet
  facet normal 0 0 1
    outer loop
      vertex 220.88 153.735 4
      vertex 220.34 148.988 4
      vertex 220.672 148.955 4
    endloop
  endfacet
  facet normal 0 0 1
    outer loop
      vertex 220.88 153.735 4
      vertex 220.008 148.955 4
      vertex 220.34 148.988 4
    endloop
  endfacet
  facet normal 0 0 1
    outer loop
      vertex 220.88 153.735 4
      vertex 219.689 148.859 4
      vertex 220.008 148.955 4
    endloop
  endfacet
  facet normal 0 0 1
    outer loop
      vertex 220.88 153.735 4
      vertex 219.396 148.701 4
      vertex 219.689 148.859 4
    endloop
  endfacet
  facet normal 0 0 1
    outer loop
      vertex 220.88 153.735 4
      vertex 219.138 148.49 4
      vertex 219.396 148.701 4
    endloop
  endfacet
  facet normal 0 0 1
    outer loop
      vertex 220.88 153.735 4
      vertex 218.926 148.232 4
      vertex 219.138 148.49 4
    endloop
  endfacet
  facet normal 0 0 1
    outer loop
      vertex 218.926 148.232 4
      vertex 215.18 162.42 4
      vertex 218.769 147.939 4
    endloop
  endfacet
  facet normal 0 0 1
    outer loop
      vertex 218.769 147.939 4
      vertex 215.18 162.42 4
      vertex 218.673 147.62 4
    endloop
  endfacet
  facet normal 0 0 1
    outer loop
      vertex 218.769 82.9386 4
      vertex 215.18 99.7 4
      vertex 218.673 82.6197 4
    endloop
  endfacet
  facet normal 0 0 1
    outer loop
      vertex 216.98 4.7 4
      vertex 218.64 82.288 4
      vertex 216.98 74.7 4
    endloop
  endfacet
  facet normal -0 0 1
    outer loop
      vertex 218.14 -12.712 4
      vertex 218.635 -15.1994 4
      vertex 218.14 -10.112 4
    endloop
  endfacet
  facet normal 0 0 1
    outer loop
      vertex 216.98 99.7 4
      vertex 218.64 147.288 4
      vertex 216.98 139.7 4
    endloop
  endfacet
  facet normal 0 0 1
    outer loop
      vertex 215.18 139.7 4
      vertex 218.673 147.62 4
      vertex 215.18 162.42 4
    endloop
  endfacet
  facet normal 0 0 1
    outer loop
      vertex 218.673 147.62 4
      vertex 215.18 139.7 4
      vertex 218.64 147.288 4
    endloop
  endfacet
  facet normal 0 0 1
    outer loop
      vertex 220.88 173.12 4
      vertex 211.18 162.42 4
      vertex 215.18 162.42 4
    endloop
  endfacet
  facet normal 0 0 1
    outer loop
      vertex 211.18 162.42 4
      vertex 210.94 157.06 4
      vertex 211.18 4.7 4
    endloop
  endfacet
  facet normal -0 0 1
    outer loop
      vertex 170.44 167.42 4
      vertex 211.18 162.42 4
      vertex 170.44 169.22 4
    endloop
  endfacet
  facet normal 0 0 1
    outer loop
      vertex 220.88 173.12 4
      vertex 170.44 169.22 4
      vertex 211.18 162.42 4
    endloop
  endfacet
  facet normal 0 0 1
    outer loop
      vertex 220.88 173.12 4
      vertex 50.44 169.22 4
      vertex 170.44 169.22 4
    endloop
  endfacet
  facet normal 0 0 1
    outer loop
      vertex 9.7 162.42 4
      vertex 50.44 167.42 4
      vertex 50.44 169.22 4
    endloop
  endfacet
  facet normal 0 0 1
    outer loop
      vertex 9.7 4.7 4
      vertex 9.94 157.06 4
      vertex 9.7 162.42 4
    endloop
  endfacet
  facet normal 0 0 1
    outer loop
      vertex 50.44 167.42 4
      vertex 9.7 162.42 4
      vertex 9.94 157.06 4
    endloop
  endfacet
  facet normal 0 0 1
    outer loop
      vertex -3.43323e-07 173.12 4
      vertex 9.7 162.42 4
      vertex 50.44 169.22 4
    endloop
  endfacet
  facet normal -0 0 1
    outer loop
      vertex 2.20733 147.62 4
      vertex 5.7 139.7 4
      vertex 5.7 162.42 4
    endloop
  endfacet
  facet normal 0 0 1
    outer loop
      vertex -3.43323e-07 140.841 4
      vertex 3.9 99.7 4
      vertex 3.9 139.7 4
    endloop
  endfacet
  facet normal 0 0 1
    outer loop
      vertex 3.9 99.7 4
      vertex 2.20733 82.6197 4
      vertex 3.9 74.7 4
    endloop
  endfacet
  facet normal -0 0 1
    outer loop
      vertex 2.20733 81.9563 4
      vertex 3.9 74.7 4
      vertex 2.24 82.288 4
    endloop
  endfacet
  facet normal -0 0 1
    outer loop
      vertex 2.11059 146.637 4
      vertex 5.7 139.7 4
      vertex 2.20733 146.956 4
    endloop
  endfacet
  facet normal -0 0 1
    outer loop
      vertex 2.20733 146.956 4
      vertex 5.7 139.7 4
      vertex 2.24 147.288 4
    endloop
  endfacet
  facet normal 0 0 1
    outer loop
      vertex 5.7 139.7 4
      vertex 2.20733 147.62 4
      vertex 2.24 147.288 4
    endloop
  endfacet
  facet normal 0 0 1
    outer loop
      vertex 5.7 162.42 4
      vertex 2.11059 147.939 4
      vertex 2.20733 147.62 4
    endloop
  endfacet
  facet normal 0 0 1
    outer loop
      vertex 5.7 162.42 4
      vertex 1.9535 148.232 4
      vertex 2.11059 147.939 4
    endloop
  endfacet
  facet normal -0 0 1
    outer loop
      vertex -3.43323e-07 153.735 4
      vertex 1.9535 148.232 4
      vertex 5.7 162.42 4
    endloop
  endfacet
  facet normal 0 0 1
    outer loop
      vertex 1.9535 148.232 4
      vertex -3.43323e-07 153.735 4
      vertex 1.74208 148.49 4
    endloop
  endfacet
  facet normal 0 0 1
    outer loop
      vertex 1.74208 148.49 4
      vertex -3.43323e-07 153.735 4
      vertex 1.48447 148.701 4
    endloop
  endfacet
  facet normal 0 0 1
    outer loop
      vertex 1.48447 148.701 4
      vertex -3.43323e-07 153.735 4
      vertex 1.19056 148.859 4
    endloop
  endfacet
  facet normal 0 0 1
    outer loop
      vertex 1.19056 148.859 4
      vertex -3.43323e-07 153.735 4
      vertex 0.871653 148.955 4
    endloop
  endfacet
  facet normal 0 0 1
    outer loop
      vertex 0.871653 148.955 4
      vertex -3.43323e-07 153.735 4
      vertex 0.54 148.988 4
    endloop
  endfacet
  facet normal -0 0 1
    outer loop
      vertex -3.43323e-07 173.12 4
      vertex 50.44 169.22 4
      vertex 220.88 173.12 4
    endloop
  endfacet
  facet normal 0 0 1
    outer loop
      vertex 9.7 162.42 4
      vertex -3.43323e-07 173.12 4
      vertex 5.7 162.42 4
    endloop
  endfacet
  facet normal 0 0 1
    outer loop
      vertex -3.43323e-07 153.735 4
      vertex 5.7 162.42 4
      vertex -3.43323e-07 173.12 4
    endloop
  endfacet
  facet normal 0 0 1
    outer loop
      vertex 0.54 148.988 4
      vertex -3.43323e-07 153.735 4
      vertex 0.208346 148.955 4
    endloop
  endfacet
  facet normal -0 0 1
    outer loop
      vertex -0.728088 153.663 4
      vertex 0.208346 148.955 4
      vertex -3.43323e-07 153.735 4
    endloop
  endfacet
  facet normal 0 0 1
    outer loop
      vertex 0.208346 148.955 4
      vertex -0.728088 153.663 4
      vertex -0.110563 148.859 4
    endloop
  endfacet
  facet normal -0 0 1
    outer loop
      vertex -1.94744 153.293 4
      vertex -0.110563 148.859 4
      vertex -0.728088 153.663 4
    endloop
  endfacet
  facet normal 0 0 1
    outer loop
      vertex -0.110563 148.859 4
      vertex -1.94744 153.293 4
      vertex -0.40447 148.701 4
    endloop
  endfacet
  facet normal -0 0 1
    outer loop
      vertex -3.07121 152.693 4
      vertex -0.40447 148.701 4
      vertex -1.94744 153.293 4
    endloop
  endfacet
  facet normal 0 0 1
    outer loop
      vertex -0.40447 148.701 4
      vertex -3.07121 152.693 4
      vertex -0.662082 148.49 4
    endloop
  endfacet
  facet normal -0 0 1
    outer loop
      vertex -4.05619 151.884 4
      vertex -0.662082 148.49 4
      vertex -3.07121 152.693 4
    endloop
  endfacet
  facet normal 0 0 1
    outer loop
      vertex -0.662082 148.49 4
      vertex -4.05619 151.884 4
      vertex -0.873499 148.232 4
    endloop
  endfacet
  facet normal -0 0 1
    outer loop
      vertex -4.86455 150.899 4
      vertex -0.873499 148.232 4
      vertex -4.05619 151.884 4
    endloop
  endfacet
  facet normal 0 0 1
    outer loop
      vertex 222.04 147.288 4
      vertex 226.84 147.288 4
      vertex 226.715 148.556 4
    endloop
  endfacet
  facet normal 0 0 1
    outer loop
      vertex 222.007 147.62 4
      vertex 226.715 148.556 4
      vertex 226.345 149.775 4
    endloop
  endfacet
  facet normal 0 0 1
    outer loop
      vertex 226.84 147.288 4
      vertex 222.04 147.288 4
      vertex 226.715 146.02 4
    endloop
  endfacet
  facet normal 0 0 1
    outer loop
      vertex 221.911 147.939 4
      vertex 226.345 149.775 4
      vertex 225.745 150.899 4
    endloop
  endfacet
  facet normal -0 0 1
    outer loop
      vertex 222.007 146.956 4
      vertex 226.715 146.02 4
      vertex 222.04 147.288 4
    endloop
  endfacet
  facet normal 0 0 1
    outer loop
      vertex 221.753 148.232 4
      vertex 225.745 150.899 4
      vertex 224.936 151.884 4
    endloop
  endfacet
  facet normal 0 0 1
    outer loop
      vertex 226.715 146.02 4
      vertex 222.007 146.956 4
      vertex 226.345 144.801 4
    endloop
  endfacet
  facet normal 0 0 1
    outer loop
      vertex 221.542 148.49 4
      vertex 224.936 151.884 4
      vertex 223.951 152.693 4
    endloop
  endfacet
  facet normal -0 0 1
    outer loop
      vertex 221.911 146.637 4
      vertex 226.345 144.801 4
      vertex 222.007 146.956 4
    endloop
  endfacet
  facet normal 0 0 1
    outer loop
      vertex 221.284 148.701 4
      vertex 223.951 152.693 4
      vertex 222.827 153.293 4
    endloop
  endfacet
  facet normal 0 0 1
    outer loop
      vertex 226.345 144.801 4
      vertex 221.911 146.637 4
      vertex 225.745 143.677 4
    endloop
  endfacet
  facet normal -0 0 1
    outer loop
      vertex 221.753 146.344 4
      vertex 225.745 143.677 4
      vertex 221.911 146.637 4
    endloop
  endfacet
  facet normal 0 0 1
    outer loop
      vertex 226.715 148.556 4
      vertex 222.007 147.62 4
      vertex 222.04 147.288 4
    endloop
  endfacet
  facet normal 0 0 1
    outer loop
      vertex 226.345 149.775 4
      vertex 221.911 147.939 4
      vertex 222.007 147.62 4
    endloop
  endfacet
  facet normal 0 0 1
    outer loop
      vertex 225.745 150.899 4
      vertex 221.753 148.232 4
      vertex 221.911 147.939 4
    endloop
  endfacet
  facet normal 0 0 1
    outer loop
      vertex 220.991 148.859 4
      vertex 222.827 153.293 4
      vertex 221.608 153.663 4
    endloop
  endfacet
  facet normal 0 0 1
    outer loop
      vertex 224.936 151.884 4
      vertex 221.542 148.49 4
      vertex 221.753 148.232 4
    endloop
  endfacet
  facet normal 0 0 1
    outer loop
      vertex 223.951 152.693 4
      vertex 221.284 148.701 4
      vertex 221.542 148.49 4
    endloop
  endfacet
  facet normal 0 0 1
    outer loop
      vertex 222.827 153.293 4
      vertex 220.991 148.859 4
      vertex 221.284 148.701 4
    endloop
  endfacet
  facet normal 0 0 1
    outer loop
      vertex 220.672 148.955 4
      vertex 221.608 153.663 4
      vertex 220.88 153.735 4
    endloop
  endfacet
  facet normal 0 0 1
    outer loop
      vertex 221.608 153.663 4
      vertex 220.672 148.955 4
      vertex 220.991 148.859 4
    endloop
  endfacet
  facet normal 0 0 1
    outer loop
      vertex 225.745 143.677 4
      vertex 221.753 146.344 4
      vertex 224.936 142.692 4
    endloop
  endfacet
  facet normal -0 0 1
    outer loop
      vertex 221.542 146.086 4
      vertex 224.936 142.692 4
      vertex 221.753 146.344 4
    endloop
  endfacet
  facet normal 0 0 1
    outer loop
      vertex 224.936 142.692 4
      vertex 221.542 146.086 4
      vertex 223.951 141.883 4
    endloop
  endfacet
  facet normal -0 0 1
    outer loop
      vertex 221.284 145.874 4
      vertex 223.951 141.883 4
      vertex 221.542 146.086 4
    endloop
  endfacet
  facet normal 0 0 1
    outer loop
      vertex 223.951 141.883 4
      vertex 221.284 145.874 4
      vertex 222.827 141.283 4
    endloop
  endfacet
  facet normal -0 0 1
    outer loop
      vertex 220.991 145.717 4
      vertex 222.827 141.283 4
      vertex 221.284 145.874 4
    endloop
  endfacet
  facet normal 0 0 1
    outer loop
      vertex 222.827 141.283 4
      vertex 220.991 145.717 4
      vertex 221.608 140.913 4
    endloop
  endfacet
  facet normal -0 0 1
    outer loop
      vertex 220.672 145.621 4
      vertex 221.608 140.913 4
      vertex 220.991 145.717 4
    endloop
  endfacet
  facet normal -0 0 1
    outer loop
      vertex 220.34 145.588 4
      vertex 220.88 140.841 4
      vertex 220.672 145.621 4
    endloop
  endfacet
  facet normal 0 0 1
    outer loop
      vertex 221.608 140.913 4
      vertex 220.672 145.621 4
      vertex 220.88 140.841 4
    endloop
  endfacet
  facet normal 0 0 1
    outer loop
      vertex 222.04 82.288 4
      vertex 226.84 82.288 4
      vertex 226.715 83.5561 4
    endloop
  endfacet
  facet normal 0 0 1
    outer loop
      vertex 222.007 82.6197 4
      vertex 226.715 83.5561 4
      vertex 226.345 84.7754 4
    endloop
  endfacet
  facet normal 0 0 1
    outer loop
      vertex 226.84 82.288 4
      vertex 222.04 82.288 4
      vertex 226.715 81.0199 4
    endloop
  endfacet
  facet normal 0 0 1
    outer loop
      vertex 221.911 82.9386 4
      vertex 226.345 84.7754 4
      vertex 225.745 85.8992 4
    endloop
  endfacet
  facet normal -0 0 1
    outer loop
      vertex 222.007 81.9563 4
      vertex 226.715 81.0199 4
      vertex 222.04 82.288 4
    endloop
  endfacet
  facet normal 0 0 1
    outer loop
      vertex 221.753 83.2325 4
      vertex 225.745 85.8992 4
      vertex 224.936 86.8842 4
    endloop
  endfacet
  facet normal 0 0 1
    outer loop
      vertex 226.715 81.0199 4
      vertex 222.007 81.9563 4
      vertex 226.345 79.8006 4
    endloop
  endfacet
  facet normal 0 0 1
    outer loop
      vertex 221.542 83.4901 4
      vertex 224.936 86.8842 4
      vertex 223.951 87.6926 4
    endloop
  endfacet
  facet normal -0 0 1
    outer loop
      vertex 221.911 81.6374 4
      vertex 226.345 79.8006 4
      vertex 222.007 81.9563 4
    endloop
  endfacet
  facet normal 0 0 1
    outer loop
      vertex 221.284 83.7015 4
      vertex 223.951 87.6926 4
      vertex 222.827 88.2932 4
    endloop
  endfacet
  facet normal 0 0 1
    outer loop
      vertex 226.345 79.8006 4
      vertex 221.911 81.6374 4
      vertex 225.745 78.6768 4
    endloop
  endfacet
  facet normal -0 0 1
    outer loop
      vertex 221.753 81.3435 4
      vertex 225.745 78.6768 4
      vertex 221.911 81.6374 4
    endloop
  endfacet
  facet normal 0 0 1
    outer loop
      vertex 226.715 83.5561 4
      vertex 222.007 82.6197 4
      vertex 222.04 82.288 4
    endloop
  endfacet
  facet normal 0 0 1
    outer loop
      vertex 226.345 84.7754 4
      vertex 221.911 82.9386 4
      vertex 222.007 82.6197 4
    endloop
  endfacet
  facet normal 0 0 1
    outer loop
      vertex 225.745 85.8992 4
      vertex 221.753 83.2325 4
      vertex 221.911 82.9386 4
    endloop
  endfacet
  facet normal 0 0 1
    outer loop
      vertex 220.991 83.8586 4
      vertex 222.827 88.2932 4
      vertex 221.608 88.6631 4
    endloop
  endfacet
  facet normal 0 0 1
    outer loop
      vertex 224.936 86.8842 4
      vertex 221.542 83.4901 4
      vertex 221.753 83.2325 4
    endloop
  endfacet
  facet normal 0 0 1
    outer loop
      vertex 223.951 87.6926 4
      vertex 221.284 83.7015 4
      vertex 221.542 83.4901 4
    endloop
  endfacet
  facet normal 0 0 1
    outer loop
      vertex 222.827 88.2932 4
      vertex 220.991 83.8586 4
      vertex 221.284 83.7015 4
    endloop
  endfacet
  facet normal 0 0 1
    outer loop
      vertex 220.672 83.9553 4
      vertex 221.608 88.6631 4
      vertex 220.88 88.7348 4
    endloop
  endfacet
  facet normal 0 0 1
    outer loop
      vertex 221.608 88.6631 4
      vertex 220.672 83.9553 4
      vertex 220.991 83.8586 4
    endloop
  endfacet
  facet normal 0 0 1
    outer loop
      vertex 220.008 145.621 4
      vertex 220.88 140.841 4
      vertex 220.34 145.588 4
    endloop
  endfacet
  facet normal 0 0 1
    outer loop
      vertex 219.689 145.717 4
      vertex 220.88 140.841 4
      vertex 220.008 145.621 4
    endloop
  endfacet
  facet normal 0 0 1
    outer loop
      vertex 220.88 88.7348 4
      vertex 220.34 83.988 4
      vertex 220.672 83.9553 4
    endloop
  endfacet
  facet normal 0 0 1
    outer loop
      vertex 219.396 145.874 4
      vertex 220.88 140.841 4
      vertex 219.689 145.717 4
    endloop
  endfacet
  facet normal 0 0 1
    outer loop
      vertex 220.88 88.7348 4
      vertex 220.008 83.9553 4
      vertex 220.34 83.988 4
    endloop
  endfacet
  facet normal 0 0 1
    outer loop
      vertex 219.138 146.086 4
      vertex 220.88 140.841 4
      vertex 219.396 145.874 4
    endloop
  endfacet
  facet normal 0 0 1
    outer loop
      vertex 220.88 88.7348 4
      vertex 219.689 83.8586 4
      vertex 220.008 83.9553 4
    endloop
  endfacet
  facet normal 0 0 1
    outer loop
      vertex 218.926 146.344 4
      vertex 220.88 140.841 4
      vertex 219.138 146.086 4
    endloop
  endfacet
  facet normal 0 0 1
    outer loop
      vertex 220.88 88.7348 4
      vertex 219.396 83.7015 4
      vertex 219.689 83.8586 4
    endloop
  endfacet
  facet normal 0 0 1
    outer loop
      vertex 218.769 146.637 4
      vertex 220.88 140.841 4
      vertex 218.926 146.344 4
    endloop
  endfacet
  facet normal 0 0 1
    outer loop
      vertex 220.88 88.7348 4
      vertex 219.138 83.4901 4
      vertex 219.396 83.7015 4
    endloop
  endfacet
  facet normal 0 0 1
    outer loop
      vertex 216.98 99.7 4
      vertex 220.88 140.841 4
      vertex 218.769 146.637 4
    endloop
  endfacet
  facet normal 0 0 1
    outer loop
      vertex 220.88 88.7348 4
      vertex 218.926 83.2325 4
      vertex 219.138 83.4901 4
    endloop
  endfacet
  facet normal 0 0 1
    outer loop
      vertex 220.88 140.841 4
      vertex 216.98 99.7 4
      vertex 220.88 88.7348 4
    endloop
  endfacet
  facet normal -0 0 1
    outer loop
      vertex 215.18 99.7 4
      vertex 220.88 88.7348 4
      vertex 216.98 99.7 4
    endloop
  endfacet
  facet normal 0 0 1
    outer loop
      vertex 216.98 99.7 4
      vertex 218.769 146.637 4
      vertex 218.673 146.956 4
    endloop
  endfacet
  facet normal 0 0 1
    outer loop
      vertex 220.88 88.7348 4
      vertex 215.18 99.7 4
      vertex 218.926 83.2325 4
    endloop
  endfacet
  facet normal 0 0 1
    outer loop
      vertex 216.98 99.7 4
      vertex 218.673 146.956 4
      vertex 218.64 147.288 4
    endloop
  endfacet
  facet normal 0 0 1
    outer loop
      vertex 218.926 83.2325 4
      vertex 215.18 99.7 4
      vertex 218.769 82.9386 4
    endloop
  endfacet
  facet normal 0 0 1
    outer loop
      vertex 225.745 78.6768 4
      vertex 221.753 81.3435 4
      vertex 224.936 77.6918 4
    endloop
  endfacet
  facet normal -0 0 1
    outer loop
      vertex 221.542 81.0859 4
      vertex 224.936 77.6918 4
      vertex 221.753 81.3435 4
    endloop
  endfacet
  facet normal 0 0 1
    outer loop
      vertex 224.936 77.6918 4
      vertex 221.542 81.0859 4
      vertex 223.951 76.8834 4
    endloop
  endfacet
  facet normal -0 0 1
    outer loop
      vertex 221.284 80.8745 4
      vertex 223.951 76.8834 4
      vertex 221.542 81.0859 4
    endloop
  endfacet
  facet normal 0 0 1
    outer loop
      vertex 223.951 76.8834 4
      vertex 221.284 80.8745 4
      vertex 222.827 76.2828 4
    endloop
  endfacet
  facet normal -0 0 1
    outer loop
      vertex 220.991 80.7174 4
      vertex 222.827 76.2828 4
      vertex 221.284 80.8745 4
    endloop
  endfacet
  facet normal 0 0 1
    outer loop
      vertex 222.827 76.2828 4
      vertex 220.991 80.7174 4
      vertex 221.608 75.9129 4
    endloop
  endfacet
  facet normal -0 0 1
    outer loop
      vertex 220.672 80.6207 4
      vertex 221.608 75.9129 4
      vertex 220.991 80.7174 4
    endloop
  endfacet
  facet normal -0 0 1
    outer loop
      vertex 220.34 80.588 4
      vertex 220.88 75.8412 4
      vertex 220.672 80.6207 4
    endloop
  endfacet
  facet normal 0 0 1
    outer loop
      vertex 221.608 75.9129 4
      vertex 220.672 80.6207 4
      vertex 220.88 75.8412 4
    endloop
  endfacet
  facet normal -0 0 1
    outer loop
      vertex 225.584 -11.2985 4
      vertex 231.14 -12.712 4
      vertex 231.14 2 4
    endloop
  endfacet
  facet normal -0 -0 1
    outer loop
      vertex 226.053 -11.7675 4
      vertex 231.14 -12.712 4
      vertex 225.842 -11.5099 4
    endloop
  endfacet
  facet normal -0 -0 1
    outer loop
      vertex 226.307 -12.3803 4
      vertex 231.14 -12.712 4
      vertex 226.211 -12.0614 4
    endloop
  endfacet
  facet normal 0 0 1
    outer loop
      vertex 231.14 -12.712 4
      vertex 226.34 -12.712 4
      vertex 231.015 -13.9801 4
    endloop
  endfacet
  facet normal 0 0 1
    outer loop
      vertex 231.015 -13.9801 4
      vertex 226.307 -13.0437 4
      vertex 230.645 -15.1994 4
    endloop
  endfacet
  facet normal -0 0 1
    outer loop
      vertex 226.211 -13.3626 4
      vertex 230.645 -15.1994 4
      vertex 226.307 -13.0437 4
    endloop
  endfacet
  facet normal -0 0 1
    outer loop
      vertex 226.053 -13.6565 4
      vertex 230.045 -16.3232 4
      vertex 226.211 -13.3626 4
    endloop
  endfacet
  facet normal 0 0 1
    outer loop
      vertex 230.645 -15.1994 4
      vertex 226.211 -13.3626 4
      vertex 230.045 -16.3232 4
    endloop
  endfacet
  facet normal -0 0 1
    outer loop
      vertex 226.307 -13.0437 4
      vertex 231.015 -13.9801 4
      vertex 226.34 -12.712 4
    endloop
  endfacet
  facet normal 0 -0 1
    outer loop
      vertex 226.34 -12.712 4
      vertex 231.14 -12.712 4
      vertex 226.307 -12.3803 4
    endloop
  endfacet
  facet normal -0 -0 1
    outer loop
      vertex 226.211 -12.0614 4
      vertex 231.14 -12.712 4
      vertex 226.053 -11.7675 4
    endloop
  endfacet
  facet normal 0 0 1
    outer loop
      vertex 231.14 -12.712 4
      vertex 225.584 -11.2985 4
      vertex 225.842 -11.5099 4
    endloop
  endfacet
  facet normal 0 0 1
    outer loop
      vertex 231.14 2 4
      vertex 225.291 -11.1414 4
      vertex 225.584 -11.2985 4
    endloop
  endfacet
  facet normal 0 0 1
    outer loop
      vertex 231.14 2 4
      vertex 224.972 -11.0447 4
      vertex 225.291 -11.1414 4
    endloop
  endfacet
  facet normal -0 0 1
    outer loop
      vertex 220.88 2 4
      vertex 224.972 -11.0447 4
      vertex 231.14 2 4
    endloop
  endfacet
  facet normal 0 0 1
    outer loop
      vertex 224.972 -11.0447 4
      vertex 220.88 2 4
      vertex 224.64 -11.012 4
    endloop
  endfacet
  facet normal 0 0 1
    outer loop
      vertex 224.64 -11.012 4
      vertex 220.88 2 4
      vertex 224.308 -11.0447 4
    endloop
  endfacet
  facet normal 0 0 1
    outer loop
      vertex 224.308 -11.0447 4
      vertex 220.88 2 4
      vertex 223.989 -11.1414 4
    endloop
  endfacet
  facet normal 0 0 1
    outer loop
      vertex 223.989 -11.1414 4
      vertex 220.88 2 4
      vertex 223.696 -11.2985 4
    endloop
  endfacet
  facet normal 0 0 1
    outer loop
      vertex 223.696 -11.2985 4
      vertex 220.88 2 4
      vertex 223.438 -11.5099 4
    endloop
  endfacet
  facet normal 0 0 1
    outer loop
      vertex 218.635 -15.1994 4
      vertex 222.94 -12.712 4
      vertex 222.973 -12.3803 4
    endloop
  endfacet
  facet normal 0 0 1
    outer loop
      vertex 222.94 -12.712 4
      vertex 221.029 -18.1166 4
      vertex 222.153 -18.7172 4
    endloop
  endfacet
  facet normal 0 0 1
    outer loop
      vertex 218.635 -15.1994 4
      vertex 222.973 -12.3803 4
      vertex 223.069 -12.0614 4
    endloop
  endfacet
  facet normal 0 0 1
    outer loop
      vertex 223.438 -11.5099 4
      vertex 220.88 2 4
      vertex 223.227 -11.7675 4
    endloop
  endfacet
  facet normal 0 0 1
    outer loop
      vertex 218.635 -15.1994 4
      vertex 223.227 -11.7675 4
      vertex 220.88 2 4
    endloop
  endfacet
  facet normal 0 0 1
    outer loop
      vertex 223.227 -11.7675 4
      vertex 218.635 -15.1994 4
      vertex 223.069 -12.0614 4
    endloop
  endfacet
  facet normal 0 0 1
    outer loop
      vertex 220.008 80.6207 4
      vertex 220.88 75.8412 4
      vertex 220.34 80.588 4
    endloop
  endfacet
  facet normal 0 0 1
    outer loop
      vertex 222.94 -12.712 4
      vertex 218.635 -15.1994 4
      vertex 219.235 -16.3232 4
    endloop
  endfacet
  facet normal 0 0 1
    outer loop
      vertex 219.689 80.7174 4
      vertex 220.88 75.8412 4
      vertex 220.008 80.6207 4
    endloop
  endfacet
  facet normal 0 0 1
    outer loop
      vertex 219.396 80.8745 4
      vertex 220.88 75.8412 4
      vertex 219.689 80.7174 4
    endloop
  endfacet
  facet normal 0 0 1
    outer loop
      vertex 219.138 81.0859 4
      vertex 220.88 75.8412 4
      vertex 219.396 80.8745 4
    endloop
  endfacet
  facet normal 0 0 1
    outer loop
      vertex 218.926 81.3435 4
      vertex 220.88 75.8412 4
      vertex 219.138 81.0859 4
    endloop
  endfacet
  facet normal 0 0 1
    outer loop
      vertex 222.94 -12.712 4
      vertex 220.044 -17.3082 4
      vertex 221.029 -18.1166 4
    endloop
  endfacet
  facet normal 0 0 1
    outer loop
      vertex 218.769 81.6374 4
      vertex 220.88 75.8412 4
      vertex 218.926 81.3435 4
    endloop
  endfacet
  facet normal 0 0 1
    outer loop
      vertex 220.88 75.8412 4
      vertex 218.769 81.6374 4
      vertex 220.88 2 4
    endloop
  endfacet
  facet normal 0 0 1
    outer loop
      vertex 218.673 81.9563 4
      vertex 220.88 2 4
      vertex 218.769 81.6374 4
    endloop
  endfacet
  facet normal 0 0 1
    outer loop
      vertex 220.88 2 4
      vertex 218.673 81.9563 4
      vertex 218.635 -15.1994 4
    endloop
  endfacet
  facet normal 0 0 1
    outer loop
      vertex 218.635 -15.1994 4
      vertex 218.673 81.9563 4
      vertex 218.64 82.288 4
    endloop
  endfacet
  facet normal 0 0 1
    outer loop
      vertex 222.94 -12.712 4
      vertex 219.235 -16.3232 4
      vertex 220.044 -17.3082 4
    endloop
  endfacet
  facet normal 0 0 1
    outer loop
      vertex 230.045 -16.3232 4
      vertex 226.053 -13.6565 4
      vertex 229.236 -17.3082 4
    endloop
  endfacet
  facet normal -0 0 1
    outer loop
      vertex 225.842 -13.9141 4
      vertex 229.236 -17.3082 4
      vertex 226.053 -13.6565 4
    endloop
  endfacet
  facet normal 0 0 1
    outer loop
      vertex 229.236 -17.3082 4
      vertex 225.842 -13.9141 4
      vertex 228.251 -18.1166 4
    endloop
  endfacet
  facet normal -0 0 1
    outer loop
      vertex 225.584 -14.1255 4
      vertex 228.251 -18.1166 4
      vertex 225.842 -13.9141 4
    endloop
  endfacet
  facet normal 0 0 1
    outer loop
      vertex 228.251 -18.1166 4
      vertex 225.584 -14.1255 4
      vertex 227.127 -18.7172 4
    endloop
  endfacet
  facet normal -0 0 1
    outer loop
      vertex 225.291 -14.2826 4
      vertex 227.127 -18.7172 4
      vertex 225.584 -14.1255 4
    endloop
  endfacet
  facet normal 0 0 1
    outer loop
      vertex 227.127 -18.7172 4
      vertex 225.291 -14.2826 4
      vertex 225.908 -19.0871 4
    endloop
  endfacet
  facet normal -0 0 1
    outer loop
      vertex 224.972 -14.3793 4
      vertex 225.908 -19.0871 4
      vertex 225.291 -14.2826 4
    endloop
  endfacet
  facet normal -0 0 1
    outer loop
      vertex 224.64 -14.412 4
      vertex 225.908 -19.0871 4
      vertex 224.972 -14.3793 4
    endloop
  endfacet
  facet normal 0 0 1
    outer loop
      vertex 224.64 -14.412 4
      vertex 224.64 -19.212 4
      vertex 225.908 -19.0871 4
    endloop
  endfacet
  facet normal 0 0 1
    outer loop
      vertex 224.308 -14.3793 4
      vertex 224.64 -19.212 4
      vertex 224.64 -14.412 4
    endloop
  endfacet
  facet normal 0 0 1
    outer loop
      vertex 223.372 -19.0871 4
      vertex 224.308 -14.3793 4
      vertex 223.989 -14.2826 4
    endloop
  endfacet
  facet normal 0 0 1
    outer loop
      vertex 222.153 -18.7172 4
      vertex 223.989 -14.2826 4
      vertex 223.696 -14.1255 4
    endloop
  endfacet
  facet normal 0 0 1
    outer loop
      vertex 222.153 -18.7172 4
      vertex 223.696 -14.1255 4
      vertex 223.438 -13.9141 4
    endloop
  endfacet
  facet normal 0 0 1
    outer loop
      vertex 224.308 -14.3793 4
      vertex 223.372 -19.0871 4
      vertex 224.64 -19.212 4
    endloop
  endfacet
  facet normal 0 0 1
    outer loop
      vertex 222.153 -18.7172 4
      vertex 223.438 -13.9141 4
      vertex 223.227 -13.6565 4
    endloop
  endfacet
  facet normal 0 0 1
    outer loop
      vertex 222.153 -18.7172 4
      vertex 223.227 -13.6565 4
      vertex 223.069 -13.3626 4
    endloop
  endfacet
  facet normal 0 0 1
    outer loop
      vertex 222.153 -18.7172 4
      vertex 223.069 -13.3626 4
      vertex 222.973 -13.0437 4
    endloop
  endfacet
  facet normal 0 0 1
    outer loop
      vertex 222.153 -18.7172 4
      vertex 222.973 -13.0437 4
      vertex 222.94 -12.712 4
    endloop
  endfacet
  facet normal 0 0 1
    outer loop
      vertex 223.989 -14.2826 4
      vertex 222.153 -18.7172 4
      vertex 223.372 -19.0871 4
    endloop
  endfacet
  facet normal 0 -0 1
    outer loop
      vertex 2.24 -12.712 4
      vertex 3.9 4.7 4
      vertex 2.20733 -12.3803 4
    endloop
  endfacet
  facet normal 0 0 1
    outer loop
      vertex 3.9 4.7 4
      vertex 2.24 -12.712 4
      vertex 3.02744 -18.7172 4
    endloop
  endfacet
  facet normal 0 0 1
    outer loop
      vertex 3.9 74.7 4
      vertex -3.43323e-07 75.8412 4
      vertex 3.9 4.7 4
    endloop
  endfacet
  facet normal 0 -0 1
    outer loop
      vertex 1.48447 -11.2985 4
      vertex 3.9 4.7 4
      vertex -3.43323e-07 2 4
    endloop
  endfacet
  facet normal -0 0 1
    outer loop
      vertex 1.74208 81.0859 4
      vertex 3.9 74.7 4
      vertex 1.9535 81.3435 4
    endloop
  endfacet
  facet normal 0 0 1
    outer loop
      vertex 3.9 4.7 4
      vertex 2.11059 -12.0614 4
      vertex 2.20733 -12.3803 4
    endloop
  endfacet
  facet normal -0 0 1
    outer loop
      vertex 1.48447 80.8745 4
      vertex 3.9 74.7 4
      vertex 1.74208 81.0859 4
    endloop
  endfacet
  facet normal 0 0 1
    outer loop
      vertex 3.9 4.7 4
      vertex 1.9535 -11.7675 4
      vertex 2.11059 -12.0614 4
    endloop
  endfacet
  facet normal -0 0 1
    outer loop
      vertex 1.19056 80.7174 4
      vertex 3.9 74.7 4
      vertex 1.48447 80.8745 4
    endloop
  endfacet
  facet normal 0 0 1
    outer loop
      vertex 3.9 4.7 4
      vertex 1.74208 -11.5099 4
      vertex 1.9535 -11.7675 4
    endloop
  endfacet
  facet normal 0 0 1
    outer loop
      vertex 3.9 74.7 4
      vertex 1.19056 80.7174 4
      vertex -3.43323e-07 75.8412 4
    endloop
  endfacet
  facet normal 0 0 1
    outer loop
      vertex 3.9 4.7 4
      vertex 1.48447 -11.2985 4
      vertex 1.74208 -11.5099 4
    endloop
  endfacet
  facet normal 0 0 1
    outer loop
      vertex -3.43323e-07 75.8412 4
      vertex 1.19056 80.7174 4
      vertex 0.871653 80.6207 4
    endloop
  endfacet
  facet normal 0 0 1
    outer loop
      vertex 1.48447 -11.2985 4
      vertex -3.43323e-07 2 4
      vertex 1.19056 -11.1414 4
    endloop
  endfacet
  facet normal 0 0 1
    outer loop
      vertex -3.43323e-07 75.8412 4
      vertex 0.871653 80.6207 4
      vertex 0.54 80.588 4
    endloop
  endfacet
  facet normal 0 0 1
    outer loop
      vertex 1.19056 -11.1414 4
      vertex -3.43323e-07 2 4
      vertex 0.871653 -11.0447 4
    endloop
  endfacet
  facet normal 0 0 1
    outer loop
      vertex -3.43323e-07 75.8412 4
      vertex 0.54 80.588 4
      vertex 0.208346 80.6207 4
    endloop
  endfacet
  facet normal 0 0 1
    outer loop
      vertex 0.871653 -11.0447 4
      vertex -3.43323e-07 2 4
      vertex 0.54 -11.012 4
    endloop
  endfacet
  facet normal 0 0 1
    outer loop
      vertex 3.9 4.7 4
      vertex -3.43323e-07 75.8412 4
      vertex -3.43323e-07 2 4
    endloop
  endfacet
  facet normal 0 0 1
    outer loop
      vertex -0.728088 75.9129 4
      vertex 0.208346 80.6207 4
      vertex -0.110563 80.7174 4
    endloop
  endfacet
  facet normal 0 0 1
    outer loop
      vertex -1.94744 76.2828 4
      vertex -0.110563 80.7174 4
      vertex -0.40447 80.8745 4
    endloop
  endfacet
  facet normal 0 0 1
    outer loop
      vertex -3.07121 76.8834 4
      vertex -0.40447 80.8745 4
      vertex -0.662082 81.0859 4
    endloop
  endfacet
  facet normal 0 0 1
    outer loop
      vertex 0.208346 80.6207 4
      vertex -0.728088 75.9129 4
      vertex -3.43323e-07 75.8412 4
    endloop
  endfacet
  facet normal 0 0 1
    outer loop
      vertex -4.05619 77.6918 4
      vertex -0.662082 81.0859 4
      vertex -0.873499 81.3435 4
    endloop
  endfacet
  facet normal 0 0 1
    outer loop
      vertex -4.86455 78.6768 4
      vertex -0.873499 81.3435 4
      vertex -1.0306 81.6374 4
    endloop
  endfacet
  facet normal 0 0 1
    outer loop
      vertex -5.46522 79.8006 4
      vertex -1.0306 81.6374 4
      vertex -1.12734 81.9563 4
    endloop
  endfacet
  facet normal 0 0 1
    outer loop
      vertex -5.8351 81.0199 4
      vertex -1.12734 81.9563 4
      vertex -1.16 82.288 4
    endloop
  endfacet
  facet normal 0 0 1
    outer loop
      vertex -0.873499 83.2325 4
      vertex -4.86455 85.8992 4
      vertex -1.0306 82.9386 4
    endloop
  endfacet
  facet normal 0 0 1
    outer loop
      vertex -0.110563 80.7174 4
      vertex -1.94744 76.2828 4
      vertex -0.728088 75.9129 4
    endloop
  endfacet
  facet normal -0 0 1
    outer loop
      vertex -5.46522 84.7754 4
      vertex -1.0306 82.9386 4
      vertex -4.86455 85.8992 4
    endloop
  endfacet
  facet normal 0 0 1
    outer loop
      vertex -0.40447 80.8745 4
      vertex -3.07121 76.8834 4
      vertex -1.94744 76.2828 4
    endloop
  endfacet
  facet normal 0 0 1
    outer loop
      vertex -1.0306 82.9386 4
      vertex -5.46522 84.7754 4
      vertex -1.12734 82.6197 4
    endloop
  endfacet
  facet normal 0 0 1
    outer loop
      vertex -0.662082 81.0859 4
      vertex -4.05619 77.6918 4
      vertex -3.07121 76.8834 4
    endloop
  endfacet
  facet normal -0 0 1
    outer loop
      vertex -5.8351 83.5561 4
      vertex -1.12734 82.6197 4
      vertex -5.46522 84.7754 4
    endloop
  endfacet
  facet normal 0 0 1
    outer loop
      vertex -0.873499 81.3435 4
      vertex -4.86455 78.6768 4
      vertex -4.05619 77.6918 4
    endloop
  endfacet
  facet normal 0 0 1
    outer loop
      vertex -1.12734 82.6197 4
      vertex -5.8351 83.5561 4
      vertex -1.16 82.288 4
    endloop
  endfacet
  facet normal 0 0 1
    outer loop
      vertex -1.0306 81.6374 4
      vertex -5.46522 79.8006 4
      vertex -4.86455 78.6768 4
    endloop
  endfacet
  facet normal 0 0 1
    outer loop
      vertex -5.96 82.288 4
      vertex -1.16 82.288 4
      vertex -5.8351 83.5561 4
    endloop
  endfacet
  facet normal 0 0 1
    outer loop
      vertex -1.12734 81.9563 4
      vertex -5.8351 81.0199 4
      vertex -5.46522 79.8006 4
    endloop
  endfacet
  facet normal 0 0 1
    outer loop
      vertex -1.16 82.288 4
      vertex -5.96 82.288 4
      vertex -5.8351 81.0199 4
    endloop
  endfacet
  facet normal -0 0 1
    outer loop
      vertex 1.9535 146.344 4
      vertex 5.7 139.7 4
      vertex 2.11059 146.637 4
    endloop
  endfacet
  facet normal 0 0 1
    outer loop
      vertex 3.9 74.7 4
      vertex 2.20733 82.6197 4
      vertex 2.24 82.288 4
    endloop
  endfacet
  facet normal -0 0 1
    outer loop
      vertex 1.74208 146.086 4
      vertex 5.7 139.7 4
      vertex 1.9535 146.344 4
    endloop
  endfacet
  facet normal 0 0 1
    outer loop
      vertex 3.9 99.7 4
      vertex 2.11059 82.9386 4
      vertex 2.20733 82.6197 4
    endloop
  endfacet
  facet normal 0 0 1
    outer loop
      vertex 5.7 139.7 4
      vertex 1.74208 146.086 4
      vertex 3.9 139.7 4
    endloop
  endfacet
  facet normal 0 0 1
    outer loop
      vertex 3.9 99.7 4
      vertex -3.43323e-07 140.841 4
      vertex -3.43323e-07 88.7348 4
    endloop
  endfacet
  facet normal -0 0 1
    outer loop
      vertex 1.48447 145.874 4
      vertex 3.9 139.7 4
      vertex 1.74208 146.086 4
    endloop
  endfacet
  facet normal 0 -0 1
    outer loop
      vertex 1.9535 83.2325 4
      vertex 3.9 99.7 4
      vertex -3.43323e-07 88.7348 4
    endloop
  endfacet
  facet normal -0 0 1
    outer loop
      vertex 1.19056 145.717 4
      vertex 3.9 139.7 4
      vertex 1.48447 145.874 4
    endloop
  endfacet
  facet normal 0 0 1
    outer loop
      vertex 3.9 99.7 4
      vertex 1.9535 83.2325 4
      vertex 2.11059 82.9386 4
    endloop
  endfacet
  facet normal 0 0 1
    outer loop
      vertex 3.9 139.7 4
      vertex 1.19056 145.717 4
      vertex -3.43323e-07 140.841 4
    endloop
  endfacet
  facet normal 0 0 1
    outer loop
      vertex 1.9535 83.2325 4
      vertex -3.43323e-07 88.7348 4
      vertex 1.74208 83.4901 4
    endloop
  endfacet
  facet normal 0 0 1
    outer loop
      vertex -3.43323e-07 140.841 4
      vertex 1.19056 145.717 4
      vertex 0.871653 145.621 4
    endloop
  endfacet
  facet normal 0 0 1
    outer loop
      vertex 1.74208 83.4901 4
      vertex -3.43323e-07 88.7348 4
      vertex 1.48447 83.7015 4
    endloop
  endfacet
  facet normal 0 0 1
    outer loop
      vertex -3.43323e-07 140.841 4
      vertex 0.871653 145.621 4
      vertex 0.54 145.588 4
    endloop
  endfacet
  facet normal 0 0 1
    outer loop
      vertex 1.48447 83.7015 4
      vertex -3.43323e-07 88.7348 4
      vertex 1.19056 83.8586 4
    endloop
  endfacet
  facet normal 0 0 1
    outer loop
      vertex -3.43323e-07 140.841 4
      vertex 0.54 145.588 4
      vertex 0.208346 145.621 4
    endloop
  endfacet
  facet normal 0 0 1
    outer loop
      vertex 1.19056 83.8586 4
      vertex -3.43323e-07 88.7348 4
      vertex 0.871653 83.9553 4
    endloop
  endfacet
  facet normal 0 0 1
    outer loop
      vertex 0.871653 83.9553 4
      vertex -3.43323e-07 88.7348 4
      vertex 0.54 83.988 4
    endloop
  endfacet
  facet normal 0 0 1
    outer loop
      vertex -0.728088 140.913 4
      vertex 0.208346 145.621 4
      vertex -0.110563 145.717 4
    endloop
  endfacet
  facet normal 0 0 1
    outer loop
      vertex -1.94744 141.283 4
      vertex -0.110563 145.717 4
      vertex -0.40447 145.874 4
    endloop
  endfacet
  facet normal 0 0 1
    outer loop
      vertex -3.07121 141.883 4
      vertex -0.40447 145.874 4
      vertex -0.662082 146.086 4
    endloop
  endfacet
  facet normal 0 0 1
    outer loop
      vertex 0.208346 145.621 4
      vertex -0.728088 140.913 4
      vertex -3.43323e-07 140.841 4
    endloop
  endfacet
  facet normal 0 0 1
    outer loop
      vertex -4.05619 142.692 4
      vertex -0.662082 146.086 4
      vertex -0.873499 146.344 4
    endloop
  endfacet
  facet normal 0 0 1
    outer loop
      vertex -4.86455 143.677 4
      vertex -0.873499 146.344 4
      vertex -1.0306 146.637 4
    endloop
  endfacet
  facet normal 0 0 1
    outer loop
      vertex -5.46522 144.801 4
      vertex -1.0306 146.637 4
      vertex -1.12734 146.956 4
    endloop
  endfacet
  facet normal 0 0 1
    outer loop
      vertex -5.8351 146.02 4
      vertex -1.12734 146.956 4
      vertex -1.16 147.288 4
    endloop
  endfacet
  facet normal 0 0 1
    outer loop
      vertex -0.873499 148.232 4
      vertex -4.86455 150.899 4
      vertex -1.0306 147.939 4
    endloop
  endfacet
  facet normal 0 0 1
    outer loop
      vertex -0.110563 145.717 4
      vertex -1.94744 141.283 4
      vertex -0.728088 140.913 4
    endloop
  endfacet
  facet normal -0 0 1
    outer loop
      vertex -5.46522 149.775 4
      vertex -1.0306 147.939 4
      vertex -4.86455 150.899 4
    endloop
  endfacet
  facet normal 0 0 1
    outer loop
      vertex -0.40447 145.874 4
      vertex -3.07121 141.883 4
      vertex -1.94744 141.283 4
    endloop
  endfacet
  facet normal 0 0 1
    outer loop
      vertex -1.0306 147.939 4
      vertex -5.46522 149.775 4
      vertex -1.12734 147.62 4
    endloop
  endfacet
  facet normal 0 0 1
    outer loop
      vertex -0.662082 146.086 4
      vertex -4.05619 142.692 4
      vertex -3.07121 141.883 4
    endloop
  endfacet
  facet normal -0 0 1
    outer loop
      vertex -5.8351 148.556 4
      vertex -1.12734 147.62 4
      vertex -5.46522 149.775 4
    endloop
  endfacet
  facet normal 0 0 1
    outer loop
      vertex -0.873499 146.344 4
      vertex -4.86455 143.677 4
      vertex -4.05619 142.692 4
    endloop
  endfacet
  facet normal 0 0 1
    outer loop
      vertex -1.12734 147.62 4
      vertex -5.8351 148.556 4
      vertex -1.16 147.288 4
    endloop
  endfacet
  facet normal 0 0 1
    outer loop
      vertex -1.0306 146.637 4
      vertex -5.46522 144.801 4
      vertex -4.86455 143.677 4
    endloop
  endfacet
  facet normal 0 0 1
    outer loop
      vertex -5.96 147.288 4
      vertex -1.16 147.288 4
      vertex -5.8351 148.556 4
    endloop
  endfacet
  facet normal 0 0 1
    outer loop
      vertex -1.12734 146.956 4
      vertex -5.8351 146.02 4
      vertex -5.46522 144.801 4
    endloop
  endfacet
  facet normal 0 0 1
    outer loop
      vertex -1.16 147.288 4
      vertex -5.96 147.288 4
      vertex -5.8351 146.02 4
    endloop
  endfacet
  facet normal -0 0 1
    outer loop
      vertex 3.9 99.7 4
      vertex 5.7 74.7 4
      vertex 5.7 99.7 4
    endloop
  endfacet
  facet normal 0 0 1
    outer loop
      vertex 5.7 74.7 4
      vertex 3.9 99.7 4
      vertex 3.9 74.7 4
    endloop
  endfacet
  facet normal -0 0 1
    outer loop
      vertex 2.11059 81.6374 4
      vertex 3.9 74.7 4
      vertex 2.20733 81.9563 4
    endloop
  endfacet
  facet normal -0 0 1
    outer loop
      vertex 1.9535 81.3435 4
      vertex 3.9 74.7 4
      vertex 2.11059 81.6374 4
    endloop
  endfacet
  facet normal -0 0 1
    outer loop
      vertex 2.20733 -13.0437 4
      vertex 3.02744 -18.7172 4
      vertex 2.24 -12.712 4
    endloop
  endfacet
  facet normal -0 0 1
    outer loop
      vertex 2.11059 -13.3626 4
      vertex 3.02744 -18.7172 4
      vertex 2.20733 -13.0437 4
    endloop
  endfacet
  facet normal -0 0 1
    outer loop
      vertex 1.9535 -13.6565 4
      vertex 3.02744 -18.7172 4
      vertex 2.11059 -13.3626 4
    endloop
  endfacet
  facet normal -0 0 1
    outer loop
      vertex 1.74208 -13.9141 4
      vertex 3.02744 -18.7172 4
      vertex 1.9535 -13.6565 4
    endloop
  endfacet
  facet normal -0 0 1
    outer loop
      vertex 1.48447 -14.1255 4
      vertex 3.02744 -18.7172 4
      vertex 1.74208 -13.9141 4
    endloop
  endfacet
  facet normal -0 0 1
    outer loop
      vertex 1.19056 -14.2826 4
      vertex 3.02744 -18.7172 4
      vertex 1.48447 -14.1255 4
    endloop
  endfacet
  facet normal 0 0 1
    outer loop
      vertex 3.02744 -18.7172 4
      vertex 1.19056 -14.2826 4
      vertex 1.80809 -19.0871 4
    endloop
  endfacet
  facet normal -0 0 1
    outer loop
      vertex 0.871653 -14.3793 4
      vertex 1.80809 -19.0871 4
      vertex 1.19056 -14.2826 4
    endloop
  endfacet
  facet normal -0 0 1
    outer loop
      vertex 0.54 -14.412 4
      vertex 1.80809 -19.0871 4
      vertex 0.871653 -14.3793 4
    endloop
  endfacet
  facet normal 0 0 1
    outer loop
      vertex 0.54 -14.412 4
      vertex 0.54 -19.212 4
      vertex 1.80809 -19.0871 4
    endloop
  endfacet
  facet normal 0 0 1
    outer loop
      vertex 0.208346 -14.3793 4
      vertex 0.54 -19.212 4
      vertex 0.54 -14.412 4
    endloop
  endfacet
  facet normal 0 0 1
    outer loop
      vertex -0.728088 -19.0871 4
      vertex 0.208346 -14.3793 4
      vertex -0.110563 -14.2826 4
    endloop
  endfacet
  facet normal 0 0 1
    outer loop
      vertex -1.94744 -18.7172 4
      vertex -0.110563 -14.2826 4
      vertex -0.40447 -14.1255 4
    endloop
  endfacet
  facet normal 0 0 1
    outer loop
      vertex -3.07121 -18.1166 4
      vertex -0.40447 -14.1255 4
      vertex -0.662082 -13.9141 4
    endloop
  endfacet
  facet normal 0 0 1
    outer loop
      vertex 0.208346 -14.3793 4
      vertex -0.728088 -19.0871 4
      vertex 0.54 -19.212 4
    endloop
  endfacet
  facet normal 0 0 1
    outer loop
      vertex -4.05619 -17.3082 4
      vertex -0.662082 -13.9141 4
      vertex -0.873499 -13.6565 4
    endloop
  endfacet
  facet normal 0 0 1
    outer loop
      vertex -4.86455 -16.3232 4
      vertex -0.873499 -13.6565 4
      vertex -1.0306 -13.3626 4
    endloop
  endfacet
  facet normal 0 0 1
    outer loop
      vertex -5.46522 -15.1994 4
      vertex -1.0306 -13.3626 4
      vertex -1.12734 -13.0437 4
    endloop
  endfacet
  facet normal 0 0 1
    outer loop
      vertex -5.8351 -13.9801 4
      vertex -1.12734 -13.0437 4
      vertex -1.16 -12.712 4
    endloop
  endfacet
  facet normal 0 0 1
    outer loop
      vertex -0.110563 -14.2826 4
      vertex -1.94744 -18.7172 4
      vertex -0.728088 -19.0871 4
    endloop
  endfacet
  facet normal 0 0 1
    outer loop
      vertex 0.54 83.988 4
      vertex -3.43323e-07 88.7348 4
      vertex 0.208346 83.9553 4
    endloop
  endfacet
  facet normal -0 0 1
    outer loop
      vertex -0.728088 88.6631 4
      vertex 0.208346 83.9553 4
      vertex -3.43323e-07 88.7348 4
    endloop
  endfacet
  facet normal 0 0 1
    outer loop
      vertex 0.208346 83.9553 4
      vertex -0.728088 88.6631 4
      vertex -0.110563 83.8586 4
    endloop
  endfacet
  facet normal -0 0 1
    outer loop
      vertex -1.94744 88.2932 4
      vertex -0.110563 83.8586 4
      vertex -0.728088 88.6631 4
    endloop
  endfacet
  facet normal 0 0 1
    outer loop
      vertex -0.110563 83.8586 4
      vertex -1.94744 88.2932 4
      vertex -0.40447 83.7015 4
    endloop
  endfacet
  facet normal -0 0 1
    outer loop
      vertex -3.07121 87.6926 4
      vertex -0.40447 83.7015 4
      vertex -1.94744 88.2932 4
    endloop
  endfacet
  facet normal 0 0 1
    outer loop
      vertex -0.40447 83.7015 4
      vertex -3.07121 87.6926 4
      vertex -0.662082 83.4901 4
    endloop
  endfacet
  facet normal -0 0 1
    outer loop
      vertex -4.05619 86.8842 4
      vertex -0.662082 83.4901 4
      vertex -3.07121 87.6926 4
    endloop
  endfacet
  facet normal 0 0 1
    outer loop
      vertex -0.662082 83.4901 4
      vertex -4.05619 86.8842 4
      vertex -0.873499 83.2325 4
    endloop
  endfacet
  facet normal -0 0 1
    outer loop
      vertex -4.86455 85.8992 4
      vertex -0.873499 83.2325 4
      vertex -4.05619 86.8842 4
    endloop
  endfacet
  facet normal 0 0 1
    outer loop
      vertex 0.54 -11.012 4
      vertex -3.43323e-07 2 4
      vertex 0.208346 -11.0447 4
    endloop
  endfacet
  facet normal 0 0 1
    outer loop
      vertex -3.43323e-07 2 4
      vertex -0.110563 -11.1414 4
      vertex 0.208346 -11.0447 4
    endloop
  endfacet
  facet normal -0 0 1
    outer loop
      vertex -5.96 2 4
      vertex -0.110563 -11.1414 4
      vertex -3.43323e-07 2 4
    endloop
  endfacet
  facet normal 0 0 1
    outer loop
      vertex -0.110563 -11.1414 4
      vertex -5.96 2 4
      vertex -0.40447 -11.2985 4
    endloop
  endfacet
  facet normal 0 0 1
    outer loop
      vertex -5.96 -12.712 4
      vertex -0.40447 -11.2985 4
      vertex -5.96 2 4
    endloop
  endfacet
  facet normal 0 0 1
    outer loop
      vertex -0.40447 -11.2985 4
      vertex -5.96 -12.712 4
      vertex -0.662082 -11.5099 4
    endloop
  endfacet
  facet normal 0 0 1
    outer loop
      vertex -0.662082 -11.5099 4
      vertex -5.96 -12.712 4
      vertex -0.873499 -11.7675 4
    endloop
  endfacet
  facet normal 0 0 1
    outer loop
      vertex -0.873499 -11.7675 4
      vertex -5.96 -12.712 4
      vertex -1.0306 -12.0614 4
    endloop
  endfacet
  facet normal 0 0 1
    outer loop
      vertex -1.0306 -12.0614 4
      vertex -5.96 -12.712 4
      vertex -1.12734 -12.3803 4
    endloop
  endfacet
  facet normal 0 -0 1
    outer loop
      vertex -5.8351 -13.9801 4
      vertex -1.16 -12.712 4
      vertex -5.96 -12.712 4
    endloop
  endfacet
  facet normal 0 0 1
    outer loop
      vertex -0.40447 -14.1255 4
      vertex -3.07121 -18.1166 4
      vertex -1.94744 -18.7172 4
    endloop
  endfacet
  facet normal 0 0 1
    outer loop
      vertex -0.662082 -13.9141 4
      vertex -4.05619 -17.3082 4
      vertex -3.07121 -18.1166 4
    endloop
  endfacet
  facet normal 0 0 1
    outer loop
      vertex -0.873499 -13.6565 4
      vertex -4.86455 -16.3232 4
      vertex -4.05619 -17.3082 4
    endloop
  endfacet
  facet normal 0 0 1
    outer loop
      vertex -1.0306 -13.3626 4
      vertex -5.46522 -15.1994 4
      vertex -4.86455 -16.3232 4
    endloop
  endfacet
  facet normal 0 0 1
    outer loop
      vertex -1.12734 -12.3803 4
      vertex -5.96 -12.712 4
      vertex -1.16 -12.712 4
    endloop
  endfacet
  facet normal 0 0 1
    outer loop
      vertex -1.12734 -13.0437 4
      vertex -5.8351 -13.9801 4
      vertex -5.46522 -15.1994 4
    endloop
  endfacet
  facet normal 0 0 1
    outer loop
      vertex 70.44 7.56 4
      vertex 33 3.7 4
      vertex 70.44 -1 4
    endloop
  endfacet
  facet normal -0 0 1
    outer loop
      vertex 9.94 7.56 4
      vertex 33 3.7 4
      vertex 70.44 7.56 4
    endloop
  endfacet
  facet normal -0 0 1
    outer loop
      vertex 9.7 4.7 4
      vertex 21 3.7 4
      vertex 9.94 7.56 4
    endloop
  endfacet
  facet normal 0 0 1
    outer loop
      vertex 33 3.7 4
      vertex 9.94 7.56 4
      vertex 21 3.7 4
    endloop
  endfacet
  facet normal 0 0 1
    outer loop
      vertex 211.18 162.42 4
      vertex 170.44 167.42 4
      vertex 210.94 157.06 4
    endloop
  endfacet
  facet normal -0 0 1
    outer loop
      vertex 50.44 167.42 4
      vertex 210.94 157.06 4
      vertex 170.44 167.42 4
    endloop
  endfacet
  facet normal 0 0 1
    outer loop
      vertex 210.94 157.06 4
      vertex 50.44 167.42 4
      vertex 9.94 157.06 4
    endloop
  endfacet
  facet normal 0 0 1
    outer loop
      vertex 210.94 7.56 4
      vertex 187.88 3.7 4
      vertex 199.88 3.7 4
    endloop
  endfacet
  facet normal 0 0 1
    outer loop
      vertex 150.44 -1 4
      vertex 187.88 3.7 4
      vertex 150.44 7.56 4
    endloop
  endfacet
  facet normal -0 0 1
    outer loop
      vertex 150.44 7.56 4
      vertex 187.88 3.7 4
      vertex 210.94 7.56 4
    endloop
  endfacet
  facet normal 0 0 1
    outer loop
      vertex 218.673 82.6197 4
      vertex 215.18 74.7 4
      vertex 218.64 82.288 4
    endloop
  endfacet
  facet normal 0 0 1
    outer loop
      vertex 218.64 82.288 4
      vertex 215.18 74.7 4
      vertex 216.98 74.7 4
    endloop
  endfacet
  facet normal 0 0 1
    outer loop
      vertex 218.635 -15.1994 4
      vertex 218.14 -12.712 4
      vertex 218.265 -13.9801 4
    endloop
  endfacet
  facet normal 0 0 1
    outer loop
      vertex 215.18 74.7 4
      vertex 218.673 82.6197 4
      vertex 215.18 99.7 4
    endloop
  endfacet
  facet normal 0 0 1
    outer loop
      vertex 218.64 82.288 4
      vertex 218.14 -10.112 4
      vertex 218.635 -15.1994 4
    endloop
  endfacet
  facet normal 0 0 1
    outer loop
      vertex 218.64 82.288 4
      vertex 216.98 4.7 4
      vertex 218.14 -10.112 4
    endloop
  endfacet
  facet normal -0 0 1
    outer loop
      vertex 211.18 4.7 4
      vertex 218.14 -10.112 4
      vertex 216.98 4.7 4
    endloop
  endfacet
  facet normal -0 0 1
    outer loop
      vertex 210.94 7.56 4
      vertex 211.18 4.7 4
      vertex 210.94 157.06 4
    endloop
  endfacet
  facet normal 0 0 1
    outer loop
      vertex 199.88 3.7 4
      vertex 211.18 4.7 4
      vertex 210.94 7.56 4
    endloop
  endfacet
  facet normal 0 0 1
    outer loop
      vertex 199.88 -2.1 4
      vertex 211.18 4.7 4
      vertex 199.88 3.7 4
    endloop
  endfacet
  facet normal 0 0 1
    outer loop
      vertex 211.18 4.7 4
      vertex 199.88 -2.1 4
      vertex 218.14 -10.112 4
    endloop
  endfacet
  facet normal -0 0 1
    outer loop
      vertex 187.88 -2.1 4
      vertex 218.14 -10.112 4
      vertex 199.88 -2.1 4
    endloop
  endfacet
  facet normal 0 0 1
    outer loop
      vertex 187.88 3.7 4
      vertex 150.44 -1 4
      vertex 187.88 -2.1 4
    endloop
  endfacet
  facet normal 0 0 1
    outer loop
      vertex 187.88 -2.1 4
      vertex 150.44 -1 4
      vertex 218.14 -10.112 4
    endloop
  endfacet
  facet normal -0 0 1
    outer loop
      vertex 70.44 -1 4
      vertex 218.14 -10.112 4
      vertex 150.44 -1 4
    endloop
  endfacet
  facet normal 0 0 1
    outer loop
      vertex 33 -2.1 4
      vertex 70.44 -1 4
      vertex 33 3.7 4
    endloop
  endfacet
  facet normal 0 0 1
    outer loop
      vertex 7.04 -10.112 4
      vertex 70.44 -1 4
      vertex 33 -2.1 4
    endloop
  endfacet
  facet normal 0 0 1
    outer loop
      vertex 7.04 -10.112 4
      vertex 33 -2.1 4
      vertex 21 -2.1 4
    endloop
  endfacet
  facet normal 0 0 1
    outer loop
      vertex 9.94 157.06 4
      vertex 9.7 4.7 4
      vertex 9.94 7.56 4
    endloop
  endfacet
  facet normal 0 0 1
    outer loop
      vertex 21 3.7 4
      vertex 9.7 4.7 4
      vertex 21 -2.1 4
    endloop
  endfacet
  facet normal 0 0 1
    outer loop
      vertex 70.44 -1 4
      vertex 7.04 -10.112 4
      vertex 218.14 -10.112 4
    endloop
  endfacet
  facet normal 0 0 1
    outer loop
      vertex 9.7 4.7 4
      vertex 7.04 -10.112 4
      vertex 21 -2.1 4
    endloop
  endfacet
  facet normal 0 0 1
    outer loop
      vertex 3.02744 -18.7172 4
      vertex 7.04 -12.712 4
      vertex 7.04 -10.112 4
    endloop
  endfacet
  facet normal 0 0 1
    outer loop
      vertex 7.04 -12.712 4
      vertex 3.02744 -18.7172 4
      vertex 6.9151 -13.9801 4
    endloop
  endfacet
  facet normal 0 0 1
    outer loop
      vertex 6.9151 -13.9801 4
      vertex 3.02744 -18.7172 4
      vertex 6.54522 -15.1994 4
    endloop
  endfacet
  facet normal 0 0 1
    outer loop
      vertex 6.54522 -15.1994 4
      vertex 3.02744 -18.7172 4
      vertex 5.94455 -16.3232 4
    endloop
  endfacet
  facet normal -0 0 1
    outer loop
      vertex 3.9 4.7 4
      vertex 7.04 -10.112 4
      vertex 9.7 4.7 4
    endloop
  endfacet
  facet normal 0 0 1
    outer loop
      vertex 3.02744 -18.7172 4
      vertex 7.04 -10.112 4
      vertex 3.9 4.7 4
    endloop
  endfacet
  facet normal 0 0 1
    outer loop
      vertex 5.94455 -16.3232 4
      vertex 3.02744 -18.7172 4
      vertex 5.13619 -17.3082 4
    endloop
  endfacet
  facet normal 0 0 1
    outer loop
      vertex 5.13619 -17.3082 4
      vertex 3.02744 -18.7172 4
      vertex 4.15121 -18.1166 4
    endloop
  endfacet
  facet normal 0 0 1
    outer loop
      vertex 218.64 147.288 4
      vertex 215.18 139.7 4
      vertex 216.98 139.7 4
    endloop
  endfacet
  facet normal 0.773014 -0.634389 0
    outer loop
      vertex 5.13619 -17.3082 4
      vertex 5.94455 -16.3232 0
      vertex 5.94455 -16.3232 4
    endloop
  endfacet
  facet normal 0.773014 -0.634389 0
    outer loop
      vertex 5.94455 -16.3232 0
      vertex 5.13619 -17.3082 4
      vertex 5.13619 -17.3082 0
    endloop
  endfacet
  facet normal -0.290294 -0.956937 0
    outer loop
      vertex -1.94744 -18.7172 0
      vertex -0.728088 -19.0871 4
      vertex -1.94744 -18.7172 4
    endloop
  endfacet
  facet normal -0.290294 -0.956937 -0
    outer loop
      vertex -0.728088 -19.0871 4
      vertex -1.94744 -18.7172 0
      vertex -0.728088 -19.0871 0
    endloop
  endfacet
  facet normal -0.881926 -0.471388 0
    outer loop
      vertex -4.86455 -16.3232 0
      vertex -5.46522 -15.1994 4
      vertex -5.46522 -15.1994 0
    endloop
  endfacet
  facet normal -0.881926 -0.471388 0
    outer loop
      vertex -5.46522 -15.1994 4
      vertex -4.86455 -16.3232 0
      vertex -4.86455 -16.3232 4
    endloop
  endfacet
  facet normal -0.0980031 0.995186 0
    outer loop
      vertex -3.43323e-07 88.7348 0
      vertex -0.728088 88.6631 4
      vertex -3.43323e-07 88.7348 4
    endloop
  endfacet
  facet normal -0.0980031 0.995186 0
    outer loop
      vertex -0.728088 88.6631 4
      vertex -3.43323e-07 88.7348 0
      vertex -0.728088 88.6631 0
    endloop
  endfacet
  facet normal -0.634416 -0.772992 0
    outer loop
      vertex -4.05619 77.6918 0
      vertex -3.07121 76.8834 4
      vertex -4.05619 77.6918 4
    endloop
  endfacet
  facet normal -0.634416 -0.772992 -0
    outer loop
      vertex -3.07121 76.8834 4
      vertex -4.05619 77.6918 0
      vertex -3.07121 76.8834 0
    endloop
  endfacet
  facet normal -0.773014 0.634389 0
    outer loop
      vertex -4.86455 85.8992 0
      vertex -4.05619 86.8842 4
      vertex -4.05619 86.8842 0
    endloop
  endfacet
  facet normal -0.773014 0.634389 0
    outer loop
      vertex -4.05619 86.8842 4
      vertex -4.86455 85.8992 0
      vertex -4.86455 85.8992 4
    endloop
  endfacet
  facet normal -0.471355 0.881943 0
    outer loop
      vertex -1.94744 88.2932 0
      vertex -3.07121 87.6926 4
      vertex -1.94744 88.2932 4
    endloop
  endfacet
  facet normal -0.471355 0.881943 0
    outer loop
      vertex -3.07121 87.6926 4
      vertex -1.94744 88.2932 0
      vertex -3.07121 87.6926 0
    endloop
  endfacet
  facet normal -0.956938 0.290291 0
    outer loop
      vertex -5.8351 83.5561 0
      vertex -5.46522 84.7754 4
      vertex -5.46522 84.7754 0
    endloop
  endfacet
  facet normal -0.956938 0.290291 0
    outer loop
      vertex -5.46522 84.7754 4
      vertex -5.8351 83.5561 0
      vertex -5.8351 83.5561 4
    endloop
  endfacet
  facet normal -0.881926 0.471388 0
    outer loop
      vertex -5.46522 84.7754 0
      vertex -4.86455 85.8992 4
      vertex -4.86455 85.8992 0
    endloop
  endfacet
  facet normal -0.881926 0.471388 0
    outer loop
      vertex -4.86455 85.8992 4
      vertex -5.46522 84.7754 0
      vertex -5.46522 84.7754 4
    endloop
  endfacet
  facet normal -0.995184 0.0980195 0
    outer loop
      vertex -5.96 82.288 0
      vertex -5.8351 83.5561 4
      vertex -5.8351 83.5561 0
    endloop
  endfacet
  facet normal -0.995184 0.0980195 0
    outer loop
      vertex -5.8351 83.5561 4
      vertex -5.96 82.288 0
      vertex -5.96 82.288 4
    endloop
  endfacet
  facet normal -0.634416 0.772992 0
    outer loop
      vertex -3.07121 87.6926 0
      vertex -4.05619 86.8842 4
      vertex -3.07121 87.6926 4
    endloop
  endfacet
  facet normal -0.634416 0.772992 0
    outer loop
      vertex -4.05619 86.8842 4
      vertex -3.07121 87.6926 0
      vertex -4.05619 86.8842 0
    endloop
  endfacet
  facet normal -0.290294 0.956937 0
    outer loop
      vertex -0.728088 88.6631 0
      vertex -1.94744 88.2932 4
      vertex -0.728088 88.6631 4
    endloop
  endfacet
  facet normal -0.290294 0.956937 0
    outer loop
      vertex -1.94744 88.2932 4
      vertex -0.728088 88.6631 0
      vertex -1.94744 88.2932 0
    endloop
  endfacet
  facet normal -0.471355 -0.881943 0
    outer loop
      vertex -3.07121 76.8834 0
      vertex -1.94744 76.2828 4
      vertex -3.07121 76.8834 4
    endloop
  endfacet
  facet normal -0.471355 -0.881943 -0
    outer loop
      vertex -1.94744 76.2828 4
      vertex -3.07121 76.8834 0
      vertex -1.94744 76.2828 0
    endloop
  endfacet
  facet normal -0.0980031 -0.995186 0
    outer loop
      vertex -0.728088 75.9129 0
      vertex -3.43323e-07 75.8412 4
      vertex -0.728088 75.9129 4
    endloop
  endfacet
  facet normal -0.0980031 -0.995186 -0
    outer loop
      vertex -3.43323e-07 75.8412 4
      vertex -0.728088 75.9129 0
      vertex -3.43323e-07 75.8412 0
    endloop
  endfacet
  facet normal -0.773014 -0.634389 0
    outer loop
      vertex -4.05619 77.6918 0
      vertex -4.86455 78.6768 4
      vertex -4.86455 78.6768 0
    endloop
  endfacet
  facet normal -0.773014 -0.634389 0
    outer loop
      vertex -4.86455 78.6768 4
      vertex -4.05619 77.6918 0
      vertex -4.05619 77.6918 4
    endloop
  endfacet
  facet normal -0.956938 -0.290291 0
    outer loop
      vertex -5.46522 79.8006 0
      vertex -5.8351 81.0199 4
      vertex -5.8351 81.0199 0
    endloop
  endfacet
  facet normal -0.956938 -0.290291 0
    outer loop
      vertex -5.8351 81.0199 4
      vertex -5.46522 79.8006 0
      vertex -5.46522 79.8006 4
    endloop
  endfacet
  facet normal -0.995184 -0.0980195 0
    outer loop
      vertex -5.8351 81.0199 0
      vertex -5.96 82.288 4
      vertex -5.96 82.288 0
    endloop
  endfacet
  facet normal -0.995184 -0.0980195 0
    outer loop
      vertex -5.96 82.288 4
      vertex -5.8351 81.0199 0
      vertex -5.8351 81.0199 4
    endloop
  endfacet
  facet normal -0.290294 -0.956937 0
    outer loop
      vertex -1.94744 76.2828 0
      vertex -0.728088 75.9129 4
      vertex -1.94744 76.2828 4
    endloop
  endfacet
  facet normal -0.290294 -0.956937 -0
    outer loop
      vertex -0.728088 75.9129 4
      vertex -1.94744 76.2828 0
      vertex -0.728088 75.9129 0
    endloop
  endfacet
  facet normal -0.881926 -0.471388 0
    outer loop
      vertex -4.86455 78.6768 0
      vertex -5.46522 79.8006 4
      vertex -5.46522 79.8006 0
    endloop
  endfacet
  facet normal -0.881926 -0.471388 0
    outer loop
      vertex -5.46522 79.8006 4
      vertex -4.86455 78.6768 0
      vertex -4.86455 78.6768 4
    endloop
  endfacet
  facet normal -0.0984092 0.995146 0
    outer loop
      vertex -3.43323e-07 153.735 0
      vertex -0.728088 153.663 4
      vertex -3.43323e-07 153.735 4
    endloop
  endfacet
  facet normal -0.0984092 0.995146 0
    outer loop
      vertex -0.728088 153.663 4
      vertex -3.43323e-07 153.735 0
      vertex -0.728088 153.663 0
    endloop
  endfacet
  facet normal -0.773014 0.634389 0
    outer loop
      vertex -4.86455 150.899 0
      vertex -4.05619 151.884 4
      vertex -4.05619 151.884 0
    endloop
  endfacet
  facet normal -0.773014 0.634389 0
    outer loop
      vertex -4.05619 151.884 4
      vertex -4.86455 150.899 0
      vertex -4.86455 150.899 4
    endloop
  endfacet
  facet normal -0.470989 0.882139 0
    outer loop
      vertex -1.94744 153.293 0
      vertex -3.07121 152.693 4
      vertex -1.94744 153.293 4
    endloop
  endfacet
  facet normal -0.470989 0.882139 0
    outer loop
      vertex -3.07121 152.693 4
      vertex -1.94744 153.293 0
      vertex -3.07121 152.693 0
    endloop
  endfacet
  facet normal -0.956918 0.290357 0
    outer loop
      vertex -5.8351 148.556 0
      vertex -5.46522 149.775 4
      vertex -5.46522 149.775 0
    endloop
  endfacet
  facet normal -0.956918 0.290357 0
    outer loop
      vertex -5.46522 149.775 4
      vertex -5.8351 148.556 0
      vertex -5.8351 148.556 4
    endloop
  endfacet
  facet normal -0.881961 0.471323 0
    outer loop
      vertex -5.46522 149.775 0
      vertex -4.86455 150.899 4
      vertex -4.86455 150.899 0
    endloop
  endfacet
  facet normal -0.881961 0.471323 0
    outer loop
      vertex -4.86455 150.899 4
      vertex -5.46522 149.775 0
      vertex -5.46522 149.775 4
    endloop
  endfacet
  facet normal -0.995184 0.0980272 0
    outer loop
      vertex -5.96 147.288 0
      vertex -5.8351 148.556 4
      vertex -5.8351 148.556 0
    endloop
  endfacet
  facet normal -0.995184 0.0980272 0
    outer loop
      vertex -5.8351 148.556 4
      vertex -5.96 147.288 0
      vertex -5.96 147.288 4
    endloop
  endfacet
  facet normal -0.634697 0.772761 0
    outer loop
      vertex -3.07121 152.693 0
      vertex -4.05619 151.884 4
      vertex -3.07121 152.693 4
    endloop
  endfacet
  facet normal -0.634697 0.772761 0
    outer loop
      vertex -4.05619 151.884 4
      vertex -3.07121 152.693 0
      vertex -4.05619 151.884 0
    endloop
  endfacet
  facet normal -0.290366 0.956916 0
    outer loop
      vertex -0.728088 153.663 0
      vertex -1.94744 153.293 4
      vertex -0.728088 153.663 4
    endloop
  endfacet
  facet normal -0.290366 0.956916 0
    outer loop
      vertex -1.94744 153.293 4
      vertex -0.728088 153.663 0
      vertex -1.94744 153.293 0
    endloop
  endfacet
  facet normal -0.470989 -0.882139 0
    outer loop
      vertex -3.07121 141.883 0
      vertex -1.94744 141.283 4
      vertex -3.07121 141.883 4
    endloop
  endfacet
  facet normal -0.470989 -0.882139 -0
    outer loop
      vertex -1.94744 141.283 4
      vertex -3.07121 141.883 0
      vertex -1.94744 141.283 0
    endloop
  endfacet
  facet normal -0.0984092 -0.995146 0
    outer loop
      vertex -0.728088 140.913 0
      vertex -3.43323e-07 140.841 4
      vertex -0.728088 140.913 4
    endloop
  endfacet
  facet normal -0.0984092 -0.995146 -0
    outer loop
      vertex -3.43323e-07 140.841 4
      vertex -0.728088 140.913 0
      vertex -3.43323e-07 140.841 0
    endloop
  endfacet
  facet normal -0.773014 -0.634389 0
    outer loop
      vertex -4.05619 142.692 0
      vertex -4.86455 143.677 4
      vertex -4.86455 143.677 0
    endloop
  endfacet
  facet normal -0.773014 -0.634389 0
    outer loop
      vertex -4.86455 143.677 4
      vertex -4.05619 142.692 0
      vertex -4.05619 142.692 4
    endloop
  endfacet
  facet normal -0.956918 -0.290357 0
    outer loop
      vertex -5.46522 144.801 0
      vertex -5.8351 146.02 4
      vertex -5.8351 146.02 0
    endloop
  endfacet
  facet normal -0.956918 -0.290357 0
    outer loop
      vertex -5.8351 146.02 4
      vertex -5.46522 144.801 0
      vertex -5.46522 144.801 4
    endloop
  endfacet
  facet normal -0.995184 -0.0980272 0
    outer loop
      vertex -5.8351 146.02 0
      vertex -5.96 147.288 4
      vertex -5.96 147.288 0
    endloop
  endfacet
  facet normal -0.995184 -0.0980272 0
    outer loop
      vertex -5.96 147.288 4
      vertex -5.8351 146.02 0
      vertex -5.8351 146.02 4
    endloop
  endfacet
  facet normal -0.290366 -0.956916 0
    outer loop
      vertex -1.94744 141.283 0
      vertex -0.728088 140.913 4
      vertex -1.94744 141.283 4
    endloop
  endfacet
  facet normal -0.290366 -0.956916 -0
    outer loop
      vertex -0.728088 140.913 4
      vertex -1.94744 141.283 0
      vertex -0.728088 140.913 0
    endloop
  endfacet
  facet normal -0.634697 -0.772761 0
    outer loop
      vertex -4.05619 142.692 0
      vertex -3.07121 141.883 4
      vertex -4.05619 142.692 4
    endloop
  endfacet
  facet normal -0.634697 -0.772761 -0
    outer loop
      vertex -3.07121 141.883 4
      vertex -4.05619 142.692 0
      vertex -3.07121 141.883 0
    endloop
  endfacet
  facet normal -0.881961 -0.471323 0
    outer loop
      vertex -4.86455 143.677 0
      vertex -5.46522 144.801 4
      vertex -5.46522 144.801 0
    endloop
  endfacet
  facet normal -0.881961 -0.471323 0
    outer loop
      vertex -5.46522 144.801 4
      vertex -4.86455 143.677 0
      vertex -4.86455 143.677 4
    endloop
  endfacet
  facet normal 0.995177 -0.0980972 0
    outer loop
      vertex 231.015 -13.9801 4
      vertex 231.14 -12.712 0
      vertex 231.14 -12.712 4
    endloop
  endfacet
  facet normal 0.995177 -0.0980972 0
    outer loop
      vertex 231.14 -12.712 0
      vertex 231.015 -13.9801 4
      vertex 231.015 -13.9801 0
    endloop
  endfacet
  facet normal -0.0980272 -0.995184 0
    outer loop
      vertex 223.372 -19.0871 0
      vertex 224.64 -19.212 4
      vertex 223.372 -19.0871 4
    endloop
  endfacet
  facet normal -0.0980272 -0.995184 -0
    outer loop
      vertex 224.64 -19.212 4
      vertex 223.372 -19.0871 0
      vertex 224.64 -19.212 0
    endloop
  endfacet
  facet normal -0.995177 -0.0980972 0
    outer loop
      vertex 218.265 -13.9801 0
      vertex 218.14 -12.712 4
      vertex 218.14 -12.712 0
    endloop
  endfacet
  facet normal -0.995177 -0.0980972 0
    outer loop
      vertex 218.14 -12.712 4
      vertex 218.265 -13.9801 0
      vertex 218.265 -13.9801 4
    endloop
  endfacet
  facet normal 0.290371 -0.956914 0
    outer loop
      vertex 225.908 -19.0871 0
      vertex 227.127 -18.7172 4
      vertex 225.908 -19.0871 4
    endloop
  endfacet
  facet normal 0.290371 -0.956914 0
    outer loop
      vertex 227.127 -18.7172 4
      vertex 225.908 -19.0871 0
      vertex 227.127 -18.7172 0
    endloop
  endfacet
  facet normal 0.882144 -0.470979 0
    outer loop
      vertex 230.045 -16.3232 4
      vertex 230.645 -15.1994 0
      vertex 230.645 -15.1994 4
    endloop
  endfacet
  facet normal 0.882144 -0.470979 0
    outer loop
      vertex 230.645 -15.1994 0
      vertex 230.045 -16.3232 4
      vertex 230.045 -16.3232 0
    endloop
  endfacet
  facet normal 0.956912 -0.290378 0
    outer loop
      vertex 230.645 -15.1994 4
      vertex 231.015 -13.9801 0
      vertex 231.015 -13.9801 4
    endloop
  endfacet
  facet normal 0.956912 -0.290378 0
    outer loop
      vertex 231.015 -13.9801 0
      vertex 230.645 -15.1994 4
      vertex 230.645 -15.1994 0
    endloop
  endfacet
  facet normal 0.47128 -0.881983 0
    outer loop
      vertex 227.127 -18.7172 0
      vertex 228.251 -18.1166 4
      vertex 227.127 -18.7172 4
    endloop
  endfacet
  facet normal 0.47128 -0.881983 0
    outer loop
      vertex 228.251 -18.1166 4
      vertex 227.127 -18.7172 0
      vertex 228.251 -18.1166 0
    endloop
  endfacet
  facet normal 0.634408 -0.772998 0
    outer loop
      vertex 228.251 -18.1166 0
      vertex 229.236 -17.3082 4
      vertex 228.251 -18.1166 4
    endloop
  endfacet
  facet normal 0.634408 -0.772998 0
    outer loop
      vertex 229.236 -17.3082 4
      vertex 228.251 -18.1166 0
      vertex 229.236 -17.3082 0
    endloop
  endfacet
  facet normal 0.0980272 -0.995184 0
    outer loop
      vertex 224.64 -19.212 0
      vertex 225.908 -19.0871 4
      vertex 224.64 -19.212 4
    endloop
  endfacet
  facet normal 0.0980272 -0.995184 0
    outer loop
      vertex 225.908 -19.0871 4
      vertex 224.64 -19.212 0
      vertex 225.908 -19.0871 0
    endloop
  endfacet
  facet normal -0.47128 -0.881983 0
    outer loop
      vertex 221.029 -18.1166 0
      vertex 222.153 -18.7172 4
      vertex 221.029 -18.1166 4
    endloop
  endfacet
  facet normal -0.47128 -0.881983 -0
    outer loop
      vertex 222.153 -18.7172 4
      vertex 221.029 -18.1166 0
      vertex 222.153 -18.7172 0
    endloop
  endfacet
  facet normal -0.772767 -0.634689 0
    outer loop
      vertex 220.044 -17.3082 0
      vertex 219.235 -16.3232 4
      vertex 219.235 -16.3232 0
    endloop
  endfacet
  facet normal -0.772767 -0.634689 0
    outer loop
      vertex 219.235 -16.3232 4
      vertex 220.044 -17.3082 0
      vertex 220.044 -17.3082 4
    endloop
  endfacet
  facet normal -0.956912 -0.290378 0
    outer loop
      vertex 218.635 -15.1994 0
      vertex 218.265 -13.9801 4
      vertex 218.265 -13.9801 0
    endloop
  endfacet
  facet normal -0.956912 -0.290378 0
    outer loop
      vertex 218.265 -13.9801 4
      vertex 218.635 -15.1994 0
      vertex 218.635 -15.1994 4
    endloop
  endfacet
  facet normal -0.634408 -0.772998 0
    outer loop
      vertex 220.044 -17.3082 0
      vertex 221.029 -18.1166 4
      vertex 220.044 -17.3082 4
    endloop
  endfacet
  facet normal -0.634408 -0.772998 -0
    outer loop
      vertex 221.029 -18.1166 4
      vertex 220.044 -17.3082 0
      vertex 221.029 -18.1166 0
    endloop
  endfacet
  facet normal 0.772767 -0.634689 0
    outer loop
      vertex 229.236 -17.3082 4
      vertex 230.045 -16.3232 0
      vertex 230.045 -16.3232 4
    endloop
  endfacet
  facet normal 0.772767 -0.634689 0
    outer loop
      vertex 230.045 -16.3232 0
      vertex 229.236 -17.3082 4
      vertex 229.236 -17.3082 0
    endloop
  endfacet
  facet normal -0.290371 -0.956914 0
    outer loop
      vertex 222.153 -18.7172 0
      vertex 223.372 -19.0871 4
      vertex 222.153 -18.7172 4
    endloop
  endfacet
  facet normal -0.290371 -0.956914 -0
    outer loop
      vertex 223.372 -19.0871 4
      vertex 222.153 -18.7172 0
      vertex 223.372 -19.0871 0
    endloop
  endfacet
  facet normal -0.882144 -0.470979 0
    outer loop
      vertex 219.235 -16.3232 0
      vertex 218.635 -15.1994 4
      vertex 218.635 -15.1994 0
    endloop
  endfacet
  facet normal -0.882144 -0.470979 0
    outer loop
      vertex 218.635 -15.1994 4
      vertex 219.235 -16.3232 0
      vertex 219.235 -16.3232 4
    endloop
  endfacet
  facet normal 0.47128 0.881983 -0
    outer loop
      vertex 223.951 87.6926 0
      vertex 222.827 88.2932 4
      vertex 223.951 87.6926 4
    endloop
  endfacet
  facet normal 0.47128 0.881983 0
    outer loop
      vertex 222.827 88.2932 4
      vertex 223.951 87.6926 0
      vertex 222.827 88.2932 0
    endloop
  endfacet
  facet normal 0.995177 -0.0980972 0
    outer loop
      vertex 226.715 81.0199 4
      vertex 226.84 82.288 0
      vertex 226.84 82.288 4
    endloop
  endfacet
  facet normal 0.995177 -0.0980972 0
    outer loop
      vertex 226.84 82.288 0
      vertex 226.715 81.0199 4
      vertex 226.715 81.0199 0
    endloop
  endfacet
  facet normal 0.882144 0.470979 0
    outer loop
      vertex 226.345 84.7754 4
      vertex 225.745 85.8992 0
      vertex 225.745 85.8992 4
    endloop
  endfacet
  facet normal 0.882144 0.470979 0
    outer loop
      vertex 225.745 85.8992 0
      vertex 226.345 84.7754 4
      vertex 226.345 84.7754 0
    endloop
  endfacet
  facet normal 0.772767 0.634689 0
    outer loop
      vertex 225.745 85.8992 4
      vertex 224.936 86.8842 0
      vertex 224.936 86.8842 4
    endloop
  endfacet
  facet normal 0.772767 0.634689 0
    outer loop
      vertex 224.936 86.8842 0
      vertex 225.745 85.8992 4
      vertex 225.745 85.8992 0
    endloop
  endfacet
  facet normal 0.634408 0.772998 -0
    outer loop
      vertex 224.936 86.8842 0
      vertex 223.951 87.6926 4
      vertex 224.936 86.8842 4
    endloop
  endfacet
  facet normal 0.634408 0.772998 0
    outer loop
      vertex 223.951 87.6926 4
      vertex 224.936 86.8842 0
      vertex 223.951 87.6926 0
    endloop
  endfacet
  facet normal 0.290371 0.956914 -0
    outer loop
      vertex 222.827 88.2932 0
      vertex 221.608 88.6631 4
      vertex 222.827 88.2932 4
    endloop
  endfacet
  facet normal 0.290371 0.956914 0
    outer loop
      vertex 221.608 88.6631 4
      vertex 222.827 88.2932 0
      vertex 221.608 88.6631 0
    endloop
  endfacet
  facet normal 0.995177 0.0980972 0
    outer loop
      vertex 226.84 82.288 4
      vertex 226.715 83.5561 0
      vertex 226.715 83.5561 4
    endloop
  endfacet
  facet normal 0.995177 0.0980972 0
    outer loop
      vertex 226.715 83.5561 0
      vertex 226.84 82.288 4
      vertex 226.84 82.288 0
    endloop
  endfacet
  facet normal 0.290371 -0.956914 0
    outer loop
      vertex 221.608 75.9129 0
      vertex 222.827 76.2828 4
      vertex 221.608 75.9129 4
    endloop
  endfacet
  facet normal 0.290371 -0.956914 0
    outer loop
      vertex 222.827 76.2828 4
      vertex 221.608 75.9129 0
      vertex 222.827 76.2828 0
    endloop
  endfacet
  facet normal 0.882144 -0.470979 0
    outer loop
      vertex 225.745 78.6768 4
      vertex 226.345 79.8006 0
      vertex 226.345 79.8006 4
    endloop
  endfacet
  facet normal 0.882144 -0.470979 0
    outer loop
      vertex 226.345 79.8006 0
      vertex 225.745 78.6768 4
      vertex 225.745 78.6768 0
    endloop
  endfacet
  facet normal 0.956912 -0.290378 0
    outer loop
      vertex 226.345 79.8006 4
      vertex 226.715 81.0199 0
      vertex 226.715 81.0199 4
    endloop
  endfacet
  facet normal 0.956912 -0.290378 0
    outer loop
      vertex 226.715 81.0199 0
      vertex 226.345 79.8006 4
      vertex 226.345 79.8006 0
    endloop
  endfacet
  facet normal 0.47128 -0.881983 0
    outer loop
      vertex 222.827 76.2828 0
      vertex 223.951 76.8834 4
      vertex 222.827 76.2828 4
    endloop
  endfacet
  facet normal 0.47128 -0.881983 0
    outer loop
      vertex 223.951 76.8834 4
      vertex 222.827 76.2828 0
      vertex 223.951 76.8834 0
    endloop
  endfacet
  facet normal 0.634408 -0.772998 0
    outer loop
      vertex 223.951 76.8834 0
      vertex 224.936 77.6918 4
      vertex 223.951 76.8834 4
    endloop
  endfacet
  facet normal 0.634408 -0.772998 0
    outer loop
      vertex 224.936 77.6918 4
      vertex 223.951 76.8834 0
      vertex 224.936 77.6918 0
    endloop
  endfacet
  facet normal 0.0980148 -0.995185 0
    outer loop
      vertex 220.88 75.8412 0
      vertex 221.608 75.9129 4
      vertex 220.88 75.8412 4
    endloop
  endfacet
  facet normal 0.0980148 -0.995185 0
    outer loop
      vertex 221.608 75.9129 4
      vertex 220.88 75.8412 0
      vertex 221.608 75.9129 0
    endloop
  endfacet
  facet normal 0.956912 0.290378 0
    outer loop
      vertex 226.715 83.5561 4
      vertex 226.345 84.7754 0
      vertex 226.345 84.7754 4
    endloop
  endfacet
  facet normal 0.956912 0.290378 0
    outer loop
      vertex 226.345 84.7754 0
      vertex 226.715 83.5561 4
      vertex 226.715 83.5561 0
    endloop
  endfacet
  facet normal 0.0980148 0.995185 -0
    outer loop
      vertex 221.608 88.6631 0
      vertex 220.88 88.7348 4
      vertex 221.608 88.6631 4
    endloop
  endfacet
  facet normal 0.0980148 0.995185 0
    outer loop
      vertex 220.88 88.7348 4
      vertex 221.608 88.6631 0
      vertex 220.88 88.7348 0
    endloop
  endfacet
  facet normal 0.772767 -0.634689 0
    outer loop
      vertex 224.936 77.6918 4
      vertex 225.745 78.6768 0
      vertex 225.745 78.6768 4
    endloop
  endfacet
  facet normal 0.772767 -0.634689 0
    outer loop
      vertex 225.745 78.6768 0
      vertex 224.936 77.6918 4
      vertex 224.936 77.6918 0
    endloop
  endfacet
  facet normal 0.470914 0.882179 -0
    outer loop
      vertex 223.951 152.693 0
      vertex 222.827 153.293 4
      vertex 223.951 152.693 4
    endloop
  endfacet
  facet normal 0.470914 0.882179 0
    outer loop
      vertex 222.827 153.293 4
      vertex 223.951 152.693 0
      vertex 222.827 153.293 0
    endloop
  endfacet
  facet normal 0.995176 -0.0981049 0
    outer loop
      vertex 226.715 146.02 4
      vertex 226.84 147.288 0
      vertex 226.84 147.288 4
    endloop
  endfacet
  facet normal 0.995176 -0.0981049 0
    outer loop
      vertex 226.84 147.288 0
      vertex 226.715 146.02 4
      vertex 226.715 146.02 0
    endloop
  endfacet
  facet normal 0.772767 -0.634689 0
    outer loop
      vertex 224.936 142.692 4
      vertex 225.745 143.677 0
      vertex 225.745 143.677 4
    endloop
  endfacet
  facet normal 0.772767 -0.634689 0
    outer loop
      vertex 225.745 143.677 0
      vertex 224.936 142.692 4
      vertex 224.936 142.692 0
    endloop
  endfacet
  facet normal 0.882179 0.470914 0
    outer loop
      vertex 226.345 149.775 4
      vertex 225.745 150.899 0
      vertex 225.745 150.899 4
    endloop
  endfacet
  facet normal 0.882179 0.470914 0
    outer loop
      vertex 225.745 150.899 0
      vertex 226.345 149.775 4
      vertex 226.345 149.775 0
    endloop
  endfacet
  facet normal 0.772767 0.634689 0
    outer loop
      vertex 225.745 150.899 4
      vertex 224.936 151.884 0
      vertex 224.936 151.884 4
    endloop
  endfacet
  facet normal 0.772767 0.634689 0
    outer loop
      vertex 224.936 151.884 0
      vertex 225.745 150.899 4
      vertex 225.745 150.899 0
    endloop
  endfacet
  facet normal 0.634689 0.772767 -0
    outer loop
      vertex 224.936 151.884 0
      vertex 223.951 152.693 4
      vertex 224.936 151.884 4
    endloop
  endfacet
  facet normal 0.634689 0.772767 0
    outer loop
      vertex 223.951 152.693 4
      vertex 224.936 151.884 0
      vertex 223.951 152.693 0
    endloop
  endfacet
  facet normal 0.290443 0.956892 -0
    outer loop
      vertex 222.827 153.293 0
      vertex 221.608 153.663 4
      vertex 222.827 153.293 4
    endloop
  endfacet
  facet normal 0.290443 0.956892 0
    outer loop
      vertex 221.608 153.663 4
      vertex 222.827 153.293 0
      vertex 221.608 153.663 0
    endloop
  endfacet
  facet normal 0.995176 0.0981049 0
    outer loop
      vertex 226.84 147.288 4
      vertex 226.715 148.556 0
      vertex 226.715 148.556 4
    endloop
  endfacet
  facet normal 0.995176 0.0981049 0
    outer loop
      vertex 226.715 148.556 0
      vertex 226.84 147.288 4
      vertex 226.84 147.288 0
    endloop
  endfacet
  facet normal 0.290443 -0.956892 0
    outer loop
      vertex 221.608 140.913 0
      vertex 222.827 141.283 4
      vertex 221.608 140.913 4
    endloop
  endfacet
  facet normal 0.290443 -0.956892 0
    outer loop
      vertex 222.827 141.283 4
      vertex 221.608 140.913 0
      vertex 222.827 141.283 0
    endloop
  endfacet
  facet normal 0.882179 -0.470914 0
    outer loop
      vertex 225.745 143.677 4
      vertex 226.345 144.801 0
      vertex 226.345 144.801 4
    endloop
  endfacet
  facet normal 0.882179 -0.470914 0
    outer loop
      vertex 226.345 144.801 0
      vertex 225.745 143.677 4
      vertex 225.745 143.677 0
    endloop
  endfacet
  facet normal 0.956892 -0.290443 0
    outer loop
      vertex 226.345 144.801 4
      vertex 226.715 146.02 0
      vertex 226.715 146.02 4
    endloop
  endfacet
  facet normal 0.956892 -0.290443 0
    outer loop
      vertex 226.715 146.02 0
      vertex 226.345 144.801 4
      vertex 226.345 144.801 0
    endloop
  endfacet
  facet normal 0.470914 -0.882179 0
    outer loop
      vertex 222.827 141.283 0
      vertex 223.951 141.883 4
      vertex 222.827 141.283 4
    endloop
  endfacet
  facet normal 0.470914 -0.882179 0
    outer loop
      vertex 223.951 141.883 4
      vertex 222.827 141.283 0
      vertex 223.951 141.883 0
    endloop
  endfacet
  facet normal 0.634689 -0.772767 0
    outer loop
      vertex 223.951 141.883 0
      vertex 224.936 142.692 4
      vertex 223.951 141.883 4
    endloop
  endfacet
  facet normal 0.634689 -0.772767 0
    outer loop
      vertex 224.936 142.692 4
      vertex 223.951 141.883 0
      vertex 224.936 142.692 0
    endloop
  endfacet
  facet normal 0.0984209 -0.995145 0
    outer loop
      vertex 220.88 140.841 0
      vertex 221.608 140.913 4
      vertex 220.88 140.841 4
    endloop
  endfacet
  facet normal 0.0984209 -0.995145 0
    outer loop
      vertex 221.608 140.913 4
      vertex 220.88 140.841 0
      vertex 221.608 140.913 0
    endloop
  endfacet
  facet normal 0.956892 0.290443 0
    outer loop
      vertex 226.715 148.556 4
      vertex 226.345 149.775 0
      vertex 226.345 149.775 4
    endloop
  endfacet
  facet normal 0.956892 0.290443 0
    outer loop
      vertex 226.345 149.775 0
      vertex 226.715 148.556 4
      vertex 226.715 148.556 0
    endloop
  endfacet
  facet normal 0.0984209 0.995145 -0
    outer loop
      vertex 221.608 153.663 0
      vertex 220.88 153.735 4
      vertex 221.608 153.663 4
    endloop
  endfacet
  facet normal 0.0984209 0.995145 0
    outer loop
      vertex 220.88 153.735 4
      vertex 221.608 153.663 0
      vertex 220.88 153.735 0
    endloop
  endfacet
  facet normal -1 0 0
    outer loop
      vertex -5.96 -12.712 0
      vertex -5.96 2 4
      vertex -5.96 2 0
    endloop
  endfacet
  facet normal -1 -0 0
    outer loop
      vertex -5.96 2 4
      vertex -5.96 -12.712 0
      vertex -5.96 -12.712 4
    endloop
  endfacet
  facet normal 1 -0 0
    outer loop
      vertex 7.04 -12.712 4
      vertex 7.04 -10.112 0
      vertex 7.04 -10.112 4
    endloop
  endfacet
  facet normal 1 0 0
    outer loop
      vertex 7.04 -10.112 0
      vertex 7.04 -12.712 4
      vertex 7.04 -12.712 0
    endloop
  endfacet
  facet normal 0 1 -0
    outer loop
      vertex -3.43323e-07 2 0
      vertex -5.96 2 4
      vertex -3.43323e-07 2 4
    endloop
  endfacet
  facet normal 0 1 0
    outer loop
      vertex -5.96 2 4
      vertex -3.43323e-07 2 0
      vertex -5.96 2 0
    endloop
  endfacet
  facet normal -1 0 0
    outer loop
      vertex 218.14 -12.712 0
      vertex 218.14 -10.112 4
      vertex 218.14 -10.112 0
    endloop
  endfacet
  facet normal -1 -0 0
    outer loop
      vertex 218.14 -10.112 4
      vertex 218.14 -12.712 0
      vertex 218.14 -12.712 4
    endloop
  endfacet
  facet normal 1 -0 0
    outer loop
      vertex 231.14 -12.712 4
      vertex 231.14 2 0
      vertex 231.14 2 4
    endloop
  endfacet
  facet normal 1 0 0
    outer loop
      vertex 231.14 2 0
      vertex 231.14 -12.712 4
      vertex 231.14 -12.712 0
    endloop
  endfacet
  facet normal 0 1 -0
    outer loop
      vertex 231.14 2 0
      vertex 220.88 2 4
      vertex 231.14 2 4
    endloop
  endfacet
  facet normal 0 1 0
    outer loop
      vertex 220.88 2 4
      vertex 231.14 2 0
      vertex 220.88 2 0
    endloop
  endfacet
  facet normal -1 0 0
    outer loop
      vertex 21 3.7 4
      vertex 21 -0.3 8
      vertex 21 3.7 8
    endloop
  endfacet
  facet normal -1 0 0
    outer loop
      vertex 21 -2.1 4
      vertex 21 -0.3 8
      vertex 21 3.7 4
    endloop
  endfacet
  facet normal -1 0 0
    outer loop
      vertex 21 -2.1 10.3
      vertex 21 -0.3 8
      vertex 21 -2.1 4
    endloop
  endfacet
  facet normal -1 0 0
    outer loop
      vertex 21 -0.3 8
      vertex 21 -2.1 10.3
      vertex 21 -0.3 10.3
    endloop
  endfacet
  facet normal -0 0 1
    outer loop
      vertex 21 3.7 8
      vertex 33 -0.3 8
      vertex 33 3.7 8
    endloop
  endfacet
  facet normal 0 0 1
    outer loop
      vertex 33 -0.3 8
      vertex 21 3.7 8
      vertex 21 -0.3 8
    endloop
  endfacet
  facet normal 1 0 0
    outer loop
      vertex 33 -0.3 10.3
      vertex 33 -2.1 10.3
      vertex 33 -0.3 8
    endloop
  endfacet
  facet normal 1 -0 0
    outer loop
      vertex 33 -0.3 8
      vertex 33 3.7 4
      vertex 33 3.7 8
    endloop
  endfacet
  facet normal 1 0 0
    outer loop
      vertex 33 -0.3 8
      vertex 33 -2.1 4
      vertex 33 3.7 4
    endloop
  endfacet
  facet normal 1 0 0
    outer loop
      vertex 33 -2.1 4
      vertex 33 -0.3 8
      vertex 33 -2.1 10.3
    endloop
  endfacet
  facet normal 0 1 -0
    outer loop
      vertex 33 3.7 4
      vertex 21 3.7 8
      vertex 33 3.7 8
    endloop
  endfacet
  facet normal 0 1 0
    outer loop
      vertex 21 3.7 8
      vertex 33 3.7 4
      vertex 21 3.7 4
    endloop
  endfacet
  facet normal 0 1 -0
    outer loop
      vertex 33 -0.3 8
      vertex 21 -0.3 10.3
      vertex 33 -0.3 10.3
    endloop
  endfacet
  facet normal 0 1 0
    outer loop
      vertex 21 -0.3 10.3
      vertex 33 -0.3 8
      vertex 21 -0.3 8
    endloop
  endfacet
  facet normal -1 0 0
    outer loop
      vertex 187.88 3.7 4
      vertex 187.88 -0.3 8
      vertex 187.88 3.7 8
    endloop
  endfacet
  facet normal -1 0 0
    outer loop
      vertex 187.88 -2.1 4
      vertex 187.88 -0.3 8
      vertex 187.88 3.7 4
    endloop
  endfacet
  facet normal -1 0 0
    outer loop
      vertex 187.88 -2.1 10.3
      vertex 187.88 -0.3 8
      vertex 187.88 -2.1 4
    endloop
  endfacet
  facet normal -1 0 0
    outer loop
      vertex 187.88 -0.3 8
      vertex 187.88 -2.1 10.3
      vertex 187.88 -0.3 10.3
    endloop
  endfacet
  facet normal -0 0 1
    outer loop
      vertex 187.88 3.7 8
      vertex 199.88 -0.3 8
      vertex 199.88 3.7 8
    endloop
  endfacet
  facet normal 0 0 1
    outer loop
      vertex 199.88 -0.3 8
      vertex 187.88 3.7 8
      vertex 187.88 -0.3 8
    endloop
  endfacet
  facet normal 1 0 0
    outer loop
      vertex 199.88 -0.3 10.3
      vertex 199.88 -2.1 10.3
      vertex 199.88 -0.3 8
    endloop
  endfacet
  facet normal 1 -0 0
    outer loop
      vertex 199.88 -0.3 8
      vertex 199.88 3.7 4
      vertex 199.88 3.7 8
    endloop
  endfacet
  facet normal 1 0 0
    outer loop
      vertex 199.88 -0.3 8
      vertex 199.88 -2.1 4
      vertex 199.88 3.7 4
    endloop
  endfacet
  facet normal 1 0 0
    outer loop
      vertex 199.88 -2.1 4
      vertex 199.88 -0.3 8
      vertex 199.88 -2.1 10.3
    endloop
  endfacet
  facet normal 0 1 -0
    outer loop
      vertex 199.88 3.7 4
      vertex 187.88 3.7 8
      vertex 199.88 3.7 8
    endloop
  endfacet
  facet normal 0 1 0
    outer loop
      vertex 187.88 3.7 8
      vertex 199.88 3.7 4
      vertex 187.88 3.7 4
    endloop
  endfacet
  facet normal 0 1 -0
    outer loop
      vertex 199.88 -0.3 8
      vertex 187.88 -0.3 10.3
      vertex 199.88 -0.3 10.3
    endloop
  endfacet
  facet normal 0 1 0
    outer loop
      vertex 187.88 -0.3 10.3
      vertex 199.88 -0.3 8
      vertex 187.88 -0.3 8
    endloop
  endfacet
  facet normal -1 0 0
    outer loop
      vertex 3.9 4.7 4
      vertex 3.9 74.7 10.3
      vertex 3.9 74.7 4
    endloop
  endfacet
  facet normal -1 -0 0
    outer loop
      vertex 3.9 74.7 10.3
      vertex 3.9 4.7 4
      vertex 3.9 4.7 10.3
    endloop
  endfacet
  facet normal -0 0 1
    outer loop
      vertex 3.9 74.7 10.3
      vertex 5.7 4.7 10.3
      vertex 5.7 74.7 10.3
    endloop
  endfacet
  facet normal 0 0 1
    outer loop
      vertex 5.7 4.7 10.3
      vertex 3.9 74.7 10.3
      vertex 3.9 4.7 10.3
    endloop
  endfacet
  facet normal 1 -0 0
    outer loop
      vertex 5.7 4.7 10.3
      vertex 5.7 74.7 8
      vertex 5.7 74.7 10.3
    endloop
  endfacet
  facet normal 1 0 0
    outer loop
      vertex 5.7 74.7 8
      vertex 5.7 4.7 10.3
      vertex 5.7 4.7 8
    endloop
  endfacet
  facet normal -1 0 0
    outer loop
      vertex 5.7 139.7 4
      vertex 5.7 162.42 8
      vertex 5.7 162.42 4
    endloop
  endfacet
  facet normal -1 -0 0
    outer loop
      vertex 5.7 162.42 8
      vertex 5.7 139.7 4
      vertex 5.7 139.7 8
    endloop
  endfacet
  facet normal 1 -0 0
    outer loop
      vertex 5.7 99.7 10.3
      vertex 5.7 139.7 8
      vertex 5.7 139.7 10.3
    endloop
  endfacet
  facet normal 1 0 0
    outer loop
      vertex 5.7 139.7 8
      vertex 5.7 99.7 10.3
      vertex 5.7 99.7 8
    endloop
  endfacet
  facet normal -1 0 0
    outer loop
      vertex 5.7 74.7 4
      vertex 5.7 99.7 8
      vertex 5.7 99.7 4
    endloop
  endfacet
  facet normal -1 -0 0
    outer loop
      vertex 5.7 99.7 8
      vertex 5.7 74.7 4
      vertex 5.7 74.7 8
    endloop
  endfacet
  facet normal 0 1 -0
    outer loop
      vertex 5.7 74.7 8
      vertex 3.9 74.7 10.3
      vertex 5.7 74.7 10.3
    endloop
  endfacet
  facet normal 0 1 0
    outer loop
      vertex 3.9 74.7 4
      vertex 5.7 74.7 8
      vertex 5.7 74.7 4
    endloop
  endfacet
  facet normal 0 1 0
    outer loop
      vertex 5.7 74.7 8
      vertex 3.9 74.7 4
      vertex 3.9 74.7 10.3
    endloop
  endfacet
  facet normal 0 -1 0
    outer loop
      vertex 3.9 4.7 10.3
      vertex 5.7 4.7 8
      vertex 5.7 4.7 10.3
    endloop
  endfacet
  facet normal 0 -1 0
    outer loop
      vertex 3.9 4.7 4
      vertex 5.7 4.7 8
      vertex 3.9 4.7 10.3
    endloop
  endfacet
  facet normal 0 -1 0
    outer loop
      vertex 9.7 4.7 4
      vertex 5.7 4.7 8
      vertex 3.9 4.7 4
    endloop
  endfacet
  facet normal 0 -1 0
    outer loop
      vertex 5.7 4.7 8
      vertex 9.7 4.7 4
      vertex 9.7 4.7 8
    endloop
  endfacet
  facet normal -1 0 0
    outer loop
      vertex 3.9 99.7 4
      vertex 3.9 139.7 10.3
      vertex 3.9 139.7 4
    endloop
  endfacet
  facet normal -1 -0 0
    outer loop
      vertex 3.9 139.7 10.3
      vertex 3.9 99.7 4
      vertex 3.9 99.7 10.3
    endloop
  endfacet
  facet normal -0 0 1
    outer loop
      vertex 3.9 139.7 10.3
      vertex 5.7 99.7 10.3
      vertex 5.7 139.7 10.3
    endloop
  endfacet
  facet normal 0 0 1
    outer loop
      vertex 5.7 99.7 10.3
      vertex 3.9 139.7 10.3
      vertex 3.9 99.7 10.3
    endloop
  endfacet
  facet normal 0 1 -0
    outer loop
      vertex 5.7 139.7 8
      vertex 3.9 139.7 10.3
      vertex 5.7 139.7 10.3
    endloop
  endfacet
  facet normal 0 1 0
    outer loop
      vertex 3.9 139.7 4
      vertex 5.7 139.7 8
      vertex 5.7 139.7 4
    endloop
  endfacet
  facet normal 0 1 0
    outer loop
      vertex 5.7 139.7 8
      vertex 3.9 139.7 4
      vertex 3.9 139.7 10.3
    endloop
  endfacet
  facet normal 0 -1 0
    outer loop
      vertex 3.9 99.7 10.3
      vertex 5.7 99.7 8
      vertex 5.7 99.7 10.3
    endloop
  endfacet
  facet normal 0 -1 0
    outer loop
      vertex 3.9 99.7 4
      vertex 5.7 99.7 8
      vertex 3.9 99.7 10.3
    endloop
  endfacet
  facet normal 0 -1 -0
    outer loop
      vertex 5.7 99.7 8
      vertex 3.9 99.7 4
      vertex 5.7 99.7 4
    endloop
  endfacet
  facet normal -1 0 0
    outer loop
      vertex 215.18 4.7 8
      vertex 215.18 74.7 10.3
      vertex 215.18 74.7 8
    endloop
  endfacet
  facet normal -1 -0 0
    outer loop
      vertex 215.18 74.7 10.3
      vertex 215.18 4.7 8
      vertex 215.18 4.7 10.3
    endloop
  endfacet
  facet normal 1 -0 0
    outer loop
      vertex 215.18 139.7 8
      vertex 215.18 162.42 4
      vertex 215.18 162.42 8
    endloop
  endfacet
  facet normal 1 0 0
    outer loop
      vertex 215.18 162.42 4
      vertex 215.18 139.7 8
      vertex 215.18 139.7 4
    endloop
  endfacet
  facet normal -1 0 0
    outer loop
      vertex 215.18 99.7 8
      vertex 215.18 139.7 10.3
      vertex 215.18 139.7 8
    endloop
  endfacet
  facet normal -1 -0 0
    outer loop
      vertex 215.18 139.7 10.3
      vertex 215.18 99.7 8
      vertex 215.18 99.7 10.3
    endloop
  endfacet
  facet normal 1 -0 0
    outer loop
      vertex 215.18 74.7 8
      vertex 215.18 99.7 4
      vertex 215.18 99.7 8
    endloop
  endfacet
  facet normal 1 0 0
    outer loop
      vertex 215.18 99.7 4
      vertex 215.18 74.7 8
      vertex 215.18 74.7 4
    endloop
  endfacet
  facet normal -0 0 1
    outer loop
      vertex 215.18 74.7 10.3
      vertex 216.98 4.7 10.3
      vertex 216.98 74.7 10.3
    endloop
  endfacet
  facet normal 0 0 1
    outer loop
      vertex 216.98 4.7 10.3
      vertex 215.18 74.7 10.3
      vertex 215.18 4.7 10.3
    endloop
  endfacet
  facet normal 1 -0 0
    outer loop
      vertex 216.98 4.7 10.3
      vertex 216.98 74.7 4
      vertex 216.98 74.7 10.3
    endloop
  endfacet
  facet normal 1 0 0
    outer loop
      vertex 216.98 74.7 4
      vertex 216.98 4.7 10.3
      vertex 216.98 4.7 4
    endloop
  endfacet
  facet normal 0 1 0
    outer loop
      vertex 216.98 74.7 10.3
      vertex 215.18 74.7 8
      vertex 215.18 74.7 10.3
    endloop
  endfacet
  facet normal 0 1 -0
    outer loop
      vertex 216.98 74.7 4
      vertex 215.18 74.7 8
      vertex 216.98 74.7 10.3
    endloop
  endfacet
  facet normal 0 1 0
    outer loop
      vertex 215.18 74.7 8
      vertex 216.98 74.7 4
      vertex 215.18 74.7 4
    endloop
  endfacet
  facet normal 0 -1 0
    outer loop
      vertex 211.18 4.7 8
      vertex 211.18 4.7 4
      vertex 215.18 4.7 8
    endloop
  endfacet
  facet normal 0 -1 0
    outer loop
      vertex 215.18 4.7 8
      vertex 216.98 4.7 10.3
      vertex 215.18 4.7 10.3
    endloop
  endfacet
  facet normal 0 -1 0
    outer loop
      vertex 215.18 4.7 8
      vertex 216.98 4.7 4
      vertex 216.98 4.7 10.3
    endloop
  endfacet
  facet normal 0 -1 0
    outer loop
      vertex 216.98 4.7 4
      vertex 215.18 4.7 8
      vertex 211.18 4.7 4
    endloop
  endfacet
  facet normal -0 0 1
    outer loop
      vertex 215.18 139.7 10.3
      vertex 216.98 99.7 10.3
      vertex 216.98 139.7 10.3
    endloop
  endfacet
  facet normal 0 0 1
    outer loop
      vertex 216.98 99.7 10.3
      vertex 215.18 139.7 10.3
      vertex 215.18 99.7 10.3
    endloop
  endfacet
  facet normal 1 -0 0
    outer loop
      vertex 216.98 99.7 10.3
      vertex 216.98 139.7 4
      vertex 216.98 139.7 10.3
    endloop
  endfacet
  facet normal 1 0 0
    outer loop
      vertex 216.98 139.7 4
      vertex 216.98 99.7 10.3
      vertex 216.98 99.7 4
    endloop
  endfacet
  facet normal 0 -1 0
    outer loop
      vertex 215.18 99.7 8
      vertex 216.98 99.7 10.3
      vertex 215.18 99.7 10.3
    endloop
  endfacet
  facet normal 0 -1 0
    outer loop
      vertex 216.98 99.7 4
      vertex 215.18 99.7 8
      vertex 215.18 99.7 4
    endloop
  endfacet
  facet normal 0 -1 0
    outer loop
      vertex 215.18 99.7 8
      vertex 216.98 99.7 4
      vertex 216.98 99.7 10.3
    endloop
  endfacet
  facet normal 0 1 0
    outer loop
      vertex 216.98 139.7 10.3
      vertex 215.18 139.7 8
      vertex 215.18 139.7 10.3
    endloop
  endfacet
  facet normal 0 1 -0
    outer loop
      vertex 216.98 139.7 4
      vertex 215.18 139.7 8
      vertex 216.98 139.7 10.3
    endloop
  endfacet
  facet normal 0 1 0
    outer loop
      vertex 215.18 139.7 8
      vertex 216.98 139.7 4
      vertex 215.18 139.7 4
    endloop
  endfacet
  facet normal -0 0 1
    outer loop
      vertex 21 -0.3 10.3
      vertex 33 -2.1 10.3
      vertex 33 -0.3 10.3
    endloop
  endfacet
  facet normal 0 0 1
    outer loop
      vertex 33 -2.1 10.3
      vertex 21 -0.3 10.3
      vertex 21 -2.1 10.3
    endloop
  endfacet
  facet normal 0 -1 0
    outer loop
      vertex 21 -2.1 4
      vertex 33 -2.1 10.3
      vertex 21 -2.1 10.3
    endloop
  endfacet
  facet normal 0 -1 -0
    outer loop
      vertex 33 -2.1 10.3
      vertex 21 -2.1 4
      vertex 33 -2.1 4
    endloop
  endfacet
  facet normal -0 0 1
    outer loop
      vertex 187.88 -0.3 10.3
      vertex 199.88 -2.1 10.3
      vertex 199.88 -0.3 10.3
    endloop
  endfacet
  facet normal 0 0 1
    outer loop
      vertex 199.88 -2.1 10.3
      vertex 187.88 -0.3 10.3
      vertex 187.88 -2.1 10.3
    endloop
  endfacet
  facet normal 0 -1 0
    outer loop
      vertex 187.88 -2.1 4
      vertex 199.88 -2.1 10.3
      vertex 187.88 -2.1 10.3
    endloop
  endfacet
  facet normal 0 -1 -0
    outer loop
      vertex 199.88 -2.1 10.3
      vertex 187.88 -2.1 4
      vertex 199.88 -2.1 4
    endloop
  endfacet
  facet normal -1 0 0
    outer loop
      vertex -3.43323e-07 153.735 0
      vertex -3.43323e-07 173.12 4
      vertex -3.43323e-07 173.12 0
    endloop
  endfacet
  facet normal -1 -0 0
    outer loop
      vertex -3.43323e-07 173.12 4
      vertex -3.43323e-07 153.735 0
      vertex -3.43323e-07 153.735 4
    endloop
  endfacet
  facet normal -1 0 0
    outer loop
      vertex -3.43323e-07 2 0
      vertex -3.43323e-07 75.8412 4
      vertex -3.43323e-07 75.8412 0
    endloop
  endfacet
  facet normal -1 -0 0
    outer loop
      vertex -3.43323e-07 75.8412 4
      vertex -3.43323e-07 2 0
      vertex -3.43323e-07 2 4
    endloop
  endfacet
  facet normal -1 0 0
    outer loop
      vertex -3.43323e-07 88.7348 0
      vertex -3.43323e-07 140.841 4
      vertex -3.43323e-07 140.841 0
    endloop
  endfacet
  facet normal -1 -0 0
    outer loop
      vertex -3.43323e-07 140.841 4
      vertex -3.43323e-07 88.7348 0
      vertex -3.43323e-07 88.7348 4
    endloop
  endfacet
  facet normal 1 -0 0
    outer loop
      vertex 220.88 153.735 4
      vertex 220.88 173.12 0
      vertex 220.88 173.12 4
    endloop
  endfacet
  facet normal 1 0 0
    outer loop
      vertex 220.88 173.12 0
      vertex 220.88 153.735 4
      vertex 220.88 153.735 0
    endloop
  endfacet
  facet normal 1 -0 0
    outer loop
      vertex 220.88 2 4
      vertex 220.88 75.8412 0
      vertex 220.88 75.8412 4
    endloop
  endfacet
  facet normal 1 0 0
    outer loop
      vertex 220.88 75.8412 0
      vertex 220.88 2 4
      vertex 220.88 2 0
    endloop
  endfacet
  facet normal 1 -0 0
    outer loop
      vertex 220.88 88.7348 4
      vertex 220.88 140.841 0
      vertex 220.88 140.841 4
    endloop
  endfacet
  facet normal 1 0 0
    outer loop
      vertex 220.88 140.841 0
      vertex 220.88 88.7348 4
      vertex 220.88 88.7348 0
    endloop
  endfacet
  facet normal 0 1 -0
    outer loop
      vertex 220.88 173.12 0
      vertex -3.43323e-07 173.12 4
      vertex 220.88 173.12 4
    endloop
  endfacet
  facet normal 0 1 0
    outer loop
      vertex -3.43323e-07 173.12 4
      vertex 220.88 173.12 0
      vertex -3.43323e-07 173.12 0
    endloop
  endfacet
  facet normal 0 -1 0
    outer loop
      vertex 7.04 -10.112 0
      vertex 218.14 -10.112 4
      vertex 7.04 -10.112 4
    endloop
  endfacet
  facet normal 0 -1 -0
    outer loop
      vertex 218.14 -10.112 4
      vertex 7.04 -10.112 0
      vertex 218.14 -10.112 0
    endloop
  endfacet
  facet normal 0 0 1
    outer loop
      vertex 5.7 139.7 8
      vertex 9.7 162.42 8
      vertex 5.7 162.42 8
    endloop
  endfacet
  facet normal 0 0 1
    outer loop
      vertex 5.7 99.7 8
      vertex 9.7 162.42 8
      vertex 5.7 139.7 8
    endloop
  endfacet
  facet normal 0 0 1
    outer loop
      vertex 9.7 162.42 8
      vertex 5.7 99.7 8
      vertex 9.7 4.7 8
    endloop
  endfacet
  facet normal -0 0 1
    outer loop
      vertex 5.7 74.7 8
      vertex 9.7 4.7 8
      vertex 5.7 99.7 8
    endloop
  endfacet
  facet normal 0 0 1
    outer loop
      vertex 9.7 4.7 8
      vertex 5.7 74.7 8
      vertex 5.7 4.7 8
    endloop
  endfacet
  facet normal 1 -0 0
    outer loop
      vertex 9.7 4.7 8
      vertex 9.7 162.42 4
      vertex 9.7 162.42 8
    endloop
  endfacet
  facet normal 1 0 0
    outer loop
      vertex 9.7 162.42 4
      vertex 9.7 4.7 8
      vertex 9.7 4.7 4
    endloop
  endfacet
  facet normal 0 1 -0
    outer loop
      vertex 9.7 162.42 4
      vertex 5.7 162.42 8
      vertex 9.7 162.42 8
    endloop
  endfacet
  facet normal 0 1 0
    outer loop
      vertex 5.7 162.42 8
      vertex 9.7 162.42 4
      vertex 5.7 162.42 4
    endloop
  endfacet
  facet normal -1 0 0
    outer loop
      vertex 211.18 4.7 4
      vertex 211.18 162.42 8
      vertex 211.18 162.42 4
    endloop
  endfacet
  facet normal -1 -0 0
    outer loop
      vertex 211.18 162.42 8
      vertex 211.18 4.7 4
      vertex 211.18 4.7 8
    endloop
  endfacet
  facet normal -0 0 1
    outer loop
      vertex 211.18 162.42 8
      vertex 215.18 139.7 8
      vertex 215.18 162.42 8
    endloop
  endfacet
  facet normal 0 0 1
    outer loop
      vertex 215.18 139.7 8
      vertex 211.18 162.42 8
      vertex 215.18 99.7 8
    endloop
  endfacet
  facet normal 0 0 1
    outer loop
      vertex 215.18 99.7 8
      vertex 211.18 162.42 8
      vertex 215.18 74.7 8
    endloop
  endfacet
  facet normal 0 0 1
    outer loop
      vertex 211.18 4.7 8
      vertex 215.18 74.7 8
      vertex 211.18 162.42 8
    endloop
  endfacet
  facet normal 0 0 1
    outer loop
      vertex 215.18 74.7 8
      vertex 211.18 4.7 8
      vertex 215.18 4.7 8
    endloop
  endfacet
  facet normal 0 1 -0
    outer loop
      vertex 215.18 162.42 4
      vertex 211.18 162.42 8
      vertex 215.18 162.42 8
    endloop
  endfacet
  facet normal 0 1 0
    outer loop
      vertex 211.18 162.42 8
      vertex 215.18 162.42 4
      vertex 211.18 162.42 4
    endloop
  endfacet
  facet normal -1 0 0
    outer loop
      vertex 50.44 167.42 4
      vertex 50.44 169.22 10.3
      vertex 50.44 169.22 4
    endloop
  endfacet
  facet normal -1 -0 0
    outer loop
      vertex 50.44 169.22 10.3
      vertex 50.44 167.42 4
      vertex 50.44 167.42 10.3
    endloop
  endfacet
  facet normal -0 0 1
    outer loop
      vertex 50.44 169.22 10.3
      vertex 170.44 167.42 10.3
      vertex 170.44 169.22 10.3
    endloop
  endfacet
  facet normal 0 0 1
    outer loop
      vertex 170.44 167.42 10.3
      vertex 50.44 169.22 10.3
      vertex 50.44 167.42 10.3
    endloop
  endfacet
  facet normal 1 -0 0
    outer loop
      vertex 170.44 167.42 10.3
      vertex 170.44 169.22 4
      vertex 170.44 169.22 10.3
    endloop
  endfacet
  facet normal 1 0 0
    outer loop
      vertex 170.44 169.22 4
      vertex 170.44 167.42 10.3
      vertex 170.44 167.42 4
    endloop
  endfacet
  facet normal 0 -1 0
    outer loop
      vertex 50.44 167.42 4
      vertex 170.44 167.42 10.3
      vertex 50.44 167.42 10.3
    endloop
  endfacet
  facet normal 0 -1 -0
    outer loop
      vertex 170.44 167.42 10.3
      vertex 50.44 167.42 4
      vertex 170.44 167.42 4
    endloop
  endfacet
  facet normal 0 1 -0
    outer loop
      vertex 170.44 169.22 4
      vertex 50.44 169.22 10.3
      vertex 170.44 169.22 10.3
    endloop
  endfacet
  facet normal 0 1 0
    outer loop
      vertex 50.44 169.22 10.3
      vertex 170.44 169.22 4
      vertex 50.44 169.22 4
    endloop
  endfacet
  facet normal -0.881925 -0.47139 0
    outer loop
      vertex 2.11059 -12.0614 0
      vertex 1.9535 -11.7675 4
      vertex 1.9535 -11.7675 0
    endloop
  endfacet
  facet normal -0.881925 -0.47139 0
    outer loop
      vertex 1.9535 -11.7675 4
      vertex 2.11059 -12.0614 0
      vertex 2.11059 -12.0614 4
    endloop
  endfacet
  facet normal 0.995188 -0.0979886 0
    outer loop
      vertex -1.16 -12.712 4
      vertex -1.12734 -12.3803 0
      vertex -1.12734 -12.3803 4
    endloop
  endfacet
  facet normal 0.995188 -0.0979886 0
    outer loop
      vertex -1.12734 -12.3803 0
      vertex -1.16 -12.712 4
      vertex -1.16 -12.712 0
    endloop
  endfacet
  facet normal -0.772991 -0.634417 0
    outer loop
      vertex 1.9535 -11.7675 0
      vertex 1.74208 -11.5099 4
      vertex 1.74208 -11.5099 0
    endloop
  endfacet
  facet normal -0.772991 -0.634417 0
    outer loop
      vertex 1.74208 -11.5099 4
      vertex 1.9535 -11.7675 0
      vertex 1.9535 -11.7675 4
    endloop
  endfacet
  facet normal -0.290176 -0.956973 0
    outer loop
      vertex 0.871653 -11.0447 0
      vertex 1.19056 -11.1414 4
      vertex 0.871653 -11.0447 4
    endloop
  endfacet
  facet normal -0.290176 -0.956973 -0
    outer loop
      vertex 1.19056 -11.1414 4
      vertex 0.871653 -11.0447 0
      vertex 1.19056 -11.1414 0
    endloop
  endfacet
  facet normal 0.471405 -0.881917 0
    outer loop
      vertex -0.40447 -11.2985 0
      vertex -0.110563 -11.1414 4
      vertex -0.40447 -11.2985 4
    endloop
  endfacet
  facet normal 0.471405 -0.881917 0
    outer loop
      vertex -0.110563 -11.1414 4
      vertex -0.40447 -11.2985 0
      vertex -0.110563 -11.1414 0
    endloop
  endfacet
  facet normal 0.956938 -0.290292 0
    outer loop
      vertex -1.12734 -12.3803 4
      vertex -1.0306 -12.0614 0
      vertex -1.0306 -12.0614 4
    endloop
  endfacet
  facet normal 0.956938 -0.290292 0
    outer loop
      vertex -1.0306 -12.0614 0
      vertex -1.12734 -12.3803 4
      vertex -1.12734 -12.3803 0
    endloop
  endfacet
  facet normal -0.995185 0.0980183 0
    outer loop
      vertex 2.20733 -13.0437 0
      vertex 2.24 -12.712 4
      vertex 2.24 -12.712 0
    endloop
  endfacet
  facet normal -0.995185 0.0980183 0
    outer loop
      vertex 2.24 -12.712 4
      vertex 2.20733 -13.0437 0
      vertex 2.20733 -13.0437 4
    endloop
  endfacet
  facet normal -0.290176 0.956973 0
    outer loop
      vertex 1.19056 -14.2826 0
      vertex 0.871653 -14.3793 4
      vertex 1.19056 -14.2826 4
    endloop
  endfacet
  facet normal -0.290176 0.956973 0
    outer loop
      vertex 0.871653 -14.3793 4
      vertex 1.19056 -14.2826 0
      vertex 0.871653 -14.3793 0
    endloop
  endfacet
  facet normal -0.634366 -0.773033 0
    outer loop
      vertex 1.48447 -11.2985 0
      vertex 1.74208 -11.5099 4
      vertex 1.48447 -11.2985 4
    endloop
  endfacet
  facet normal -0.634366 -0.773033 -0
    outer loop
      vertex 1.74208 -11.5099 4
      vertex 1.48447 -11.2985 0
      vertex 1.74208 -11.5099 0
    endloop
  endfacet
  facet normal 0.098121 -0.995174 0
    outer loop
      vertex 0.208346 -11.0447 0
      vertex 0.54 -11.012 4
      vertex 0.208346 -11.0447 4
    endloop
  endfacet
  facet normal 0.098121 -0.995174 0
    outer loop
      vertex 0.54 -11.012 4
      vertex 0.208346 -11.0447 0
      vertex 0.54 -11.012 0
    endloop
  endfacet
  facet normal -0.471401 -0.881919 0
    outer loop
      vertex 1.19056 -11.1414 0
      vertex 1.48447 -11.2985 4
      vertex 1.19056 -11.1414 4
    endloop
  endfacet
  facet normal -0.471401 -0.881919 -0
    outer loop
      vertex 1.48447 -11.2985 4
      vertex 1.19056 -11.1414 0
      vertex 1.48447 -11.2985 0
    endloop
  endfacet
  facet normal 0.995188 0.0979886 0
    outer loop
      vertex -1.12734 -13.0437 4
      vertex -1.16 -12.712 0
      vertex -1.16 -12.712 4
    endloop
  endfacet
  facet normal 0.995188 0.0979886 0
    outer loop
      vertex -1.16 -12.712 0
      vertex -1.12734 -13.0437 4
      vertex -1.12734 -13.0437 0
    endloop
  endfacet
  facet normal 0.881911 -0.471416 0
    outer loop
      vertex -1.0306 -12.0614 4
      vertex -0.873499 -11.7675 0
      vertex -0.873499 -11.7675 4
    endloop
  endfacet
  facet normal 0.881911 -0.471416 0
    outer loop
      vertex -0.873499 -11.7675 0
      vertex -1.0306 -12.0614 4
      vertex -1.0306 -12.0614 0
    endloop
  endfacet
  facet normal 0.634363 -0.773035 0
    outer loop
      vertex -0.662082 -11.5099 0
      vertex -0.40447 -11.2985 4
      vertex -0.662082 -11.5099 4
    endloop
  endfacet
  facet normal 0.634363 -0.773035 0
    outer loop
      vertex -0.40447 -11.2985 4
      vertex -0.662082 -11.5099 0
      vertex -0.40447 -11.2985 0
    endloop
  endfacet
  facet normal 0.290175 -0.956974 0
    outer loop
      vertex -0.110563 -11.1414 0
      vertex 0.208346 -11.0447 4
      vertex -0.110563 -11.1414 4
    endloop
  endfacet
  facet normal 0.290175 -0.956974 0
    outer loop
      vertex 0.208346 -11.0447 4
      vertex -0.110563 -11.1414 0
      vertex 0.208346 -11.0447 0
    endloop
  endfacet
  facet normal 0.772996 -0.634411 0
    outer loop
      vertex -0.873499 -11.7675 4
      vertex -0.662082 -11.5099 0
      vertex -0.662082 -11.5099 4
    endloop
  endfacet
  facet normal 0.772996 -0.634411 0
    outer loop
      vertex -0.662082 -11.5099 0
      vertex -0.873499 -11.7675 4
      vertex -0.873499 -11.7675 0
    endloop
  endfacet
  facet normal -0.995185 -0.0980183 0
    outer loop
      vertex 2.24 -12.712 0
      vertex 2.20733 -12.3803 4
      vertex 2.20733 -12.3803 0
    endloop
  endfacet
  facet normal -0.995185 -0.0980183 0
    outer loop
      vertex 2.20733 -12.3803 4
      vertex 2.24 -12.712 0
      vertex 2.24 -12.712 4
    endloop
  endfacet
  facet normal 0.471405 0.881917 -0
    outer loop
      vertex -0.110563 -14.2826 0
      vertex -0.40447 -14.1255 4
      vertex -0.110563 -14.2826 4
    endloop
  endfacet
  facet normal 0.471405 0.881917 0
    outer loop
      vertex -0.40447 -14.1255 4
      vertex -0.110563 -14.2826 0
      vertex -0.40447 -14.1255 0
    endloop
  endfacet
  facet normal 0.772996 0.634411 0
    outer loop
      vertex -0.662082 -13.9141 4
      vertex -0.873499 -13.6565 0
      vertex -0.873499 -13.6565 4
    endloop
  endfacet
  facet normal 0.772996 0.634411 0
    outer loop
      vertex -0.873499 -13.6565 0
      vertex -0.662082 -13.9141 4
      vertex -0.662082 -13.9141 0
    endloop
  endfacet
  facet normal -0.634366 0.773033 0
    outer loop
      vertex 1.74208 -13.9141 0
      vertex 1.48447 -14.1255 4
      vertex 1.74208 -13.9141 4
    endloop
  endfacet
  facet normal -0.634366 0.773033 0
    outer loop
      vertex 1.48447 -14.1255 4
      vertex 1.74208 -13.9141 0
      vertex 1.48447 -14.1255 0
    endloop
  endfacet
  facet normal -0.956938 -0.290292 0
    outer loop
      vertex 2.20733 -12.3803 0
      vertex 2.11059 -12.0614 4
      vertex 2.11059 -12.0614 0
    endloop
  endfacet
  facet normal -0.956938 -0.290292 0
    outer loop
      vertex 2.11059 -12.0614 4
      vertex 2.20733 -12.3803 0
      vertex 2.20733 -12.3803 4
    endloop
  endfacet
  facet normal -0.0981212 -0.995174 0
    outer loop
      vertex 0.54 -11.012 0
      vertex 0.871653 -11.0447 4
      vertex 0.54 -11.012 4
    endloop
  endfacet
  facet normal -0.0981212 -0.995174 -0
    outer loop
      vertex 0.871653 -11.0447 4
      vertex 0.54 -11.012 0
      vertex 0.871653 -11.0447 0
    endloop
  endfacet
  facet normal -0.881925 0.47139 0
    outer loop
      vertex 1.9535 -13.6565 0
      vertex 2.11059 -13.3626 4
      vertex 2.11059 -13.3626 0
    endloop
  endfacet
  facet normal -0.881925 0.47139 0
    outer loop
      vertex 2.11059 -13.3626 4
      vertex 1.9535 -13.6565 0
      vertex 1.9535 -13.6565 4
    endloop
  endfacet
  facet normal 0.956938 0.290292 0
    outer loop
      vertex -1.0306 -13.3626 4
      vertex -1.12734 -13.0437 0
      vertex -1.12734 -13.0437 4
    endloop
  endfacet
  facet normal 0.956938 0.290292 0
    outer loop
      vertex -1.12734 -13.0437 0
      vertex -1.0306 -13.3626 4
      vertex -1.0306 -13.3626 0
    endloop
  endfacet
  facet normal 0.634363 0.773035 -0
    outer loop
      vertex -0.40447 -14.1255 0
      vertex -0.662082 -13.9141 4
      vertex -0.40447 -14.1255 4
    endloop
  endfacet
  facet normal 0.634363 0.773035 0
    outer loop
      vertex -0.662082 -13.9141 4
      vertex -0.40447 -14.1255 0
      vertex -0.662082 -13.9141 0
    endloop
  endfacet
  facet normal -0.471401 0.881919 0
    outer loop
      vertex 1.48447 -14.1255 0
      vertex 1.19056 -14.2826 4
      vertex 1.48447 -14.1255 4
    endloop
  endfacet
  facet normal -0.471401 0.881919 0
    outer loop
      vertex 1.19056 -14.2826 4
      vertex 1.48447 -14.1255 0
      vertex 1.19056 -14.2826 0
    endloop
  endfacet
  facet normal -0.956938 0.290292 0
    outer loop
      vertex 2.11059 -13.3626 0
      vertex 2.20733 -13.0437 4
      vertex 2.20733 -13.0437 0
    endloop
  endfacet
  facet normal -0.956938 0.290292 0
    outer loop
      vertex 2.20733 -13.0437 4
      vertex 2.11059 -13.3626 0
      vertex 2.11059 -13.3626 4
    endloop
  endfacet
  facet normal 0.290175 0.956974 -0
    outer loop
      vertex 0.208346 -14.3793 0
      vertex -0.110563 -14.2826 4
      vertex 0.208346 -14.3793 4
    endloop
  endfacet
  facet normal 0.290175 0.956974 0
    outer loop
      vertex -0.110563 -14.2826 4
      vertex 0.208346 -14.3793 0
      vertex -0.110563 -14.2826 0
    endloop
  endfacet
  facet normal -0.0981212 0.995174 0
    outer loop
      vertex 0.871653 -14.3793 0
      vertex 0.54 -14.412 4
      vertex 0.871653 -14.3793 4
    endloop
  endfacet
  facet normal -0.0981212 0.995174 0
    outer loop
      vertex 0.54 -14.412 4
      vertex 0.871653 -14.3793 0
      vertex 0.54 -14.412 0
    endloop
  endfacet
  facet normal 0.881911 0.471416 0
    outer loop
      vertex -0.873499 -13.6565 4
      vertex -1.0306 -13.3626 0
      vertex -1.0306 -13.3626 4
    endloop
  endfacet
  facet normal 0.881911 0.471416 0
    outer loop
      vertex -1.0306 -13.3626 0
      vertex -0.873499 -13.6565 4
      vertex -0.873499 -13.6565 0
    endloop
  endfacet
  facet normal -0.772991 0.634417 0
    outer loop
      vertex 1.74208 -13.9141 0
      vertex 1.9535 -13.6565 4
      vertex 1.9535 -13.6565 0
    endloop
  endfacet
  facet normal -0.772991 0.634417 0
    outer loop
      vertex 1.9535 -13.6565 4
      vertex 1.74208 -13.9141 0
      vertex 1.74208 -13.9141 4
    endloop
  endfacet
  facet normal 0.098121 0.995174 -0
    outer loop
      vertex 0.54 -14.412 0
      vertex 0.208346 -14.3793 4
      vertex 0.54 -14.412 4
    endloop
  endfacet
  facet normal 0.098121 0.995174 0
    outer loop
      vertex 0.208346 -14.3793 4
      vertex 0.54 -14.412 0
      vertex 0.208346 -14.3793 0
    endloop
  endfacet
  facet normal -0.995185 -0.0980183 0
    outer loop
      vertex 2.24 82.288 0
      vertex 2.20733 82.6197 4
      vertex 2.20733 82.6197 0
    endloop
  endfacet
  facet normal -0.995185 -0.0980183 0
    outer loop
      vertex 2.20733 82.6197 4
      vertex 2.24 82.288 0
      vertex 2.24 82.288 4
    endloop
  endfacet
  facet normal 0.098121 -0.995174 0
    outer loop
      vertex 0.208346 83.9553 0
      vertex 0.54 83.988 4
      vertex 0.208346 83.9553 4
    endloop
  endfacet
  facet normal 0.098121 -0.995174 0
    outer loop
      vertex 0.54 83.988 4
      vertex 0.208346 83.9553 0
      vertex 0.54 83.988 0
    endloop
  endfacet
  facet normal -0.634366 -0.773033 0
    outer loop
      vertex 1.48447 83.7015 0
      vertex 1.74208 83.4901 4
      vertex 1.48447 83.7015 4
    endloop
  endfacet
  facet normal -0.634366 -0.773033 -0
    outer loop
      vertex 1.74208 83.4901 4
      vertex 1.48447 83.7015 0
      vertex 1.74208 83.4901 0
    endloop
  endfacet
  facet normal 0.772996 -0.634411 0
    outer loop
      vertex -0.873499 83.2325 4
      vertex -0.662082 83.4901 0
      vertex -0.662082 83.4901 4
    endloop
  endfacet
  facet normal 0.772996 -0.634411 0
    outer loop
      vertex -0.662082 83.4901 0
      vertex -0.873499 83.2325 4
      vertex -0.873499 83.2325 0
    endloop
  endfacet
  facet normal 0.471405 -0.881917 0
    outer loop
      vertex -0.40447 83.7015 0
      vertex -0.110563 83.8586 4
      vertex -0.40447 83.7015 4
    endloop
  endfacet
  facet normal 0.471405 -0.881917 0
    outer loop
      vertex -0.110563 83.8586 4
      vertex -0.40447 83.7015 0
      vertex -0.110563 83.8586 0
    endloop
  endfacet
  facet normal -0.881925 -0.47139 0
    outer loop
      vertex 2.11059 82.9386 0
      vertex 1.9535 83.2325 4
      vertex 1.9535 83.2325 0
    endloop
  endfacet
  facet normal -0.881925 -0.47139 0
    outer loop
      vertex 1.9535 83.2325 4
      vertex 2.11059 82.9386 0
      vertex 2.11059 82.9386 4
    endloop
  endfacet
  facet normal -0.956938 -0.290292 0
    outer loop
      vertex 2.20733 82.6197 0
      vertex 2.11059 82.9386 4
      vertex 2.11059 82.9386 0
    endloop
  endfacet
  facet normal -0.956938 -0.290292 0
    outer loop
      vertex 2.11059 82.9386 4
      vertex 2.20733 82.6197 0
      vertex 2.20733 82.6197 4
    endloop
  endfacet
  facet normal -0.772991 -0.634417 0
    outer loop
      vertex 1.9535 83.2325 0
      vertex 1.74208 83.4901 4
      vertex 1.74208 83.4901 0
    endloop
  endfacet
  facet normal -0.772991 -0.634417 0
    outer loop
      vertex 1.74208 83.4901 4
      vertex 1.9535 83.2325 0
      vertex 1.9535 83.2325 4
    endloop
  endfacet
  facet normal -0.290176 -0.956973 0
    outer loop
      vertex 0.871653 83.9553 0
      vertex 1.19056 83.8586 4
      vertex 0.871653 83.9553 4
    endloop
  endfacet
  facet normal -0.290176 -0.956973 -0
    outer loop
      vertex 1.19056 83.8586 4
      vertex 0.871653 83.9553 0
      vertex 1.19056 83.8586 0
    endloop
  endfacet
  facet normal -0.0981212 -0.995174 0
    outer loop
      vertex 0.54 83.988 0
      vertex 0.871653 83.9553 4
      vertex 0.54 83.988 4
    endloop
  endfacet
  facet normal -0.0981212 -0.995174 -0
    outer loop
      vertex 0.871653 83.9553 4
      vertex 0.54 83.988 0
      vertex 0.871653 83.9553 0
    endloop
  endfacet
  facet normal -0.471401 -0.881919 0
    outer loop
      vertex 1.19056 83.8586 0
      vertex 1.48447 83.7015 4
      vertex 1.19056 83.8586 4
    endloop
  endfacet
  facet normal -0.471401 -0.881919 -0
    outer loop
      vertex 1.48447 83.7015 4
      vertex 1.19056 83.8586 0
      vertex 1.48447 83.7015 0
    endloop
  endfacet
  facet normal 0.956938 -0.290292 0
    outer loop
      vertex -1.12734 82.6197 4
      vertex -1.0306 82.9386 0
      vertex -1.0306 82.9386 4
    endloop
  endfacet
  facet normal 0.956938 -0.290292 0
    outer loop
      vertex -1.0306 82.9386 0
      vertex -1.12734 82.6197 4
      vertex -1.12734 82.6197 0
    endloop
  endfacet
  facet normal 0.881911 -0.471416 0
    outer loop
      vertex -1.0306 82.9386 4
      vertex -0.873499 83.2325 0
      vertex -0.873499 83.2325 4
    endloop
  endfacet
  facet normal 0.881911 -0.471416 0
    outer loop
      vertex -0.873499 83.2325 0
      vertex -1.0306 82.9386 4
      vertex -1.0306 82.9386 0
    endloop
  endfacet
  facet normal 0.995188 -0.0979886 0
    outer loop
      vertex -1.16 82.288 4
      vertex -1.12734 82.6197 0
      vertex -1.12734 82.6197 4
    endloop
  endfacet
  facet normal 0.995188 -0.0979886 0
    outer loop
      vertex -1.12734 82.6197 0
      vertex -1.16 82.288 4
      vertex -1.16 82.288 0
    endloop
  endfacet
  facet normal 0.634363 -0.773035 0
    outer loop
      vertex -0.662082 83.4901 0
      vertex -0.40447 83.7015 4
      vertex -0.662082 83.4901 4
    endloop
  endfacet
  facet normal 0.634363 -0.773035 0
    outer loop
      vertex -0.40447 83.7015 4
      vertex -0.662082 83.4901 0
      vertex -0.40447 83.7015 0
    endloop
  endfacet
  facet normal 0.290175 -0.956974 0
    outer loop
      vertex -0.110563 83.8586 0
      vertex 0.208346 83.9553 4
      vertex -0.110563 83.8586 4
    endloop
  endfacet
  facet normal 0.290175 -0.956974 0
    outer loop
      vertex 0.208346 83.9553 4
      vertex -0.110563 83.8586 0
      vertex 0.208346 83.9553 0
    endloop
  endfacet
  facet normal -0.881925 0.47139 0
    outer loop
      vertex 1.9535 81.3435 0
      vertex 2.11059 81.6374 4
      vertex 2.11059 81.6374 0
    endloop
  endfacet
  facet normal -0.881925 0.47139 0
    outer loop
      vertex 2.11059 81.6374 4
      vertex 1.9535 81.3435 0
      vertex 1.9535 81.3435 4
    endloop
  endfacet
  facet normal -0.995185 0.0980183 0
    outer loop
      vertex 2.20733 81.9563 0
      vertex 2.24 82.288 4
      vertex 2.24 82.288 0
    endloop
  endfacet
  facet normal -0.995185 0.0980183 0
    outer loop
      vertex 2.24 82.288 4
      vertex 2.20733 81.9563 0
      vertex 2.20733 81.9563 4
    endloop
  endfacet
  facet normal 0.098121 0.995174 -0
    outer loop
      vertex 0.54 80.588 0
      vertex 0.208346 80.6207 4
      vertex 0.54 80.588 4
    endloop
  endfacet
  facet normal 0.098121 0.995174 0
    outer loop
      vertex 0.208346 80.6207 4
      vertex 0.54 80.588 0
      vertex 0.208346 80.6207 0
    endloop
  endfacet
  facet normal 0.995188 0.0979886 0
    outer loop
      vertex -1.12734 81.9563 4
      vertex -1.16 82.288 0
      vertex -1.16 82.288 4
    endloop
  endfacet
  facet normal 0.995188 0.0979886 0
    outer loop
      vertex -1.16 82.288 0
      vertex -1.12734 81.9563 4
      vertex -1.12734 81.9563 0
    endloop
  endfacet
  facet normal -0.634366 0.773033 0
    outer loop
      vertex 1.74208 81.0859 0
      vertex 1.48447 80.8745 4
      vertex 1.74208 81.0859 4
    endloop
  endfacet
  facet normal -0.634366 0.773033 0
    outer loop
      vertex 1.48447 80.8745 4
      vertex 1.74208 81.0859 0
      vertex 1.48447 80.8745 0
    endloop
  endfacet
  facet normal 0.772996 0.634411 0
    outer loop
      vertex -0.662082 81.0859 4
      vertex -0.873499 81.3435 0
      vertex -0.873499 81.3435 4
    endloop
  endfacet
  facet normal 0.772996 0.634411 0
    outer loop
      vertex -0.873499 81.3435 0
      vertex -0.662082 81.0859 4
      vertex -0.662082 81.0859 0
    endloop
  endfacet
  facet normal 0.956938 0.290292 0
    outer loop
      vertex -1.0306 81.6374 4
      vertex -1.12734 81.9563 0
      vertex -1.12734 81.9563 4
    endloop
  endfacet
  facet normal 0.956938 0.290292 0
    outer loop
      vertex -1.12734 81.9563 0
      vertex -1.0306 81.6374 4
      vertex -1.0306 81.6374 0
    endloop
  endfacet
  facet normal 0.881911 0.471416 0
    outer loop
      vertex -0.873499 81.3435 4
      vertex -1.0306 81.6374 0
      vertex -1.0306 81.6374 4
    endloop
  endfacet
  facet normal 0.881911 0.471416 0
    outer loop
      vertex -1.0306 81.6374 0
      vertex -0.873499 81.3435 4
      vertex -0.873499 81.3435 0
    endloop
  endfacet
  facet normal -0.290176 0.956973 0
    outer loop
      vertex 1.19056 80.7174 0
      vertex 0.871653 80.6207 4
      vertex 1.19056 80.7174 4
    endloop
  endfacet
  facet normal -0.290176 0.956973 0
    outer loop
      vertex 0.871653 80.6207 4
      vertex 1.19056 80.7174 0
      vertex 0.871653 80.6207 0
    endloop
  endfacet
  facet normal -0.956938 0.290292 0
    outer loop
      vertex 2.11059 81.6374 0
      vertex 2.20733 81.9563 4
      vertex 2.20733 81.9563 0
    endloop
  endfacet
  facet normal -0.956938 0.290292 0
    outer loop
      vertex 2.20733 81.9563 4
      vertex 2.11059 81.6374 0
      vertex 2.11059 81.6374 4
    endloop
  endfacet
  facet normal -0.0981212 0.995174 0
    outer loop
      vertex 0.871653 80.6207 0
      vertex 0.54 80.588 4
      vertex 0.871653 80.6207 4
    endloop
  endfacet
  facet normal -0.0981212 0.995174 0
    outer loop
      vertex 0.54 80.588 4
      vertex 0.871653 80.6207 0
      vertex 0.54 80.588 0
    endloop
  endfacet
  facet normal 0.471405 0.881917 -0
    outer loop
      vertex -0.110563 80.7174 0
      vertex -0.40447 80.8745 4
      vertex -0.110563 80.7174 4
    endloop
  endfacet
  facet normal 0.471405 0.881917 0
    outer loop
      vertex -0.40447 80.8745 4
      vertex -0.110563 80.7174 0
      vertex -0.40447 80.8745 0
    endloop
  endfacet
  facet normal 0.290175 0.956974 -0
    outer loop
      vertex 0.208346 80.6207 0
      vertex -0.110563 80.7174 4
      vertex 0.208346 80.6207 4
    endloop
  endfacet
  facet normal 0.290175 0.956974 0
    outer loop
      vertex -0.110563 80.7174 4
      vertex 0.208346 80.6207 0
      vertex -0.110563 80.7174 0
    endloop
  endfacet
  facet normal 0.634363 0.773035 -0
    outer loop
      vertex -0.40447 80.8745 0
      vertex -0.662082 81.0859 4
      vertex -0.40447 80.8745 4
    endloop
  endfacet
  facet normal 0.634363 0.773035 0
    outer loop
      vertex -0.662082 81.0859 4
      vertex -0.40447 80.8745 0
      vertex -0.662082 81.0859 0
    endloop
  endfacet
  facet normal -0.471401 0.881919 0
    outer loop
      vertex 1.48447 80.8745 0
      vertex 1.19056 80.7174 4
      vertex 1.48447 80.8745 4
    endloop
  endfacet
  facet normal -0.471401 0.881919 0
    outer loop
      vertex 1.19056 80.7174 4
      vertex 1.48447 80.8745 0
      vertex 1.19056 80.7174 0
    endloop
  endfacet
  facet normal -0.772991 0.634417 0
    outer loop
      vertex 1.74208 81.0859 0
      vertex 1.9535 81.3435 4
      vertex 1.9535 81.3435 0
    endloop
  endfacet
  facet normal -0.772991 0.634417 0
    outer loop
      vertex 1.9535 81.3435 4
      vertex 1.74208 81.0859 0
      vertex 1.74208 81.0859 4
    endloop
  endfacet
  facet normal -0.995193 -0.0979306 0
    outer loop
      vertex 2.24 147.288 0
      vertex 2.20733 147.62 4
      vertex 2.20733 147.62 0
    endloop
  endfacet
  facet normal -0.995193 -0.0979306 0
    outer loop
      vertex 2.20733 147.62 4
      vertex 2.24 147.288 0
      vertex 2.24 147.288 4
    endloop
  endfacet
  facet normal 0.0990124 -0.995086 0
    outer loop
      vertex 0.208346 148.955 0
      vertex 0.54 148.988 4
      vertex 0.208346 148.955 4
    endloop
  endfacet
  facet normal 0.0990124 -0.995086 0
    outer loop
      vertex 0.54 148.988 4
      vertex 0.208346 148.955 0
      vertex 0.54 148.988 0
    endloop
  endfacet
  facet normal -0.633648 -0.773621 0
    outer loop
      vertex 1.48447 148.701 0
      vertex 1.74208 148.49 4
      vertex 1.48447 148.701 4
    endloop
  endfacet
  facet normal -0.633648 -0.773621 -0
    outer loop
      vertex 1.74208 148.49 4
      vertex 1.48447 148.701 0
      vertex 1.74208 148.49 0
    endloop
  endfacet
  facet normal 0.773478 -0.633823 0
    outer loop
      vertex -0.873499 148.232 4
      vertex -0.662082 148.49 0
      vertex -0.662082 148.49 4
    endloop
  endfacet
  facet normal 0.773478 -0.633823 0
    outer loop
      vertex -0.662082 148.49 0
      vertex -0.873499 148.232 4
      vertex -0.873499 148.232 0
    endloop
  endfacet
  facet normal 0.473501 -0.880793 0
    outer loop
      vertex -0.40447 148.701 0
      vertex -0.110563 148.859 4
      vertex -0.40447 148.701 4
    endloop
  endfacet
  facet normal 0.473501 -0.880793 0
    outer loop
      vertex -0.110563 148.859 4
      vertex -0.40447 148.701 0
      vertex -0.110563 148.859 0
    endloop
  endfacet
  facet normal -0.881323 -0.472515 0
    outer loop
      vertex 2.11059 147.939 0
      vertex 1.9535 148.232 4
      vertex 1.9535 148.232 0
    endloop
  endfacet
  facet normal -0.881323 -0.472515 0
    outer loop
      vertex 1.9535 148.232 4
      vertex 2.11059 147.939 0
      vertex 2.11059 147.939 4
    endloop
  endfacet
  facet normal -0.956963 -0.290209 0
    outer loop
      vertex 2.20733 147.62 0
      vertex 2.11059 147.939 4
      vertex 2.11059 147.939 0
    endloop
  endfacet
  facet normal -0.956963 -0.290209 0
    outer loop
      vertex 2.11059 147.939 4
      vertex 2.20733 147.62 0
      vertex 2.20733 147.62 4
    endloop
  endfacet
  facet normal -0.773474 -0.633829 0
    outer loop
      vertex 1.9535 148.232 0
      vertex 1.74208 148.49 4
      vertex 1.74208 148.49 0
    endloop
  endfacet
  facet normal -0.773474 -0.633829 0
    outer loop
      vertex 1.74208 148.49 4
      vertex 1.9535 148.232 0
      vertex 1.9535 148.232 4
    endloop
  endfacet
  facet normal -0.288251 -0.957555 0
    outer loop
      vertex 0.871653 148.955 0
      vertex 1.19056 148.859 4
      vertex 0.871653 148.955 4
    endloop
  endfacet
  facet normal -0.288251 -0.957555 -0
    outer loop
      vertex 1.19056 148.859 4
      vertex 0.871653 148.955 0
      vertex 1.19056 148.859 0
    endloop
  endfacet
  facet normal -0.0990127 -0.995086 0
    outer loop
      vertex 0.54 148.988 0
      vertex 0.871653 148.955 4
      vertex 0.54 148.988 4
    endloop
  endfacet
  facet normal -0.0990127 -0.995086 -0
    outer loop
      vertex 0.871653 148.955 4
      vertex 0.54 148.988 0
      vertex 0.871653 148.955 0
    endloop
  endfacet
  facet normal -0.473497 -0.880795 0
    outer loop
      vertex 1.19056 148.859 0
      vertex 1.48447 148.701 4
      vertex 1.19056 148.859 4
    endloop
  endfacet
  facet normal -0.473497 -0.880795 -0
    outer loop
      vertex 1.48447 148.701 4
      vertex 1.19056 148.859 0
      vertex 1.48447 148.701 0
    endloop
  endfacet
  facet normal 0.956963 -0.290209 0
    outer loop
      vertex -1.12734 147.62 4
      vertex -1.0306 147.939 0
      vertex -1.0306 147.939 4
    endloop
  endfacet
  facet normal 0.956963 -0.290209 0
    outer loop
      vertex -1.0306 147.939 0
      vertex -1.12734 147.62 4
      vertex -1.12734 147.62 0
    endloop
  endfacet
  facet normal 0.881309 -0.472541 0
    outer loop
      vertex -1.0306 147.939 4
      vertex -0.873499 148.232 0
      vertex -0.873499 148.232 4
    endloop
  endfacet
  facet normal 0.881309 -0.472541 0
    outer loop
      vertex -0.873499 148.232 0
      vertex -1.0306 147.939 4
      vertex -1.0306 147.939 0
    endloop
  endfacet
  facet normal 0.995196 -0.0979009 0
    outer loop
      vertex -1.16 147.288 4
      vertex -1.12734 147.62 0
      vertex -1.12734 147.62 4
    endloop
  endfacet
  facet normal 0.995196 -0.0979009 0
    outer loop
      vertex -1.12734 147.62 0
      vertex -1.16 147.288 4
      vertex -1.16 147.288 0
    endloop
  endfacet
  facet normal 0.633645 -0.773624 0
    outer loop
      vertex -0.662082 148.49 0
      vertex -0.40447 148.701 4
      vertex -0.662082 148.49 4
    endloop
  endfacet
  facet normal 0.633645 -0.773624 0
    outer loop
      vertex -0.40447 148.701 4
      vertex -0.662082 148.49 0
      vertex -0.40447 148.701 0
    endloop
  endfacet
  facet normal 0.288249 -0.957555 0
    outer loop
      vertex -0.110563 148.859 0
      vertex 0.208346 148.955 4
      vertex -0.110563 148.859 4
    endloop
  endfacet
  facet normal 0.288249 -0.957555 0
    outer loop
      vertex 0.208346 148.955 4
      vertex -0.110563 148.859 0
      vertex 0.208346 148.955 0
    endloop
  endfacet
  facet normal -0.995193 0.0979306 0
    outer loop
      vertex 2.20733 146.956 0
      vertex 2.24 147.288 4
      vertex 2.24 147.288 0
    endloop
  endfacet
  facet normal -0.995193 0.0979306 0
    outer loop
      vertex 2.24 147.288 4
      vertex 2.20733 146.956 0
      vertex 2.20733 146.956 4
    endloop
  endfacet
  facet normal -0.881323 0.472515 0
    outer loop
      vertex 1.9535 146.344 0
      vertex 2.11059 146.637 4
      vertex 2.11059 146.637 0
    endloop
  endfacet
  facet normal -0.881323 0.472515 0
    outer loop
      vertex 2.11059 146.637 4
      vertex 1.9535 146.344 0
      vertex 1.9535 146.344 4
    endloop
  endfacet
  facet normal 0.0990124 0.995086 -0
    outer loop
      vertex 0.54 145.588 0
      vertex 0.208346 145.621 4
      vertex 0.54 145.588 4
    endloop
  endfacet
  facet normal 0.0990124 0.995086 0
    outer loop
      vertex 0.208346 145.621 4
      vertex 0.54 145.588 0
      vertex 0.208346 145.621 0
    endloop
  endfacet
  facet normal 0.995196 0.0979009 0
    outer loop
      vertex -1.12734 146.956 4
      vertex -1.16 147.288 0
      vertex -1.16 147.288 4
    endloop
  endfacet
  facet normal 0.995196 0.0979009 0
    outer loop
      vertex -1.16 147.288 0
      vertex -1.12734 146.956 4
      vertex -1.12734 146.956 0
    endloop
  endfacet
  facet normal -0.63544 0.77215 0
    outer loop
      vertex 1.74208 146.086 0
      vertex 1.48447 145.874 4
      vertex 1.74208 146.086 4
    endloop
  endfacet
  facet normal -0.63544 0.77215 0
    outer loop
      vertex 1.48447 145.874 4
      vertex 1.74208 146.086 0
      vertex 1.48447 145.874 0
    endloop
  endfacet
  facet normal 0.773478 0.633823 0
    outer loop
      vertex -0.662082 146.086 4
      vertex -0.873499 146.344 0
      vertex -0.873499 146.344 4
    endloop
  endfacet
  facet normal 0.773478 0.633823 0
    outer loop
      vertex -0.873499 146.344 0
      vertex -0.662082 146.086 4
      vertex -0.662082 146.086 0
    endloop
  endfacet
  facet normal 0.956963 0.290209 0
    outer loop
      vertex -1.0306 146.637 4
      vertex -1.12734 146.956 0
      vertex -1.12734 146.956 4
    endloop
  endfacet
  facet normal 0.956963 0.290209 0
    outer loop
      vertex -1.12734 146.956 0
      vertex -1.0306 146.637 4
      vertex -1.0306 146.637 0
    endloop
  endfacet
  facet normal 0.881309 0.472541 0
    outer loop
      vertex -0.873499 146.344 4
      vertex -1.0306 146.637 0
      vertex -1.0306 146.637 4
    endloop
  endfacet
  facet normal 0.881309 0.472541 0
    outer loop
      vertex -1.0306 146.637 0
      vertex -0.873499 146.344 4
      vertex -0.873499 146.344 0
    endloop
  endfacet
  facet normal -0.288251 0.957555 0
    outer loop
      vertex 1.19056 145.717 0
      vertex 0.871653 145.621 4
      vertex 1.19056 145.717 4
    endloop
  endfacet
  facet normal -0.288251 0.957555 0
    outer loop
      vertex 0.871653 145.621 4
      vertex 1.19056 145.717 0
      vertex 0.871653 145.621 0
    endloop
  endfacet
  facet normal -0.773474 0.633829 0
    outer loop
      vertex 1.74208 146.086 0
      vertex 1.9535 146.344 4
      vertex 1.9535 146.344 0
    endloop
  endfacet
  facet normal -0.773474 0.633829 0
    outer loop
      vertex 1.9535 146.344 4
      vertex 1.74208 146.086 0
      vertex 1.74208 146.086 4
    endloop
  endfacet
  facet normal -0.956963 0.290209 0
    outer loop
      vertex 2.11059 146.637 0
      vertex 2.20733 146.956 4
      vertex 2.20733 146.956 0
    endloop
  endfacet
  facet normal -0.956963 0.290209 0
    outer loop
      vertex 2.20733 146.956 4
      vertex 2.11059 146.637 0
      vertex 2.11059 146.637 4
    endloop
  endfacet
  facet normal -0.0990127 0.995086 0
    outer loop
      vertex 0.871653 145.621 0
      vertex 0.54 145.588 4
      vertex 0.871653 145.621 4
    endloop
  endfacet
  facet normal -0.0990127 0.995086 0
    outer loop
      vertex 0.54 145.588 4
      vertex 0.871653 145.621 0
      vertex 0.54 145.588 0
    endloop
  endfacet
  facet normal 0.471171 0.882042 -0
    outer loop
      vertex -0.110563 145.717 0
      vertex -0.40447 145.874 4
      vertex -0.110563 145.717 4
    endloop
  endfacet
  facet normal 0.471171 0.882042 0
    outer loop
      vertex -0.40447 145.874 4
      vertex -0.110563 145.717 0
      vertex -0.40447 145.874 0
    endloop
  endfacet
  facet normal 0.288249 0.957555 -0
    outer loop
      vertex 0.208346 145.621 0
      vertex -0.110563 145.717 4
      vertex 0.208346 145.621 4
    endloop
  endfacet
  facet normal 0.288249 0.957555 0
    outer loop
      vertex -0.110563 145.717 4
      vertex 0.208346 145.621 0
      vertex -0.110563 145.717 0
    endloop
  endfacet
  facet normal 0.635437 0.772152 -0
    outer loop
      vertex -0.40447 145.874 0
      vertex -0.662082 146.086 4
      vertex -0.40447 145.874 4
    endloop
  endfacet
  facet normal 0.635437 0.772152 0
    outer loop
      vertex -0.662082 146.086 4
      vertex -0.40447 145.874 0
      vertex -0.662082 146.086 0
    endloop
  endfacet
  facet normal -0.471168 0.882044 0
    outer loop
      vertex 1.48447 145.874 0
      vertex 1.19056 145.717 4
      vertex 1.48447 145.874 4
    endloop
  endfacet
  facet normal -0.471168 0.882044 0
    outer loop
      vertex 1.19056 145.717 4
      vertex 1.48447 145.874 0
      vertex 1.19056 145.717 0
    endloop
  endfacet
  facet normal -0.880788 -0.47351 0
    outer loop
      vertex 226.211 -12.0614 0
      vertex 226.053 -11.7675 4
      vertex 226.053 -11.7675 0
    endloop
  endfacet
  facet normal -0.880788 -0.47351 0
    outer loop
      vertex 226.053 -11.7675 4
      vertex 226.211 -12.0614 0
      vertex 226.211 -12.0614 4
    endloop
  endfacet
  facet normal -0.773609 -0.633663 0
    outer loop
      vertex 226.053 -11.7675 0
      vertex 225.842 -11.5099 4
      vertex 225.842 -11.5099 0
    endloop
  endfacet
  facet normal -0.773609 -0.633663 0
    outer loop
      vertex 225.842 -11.5099 4
      vertex 226.053 -11.7675 0
      vertex 226.053 -11.7675 4
    endloop
  endfacet
  facet normal -0.290099 -0.956997 0
    outer loop
      vertex 224.972 -11.0447 0
      vertex 225.291 -11.1414 4
      vertex 224.972 -11.0447 4
    endloop
  endfacet
  facet normal -0.290099 -0.956997 -0
    outer loop
      vertex 225.291 -11.1414 4
      vertex 224.972 -11.0447 0
      vertex 225.291 -11.1414 0
    endloop
  endfacet
  facet normal 0.472539 -0.88131 0
    outer loop
      vertex 223.696 -11.2985 0
      vertex 223.989 -11.1414 4
      vertex 223.696 -11.2985 4
    endloop
  endfacet
  facet normal 0.472539 -0.88131 0
    outer loop
      vertex 223.989 -11.1414 4
      vertex 223.696 -11.2985 0
      vertex 223.989 -11.1414 0
    endloop
  endfacet
  facet normal 0.957553 -0.288257 0
    outer loop
      vertex 222.973 -12.3803 4
      vertex 223.069 -12.0614 0
      vertex 223.069 -12.0614 4
    endloop
  endfacet
  facet normal 0.957553 -0.288257 0
    outer loop
      vertex 223.069 -12.0614 0
      vertex 222.973 -12.3803 4
      vertex 222.973 -12.3803 0
    endloop
  endfacet
  facet normal -0.995088 0.0989988 0
    outer loop
      vertex 226.307 -13.0437 0
      vertex 226.34 -12.712 4
      vertex 226.34 -12.712 0
    endloop
  endfacet
  facet normal -0.995088 0.0989988 0
    outer loop
      vertex 226.34 -12.712 4
      vertex 226.307 -13.0437 0
      vertex 226.307 -13.0437 4
    endloop
  endfacet
  facet normal -0.957553 -0.288257 0
    outer loop
      vertex 226.307 -12.3803 0
      vertex 226.211 -12.0614 4
      vertex 226.211 -12.0614 0
    endloop
  endfacet
  facet normal -0.957553 -0.288257 0
    outer loop
      vertex 226.211 -12.0614 4
      vertex 226.307 -12.3803 0
      vertex 226.307 -12.3803 4
    endloop
  endfacet
  facet normal -0.633793 -0.773503 0
    outer loop
      vertex 225.584 -11.2985 0
      vertex 225.842 -11.5099 4
      vertex 225.584 -11.2985 4
    endloop
  endfacet
  facet normal -0.633793 -0.773503 -0
    outer loop
      vertex 225.842 -11.5099 4
      vertex 225.584 -11.2985 0
      vertex 225.842 -11.5099 0
    endloop
  endfacet
  facet normal 0.0980197 -0.995184 0
    outer loop
      vertex 224.308 -11.0447 0
      vertex 224.64 -11.012 4
      vertex 224.308 -11.0447 4
    endloop
  endfacet
  facet normal 0.0980197 -0.995184 0
    outer loop
      vertex 224.64 -11.012 4
      vertex 224.308 -11.0447 0
      vertex 224.64 -11.012 0
    endloop
  endfacet
  facet normal -0.472539 -0.88131 0
    outer loop
      vertex 225.291 -11.1414 0
      vertex 225.584 -11.2985 4
      vertex 225.291 -11.1414 4
    endloop
  endfacet
  facet normal -0.472539 -0.88131 -0
    outer loop
      vertex 225.584 -11.2985 4
      vertex 225.291 -11.1414 0
      vertex 225.584 -11.2985 0
    endloop
  endfacet
  facet normal 0.995088 0.0989988 0
    outer loop
      vertex 222.973 -13.0437 4
      vertex 222.94 -12.712 0
      vertex 222.94 -12.712 4
    endloop
  endfacet
  facet normal 0.995088 0.0989988 0
    outer loop
      vertex 222.94 -12.712 0
      vertex 222.973 -13.0437 4
      vertex 222.973 -13.0437 0
    endloop
  endfacet
  facet normal 0.880788 -0.47351 0
    outer loop
      vertex 223.069 -12.0614 4
      vertex 223.227 -11.7675 0
      vertex 223.227 -11.7675 4
    endloop
  endfacet
  facet normal 0.880788 -0.47351 0
    outer loop
      vertex 223.227 -11.7675 0
      vertex 223.069 -12.0614 4
      vertex 223.069 -12.0614 0
    endloop
  endfacet
  facet normal 0.633793 -0.773503 0
    outer loop
      vertex 223.438 -11.5099 0
      vertex 223.696 -11.2985 4
      vertex 223.438 -11.5099 4
    endloop
  endfacet
  facet normal 0.633793 -0.773503 0
    outer loop
      vertex 223.696 -11.2985 4
      vertex 223.438 -11.5099 0
      vertex 223.696 -11.2985 0
    endloop
  endfacet
  facet normal 0.290099 -0.956997 0
    outer loop
      vertex 223.989 -11.1414 0
      vertex 224.308 -11.0447 4
      vertex 223.989 -11.1414 4
    endloop
  endfacet
  facet normal 0.290099 -0.956997 0
    outer loop
      vertex 224.308 -11.0447 4
      vertex 223.989 -11.1414 0
      vertex 224.308 -11.0447 0
    endloop
  endfacet
  facet normal 0.773609 -0.633663 0
    outer loop
      vertex 223.227 -11.7675 4
      vertex 223.438 -11.5099 0
      vertex 223.438 -11.5099 4
    endloop
  endfacet
  facet normal 0.773609 -0.633663 0
    outer loop
      vertex 223.438 -11.5099 0
      vertex 223.227 -11.7675 4
      vertex 223.227 -11.7675 0
    endloop
  endfacet
  facet normal -0.995088 -0.0989988 0
    outer loop
      vertex 226.34 -12.712 0
      vertex 226.307 -12.3803 4
      vertex 226.307 -12.3803 0
    endloop
  endfacet
  facet normal -0.995088 -0.0989988 0
    outer loop
      vertex 226.307 -12.3803 4
      vertex 226.34 -12.712 0
      vertex 226.34 -12.712 4
    endloop
  endfacet
  facet normal -0.957553 0.288257 0
    outer loop
      vertex 226.211 -13.3626 0
      vertex 226.307 -13.0437 4
      vertex 226.307 -13.0437 0
    endloop
  endfacet
  facet normal -0.957553 0.288257 0
    outer loop
      vertex 226.307 -13.0437 4
      vertex 226.211 -13.3626 0
      vertex 226.211 -13.3626 4
    endloop
  endfacet
  facet normal 0.472539 0.88131 -0
    outer loop
      vertex 223.989 -14.2826 0
      vertex 223.696 -14.1255 4
      vertex 223.989 -14.2826 4
    endloop
  endfacet
  facet normal 0.472539 0.88131 0
    outer loop
      vertex 223.696 -14.1255 4
      vertex 223.989 -14.2826 0
      vertex 223.696 -14.1255 0
    endloop
  endfacet
  facet normal 0.773609 0.633663 0
    outer loop
      vertex 223.438 -13.9141 4
      vertex 223.227 -13.6565 0
      vertex 223.227 -13.6565 4
    endloop
  endfacet
  facet normal 0.773609 0.633663 0
    outer loop
      vertex 223.227 -13.6565 0
      vertex 223.438 -13.9141 4
      vertex 223.438 -13.9141 0
    endloop
  endfacet
  facet normal -0.633793 0.773503 0
    outer loop
      vertex 225.842 -13.9141 0
      vertex 225.584 -14.1255 4
      vertex 225.842 -13.9141 4
    endloop
  endfacet
  facet normal -0.633793 0.773503 0
    outer loop
      vertex 225.584 -14.1255 4
      vertex 225.842 -13.9141 0
      vertex 225.584 -14.1255 0
    endloop
  endfacet
  facet normal -0.0980197 -0.995184 0
    outer loop
      vertex 224.64 -11.012 0
      vertex 224.972 -11.0447 4
      vertex 224.64 -11.012 4
    endloop
  endfacet
  facet normal -0.0980197 -0.995184 -0
    outer loop
      vertex 224.972 -11.0447 4
      vertex 224.64 -11.012 0
      vertex 224.972 -11.0447 0
    endloop
  endfacet
  facet normal 0.995088 -0.0989988 0
    outer loop
      vertex 222.94 -12.712 4
      vertex 222.973 -12.3803 0
      vertex 222.973 -12.3803 4
    endloop
  endfacet
  facet normal 0.995088 -0.0989988 0
    outer loop
      vertex 222.973 -12.3803 0
      vertex 222.94 -12.712 4
      vertex 222.94 -12.712 0
    endloop
  endfacet
  facet normal -0.880788 0.47351 0
    outer loop
      vertex 226.053 -13.6565 0
      vertex 226.211 -13.3626 4
      vertex 226.211 -13.3626 0
    endloop
  endfacet
  facet normal -0.880788 0.47351 0
    outer loop
      vertex 226.211 -13.3626 4
      vertex 226.053 -13.6565 0
      vertex 226.053 -13.6565 4
    endloop
  endfacet
  facet normal -0.0980197 0.995184 0
    outer loop
      vertex 224.972 -14.3793 0
      vertex 224.64 -14.412 4
      vertex 224.972 -14.3793 4
    endloop
  endfacet
  facet normal -0.0980197 0.995184 0
    outer loop
      vertex 224.64 -14.412 4
      vertex 224.972 -14.3793 0
      vertex 224.64 -14.412 0
    endloop
  endfacet
  facet normal 0.957553 0.288257 0
    outer loop
      vertex 223.069 -13.3626 4
      vertex 222.973 -13.0437 0
      vertex 222.973 -13.0437 4
    endloop
  endfacet
  facet normal 0.957553 0.288257 0
    outer loop
      vertex 222.973 -13.0437 0
      vertex 223.069 -13.3626 4
      vertex 223.069 -13.3626 0
    endloop
  endfacet
  facet normal 0.633793 0.773503 -0
    outer loop
      vertex 223.696 -14.1255 0
      vertex 223.438 -13.9141 4
      vertex 223.696 -14.1255 4
    endloop
  endfacet
  facet normal 0.633793 0.773503 0
    outer loop
      vertex 223.438 -13.9141 4
      vertex 223.696 -14.1255 0
      vertex 223.438 -13.9141 0
    endloop
  endfacet
  facet normal -0.290099 0.956997 0
    outer loop
      vertex 225.291 -14.2826 0
      vertex 224.972 -14.3793 4
      vertex 225.291 -14.2826 4
    endloop
  endfacet
  facet normal -0.290099 0.956997 0
    outer loop
      vertex 224.972 -14.3793 4
      vertex 225.291 -14.2826 0
      vertex 224.972 -14.3793 0
    endloop
  endfacet
  facet normal -0.472539 0.88131 0
    outer loop
      vertex 225.584 -14.1255 0
      vertex 225.291 -14.2826 4
      vertex 225.584 -14.1255 4
    endloop
  endfacet
  facet normal -0.472539 0.88131 0
    outer loop
      vertex 225.291 -14.2826 4
      vertex 225.584 -14.1255 0
      vertex 225.291 -14.2826 0
    endloop
  endfacet
  facet normal 0.290099 0.956997 -0
    outer loop
      vertex 224.308 -14.3793 0
      vertex 223.989 -14.2826 4
      vertex 224.308 -14.3793 4
    endloop
  endfacet
  facet normal 0.290099 0.956997 0
    outer loop
      vertex 223.989 -14.2826 4
      vertex 224.308 -14.3793 0
      vertex 223.989 -14.2826 0
    endloop
  endfacet
  facet normal 0.880788 0.47351 0
    outer loop
      vertex 223.227 -13.6565 4
      vertex 223.069 -13.3626 0
      vertex 223.069 -13.3626 4
    endloop
  endfacet
  facet normal 0.880788 0.47351 0
    outer loop
      vertex 223.069 -13.3626 0
      vertex 223.227 -13.6565 4
      vertex 223.227 -13.6565 0
    endloop
  endfacet
  facet normal -0.773609 0.633663 0
    outer loop
      vertex 225.842 -13.9141 0
      vertex 226.053 -13.6565 4
      vertex 226.053 -13.6565 0
    endloop
  endfacet
  facet normal -0.773609 0.633663 0
    outer loop
      vertex 226.053 -13.6565 4
      vertex 225.842 -13.9141 0
      vertex 225.842 -13.9141 4
    endloop
  endfacet
  facet normal 0.0980197 0.995184 -0
    outer loop
      vertex 224.64 -14.412 0
      vertex 224.308 -14.3793 4
      vertex 224.64 -14.412 4
    endloop
  endfacet
  facet normal 0.0980197 0.995184 0
    outer loop
      vertex 224.308 -14.3793 4
      vertex 224.64 -14.412 0
      vertex 224.308 -14.3793 0
    endloop
  endfacet
  facet normal -0.880788 -0.47351 0
    outer loop
      vertex 221.911 82.9386 0
      vertex 221.753 83.2325 4
      vertex 221.753 83.2325 0
    endloop
  endfacet
  facet normal -0.880788 -0.47351 0
    outer loop
      vertex 221.753 83.2325 4
      vertex 221.911 82.9386 0
      vertex 221.911 82.9386 4
    endloop
  endfacet
  facet normal -0.773609 -0.633663 0
    outer loop
      vertex 221.753 83.2325 0
      vertex 221.542 83.4901 4
      vertex 221.542 83.4901 0
    endloop
  endfacet
  facet normal -0.773609 -0.633663 0
    outer loop
      vertex 221.542 83.4901 4
      vertex 221.753 83.2325 0
      vertex 221.753 83.2325 4
    endloop
  endfacet
  facet normal -0.290099 -0.956997 0
    outer loop
      vertex 220.672 83.9553 0
      vertex 220.991 83.8586 4
      vertex 220.672 83.9553 4
    endloop
  endfacet
  facet normal -0.290099 -0.956997 -0
    outer loop
      vertex 220.991 83.8586 4
      vertex 220.672 83.9553 0
      vertex 220.991 83.8586 0
    endloop
  endfacet
  facet normal 0.472539 -0.88131 0
    outer loop
      vertex 219.396 83.7015 0
      vertex 219.689 83.8586 4
      vertex 219.396 83.7015 4
    endloop
  endfacet
  facet normal 0.472539 -0.88131 0
    outer loop
      vertex 219.689 83.8586 4
      vertex 219.396 83.7015 0
      vertex 219.689 83.8586 0
    endloop
  endfacet
  facet normal 0.957553 -0.288257 0
    outer loop
      vertex 218.673 82.6197 4
      vertex 218.769 82.9386 0
      vertex 218.769 82.9386 4
    endloop
  endfacet
  facet normal 0.957553 -0.288257 0
    outer loop
      vertex 218.769 82.9386 0
      vertex 218.673 82.6197 4
      vertex 218.673 82.6197 0
    endloop
  endfacet
  facet normal -0.995088 0.0989988 0
    outer loop
      vertex 222.007 81.9563 0
      vertex 222.04 82.288 4
      vertex 222.04 82.288 0
    endloop
  endfacet
  facet normal -0.995088 0.0989988 0
    outer loop
      vertex 222.04 82.288 4
      vertex 222.007 81.9563 0
      vertex 222.007 81.9563 4
    endloop
  endfacet
  facet normal -0.290099 0.956997 0
    outer loop
      vertex 220.991 80.7174 0
      vertex 220.672 80.6207 4
      vertex 220.991 80.7174 4
    endloop
  endfacet
  facet normal -0.290099 0.956997 0
    outer loop
      vertex 220.672 80.6207 4
      vertex 220.991 80.7174 0
      vertex 220.672 80.6207 0
    endloop
  endfacet
  facet normal -0.957553 -0.288257 0
    outer loop
      vertex 222.007 82.6197 0
      vertex 221.911 82.9386 4
      vertex 221.911 82.9386 0
    endloop
  endfacet
  facet normal -0.957553 -0.288257 0
    outer loop
      vertex 221.911 82.9386 4
      vertex 222.007 82.6197 0
      vertex 222.007 82.6197 4
    endloop
  endfacet
  facet normal -0.633793 -0.773503 0
    outer loop
      vertex 221.284 83.7015 0
      vertex 221.542 83.4901 4
      vertex 221.284 83.7015 4
    endloop
  endfacet
  facet normal -0.633793 -0.773503 -0
    outer loop
      vertex 221.542 83.4901 4
      vertex 221.284 83.7015 0
      vertex 221.542 83.4901 0
    endloop
  endfacet
  facet normal 0.0980197 -0.995184 0
    outer loop
      vertex 220.008 83.9553 0
      vertex 220.34 83.988 4
      vertex 220.008 83.9553 4
    endloop
  endfacet
  facet normal 0.0980197 -0.995184 0
    outer loop
      vertex 220.34 83.988 4
      vertex 220.008 83.9553 0
      vertex 220.34 83.988 0
    endloop
  endfacet
  facet normal -0.472539 -0.88131 0
    outer loop
      vertex 220.991 83.8586 0
      vertex 221.284 83.7015 4
      vertex 220.991 83.8586 4
    endloop
  endfacet
  facet normal -0.472539 -0.88131 -0
    outer loop
      vertex 221.284 83.7015 4
      vertex 220.991 83.8586 0
      vertex 221.284 83.7015 0
    endloop
  endfacet
  facet normal 0.995088 0.0989988 0
    outer loop
      vertex 218.673 81.9563 4
      vertex 218.64 82.288 0
      vertex 218.64 82.288 4
    endloop
  endfacet
  facet normal 0.995088 0.0989988 0
    outer loop
      vertex 218.64 82.288 0
      vertex 218.673 81.9563 4
      vertex 218.673 81.9563 0
    endloop
  endfacet
  facet normal 0.882037 -0.47118 0
    outer loop
      vertex 218.769 82.9386 4
      vertex 218.926 83.2325 0
      vertex 218.926 83.2325 4
    endloop
  endfacet
  facet normal 0.882037 -0.47118 0
    outer loop
      vertex 218.926 83.2325 0
      vertex 218.769 82.9386 4
      vertex 218.769 82.9386 0
    endloop
  endfacet
  facet normal 0.633793 -0.773503 0
    outer loop
      vertex 219.138 83.4901 0
      vertex 219.396 83.7015 4
      vertex 219.138 83.4901 4
    endloop
  endfacet
  facet normal 0.633793 -0.773503 0
    outer loop
      vertex 219.396 83.7015 4
      vertex 219.138 83.4901 0
      vertex 219.396 83.7015 0
    endloop
  endfacet
  facet normal 0.290099 -0.956997 0
    outer loop
      vertex 219.689 83.8586 0
      vertex 220.008 83.9553 4
      vertex 219.689 83.8586 4
    endloop
  endfacet
  facet normal 0.290099 -0.956997 0
    outer loop
      vertex 220.008 83.9553 4
      vertex 219.689 83.8586 0
      vertex 220.008 83.9553 0
    endloop
  endfacet
  facet normal 0.772138 -0.635455 0
    outer loop
      vertex 218.926 83.2325 4
      vertex 219.138 83.4901 0
      vertex 219.138 83.4901 4
    endloop
  endfacet
  facet normal 0.772138 -0.635455 0
    outer loop
      vertex 219.138 83.4901 0
      vertex 218.926 83.2325 4
      vertex 218.926 83.2325 0
    endloop
  endfacet
  facet normal -0.995088 -0.0989988 0
    outer loop
      vertex 222.04 82.288 0
      vertex 222.007 82.6197 4
      vertex 222.007 82.6197 0
    endloop
  endfacet
  facet normal -0.995088 -0.0989988 0
    outer loop
      vertex 222.007 82.6197 4
      vertex 222.04 82.288 0
      vertex 222.04 82.288 4
    endloop
  endfacet
  facet normal -0.957553 0.288257 0
    outer loop
      vertex 221.911 81.6374 0
      vertex 222.007 81.9563 4
      vertex 222.007 81.9563 0
    endloop
  endfacet
  facet normal -0.957553 0.288257 0
    outer loop
      vertex 222.007 81.9563 4
      vertex 221.911 81.6374 0
      vertex 221.911 81.6374 4
    endloop
  endfacet
  facet normal 0.472539 0.88131 -0
    outer loop
      vertex 219.689 80.7174 0
      vertex 219.396 80.8745 4
      vertex 219.689 80.7174 4
    endloop
  endfacet
  facet normal 0.472539 0.88131 0
    outer loop
      vertex 219.396 80.8745 4
      vertex 219.689 80.7174 0
      vertex 219.396 80.8745 0
    endloop
  endfacet
  facet normal 0.772138 0.635455 0
    outer loop
      vertex 219.138 81.0859 4
      vertex 218.926 81.3435 0
      vertex 218.926 81.3435 4
    endloop
  endfacet
  facet normal 0.772138 0.635455 0
    outer loop
      vertex 218.926 81.3435 0
      vertex 219.138 81.0859 4
      vertex 219.138 81.0859 0
    endloop
  endfacet
  facet normal -0.633793 0.773503 0
    outer loop
      vertex 221.542 81.0859 0
      vertex 221.284 80.8745 4
      vertex 221.542 81.0859 4
    endloop
  endfacet
  facet normal -0.633793 0.773503 0
    outer loop
      vertex 221.284 80.8745 4
      vertex 221.542 81.0859 0
      vertex 221.284 80.8745 0
    endloop
  endfacet
  facet normal -0.0980197 -0.995184 0
    outer loop
      vertex 220.34 83.988 0
      vertex 220.672 83.9553 4
      vertex 220.34 83.988 4
    endloop
  endfacet
  facet normal -0.0980197 -0.995184 -0
    outer loop
      vertex 220.672 83.9553 4
      vertex 220.34 83.988 0
      vertex 220.672 83.9553 0
    endloop
  endfacet
  facet normal 0.995088 -0.0989988 0
    outer loop
      vertex 218.64 82.288 4
      vertex 218.673 82.6197 0
      vertex 218.673 82.6197 4
    endloop
  endfacet
  facet normal 0.995088 -0.0989988 0
    outer loop
      vertex 218.673 82.6197 0
      vertex 218.64 82.288 4
      vertex 218.64 82.288 0
    endloop
  endfacet
  facet normal -0.880788 0.47351 0
    outer loop
      vertex 221.753 81.3435 0
      vertex 221.911 81.6374 4
      vertex 221.911 81.6374 0
    endloop
  endfacet
  facet normal -0.880788 0.47351 0
    outer loop
      vertex 221.911 81.6374 4
      vertex 221.753 81.3435 0
      vertex 221.753 81.3435 4
    endloop
  endfacet
  facet normal -0.0980197 0.995184 0
    outer loop
      vertex 220.672 80.6207 0
      vertex 220.34 80.588 4
      vertex 220.672 80.6207 4
    endloop
  endfacet
  facet normal -0.0980197 0.995184 0
    outer loop
      vertex 220.34 80.588 4
      vertex 220.672 80.6207 0
      vertex 220.34 80.588 0
    endloop
  endfacet
  facet normal 0.633793 0.773503 -0
    outer loop
      vertex 219.396 80.8745 0
      vertex 219.138 81.0859 4
      vertex 219.396 80.8745 4
    endloop
  endfacet
  facet normal 0.633793 0.773503 0
    outer loop
      vertex 219.138 81.0859 4
      vertex 219.396 80.8745 0
      vertex 219.138 81.0859 0
    endloop
  endfacet
  facet normal -0.472539 0.88131 0
    outer loop
      vertex 221.284 80.8745 0
      vertex 220.991 80.7174 4
      vertex 221.284 80.8745 4
    endloop
  endfacet
  facet normal -0.472539 0.88131 0
    outer loop
      vertex 220.991 80.7174 4
      vertex 221.284 80.8745 0
      vertex 220.991 80.7174 0
    endloop
  endfacet
  facet normal 0.290099 0.956997 -0
    outer loop
      vertex 220.008 80.6207 0
      vertex 219.689 80.7174 4
      vertex 220.008 80.6207 4
    endloop
  endfacet
  facet normal 0.290099 0.956997 0
    outer loop
      vertex 219.689 80.7174 4
      vertex 220.008 80.6207 0
      vertex 219.689 80.7174 0
    endloop
  endfacet
  facet normal 0.882037 0.47118 0
    outer loop
      vertex 218.926 81.3435 4
      vertex 218.769 81.6374 0
      vertex 218.769 81.6374 4
    endloop
  endfacet
  facet normal 0.882037 0.47118 0
    outer loop
      vertex 218.769 81.6374 0
      vertex 218.926 81.3435 4
      vertex 218.926 81.3435 0
    endloop
  endfacet
  facet normal 0.957553 0.288257 0
    outer loop
      vertex 218.769 81.6374 4
      vertex 218.673 81.9563 0
      vertex 218.673 81.9563 4
    endloop
  endfacet
  facet normal 0.957553 0.288257 0
    outer loop
      vertex 218.673 81.9563 0
      vertex 218.769 81.6374 4
      vertex 218.769 81.6374 0
    endloop
  endfacet
  facet normal -0.773609 0.633663 0
    outer loop
      vertex 221.542 81.0859 0
      vertex 221.753 81.3435 4
      vertex 221.753 81.3435 0
    endloop
  endfacet
  facet normal -0.773609 0.633663 0
    outer loop
      vertex 221.753 81.3435 4
      vertex 221.542 81.0859 0
      vertex 221.542 81.0859 4
    endloop
  endfacet
  facet normal 0.0980197 0.995184 -0
    outer loop
      vertex 220.34 80.588 0
      vertex 220.008 80.6207 4
      vertex 220.34 80.588 4
    endloop
  endfacet
  facet normal 0.0980197 0.995184 0
    outer loop
      vertex 220.008 80.6207 4
      vertex 220.34 80.588 0
      vertex 220.008 80.6207 0
    endloop
  endfacet
  facet normal -0.995096 -0.0989102 0
    outer loop
      vertex 222.04 147.288 0
      vertex 222.007 147.62 4
      vertex 222.007 147.62 0
    endloop
  endfacet
  facet normal -0.995096 -0.0989102 0
    outer loop
      vertex 222.007 147.62 4
      vertex 222.04 147.288 0
      vertex 222.04 147.288 4
    endloop
  endfacet
  facet normal 0.0989102 -0.995096 0
    outer loop
      vertex 220.008 148.955 0
      vertex 220.34 148.988 4
      vertex 220.008 148.955 4
    endloop
  endfacet
  facet normal 0.0989102 -0.995096 0
    outer loop
      vertex 220.34 148.988 4
      vertex 220.008 148.955 0
      vertex 220.34 148.988 0
    endloop
  endfacet
  facet normal -0.633074 -0.774091 0
    outer loop
      vertex 221.284 148.701 0
      vertex 221.542 148.49 4
      vertex 221.284 148.701 4
    endloop
  endfacet
  facet normal -0.633074 -0.774091 -0
    outer loop
      vertex 221.542 148.49 4
      vertex 221.284 148.701 0
      vertex 221.542 148.49 0
    endloop
  endfacet
  facet normal 0.772621 -0.634867 0
    outer loop
      vertex 218.926 148.232 4
      vertex 219.138 148.49 0
      vertex 219.138 148.49 4
    endloop
  endfacet
  facet normal 0.772621 -0.634867 0
    outer loop
      vertex 219.138 148.49 0
      vertex 218.926 148.232 4
      vertex 218.926 148.232 0
    endloop
  endfacet
  facet normal 0.474637 -0.880182 0
    outer loop
      vertex 219.396 148.701 0
      vertex 219.689 148.859 4
      vertex 219.396 148.701 4
    endloop
  endfacet
  facet normal 0.474637 -0.880182 0
    outer loop
      vertex 219.689 148.859 4
      vertex 219.396 148.701 0
      vertex 219.689 148.859 0
    endloop
  endfacet
  facet normal -0.880182 -0.474637 0
    outer loop
      vertex 221.911 147.939 0
      vertex 221.753 148.232 4
      vertex 221.753 148.232 0
    endloop
  endfacet
  facet normal -0.880182 -0.474637 0
    outer loop
      vertex 221.753 148.232 4
      vertex 221.911 147.939 0
      vertex 221.911 147.939 4
    endloop
  endfacet
  facet normal -0.957578 -0.288174 0
    outer loop
      vertex 222.007 147.62 0
      vertex 221.911 147.939 4
      vertex 221.911 147.939 0
    endloop
  endfacet
  facet normal -0.957578 -0.288174 0
    outer loop
      vertex 221.911 147.939 4
      vertex 222.007 147.62 0
      vertex 222.007 147.62 4
    endloop
  endfacet
  facet normal -0.774091 -0.633074 0
    outer loop
      vertex 221.753 148.232 0
      vertex 221.542 148.49 4
      vertex 221.542 148.49 0
    endloop
  endfacet
  facet normal -0.774091 -0.633074 0
    outer loop
      vertex 221.542 148.49 4
      vertex 221.753 148.232 0
      vertex 221.753 148.232 4
    endloop
  endfacet
  facet normal -0.288174 -0.957578 0
    outer loop
      vertex 220.672 148.955 0
      vertex 220.991 148.859 4
      vertex 220.672 148.955 4
    endloop
  endfacet
  facet normal -0.288174 -0.957578 -0
    outer loop
      vertex 220.991 148.859 4
      vertex 220.672 148.955 0
      vertex 220.991 148.859 0
    endloop
  endfacet
  facet normal -0.0989102 -0.995096 0
    outer loop
      vertex 220.34 148.988 0
      vertex 220.672 148.955 4
      vertex 220.34 148.988 4
    endloop
  endfacet
  facet normal -0.0989102 -0.995096 -0
    outer loop
      vertex 220.672 148.955 4
      vertex 220.34 148.988 0
      vertex 220.672 148.955 0
    endloop
  endfacet
  facet normal -0.474637 -0.880182 0
    outer loop
      vertex 220.991 148.859 0
      vertex 221.284 148.701 4
      vertex 220.991 148.859 4
    endloop
  endfacet
  facet normal -0.474637 -0.880182 -0
    outer loop
      vertex 221.284 148.701 4
      vertex 220.991 148.859 0
      vertex 221.284 148.701 0
    endloop
  endfacet
  facet normal 0.957578 -0.288174 0
    outer loop
      vertex 218.673 147.62 4
      vertex 218.769 147.939 0
      vertex 218.769 147.939 4
    endloop
  endfacet
  facet normal 0.957578 -0.288174 0
    outer loop
      vertex 218.769 147.939 0
      vertex 218.673 147.62 4
      vertex 218.673 147.62 0
    endloop
  endfacet
  facet normal 0.881435 -0.472305 0
    outer loop
      vertex 218.769 147.939 4
      vertex 218.926 148.232 0
      vertex 218.926 148.232 4
    endloop
  endfacet
  facet normal 0.881435 -0.472305 0
    outer loop
      vertex 218.926 148.232 0
      vertex 218.769 147.939 4
      vertex 218.769 147.939 0
    endloop
  endfacet
  facet normal 0.995096 -0.0989102 0
    outer loop
      vertex 218.64 147.288 4
      vertex 218.673 147.62 0
      vertex 218.673 147.62 4
    endloop
  endfacet
  facet normal 0.995096 -0.0989102 0
    outer loop
      vertex 218.673 147.62 0
      vertex 218.64 147.288 4
      vertex 218.64 147.288 0
    endloop
  endfacet
  facet normal 0.633074 -0.774091 0
    outer loop
      vertex 219.138 148.49 0
      vertex 219.396 148.701 4
      vertex 219.138 148.49 4
    endloop
  endfacet
  facet normal 0.633074 -0.774091 0
    outer loop
      vertex 219.396 148.701 4
      vertex 219.138 148.49 0
      vertex 219.396 148.701 0
    endloop
  endfacet
  facet normal 0.288174 -0.957578 0
    outer loop
      vertex 219.689 148.859 0
      vertex 220.008 148.955 4
      vertex 219.689 148.859 4
    endloop
  endfacet
  facet normal 0.288174 -0.957578 0
    outer loop
      vertex 220.008 148.955 4
      vertex 219.689 148.859 0
      vertex 220.008 148.955 0
    endloop
  endfacet
  facet normal -0.995096 0.0989102 0
    outer loop
      vertex 222.007 146.956 0
      vertex 222.04 147.288 4
      vertex 222.04 147.288 0
    endloop
  endfacet
  facet normal -0.995096 0.0989102 0
    outer loop
      vertex 222.04 147.288 4
      vertex 222.007 146.956 0
      vertex 222.007 146.956 4
    endloop
  endfacet
  facet normal -0.880182 0.474637 0
    outer loop
      vertex 221.753 146.344 0
      vertex 221.911 146.637 4
      vertex 221.911 146.637 0
    endloop
  endfacet
  facet normal -0.880182 0.474637 0
    outer loop
      vertex 221.911 146.637 4
      vertex 221.753 146.344 0
      vertex 221.753 146.344 4
    endloop
  endfacet
  facet normal 0.0989102 0.995096 -0
    outer loop
      vertex 220.34 145.588 0
      vertex 220.008 145.621 4
      vertex 220.34 145.588 4
    endloop
  endfacet
  facet normal 0.0989102 0.995096 0
    outer loop
      vertex 220.008 145.621 4
      vertex 220.34 145.588 0
      vertex 220.008 145.621 0
    endloop
  endfacet
  facet normal 0.995096 0.0989102 0
    outer loop
      vertex 218.673 146.956 4
      vertex 218.64 147.288 0
      vertex 218.64 147.288 4
    endloop
  endfacet
  facet normal 0.995096 0.0989102 0
    outer loop
      vertex 218.64 147.288 0
      vertex 218.673 146.956 4
      vertex 218.673 146.956 0
    endloop
  endfacet
  facet normal -0.634867 0.772621 0
    outer loop
      vertex 221.542 146.086 0
      vertex 221.284 145.874 4
      vertex 221.542 146.086 4
    endloop
  endfacet
  facet normal -0.634867 0.772621 0
    outer loop
      vertex 221.284 145.874 4
      vertex 221.542 146.086 0
      vertex 221.284 145.874 0
    endloop
  endfacet
  facet normal 0.772621 0.634867 0
    outer loop
      vertex 219.138 146.086 4
      vertex 218.926 146.344 0
      vertex 218.926 146.344 4
    endloop
  endfacet
  facet normal 0.772621 0.634867 0
    outer loop
      vertex 218.926 146.344 0
      vertex 219.138 146.086 4
      vertex 219.138 146.086 0
    endloop
  endfacet
  facet normal 0.957578 0.288174 0
    outer loop
      vertex 218.769 146.637 4
      vertex 218.673 146.956 0
      vertex 218.673 146.956 4
    endloop
  endfacet
  facet normal 0.957578 0.288174 0
    outer loop
      vertex 218.673 146.956 0
      vertex 218.769 146.637 4
      vertex 218.769 146.637 0
    endloop
  endfacet
  facet normal 0.881435 0.472305 0
    outer loop
      vertex 218.926 146.344 4
      vertex 218.769 146.637 0
      vertex 218.769 146.637 4
    endloop
  endfacet
  facet normal 0.881435 0.472305 0
    outer loop
      vertex 218.769 146.637 0
      vertex 218.926 146.344 4
      vertex 218.926 146.344 0
    endloop
  endfacet
  facet normal -0.288174 0.957578 0
    outer loop
      vertex 220.991 145.717 0
      vertex 220.672 145.621 4
      vertex 220.991 145.717 4
    endloop
  endfacet
  facet normal -0.288174 0.957578 0
    outer loop
      vertex 220.672 145.621 4
      vertex 220.991 145.717 0
      vertex 220.672 145.621 0
    endloop
  endfacet
  facet normal -0.774091 0.633074 0
    outer loop
      vertex 221.542 146.086 0
      vertex 221.753 146.344 4
      vertex 221.753 146.344 0
    endloop
  endfacet
  facet normal -0.774091 0.633074 0
    outer loop
      vertex 221.753 146.344 4
      vertex 221.542 146.086 0
      vertex 221.542 146.086 4
    endloop
  endfacet
  facet normal -0.957578 0.288174 0
    outer loop
      vertex 221.911 146.637 0
      vertex 222.007 146.956 4
      vertex 222.007 146.956 0
    endloop
  endfacet
  facet normal -0.957578 0.288174 0
    outer loop
      vertex 222.007 146.956 4
      vertex 221.911 146.637 0
      vertex 221.911 146.637 4
    endloop
  endfacet
  facet normal -0.0989102 0.995096 0
    outer loop
      vertex 220.672 145.621 0
      vertex 220.34 145.588 4
      vertex 220.672 145.621 4
    endloop
  endfacet
  facet normal -0.0989102 0.995096 0
    outer loop
      vertex 220.34 145.588 4
      vertex 220.672 145.621 0
      vertex 220.34 145.588 0
    endloop
  endfacet
  facet normal 0.472305 0.881435 -0
    outer loop
      vertex 219.689 145.717 0
      vertex 219.396 145.874 4
      vertex 219.689 145.717 4
    endloop
  endfacet
  facet normal 0.472305 0.881435 0
    outer loop
      vertex 219.396 145.874 4
      vertex 219.689 145.717 0
      vertex 219.396 145.874 0
    endloop
  endfacet
  facet normal 0.288174 0.957578 -0
    outer loop
      vertex 220.008 145.621 0
      vertex 219.689 145.717 4
      vertex 220.008 145.621 4
    endloop
  endfacet
  facet normal 0.288174 0.957578 0
    outer loop
      vertex 219.689 145.717 4
      vertex 220.008 145.621 0
      vertex 219.689 145.717 0
    endloop
  endfacet
  facet normal 0.634867 0.772621 -0
    outer loop
      vertex 219.396 145.874 0
      vertex 219.138 146.086 4
      vertex 219.396 145.874 4
    endloop
  endfacet
  facet normal 0.634867 0.772621 0
    outer loop
      vertex 219.138 146.086 4
      vertex 219.396 145.874 0
      vertex 219.138 146.086 0
    endloop
  endfacet
  facet normal -0.472305 0.881435 0
    outer loop
      vertex 221.284 145.874 0
      vertex 220.991 145.717 4
      vertex 221.284 145.874 4
    endloop
  endfacet
  facet normal -0.472305 0.881435 0
    outer loop
      vertex 220.991 145.717 4
      vertex 221.284 145.874 0
      vertex 220.991 145.717 0
    endloop
  endfacet
  facet normal 1 -0 0
    outer loop
      vertex 9.94 7.56 4
      vertex 9.94 157.06 0
      vertex 9.94 157.06 4
    endloop
  endfacet
  facet normal 1 0 0
    outer loop
      vertex 9.94 157.06 0
      vertex 9.94 7.56 4
      vertex 9.94 7.56 0
    endloop
  endfacet
  facet normal -1 0 0
    outer loop
      vertex 210.94 7.56 0
      vertex 210.94 157.06 4
      vertex 210.94 157.06 0
    endloop
  endfacet
  facet normal -1 -0 0
    outer loop
      vertex 210.94 157.06 4
      vertex 210.94 7.56 0
      vertex 210.94 7.56 4
    endloop
  endfacet
  facet normal 0 1 -0
    outer loop
      vertex 70.44 7.56 0
      vertex 9.94 7.56 4
      vertex 70.44 7.56 4
    endloop
  endfacet
  facet normal 0 1 0
    outer loop
      vertex 9.94 7.56 4
      vertex 70.44 7.56 0
      vertex 9.94 7.56 0
    endloop
  endfacet
  facet normal 0 1 -0
    outer loop
      vertex 210.94 7.56 0
      vertex 150.44 7.56 4
      vertex 210.94 7.56 4
    endloop
  endfacet
  facet normal 0 1 0
    outer loop
      vertex 150.44 7.56 4
      vertex 210.94 7.56 0
      vertex 150.44 7.56 0
    endloop
  endfacet
  facet normal 0 -1 0
    outer loop
      vertex 9.94 157.06 0
      vertex 210.94 157.06 4
      vertex 9.94 157.06 4
    endloop
  endfacet
  facet normal 0 -1 -0
    outer loop
      vertex 210.94 157.06 4
      vertex 9.94 157.06 0
      vertex 210.94 157.06 0
    endloop
  endfacet
  facet normal 1 -0 0
    outer loop
      vertex 70.44 -1 4
      vertex 70.44 7.56 0
      vertex 70.44 7.56 4
    endloop
  endfacet
  facet normal 1 0 0
    outer loop
      vertex 70.44 7.56 0
      vertex 70.44 -1 4
      vertex 70.44 -1 0
    endloop
  endfacet
  facet normal -1 0 0
    outer loop
      vertex 150.44 -1 0
      vertex 150.44 7.56 4
      vertex 150.44 7.56 0
    endloop
  endfacet
  facet normal -1 -0 0
    outer loop
      vertex 150.44 7.56 4
      vertex 150.44 -1 0
      vertex 150.44 -1 4
    endloop
  endfacet
  facet normal 0 1 -0
    outer loop
      vertex 150.44 -1 0
      vertex 70.44 -1 4
      vertex 150.44 -1 4
    endloop
  endfacet
  facet normal 0 1 0
    outer loop
      vertex 70.44 -1 4
      vertex 150.44 -1 0
      vertex 70.44 -1 0
    endloop
  endfacet
endsolid OpenSCAD_Model
