solid OpenSCAD_Model
  facet normal 0.0694753 -0.705398 -0.705398
    outer loop
      vertex 1.46318 -7.35589 1
      vertex 0 -7.5 1
      vertex 0 -6.5 0
    endloop
  endfacet
  facet normal 0.705398 0.0694753 -0.705398
    outer loop
      vertex 7.5 0 1
      vertex 6.5 0 0
      vertex 7.35589 1.46318 1
    endloop
  endfacet
  facet normal 0.705396 0.0694777 -0.7054
    outer loop
      vertex 6.5 0 0
      vertex 6.3751 1.26809 0
      vertex 7.35589 1.46318 1
    endloop
  endfacet
  facet normal 0.705396 -0.0694777 -0.7054
    outer loop
      vertex 7.35589 -1.46318 1
      vertex 6.3751 -1.26809 0
      vertex 6.5 0 0
    endloop
  endfacet
  facet normal -0.678289 -0.205754 -0.7054
    outer loop
      vertex -6.00522 -2.48744 0
      vertex -7.35589 -1.46318 1
      vertex -6.3751 -1.26809 0
    endloop
  endfacet
  facet normal -0.205754 0.678289 -0.7054
    outer loop
      vertex -1.26809 6.3751 0
      vertex -2.48744 6.00522 0
      vertex -1.46318 7.35589 1
    endloop
  endfacet
  facet normal 0.67829 -0.205757 -0.705398
    outer loop
      vertex 6.9291 -2.87012 1
      vertex 6.00522 -2.48744 0
      vertex 7.35589 -1.46318 1
    endloop
  endfacet
  facet normal 0.205757 -0.67829 -0.705398
    outer loop
      vertex 2.87012 -6.9291 1
      vertex 1.46318 -7.35589 1
      vertex 2.48744 -6.00522 0
    endloop
  endfacet
  facet normal 0.547915 -0.449667 -0.7054
    outer loop
      vertex 5.3033 -5.3033 1
      vertex 4.59619 -4.59619 0
      vertex 5.40455 -3.61121 0
    endloop
  endfacet
  facet normal 0.705398 -0.0694753 -0.705398
    outer loop
      vertex 7.35589 -1.46318 1
      vertex 6.5 0 0
      vertex 7.5 0 1
    endloop
  endfacet
  facet normal 0.334132 -0.625116 -0.705398
    outer loop
      vertex 2.87012 -6.9291 1
      vertex 2.48744 -6.00522 0
      vertex 4.16678 -6.23602 1
    endloop
  endfacet
  facet normal -0.449667 -0.547915 -0.7054
    outer loop
      vertex -3.61121 -5.40455 0
      vertex -5.3033 -5.3033 1
      vertex -4.59619 -4.59619 0
    endloop
  endfacet
  facet normal -0.449666 -0.547918 -0.705398
    outer loop
      vertex -4.16678 -6.23602 1
      vertex -5.3033 -5.3033 1
      vertex -3.61121 -5.40455 0
    endloop
  endfacet
  facet normal -0.334132 0.625115 -0.705398
    outer loop
      vertex -3.61121 5.40455 0
      vertex -4.16678 6.23602 1
      vertex -2.48744 6.00522 0
    endloop
  endfacet
  facet normal -0.625115 0.334132 -0.705398
    outer loop
      vertex -6.00522 2.48744 0
      vertex -6.23602 4.16678 1
      vertex -5.40455 3.61121 0
    endloop
  endfacet
  facet normal 0.678289 -0.205754 -0.7054
    outer loop
      vertex 7.35589 -1.46318 1
      vertex 6.00522 -2.48744 0
      vertex 6.3751 -1.26809 0
    endloop
  endfacet
  facet normal 0.625116 -0.334132 -0.705398
    outer loop
      vertex 6.23602 -4.16678 1
      vertex 6.00522 -2.48744 0
      vertex 6.9291 -2.87012 1
    endloop
  endfacet
  facet normal 0.449666 -0.547918 -0.705398
    outer loop
      vertex 4.16678 -6.23602 1
      vertex 3.61121 -5.40455 0
      vertex 5.3033 -5.3033 1
    endloop
  endfacet
  facet normal 0.334132 -0.625115 -0.705398
    outer loop
      vertex 4.16678 -6.23602 1
      vertex 2.48744 -6.00522 0
      vertex 3.61121 -5.40455 0
    endloop
  endfacet
  facet normal 0.205754 -0.678289 -0.7054
    outer loop
      vertex 1.46318 -7.35589 1
      vertex 1.26809 -6.3751 0
      vertex 2.48744 -6.00522 0
    endloop
  endfacet
  facet normal 0.0694777 -0.705396 -0.7054
    outer loop
      vertex 1.46318 -7.35589 1
      vertex 0 -6.5 0
      vertex 1.26809 -6.3751 0
    endloop
  endfacet
  facet normal -0.205757 -0.67829 -0.705398
    outer loop
      vertex -1.46318 -7.35589 1
      vertex -2.87012 -6.9291 1
      vertex -2.48744 -6.00522 0
    endloop
  endfacet
  facet normal -0.625115 -0.334132 -0.705398
    outer loop
      vertex -5.40455 -3.61121 0
      vertex -6.23602 -4.16678 1
      vertex -6.00522 -2.48744 0
    endloop
  endfacet
  facet normal -0.547918 -0.449666 -0.705398
    outer loop
      vertex -5.3033 -5.3033 1
      vertex -6.23602 -4.16678 1
      vertex -5.40455 -3.61121 0
    endloop
  endfacet
  facet normal 0.334132 0.625115 -0.705398
    outer loop
      vertex 3.61121 5.40455 0
      vertex 2.48744 6.00522 0
      vertex 4.16678 6.23602 1
    endloop
  endfacet
  facet normal 0.547918 0.449666 -0.705398
    outer loop
      vertex 5.40455 3.61121 0
      vertex 5.3033 5.3033 1
      vertex 6.23602 4.16678 1
    endloop
  endfacet
  facet normal -0.705398 -0.0694753 -0.705398
    outer loop
      vertex -7.35589 -1.46318 1
      vertex -7.5 0 1
      vertex -6.5 0 0
    endloop
  endfacet
  facet normal -0.547918 0.449666 -0.705398
    outer loop
      vertex -5.40455 3.61121 0
      vertex -6.23602 4.16678 1
      vertex -5.3033 5.3033 1
    endloop
  endfacet
  facet normal 0.625115 -0.334132 -0.705398
    outer loop
      vertex 6.23602 -4.16678 1
      vertex 5.40455 -3.61121 0
      vertex 6.00522 -2.48744 0
    endloop
  endfacet
  facet normal 0.547918 -0.449666 -0.705398
    outer loop
      vertex 6.23602 -4.16678 1
      vertex 5.3033 -5.3033 1
      vertex 5.40455 -3.61121 0
    endloop
  endfacet
  facet normal 0.449667 -0.547915 -0.7054
    outer loop
      vertex 5.3033 -5.3033 1
      vertex 3.61121 -5.40455 0
      vertex 4.59619 -4.59619 0
    endloop
  endfacet
  facet normal -0.625116 -0.334132 -0.705398
    outer loop
      vertex -6.23602 -4.16678 1
      vertex -6.9291 -2.87012 1
      vertex -6.00522 -2.48744 0
    endloop
  endfacet
  facet normal -0.67829 -0.205757 -0.705398
    outer loop
      vertex -6.9291 -2.87012 1
      vertex -7.35589 -1.46318 1
      vertex -6.00522 -2.48744 0
    endloop
  endfacet
  facet normal -0.334132 -0.625116 -0.705398
    outer loop
      vertex -2.87012 -6.9291 1
      vertex -4.16678 -6.23602 1
      vertex -2.48744 -6.00522 0
    endloop
  endfacet
  facet normal -0.334132 -0.625115 -0.705398
    outer loop
      vertex -2.48744 -6.00522 0
      vertex -4.16678 -6.23602 1
      vertex -3.61121 -5.40455 0
    endloop
  endfacet
  facet normal -0.0694777 -0.705396 -0.7054
    outer loop
      vertex 0 -6.5 0
      vertex -1.46318 -7.35589 1
      vertex -1.26809 -6.3751 0
    endloop
  endfacet
  facet normal -0.0694753 -0.705398 -0.705398
    outer loop
      vertex 0 -7.5 1
      vertex -1.46318 -7.35589 1
      vertex 0 -6.5 0
    endloop
  endfacet
  facet normal -0.0694753 0.705398 -0.705398
    outer loop
      vertex 0 6.5 0
      vertex -1.46318 7.35589 1
      vertex 0 7.5 1
    endloop
  endfacet
  facet normal 0.625115 0.334132 -0.705398
    outer loop
      vertex 6.00522 2.48744 0
      vertex 5.40455 3.61121 0
      vertex 6.23602 4.16678 1
    endloop
  endfacet
  facet normal 0.449667 0.547915 -0.7054
    outer loop
      vertex 4.59619 4.59619 0
      vertex 3.61121 5.40455 0
      vertex 5.3033 5.3033 1
    endloop
  endfacet
  facet normal 0.449666 0.547918 -0.705398
    outer loop
      vertex 5.3033 5.3033 1
      vertex 3.61121 5.40455 0
      vertex 4.16678 6.23602 1
    endloop
  endfacet
  facet normal -0.334132 0.625116 -0.705398
    outer loop
      vertex -2.48744 6.00522 0
      vertex -4.16678 6.23602 1
      vertex -2.87012 6.9291 1
    endloop
  endfacet
  facet normal -0.205757 0.67829 -0.705398
    outer loop
      vertex -2.48744 6.00522 0
      vertex -2.87012 6.9291 1
      vertex -1.46318 7.35589 1
    endloop
  endfacet
  facet normal -0.678289 0.205754 -0.7054
    outer loop
      vertex -6.3751 1.26809 0
      vertex -7.35589 1.46318 1
      vertex -6.00522 2.48744 0
    endloop
  endfacet
  facet normal -0.705398 0.0694753 -0.705398
    outer loop
      vertex -6.5 0 0
      vertex -7.5 0 1
      vertex -7.35589 1.46318 1
    endloop
  endfacet
  facet normal -0.705396 0.0694777 -0.7054
    outer loop
      vertex -6.5 0 0
      vertex -7.35589 1.46318 1
      vertex -6.3751 1.26809 0
    endloop
  endfacet
  facet normal -0.547915 -0.449667 -0.7054
    outer loop
      vertex -5.3033 -5.3033 1
      vertex -5.40455 -3.61121 0
      vertex -4.59619 -4.59619 0
    endloop
  endfacet
  facet normal -0.205754 -0.678289 -0.7054
    outer loop
      vertex -1.46318 -7.35589 1
      vertex -2.48744 -6.00522 0
      vertex -1.26809 -6.3751 0
    endloop
  endfacet
  facet normal 0.205754 0.678289 -0.7054
    outer loop
      vertex 2.48744 6.00522 0
      vertex 1.26809 6.3751 0
      vertex 1.46318 7.35589 1
    endloop
  endfacet
  facet normal 0.0694753 0.705398 -0.705398
    outer loop
      vertex 1.46318 7.35589 1
      vertex 0 6.5 0
      vertex 0 7.5 1
    endloop
  endfacet
  facet normal 0.0694777 0.705396 -0.7054
    outer loop
      vertex 1.26809 6.3751 0
      vertex 0 6.5 0
      vertex 1.46318 7.35589 1
    endloop
  endfacet
  facet normal 0.625116 0.334132 -0.705398
    outer loop
      vertex 6.9291 2.87012 1
      vertex 6.00522 2.48744 0
      vertex 6.23602 4.16678 1
    endloop
  endfacet
  facet normal 0.547915 0.449667 -0.7054
    outer loop
      vertex 5.40455 3.61121 0
      vertex 4.59619 4.59619 0
      vertex 5.3033 5.3033 1
    endloop
  endfacet
  facet normal -0.547915 0.449667 -0.7054
    outer loop
      vertex -4.59619 4.59619 0
      vertex -5.40455 3.61121 0
      vertex -5.3033 5.3033 1
    endloop
  endfacet
  facet normal -0.449666 0.547918 -0.705398
    outer loop
      vertex -3.61121 5.40455 0
      vertex -5.3033 5.3033 1
      vertex -4.16678 6.23602 1
    endloop
  endfacet
  facet normal -0.67829 0.205757 -0.705398
    outer loop
      vertex -6.00522 2.48744 0
      vertex -7.35589 1.46318 1
      vertex -6.9291 2.87012 1
    endloop
  endfacet
  facet normal -0.625116 0.334132 -0.705398
    outer loop
      vertex -6.00522 2.48744 0
      vertex -6.9291 2.87012 1
      vertex -6.23602 4.16678 1
    endloop
  endfacet
  facet normal 0 0 -1
    outer loop
      vertex 6.3751 -1.26809 0
      vertex 6.3751 1.26809 0
      vertex 6.5 0 0
    endloop
  endfacet
  facet normal 0 0 -1
    outer loop
      vertex 6.00522 -2.48744 0
      vertex 6.3751 1.26809 0
      vertex 6.3751 -1.26809 0
    endloop
  endfacet
  facet normal 0 0 -1
    outer loop
      vertex 6.00522 -2.48744 0
      vertex 6.00522 2.48744 0
      vertex 6.3751 1.26809 0
    endloop
  endfacet
  facet normal 0 0 -1
    outer loop
      vertex 5.40455 -3.61121 0
      vertex 6.00522 2.48744 0
      vertex 6.00522 -2.48744 0
    endloop
  endfacet
  facet normal 0 0 -1
    outer loop
      vertex 5.40455 -3.61121 0
      vertex 5.40455 3.61121 0
      vertex 6.00522 2.48744 0
    endloop
  endfacet
  facet normal 0 0 -1
    outer loop
      vertex 4.59619 -4.59619 0
      vertex 5.40455 3.61121 0
      vertex 5.40455 -3.61121 0
    endloop
  endfacet
  facet normal 0 0 -1
    outer loop
      vertex 4.59619 -4.59619 0
      vertex 4.59619 4.59619 0
      vertex 5.40455 3.61121 0
    endloop
  endfacet
  facet normal 0 0 -1
    outer loop
      vertex 3.61121 -5.40455 0
      vertex 4.59619 4.59619 0
      vertex 4.59619 -4.59619 0
    endloop
  endfacet
  facet normal 0 0 -1
    outer loop
      vertex 3.61121 -5.40455 0
      vertex 3.61121 5.40455 0
      vertex 4.59619 4.59619 0
    endloop
  endfacet
  facet normal 0 0 -1
    outer loop
      vertex 2.48744 -6.00522 0
      vertex 3.61121 5.40455 0
      vertex 3.61121 -5.40455 0
    endloop
  endfacet
  facet normal 0 0 -1
    outer loop
      vertex 2.48744 -6.00522 0
      vertex 2.48744 6.00522 0
      vertex 3.61121 5.40455 0
    endloop
  endfacet
  facet normal 0 0 -1
    outer loop
      vertex 1.26809 -6.3751 0
      vertex 2.48744 6.00522 0
      vertex 2.48744 -6.00522 0
    endloop
  endfacet
  facet normal 0 0 -1
    outer loop
      vertex 1.26809 -6.3751 0
      vertex 1.26809 6.3751 0
      vertex 2.48744 6.00522 0
    endloop
  endfacet
  facet normal 0 0 -1
    outer loop
      vertex 0 -6.5 0
      vertex 1.26809 6.3751 0
      vertex 1.26809 -6.3751 0
    endloop
  endfacet
  facet normal 0 0 -1
    outer loop
      vertex 0 -6.5 0
      vertex 0 6.5 0
      vertex 1.26809 6.3751 0
    endloop
  endfacet
  facet normal 0 0 -1
    outer loop
      vertex -1.26809 -6.3751 0
      vertex 0 6.5 0
      vertex 0 -6.5 0
    endloop
  endfacet
  facet normal 0 0 -1
    outer loop
      vertex -1.26809 -6.3751 0
      vertex -1.26809 6.3751 0
      vertex 0 6.5 0
    endloop
  endfacet
  facet normal 0 0 -1
    outer loop
      vertex -2.48744 -6.00522 0
      vertex -1.26809 6.3751 0
      vertex -1.26809 -6.3751 0
    endloop
  endfacet
  facet normal 0 0 -1
    outer loop
      vertex -2.48744 -6.00522 0
      vertex -2.48744 6.00522 0
      vertex -1.26809 6.3751 0
    endloop
  endfacet
  facet normal 0 0 -1
    outer loop
      vertex -3.61121 -5.40455 0
      vertex -2.48744 6.00522 0
      vertex -2.48744 -6.00522 0
    endloop
  endfacet
  facet normal 0 0 -1
    outer loop
      vertex -3.61121 -5.40455 0
      vertex -3.61121 5.40455 0
      vertex -2.48744 6.00522 0
    endloop
  endfacet
  facet normal 0 0 -1
    outer loop
      vertex -4.59619 -4.59619 0
      vertex -3.61121 5.40455 0
      vertex -3.61121 -5.40455 0
    endloop
  endfacet
  facet normal 0 0 -1
    outer loop
      vertex -4.59619 -4.59619 0
      vertex -4.59619 4.59619 0
      vertex -3.61121 5.40455 0
    endloop
  endfacet
  facet normal 0 0 -1
    outer loop
      vertex -5.40455 -3.61121 0
      vertex -4.59619 4.59619 0
      vertex -4.59619 -4.59619 0
    endloop
  endfacet
  facet normal 0 0 -1
    outer loop
      vertex -5.40455 -3.61121 0
      vertex -5.40455 3.61121 0
      vertex -4.59619 4.59619 0
    endloop
  endfacet
  facet normal 0 0 -1
    outer loop
      vertex -6.00522 -2.48744 0
      vertex -5.40455 3.61121 0
      vertex -5.40455 -3.61121 0
    endloop
  endfacet
  facet normal 0 0 -1
    outer loop
      vertex -6.00522 -2.48744 0
      vertex -6.00522 2.48744 0
      vertex -5.40455 3.61121 0
    endloop
  endfacet
  facet normal 0 0 -1
    outer loop
      vertex -6.3751 -1.26809 0
      vertex -6.00522 2.48744 0
      vertex -6.00522 -2.48744 0
    endloop
  endfacet
  facet normal 0 0 -1
    outer loop
      vertex -6.3751 -1.26809 0
      vertex -6.3751 1.26809 0
      vertex -6.00522 2.48744 0
    endloop
  endfacet
  facet normal 0 -0 -1
    outer loop
      vertex -6.3751 1.26809 0
      vertex -6.3751 -1.26809 0
      vertex -6.5 0 0
    endloop
  endfacet
  facet normal -0.705396 -0.0694777 -0.7054
    outer loop
      vertex -6.3751 -1.26809 0
      vertex -7.35589 -1.46318 1
      vertex -6.5 0 0
    endloop
  endfacet
  facet normal 0.205757 0.67829 -0.705398
    outer loop
      vertex 2.48744 6.00522 0
      vertex 1.46318 7.35589 1
      vertex 2.87012 6.9291 1
    endloop
  endfacet
  facet normal 0.334132 0.625116 -0.705398
    outer loop
      vertex 4.16678 6.23602 1
      vertex 2.48744 6.00522 0
      vertex 2.87012 6.9291 1
    endloop
  endfacet
  facet normal -0.0694777 0.705396 -0.7054
    outer loop
      vertex -1.26809 6.3751 0
      vertex -1.46318 7.35589 1
      vertex 0 6.5 0
    endloop
  endfacet
  facet normal 0.67829 0.205757 -0.705398
    outer loop
      vertex 7.35589 1.46318 1
      vertex 6.00522 2.48744 0
      vertex 6.9291 2.87012 1
    endloop
  endfacet
  facet normal 0.678289 0.205754 -0.7054
    outer loop
      vertex 6.3751 1.26809 0
      vertex 6.00522 2.48744 0
      vertex 7.35589 1.46318 1
    endloop
  endfacet
  facet normal -0.449667 0.547915 -0.7054
    outer loop
      vertex -4.59619 4.59619 0
      vertex -5.3033 5.3033 1
      vertex -3.61121 5.40455 0
    endloop
  endfacet
  facet normal 0.634394 0.77301 -0
    outer loop
      vertex 5.3033 5.3033 1
      vertex 4.16678 6.23602 5
      vertex 5.3033 5.3033 5
    endloop
  endfacet
  facet normal 0.634394 0.77301 0
    outer loop
      vertex 4.16678 6.23602 5
      vertex 5.3033 5.3033 1
      vertex 4.16678 6.23602 1
    endloop
  endfacet
  facet normal -0.95694 0.290284 0
    outer loop
      vertex -7.35589 1.46318 1
      vertex -6.9291 2.87012 5
      vertex -6.9291 2.87012 1
    endloop
  endfacet
  facet normal -0.95694 0.290284 0
    outer loop
      vertex -6.9291 2.87012 5
      vertex -7.35589 1.46318 1
      vertex -7.35589 1.46318 5
    endloop
  endfacet
  facet normal 0.995185 -0.0980167 0
    outer loop
      vertex 7.35589 -1.46318 5
      vertex 7.5 0 1
      vertex 7.5 0 5
    endloop
  endfacet
  facet normal 0.995185 -0.0980167 0
    outer loop
      vertex 7.5 0 1
      vertex 7.35589 -1.46318 5
      vertex 7.35589 -1.46318 1
    endloop
  endfacet
  facet normal -0.290284 -0.95694 0
    outer loop
      vertex -2.87012 -6.9291 1
      vertex -1.46318 -7.35589 5
      vertex -2.87012 -6.9291 5
    endloop
  endfacet
  facet normal -0.290284 -0.95694 -0
    outer loop
      vertex -1.46318 -7.35589 5
      vertex -2.87012 -6.9291 1
      vertex -1.46318 -7.35589 1
    endloop
  endfacet
  facet normal 0.77301 0.634394 0
    outer loop
      vertex 6.23602 4.16678 5
      vertex 5.3033 5.3033 1
      vertex 5.3033 5.3033 5
    endloop
  endfacet
  facet normal 0.77301 0.634394 0
    outer loop
      vertex 5.3033 5.3033 1
      vertex 6.23602 4.16678 5
      vertex 6.23602 4.16678 1
    endloop
  endfacet
  facet normal -0.290284 0.95694 0
    outer loop
      vertex -1.46318 7.35589 1
      vertex -2.87012 6.9291 5
      vertex -1.46318 7.35589 5
    endloop
  endfacet
  facet normal -0.290284 0.95694 0
    outer loop
      vertex -2.87012 6.9291 5
      vertex -1.46318 7.35589 1
      vertex -2.87012 6.9291 1
    endloop
  endfacet
  facet normal -0.881921 0.471397 0
    outer loop
      vertex -6.9291 2.87012 1
      vertex -6.23602 4.16678 5
      vertex -6.23602 4.16678 1
    endloop
  endfacet
  facet normal -0.881921 0.471397 0
    outer loop
      vertex -6.23602 4.16678 5
      vertex -6.9291 2.87012 1
      vertex -6.9291 2.87012 5
    endloop
  endfacet
  facet normal 0.881921 0.471397 0
    outer loop
      vertex 6.9291 2.87012 5
      vertex 6.23602 4.16678 1
      vertex 6.23602 4.16678 5
    endloop
  endfacet
  facet normal 0.881921 0.471397 0
    outer loop
      vertex 6.23602 4.16678 1
      vertex 6.9291 2.87012 5
      vertex 6.9291 2.87012 1
    endloop
  endfacet
  facet normal 0.471397 0.881921 -0
    outer loop
      vertex 4.16678 6.23602 1
      vertex 2.87012 6.9291 5
      vertex 4.16678 6.23602 5
    endloop
  endfacet
  facet normal 0.471397 0.881921 0
    outer loop
      vertex 2.87012 6.9291 5
      vertex 4.16678 6.23602 1
      vertex 2.87012 6.9291 1
    endloop
  endfacet
  facet normal 0.0980167 0.995185 -0
    outer loop
      vertex 1.46318 7.35589 1
      vertex 0 7.5 5
      vertex 1.46318 7.35589 5
    endloop
  endfacet
  facet normal 0.0980167 0.995185 0
    outer loop
      vertex 0 7.5 5
      vertex 1.46318 7.35589 1
      vertex 0 7.5 1
    endloop
  endfacet
  facet normal -0.995185 0.0980167 0
    outer loop
      vertex -7.5 0 1
      vertex -7.35589 1.46318 5
      vertex -7.35589 1.46318 1
    endloop
  endfacet
  facet normal -0.995185 0.0980167 0
    outer loop
      vertex -7.35589 1.46318 5
      vertex -7.5 0 1
      vertex -7.5 0 5
    endloop
  endfacet
  facet normal -0.77301 0.634394 0
    outer loop
      vertex -6.23602 4.16678 1
      vertex -5.3033 5.3033 5
      vertex -5.3033 5.3033 1
    endloop
  endfacet
  facet normal -0.77301 0.634394 0
    outer loop
      vertex -5.3033 5.3033 5
      vertex -6.23602 4.16678 1
      vertex -6.23602 4.16678 5
    endloop
  endfacet
  facet normal -0.471397 0.881921 0
    outer loop
      vertex -2.87012 6.9291 1
      vertex -4.16678 6.23602 5
      vertex -2.87012 6.9291 5
    endloop
  endfacet
  facet normal -0.471397 0.881921 0
    outer loop
      vertex -4.16678 6.23602 5
      vertex -2.87012 6.9291 1
      vertex -4.16678 6.23602 1
    endloop
  endfacet
  facet normal -0.0980167 0.995185 0
    outer loop
      vertex 0 7.5 1
      vertex -1.46318 7.35589 5
      vertex 0 7.5 5
    endloop
  endfacet
  facet normal -0.0980167 0.995185 0
    outer loop
      vertex -1.46318 7.35589 5
      vertex 0 7.5 1
      vertex -1.46318 7.35589 1
    endloop
  endfacet
  facet normal -0.634394 0.77301 0
    outer loop
      vertex -4.16678 6.23602 1
      vertex -5.3033 5.3033 5
      vertex -4.16678 6.23602 5
    endloop
  endfacet
  facet normal -0.634394 0.77301 0
    outer loop
      vertex -5.3033 5.3033 5
      vertex -4.16678 6.23602 1
      vertex -5.3033 5.3033 1
    endloop
  endfacet
  facet normal 0.995185 0.0980167 0
    outer loop
      vertex 7.5 0 5
      vertex 7.35589 1.46318 1
      vertex 7.35589 1.46318 5
    endloop
  endfacet
  facet normal 0.995185 0.0980167 0
    outer loop
      vertex 7.35589 1.46318 1
      vertex 7.5 0 5
      vertex 7.5 0 1
    endloop
  endfacet
  facet normal 0.0980167 -0.995185 0
    outer loop
      vertex 0 -7.5 1
      vertex 1.46318 -7.35589 5
      vertex 0 -7.5 5
    endloop
  endfacet
  facet normal 0.0980167 -0.995185 0
    outer loop
      vertex 1.46318 -7.35589 5
      vertex 0 -7.5 1
      vertex 1.46318 -7.35589 1
    endloop
  endfacet
  facet normal 0.95694 -0.290284 0
    outer loop
      vertex 6.9291 -2.87012 5
      vertex 7.35589 -1.46318 1
      vertex 7.35589 -1.46318 5
    endloop
  endfacet
  facet normal 0.95694 -0.290284 0
    outer loop
      vertex 7.35589 -1.46318 1
      vertex 6.9291 -2.87012 5
      vertex 6.9291 -2.87012 1
    endloop
  endfacet
  facet normal 0.290284 -0.95694 0
    outer loop
      vertex 1.46318 -7.35589 1
      vertex 2.87012 -6.9291 5
      vertex 1.46318 -7.35589 5
    endloop
  endfacet
  facet normal 0.290284 -0.95694 0
    outer loop
      vertex 2.87012 -6.9291 5
      vertex 1.46318 -7.35589 1
      vertex 2.87012 -6.9291 1
    endloop
  endfacet
  facet normal 0.471397 -0.881921 0
    outer loop
      vertex 2.87012 -6.9291 1
      vertex 4.16678 -6.23602 5
      vertex 2.87012 -6.9291 5
    endloop
  endfacet
  facet normal 0.471397 -0.881921 0
    outer loop
      vertex 4.16678 -6.23602 5
      vertex 2.87012 -6.9291 1
      vertex 4.16678 -6.23602 1
    endloop
  endfacet
  facet normal -0.0980167 -0.995185 0
    outer loop
      vertex -1.46318 -7.35589 1
      vertex 0 -7.5 5
      vertex -1.46318 -7.35589 5
    endloop
  endfacet
  facet normal -0.0980167 -0.995185 -0
    outer loop
      vertex 0 -7.5 5
      vertex -1.46318 -7.35589 1
      vertex 0 -7.5 1
    endloop
  endfacet
  facet normal -0.634394 -0.77301 0
    outer loop
      vertex -5.3033 -5.3033 1
      vertex -4.16678 -6.23602 5
      vertex -5.3033 -5.3033 5
    endloop
  endfacet
  facet normal -0.634394 -0.77301 -0
    outer loop
      vertex -4.16678 -6.23602 5
      vertex -5.3033 -5.3033 1
      vertex -4.16678 -6.23602 1
    endloop
  endfacet
  facet normal -0.881921 -0.471397 0
    outer loop
      vertex -6.23602 -4.16678 1
      vertex -6.9291 -2.87012 5
      vertex -6.9291 -2.87012 1
    endloop
  endfacet
  facet normal -0.881921 -0.471397 0
    outer loop
      vertex -6.9291 -2.87012 5
      vertex -6.23602 -4.16678 1
      vertex -6.23602 -4.16678 5
    endloop
  endfacet
  facet normal -0.995185 -0.0980167 0
    outer loop
      vertex -7.35589 -1.46318 1
      vertex -7.5 0 5
      vertex -7.5 0 1
    endloop
  endfacet
  facet normal -0.995185 -0.0980167 0
    outer loop
      vertex -7.5 0 5
      vertex -7.35589 -1.46318 1
      vertex -7.35589 -1.46318 5
    endloop
  endfacet
  facet normal 0.95694 0.290284 0
    outer loop
      vertex 7.35589 1.46318 5
      vertex 6.9291 2.87012 1
      vertex 6.9291 2.87012 5
    endloop
  endfacet
  facet normal 0.95694 0.290284 0
    outer loop
      vertex 6.9291 2.87012 1
      vertex 7.35589 1.46318 5
      vertex 7.35589 1.46318 1
    endloop
  endfacet
  facet normal 0.290284 0.95694 -0
    outer loop
      vertex 2.87012 6.9291 1
      vertex 1.46318 7.35589 5
      vertex 2.87012 6.9291 5
    endloop
  endfacet
  facet normal 0.290284 0.95694 0
    outer loop
      vertex 1.46318 7.35589 5
      vertex 2.87012 6.9291 1
      vertex 1.46318 7.35589 1
    endloop
  endfacet
  facet normal 0 0 1
    outer loop
      vertex 4.5 0 5
      vertex 7.5 0 5
      vertex 7.35589 1.46318 5
    endloop
  endfacet
  facet normal 0 0 1
    outer loop
      vertex 4.41353 0.877906 5
      vertex 7.35589 1.46318 5
      vertex 6.9291 2.87012 5
    endloop
  endfacet
  facet normal 0 0 1
    outer loop
      vertex 7.5 0 5
      vertex 4.5 0 5
      vertex 7.35589 -1.46318 5
    endloop
  endfacet
  facet normal 0 0 1
    outer loop
      vertex 4.15746 1.72207 5
      vertex 6.9291 2.87012 5
      vertex 6.23602 4.16678 5
    endloop
  endfacet
  facet normal -0 0 1
    outer loop
      vertex 4.41353 -0.877906 5
      vertex 7.35589 -1.46318 5
      vertex 4.5 0 5
    endloop
  endfacet
  facet normal 0 0 1
    outer loop
      vertex 3.74161 2.50007 5
      vertex 6.23602 4.16678 5
      vertex 5.3033 5.3033 5
    endloop
  endfacet
  facet normal 0 0 1
    outer loop
      vertex 7.35589 -1.46318 5
      vertex 4.41353 -0.877906 5
      vertex 6.9291 -2.87012 5
    endloop
  endfacet
  facet normal -0 0 1
    outer loop
      vertex 4.15746 -1.72207 5
      vertex 6.9291 -2.87012 5
      vertex 4.41353 -0.877906 5
    endloop
  endfacet
  facet normal 0 0 1
    outer loop
      vertex 7.35589 1.46318 5
      vertex 4.41353 0.877906 5
      vertex 4.5 0 5
    endloop
  endfacet
  facet normal 0 0 1
    outer loop
      vertex 3.18198 3.18198 5
      vertex 5.3033 5.3033 5
      vertex 4.16678 6.23602 5
    endloop
  endfacet
  facet normal 0 0 1
    outer loop
      vertex 6.9291 2.87012 5
      vertex 4.15746 1.72207 5
      vertex 4.41353 0.877906 5
    endloop
  endfacet
  facet normal 0 0 1
    outer loop
      vertex 6.23602 4.16678 5
      vertex 3.74161 2.50007 5
      vertex 4.15746 1.72207 5
    endloop
  endfacet
  facet normal 0 0 1
    outer loop
      vertex 5.3033 5.3033 5
      vertex 3.18198 3.18198 5
      vertex 3.74161 2.50007 5
    endloop
  endfacet
  facet normal 0 0 1
    outer loop
      vertex 2.50007 3.74161 5
      vertex 4.16678 6.23602 5
      vertex 2.87012 6.9291 5
    endloop
  endfacet
  facet normal 0 0 1
    outer loop
      vertex 4.16678 6.23602 5
      vertex 2.50007 3.74161 5
      vertex 3.18198 3.18198 5
    endloop
  endfacet
  facet normal 0 0 1
    outer loop
      vertex 2.87012 6.9291 5
      vertex 1.72207 4.15746 5
      vertex 2.50007 3.74161 5
    endloop
  endfacet
  facet normal 0 0 1
    outer loop
      vertex 1.46318 7.35589 5
      vertex 1.72207 4.15746 5
      vertex 2.87012 6.9291 5
    endloop
  endfacet
  facet normal 0 0 1
    outer loop
      vertex 1.46318 7.35589 5
      vertex 0.877906 4.41353 5
      vertex 1.72207 4.15746 5
    endloop
  endfacet
  facet normal 0 0 1
    outer loop
      vertex 0 7.5 5
      vertex 0.877906 4.41353 5
      vertex 1.46318 7.35589 5
    endloop
  endfacet
  facet normal 0 0 1
    outer loop
      vertex 0 7.5 5
      vertex 0 4.5 5
      vertex 0.877906 4.41353 5
    endloop
  endfacet
  facet normal 0 0 1
    outer loop
      vertex 0 7.5 5
      vertex -0.877906 4.41353 5
      vertex 0 4.5 5
    endloop
  endfacet
  facet normal -0 0 1
    outer loop
      vertex -1.46318 7.35589 5
      vertex -0.877906 4.41353 5
      vertex 0 7.5 5
    endloop
  endfacet
  facet normal 0 0 1
    outer loop
      vertex -1.46318 7.35589 5
      vertex -1.72207 4.15746 5
      vertex -0.877906 4.41353 5
    endloop
  endfacet
  facet normal -0 0 1
    outer loop
      vertex -2.87012 6.9291 5
      vertex -1.72207 4.15746 5
      vertex -1.46318 7.35589 5
    endloop
  endfacet
  facet normal 0 0 1
    outer loop
      vertex -1.72207 4.15746 5
      vertex -2.87012 6.9291 5
      vertex -2.50007 3.74161 5
    endloop
  endfacet
  facet normal -0 0 1
    outer loop
      vertex -4.16678 6.23602 5
      vertex -2.50007 3.74161 5
      vertex -2.87012 6.9291 5
    endloop
  endfacet
  facet normal 0 0 1
    outer loop
      vertex -2.50007 3.74161 5
      vertex -4.16678 6.23602 5
      vertex -3.18198 3.18198 5
    endloop
  endfacet
  facet normal -0 0 1
    outer loop
      vertex -5.3033 5.3033 5
      vertex -3.18198 3.18198 5
      vertex -4.16678 6.23602 5
    endloop
  endfacet
  facet normal 0 0 1
    outer loop
      vertex -3.18198 3.18198 5
      vertex -5.3033 5.3033 5
      vertex -3.74161 2.50007 5
    endloop
  endfacet
  facet normal -0 0 1
    outer loop
      vertex -6.23602 4.16678 5
      vertex -3.74161 2.50007 5
      vertex -5.3033 5.3033 5
    endloop
  endfacet
  facet normal 0 0 1
    outer loop
      vertex -3.74161 2.50007 5
      vertex -6.23602 4.16678 5
      vertex -4.15746 1.72207 5
    endloop
  endfacet
  facet normal -0 0 1
    outer loop
      vertex -6.9291 2.87012 5
      vertex -4.15746 1.72207 5
      vertex -6.23602 4.16678 5
    endloop
  endfacet
  facet normal 0 0 1
    outer loop
      vertex 6.9291 -2.87012 5
      vertex 4.15746 -1.72207 5
      vertex 6.23602 -4.16678 5
    endloop
  endfacet
  facet normal -0 0 1
    outer loop
      vertex 3.74161 -2.50007 5
      vertex 6.23602 -4.16678 5
      vertex 4.15746 -1.72207 5
    endloop
  endfacet
  facet normal 0 0 1
    outer loop
      vertex 6.23602 -4.16678 5
      vertex 3.74161 -2.50007 5
      vertex 5.3033 -5.3033 5
    endloop
  endfacet
  facet normal -0 0 1
    outer loop
      vertex 3.18198 -3.18198 5
      vertex 5.3033 -5.3033 5
      vertex 3.74161 -2.50007 5
    endloop
  endfacet
  facet normal 0 0 1
    outer loop
      vertex 5.3033 -5.3033 5
      vertex 3.18198 -3.18198 5
      vertex 4.16678 -6.23602 5
    endloop
  endfacet
  facet normal -0 0 1
    outer loop
      vertex 2.50007 -3.74161 5
      vertex 4.16678 -6.23602 5
      vertex 3.18198 -3.18198 5
    endloop
  endfacet
  facet normal 0 0 1
    outer loop
      vertex 4.16678 -6.23602 5
      vertex 2.50007 -3.74161 5
      vertex 2.87012 -6.9291 5
    endloop
  endfacet
  facet normal -0 0 1
    outer loop
      vertex 1.72207 -4.15746 5
      vertex 2.87012 -6.9291 5
      vertex 2.50007 -3.74161 5
    endloop
  endfacet
  facet normal 0 0 1
    outer loop
      vertex 1.72207 -4.15746 5
      vertex 1.46318 -7.35589 5
      vertex 2.87012 -6.9291 5
    endloop
  endfacet
  facet normal -0 0 1
    outer loop
      vertex 0.877906 -4.41353 5
      vertex 1.46318 -7.35589 5
      vertex 1.72207 -4.15746 5
    endloop
  endfacet
  facet normal -0 0 1
    outer loop
      vertex 0 -4.5 5
      vertex 1.46318 -7.35589 5
      vertex 0.877906 -4.41353 5
    endloop
  endfacet
  facet normal 0 0 1
    outer loop
      vertex 0 -4.5 5
      vertex 0 -7.5 5
      vertex 1.46318 -7.35589 5
    endloop
  endfacet
  facet normal 0 0 1
    outer loop
      vertex -0.877906 -4.41353 5
      vertex 0 -7.5 5
      vertex 0 -4.5 5
    endloop
  endfacet
  facet normal 0 0 1
    outer loop
      vertex -0.877906 -4.41353 5
      vertex -1.46318 -7.35589 5
      vertex 0 -7.5 5
    endloop
  endfacet
  facet normal 0 0 1
    outer loop
      vertex -1.72207 -4.15746 5
      vertex -1.46318 -7.35589 5
      vertex -0.877906 -4.41353 5
    endloop
  endfacet
  facet normal 0 0 1
    outer loop
      vertex -2.87012 -6.9291 5
      vertex -1.72207 -4.15746 5
      vertex -2.50007 -3.74161 5
    endloop
  endfacet
  facet normal 0 0 1
    outer loop
      vertex -1.72207 -4.15746 5
      vertex -2.87012 -6.9291 5
      vertex -1.46318 -7.35589 5
    endloop
  endfacet
  facet normal 0 0 1
    outer loop
      vertex -4.16678 -6.23602 5
      vertex -2.50007 -3.74161 5
      vertex -3.18198 -3.18198 5
    endloop
  endfacet
  facet normal 0 0 1
    outer loop
      vertex -5.3033 -5.3033 5
      vertex -3.18198 -3.18198 5
      vertex -3.74161 -2.50007 5
    endloop
  endfacet
  facet normal 0 0 1
    outer loop
      vertex -6.23602 -4.16678 5
      vertex -3.74161 -2.50007 5
      vertex -4.15746 -1.72207 5
    endloop
  endfacet
  facet normal 0 0 1
    outer loop
      vertex -2.50007 -3.74161 5
      vertex -4.16678 -6.23602 5
      vertex -2.87012 -6.9291 5
    endloop
  endfacet
  facet normal 0 0 1
    outer loop
      vertex -6.9291 -2.87012 5
      vertex -4.15746 -1.72207 5
      vertex -4.41353 -0.877906 5
    endloop
  endfacet
  facet normal 0 0 1
    outer loop
      vertex -7.35589 -1.46318 5
      vertex -4.41353 -0.877906 5
      vertex -4.5 0 5
    endloop
  endfacet
  facet normal 0 0 1
    outer loop
      vertex -4.15746 1.72207 5
      vertex -6.9291 2.87012 5
      vertex -4.41353 0.877906 5
    endloop
  endfacet
  facet normal 0 0 1
    outer loop
      vertex -3.18198 -3.18198 5
      vertex -5.3033 -5.3033 5
      vertex -4.16678 -6.23602 5
    endloop
  endfacet
  facet normal -0 0 1
    outer loop
      vertex -7.35589 1.46318 5
      vertex -4.41353 0.877906 5
      vertex -6.9291 2.87012 5
    endloop
  endfacet
  facet normal 0 0 1
    outer loop
      vertex -3.74161 -2.50007 5
      vertex -6.23602 -4.16678 5
      vertex -5.3033 -5.3033 5
    endloop
  endfacet
  facet normal 0 0 1
    outer loop
      vertex -4.41353 0.877906 5
      vertex -7.35589 1.46318 5
      vertex -4.5 0 5
    endloop
  endfacet
  facet normal 0 0 1
    outer loop
      vertex -4.15746 -1.72207 5
      vertex -6.9291 -2.87012 5
      vertex -6.23602 -4.16678 5
    endloop
  endfacet
  facet normal 0 0 1
    outer loop
      vertex -7.5 0 5
      vertex -4.5 0 5
      vertex -7.35589 1.46318 5
    endloop
  endfacet
  facet normal 0 0 1
    outer loop
      vertex -4.41353 -0.877906 5
      vertex -7.35589 -1.46318 5
      vertex -6.9291 -2.87012 5
    endloop
  endfacet
  facet normal 0 0 1
    outer loop
      vertex -4.5 0 5
      vertex -7.5 0 5
      vertex -7.35589 -1.46318 5
    endloop
  endfacet
  facet normal 0.77301 -0.634394 0
    outer loop
      vertex 5.3033 -5.3033 5
      vertex 6.23602 -4.16678 1
      vertex 6.23602 -4.16678 5
    endloop
  endfacet
  facet normal 0.77301 -0.634394 0
    outer loop
      vertex 6.23602 -4.16678 1
      vertex 5.3033 -5.3033 5
      vertex 5.3033 -5.3033 1
    endloop
  endfacet
  facet normal 0.881921 -0.471397 0
    outer loop
      vertex 6.23602 -4.16678 5
      vertex 6.9291 -2.87012 1
      vertex 6.9291 -2.87012 5
    endloop
  endfacet
  facet normal 0.881921 -0.471397 0
    outer loop
      vertex 6.9291 -2.87012 1
      vertex 6.23602 -4.16678 5
      vertex 6.23602 -4.16678 1
    endloop
  endfacet
  facet normal 0.634394 -0.77301 0
    outer loop
      vertex 4.16678 -6.23602 1
      vertex 5.3033 -5.3033 5
      vertex 4.16678 -6.23602 5
    endloop
  endfacet
  facet normal 0.634394 -0.77301 0
    outer loop
      vertex 5.3033 -5.3033 5
      vertex 4.16678 -6.23602 1
      vertex 5.3033 -5.3033 1
    endloop
  endfacet
  facet normal -0.471397 -0.881921 0
    outer loop
      vertex -4.16678 -6.23602 1
      vertex -2.87012 -6.9291 5
      vertex -4.16678 -6.23602 5
    endloop
  endfacet
  facet normal -0.471397 -0.881921 -0
    outer loop
      vertex -2.87012 -6.9291 5
      vertex -4.16678 -6.23602 1
      vertex -2.87012 -6.9291 1
    endloop
  endfacet
  facet normal -0.95694 -0.290284 0
    outer loop
      vertex -6.9291 -2.87012 1
      vertex -7.35589 -1.46318 5
      vertex -7.35589 -1.46318 1
    endloop
  endfacet
  facet normal -0.95694 -0.290284 0
    outer loop
      vertex -7.35589 -1.46318 5
      vertex -6.9291 -2.87012 1
      vertex -6.9291 -2.87012 5
    endloop
  endfacet
  facet normal -0.77301 -0.634394 0
    outer loop
      vertex -5.3033 -5.3033 1
      vertex -6.23602 -4.16678 5
      vertex -6.23602 -4.16678 1
    endloop
  endfacet
  facet normal -0.77301 -0.634394 0
    outer loop
      vertex -6.23602 -4.16678 5
      vertex -5.3033 -5.3033 1
      vertex -5.3033 -5.3033 5
    endloop
  endfacet
  facet normal -0.634394 -0.77301 0
    outer loop
      vertex 2.50007 3.74161 2
      vertex 3.18198 3.18198 5
      vertex 2.50007 3.74161 5
    endloop
  endfacet
  facet normal -0.634394 -0.77301 -0
    outer loop
      vertex 3.18198 3.18198 5
      vertex 2.50007 3.74161 2
      vertex 3.18198 3.18198 2
    endloop
  endfacet
  facet normal -0.995184 0.0980214 0
    outer loop
      vertex 4.41353 -0.877906 2
      vertex 4.5 0 5
      vertex 4.5 0 2
    endloop
  endfacet
  facet normal -0.995184 0.0980214 0
    outer loop
      vertex 4.5 0 5
      vertex 4.41353 -0.877906 2
      vertex 4.41353 -0.877906 5
    endloop
  endfacet
  facet normal 0.29028 0.956942 -0
    outer loop
      vertex -0.877906 -4.41353 2
      vertex -1.72207 -4.15746 5
      vertex -0.877906 -4.41353 5
    endloop
  endfacet
  facet normal 0.29028 0.956942 0
    outer loop
      vertex -1.72207 -4.15746 5
      vertex -0.877906 -4.41353 2
      vertex -1.72207 -4.15746 2
    endloop
  endfacet
  facet normal -0.956942 -0.29028 0
    outer loop
      vertex 4.41353 0.877906 2
      vertex 4.15746 1.72207 5
      vertex 4.15746 1.72207 2
    endloop
  endfacet
  facet normal -0.956942 -0.29028 0
    outer loop
      vertex 4.15746 1.72207 5
      vertex 4.41353 0.877906 2
      vertex 4.41353 0.877906 5
    endloop
  endfacet
  facet normal 0.29028 -0.956942 0
    outer loop
      vertex -1.72207 4.15746 2
      vertex -0.877906 4.41353 5
      vertex -1.72207 4.15746 5
    endloop
  endfacet
  facet normal 0.29028 -0.956942 0
    outer loop
      vertex -0.877906 4.41353 5
      vertex -1.72207 4.15746 2
      vertex -0.877906 4.41353 2
    endloop
  endfacet
  facet normal 0.881921 -0.471397 0
    outer loop
      vertex -4.15746 1.72207 5
      vertex -3.74161 2.50007 2
      vertex -3.74161 2.50007 5
    endloop
  endfacet
  facet normal 0.881921 -0.471397 0
    outer loop
      vertex -3.74161 2.50007 2
      vertex -4.15746 1.72207 5
      vertex -4.15746 1.72207 2
    endloop
  endfacet
  facet normal 0.881921 0.471397 0
    outer loop
      vertex -3.74161 -2.50007 5
      vertex -4.15746 -1.72207 2
      vertex -4.15746 -1.72207 5
    endloop
  endfacet
  facet normal 0.881921 0.471397 0
    outer loop
      vertex -4.15746 -1.72207 2
      vertex -3.74161 -2.50007 5
      vertex -3.74161 -2.50007 2
    endloop
  endfacet
  facet normal -0.881921 -0.471397 0
    outer loop
      vertex 4.15746 1.72207 2
      vertex 3.74161 2.50007 5
      vertex 3.74161 2.50007 2
    endloop
  endfacet
  facet normal -0.881921 -0.471397 0
    outer loop
      vertex 3.74161 2.50007 5
      vertex 4.15746 1.72207 2
      vertex 4.15746 1.72207 5
    endloop
  endfacet
  facet normal -0.77301 -0.634394 0
    outer loop
      vertex 3.74161 2.50007 2
      vertex 3.18198 3.18198 5
      vertex 3.18198 3.18198 2
    endloop
  endfacet
  facet normal -0.77301 -0.634394 0
    outer loop
      vertex 3.18198 3.18198 5
      vertex 3.74161 2.50007 2
      vertex 3.74161 2.50007 5
    endloop
  endfacet
  facet normal -0.471397 -0.881921 0
    outer loop
      vertex 1.72207 4.15746 2
      vertex 2.50007 3.74161 5
      vertex 1.72207 4.15746 5
    endloop
  endfacet
  facet normal -0.471397 -0.881921 -0
    outer loop
      vertex 2.50007 3.74161 5
      vertex 1.72207 4.15746 2
      vertex 2.50007 3.74161 2
    endloop
  endfacet
  facet normal -0.0980214 -0.995184 0
    outer loop
      vertex 0 4.5 2
      vertex 0.877906 4.41353 5
      vertex 0 4.5 5
    endloop
  endfacet
  facet normal -0.0980214 -0.995184 -0
    outer loop
      vertex 0.877906 4.41353 5
      vertex 0 4.5 2
      vertex 0.877906 4.41353 2
    endloop
  endfacet
  facet normal 0.995184 -0.0980214 0
    outer loop
      vertex -4.5 0 5
      vertex -4.41353 0.877906 2
      vertex -4.41353 0.877906 5
    endloop
  endfacet
  facet normal 0.995184 -0.0980214 0
    outer loop
      vertex -4.41353 0.877906 2
      vertex -4.5 0 5
      vertex -4.5 0 2
    endloop
  endfacet
  facet normal 0.77301 -0.634394 0
    outer loop
      vertex -3.74161 2.50007 5
      vertex -3.18198 3.18198 2
      vertex -3.18198 3.18198 5
    endloop
  endfacet
  facet normal 0.77301 -0.634394 0
    outer loop
      vertex -3.18198 3.18198 2
      vertex -3.74161 2.50007 5
      vertex -3.74161 2.50007 2
    endloop
  endfacet
  facet normal 0.471397 -0.881921 0
    outer loop
      vertex -2.50007 3.74161 2
      vertex -1.72207 4.15746 5
      vertex -2.50007 3.74161 5
    endloop
  endfacet
  facet normal 0.471397 -0.881921 0
    outer loop
      vertex -1.72207 4.15746 5
      vertex -2.50007 3.74161 2
      vertex -1.72207 4.15746 2
    endloop
  endfacet
  facet normal 0.0980214 -0.995184 0
    outer loop
      vertex -0.877906 4.41353 2
      vertex 0 4.5 5
      vertex -0.877906 4.41353 5
    endloop
  endfacet
  facet normal 0.0980214 -0.995184 0
    outer loop
      vertex 0 4.5 5
      vertex -0.877906 4.41353 2
      vertex 0 4.5 2
    endloop
  endfacet
  facet normal 0.634394 -0.77301 0
    outer loop
      vertex -3.18198 3.18198 2
      vertex -2.50007 3.74161 5
      vertex -3.18198 3.18198 5
    endloop
  endfacet
  facet normal 0.634394 -0.77301 0
    outer loop
      vertex -2.50007 3.74161 5
      vertex -3.18198 3.18198 2
      vertex -2.50007 3.74161 2
    endloop
  endfacet
  facet normal -0.995184 -0.0980214 0
    outer loop
      vertex 4.5 0 2
      vertex 4.41353 0.877906 5
      vertex 4.41353 0.877906 2
    endloop
  endfacet
  facet normal -0.995184 -0.0980214 0
    outer loop
      vertex 4.41353 0.877906 5
      vertex 4.5 0 2
      vertex 4.5 0 5
    endloop
  endfacet
  facet normal -0.0980214 0.995184 0
    outer loop
      vertex 0.877906 -4.41353 2
      vertex 0 -4.5 5
      vertex 0.877906 -4.41353 5
    endloop
  endfacet
  facet normal -0.0980214 0.995184 0
    outer loop
      vertex 0 -4.5 5
      vertex 0.877906 -4.41353 2
      vertex 0 -4.5 2
    endloop
  endfacet
  facet normal -0.77301 0.634394 0
    outer loop
      vertex 3.18198 -3.18198 2
      vertex 3.74161 -2.50007 5
      vertex 3.74161 -2.50007 2
    endloop
  endfacet
  facet normal -0.77301 0.634394 0
    outer loop
      vertex 3.74161 -2.50007 5
      vertex 3.18198 -3.18198 2
      vertex 3.18198 -3.18198 5
    endloop
  endfacet
  facet normal -0.29028 0.956942 0
    outer loop
      vertex 1.72207 -4.15746 2
      vertex 0.877906 -4.41353 5
      vertex 1.72207 -4.15746 5
    endloop
  endfacet
  facet normal -0.29028 0.956942 0
    outer loop
      vertex 0.877906 -4.41353 5
      vertex 1.72207 -4.15746 2
      vertex 0.877906 -4.41353 2
    endloop
  endfacet
  facet normal -0.471397 0.881921 0
    outer loop
      vertex 2.50007 -3.74161 2
      vertex 1.72207 -4.15746 5
      vertex 2.50007 -3.74161 5
    endloop
  endfacet
  facet normal -0.471397 0.881921 0
    outer loop
      vertex 1.72207 -4.15746 5
      vertex 2.50007 -3.74161 2
      vertex 1.72207 -4.15746 2
    endloop
  endfacet
  facet normal 0.0980214 0.995184 -0
    outer loop
      vertex 0 -4.5 2
      vertex -0.877906 -4.41353 5
      vertex 0 -4.5 5
    endloop
  endfacet
  facet normal 0.0980214 0.995184 0
    outer loop
      vertex -0.877906 -4.41353 5
      vertex 0 -4.5 2
      vertex -0.877906 -4.41353 2
    endloop
  endfacet
  facet normal 0.634394 0.77301 -0
    outer loop
      vertex -2.50007 -3.74161 2
      vertex -3.18198 -3.18198 5
      vertex -2.50007 -3.74161 5
    endloop
  endfacet
  facet normal 0.634394 0.77301 0
    outer loop
      vertex -3.18198 -3.18198 5
      vertex -2.50007 -3.74161 2
      vertex -3.18198 -3.18198 2
    endloop
  endfacet
  facet normal 0.995184 0.0980214 0
    outer loop
      vertex -4.41353 -0.877906 5
      vertex -4.5 0 2
      vertex -4.5 0 5
    endloop
  endfacet
  facet normal 0.995184 0.0980214 0
    outer loop
      vertex -4.5 0 2
      vertex -4.41353 -0.877906 5
      vertex -4.41353 -0.877906 2
    endloop
  endfacet
  facet normal 0 0 1
    outer loop
      vertex 4.41353 0.877906 2
      vertex 4.41353 -0.877906 2
      vertex 4.5 0 2
    endloop
  endfacet
  facet normal 0 0 1
    outer loop
      vertex 4.15746 1.72207 2
      vertex 4.41353 -0.877906 2
      vertex 4.41353 0.877906 2
    endloop
  endfacet
  facet normal 0 0 1
    outer loop
      vertex 4.15746 1.72207 2
      vertex 4.15746 -1.72207 2
      vertex 4.41353 -0.877906 2
    endloop
  endfacet
  facet normal 0 0 1
    outer loop
      vertex 3.74161 2.50007 2
      vertex 4.15746 -1.72207 2
      vertex 4.15746 1.72207 2
    endloop
  endfacet
  facet normal 0 0 1
    outer loop
      vertex 3.74161 2.50007 2
      vertex 3.74161 -2.50007 2
      vertex 4.15746 -1.72207 2
    endloop
  endfacet
  facet normal 0 0 1
    outer loop
      vertex 3.18198 3.18198 2
      vertex 3.74161 -2.50007 2
      vertex 3.74161 2.50007 2
    endloop
  endfacet
  facet normal 0 0 1
    outer loop
      vertex 3.18198 3.18198 2
      vertex 3.18198 -3.18198 2
      vertex 3.74161 -2.50007 2
    endloop
  endfacet
  facet normal 0 0 1
    outer loop
      vertex 2.50007 3.74161 2
      vertex 3.18198 -3.18198 2
      vertex 3.18198 3.18198 2
    endloop
  endfacet
  facet normal 0 0 1
    outer loop
      vertex 2.50007 3.74161 2
      vertex 2.50007 -3.74161 2
      vertex 3.18198 -3.18198 2
    endloop
  endfacet
  facet normal 0 0 1
    outer loop
      vertex 1.72207 4.15746 2
      vertex 2.50007 -3.74161 2
      vertex 2.50007 3.74161 2
    endloop
  endfacet
  facet normal 0 0 1
    outer loop
      vertex 1.72207 4.15746 2
      vertex 1.72207 -4.15746 2
      vertex 2.50007 -3.74161 2
    endloop
  endfacet
  facet normal 0 0 1
    outer loop
      vertex 0.877906 4.41353 2
      vertex 1.72207 -4.15746 2
      vertex 1.72207 4.15746 2
    endloop
  endfacet
  facet normal 0 0 1
    outer loop
      vertex 0.877906 4.41353 2
      vertex 0.877906 -4.41353 2
      vertex 1.72207 -4.15746 2
    endloop
  endfacet
  facet normal 0 0 1
    outer loop
      vertex 0 4.5 2
      vertex 0.877906 -4.41353 2
      vertex 0.877906 4.41353 2
    endloop
  endfacet
  facet normal 0 0 1
    outer loop
      vertex 0 4.5 2
      vertex 0 -4.5 2
      vertex 0.877906 -4.41353 2
    endloop
  endfacet
  facet normal -0 0 1
    outer loop
      vertex -0.877906 4.41353 2
      vertex 0 -4.5 2
      vertex 0 4.5 2
    endloop
  endfacet
  facet normal 0 0 1
    outer loop
      vertex -0.877906 4.41353 2
      vertex -0.877906 -4.41353 2
      vertex 0 -4.5 2
    endloop
  endfacet
  facet normal -0 0 1
    outer loop
      vertex -1.72207 4.15746 2
      vertex -0.877906 -4.41353 2
      vertex -0.877906 4.41353 2
    endloop
  endfacet
  facet normal 0 0 1
    outer loop
      vertex -1.72207 4.15746 2
      vertex -1.72207 -4.15746 2
      vertex -0.877906 -4.41353 2
    endloop
  endfacet
  facet normal -0 0 1
    outer loop
      vertex -2.50007 3.74161 2
      vertex -1.72207 -4.15746 2
      vertex -1.72207 4.15746 2
    endloop
  endfacet
  facet normal 0 0 1
    outer loop
      vertex -2.50007 3.74161 2
      vertex -2.50007 -3.74161 2
      vertex -1.72207 -4.15746 2
    endloop
  endfacet
  facet normal -0 0 1
    outer loop
      vertex -3.18198 3.18198 2
      vertex -2.50007 -3.74161 2
      vertex -2.50007 3.74161 2
    endloop
  endfacet
  facet normal 0 0 1
    outer loop
      vertex -3.18198 3.18198 2
      vertex -3.18198 -3.18198 2
      vertex -2.50007 -3.74161 2
    endloop
  endfacet
  facet normal -0 0 1
    outer loop
      vertex -3.74161 2.50007 2
      vertex -3.18198 -3.18198 2
      vertex -3.18198 3.18198 2
    endloop
  endfacet
  facet normal 0 0 1
    outer loop
      vertex -3.74161 2.50007 2
      vertex -3.74161 -2.50007 2
      vertex -3.18198 -3.18198 2
    endloop
  endfacet
  facet normal -0 0 1
    outer loop
      vertex -4.15746 1.72207 2
      vertex -3.74161 -2.50007 2
      vertex -3.74161 2.50007 2
    endloop
  endfacet
  facet normal 0 0 1
    outer loop
      vertex -4.15746 1.72207 2
      vertex -4.15746 -1.72207 2
      vertex -3.74161 -2.50007 2
    endloop
  endfacet
  facet normal -0 0 1
    outer loop
      vertex -4.41353 0.877906 2
      vertex -4.15746 -1.72207 2
      vertex -4.15746 1.72207 2
    endloop
  endfacet
  facet normal 0 0 1
    outer loop
      vertex -4.41353 0.877906 2
      vertex -4.41353 -0.877906 2
      vertex -4.15746 -1.72207 2
    endloop
  endfacet
  facet normal 0 -0 1
    outer loop
      vertex -4.41353 -0.877906 2
      vertex -4.41353 0.877906 2
      vertex -4.5 0 2
    endloop
  endfacet
  facet normal -0.29028 -0.956942 0
    outer loop
      vertex 0.877906 4.41353 2
      vertex 1.72207 4.15746 5
      vertex 0.877906 4.41353 5
    endloop
  endfacet
  facet normal -0.29028 -0.956942 -0
    outer loop
      vertex 1.72207 4.15746 5
      vertex 0.877906 4.41353 2
      vertex 1.72207 4.15746 2
    endloop
  endfacet
  facet normal 0.956942 -0.29028 0
    outer loop
      vertex -4.41353 0.877906 5
      vertex -4.15746 1.72207 2
      vertex -4.15746 1.72207 5
    endloop
  endfacet
  facet normal 0.956942 -0.29028 0
    outer loop
      vertex -4.15746 1.72207 2
      vertex -4.41353 0.877906 5
      vertex -4.41353 0.877906 2
    endloop
  endfacet
  facet normal -0.956942 0.29028 0
    outer loop
      vertex 4.15746 -1.72207 2
      vertex 4.41353 -0.877906 5
      vertex 4.41353 -0.877906 2
    endloop
  endfacet
  facet normal -0.956942 0.29028 0
    outer loop
      vertex 4.41353 -0.877906 5
      vertex 4.15746 -1.72207 2
      vertex 4.15746 -1.72207 5
    endloop
  endfacet
  facet normal -0.634394 0.77301 0
    outer loop
      vertex 3.18198 -3.18198 2
      vertex 2.50007 -3.74161 5
      vertex 3.18198 -3.18198 5
    endloop
  endfacet
  facet normal -0.634394 0.77301 0
    outer loop
      vertex 2.50007 -3.74161 5
      vertex 3.18198 -3.18198 2
      vertex 2.50007 -3.74161 2
    endloop
  endfacet
  facet normal 0.471397 0.881921 -0
    outer loop
      vertex -1.72207 -4.15746 2
      vertex -2.50007 -3.74161 5
      vertex -1.72207 -4.15746 5
    endloop
  endfacet
  facet normal 0.471397 0.881921 0
    outer loop
      vertex -2.50007 -3.74161 5
      vertex -1.72207 -4.15746 2
      vertex -2.50007 -3.74161 2
    endloop
  endfacet
  facet normal 0.956942 0.29028 0
    outer loop
      vertex -4.15746 -1.72207 5
      vertex -4.41353 -0.877906 2
      vertex -4.41353 -0.877906 5
    endloop
  endfacet
  facet normal 0.956942 0.29028 0
    outer loop
      vertex -4.41353 -0.877906 2
      vertex -4.15746 -1.72207 5
      vertex -4.15746 -1.72207 2
    endloop
  endfacet
  facet normal 0.77301 0.634394 0
    outer loop
      vertex -3.18198 -3.18198 5
      vertex -3.74161 -2.50007 2
      vertex -3.74161 -2.50007 5
    endloop
  endfacet
  facet normal 0.77301 0.634394 0
    outer loop
      vertex -3.74161 -2.50007 2
      vertex -3.18198 -3.18198 5
      vertex -3.18198 -3.18198 2
    endloop
  endfacet
  facet normal -0.881921 0.471397 0
    outer loop
      vertex 3.74161 -2.50007 2
      vertex 4.15746 -1.72207 5
      vertex 4.15746 -1.72207 2
    endloop
  endfacet
  facet normal -0.881921 0.471397 0
    outer loop
      vertex 4.15746 -1.72207 5
      vertex 3.74161 -2.50007 2
      vertex 3.74161 -2.50007 5
    endloop
  endfacet
  facet normal 0.0694705 -0.705398 -0.705398
    outer loop
      vertex 1.46318 15.6441 1
      vertex 0 15.5 1
      vertex 0 16.5 0
    endloop
  endfacet
  facet normal 0.705398 0.0694744 -0.705398
    outer loop
      vertex 7.5 23 1
      vertex 6.5 23 0
      vertex 7.35589 24.4632 1
    endloop
  endfacet
  facet normal 0.705396 0.0694771 -0.7054
    outer loop
      vertex 6.5 23 0
      vertex 6.3751 24.2681 0
      vertex 7.35589 24.4632 1
    endloop
  endfacet
  facet normal 0.705396 -0.0694771 -0.7054
    outer loop
      vertex 7.35589 21.5368 1
      vertex 6.3751 21.7319 0
      vertex 6.5 23 0
    endloop
  endfacet
  facet normal -0.678286 -0.205761 -0.705401
    outer loop
      vertex -6.00522 20.5126 0
      vertex -7.35589 21.5368 1
      vertex -6.3751 21.7319 0
    endloop
  endfacet
  facet normal -0.205763 0.678284 -0.705403
    outer loop
      vertex -1.26809 29.3751 0
      vertex -2.48744 29.0052 0
      vertex -1.46318 30.3559 1
    endloop
  endfacet
  facet normal 0.678287 -0.205762 -0.7054
    outer loop
      vertex 6.9291 20.1299 1
      vertex 6.00522 20.5126 0
      vertex 7.35589 21.5368 1
    endloop
  endfacet
  facet normal 0.205759 -0.678282 -0.705405
    outer loop
      vertex 2.87012 16.0709 1
      vertex 1.46318 15.6441 1
      vertex 2.48744 16.9948 0
    endloop
  endfacet
  facet normal 0.547922 -0.449663 -0.705397
    outer loop
      vertex 5.3033 17.6967 1
      vertex 4.59619 18.4038 0
      vertex 5.40455 19.3888 0
    endloop
  endfacet
  facet normal 0.705398 -0.0694744 -0.705398
    outer loop
      vertex 7.35589 21.5368 1
      vertex 6.5 23 0
      vertex 7.5 23 1
    endloop
  endfacet
  facet normal 0.334137 -0.625107 -0.705404
    outer loop
      vertex 2.87012 16.0709 1
      vertex 2.48744 16.9948 0
      vertex 4.16678 16.764 1
    endloop
  endfacet
  facet normal -0.449681 -0.547906 -0.705398
    outer loop
      vertex -3.61121 17.5954 0
      vertex -5.3033 17.6967 1
      vertex -4.59619 18.4038 0
    endloop
  endfacet
  facet normal -0.449672 -0.547937 -0.705379
    outer loop
      vertex -4.16678 16.764 1
      vertex -5.3033 17.6967 1
      vertex -3.61121 17.5954 0
    endloop
  endfacet
  facet normal -0.334113 0.625152 -0.705375
    outer loop
      vertex -3.61121 28.4046 0
      vertex -4.16678 29.236 1
      vertex -2.48744 29.0052 0
    endloop
  endfacet
  facet normal -0.625115 0.334123 -0.705403
    outer loop
      vertex -6.00522 25.4874 0
      vertex -6.23602 27.1668 1
      vertex -5.40455 26.6112 0
    endloop
  endfacet
  facet normal 0.678286 -0.205761 -0.705401
    outer loop
      vertex 7.35589 21.5368 1
      vertex 6.00522 20.5126 0
      vertex 6.3751 21.7319 0
    endloop
  endfacet
  facet normal 0.625117 -0.334122 -0.705402
    outer loop
      vertex 6.23602 18.8332 1
      vertex 6.00522 20.5126 0
      vertex 6.9291 20.1299 1
    endloop
  endfacet
  facet normal 0.449672 -0.547937 -0.705379
    outer loop
      vertex 4.16678 16.764 1
      vertex 3.61121 17.5954 0
      vertex 5.3033 17.6967 1
    endloop
  endfacet
  facet normal 0.334113 -0.625152 -0.705375
    outer loop
      vertex 4.16678 16.764 1
      vertex 2.48744 16.9948 0
      vertex 3.61121 17.5954 0
    endloop
  endfacet
  facet normal 0.205763 -0.678284 -0.705403
    outer loop
      vertex 1.46318 15.6441 1
      vertex 1.26809 16.6249 0
      vertex 2.48744 16.9948 0
    endloop
  endfacet
  facet normal 0.0694774 -0.705393 -0.705403
    outer loop
      vertex 1.46318 15.6441 1
      vertex 0 16.5 0
      vertex 1.26809 16.6249 0
    endloop
  endfacet
  facet normal -0.205759 -0.678282 -0.705405
    outer loop
      vertex -1.46318 15.6441 1
      vertex -2.87012 16.0709 1
      vertex -2.48744 16.9948 0
    endloop
  endfacet
  facet normal -0.625115 -0.334123 -0.705403
    outer loop
      vertex -5.40455 19.3888 0
      vertex -6.23602 18.8332 1
      vertex -6.00522 20.5126 0
    endloop
  endfacet
  facet normal -0.547909 -0.449666 -0.705405
    outer loop
      vertex -5.3033 17.6967 1
      vertex -6.23602 18.8332 1
      vertex -5.40455 19.3888 0
    endloop
  endfacet
  facet normal 0.334113 0.625152 -0.705375
    outer loop
      vertex 3.61121 28.4046 0
      vertex 2.48744 29.0052 0
      vertex 4.16678 29.236 1
    endloop
  endfacet
  facet normal 0.547909 0.449666 -0.705405
    outer loop
      vertex 5.40455 26.6112 0
      vertex 5.3033 28.3033 1
      vertex 6.23602 27.1668 1
    endloop
  endfacet
  facet normal -0.705398 -0.0694744 -0.705398
    outer loop
      vertex -7.35589 21.5368 1
      vertex -7.5 23 1
      vertex -6.5 23 0
    endloop
  endfacet
  facet normal -0.547909 0.449666 -0.705405
    outer loop
      vertex -5.40455 26.6112 0
      vertex -6.23602 27.1668 1
      vertex -5.3033 28.3033 1
    endloop
  endfacet
  facet normal 0.625115 -0.334123 -0.705403
    outer loop
      vertex 6.23602 18.8332 1
      vertex 5.40455 19.3888 0
      vertex 6.00522 20.5126 0
    endloop
  endfacet
  facet normal 0.547909 -0.449666 -0.705405
    outer loop
      vertex 6.23602 18.8332 1
      vertex 5.3033 17.6967 1
      vertex 5.40455 19.3888 0
    endloop
  endfacet
  facet normal 0.449681 -0.547906 -0.705398
    outer loop
      vertex 5.3033 17.6967 1
      vertex 3.61121 17.5954 0
      vertex 4.59619 18.4038 0
    endloop
  endfacet
  facet normal -0.625117 -0.334122 -0.705402
    outer loop
      vertex -6.23602 18.8332 1
      vertex -6.9291 20.1299 1
      vertex -6.00522 20.5126 0
    endloop
  endfacet
  facet normal -0.678287 -0.205762 -0.7054
    outer loop
      vertex -6.9291 20.1299 1
      vertex -7.35589 21.5368 1
      vertex -6.00522 20.5126 0
    endloop
  endfacet
  facet normal -0.334137 -0.625107 -0.705404
    outer loop
      vertex -2.87012 16.0709 1
      vertex -4.16678 16.764 1
      vertex -2.48744 16.9948 0
    endloop
  endfacet
  facet normal -0.334113 -0.625152 -0.705375
    outer loop
      vertex -2.48744 16.9948 0
      vertex -4.16678 16.764 1
      vertex -3.61121 17.5954 0
    endloop
  endfacet
  facet normal -0.0694774 -0.705393 -0.705403
    outer loop
      vertex 0 16.5 0
      vertex -1.46318 15.6441 1
      vertex -1.26809 16.6249 0
    endloop
  endfacet
  facet normal -0.0694705 -0.705398 -0.705398
    outer loop
      vertex 0 15.5 1
      vertex -1.46318 15.6441 1
      vertex 0 16.5 0
    endloop
  endfacet
  facet normal -0.0694705 0.705398 -0.705398
    outer loop
      vertex 0 29.5 0
      vertex -1.46318 30.3559 1
      vertex 0 30.5 1
    endloop
  endfacet
  facet normal 0.625115 0.334123 -0.705403
    outer loop
      vertex 6.00522 25.4874 0
      vertex 5.40455 26.6112 0
      vertex 6.23602 27.1668 1
    endloop
  endfacet
  facet normal 0.449681 0.547906 -0.705398
    outer loop
      vertex 4.59619 27.5962 0
      vertex 3.61121 28.4046 0
      vertex 5.3033 28.3033 1
    endloop
  endfacet
  facet normal 0.449672 0.547937 -0.705379
    outer loop
      vertex 5.3033 28.3033 1
      vertex 3.61121 28.4046 0
      vertex 4.16678 29.236 1
    endloop
  endfacet
  facet normal -0.334137 0.625107 -0.705404
    outer loop
      vertex -2.48744 29.0052 0
      vertex -4.16678 29.236 1
      vertex -2.87012 29.9291 1
    endloop
  endfacet
  facet normal -0.205759 0.678282 -0.705405
    outer loop
      vertex -2.48744 29.0052 0
      vertex -2.87012 29.9291 1
      vertex -1.46318 30.3559 1
    endloop
  endfacet
  facet normal -0.678286 0.205761 -0.705401
    outer loop
      vertex -6.3751 24.2681 0
      vertex -7.35589 24.4632 1
      vertex -6.00522 25.4874 0
    endloop
  endfacet
  facet normal -0.705398 0.0694744 -0.705398
    outer loop
      vertex -6.5 23 0
      vertex -7.5 23 1
      vertex -7.35589 24.4632 1
    endloop
  endfacet
  facet normal -0.705396 0.0694771 -0.7054
    outer loop
      vertex -6.5 23 0
      vertex -7.35589 24.4632 1
      vertex -6.3751 24.2681 0
    endloop
  endfacet
  facet normal -0.547922 -0.449663 -0.705397
    outer loop
      vertex -5.3033 17.6967 1
      vertex -5.40455 19.3888 0
      vertex -4.59619 18.4038 0
    endloop
  endfacet
  facet normal -0.205763 -0.678284 -0.705403
    outer loop
      vertex -1.46318 15.6441 1
      vertex -2.48744 16.9948 0
      vertex -1.26809 16.6249 0
    endloop
  endfacet
  facet normal 0.205763 0.678284 -0.705403
    outer loop
      vertex 2.48744 29.0052 0
      vertex 1.26809 29.3751 0
      vertex 1.46318 30.3559 1
    endloop
  endfacet
  facet normal 0.0694705 0.705398 -0.705398
    outer loop
      vertex 1.46318 30.3559 1
      vertex 0 29.5 0
      vertex 0 30.5 1
    endloop
  endfacet
  facet normal 0.0694774 0.705393 -0.705403
    outer loop
      vertex 1.26809 29.3751 0
      vertex 0 29.5 0
      vertex 1.46318 30.3559 1
    endloop
  endfacet
  facet normal 0.625117 0.334122 -0.705402
    outer loop
      vertex 6.9291 25.8701 1
      vertex 6.00522 25.4874 0
      vertex 6.23602 27.1668 1
    endloop
  endfacet
  facet normal 0.547922 0.449663 -0.705397
    outer loop
      vertex 5.40455 26.6112 0
      vertex 4.59619 27.5962 0
      vertex 5.3033 28.3033 1
    endloop
  endfacet
  facet normal -0.547922 0.449663 -0.705397
    outer loop
      vertex -4.59619 27.5962 0
      vertex -5.40455 26.6112 0
      vertex -5.3033 28.3033 1
    endloop
  endfacet
  facet normal -0.449672 0.547937 -0.705379
    outer loop
      vertex -3.61121 28.4046 0
      vertex -5.3033 28.3033 1
      vertex -4.16678 29.236 1
    endloop
  endfacet
  facet normal -0.678287 0.205762 -0.7054
    outer loop
      vertex -6.00522 25.4874 0
      vertex -7.35589 24.4632 1
      vertex -6.9291 25.8701 1
    endloop
  endfacet
  facet normal -0.625117 0.334122 -0.705402
    outer loop
      vertex -6.00522 25.4874 0
      vertex -6.9291 25.8701 1
      vertex -6.23602 27.1668 1
    endloop
  endfacet
  facet normal 0 0 -1
    outer loop
      vertex 6.3751 21.7319 0
      vertex 6.3751 24.2681 0
      vertex 6.5 23 0
    endloop
  endfacet
  facet normal 0 0 -1
    outer loop
      vertex 6.00522 20.5126 0
      vertex 6.3751 24.2681 0
      vertex 6.3751 21.7319 0
    endloop
  endfacet
  facet normal 0 0 -1
    outer loop
      vertex 6.00522 20.5126 0
      vertex 6.00522 25.4874 0
      vertex 6.3751 24.2681 0
    endloop
  endfacet
  facet normal 0 0 -1
    outer loop
      vertex 5.40455 19.3888 0
      vertex 6.00522 25.4874 0
      vertex 6.00522 20.5126 0
    endloop
  endfacet
  facet normal 0 0 -1
    outer loop
      vertex 5.40455 19.3888 0
      vertex 5.40455 26.6112 0
      vertex 6.00522 25.4874 0
    endloop
  endfacet
  facet normal 0 0 -1
    outer loop
      vertex 4.59619 18.4038 0
      vertex 5.40455 26.6112 0
      vertex 5.40455 19.3888 0
    endloop
  endfacet
  facet normal 0 0 -1
    outer loop
      vertex 4.59619 18.4038 0
      vertex 4.59619 27.5962 0
      vertex 5.40455 26.6112 0
    endloop
  endfacet
  facet normal 0 0 -1
    outer loop
      vertex 3.61121 17.5954 0
      vertex 4.59619 27.5962 0
      vertex 4.59619 18.4038 0
    endloop
  endfacet
  facet normal 0 0 -1
    outer loop
      vertex 3.61121 17.5954 0
      vertex 3.61121 28.4046 0
      vertex 4.59619 27.5962 0
    endloop
  endfacet
  facet normal 0 0 -1
    outer loop
      vertex 2.48744 16.9948 0
      vertex 3.61121 28.4046 0
      vertex 3.61121 17.5954 0
    endloop
  endfacet
  facet normal 0 0 -1
    outer loop
      vertex 2.48744 16.9948 0
      vertex 2.48744 29.0052 0
      vertex 3.61121 28.4046 0
    endloop
  endfacet
  facet normal 0 0 -1
    outer loop
      vertex 1.26809 16.6249 0
      vertex 2.48744 29.0052 0
      vertex 2.48744 16.9948 0
    endloop
  endfacet
  facet normal 0 0 -1
    outer loop
      vertex 1.26809 16.6249 0
      vertex 1.26809 29.3751 0
      vertex 2.48744 29.0052 0
    endloop
  endfacet
  facet normal 0 0 -1
    outer loop
      vertex 0 16.5 0
      vertex 1.26809 29.3751 0
      vertex 1.26809 16.6249 0
    endloop
  endfacet
  facet normal 0 0 -1
    outer loop
      vertex 0 16.5 0
      vertex 0 29.5 0
      vertex 1.26809 29.3751 0
    endloop
  endfacet
  facet normal 0 0 -1
    outer loop
      vertex -1.26809 16.6249 0
      vertex 0 29.5 0
      vertex 0 16.5 0
    endloop
  endfacet
  facet normal 0 0 -1
    outer loop
      vertex -1.26809 16.6249 0
      vertex -1.26809 29.3751 0
      vertex 0 29.5 0
    endloop
  endfacet
  facet normal 0 0 -1
    outer loop
      vertex -2.48744 16.9948 0
      vertex -1.26809 29.3751 0
      vertex -1.26809 16.6249 0
    endloop
  endfacet
  facet normal 0 0 -1
    outer loop
      vertex -2.48744 16.9948 0
      vertex -2.48744 29.0052 0
      vertex -1.26809 29.3751 0
    endloop
  endfacet
  facet normal 0 0 -1
    outer loop
      vertex -3.61121 17.5954 0
      vertex -2.48744 29.0052 0
      vertex -2.48744 16.9948 0
    endloop
  endfacet
  facet normal 0 0 -1
    outer loop
      vertex -3.61121 17.5954 0
      vertex -3.61121 28.4046 0
      vertex -2.48744 29.0052 0
    endloop
  endfacet
  facet normal 0 0 -1
    outer loop
      vertex -4.59619 18.4038 0
      vertex -3.61121 28.4046 0
      vertex -3.61121 17.5954 0
    endloop
  endfacet
  facet normal 0 0 -1
    outer loop
      vertex -4.59619 18.4038 0
      vertex -4.59619 27.5962 0
      vertex -3.61121 28.4046 0
    endloop
  endfacet
  facet normal 0 0 -1
    outer loop
      vertex -5.40455 19.3888 0
      vertex -4.59619 27.5962 0
      vertex -4.59619 18.4038 0
    endloop
  endfacet
  facet normal 0 0 -1
    outer loop
      vertex -5.40455 19.3888 0
      vertex -5.40455 26.6112 0
      vertex -4.59619 27.5962 0
    endloop
  endfacet
  facet normal 0 0 -1
    outer loop
      vertex -6.00522 20.5126 0
      vertex -5.40455 26.6112 0
      vertex -5.40455 19.3888 0
    endloop
  endfacet
  facet normal 0 0 -1
    outer loop
      vertex -6.00522 20.5126 0
      vertex -6.00522 25.4874 0
      vertex -5.40455 26.6112 0
    endloop
  endfacet
  facet normal 0 0 -1
    outer loop
      vertex -6.3751 21.7319 0
      vertex -6.00522 25.4874 0
      vertex -6.00522 20.5126 0
    endloop
  endfacet
  facet normal 0 0 -1
    outer loop
      vertex -6.3751 21.7319 0
      vertex -6.3751 24.2681 0
      vertex -6.00522 25.4874 0
    endloop
  endfacet
  facet normal 0 -0 -1
    outer loop
      vertex -6.3751 24.2681 0
      vertex -6.3751 21.7319 0
      vertex -6.5 23 0
    endloop
  endfacet
  facet normal -0.705396 -0.0694771 -0.7054
    outer loop
      vertex -6.3751 21.7319 0
      vertex -7.35589 21.5368 1
      vertex -6.5 23 0
    endloop
  endfacet
  facet normal 0.205759 0.678282 -0.705405
    outer loop
      vertex 2.48744 29.0052 0
      vertex 1.46318 30.3559 1
      vertex 2.87012 29.9291 1
    endloop
  endfacet
  facet normal 0.334137 0.625107 -0.705404
    outer loop
      vertex 4.16678 29.236 1
      vertex 2.48744 29.0052 0
      vertex 2.87012 29.9291 1
    endloop
  endfacet
  facet normal -0.0694774 0.705393 -0.705403
    outer loop
      vertex -1.26809 29.3751 0
      vertex -1.46318 30.3559 1
      vertex 0 29.5 0
    endloop
  endfacet
  facet normal 0.678287 0.205762 -0.7054
    outer loop
      vertex 7.35589 24.4632 1
      vertex 6.00522 25.4874 0
      vertex 6.9291 25.8701 1
    endloop
  endfacet
  facet normal 0.678286 0.205761 -0.705401
    outer loop
      vertex 6.3751 24.2681 0
      vertex 6.00522 25.4874 0
      vertex 7.35589 24.4632 1
    endloop
  endfacet
  facet normal -0.449681 0.547906 -0.705398
    outer loop
      vertex -4.59619 27.5962 0
      vertex -5.3033 28.3033 1
      vertex -3.61121 28.4046 0
    endloop
  endfacet
  facet normal 0.634386 0.773016 -0
    outer loop
      vertex 5.3033 28.3033 1
      vertex 4.16678 29.236 5
      vertex 5.3033 28.3033 5
    endloop
  endfacet
  facet normal 0.634386 0.773016 0
    outer loop
      vertex 4.16678 29.236 5
      vertex 5.3033 28.3033 1
      vertex 4.16678 29.236 1
    endloop
  endfacet
  facet normal -0.956938 0.290292 0
    outer loop
      vertex -7.35589 24.4632 1
      vertex -6.9291 25.8701 5
      vertex -6.9291 25.8701 1
    endloop
  endfacet
  facet normal -0.956938 0.290292 0
    outer loop
      vertex -6.9291 25.8701 5
      vertex -7.35589 24.4632 1
      vertex -7.35589 24.4632 5
    endloop
  endfacet
  facet normal 0.995185 -0.0980154 0
    outer loop
      vertex 7.35589 21.5368 5
      vertex 7.5 23 1
      vertex 7.5 23 5
    endloop
  endfacet
  facet normal 0.995185 -0.0980154 0
    outer loop
      vertex 7.5 23 1
      vertex 7.35589 21.5368 5
      vertex 7.35589 21.5368 1
    endloop
  endfacet
  facet normal -0.290291 -0.956939 0
    outer loop
      vertex -2.87012 16.0709 1
      vertex -1.46318 15.6441 5
      vertex -2.87012 16.0709 5
    endloop
  endfacet
  facet normal -0.290291 -0.956939 -0
    outer loop
      vertex -1.46318 15.6441 5
      vertex -2.87012 16.0709 1
      vertex -1.46318 15.6441 1
    endloop
  endfacet
  facet normal 0.773004 0.634401 0
    outer loop
      vertex 6.23602 27.1668 5
      vertex 5.3033 28.3033 1
      vertex 5.3033 28.3033 5
    endloop
  endfacet
  facet normal 0.773004 0.634401 0
    outer loop
      vertex 5.3033 28.3033 1
      vertex 6.23602 27.1668 5
      vertex 6.23602 27.1668 1
    endloop
  endfacet
  facet normal -0.290291 0.956939 0
    outer loop
      vertex -1.46318 30.3559 1
      vertex -2.87012 29.9291 5
      vertex -1.46318 30.3559 5
    endloop
  endfacet
  facet normal -0.290291 0.956939 0
    outer loop
      vertex -2.87012 29.9291 5
      vertex -1.46318 30.3559 1
      vertex -2.87012 29.9291 1
    endloop
  endfacet
  facet normal -0.881927 0.471386 0
    outer loop
      vertex -6.9291 25.8701 1
      vertex -6.23602 27.1668 5
      vertex -6.23602 27.1668 1
    endloop
  endfacet
  facet normal -0.881927 0.471386 0
    outer loop
      vertex -6.23602 27.1668 5
      vertex -6.9291 25.8701 1
      vertex -6.9291 25.8701 5
    endloop
  endfacet
  facet normal 0.881927 0.471386 0
    outer loop
      vertex 6.9291 25.8701 5
      vertex 6.23602 27.1668 1
      vertex 6.23602 27.1668 5
    endloop
  endfacet
  facet normal 0.881927 0.471386 0
    outer loop
      vertex 6.23602 27.1668 1
      vertex 6.9291 25.8701 5
      vertex 6.9291 25.8701 1
    endloop
  endfacet
  facet normal 0.471408 0.881915 -0
    outer loop
      vertex 4.16678 29.236 1
      vertex 2.87012 29.9291 5
      vertex 4.16678 29.236 5
    endloop
  endfacet
  facet normal 0.471408 0.881915 0
    outer loop
      vertex 2.87012 29.9291 5
      vertex 4.16678 29.236 1
      vertex 2.87012 29.9291 1
    endloop
  endfacet
  facet normal 0.09801 0.995185 -0
    outer loop
      vertex 1.46318 30.3559 1
      vertex 0 30.5 5
      vertex 1.46318 30.3559 5
    endloop
  endfacet
  facet normal 0.09801 0.995185 0
    outer loop
      vertex 0 30.5 5
      vertex 1.46318 30.3559 1
      vertex 0 30.5 1
    endloop
  endfacet
  facet normal -0.995185 0.0980154 0
    outer loop
      vertex -7.5 23 1
      vertex -7.35589 24.4632 5
      vertex -7.35589 24.4632 1
    endloop
  endfacet
  facet normal -0.995185 0.0980154 0
    outer loop
      vertex -7.35589 24.4632 5
      vertex -7.5 23 1
      vertex -7.5 23 5
    endloop
  endfacet
  facet normal -0.773004 0.634401 0
    outer loop
      vertex -6.23602 27.1668 1
      vertex -5.3033 28.3033 5
      vertex -5.3033 28.3033 1
    endloop
  endfacet
  facet normal -0.773004 0.634401 0
    outer loop
      vertex -5.3033 28.3033 5
      vertex -6.23602 27.1668 1
      vertex -6.23602 27.1668 5
    endloop
  endfacet
  facet normal -0.471408 0.881915 0
    outer loop
      vertex -2.87012 29.9291 1
      vertex -4.16678 29.236 5
      vertex -2.87012 29.9291 5
    endloop
  endfacet
  facet normal -0.471408 0.881915 0
    outer loop
      vertex -4.16678 29.236 5
      vertex -2.87012 29.9291 1
      vertex -4.16678 29.236 1
    endloop
  endfacet
  facet normal -0.09801 0.995185 0
    outer loop
      vertex 0 30.5 1
      vertex -1.46318 30.3559 5
      vertex 0 30.5 5
    endloop
  endfacet
  facet normal -0.09801 0.995185 0
    outer loop
      vertex -1.46318 30.3559 5
      vertex 0 30.5 1
      vertex -1.46318 30.3559 1
    endloop
  endfacet
  facet normal -0.634386 0.773016 0
    outer loop
      vertex -4.16678 29.236 1
      vertex -5.3033 28.3033 5
      vertex -4.16678 29.236 5
    endloop
  endfacet
  facet normal -0.634386 0.773016 0
    outer loop
      vertex -5.3033 28.3033 5
      vertex -4.16678 29.236 1
      vertex -5.3033 28.3033 1
    endloop
  endfacet
  facet normal 0.995185 0.0980154 0
    outer loop
      vertex 7.5 23 5
      vertex 7.35589 24.4632 1
      vertex 7.35589 24.4632 5
    endloop
  endfacet
  facet normal 0.995185 0.0980154 0
    outer loop
      vertex 7.35589 24.4632 1
      vertex 7.5 23 5
      vertex 7.5 23 1
    endloop
  endfacet
  facet normal 0.09801 -0.995185 0
    outer loop
      vertex 0 15.5 1
      vertex 1.46318 15.6441 5
      vertex 0 15.5 5
    endloop
  endfacet
  facet normal 0.09801 -0.995185 0
    outer loop
      vertex 1.46318 15.6441 5
      vertex 0 15.5 1
      vertex 1.46318 15.6441 1
    endloop
  endfacet
  facet normal 0.956938 -0.290292 0
    outer loop
      vertex 6.9291 20.1299 5
      vertex 7.35589 21.5368 1
      vertex 7.35589 21.5368 5
    endloop
  endfacet
  facet normal 0.956938 -0.290292 0
    outer loop
      vertex 7.35589 21.5368 1
      vertex 6.9291 20.1299 5
      vertex 6.9291 20.1299 1
    endloop
  endfacet
  facet normal 0.290291 -0.956939 0
    outer loop
      vertex 1.46318 15.6441 1
      vertex 2.87012 16.0709 5
      vertex 1.46318 15.6441 5
    endloop
  endfacet
  facet normal 0.290291 -0.956939 0
    outer loop
      vertex 2.87012 16.0709 5
      vertex 1.46318 15.6441 1
      vertex 2.87012 16.0709 1
    endloop
  endfacet
  facet normal 0.471408 -0.881915 0
    outer loop
      vertex 2.87012 16.0709 1
      vertex 4.16678 16.764 5
      vertex 2.87012 16.0709 5
    endloop
  endfacet
  facet normal 0.471408 -0.881915 0
    outer loop
      vertex 4.16678 16.764 5
      vertex 2.87012 16.0709 1
      vertex 4.16678 16.764 1
    endloop
  endfacet
  facet normal -0.09801 -0.995185 0
    outer loop
      vertex -1.46318 15.6441 1
      vertex 0 15.5 5
      vertex -1.46318 15.6441 5
    endloop
  endfacet
  facet normal -0.09801 -0.995185 -0
    outer loop
      vertex 0 15.5 5
      vertex -1.46318 15.6441 1
      vertex 0 15.5 1
    endloop
  endfacet
  facet normal -0.634386 -0.773016 0
    outer loop
      vertex -5.3033 17.6967 1
      vertex -4.16678 16.764 5
      vertex -5.3033 17.6967 5
    endloop
  endfacet
  facet normal -0.634386 -0.773016 -0
    outer loop
      vertex -4.16678 16.764 5
      vertex -5.3033 17.6967 1
      vertex -4.16678 16.764 1
    endloop
  endfacet
  facet normal -0.881927 -0.471386 0
    outer loop
      vertex -6.23602 18.8332 1
      vertex -6.9291 20.1299 5
      vertex -6.9291 20.1299 1
    endloop
  endfacet
  facet normal -0.881927 -0.471386 0
    outer loop
      vertex -6.9291 20.1299 5
      vertex -6.23602 18.8332 1
      vertex -6.23602 18.8332 5
    endloop
  endfacet
  facet normal -0.995185 -0.0980154 0
    outer loop
      vertex -7.35589 21.5368 1
      vertex -7.5 23 5
      vertex -7.5 23 1
    endloop
  endfacet
  facet normal -0.995185 -0.0980154 0
    outer loop
      vertex -7.5 23 5
      vertex -7.35589 21.5368 1
      vertex -7.35589 21.5368 5
    endloop
  endfacet
  facet normal 0.956938 0.290292 0
    outer loop
      vertex 7.35589 24.4632 5
      vertex 6.9291 25.8701 1
      vertex 6.9291 25.8701 5
    endloop
  endfacet
  facet normal 0.956938 0.290292 0
    outer loop
      vertex 6.9291 25.8701 1
      vertex 7.35589 24.4632 5
      vertex 7.35589 24.4632 1
    endloop
  endfacet
  facet normal 0.290291 0.956939 -0
    outer loop
      vertex 2.87012 29.9291 1
      vertex 1.46318 30.3559 5
      vertex 2.87012 29.9291 5
    endloop
  endfacet
  facet normal 0.290291 0.956939 0
    outer loop
      vertex 1.46318 30.3559 5
      vertex 2.87012 29.9291 1
      vertex 1.46318 30.3559 1
    endloop
  endfacet
  facet normal 0 0 1
    outer loop
      vertex 4.5 23 5
      vertex 7.5 23 5
      vertex 7.35589 24.4632 5
    endloop
  endfacet
  facet normal 0 0 1
    outer loop
      vertex 4.41353 23.8779 5
      vertex 7.35589 24.4632 5
      vertex 6.9291 25.8701 5
    endloop
  endfacet
  facet normal 0 0 1
    outer loop
      vertex 7.5 23 5
      vertex 4.5 23 5
      vertex 7.35589 21.5368 5
    endloop
  endfacet
  facet normal 0 0 1
    outer loop
      vertex 4.15746 24.7221 5
      vertex 6.9291 25.8701 5
      vertex 6.23602 27.1668 5
    endloop
  endfacet
  facet normal -0 0 1
    outer loop
      vertex 4.41353 22.1221 5
      vertex 7.35589 21.5368 5
      vertex 4.5 23 5
    endloop
  endfacet
  facet normal 0 0 1
    outer loop
      vertex 3.74161 25.5001 5
      vertex 6.23602 27.1668 5
      vertex 5.3033 28.3033 5
    endloop
  endfacet
  facet normal 0 0 1
    outer loop
      vertex 7.35589 21.5368 5
      vertex 4.41353 22.1221 5
      vertex 6.9291 20.1299 5
    endloop
  endfacet
  facet normal -0 0 1
    outer loop
      vertex 4.15746 21.2779 5
      vertex 6.9291 20.1299 5
      vertex 4.41353 22.1221 5
    endloop
  endfacet
  facet normal 0 0 1
    outer loop
      vertex 7.35589 24.4632 5
      vertex 4.41353 23.8779 5
      vertex 4.5 23 5
    endloop
  endfacet
  facet normal 0 0 1
    outer loop
      vertex 3.18198 26.182 5
      vertex 5.3033 28.3033 5
      vertex 4.16678 29.236 5
    endloop
  endfacet
  facet normal 0 0 1
    outer loop
      vertex 6.9291 25.8701 5
      vertex 4.15746 24.7221 5
      vertex 4.41353 23.8779 5
    endloop
  endfacet
  facet normal 0 0 1
    outer loop
      vertex 6.23602 27.1668 5
      vertex 3.74161 25.5001 5
      vertex 4.15746 24.7221 5
    endloop
  endfacet
  facet normal 0 0 1
    outer loop
      vertex 5.3033 28.3033 5
      vertex 3.18198 26.182 5
      vertex 3.74161 25.5001 5
    endloop
  endfacet
  facet normal 0 0 1
    outer loop
      vertex 2.50007 26.7416 5
      vertex 4.16678 29.236 5
      vertex 2.87012 29.9291 5
    endloop
  endfacet
  facet normal 0 0 1
    outer loop
      vertex 4.16678 29.236 5
      vertex 2.50007 26.7416 5
      vertex 3.18198 26.182 5
    endloop
  endfacet
  facet normal 0 0 1
    outer loop
      vertex 2.87012 29.9291 5
      vertex 1.72207 27.1575 5
      vertex 2.50007 26.7416 5
    endloop
  endfacet
  facet normal 0 0 1
    outer loop
      vertex 1.46318 30.3559 5
      vertex 1.72207 27.1575 5
      vertex 2.87012 29.9291 5
    endloop
  endfacet
  facet normal 0 0 1
    outer loop
      vertex 1.46318 30.3559 5
      vertex 0.877906 27.4135 5
      vertex 1.72207 27.1575 5
    endloop
  endfacet
  facet normal 0 0 1
    outer loop
      vertex 0 30.5 5
      vertex 0.877906 27.4135 5
      vertex 1.46318 30.3559 5
    endloop
  endfacet
  facet normal 0 0 1
    outer loop
      vertex 0 30.5 5
      vertex 0 27.5 5
      vertex 0.877906 27.4135 5
    endloop
  endfacet
  facet normal 0 0 1
    outer loop
      vertex 0 30.5 5
      vertex -0.877906 27.4135 5
      vertex 0 27.5 5
    endloop
  endfacet
  facet normal -0 0 1
    outer loop
      vertex -1.46318 30.3559 5
      vertex -0.877906 27.4135 5
      vertex 0 30.5 5
    endloop
  endfacet
  facet normal 0 0 1
    outer loop
      vertex -1.46318 30.3559 5
      vertex -1.72207 27.1575 5
      vertex -0.877906 27.4135 5
    endloop
  endfacet
  facet normal -0 0 1
    outer loop
      vertex -2.87012 29.9291 5
      vertex -1.72207 27.1575 5
      vertex -1.46318 30.3559 5
    endloop
  endfacet
  facet normal 0 0 1
    outer loop
      vertex -1.72207 27.1575 5
      vertex -2.87012 29.9291 5
      vertex -2.50007 26.7416 5
    endloop
  endfacet
  facet normal -0 0 1
    outer loop
      vertex -4.16678 29.236 5
      vertex -2.50007 26.7416 5
      vertex -2.87012 29.9291 5
    endloop
  endfacet
  facet normal 0 0 1
    outer loop
      vertex -2.50007 26.7416 5
      vertex -4.16678 29.236 5
      vertex -3.18198 26.182 5
    endloop
  endfacet
  facet normal -0 0 1
    outer loop
      vertex -5.3033 28.3033 5
      vertex -3.18198 26.182 5
      vertex -4.16678 29.236 5
    endloop
  endfacet
  facet normal 0 0 1
    outer loop
      vertex -3.18198 26.182 5
      vertex -5.3033 28.3033 5
      vertex -3.74161 25.5001 5
    endloop
  endfacet
  facet normal -0 0 1
    outer loop
      vertex -6.23602 27.1668 5
      vertex -3.74161 25.5001 5
      vertex -5.3033 28.3033 5
    endloop
  endfacet
  facet normal 0 0 1
    outer loop
      vertex -3.74161 25.5001 5
      vertex -6.23602 27.1668 5
      vertex -4.15746 24.7221 5
    endloop
  endfacet
  facet normal -0 0 1
    outer loop
      vertex -6.9291 25.8701 5
      vertex -4.15746 24.7221 5
      vertex -6.23602 27.1668 5
    endloop
  endfacet
  facet normal 0 0 1
    outer loop
      vertex 6.9291 20.1299 5
      vertex 4.15746 21.2779 5
      vertex 6.23602 18.8332 5
    endloop
  endfacet
  facet normal -0 0 1
    outer loop
      vertex 3.74161 20.4999 5
      vertex 6.23602 18.8332 5
      vertex 4.15746 21.2779 5
    endloop
  endfacet
  facet normal 0 0 1
    outer loop
      vertex 6.23602 18.8332 5
      vertex 3.74161 20.4999 5
      vertex 5.3033 17.6967 5
    endloop
  endfacet
  facet normal -0 0 1
    outer loop
      vertex 3.18198 19.818 5
      vertex 5.3033 17.6967 5
      vertex 3.74161 20.4999 5
    endloop
  endfacet
  facet normal 0 0 1
    outer loop
      vertex 5.3033 17.6967 5
      vertex 3.18198 19.818 5
      vertex 4.16678 16.764 5
    endloop
  endfacet
  facet normal -0 0 1
    outer loop
      vertex 2.50007 19.2584 5
      vertex 4.16678 16.764 5
      vertex 3.18198 19.818 5
    endloop
  endfacet
  facet normal 0 0 1
    outer loop
      vertex 4.16678 16.764 5
      vertex 2.50007 19.2584 5
      vertex 2.87012 16.0709 5
    endloop
  endfacet
  facet normal -0 0 1
    outer loop
      vertex 1.72207 18.8425 5
      vertex 2.87012 16.0709 5
      vertex 2.50007 19.2584 5
    endloop
  endfacet
  facet normal 0 0 1
    outer loop
      vertex 1.72207 18.8425 5
      vertex 1.46318 15.6441 5
      vertex 2.87012 16.0709 5
    endloop
  endfacet
  facet normal -0 0 1
    outer loop
      vertex 0.877906 18.5865 5
      vertex 1.46318 15.6441 5
      vertex 1.72207 18.8425 5
    endloop
  endfacet
  facet normal -0 0 1
    outer loop
      vertex 0 18.5 5
      vertex 1.46318 15.6441 5
      vertex 0.877906 18.5865 5
    endloop
  endfacet
  facet normal 0 0 1
    outer loop
      vertex 0 18.5 5
      vertex 0 15.5 5
      vertex 1.46318 15.6441 5
    endloop
  endfacet
  facet normal 0 0 1
    outer loop
      vertex -0.877906 18.5865 5
      vertex 0 15.5 5
      vertex 0 18.5 5
    endloop
  endfacet
  facet normal 0 0 1
    outer loop
      vertex -0.877906 18.5865 5
      vertex -1.46318 15.6441 5
      vertex 0 15.5 5
    endloop
  endfacet
  facet normal 0 0 1
    outer loop
      vertex -1.72207 18.8425 5
      vertex -1.46318 15.6441 5
      vertex -0.877906 18.5865 5
    endloop
  endfacet
  facet normal 0 0 1
    outer loop
      vertex -2.87012 16.0709 5
      vertex -1.72207 18.8425 5
      vertex -2.50007 19.2584 5
    endloop
  endfacet
  facet normal 0 0 1
    outer loop
      vertex -1.72207 18.8425 5
      vertex -2.87012 16.0709 5
      vertex -1.46318 15.6441 5
    endloop
  endfacet
  facet normal 0 0 1
    outer loop
      vertex -4.16678 16.764 5
      vertex -2.50007 19.2584 5
      vertex -3.18198 19.818 5
    endloop
  endfacet
  facet normal 0 0 1
    outer loop
      vertex -5.3033 17.6967 5
      vertex -3.18198 19.818 5
      vertex -3.74161 20.4999 5
    endloop
  endfacet
  facet normal 0 0 1
    outer loop
      vertex -6.23602 18.8332 5
      vertex -3.74161 20.4999 5
      vertex -4.15746 21.2779 5
    endloop
  endfacet
  facet normal 0 0 1
    outer loop
      vertex -2.50007 19.2584 5
      vertex -4.16678 16.764 5
      vertex -2.87012 16.0709 5
    endloop
  endfacet
  facet normal 0 0 1
    outer loop
      vertex -6.9291 20.1299 5
      vertex -4.15746 21.2779 5
      vertex -4.41353 22.1221 5
    endloop
  endfacet
  facet normal 0 0 1
    outer loop
      vertex -7.35589 21.5368 5
      vertex -4.41353 22.1221 5
      vertex -4.5 23 5
    endloop
  endfacet
  facet normal 0 0 1
    outer loop
      vertex -4.15746 24.7221 5
      vertex -6.9291 25.8701 5
      vertex -4.41353 23.8779 5
    endloop
  endfacet
  facet normal 0 0 1
    outer loop
      vertex -3.18198 19.818 5
      vertex -5.3033 17.6967 5
      vertex -4.16678 16.764 5
    endloop
  endfacet
  facet normal -0 0 1
    outer loop
      vertex -7.35589 24.4632 5
      vertex -4.41353 23.8779 5
      vertex -6.9291 25.8701 5
    endloop
  endfacet
  facet normal 0 0 1
    outer loop
      vertex -3.74161 20.4999 5
      vertex -6.23602 18.8332 5
      vertex -5.3033 17.6967 5
    endloop
  endfacet
  facet normal 0 0 1
    outer loop
      vertex -4.41353 23.8779 5
      vertex -7.35589 24.4632 5
      vertex -4.5 23 5
    endloop
  endfacet
  facet normal 0 0 1
    outer loop
      vertex -4.15746 21.2779 5
      vertex -6.9291 20.1299 5
      vertex -6.23602 18.8332 5
    endloop
  endfacet
  facet normal 0 0 1
    outer loop
      vertex -7.5 23 5
      vertex -4.5 23 5
      vertex -7.35589 24.4632 5
    endloop
  endfacet
  facet normal 0 0 1
    outer loop
      vertex -4.41353 22.1221 5
      vertex -7.35589 21.5368 5
      vertex -6.9291 20.1299 5
    endloop
  endfacet
  facet normal 0 0 1
    outer loop
      vertex -4.5 23 5
      vertex -7.5 23 5
      vertex -7.35589 21.5368 5
    endloop
  endfacet
  facet normal 0.773004 -0.634401 0
    outer loop
      vertex 5.3033 17.6967 5
      vertex 6.23602 18.8332 1
      vertex 6.23602 18.8332 5
    endloop
  endfacet
  facet normal 0.773004 -0.634401 0
    outer loop
      vertex 6.23602 18.8332 1
      vertex 5.3033 17.6967 5
      vertex 5.3033 17.6967 1
    endloop
  endfacet
  facet normal 0.881927 -0.471386 0
    outer loop
      vertex 6.23602 18.8332 5
      vertex 6.9291 20.1299 1
      vertex 6.9291 20.1299 5
    endloop
  endfacet
  facet normal 0.881927 -0.471386 0
    outer loop
      vertex 6.9291 20.1299 1
      vertex 6.23602 18.8332 5
      vertex 6.23602 18.8332 1
    endloop
  endfacet
  facet normal 0.634386 -0.773016 0
    outer loop
      vertex 4.16678 16.764 1
      vertex 5.3033 17.6967 5
      vertex 4.16678 16.764 5
    endloop
  endfacet
  facet normal 0.634386 -0.773016 0
    outer loop
      vertex 5.3033 17.6967 5
      vertex 4.16678 16.764 1
      vertex 5.3033 17.6967 1
    endloop
  endfacet
  facet normal -0.471408 -0.881915 0
    outer loop
      vertex -4.16678 16.764 1
      vertex -2.87012 16.0709 5
      vertex -4.16678 16.764 5
    endloop
  endfacet
  facet normal -0.471408 -0.881915 -0
    outer loop
      vertex -2.87012 16.0709 5
      vertex -4.16678 16.764 1
      vertex -2.87012 16.0709 1
    endloop
  endfacet
  facet normal -0.956938 -0.290292 0
    outer loop
      vertex -6.9291 20.1299 1
      vertex -7.35589 21.5368 5
      vertex -7.35589 21.5368 1
    endloop
  endfacet
  facet normal -0.956938 -0.290292 0
    outer loop
      vertex -7.35589 21.5368 5
      vertex -6.9291 20.1299 1
      vertex -6.9291 20.1299 5
    endloop
  endfacet
  facet normal -0.773004 -0.634401 0
    outer loop
      vertex -5.3033 17.6967 1
      vertex -6.23602 18.8332 5
      vertex -6.23602 18.8332 1
    endloop
  endfacet
  facet normal -0.773004 -0.634401 0
    outer loop
      vertex -6.23602 18.8332 5
      vertex -5.3033 17.6967 1
      vertex -5.3033 17.6967 5
    endloop
  endfacet
  facet normal -0.634374 -0.773027 0
    outer loop
      vertex 2.50007 26.7416 2
      vertex 3.18198 26.182 5
      vertex 2.50007 26.7416 5
    endloop
  endfacet
  facet normal -0.634374 -0.773027 -0
    outer loop
      vertex 3.18198 26.182 5
      vertex 2.50007 26.7416 2
      vertex 3.18198 26.182 2
    endloop
  endfacet
  facet normal -0.995184 0.0980221 0
    outer loop
      vertex 4.41353 22.1221 2
      vertex 4.5 23 5
      vertex 4.5 23 2
    endloop
  endfacet
  facet normal -0.995184 0.0980221 0
    outer loop
      vertex 4.5 23 5
      vertex 4.41353 22.1221 2
      vertex 4.41353 22.1221 5
    endloop
  endfacet
  facet normal 0.290207 0.956964 -0
    outer loop
      vertex -0.877906 18.5865 2
      vertex -1.72207 18.8425 5
      vertex -0.877906 18.5865 5
    endloop
  endfacet
  facet normal 0.290207 0.956964 0
    outer loop
      vertex -1.72207 18.8425 5
      vertex -0.877906 18.5865 2
      vertex -1.72207 18.8425 2
    endloop
  endfacet
  facet normal -0.956945 -0.290269 0
    outer loop
      vertex 4.41353 23.8779 2
      vertex 4.15746 24.7221 5
      vertex 4.15746 24.7221 2
    endloop
  endfacet
  facet normal -0.956945 -0.290269 0
    outer loop
      vertex 4.15746 24.7221 5
      vertex 4.41353 23.8779 2
      vertex 4.41353 23.8779 5
    endloop
  endfacet
  facet normal 0.290207 -0.956964 0
    outer loop
      vertex -1.72207 27.1575 2
      vertex -0.877906 27.4135 5
      vertex -1.72207 27.1575 5
    endloop
  endfacet
  facet normal 0.290207 -0.956964 0
    outer loop
      vertex -0.877906 27.4135 5
      vertex -1.72207 27.1575 2
      vertex -0.877906 27.4135 2
    endloop
  endfacet
  facet normal 0.881921 -0.471397 0
    outer loop
      vertex -4.15746 24.7221 5
      vertex -3.74161 25.5001 2
      vertex -3.74161 25.5001 5
    endloop
  endfacet
  facet normal 0.881921 -0.471397 0
    outer loop
      vertex -3.74161 25.5001 2
      vertex -4.15746 24.7221 5
      vertex -4.15746 24.7221 2
    endloop
  endfacet
  facet normal 0.881921 0.471397 0
    outer loop
      vertex -3.74161 20.4999 5
      vertex -4.15746 21.2779 2
      vertex -4.15746 21.2779 5
    endloop
  endfacet
  facet normal 0.881921 0.471397 0
    outer loop
      vertex -4.15746 21.2779 2
      vertex -3.74161 20.4999 5
      vertex -3.74161 20.4999 2
    endloop
  endfacet
  facet normal -0.881921 -0.471397 0
    outer loop
      vertex 4.15746 24.7221 2
      vertex 3.74161 25.5001 5
      vertex 3.74161 25.5001 2
    endloop
  endfacet
  facet normal -0.881921 -0.471397 0
    outer loop
      vertex 3.74161 25.5001 5
      vertex 4.15746 24.7221 2
      vertex 4.15746 24.7221 5
    endloop
  endfacet
  facet normal -0.773005 -0.634399 0
    outer loop
      vertex 3.74161 25.5001 2
      vertex 3.18198 26.182 5
      vertex 3.18198 26.182 2
    endloop
  endfacet
  facet normal -0.773005 -0.634399 0
    outer loop
      vertex 3.18198 26.182 5
      vertex 3.74161 25.5001 2
      vertex 3.74161 25.5001 5
    endloop
  endfacet
  facet normal -0.471441 -0.881898 0
    outer loop
      vertex 1.72207 27.1575 2
      vertex 2.50007 26.7416 5
      vertex 1.72207 27.1575 5
    endloop
  endfacet
  facet normal -0.471441 -0.881898 -0
    outer loop
      vertex 2.50007 26.7416 5
      vertex 1.72207 27.1575 2
      vertex 2.50007 26.7416 2
    endloop
  endfacet
  facet normal -0.0980551 -0.995181 0
    outer loop
      vertex 0 27.5 2
      vertex 0.877906 27.4135 5
      vertex 0 27.5 5
    endloop
  endfacet
  facet normal -0.0980551 -0.995181 -0
    outer loop
      vertex 0.877906 27.4135 5
      vertex 0 27.5 2
      vertex 0.877906 27.4135 2
    endloop
  endfacet
  facet normal 0.995184 -0.0980221 0
    outer loop
      vertex -4.5 23 5
      vertex -4.41353 23.8779 2
      vertex -4.41353 23.8779 5
    endloop
  endfacet
  facet normal 0.995184 -0.0980221 0
    outer loop
      vertex -4.41353 23.8779 2
      vertex -4.5 23 5
      vertex -4.5 23 2
    endloop
  endfacet
  facet normal 0.773005 -0.634399 0
    outer loop
      vertex -3.74161 25.5001 5
      vertex -3.18198 26.182 2
      vertex -3.18198 26.182 5
    endloop
  endfacet
  facet normal 0.773005 -0.634399 0
    outer loop
      vertex -3.18198 26.182 2
      vertex -3.74161 25.5001 5
      vertex -3.74161 25.5001 2
    endloop
  endfacet
  facet normal 0.471441 -0.881898 0
    outer loop
      vertex -2.50007 26.7416 2
      vertex -1.72207 27.1575 5
      vertex -2.50007 26.7416 5
    endloop
  endfacet
  facet normal 0.471441 -0.881898 0
    outer loop
      vertex -1.72207 27.1575 5
      vertex -2.50007 26.7416 2
      vertex -1.72207 27.1575 2
    endloop
  endfacet
  facet normal 0.0980551 -0.995181 0
    outer loop
      vertex -0.877906 27.4135 2
      vertex 0 27.5 5
      vertex -0.877906 27.4135 5
    endloop
  endfacet
  facet normal 0.0980551 -0.995181 0
    outer loop
      vertex 0 27.5 5
      vertex -0.877906 27.4135 2
      vertex 0 27.5 2
    endloop
  endfacet
  facet normal 0.634374 -0.773027 0
    outer loop
      vertex -3.18198 26.182 2
      vertex -2.50007 26.7416 5
      vertex -3.18198 26.182 5
    endloop
  endfacet
  facet normal 0.634374 -0.773027 0
    outer loop
      vertex -2.50007 26.7416 5
      vertex -3.18198 26.182 2
      vertex -2.50007 26.7416 2
    endloop
  endfacet
  facet normal -0.995184 -0.0980221 0
    outer loop
      vertex 4.5 23 2
      vertex 4.41353 23.8779 5
      vertex 4.41353 23.8779 2
    endloop
  endfacet
  facet normal -0.995184 -0.0980221 0
    outer loop
      vertex 4.41353 23.8779 5
      vertex 4.5 23 2
      vertex 4.5 23 5
    endloop
  endfacet
  facet normal -0.0980551 0.995181 0
    outer loop
      vertex 0.877906 18.5865 2
      vertex 0 18.5 5
      vertex 0.877906 18.5865 5
    endloop
  endfacet
  facet normal -0.0980551 0.995181 0
    outer loop
      vertex 0 18.5 5
      vertex 0.877906 18.5865 2
      vertex 0 18.5 2
    endloop
  endfacet
  facet normal -0.773005 0.634399 0
    outer loop
      vertex 3.18198 19.818 2
      vertex 3.74161 20.4999 5
      vertex 3.74161 20.4999 2
    endloop
  endfacet
  facet normal -0.773005 0.634399 0
    outer loop
      vertex 3.74161 20.4999 5
      vertex 3.18198 19.818 2
      vertex 3.18198 19.818 5
    endloop
  endfacet
  facet normal -0.290207 0.956964 0
    outer loop
      vertex 1.72207 18.8425 2
      vertex 0.877906 18.5865 5
      vertex 1.72207 18.8425 5
    endloop
  endfacet
  facet normal -0.290207 0.956964 0
    outer loop
      vertex 0.877906 18.5865 5
      vertex 1.72207 18.8425 2
      vertex 0.877906 18.5865 2
    endloop
  endfacet
  facet normal -0.471441 0.881898 0
    outer loop
      vertex 2.50007 19.2584 2
      vertex 1.72207 18.8425 5
      vertex 2.50007 19.2584 5
    endloop
  endfacet
  facet normal -0.471441 0.881898 0
    outer loop
      vertex 1.72207 18.8425 5
      vertex 2.50007 19.2584 2
      vertex 1.72207 18.8425 2
    endloop
  endfacet
  facet normal 0.0980551 0.995181 -0
    outer loop
      vertex 0 18.5 2
      vertex -0.877906 18.5865 5
      vertex 0 18.5 5
    endloop
  endfacet
  facet normal 0.0980551 0.995181 0
    outer loop
      vertex -0.877906 18.5865 5
      vertex 0 18.5 2
      vertex -0.877906 18.5865 2
    endloop
  endfacet
  facet normal 0.634374 0.773027 -0
    outer loop
      vertex -2.50007 19.2584 2
      vertex -3.18198 19.818 5
      vertex -2.50007 19.2584 5
    endloop
  endfacet
  facet normal 0.634374 0.773027 0
    outer loop
      vertex -3.18198 19.818 5
      vertex -2.50007 19.2584 2
      vertex -3.18198 19.818 2
    endloop
  endfacet
  facet normal 0.995184 0.0980221 0
    outer loop
      vertex -4.41353 22.1221 5
      vertex -4.5 23 2
      vertex -4.5 23 5
    endloop
  endfacet
  facet normal 0.995184 0.0980221 0
    outer loop
      vertex -4.5 23 2
      vertex -4.41353 22.1221 5
      vertex -4.41353 22.1221 2
    endloop
  endfacet
  facet normal 0 0 1
    outer loop
      vertex 4.41353 23.8779 2
      vertex 4.41353 22.1221 2
      vertex 4.5 23 2
    endloop
  endfacet
  facet normal 0 0 1
    outer loop
      vertex 4.15746 24.7221 2
      vertex 4.41353 22.1221 2
      vertex 4.41353 23.8779 2
    endloop
  endfacet
  facet normal 0 0 1
    outer loop
      vertex 4.15746 24.7221 2
      vertex 4.15746 21.2779 2
      vertex 4.41353 22.1221 2
    endloop
  endfacet
  facet normal 0 0 1
    outer loop
      vertex 3.74161 25.5001 2
      vertex 4.15746 21.2779 2
      vertex 4.15746 24.7221 2
    endloop
  endfacet
  facet normal 0 0 1
    outer loop
      vertex 3.74161 25.5001 2
      vertex 3.74161 20.4999 2
      vertex 4.15746 21.2779 2
    endloop
  endfacet
  facet normal 0 0 1
    outer loop
      vertex 3.18198 26.182 2
      vertex 3.74161 20.4999 2
      vertex 3.74161 25.5001 2
    endloop
  endfacet
  facet normal 0 0 1
    outer loop
      vertex 3.18198 26.182 2
      vertex 3.18198 19.818 2
      vertex 3.74161 20.4999 2
    endloop
  endfacet
  facet normal 0 0 1
    outer loop
      vertex 2.50007 26.7416 2
      vertex 3.18198 19.818 2
      vertex 3.18198 26.182 2
    endloop
  endfacet
  facet normal 0 0 1
    outer loop
      vertex 2.50007 26.7416 2
      vertex 2.50007 19.2584 2
      vertex 3.18198 19.818 2
    endloop
  endfacet
  facet normal 0 0 1
    outer loop
      vertex 1.72207 27.1575 2
      vertex 2.50007 19.2584 2
      vertex 2.50007 26.7416 2
    endloop
  endfacet
  facet normal 0 0 1
    outer loop
      vertex 1.72207 27.1575 2
      vertex 1.72207 18.8425 2
      vertex 2.50007 19.2584 2
    endloop
  endfacet
  facet normal 0 0 1
    outer loop
      vertex 0.877906 27.4135 2
      vertex 1.72207 18.8425 2
      vertex 1.72207 27.1575 2
    endloop
  endfacet
  facet normal 0 0 1
    outer loop
      vertex 0.877906 27.4135 2
      vertex 0.877906 18.5865 2
      vertex 1.72207 18.8425 2
    endloop
  endfacet
  facet normal 0 0 1
    outer loop
      vertex 0 27.5 2
      vertex 0.877906 18.5865 2
      vertex 0.877906 27.4135 2
    endloop
  endfacet
  facet normal 0 0 1
    outer loop
      vertex 0 27.5 2
      vertex 0 18.5 2
      vertex 0.877906 18.5865 2
    endloop
  endfacet
  facet normal -0 0 1
    outer loop
      vertex -0.877906 27.4135 2
      vertex 0 18.5 2
      vertex 0 27.5 2
    endloop
  endfacet
  facet normal 0 0 1
    outer loop
      vertex -0.877906 27.4135 2
      vertex -0.877906 18.5865 2
      vertex 0 18.5 2
    endloop
  endfacet
  facet normal -0 0 1
    outer loop
      vertex -1.72207 27.1575 2
      vertex -0.877906 18.5865 2
      vertex -0.877906 27.4135 2
    endloop
  endfacet
  facet normal 0 0 1
    outer loop
      vertex -1.72207 27.1575 2
      vertex -1.72207 18.8425 2
      vertex -0.877906 18.5865 2
    endloop
  endfacet
  facet normal -0 0 1
    outer loop
      vertex -2.50007 26.7416 2
      vertex -1.72207 18.8425 2
      vertex -1.72207 27.1575 2
    endloop
  endfacet
  facet normal 0 0 1
    outer loop
      vertex -2.50007 26.7416 2
      vertex -2.50007 19.2584 2
      vertex -1.72207 18.8425 2
    endloop
  endfacet
  facet normal -0 0 1
    outer loop
      vertex -3.18198 26.182 2
      vertex -2.50007 19.2584 2
      vertex -2.50007 26.7416 2
    endloop
  endfacet
  facet normal 0 0 1
    outer loop
      vertex -3.18198 26.182 2
      vertex -3.18198 19.818 2
      vertex -2.50007 19.2584 2
    endloop
  endfacet
  facet normal -0 0 1
    outer loop
      vertex -3.74161 25.5001 2
      vertex -3.18198 19.818 2
      vertex -3.18198 26.182 2
    endloop
  endfacet
  facet normal 0 0 1
    outer loop
      vertex -3.74161 25.5001 2
      vertex -3.74161 20.4999 2
      vertex -3.18198 19.818 2
    endloop
  endfacet
  facet normal -0 0 1
    outer loop
      vertex -4.15746 24.7221 2
      vertex -3.74161 20.4999 2
      vertex -3.74161 25.5001 2
    endloop
  endfacet
  facet normal 0 0 1
    outer loop
      vertex -4.15746 24.7221 2
      vertex -4.15746 21.2779 2
      vertex -3.74161 20.4999 2
    endloop
  endfacet
  facet normal -0 0 1
    outer loop
      vertex -4.41353 23.8779 2
      vertex -4.15746 21.2779 2
      vertex -4.15746 24.7221 2
    endloop
  endfacet
  facet normal 0 0 1
    outer loop
      vertex -4.41353 23.8779 2
      vertex -4.41353 22.1221 2
      vertex -4.15746 21.2779 2
    endloop
  endfacet
  facet normal 0 -0 1
    outer loop
      vertex -4.41353 22.1221 2
      vertex -4.41353 23.8779 2
      vertex -4.5 23 2
    endloop
  endfacet
  facet normal -0.290207 -0.956964 0
    outer loop
      vertex 0.877906 27.4135 2
      vertex 1.72207 27.1575 5
      vertex 0.877906 27.4135 5
    endloop
  endfacet
  facet normal -0.290207 -0.956964 -0
    outer loop
      vertex 1.72207 27.1575 5
      vertex 0.877906 27.4135 2
      vertex 1.72207 27.1575 2
    endloop
  endfacet
  facet normal 0.956945 -0.290269 0
    outer loop
      vertex -4.41353 23.8779 5
      vertex -4.15746 24.7221 2
      vertex -4.15746 24.7221 5
    endloop
  endfacet
  facet normal 0.956945 -0.290269 0
    outer loop
      vertex -4.15746 24.7221 2
      vertex -4.41353 23.8779 5
      vertex -4.41353 23.8779 2
    endloop
  endfacet
  facet normal -0.956945 0.290269 0
    outer loop
      vertex 4.15746 21.2779 2
      vertex 4.41353 22.1221 5
      vertex 4.41353 22.1221 2
    endloop
  endfacet
  facet normal -0.956945 0.290269 0
    outer loop
      vertex 4.41353 22.1221 5
      vertex 4.15746 21.2779 2
      vertex 4.15746 21.2779 5
    endloop
  endfacet
  facet normal -0.634374 0.773027 0
    outer loop
      vertex 3.18198 19.818 2
      vertex 2.50007 19.2584 5
      vertex 3.18198 19.818 5
    endloop
  endfacet
  facet normal -0.634374 0.773027 0
    outer loop
      vertex 2.50007 19.2584 5
      vertex 3.18198 19.818 2
      vertex 2.50007 19.2584 2
    endloop
  endfacet
  facet normal 0.471441 0.881898 -0
    outer loop
      vertex -1.72207 18.8425 2
      vertex -2.50007 19.2584 5
      vertex -1.72207 18.8425 5
    endloop
  endfacet
  facet normal 0.471441 0.881898 0
    outer loop
      vertex -2.50007 19.2584 5
      vertex -1.72207 18.8425 2
      vertex -2.50007 19.2584 2
    endloop
  endfacet
  facet normal 0.956945 0.290269 0
    outer loop
      vertex -4.15746 21.2779 5
      vertex -4.41353 22.1221 2
      vertex -4.41353 22.1221 5
    endloop
  endfacet
  facet normal 0.956945 0.290269 0
    outer loop
      vertex -4.41353 22.1221 2
      vertex -4.15746 21.2779 5
      vertex -4.15746 21.2779 2
    endloop
  endfacet
  facet normal 0.773005 0.634399 0
    outer loop
      vertex -3.18198 19.818 5
      vertex -3.74161 20.4999 2
      vertex -3.74161 20.4999 5
    endloop
  endfacet
  facet normal 0.773005 0.634399 0
    outer loop
      vertex -3.74161 20.4999 2
      vertex -3.18198 19.818 5
      vertex -3.18198 19.818 2
    endloop
  endfacet
  facet normal -0.881921 0.471397 0
    outer loop
      vertex 3.74161 20.4999 2
      vertex 4.15746 21.2779 5
      vertex 4.15746 21.2779 2
    endloop
  endfacet
  facet normal -0.881921 0.471397 0
    outer loop
      vertex 4.15746 21.2779 5
      vertex 3.74161 20.4999 2
      vertex 3.74161 20.4999 5
    endloop
  endfacet
  facet normal 0.0694744 -0.705398 -0.705398
    outer loop
      vertex 24.4632 -7.35589 1
      vertex 23 -7.5 1
      vertex 23 -6.5 0
    endloop
  endfacet
  facet normal 0.705398 0.0694705 -0.705398
    outer loop
      vertex 30.5 0 1
      vertex 29.5 0 0
      vertex 30.3559 1.46318 1
    endloop
  endfacet
  facet normal 0.705393 0.0694774 -0.705403
    outer loop
      vertex 29.5 0 0
      vertex 29.3751 1.26809 0
      vertex 30.3559 1.46318 1
    endloop
  endfacet
  facet normal 0.705393 -0.0694774 -0.705403
    outer loop
      vertex 30.3559 -1.46318 1
      vertex 29.3751 -1.26809 0
      vertex 29.5 0 0
    endloop
  endfacet
  facet normal -0.678284 -0.205763 -0.705403
    outer loop
      vertex 16.9948 -2.48744 0
      vertex 15.6441 -1.46318 1
      vertex 16.6249 -1.26809 0
    endloop
  endfacet
  facet normal -0.205761 0.678286 -0.705401
    outer loop
      vertex 21.7319 6.3751 0
      vertex 20.5126 6.00522 0
      vertex 21.5368 7.35589 1
    endloop
  endfacet
  facet normal 0.678282 -0.205759 -0.705405
    outer loop
      vertex 29.9291 -2.87012 1
      vertex 29.0052 -2.48744 0
      vertex 30.3559 -1.46318 1
    endloop
  endfacet
  facet normal 0.205762 -0.678287 -0.7054
    outer loop
      vertex 25.8701 -6.9291 1
      vertex 24.4632 -7.35589 1
      vertex 25.4874 -6.00522 0
    endloop
  endfacet
  facet normal 0.547906 -0.449681 -0.705398
    outer loop
      vertex 28.3033 -5.3033 1
      vertex 27.5962 -4.59619 0
      vertex 28.4046 -3.61121 0
    endloop
  endfacet
  facet normal 0.705398 -0.0694705 -0.705398
    outer loop
      vertex 30.3559 -1.46318 1
      vertex 29.5 0 0
      vertex 30.5 0 1
    endloop
  endfacet
  facet normal 0.334122 -0.625117 -0.705402
    outer loop
      vertex 25.8701 -6.9291 1
      vertex 25.4874 -6.00522 0
      vertex 27.1668 -6.23602 1
    endloop
  endfacet
  facet normal -0.449663 -0.547922 -0.705397
    outer loop
      vertex 19.3888 -5.40455 0
      vertex 17.6967 -5.3033 1
      vertex 18.4038 -4.59619 0
    endloop
  endfacet
  facet normal -0.449666 -0.547909 -0.705405
    outer loop
      vertex 18.8332 -6.23602 1
      vertex 17.6967 -5.3033 1
      vertex 19.3888 -5.40455 0
    endloop
  endfacet
  facet normal -0.334123 0.625115 -0.705403
    outer loop
      vertex 19.3888 5.40455 0
      vertex 18.8332 6.23602 1
      vertex 20.5126 6.00522 0
    endloop
  endfacet
  facet normal -0.625152 0.334113 -0.705375
    outer loop
      vertex 16.9948 2.48744 0
      vertex 16.764 4.16678 1
      vertex 17.5954 3.61121 0
    endloop
  endfacet
  facet normal 0.678284 -0.205763 -0.705403
    outer loop
      vertex 30.3559 -1.46318 1
      vertex 29.0052 -2.48744 0
      vertex 29.3751 -1.26809 0
    endloop
  endfacet
  facet normal 0.625107 -0.334137 -0.705404
    outer loop
      vertex 29.236 -4.16678 1
      vertex 29.0052 -2.48744 0
      vertex 29.9291 -2.87012 1
    endloop
  endfacet
  facet normal 0.449666 -0.547909 -0.705405
    outer loop
      vertex 27.1668 -6.23602 1
      vertex 26.6112 -5.40455 0
      vertex 28.3033 -5.3033 1
    endloop
  endfacet
  facet normal 0.334123 -0.625115 -0.705403
    outer loop
      vertex 27.1668 -6.23602 1
      vertex 25.4874 -6.00522 0
      vertex 26.6112 -5.40455 0
    endloop
  endfacet
  facet normal 0.205761 -0.678286 -0.705401
    outer loop
      vertex 24.4632 -7.35589 1
      vertex 24.2681 -6.3751 0
      vertex 25.4874 -6.00522 0
    endloop
  endfacet
  facet normal 0.0694771 -0.705396 -0.7054
    outer loop
      vertex 24.4632 -7.35589 1
      vertex 23 -6.5 0
      vertex 24.2681 -6.3751 0
    endloop
  endfacet
  facet normal -0.205762 -0.678287 -0.7054
    outer loop
      vertex 21.5368 -7.35589 1
      vertex 20.1299 -6.9291 1
      vertex 20.5126 -6.00522 0
    endloop
  endfacet
  facet normal -0.625152 -0.334113 -0.705375
    outer loop
      vertex 17.5954 -3.61121 0
      vertex 16.764 -4.16678 1
      vertex 16.9948 -2.48744 0
    endloop
  endfacet
  facet normal -0.547937 -0.449672 -0.705379
    outer loop
      vertex 17.6967 -5.3033 1
      vertex 16.764 -4.16678 1
      vertex 17.5954 -3.61121 0
    endloop
  endfacet
  facet normal 0.334123 0.625115 -0.705403
    outer loop
      vertex 26.6112 5.40455 0
      vertex 25.4874 6.00522 0
      vertex 27.1668 6.23602 1
    endloop
  endfacet
  facet normal 0.547937 0.449672 -0.705379
    outer loop
      vertex 28.4046 3.61121 0
      vertex 28.3033 5.3033 1
      vertex 29.236 4.16678 1
    endloop
  endfacet
  facet normal -0.705398 -0.0694705 -0.705398
    outer loop
      vertex 15.6441 -1.46318 1
      vertex 15.5 0 1
      vertex 16.5 0 0
    endloop
  endfacet
  facet normal -0.547937 0.449672 -0.705379
    outer loop
      vertex 17.5954 3.61121 0
      vertex 16.764 4.16678 1
      vertex 17.6967 5.3033 1
    endloop
  endfacet
  facet normal 0.625152 -0.334113 -0.705375
    outer loop
      vertex 29.236 -4.16678 1
      vertex 28.4046 -3.61121 0
      vertex 29.0052 -2.48744 0
    endloop
  endfacet
  facet normal 0.547937 -0.449672 -0.705379
    outer loop
      vertex 29.236 -4.16678 1
      vertex 28.3033 -5.3033 1
      vertex 28.4046 -3.61121 0
    endloop
  endfacet
  facet normal 0.449663 -0.547922 -0.705397
    outer loop
      vertex 28.3033 -5.3033 1
      vertex 26.6112 -5.40455 0
      vertex 27.5962 -4.59619 0
    endloop
  endfacet
  facet normal -0.625107 -0.334137 -0.705404
    outer loop
      vertex 16.764 -4.16678 1
      vertex 16.0709 -2.87012 1
      vertex 16.9948 -2.48744 0
    endloop
  endfacet
  facet normal -0.678282 -0.205759 -0.705405
    outer loop
      vertex 16.0709 -2.87012 1
      vertex 15.6441 -1.46318 1
      vertex 16.9948 -2.48744 0
    endloop
  endfacet
  facet normal -0.334122 -0.625117 -0.705402
    outer loop
      vertex 20.1299 -6.9291 1
      vertex 18.8332 -6.23602 1
      vertex 20.5126 -6.00522 0
    endloop
  endfacet
  facet normal -0.334123 -0.625115 -0.705403
    outer loop
      vertex 20.5126 -6.00522 0
      vertex 18.8332 -6.23602 1
      vertex 19.3888 -5.40455 0
    endloop
  endfacet
  facet normal -0.0694771 -0.705396 -0.7054
    outer loop
      vertex 23 -6.5 0
      vertex 21.5368 -7.35589 1
      vertex 21.7319 -6.3751 0
    endloop
  endfacet
  facet normal -0.0694744 -0.705398 -0.705398
    outer loop
      vertex 23 -7.5 1
      vertex 21.5368 -7.35589 1
      vertex 23 -6.5 0
    endloop
  endfacet
  facet normal -0.0694744 0.705398 -0.705398
    outer loop
      vertex 23 6.5 0
      vertex 21.5368 7.35589 1
      vertex 23 7.5 1
    endloop
  endfacet
  facet normal 0.625152 0.334113 -0.705375
    outer loop
      vertex 29.0052 2.48744 0
      vertex 28.4046 3.61121 0
      vertex 29.236 4.16678 1
    endloop
  endfacet
  facet normal 0.449663 0.547922 -0.705397
    outer loop
      vertex 27.5962 4.59619 0
      vertex 26.6112 5.40455 0
      vertex 28.3033 5.3033 1
    endloop
  endfacet
  facet normal 0.449666 0.547909 -0.705405
    outer loop
      vertex 28.3033 5.3033 1
      vertex 26.6112 5.40455 0
      vertex 27.1668 6.23602 1
    endloop
  endfacet
  facet normal -0.334122 0.625117 -0.705402
    outer loop
      vertex 20.5126 6.00522 0
      vertex 18.8332 6.23602 1
      vertex 20.1299 6.9291 1
    endloop
  endfacet
  facet normal -0.205762 0.678287 -0.7054
    outer loop
      vertex 20.5126 6.00522 0
      vertex 20.1299 6.9291 1
      vertex 21.5368 7.35589 1
    endloop
  endfacet
  facet normal -0.678284 0.205763 -0.705403
    outer loop
      vertex 16.6249 1.26809 0
      vertex 15.6441 1.46318 1
      vertex 16.9948 2.48744 0
    endloop
  endfacet
  facet normal -0.705398 0.0694705 -0.705398
    outer loop
      vertex 16.5 0 0
      vertex 15.5 0 1
      vertex 15.6441 1.46318 1
    endloop
  endfacet
  facet normal -0.705393 0.0694774 -0.705403
    outer loop
      vertex 16.5 0 0
      vertex 15.6441 1.46318 1
      vertex 16.6249 1.26809 0
    endloop
  endfacet
  facet normal -0.547906 -0.449681 -0.705398
    outer loop
      vertex 17.6967 -5.3033 1
      vertex 17.5954 -3.61121 0
      vertex 18.4038 -4.59619 0
    endloop
  endfacet
  facet normal -0.205761 -0.678286 -0.705401
    outer loop
      vertex 21.5368 -7.35589 1
      vertex 20.5126 -6.00522 0
      vertex 21.7319 -6.3751 0
    endloop
  endfacet
  facet normal 0.205761 0.678286 -0.705401
    outer loop
      vertex 25.4874 6.00522 0
      vertex 24.2681 6.3751 0
      vertex 24.4632 7.35589 1
    endloop
  endfacet
  facet normal 0.0694744 0.705398 -0.705398
    outer loop
      vertex 24.4632 7.35589 1
      vertex 23 6.5 0
      vertex 23 7.5 1
    endloop
  endfacet
  facet normal 0.0694771 0.705396 -0.7054
    outer loop
      vertex 24.2681 6.3751 0
      vertex 23 6.5 0
      vertex 24.4632 7.35589 1
    endloop
  endfacet
  facet normal 0.625107 0.334137 -0.705404
    outer loop
      vertex 29.9291 2.87012 1
      vertex 29.0052 2.48744 0
      vertex 29.236 4.16678 1
    endloop
  endfacet
  facet normal 0.547906 0.449681 -0.705398
    outer loop
      vertex 28.4046 3.61121 0
      vertex 27.5962 4.59619 0
      vertex 28.3033 5.3033 1
    endloop
  endfacet
  facet normal -0.547906 0.449681 -0.705398
    outer loop
      vertex 18.4038 4.59619 0
      vertex 17.5954 3.61121 0
      vertex 17.6967 5.3033 1
    endloop
  endfacet
  facet normal -0.449666 0.547909 -0.705405
    outer loop
      vertex 19.3888 5.40455 0
      vertex 17.6967 5.3033 1
      vertex 18.8332 6.23602 1
    endloop
  endfacet
  facet normal -0.678282 0.205759 -0.705405
    outer loop
      vertex 16.9948 2.48744 0
      vertex 15.6441 1.46318 1
      vertex 16.0709 2.87012 1
    endloop
  endfacet
  facet normal -0.625107 0.334137 -0.705404
    outer loop
      vertex 16.9948 2.48744 0
      vertex 16.0709 2.87012 1
      vertex 16.764 4.16678 1
    endloop
  endfacet
  facet normal 0 0 -1
    outer loop
      vertex 29.3751 -1.26809 0
      vertex 29.3751 1.26809 0
      vertex 29.5 0 0
    endloop
  endfacet
  facet normal 0 0 -1
    outer loop
      vertex 29.0052 -2.48744 0
      vertex 29.3751 1.26809 0
      vertex 29.3751 -1.26809 0
    endloop
  endfacet
  facet normal 0 0 -1
    outer loop
      vertex 29.0052 -2.48744 0
      vertex 29.0052 2.48744 0
      vertex 29.3751 1.26809 0
    endloop
  endfacet
  facet normal 0 0 -1
    outer loop
      vertex 28.4046 -3.61121 0
      vertex 29.0052 2.48744 0
      vertex 29.0052 -2.48744 0
    endloop
  endfacet
  facet normal 0 0 -1
    outer loop
      vertex 28.4046 -3.61121 0
      vertex 28.4046 3.61121 0
      vertex 29.0052 2.48744 0
    endloop
  endfacet
  facet normal 0 0 -1
    outer loop
      vertex 27.5962 -4.59619 0
      vertex 28.4046 3.61121 0
      vertex 28.4046 -3.61121 0
    endloop
  endfacet
  facet normal 0 0 -1
    outer loop
      vertex 27.5962 -4.59619 0
      vertex 27.5962 4.59619 0
      vertex 28.4046 3.61121 0
    endloop
  endfacet
  facet normal 0 0 -1
    outer loop
      vertex 26.6112 -5.40455 0
      vertex 27.5962 4.59619 0
      vertex 27.5962 -4.59619 0
    endloop
  endfacet
  facet normal 0 0 -1
    outer loop
      vertex 26.6112 -5.40455 0
      vertex 26.6112 5.40455 0
      vertex 27.5962 4.59619 0
    endloop
  endfacet
  facet normal 0 0 -1
    outer loop
      vertex 25.4874 -6.00522 0
      vertex 26.6112 5.40455 0
      vertex 26.6112 -5.40455 0
    endloop
  endfacet
  facet normal 0 0 -1
    outer loop
      vertex 25.4874 -6.00522 0
      vertex 25.4874 6.00522 0
      vertex 26.6112 5.40455 0
    endloop
  endfacet
  facet normal 0 0 -1
    outer loop
      vertex 24.2681 -6.3751 0
      vertex 25.4874 6.00522 0
      vertex 25.4874 -6.00522 0
    endloop
  endfacet
  facet normal 0 0 -1
    outer loop
      vertex 24.2681 -6.3751 0
      vertex 24.2681 6.3751 0
      vertex 25.4874 6.00522 0
    endloop
  endfacet
  facet normal 0 0 -1
    outer loop
      vertex 23 -6.5 0
      vertex 24.2681 6.3751 0
      vertex 24.2681 -6.3751 0
    endloop
  endfacet
  facet normal 0 0 -1
    outer loop
      vertex 23 -6.5 0
      vertex 23 6.5 0
      vertex 24.2681 6.3751 0
    endloop
  endfacet
  facet normal 0 0 -1
    outer loop
      vertex 21.7319 -6.3751 0
      vertex 23 6.5 0
      vertex 23 -6.5 0
    endloop
  endfacet
  facet normal 0 0 -1
    outer loop
      vertex 21.7319 -6.3751 0
      vertex 21.7319 6.3751 0
      vertex 23 6.5 0
    endloop
  endfacet
  facet normal 0 0 -1
    outer loop
      vertex 20.5126 -6.00522 0
      vertex 21.7319 6.3751 0
      vertex 21.7319 -6.3751 0
    endloop
  endfacet
  facet normal 0 0 -1
    outer loop
      vertex 20.5126 -6.00522 0
      vertex 20.5126 6.00522 0
      vertex 21.7319 6.3751 0
    endloop
  endfacet
  facet normal 0 0 -1
    outer loop
      vertex 19.3888 -5.40455 0
      vertex 20.5126 6.00522 0
      vertex 20.5126 -6.00522 0
    endloop
  endfacet
  facet normal 0 0 -1
    outer loop
      vertex 19.3888 -5.40455 0
      vertex 19.3888 5.40455 0
      vertex 20.5126 6.00522 0
    endloop
  endfacet
  facet normal 0 0 -1
    outer loop
      vertex 18.4038 -4.59619 0
      vertex 19.3888 5.40455 0
      vertex 19.3888 -5.40455 0
    endloop
  endfacet
  facet normal 0 0 -1
    outer loop
      vertex 18.4038 -4.59619 0
      vertex 18.4038 4.59619 0
      vertex 19.3888 5.40455 0
    endloop
  endfacet
  facet normal 0 0 -1
    outer loop
      vertex 17.5954 -3.61121 0
      vertex 18.4038 4.59619 0
      vertex 18.4038 -4.59619 0
    endloop
  endfacet
  facet normal 0 0 -1
    outer loop
      vertex 17.5954 -3.61121 0
      vertex 17.5954 3.61121 0
      vertex 18.4038 4.59619 0
    endloop
  endfacet
  facet normal 0 0 -1
    outer loop
      vertex 16.9948 -2.48744 0
      vertex 17.5954 3.61121 0
      vertex 17.5954 -3.61121 0
    endloop
  endfacet
  facet normal 0 0 -1
    outer loop
      vertex 16.9948 -2.48744 0
      vertex 16.9948 2.48744 0
      vertex 17.5954 3.61121 0
    endloop
  endfacet
  facet normal 0 0 -1
    outer loop
      vertex 16.6249 -1.26809 0
      vertex 16.9948 2.48744 0
      vertex 16.9948 -2.48744 0
    endloop
  endfacet
  facet normal 0 0 -1
    outer loop
      vertex 16.6249 -1.26809 0
      vertex 16.6249 1.26809 0
      vertex 16.9948 2.48744 0
    endloop
  endfacet
  facet normal 0 -0 -1
    outer loop
      vertex 16.6249 1.26809 0
      vertex 16.6249 -1.26809 0
      vertex 16.5 0 0
    endloop
  endfacet
  facet normal -0.705393 -0.0694774 -0.705403
    outer loop
      vertex 16.6249 -1.26809 0
      vertex 15.6441 -1.46318 1
      vertex 16.5 0 0
    endloop
  endfacet
  facet normal 0.205762 0.678287 -0.7054
    outer loop
      vertex 25.4874 6.00522 0
      vertex 24.4632 7.35589 1
      vertex 25.8701 6.9291 1
    endloop
  endfacet
  facet normal 0.334122 0.625117 -0.705402
    outer loop
      vertex 27.1668 6.23602 1
      vertex 25.4874 6.00522 0
      vertex 25.8701 6.9291 1
    endloop
  endfacet
  facet normal -0.0694771 0.705396 -0.7054
    outer loop
      vertex 21.7319 6.3751 0
      vertex 21.5368 7.35589 1
      vertex 23 6.5 0
    endloop
  endfacet
  facet normal 0.678282 0.205759 -0.705405
    outer loop
      vertex 30.3559 1.46318 1
      vertex 29.0052 2.48744 0
      vertex 29.9291 2.87012 1
    endloop
  endfacet
  facet normal 0.678284 0.205763 -0.705403
    outer loop
      vertex 29.3751 1.26809 0
      vertex 29.0052 2.48744 0
      vertex 30.3559 1.46318 1
    endloop
  endfacet
  facet normal -0.449663 0.547922 -0.705397
    outer loop
      vertex 18.4038 4.59619 0
      vertex 17.6967 5.3033 1
      vertex 19.3888 5.40455 0
    endloop
  endfacet
  facet normal 0.634401 0.773004 -0
    outer loop
      vertex 28.3033 5.3033 1
      vertex 27.1668 6.23602 5
      vertex 28.3033 5.3033 5
    endloop
  endfacet
  facet normal 0.634401 0.773004 0
    outer loop
      vertex 27.1668 6.23602 5
      vertex 28.3033 5.3033 1
      vertex 27.1668 6.23602 1
    endloop
  endfacet
  facet normal -0.956939 0.290291 0
    outer loop
      vertex 15.6441 1.46318 1
      vertex 16.0709 2.87012 5
      vertex 16.0709 2.87012 1
    endloop
  endfacet
  facet normal -0.956939 0.290291 0
    outer loop
      vertex 16.0709 2.87012 5
      vertex 15.6441 1.46318 1
      vertex 15.6441 1.46318 5
    endloop
  endfacet
  facet normal 0.995185 -0.09801 0
    outer loop
      vertex 30.3559 -1.46318 5
      vertex 30.5 0 1
      vertex 30.5 0 5
    endloop
  endfacet
  facet normal 0.995185 -0.09801 0
    outer loop
      vertex 30.5 0 1
      vertex 30.3559 -1.46318 5
      vertex 30.3559 -1.46318 1
    endloop
  endfacet
  facet normal -0.290292 -0.956938 0
    outer loop
      vertex 20.1299 -6.9291 1
      vertex 21.5368 -7.35589 5
      vertex 20.1299 -6.9291 5
    endloop
  endfacet
  facet normal -0.290292 -0.956938 -0
    outer loop
      vertex 21.5368 -7.35589 5
      vertex 20.1299 -6.9291 1
      vertex 21.5368 -7.35589 1
    endloop
  endfacet
  facet normal 0.773016 0.634386 0
    outer loop
      vertex 29.236 4.16678 5
      vertex 28.3033 5.3033 1
      vertex 28.3033 5.3033 5
    endloop
  endfacet
  facet normal 0.773016 0.634386 0
    outer loop
      vertex 28.3033 5.3033 1
      vertex 29.236 4.16678 5
      vertex 29.236 4.16678 1
    endloop
  endfacet
  facet normal -0.290292 0.956938 0
    outer loop
      vertex 21.5368 7.35589 1
      vertex 20.1299 6.9291 5
      vertex 21.5368 7.35589 5
    endloop
  endfacet
  facet normal -0.290292 0.956938 0
    outer loop
      vertex 20.1299 6.9291 5
      vertex 21.5368 7.35589 1
      vertex 20.1299 6.9291 1
    endloop
  endfacet
  facet normal -0.881915 0.471408 0
    outer loop
      vertex 16.0709 2.87012 1
      vertex 16.764 4.16678 5
      vertex 16.764 4.16678 1
    endloop
  endfacet
  facet normal -0.881915 0.471408 0
    outer loop
      vertex 16.764 4.16678 5
      vertex 16.0709 2.87012 1
      vertex 16.0709 2.87012 5
    endloop
  endfacet
  facet normal 0.881915 0.471408 0
    outer loop
      vertex 29.9291 2.87012 5
      vertex 29.236 4.16678 1
      vertex 29.236 4.16678 5
    endloop
  endfacet
  facet normal 0.881915 0.471408 0
    outer loop
      vertex 29.236 4.16678 1
      vertex 29.9291 2.87012 5
      vertex 29.9291 2.87012 1
    endloop
  endfacet
  facet normal 0.471386 0.881927 -0
    outer loop
      vertex 27.1668 6.23602 1
      vertex 25.8701 6.9291 5
      vertex 27.1668 6.23602 5
    endloop
  endfacet
  facet normal 0.471386 0.881927 0
    outer loop
      vertex 25.8701 6.9291 5
      vertex 27.1668 6.23602 1
      vertex 25.8701 6.9291 1
    endloop
  endfacet
  facet normal 0.0980154 0.995185 -0
    outer loop
      vertex 24.4632 7.35589 1
      vertex 23 7.5 5
      vertex 24.4632 7.35589 5
    endloop
  endfacet
  facet normal 0.0980154 0.995185 0
    outer loop
      vertex 23 7.5 5
      vertex 24.4632 7.35589 1
      vertex 23 7.5 1
    endloop
  endfacet
  facet normal -0.995185 0.09801 0
    outer loop
      vertex 15.5 0 1
      vertex 15.6441 1.46318 5
      vertex 15.6441 1.46318 1
    endloop
  endfacet
  facet normal -0.995185 0.09801 0
    outer loop
      vertex 15.6441 1.46318 5
      vertex 15.5 0 1
      vertex 15.5 0 5
    endloop
  endfacet
  facet normal -0.773016 0.634386 0
    outer loop
      vertex 16.764 4.16678 1
      vertex 17.6967 5.3033 5
      vertex 17.6967 5.3033 1
    endloop
  endfacet
  facet normal -0.773016 0.634386 0
    outer loop
      vertex 17.6967 5.3033 5
      vertex 16.764 4.16678 1
      vertex 16.764 4.16678 5
    endloop
  endfacet
  facet normal -0.471386 0.881927 0
    outer loop
      vertex 20.1299 6.9291 1
      vertex 18.8332 6.23602 5
      vertex 20.1299 6.9291 5
    endloop
  endfacet
  facet normal -0.471386 0.881927 0
    outer loop
      vertex 18.8332 6.23602 5
      vertex 20.1299 6.9291 1
      vertex 18.8332 6.23602 1
    endloop
  endfacet
  facet normal -0.0980154 0.995185 0
    outer loop
      vertex 23 7.5 1
      vertex 21.5368 7.35589 5
      vertex 23 7.5 5
    endloop
  endfacet
  facet normal -0.0980154 0.995185 0
    outer loop
      vertex 21.5368 7.35589 5
      vertex 23 7.5 1
      vertex 21.5368 7.35589 1
    endloop
  endfacet
  facet normal -0.634401 0.773004 0
    outer loop
      vertex 18.8332 6.23602 1
      vertex 17.6967 5.3033 5
      vertex 18.8332 6.23602 5
    endloop
  endfacet
  facet normal -0.634401 0.773004 0
    outer loop
      vertex 17.6967 5.3033 5
      vertex 18.8332 6.23602 1
      vertex 17.6967 5.3033 1
    endloop
  endfacet
  facet normal 0.995185 0.09801 0
    outer loop
      vertex 30.5 0 5
      vertex 30.3559 1.46318 1
      vertex 30.3559 1.46318 5
    endloop
  endfacet
  facet normal 0.995185 0.09801 0
    outer loop
      vertex 30.3559 1.46318 1
      vertex 30.5 0 5
      vertex 30.5 0 1
    endloop
  endfacet
  facet normal 0.0980154 -0.995185 0
    outer loop
      vertex 23 -7.5 1
      vertex 24.4632 -7.35589 5
      vertex 23 -7.5 5
    endloop
  endfacet
  facet normal 0.0980154 -0.995185 0
    outer loop
      vertex 24.4632 -7.35589 5
      vertex 23 -7.5 1
      vertex 24.4632 -7.35589 1
    endloop
  endfacet
  facet normal 0.956939 -0.290291 0
    outer loop
      vertex 29.9291 -2.87012 5
      vertex 30.3559 -1.46318 1
      vertex 30.3559 -1.46318 5
    endloop
  endfacet
  facet normal 0.956939 -0.290291 0
    outer loop
      vertex 30.3559 -1.46318 1
      vertex 29.9291 -2.87012 5
      vertex 29.9291 -2.87012 1
    endloop
  endfacet
  facet normal 0.290292 -0.956938 0
    outer loop
      vertex 24.4632 -7.35589 1
      vertex 25.8701 -6.9291 5
      vertex 24.4632 -7.35589 5
    endloop
  endfacet
  facet normal 0.290292 -0.956938 0
    outer loop
      vertex 25.8701 -6.9291 5
      vertex 24.4632 -7.35589 1
      vertex 25.8701 -6.9291 1
    endloop
  endfacet
  facet normal 0.471386 -0.881927 0
    outer loop
      vertex 25.8701 -6.9291 1
      vertex 27.1668 -6.23602 5
      vertex 25.8701 -6.9291 5
    endloop
  endfacet
  facet normal 0.471386 -0.881927 0
    outer loop
      vertex 27.1668 -6.23602 5
      vertex 25.8701 -6.9291 1
      vertex 27.1668 -6.23602 1
    endloop
  endfacet
  facet normal -0.0980154 -0.995185 0
    outer loop
      vertex 21.5368 -7.35589 1
      vertex 23 -7.5 5
      vertex 21.5368 -7.35589 5
    endloop
  endfacet
  facet normal -0.0980154 -0.995185 -0
    outer loop
      vertex 23 -7.5 5
      vertex 21.5368 -7.35589 1
      vertex 23 -7.5 1
    endloop
  endfacet
  facet normal -0.634401 -0.773004 0
    outer loop
      vertex 17.6967 -5.3033 1
      vertex 18.8332 -6.23602 5
      vertex 17.6967 -5.3033 5
    endloop
  endfacet
  facet normal -0.634401 -0.773004 -0
    outer loop
      vertex 18.8332 -6.23602 5
      vertex 17.6967 -5.3033 1
      vertex 18.8332 -6.23602 1
    endloop
  endfacet
  facet normal -0.881915 -0.471408 0
    outer loop
      vertex 16.764 -4.16678 1
      vertex 16.0709 -2.87012 5
      vertex 16.0709 -2.87012 1
    endloop
  endfacet
  facet normal -0.881915 -0.471408 0
    outer loop
      vertex 16.0709 -2.87012 5
      vertex 16.764 -4.16678 1
      vertex 16.764 -4.16678 5
    endloop
  endfacet
  facet normal -0.995185 -0.09801 0
    outer loop
      vertex 15.6441 -1.46318 1
      vertex 15.5 0 5
      vertex 15.5 0 1
    endloop
  endfacet
  facet normal -0.995185 -0.09801 0
    outer loop
      vertex 15.5 0 5
      vertex 15.6441 -1.46318 1
      vertex 15.6441 -1.46318 5
    endloop
  endfacet
  facet normal 0.956939 0.290291 0
    outer loop
      vertex 30.3559 1.46318 5
      vertex 29.9291 2.87012 1
      vertex 29.9291 2.87012 5
    endloop
  endfacet
  facet normal 0.956939 0.290291 0
    outer loop
      vertex 29.9291 2.87012 1
      vertex 30.3559 1.46318 5
      vertex 30.3559 1.46318 1
    endloop
  endfacet
  facet normal 0.290292 0.956938 -0
    outer loop
      vertex 25.8701 6.9291 1
      vertex 24.4632 7.35589 5
      vertex 25.8701 6.9291 5
    endloop
  endfacet
  facet normal 0.290292 0.956938 0
    outer loop
      vertex 24.4632 7.35589 5
      vertex 25.8701 6.9291 1
      vertex 24.4632 7.35589 1
    endloop
  endfacet
  facet normal 0 0 1
    outer loop
      vertex 27.5 0 5
      vertex 30.5 0 5
      vertex 30.3559 1.46318 5
    endloop
  endfacet
  facet normal 0 0 1
    outer loop
      vertex 27.4135 0.877906 5
      vertex 30.3559 1.46318 5
      vertex 29.9291 2.87012 5
    endloop
  endfacet
  facet normal 0 0 1
    outer loop
      vertex 30.5 0 5
      vertex 27.5 0 5
      vertex 30.3559 -1.46318 5
    endloop
  endfacet
  facet normal 0 0 1
    outer loop
      vertex 27.1575 1.72207 5
      vertex 29.9291 2.87012 5
      vertex 29.236 4.16678 5
    endloop
  endfacet
  facet normal -0 0 1
    outer loop
      vertex 27.4135 -0.877906 5
      vertex 30.3559 -1.46318 5
      vertex 27.5 0 5
    endloop
  endfacet
  facet normal 0 0 1
    outer loop
      vertex 26.7416 2.50007 5
      vertex 29.236 4.16678 5
      vertex 28.3033 5.3033 5
    endloop
  endfacet
  facet normal 0 0 1
    outer loop
      vertex 30.3559 -1.46318 5
      vertex 27.4135 -0.877906 5
      vertex 29.9291 -2.87012 5
    endloop
  endfacet
  facet normal -0 0 1
    outer loop
      vertex 27.1575 -1.72207 5
      vertex 29.9291 -2.87012 5
      vertex 27.4135 -0.877906 5
    endloop
  endfacet
  facet normal 0 0 1
    outer loop
      vertex 30.3559 1.46318 5
      vertex 27.4135 0.877906 5
      vertex 27.5 0 5
    endloop
  endfacet
  facet normal 0 0 1
    outer loop
      vertex 26.182 3.18198 5
      vertex 28.3033 5.3033 5
      vertex 27.1668 6.23602 5
    endloop
  endfacet
  facet normal 0 0 1
    outer loop
      vertex 29.9291 2.87012 5
      vertex 27.1575 1.72207 5
      vertex 27.4135 0.877906 5
    endloop
  endfacet
  facet normal 0 0 1
    outer loop
      vertex 29.236 4.16678 5
      vertex 26.7416 2.50007 5
      vertex 27.1575 1.72207 5
    endloop
  endfacet
  facet normal 0 0 1
    outer loop
      vertex 28.3033 5.3033 5
      vertex 26.182 3.18198 5
      vertex 26.7416 2.50007 5
    endloop
  endfacet
  facet normal 0 0 1
    outer loop
      vertex 25.5001 3.74161 5
      vertex 27.1668 6.23602 5
      vertex 25.8701 6.9291 5
    endloop
  endfacet
  facet normal 0 0 1
    outer loop
      vertex 27.1668 6.23602 5
      vertex 25.5001 3.74161 5
      vertex 26.182 3.18198 5
    endloop
  endfacet
  facet normal 0 0 1
    outer loop
      vertex 25.8701 6.9291 5
      vertex 24.7221 4.15746 5
      vertex 25.5001 3.74161 5
    endloop
  endfacet
  facet normal 0 0 1
    outer loop
      vertex 24.4632 7.35589 5
      vertex 24.7221 4.15746 5
      vertex 25.8701 6.9291 5
    endloop
  endfacet
  facet normal 0 0 1
    outer loop
      vertex 24.4632 7.35589 5
      vertex 23.8779 4.41353 5
      vertex 24.7221 4.15746 5
    endloop
  endfacet
  facet normal 0 0 1
    outer loop
      vertex 23 7.5 5
      vertex 23.8779 4.41353 5
      vertex 24.4632 7.35589 5
    endloop
  endfacet
  facet normal 0 0 1
    outer loop
      vertex 23 7.5 5
      vertex 23 4.5 5
      vertex 23.8779 4.41353 5
    endloop
  endfacet
  facet normal 0 0 1
    outer loop
      vertex 23 7.5 5
      vertex 22.1221 4.41353 5
      vertex 23 4.5 5
    endloop
  endfacet
  facet normal -0 0 1
    outer loop
      vertex 21.5368 7.35589 5
      vertex 22.1221 4.41353 5
      vertex 23 7.5 5
    endloop
  endfacet
  facet normal 0 0 1
    outer loop
      vertex 21.5368 7.35589 5
      vertex 21.2779 4.15746 5
      vertex 22.1221 4.41353 5
    endloop
  endfacet
  facet normal -0 0 1
    outer loop
      vertex 20.1299 6.9291 5
      vertex 21.2779 4.15746 5
      vertex 21.5368 7.35589 5
    endloop
  endfacet
  facet normal 0 0 1
    outer loop
      vertex 21.2779 4.15746 5
      vertex 20.1299 6.9291 5
      vertex 20.4999 3.74161 5
    endloop
  endfacet
  facet normal -0 0 1
    outer loop
      vertex 18.8332 6.23602 5
      vertex 20.4999 3.74161 5
      vertex 20.1299 6.9291 5
    endloop
  endfacet
  facet normal 0 0 1
    outer loop
      vertex 20.4999 3.74161 5
      vertex 18.8332 6.23602 5
      vertex 19.818 3.18198 5
    endloop
  endfacet
  facet normal -0 0 1
    outer loop
      vertex 17.6967 5.3033 5
      vertex 19.818 3.18198 5
      vertex 18.8332 6.23602 5
    endloop
  endfacet
  facet normal 0 0 1
    outer loop
      vertex 19.818 3.18198 5
      vertex 17.6967 5.3033 5
      vertex 19.2584 2.50007 5
    endloop
  endfacet
  facet normal -0 0 1
    outer loop
      vertex 16.764 4.16678 5
      vertex 19.2584 2.50007 5
      vertex 17.6967 5.3033 5
    endloop
  endfacet
  facet normal 0 0 1
    outer loop
      vertex 19.2584 2.50007 5
      vertex 16.764 4.16678 5
      vertex 18.8425 1.72207 5
    endloop
  endfacet
  facet normal -0 0 1
    outer loop
      vertex 16.0709 2.87012 5
      vertex 18.8425 1.72207 5
      vertex 16.764 4.16678 5
    endloop
  endfacet
  facet normal 0 0 1
    outer loop
      vertex 29.9291 -2.87012 5
      vertex 27.1575 -1.72207 5
      vertex 29.236 -4.16678 5
    endloop
  endfacet
  facet normal -0 0 1
    outer loop
      vertex 26.7416 -2.50007 5
      vertex 29.236 -4.16678 5
      vertex 27.1575 -1.72207 5
    endloop
  endfacet
  facet normal 0 0 1
    outer loop
      vertex 29.236 -4.16678 5
      vertex 26.7416 -2.50007 5
      vertex 28.3033 -5.3033 5
    endloop
  endfacet
  facet normal -0 0 1
    outer loop
      vertex 26.182 -3.18198 5
      vertex 28.3033 -5.3033 5
      vertex 26.7416 -2.50007 5
    endloop
  endfacet
  facet normal 0 0 1
    outer loop
      vertex 28.3033 -5.3033 5
      vertex 26.182 -3.18198 5
      vertex 27.1668 -6.23602 5
    endloop
  endfacet
  facet normal -0 0 1
    outer loop
      vertex 25.5001 -3.74161 5
      vertex 27.1668 -6.23602 5
      vertex 26.182 -3.18198 5
    endloop
  endfacet
  facet normal 0 0 1
    outer loop
      vertex 27.1668 -6.23602 5
      vertex 25.5001 -3.74161 5
      vertex 25.8701 -6.9291 5
    endloop
  endfacet
  facet normal -0 0 1
    outer loop
      vertex 24.7221 -4.15746 5
      vertex 25.8701 -6.9291 5
      vertex 25.5001 -3.74161 5
    endloop
  endfacet
  facet normal 0 0 1
    outer loop
      vertex 24.7221 -4.15746 5
      vertex 24.4632 -7.35589 5
      vertex 25.8701 -6.9291 5
    endloop
  endfacet
  facet normal -0 0 1
    outer loop
      vertex 23.8779 -4.41353 5
      vertex 24.4632 -7.35589 5
      vertex 24.7221 -4.15746 5
    endloop
  endfacet
  facet normal -0 0 1
    outer loop
      vertex 23 -4.5 5
      vertex 24.4632 -7.35589 5
      vertex 23.8779 -4.41353 5
    endloop
  endfacet
  facet normal 0 0 1
    outer loop
      vertex 23 -4.5 5
      vertex 23 -7.5 5
      vertex 24.4632 -7.35589 5
    endloop
  endfacet
  facet normal 0 0 1
    outer loop
      vertex 22.1221 -4.41353 5
      vertex 23 -7.5 5
      vertex 23 -4.5 5
    endloop
  endfacet
  facet normal 0 0 1
    outer loop
      vertex 22.1221 -4.41353 5
      vertex 21.5368 -7.35589 5
      vertex 23 -7.5 5
    endloop
  endfacet
  facet normal 0 0 1
    outer loop
      vertex 21.2779 -4.15746 5
      vertex 21.5368 -7.35589 5
      vertex 22.1221 -4.41353 5
    endloop
  endfacet
  facet normal 0 0 1
    outer loop
      vertex 20.1299 -6.9291 5
      vertex 21.2779 -4.15746 5
      vertex 20.4999 -3.74161 5
    endloop
  endfacet
  facet normal 0 0 1
    outer loop
      vertex 21.2779 -4.15746 5
      vertex 20.1299 -6.9291 5
      vertex 21.5368 -7.35589 5
    endloop
  endfacet
  facet normal 0 0 1
    outer loop
      vertex 18.8332 -6.23602 5
      vertex 20.4999 -3.74161 5
      vertex 19.818 -3.18198 5
    endloop
  endfacet
  facet normal 0 0 1
    outer loop
      vertex 17.6967 -5.3033 5
      vertex 19.818 -3.18198 5
      vertex 19.2584 -2.50007 5
    endloop
  endfacet
  facet normal 0 0 1
    outer loop
      vertex 16.764 -4.16678 5
      vertex 19.2584 -2.50007 5
      vertex 18.8425 -1.72207 5
    endloop
  endfacet
  facet normal 0 0 1
    outer loop
      vertex 20.4999 -3.74161 5
      vertex 18.8332 -6.23602 5
      vertex 20.1299 -6.9291 5
    endloop
  endfacet
  facet normal 0 0 1
    outer loop
      vertex 16.0709 -2.87012 5
      vertex 18.8425 -1.72207 5
      vertex 18.5865 -0.877906 5
    endloop
  endfacet
  facet normal 0 0 1
    outer loop
      vertex 15.6441 -1.46318 5
      vertex 18.5865 -0.877906 5
      vertex 18.5 0 5
    endloop
  endfacet
  facet normal 0 0 1
    outer loop
      vertex 18.8425 1.72207 5
      vertex 16.0709 2.87012 5
      vertex 18.5865 0.877906 5
    endloop
  endfacet
  facet normal 0 0 1
    outer loop
      vertex 19.818 -3.18198 5
      vertex 17.6967 -5.3033 5
      vertex 18.8332 -6.23602 5
    endloop
  endfacet
  facet normal -0 0 1
    outer loop
      vertex 15.6441 1.46318 5
      vertex 18.5865 0.877906 5
      vertex 16.0709 2.87012 5
    endloop
  endfacet
  facet normal 0 0 1
    outer loop
      vertex 19.2584 -2.50007 5
      vertex 16.764 -4.16678 5
      vertex 17.6967 -5.3033 5
    endloop
  endfacet
  facet normal 0 0 1
    outer loop
      vertex 18.5865 0.877906 5
      vertex 15.6441 1.46318 5
      vertex 18.5 0 5
    endloop
  endfacet
  facet normal 0 0 1
    outer loop
      vertex 18.8425 -1.72207 5
      vertex 16.0709 -2.87012 5
      vertex 16.764 -4.16678 5
    endloop
  endfacet
  facet normal 0 0 1
    outer loop
      vertex 15.5 0 5
      vertex 18.5 0 5
      vertex 15.6441 1.46318 5
    endloop
  endfacet
  facet normal 0 0 1
    outer loop
      vertex 18.5865 -0.877906 5
      vertex 15.6441 -1.46318 5
      vertex 16.0709 -2.87012 5
    endloop
  endfacet
  facet normal 0 0 1
    outer loop
      vertex 18.5 0 5
      vertex 15.5 0 5
      vertex 15.6441 -1.46318 5
    endloop
  endfacet
  facet normal 0.773016 -0.634386 0
    outer loop
      vertex 28.3033 -5.3033 5
      vertex 29.236 -4.16678 1
      vertex 29.236 -4.16678 5
    endloop
  endfacet
  facet normal 0.773016 -0.634386 0
    outer loop
      vertex 29.236 -4.16678 1
      vertex 28.3033 -5.3033 5
      vertex 28.3033 -5.3033 1
    endloop
  endfacet
  facet normal 0.881915 -0.471408 0
    outer loop
      vertex 29.236 -4.16678 5
      vertex 29.9291 -2.87012 1
      vertex 29.9291 -2.87012 5
    endloop
  endfacet
  facet normal 0.881915 -0.471408 0
    outer loop
      vertex 29.9291 -2.87012 1
      vertex 29.236 -4.16678 5
      vertex 29.236 -4.16678 1
    endloop
  endfacet
  facet normal 0.634401 -0.773004 0
    outer loop
      vertex 27.1668 -6.23602 1
      vertex 28.3033 -5.3033 5
      vertex 27.1668 -6.23602 5
    endloop
  endfacet
  facet normal 0.634401 -0.773004 0
    outer loop
      vertex 28.3033 -5.3033 5
      vertex 27.1668 -6.23602 1
      vertex 28.3033 -5.3033 1
    endloop
  endfacet
  facet normal -0.471386 -0.881927 0
    outer loop
      vertex 18.8332 -6.23602 1
      vertex 20.1299 -6.9291 5
      vertex 18.8332 -6.23602 5
    endloop
  endfacet
  facet normal -0.471386 -0.881927 -0
    outer loop
      vertex 20.1299 -6.9291 5
      vertex 18.8332 -6.23602 1
      vertex 20.1299 -6.9291 1
    endloop
  endfacet
  facet normal -0.956939 -0.290291 0
    outer loop
      vertex 16.0709 -2.87012 1
      vertex 15.6441 -1.46318 5
      vertex 15.6441 -1.46318 1
    endloop
  endfacet
  facet normal -0.956939 -0.290291 0
    outer loop
      vertex 15.6441 -1.46318 5
      vertex 16.0709 -2.87012 1
      vertex 16.0709 -2.87012 5
    endloop
  endfacet
  facet normal -0.773016 -0.634386 0
    outer loop
      vertex 17.6967 -5.3033 1
      vertex 16.764 -4.16678 5
      vertex 16.764 -4.16678 1
    endloop
  endfacet
  facet normal -0.773016 -0.634386 0
    outer loop
      vertex 16.764 -4.16678 5
      vertex 17.6967 -5.3033 1
      vertex 17.6967 -5.3033 5
    endloop
  endfacet
  facet normal -0.634399 -0.773005 0
    outer loop
      vertex 25.5001 3.74161 2
      vertex 26.182 3.18198 5
      vertex 25.5001 3.74161 5
    endloop
  endfacet
  facet normal -0.634399 -0.773005 -0
    outer loop
      vertex 26.182 3.18198 5
      vertex 25.5001 3.74161 2
      vertex 26.182 3.18198 2
    endloop
  endfacet
  facet normal -0.995181 0.0980551 0
    outer loop
      vertex 27.4135 -0.877906 2
      vertex 27.5 0 5
      vertex 27.5 0 2
    endloop
  endfacet
  facet normal -0.995181 0.0980551 0
    outer loop
      vertex 27.5 0 5
      vertex 27.4135 -0.877906 2
      vertex 27.4135 -0.877906 5
    endloop
  endfacet
  facet normal 0.290269 0.956945 -0
    outer loop
      vertex 22.1221 -4.41353 2
      vertex 21.2779 -4.15746 5
      vertex 22.1221 -4.41353 5
    endloop
  endfacet
  facet normal 0.290269 0.956945 0
    outer loop
      vertex 21.2779 -4.15746 5
      vertex 22.1221 -4.41353 2
      vertex 21.2779 -4.15746 2
    endloop
  endfacet
  facet normal -0.956964 -0.290207 0
    outer loop
      vertex 27.4135 0.877906 2
      vertex 27.1575 1.72207 5
      vertex 27.1575 1.72207 2
    endloop
  endfacet
  facet normal -0.956964 -0.290207 0
    outer loop
      vertex 27.1575 1.72207 5
      vertex 27.4135 0.877906 2
      vertex 27.4135 0.877906 5
    endloop
  endfacet
  facet normal 0.290269 -0.956945 0
    outer loop
      vertex 21.2779 4.15746 2
      vertex 22.1221 4.41353 5
      vertex 21.2779 4.15746 5
    endloop
  endfacet
  facet normal 0.290269 -0.956945 0
    outer loop
      vertex 22.1221 4.41353 5
      vertex 21.2779 4.15746 2
      vertex 22.1221 4.41353 2
    endloop
  endfacet
  facet normal 0.881898 -0.471441 0
    outer loop
      vertex 18.8425 1.72207 5
      vertex 19.2584 2.50007 2
      vertex 19.2584 2.50007 5
    endloop
  endfacet
  facet normal 0.881898 -0.471441 0
    outer loop
      vertex 19.2584 2.50007 2
      vertex 18.8425 1.72207 5
      vertex 18.8425 1.72207 2
    endloop
  endfacet
  facet normal 0.881898 0.471441 0
    outer loop
      vertex 19.2584 -2.50007 5
      vertex 18.8425 -1.72207 2
      vertex 18.8425 -1.72207 5
    endloop
  endfacet
  facet normal 0.881898 0.471441 0
    outer loop
      vertex 18.8425 -1.72207 2
      vertex 19.2584 -2.50007 5
      vertex 19.2584 -2.50007 2
    endloop
  endfacet
  facet normal -0.881898 -0.471441 0
    outer loop
      vertex 27.1575 1.72207 2
      vertex 26.7416 2.50007 5
      vertex 26.7416 2.50007 2
    endloop
  endfacet
  facet normal -0.881898 -0.471441 0
    outer loop
      vertex 26.7416 2.50007 5
      vertex 27.1575 1.72207 2
      vertex 27.1575 1.72207 5
    endloop
  endfacet
  facet normal -0.773027 -0.634374 0
    outer loop
      vertex 26.7416 2.50007 2
      vertex 26.182 3.18198 5
      vertex 26.182 3.18198 2
    endloop
  endfacet
  facet normal -0.773027 -0.634374 0
    outer loop
      vertex 26.182 3.18198 5
      vertex 26.7416 2.50007 2
      vertex 26.7416 2.50007 5
    endloop
  endfacet
  facet normal -0.471397 -0.881921 0
    outer loop
      vertex 24.7221 4.15746 2
      vertex 25.5001 3.74161 5
      vertex 24.7221 4.15746 5
    endloop
  endfacet
  facet normal -0.471397 -0.881921 -0
    outer loop
      vertex 25.5001 3.74161 5
      vertex 24.7221 4.15746 2
      vertex 25.5001 3.74161 2
    endloop
  endfacet
  facet normal -0.0980221 -0.995184 0
    outer loop
      vertex 23 4.5 2
      vertex 23.8779 4.41353 5
      vertex 23 4.5 5
    endloop
  endfacet
  facet normal -0.0980221 -0.995184 -0
    outer loop
      vertex 23.8779 4.41353 5
      vertex 23 4.5 2
      vertex 23.8779 4.41353 2
    endloop
  endfacet
  facet normal 0.995181 -0.0980551 0
    outer loop
      vertex 18.5 0 5
      vertex 18.5865 0.877906 2
      vertex 18.5865 0.877906 5
    endloop
  endfacet
  facet normal 0.995181 -0.0980551 0
    outer loop
      vertex 18.5865 0.877906 2
      vertex 18.5 0 5
      vertex 18.5 0 2
    endloop
  endfacet
  facet normal 0.773027 -0.634374 0
    outer loop
      vertex 19.2584 2.50007 5
      vertex 19.818 3.18198 2
      vertex 19.818 3.18198 5
    endloop
  endfacet
  facet normal 0.773027 -0.634374 0
    outer loop
      vertex 19.818 3.18198 2
      vertex 19.2584 2.50007 5
      vertex 19.2584 2.50007 2
    endloop
  endfacet
  facet normal 0.471397 -0.881921 0
    outer loop
      vertex 20.4999 3.74161 2
      vertex 21.2779 4.15746 5
      vertex 20.4999 3.74161 5
    endloop
  endfacet
  facet normal 0.471397 -0.881921 0
    outer loop
      vertex 21.2779 4.15746 5
      vertex 20.4999 3.74161 2
      vertex 21.2779 4.15746 2
    endloop
  endfacet
  facet normal 0.0980221 -0.995184 0
    outer loop
      vertex 22.1221 4.41353 2
      vertex 23 4.5 5
      vertex 22.1221 4.41353 5
    endloop
  endfacet
  facet normal 0.0980221 -0.995184 0
    outer loop
      vertex 23 4.5 5
      vertex 22.1221 4.41353 2
      vertex 23 4.5 2
    endloop
  endfacet
  facet normal 0.634399 -0.773005 0
    outer loop
      vertex 19.818 3.18198 2
      vertex 20.4999 3.74161 5
      vertex 19.818 3.18198 5
    endloop
  endfacet
  facet normal 0.634399 -0.773005 0
    outer loop
      vertex 20.4999 3.74161 5
      vertex 19.818 3.18198 2
      vertex 20.4999 3.74161 2
    endloop
  endfacet
  facet normal -0.995181 -0.0980551 0
    outer loop
      vertex 27.5 0 2
      vertex 27.4135 0.877906 5
      vertex 27.4135 0.877906 2
    endloop
  endfacet
  facet normal -0.995181 -0.0980551 0
    outer loop
      vertex 27.4135 0.877906 5
      vertex 27.5 0 2
      vertex 27.5 0 5
    endloop
  endfacet
  facet normal -0.0980221 0.995184 0
    outer loop
      vertex 23.8779 -4.41353 2
      vertex 23 -4.5 5
      vertex 23.8779 -4.41353 5
    endloop
  endfacet
  facet normal -0.0980221 0.995184 0
    outer loop
      vertex 23 -4.5 5
      vertex 23.8779 -4.41353 2
      vertex 23 -4.5 2
    endloop
  endfacet
  facet normal -0.773027 0.634374 0
    outer loop
      vertex 26.182 -3.18198 2
      vertex 26.7416 -2.50007 5
      vertex 26.7416 -2.50007 2
    endloop
  endfacet
  facet normal -0.773027 0.634374 0
    outer loop
      vertex 26.7416 -2.50007 5
      vertex 26.182 -3.18198 2
      vertex 26.182 -3.18198 5
    endloop
  endfacet
  facet normal -0.290269 0.956945 0
    outer loop
      vertex 24.7221 -4.15746 2
      vertex 23.8779 -4.41353 5
      vertex 24.7221 -4.15746 5
    endloop
  endfacet
  facet normal -0.290269 0.956945 0
    outer loop
      vertex 23.8779 -4.41353 5
      vertex 24.7221 -4.15746 2
      vertex 23.8779 -4.41353 2
    endloop
  endfacet
  facet normal -0.471397 0.881921 0
    outer loop
      vertex 25.5001 -3.74161 2
      vertex 24.7221 -4.15746 5
      vertex 25.5001 -3.74161 5
    endloop
  endfacet
  facet normal -0.471397 0.881921 0
    outer loop
      vertex 24.7221 -4.15746 5
      vertex 25.5001 -3.74161 2
      vertex 24.7221 -4.15746 2
    endloop
  endfacet
  facet normal 0.0980221 0.995184 -0
    outer loop
      vertex 23 -4.5 2
      vertex 22.1221 -4.41353 5
      vertex 23 -4.5 5
    endloop
  endfacet
  facet normal 0.0980221 0.995184 0
    outer loop
      vertex 22.1221 -4.41353 5
      vertex 23 -4.5 2
      vertex 22.1221 -4.41353 2
    endloop
  endfacet
  facet normal 0.634399 0.773005 -0
    outer loop
      vertex 20.4999 -3.74161 2
      vertex 19.818 -3.18198 5
      vertex 20.4999 -3.74161 5
    endloop
  endfacet
  facet normal 0.634399 0.773005 0
    outer loop
      vertex 19.818 -3.18198 5
      vertex 20.4999 -3.74161 2
      vertex 19.818 -3.18198 2
    endloop
  endfacet
  facet normal 0.995181 0.0980551 0
    outer loop
      vertex 18.5865 -0.877906 5
      vertex 18.5 0 2
      vertex 18.5 0 5
    endloop
  endfacet
  facet normal 0.995181 0.0980551 0
    outer loop
      vertex 18.5 0 2
      vertex 18.5865 -0.877906 5
      vertex 18.5865 -0.877906 2
    endloop
  endfacet
  facet normal 0 0 1
    outer loop
      vertex 27.4135 0.877906 2
      vertex 27.4135 -0.877906 2
      vertex 27.5 0 2
    endloop
  endfacet
  facet normal 0 0 1
    outer loop
      vertex 27.1575 1.72207 2
      vertex 27.4135 -0.877906 2
      vertex 27.4135 0.877906 2
    endloop
  endfacet
  facet normal 0 0 1
    outer loop
      vertex 27.1575 1.72207 2
      vertex 27.1575 -1.72207 2
      vertex 27.4135 -0.877906 2
    endloop
  endfacet
  facet normal 0 0 1
    outer loop
      vertex 26.7416 2.50007 2
      vertex 27.1575 -1.72207 2
      vertex 27.1575 1.72207 2
    endloop
  endfacet
  facet normal 0 0 1
    outer loop
      vertex 26.7416 2.50007 2
      vertex 26.7416 -2.50007 2
      vertex 27.1575 -1.72207 2
    endloop
  endfacet
  facet normal 0 0 1
    outer loop
      vertex 26.182 3.18198 2
      vertex 26.7416 -2.50007 2
      vertex 26.7416 2.50007 2
    endloop
  endfacet
  facet normal 0 0 1
    outer loop
      vertex 26.182 3.18198 2
      vertex 26.182 -3.18198 2
      vertex 26.7416 -2.50007 2
    endloop
  endfacet
  facet normal 0 0 1
    outer loop
      vertex 25.5001 3.74161 2
      vertex 26.182 -3.18198 2
      vertex 26.182 3.18198 2
    endloop
  endfacet
  facet normal 0 0 1
    outer loop
      vertex 25.5001 3.74161 2
      vertex 25.5001 -3.74161 2
      vertex 26.182 -3.18198 2
    endloop
  endfacet
  facet normal 0 0 1
    outer loop
      vertex 24.7221 4.15746 2
      vertex 25.5001 -3.74161 2
      vertex 25.5001 3.74161 2
    endloop
  endfacet
  facet normal 0 0 1
    outer loop
      vertex 24.7221 4.15746 2
      vertex 24.7221 -4.15746 2
      vertex 25.5001 -3.74161 2
    endloop
  endfacet
  facet normal 0 0 1
    outer loop
      vertex 23.8779 4.41353 2
      vertex 24.7221 -4.15746 2
      vertex 24.7221 4.15746 2
    endloop
  endfacet
  facet normal 0 0 1
    outer loop
      vertex 23.8779 4.41353 2
      vertex 23.8779 -4.41353 2
      vertex 24.7221 -4.15746 2
    endloop
  endfacet
  facet normal 0 0 1
    outer loop
      vertex 23 4.5 2
      vertex 23.8779 -4.41353 2
      vertex 23.8779 4.41353 2
    endloop
  endfacet
  facet normal 0 0 1
    outer loop
      vertex 23 4.5 2
      vertex 23 -4.5 2
      vertex 23.8779 -4.41353 2
    endloop
  endfacet
  facet normal -0 0 1
    outer loop
      vertex 22.1221 4.41353 2
      vertex 23 -4.5 2
      vertex 23 4.5 2
    endloop
  endfacet
  facet normal 0 0 1
    outer loop
      vertex 22.1221 4.41353 2
      vertex 22.1221 -4.41353 2
      vertex 23 -4.5 2
    endloop
  endfacet
  facet normal -0 0 1
    outer loop
      vertex 21.2779 4.15746 2
      vertex 22.1221 -4.41353 2
      vertex 22.1221 4.41353 2
    endloop
  endfacet
  facet normal 0 0 1
    outer loop
      vertex 21.2779 4.15746 2
      vertex 21.2779 -4.15746 2
      vertex 22.1221 -4.41353 2
    endloop
  endfacet
  facet normal -0 0 1
    outer loop
      vertex 20.4999 3.74161 2
      vertex 21.2779 -4.15746 2
      vertex 21.2779 4.15746 2
    endloop
  endfacet
  facet normal 0 0 1
    outer loop
      vertex 20.4999 3.74161 2
      vertex 20.4999 -3.74161 2
      vertex 21.2779 -4.15746 2
    endloop
  endfacet
  facet normal -0 0 1
    outer loop
      vertex 19.818 3.18198 2
      vertex 20.4999 -3.74161 2
      vertex 20.4999 3.74161 2
    endloop
  endfacet
  facet normal 0 0 1
    outer loop
      vertex 19.818 3.18198 2
      vertex 19.818 -3.18198 2
      vertex 20.4999 -3.74161 2
    endloop
  endfacet
  facet normal -0 0 1
    outer loop
      vertex 19.2584 2.50007 2
      vertex 19.818 -3.18198 2
      vertex 19.818 3.18198 2
    endloop
  endfacet
  facet normal 0 0 1
    outer loop
      vertex 19.2584 2.50007 2
      vertex 19.2584 -2.50007 2
      vertex 19.818 -3.18198 2
    endloop
  endfacet
  facet normal -0 0 1
    outer loop
      vertex 18.8425 1.72207 2
      vertex 19.2584 -2.50007 2
      vertex 19.2584 2.50007 2
    endloop
  endfacet
  facet normal 0 0 1
    outer loop
      vertex 18.8425 1.72207 2
      vertex 18.8425 -1.72207 2
      vertex 19.2584 -2.50007 2
    endloop
  endfacet
  facet normal -0 0 1
    outer loop
      vertex 18.5865 0.877906 2
      vertex 18.8425 -1.72207 2
      vertex 18.8425 1.72207 2
    endloop
  endfacet
  facet normal 0 0 1
    outer loop
      vertex 18.5865 0.877906 2
      vertex 18.5865 -0.877906 2
      vertex 18.8425 -1.72207 2
    endloop
  endfacet
  facet normal 0 -0 1
    outer loop
      vertex 18.5865 -0.877906 2
      vertex 18.5865 0.877906 2
      vertex 18.5 0 2
    endloop
  endfacet
  facet normal -0.290269 -0.956945 0
    outer loop
      vertex 23.8779 4.41353 2
      vertex 24.7221 4.15746 5
      vertex 23.8779 4.41353 5
    endloop
  endfacet
  facet normal -0.290269 -0.956945 -0
    outer loop
      vertex 24.7221 4.15746 5
      vertex 23.8779 4.41353 2
      vertex 24.7221 4.15746 2
    endloop
  endfacet
  facet normal 0.956964 -0.290207 0
    outer loop
      vertex 18.5865 0.877906 5
      vertex 18.8425 1.72207 2
      vertex 18.8425 1.72207 5
    endloop
  endfacet
  facet normal 0.956964 -0.290207 0
    outer loop
      vertex 18.8425 1.72207 2
      vertex 18.5865 0.877906 5
      vertex 18.5865 0.877906 2
    endloop
  endfacet
  facet normal -0.956964 0.290207 0
    outer loop
      vertex 27.1575 -1.72207 2
      vertex 27.4135 -0.877906 5
      vertex 27.4135 -0.877906 2
    endloop
  endfacet
  facet normal -0.956964 0.290207 0
    outer loop
      vertex 27.4135 -0.877906 5
      vertex 27.1575 -1.72207 2
      vertex 27.1575 -1.72207 5
    endloop
  endfacet
  facet normal -0.634399 0.773005 0
    outer loop
      vertex 26.182 -3.18198 2
      vertex 25.5001 -3.74161 5
      vertex 26.182 -3.18198 5
    endloop
  endfacet
  facet normal -0.634399 0.773005 0
    outer loop
      vertex 25.5001 -3.74161 5
      vertex 26.182 -3.18198 2
      vertex 25.5001 -3.74161 2
    endloop
  endfacet
  facet normal 0.471397 0.881921 -0
    outer loop
      vertex 21.2779 -4.15746 2
      vertex 20.4999 -3.74161 5
      vertex 21.2779 -4.15746 5
    endloop
  endfacet
  facet normal 0.471397 0.881921 0
    outer loop
      vertex 20.4999 -3.74161 5
      vertex 21.2779 -4.15746 2
      vertex 20.4999 -3.74161 2
    endloop
  endfacet
  facet normal 0.956964 0.290207 0
    outer loop
      vertex 18.8425 -1.72207 5
      vertex 18.5865 -0.877906 2
      vertex 18.5865 -0.877906 5
    endloop
  endfacet
  facet normal 0.956964 0.290207 0
    outer loop
      vertex 18.5865 -0.877906 2
      vertex 18.8425 -1.72207 5
      vertex 18.8425 -1.72207 2
    endloop
  endfacet
  facet normal 0.773027 0.634374 0
    outer loop
      vertex 19.818 -3.18198 5
      vertex 19.2584 -2.50007 2
      vertex 19.2584 -2.50007 5
    endloop
  endfacet
  facet normal 0.773027 0.634374 0
    outer loop
      vertex 19.2584 -2.50007 2
      vertex 19.818 -3.18198 5
      vertex 19.818 -3.18198 2
    endloop
  endfacet
  facet normal -0.881898 0.471441 0
    outer loop
      vertex 26.7416 -2.50007 2
      vertex 27.1575 -1.72207 5
      vertex 27.1575 -1.72207 2
    endloop
  endfacet
  facet normal -0.881898 0.471441 0
    outer loop
      vertex 27.1575 -1.72207 5
      vertex 26.7416 -2.50007 2
      vertex 26.7416 -2.50007 5
    endloop
  endfacet
  facet normal 0.0694696 -0.705398 -0.705398
    outer loop
      vertex 24.4632 15.6441 1
      vertex 23 15.5 1
      vertex 23 16.5 0
    endloop
  endfacet
  facet normal 0.705398 0.0694696 -0.705398
    outer loop
      vertex 30.5 23 1
      vertex 29.5 23 0
      vertex 30.3559 24.4632 1
    endloop
  endfacet
  facet normal 0.705392 0.0694768 -0.705404
    outer loop
      vertex 29.5 23 0
      vertex 29.3751 24.2681 0
      vertex 30.3559 24.4632 1
    endloop
  endfacet
  facet normal 0.705392 -0.0694768 -0.705404
    outer loop
      vertex 30.3559 21.5368 1
      vertex 29.3751 21.7319 0
      vertex 29.5 23 0
    endloop
  endfacet
  facet normal -0.678281 -0.205771 -0.705403
    outer loop
      vertex 16.9948 20.5126 0
      vertex 15.6441 21.5368 1
      vertex 16.6249 21.7319 0
    endloop
  endfacet
  facet normal -0.205771 0.678281 -0.705403
    outer loop
      vertex 21.7319 29.3751 0
      vertex 20.5126 29.0052 0
      vertex 21.5368 30.3559 1
    endloop
  endfacet
  facet normal 0.678278 -0.205764 -0.705407
    outer loop
      vertex 29.9291 20.1299 1
      vertex 29.0052 20.5126 0
      vertex 30.3559 21.5368 1
    endloop
  endfacet
  facet normal 0.205764 -0.678278 -0.705407
    outer loop
      vertex 25.8701 16.0709 1
      vertex 24.4632 15.6441 1
      vertex 25.4874 16.9948 0
    endloop
  endfacet
  facet normal 0.547912 -0.449677 -0.705395
    outer loop
      vertex 28.3033 17.6967 1
      vertex 27.5962 18.4038 0
      vertex 28.4046 19.3888 0
    endloop
  endfacet
  facet normal 0.705398 -0.0694696 -0.705398
    outer loop
      vertex 30.3559 21.5368 1
      vertex 29.5 23 0
      vertex 30.5 23 1
    endloop
  endfacet
  facet normal 0.334127 -0.625108 -0.705407
    outer loop
      vertex 25.8701 16.0709 1
      vertex 25.4874 16.9948 0
      vertex 27.1668 16.764 1
    endloop
  endfacet
  facet normal -0.449677 -0.547912 -0.705395
    outer loop
      vertex 19.3888 17.5954 0
      vertex 17.6967 17.6967 1
      vertex 18.4038 18.4038 0
    endloop
  endfacet
  facet normal -0.449673 -0.547928 -0.705386
    outer loop
      vertex 18.8332 16.764 1
      vertex 17.6967 17.6967 1
      vertex 19.3888 17.5954 0
    endloop
  endfacet
  facet normal -0.334104 0.625152 -0.705379
    outer loop
      vertex 19.3888 28.4046 0
      vertex 18.8332 29.236 1
      vertex 20.5126 29.0052 0
    endloop
  endfacet
  facet normal -0.625152 0.334104 -0.705379
    outer loop
      vertex 16.9948 25.4874 0
      vertex 16.764 27.1668 1
      vertex 17.5954 26.6112 0
    endloop
  endfacet
  facet normal 0.678281 -0.205771 -0.705403
    outer loop
      vertex 30.3559 21.5368 1
      vertex 29.0052 20.5126 0
      vertex 29.3751 21.7319 0
    endloop
  endfacet
  facet normal 0.625108 -0.334127 -0.705407
    outer loop
      vertex 29.236 18.8332 1
      vertex 29.0052 20.5126 0
      vertex 29.9291 20.1299 1
    endloop
  endfacet
  facet normal 0.449673 -0.547928 -0.705386
    outer loop
      vertex 27.1668 16.764 1
      vertex 26.6112 17.5954 0
      vertex 28.3033 17.6967 1
    endloop
  endfacet
  facet normal 0.334104 -0.625152 -0.705379
    outer loop
      vertex 27.1668 16.764 1
      vertex 25.4874 16.9948 0
      vertex 26.6112 17.5954 0
    endloop
  endfacet
  facet normal 0.205771 -0.678281 -0.705403
    outer loop
      vertex 24.4632 15.6441 1
      vertex 24.2681 16.6249 0
      vertex 25.4874 16.9948 0
    endloop
  endfacet
  facet normal 0.0694768 -0.705392 -0.705404
    outer loop
      vertex 24.4632 15.6441 1
      vertex 23 16.5 0
      vertex 24.2681 16.6249 0
    endloop
  endfacet
  facet normal -0.205764 -0.678278 -0.705407
    outer loop
      vertex 21.5368 15.6441 1
      vertex 20.1299 16.0709 1
      vertex 20.5126 16.9948 0
    endloop
  endfacet
  facet normal -0.625152 -0.334104 -0.705379
    outer loop
      vertex 17.5954 19.3888 0
      vertex 16.764 18.8332 1
      vertex 16.9948 20.5126 0
    endloop
  endfacet
  facet normal -0.547928 -0.449673 -0.705386
    outer loop
      vertex 17.6967 17.6967 1
      vertex 16.764 18.8332 1
      vertex 17.5954 19.3888 0
    endloop
  endfacet
  facet normal 0.334104 0.625152 -0.705379
    outer loop
      vertex 26.6112 28.4046 0
      vertex 25.4874 29.0052 0
      vertex 27.1668 29.236 1
    endloop
  endfacet
  facet normal 0.547928 0.449673 -0.705386
    outer loop
      vertex 28.4046 26.6112 0
      vertex 28.3033 28.3033 1
      vertex 29.236 27.1668 1
    endloop
  endfacet
  facet normal -0.705398 -0.0694696 -0.705398
    outer loop
      vertex 15.6441 21.5368 1
      vertex 15.5 23 1
      vertex 16.5 23 0
    endloop
  endfacet
  facet normal -0.547928 0.449673 -0.705386
    outer loop
      vertex 17.5954 26.6112 0
      vertex 16.764 27.1668 1
      vertex 17.6967 28.3033 1
    endloop
  endfacet
  facet normal 0.625152 -0.334104 -0.705379
    outer loop
      vertex 29.236 18.8332 1
      vertex 28.4046 19.3888 0
      vertex 29.0052 20.5126 0
    endloop
  endfacet
  facet normal 0.547928 -0.449673 -0.705386
    outer loop
      vertex 29.236 18.8332 1
      vertex 28.3033 17.6967 1
      vertex 28.4046 19.3888 0
    endloop
  endfacet
  facet normal 0.449677 -0.547912 -0.705395
    outer loop
      vertex 28.3033 17.6967 1
      vertex 26.6112 17.5954 0
      vertex 27.5962 18.4038 0
    endloop
  endfacet
  facet normal -0.625108 -0.334127 -0.705407
    outer loop
      vertex 16.764 18.8332 1
      vertex 16.0709 20.1299 1
      vertex 16.9948 20.5126 0
    endloop
  endfacet
  facet normal -0.678278 -0.205764 -0.705407
    outer loop
      vertex 16.0709 20.1299 1
      vertex 15.6441 21.5368 1
      vertex 16.9948 20.5126 0
    endloop
  endfacet
  facet normal -0.334127 -0.625108 -0.705407
    outer loop
      vertex 20.1299 16.0709 1
      vertex 18.8332 16.764 1
      vertex 20.5126 16.9948 0
    endloop
  endfacet
  facet normal -0.334104 -0.625152 -0.705379
    outer loop
      vertex 20.5126 16.9948 0
      vertex 18.8332 16.764 1
      vertex 19.3888 17.5954 0
    endloop
  endfacet
  facet normal -0.0694768 -0.705392 -0.705404
    outer loop
      vertex 23 16.5 0
      vertex 21.5368 15.6441 1
      vertex 21.7319 16.6249 0
    endloop
  endfacet
  facet normal -0.0694696 -0.705398 -0.705398
    outer loop
      vertex 23 15.5 1
      vertex 21.5368 15.6441 1
      vertex 23 16.5 0
    endloop
  endfacet
  facet normal -0.0694696 0.705398 -0.705398
    outer loop
      vertex 23 29.5 0
      vertex 21.5368 30.3559 1
      vertex 23 30.5 1
    endloop
  endfacet
  facet normal 0.625152 0.334104 -0.705379
    outer loop
      vertex 29.0052 25.4874 0
      vertex 28.4046 26.6112 0
      vertex 29.236 27.1668 1
    endloop
  endfacet
  facet normal 0.449677 0.547912 -0.705395
    outer loop
      vertex 27.5962 27.5962 0
      vertex 26.6112 28.4046 0
      vertex 28.3033 28.3033 1
    endloop
  endfacet
  facet normal 0.449673 0.547928 -0.705386
    outer loop
      vertex 28.3033 28.3033 1
      vertex 26.6112 28.4046 0
      vertex 27.1668 29.236 1
    endloop
  endfacet
  facet normal -0.334127 0.625108 -0.705407
    outer loop
      vertex 20.5126 29.0052 0
      vertex 18.8332 29.236 1
      vertex 20.1299 29.9291 1
    endloop
  endfacet
  facet normal -0.205764 0.678278 -0.705407
    outer loop
      vertex 20.5126 29.0052 0
      vertex 20.1299 29.9291 1
      vertex 21.5368 30.3559 1
    endloop
  endfacet
  facet normal -0.678281 0.205771 -0.705403
    outer loop
      vertex 16.6249 24.2681 0
      vertex 15.6441 24.4632 1
      vertex 16.9948 25.4874 0
    endloop
  endfacet
  facet normal -0.705398 0.0694696 -0.705398
    outer loop
      vertex 16.5 23 0
      vertex 15.5 23 1
      vertex 15.6441 24.4632 1
    endloop
  endfacet
  facet normal -0.705392 0.0694768 -0.705404
    outer loop
      vertex 16.5 23 0
      vertex 15.6441 24.4632 1
      vertex 16.6249 24.2681 0
    endloop
  endfacet
  facet normal -0.547912 -0.449677 -0.705395
    outer loop
      vertex 17.6967 17.6967 1
      vertex 17.5954 19.3888 0
      vertex 18.4038 18.4038 0
    endloop
  endfacet
  facet normal -0.205771 -0.678281 -0.705403
    outer loop
      vertex 21.5368 15.6441 1
      vertex 20.5126 16.9948 0
      vertex 21.7319 16.6249 0
    endloop
  endfacet
  facet normal 0.205771 0.678281 -0.705403
    outer loop
      vertex 25.4874 29.0052 0
      vertex 24.2681 29.3751 0
      vertex 24.4632 30.3559 1
    endloop
  endfacet
  facet normal 0.0694696 0.705398 -0.705398
    outer loop
      vertex 24.4632 30.3559 1
      vertex 23 29.5 0
      vertex 23 30.5 1
    endloop
  endfacet
  facet normal 0.0694768 0.705392 -0.705404
    outer loop
      vertex 24.2681 29.3751 0
      vertex 23 29.5 0
      vertex 24.4632 30.3559 1
    endloop
  endfacet
  facet normal 0.625108 0.334127 -0.705407
    outer loop
      vertex 29.9291 25.8701 1
      vertex 29.0052 25.4874 0
      vertex 29.236 27.1668 1
    endloop
  endfacet
  facet normal 0.547912 0.449677 -0.705395
    outer loop
      vertex 28.4046 26.6112 0
      vertex 27.5962 27.5962 0
      vertex 28.3033 28.3033 1
    endloop
  endfacet
  facet normal -0.547912 0.449677 -0.705395
    outer loop
      vertex 18.4038 27.5962 0
      vertex 17.5954 26.6112 0
      vertex 17.6967 28.3033 1
    endloop
  endfacet
  facet normal -0.449673 0.547928 -0.705386
    outer loop
      vertex 19.3888 28.4046 0
      vertex 17.6967 28.3033 1
      vertex 18.8332 29.236 1
    endloop
  endfacet
  facet normal -0.678278 0.205764 -0.705407
    outer loop
      vertex 16.9948 25.4874 0
      vertex 15.6441 24.4632 1
      vertex 16.0709 25.8701 1
    endloop
  endfacet
  facet normal -0.625108 0.334127 -0.705407
    outer loop
      vertex 16.9948 25.4874 0
      vertex 16.0709 25.8701 1
      vertex 16.764 27.1668 1
    endloop
  endfacet
  facet normal 0 0 -1
    outer loop
      vertex 29.3751 21.7319 0
      vertex 29.3751 24.2681 0
      vertex 29.5 23 0
    endloop
  endfacet
  facet normal 0 0 -1
    outer loop
      vertex 29.0052 20.5126 0
      vertex 29.3751 24.2681 0
      vertex 29.3751 21.7319 0
    endloop
  endfacet
  facet normal 0 0 -1
    outer loop
      vertex 29.0052 20.5126 0
      vertex 29.0052 25.4874 0
      vertex 29.3751 24.2681 0
    endloop
  endfacet
  facet normal 0 0 -1
    outer loop
      vertex 28.4046 19.3888 0
      vertex 29.0052 25.4874 0
      vertex 29.0052 20.5126 0
    endloop
  endfacet
  facet normal 0 0 -1
    outer loop
      vertex 28.4046 19.3888 0
      vertex 28.4046 26.6112 0
      vertex 29.0052 25.4874 0
    endloop
  endfacet
  facet normal 0 0 -1
    outer loop
      vertex 27.5962 18.4038 0
      vertex 28.4046 26.6112 0
      vertex 28.4046 19.3888 0
    endloop
  endfacet
  facet normal 0 0 -1
    outer loop
      vertex 27.5962 18.4038 0
      vertex 27.5962 27.5962 0
      vertex 28.4046 26.6112 0
    endloop
  endfacet
  facet normal 0 0 -1
    outer loop
      vertex 26.6112 17.5954 0
      vertex 27.5962 27.5962 0
      vertex 27.5962 18.4038 0
    endloop
  endfacet
  facet normal 0 0 -1
    outer loop
      vertex 26.6112 17.5954 0
      vertex 26.6112 28.4046 0
      vertex 27.5962 27.5962 0
    endloop
  endfacet
  facet normal 0 0 -1
    outer loop
      vertex 25.4874 16.9948 0
      vertex 26.6112 28.4046 0
      vertex 26.6112 17.5954 0
    endloop
  endfacet
  facet normal 0 0 -1
    outer loop
      vertex 25.4874 16.9948 0
      vertex 25.4874 29.0052 0
      vertex 26.6112 28.4046 0
    endloop
  endfacet
  facet normal 0 0 -1
    outer loop
      vertex 24.2681 16.6249 0
      vertex 25.4874 29.0052 0
      vertex 25.4874 16.9948 0
    endloop
  endfacet
  facet normal 0 0 -1
    outer loop
      vertex 24.2681 16.6249 0
      vertex 24.2681 29.3751 0
      vertex 25.4874 29.0052 0
    endloop
  endfacet
  facet normal 0 0 -1
    outer loop
      vertex 23 16.5 0
      vertex 24.2681 29.3751 0
      vertex 24.2681 16.6249 0
    endloop
  endfacet
  facet normal 0 0 -1
    outer loop
      vertex 23 16.5 0
      vertex 23 29.5 0
      vertex 24.2681 29.3751 0
    endloop
  endfacet
  facet normal 0 0 -1
    outer loop
      vertex 21.7319 16.6249 0
      vertex 23 29.5 0
      vertex 23 16.5 0
    endloop
  endfacet
  facet normal 0 0 -1
    outer loop
      vertex 21.7319 16.6249 0
      vertex 21.7319 29.3751 0
      vertex 23 29.5 0
    endloop
  endfacet
  facet normal 0 0 -1
    outer loop
      vertex 20.5126 16.9948 0
      vertex 21.7319 29.3751 0
      vertex 21.7319 16.6249 0
    endloop
  endfacet
  facet normal 0 0 -1
    outer loop
      vertex 20.5126 16.9948 0
      vertex 20.5126 29.0052 0
      vertex 21.7319 29.3751 0
    endloop
  endfacet
  facet normal 0 0 -1
    outer loop
      vertex 19.3888 17.5954 0
      vertex 20.5126 29.0052 0
      vertex 20.5126 16.9948 0
    endloop
  endfacet
  facet normal 0 0 -1
    outer loop
      vertex 19.3888 17.5954 0
      vertex 19.3888 28.4046 0
      vertex 20.5126 29.0052 0
    endloop
  endfacet
  facet normal 0 0 -1
    outer loop
      vertex 18.4038 18.4038 0
      vertex 19.3888 28.4046 0
      vertex 19.3888 17.5954 0
    endloop
  endfacet
  facet normal 0 0 -1
    outer loop
      vertex 18.4038 18.4038 0
      vertex 18.4038 27.5962 0
      vertex 19.3888 28.4046 0
    endloop
  endfacet
  facet normal 0 0 -1
    outer loop
      vertex 17.5954 19.3888 0
      vertex 18.4038 27.5962 0
      vertex 18.4038 18.4038 0
    endloop
  endfacet
  facet normal 0 0 -1
    outer loop
      vertex 17.5954 19.3888 0
      vertex 17.5954 26.6112 0
      vertex 18.4038 27.5962 0
    endloop
  endfacet
  facet normal 0 0 -1
    outer loop
      vertex 16.9948 20.5126 0
      vertex 17.5954 26.6112 0
      vertex 17.5954 19.3888 0
    endloop
  endfacet
  facet normal 0 0 -1
    outer loop
      vertex 16.9948 20.5126 0
      vertex 16.9948 25.4874 0
      vertex 17.5954 26.6112 0
    endloop
  endfacet
  facet normal 0 0 -1
    outer loop
      vertex 16.6249 21.7319 0
      vertex 16.9948 25.4874 0
      vertex 16.9948 20.5126 0
    endloop
  endfacet
  facet normal 0 0 -1
    outer loop
      vertex 16.6249 21.7319 0
      vertex 16.6249 24.2681 0
      vertex 16.9948 25.4874 0
    endloop
  endfacet
  facet normal 0 -0 -1
    outer loop
      vertex 16.6249 24.2681 0
      vertex 16.6249 21.7319 0
      vertex 16.5 23 0
    endloop
  endfacet
  facet normal -0.705392 -0.0694768 -0.705404
    outer loop
      vertex 16.6249 21.7319 0
      vertex 15.6441 21.5368 1
      vertex 16.5 23 0
    endloop
  endfacet
  facet normal 0.205764 0.678278 -0.705407
    outer loop
      vertex 25.4874 29.0052 0
      vertex 24.4632 30.3559 1
      vertex 25.8701 29.9291 1
    endloop
  endfacet
  facet normal 0.334127 0.625108 -0.705407
    outer loop
      vertex 27.1668 29.236 1
      vertex 25.4874 29.0052 0
      vertex 25.8701 29.9291 1
    endloop
  endfacet
  facet normal -0.0694768 0.705392 -0.705404
    outer loop
      vertex 21.7319 29.3751 0
      vertex 21.5368 30.3559 1
      vertex 23 29.5 0
    endloop
  endfacet
  facet normal 0.678278 0.205764 -0.705407
    outer loop
      vertex 30.3559 24.4632 1
      vertex 29.0052 25.4874 0
      vertex 29.9291 25.8701 1
    endloop
  endfacet
  facet normal 0.678281 0.205771 -0.705403
    outer loop
      vertex 29.3751 24.2681 0
      vertex 29.0052 25.4874 0
      vertex 30.3559 24.4632 1
    endloop
  endfacet
  facet normal -0.449677 0.547912 -0.705395
    outer loop
      vertex 18.4038 27.5962 0
      vertex 17.6967 28.3033 1
      vertex 19.3888 28.4046 0
    endloop
  endfacet
  facet normal 0.634393 0.773011 -0
    outer loop
      vertex 28.3033 28.3033 1
      vertex 27.1668 29.236 5
      vertex 28.3033 28.3033 5
    endloop
  endfacet
  facet normal 0.634393 0.773011 0
    outer loop
      vertex 27.1668 29.236 5
      vertex 28.3033 28.3033 1
      vertex 27.1668 29.236 1
    endloop
  endfacet
  facet normal -0.956936 0.290298 0
    outer loop
      vertex 15.6441 24.4632 1
      vertex 16.0709 25.8701 5
      vertex 16.0709 25.8701 1
    endloop
  endfacet
  facet normal -0.956936 0.290298 0
    outer loop
      vertex 16.0709 25.8701 5
      vertex 15.6441 24.4632 1
      vertex 15.6441 24.4632 5
    endloop
  endfacet
  facet normal 0.995186 -0.0980086 0
    outer loop
      vertex 30.3559 21.5368 5
      vertex 30.5 23 1
      vertex 30.5 23 5
    endloop
  endfacet
  facet normal 0.995186 -0.0980086 0
    outer loop
      vertex 30.5 23 1
      vertex 30.3559 21.5368 5
      vertex 30.3559 21.5368 1
    endloop
  endfacet
  facet normal -0.290298 -0.956936 0
    outer loop
      vertex 20.1299 16.0709 1
      vertex 21.5368 15.6441 5
      vertex 20.1299 16.0709 5
    endloop
  endfacet
  facet normal -0.290298 -0.956936 -0
    outer loop
      vertex 21.5368 15.6441 5
      vertex 20.1299 16.0709 1
      vertex 21.5368 15.6441 1
    endloop
  endfacet
  facet normal 0.773011 0.634393 0
    outer loop
      vertex 29.236 27.1668 5
      vertex 28.3033 28.3033 1
      vertex 28.3033 28.3033 5
    endloop
  endfacet
  facet normal 0.773011 0.634393 0
    outer loop
      vertex 28.3033 28.3033 1
      vertex 29.236 27.1668 5
      vertex 29.236 27.1668 1
    endloop
  endfacet
  facet normal -0.290298 0.956936 0
    outer loop
      vertex 21.5368 30.3559 1
      vertex 20.1299 29.9291 5
      vertex 21.5368 30.3559 5
    endloop
  endfacet
  facet normal -0.290298 0.956936 0
    outer loop
      vertex 20.1299 29.9291 5
      vertex 21.5368 30.3559 1
      vertex 20.1299 29.9291 1
    endloop
  endfacet
  facet normal -0.881921 0.471396 0
    outer loop
      vertex 16.0709 25.8701 1
      vertex 16.764 27.1668 5
      vertex 16.764 27.1668 1
    endloop
  endfacet
  facet normal -0.881921 0.471396 0
    outer loop
      vertex 16.764 27.1668 5
      vertex 16.0709 25.8701 1
      vertex 16.0709 25.8701 5
    endloop
  endfacet
  facet normal 0.881921 0.471396 0
    outer loop
      vertex 29.9291 25.8701 5
      vertex 29.236 27.1668 1
      vertex 29.236 27.1668 5
    endloop
  endfacet
  facet normal 0.881921 0.471396 0
    outer loop
      vertex 29.236 27.1668 1
      vertex 29.9291 25.8701 5
      vertex 29.9291 25.8701 1
    endloop
  endfacet
  facet normal 0.471396 0.881921 -0
    outer loop
      vertex 27.1668 29.236 1
      vertex 25.8701 29.9291 5
      vertex 27.1668 29.236 5
    endloop
  endfacet
  facet normal 0.471396 0.881921 0
    outer loop
      vertex 25.8701 29.9291 5
      vertex 27.1668 29.236 1
      vertex 25.8701 29.9291 1
    endloop
  endfacet
  facet normal 0.0980086 0.995186 -0
    outer loop
      vertex 24.4632 30.3559 1
      vertex 23 30.5 5
      vertex 24.4632 30.3559 5
    endloop
  endfacet
  facet normal 0.0980086 0.995186 0
    outer loop
      vertex 23 30.5 5
      vertex 24.4632 30.3559 1
      vertex 23 30.5 1
    endloop
  endfacet
  facet normal -0.995186 0.0980086 0
    outer loop
      vertex 15.5 23 1
      vertex 15.6441 24.4632 5
      vertex 15.6441 24.4632 1
    endloop
  endfacet
  facet normal -0.995186 0.0980086 0
    outer loop
      vertex 15.6441 24.4632 5
      vertex 15.5 23 1
      vertex 15.5 23 5
    endloop
  endfacet
  facet normal -0.773011 0.634393 0
    outer loop
      vertex 16.764 27.1668 1
      vertex 17.6967 28.3033 5
      vertex 17.6967 28.3033 1
    endloop
  endfacet
  facet normal -0.773011 0.634393 0
    outer loop
      vertex 17.6967 28.3033 5
      vertex 16.764 27.1668 1
      vertex 16.764 27.1668 5
    endloop
  endfacet
  facet normal -0.471396 0.881921 0
    outer loop
      vertex 20.1299 29.9291 1
      vertex 18.8332 29.236 5
      vertex 20.1299 29.9291 5
    endloop
  endfacet
  facet normal -0.471396 0.881921 0
    outer loop
      vertex 18.8332 29.236 5
      vertex 20.1299 29.9291 1
      vertex 18.8332 29.236 1
    endloop
  endfacet
  facet normal -0.0980086 0.995186 0
    outer loop
      vertex 23 30.5 1
      vertex 21.5368 30.3559 5
      vertex 23 30.5 5
    endloop
  endfacet
  facet normal -0.0980086 0.995186 0
    outer loop
      vertex 21.5368 30.3559 5
      vertex 23 30.5 1
      vertex 21.5368 30.3559 1
    endloop
  endfacet
  facet normal -0.634393 0.773011 0
    outer loop
      vertex 18.8332 29.236 1
      vertex 17.6967 28.3033 5
      vertex 18.8332 29.236 5
    endloop
  endfacet
  facet normal -0.634393 0.773011 0
    outer loop
      vertex 17.6967 28.3033 5
      vertex 18.8332 29.236 1
      vertex 17.6967 28.3033 1
    endloop
  endfacet
  facet normal 0.995186 0.0980086 0
    outer loop
      vertex 30.5 23 5
      vertex 30.3559 24.4632 1
      vertex 30.3559 24.4632 5
    endloop
  endfacet
  facet normal 0.995186 0.0980086 0
    outer loop
      vertex 30.3559 24.4632 1
      vertex 30.5 23 5
      vertex 30.5 23 1
    endloop
  endfacet
  facet normal 0.0980086 -0.995186 0
    outer loop
      vertex 23 15.5 1
      vertex 24.4632 15.6441 5
      vertex 23 15.5 5
    endloop
  endfacet
  facet normal 0.0980086 -0.995186 0
    outer loop
      vertex 24.4632 15.6441 5
      vertex 23 15.5 1
      vertex 24.4632 15.6441 1
    endloop
  endfacet
  facet normal 0.956936 -0.290298 0
    outer loop
      vertex 29.9291 20.1299 5
      vertex 30.3559 21.5368 1
      vertex 30.3559 21.5368 5
    endloop
  endfacet
  facet normal 0.956936 -0.290298 0
    outer loop
      vertex 30.3559 21.5368 1
      vertex 29.9291 20.1299 5
      vertex 29.9291 20.1299 1
    endloop
  endfacet
  facet normal 0.290298 -0.956936 0
    outer loop
      vertex 24.4632 15.6441 1
      vertex 25.8701 16.0709 5
      vertex 24.4632 15.6441 5
    endloop
  endfacet
  facet normal 0.290298 -0.956936 0
    outer loop
      vertex 25.8701 16.0709 5
      vertex 24.4632 15.6441 1
      vertex 25.8701 16.0709 1
    endloop
  endfacet
  facet normal 0.471396 -0.881921 0
    outer loop
      vertex 25.8701 16.0709 1
      vertex 27.1668 16.764 5
      vertex 25.8701 16.0709 5
    endloop
  endfacet
  facet normal 0.471396 -0.881921 0
    outer loop
      vertex 27.1668 16.764 5
      vertex 25.8701 16.0709 1
      vertex 27.1668 16.764 1
    endloop
  endfacet
  facet normal -0.0980086 -0.995186 0
    outer loop
      vertex 21.5368 15.6441 1
      vertex 23 15.5 5
      vertex 21.5368 15.6441 5
    endloop
  endfacet
  facet normal -0.0980086 -0.995186 -0
    outer loop
      vertex 23 15.5 5
      vertex 21.5368 15.6441 1
      vertex 23 15.5 1
    endloop
  endfacet
  facet normal -0.634393 -0.773011 0
    outer loop
      vertex 17.6967 17.6967 1
      vertex 18.8332 16.764 5
      vertex 17.6967 17.6967 5
    endloop
  endfacet
  facet normal -0.634393 -0.773011 -0
    outer loop
      vertex 18.8332 16.764 5
      vertex 17.6967 17.6967 1
      vertex 18.8332 16.764 1
    endloop
  endfacet
  facet normal -0.881921 -0.471396 0
    outer loop
      vertex 16.764 18.8332 1
      vertex 16.0709 20.1299 5
      vertex 16.0709 20.1299 1
    endloop
  endfacet
  facet normal -0.881921 -0.471396 0
    outer loop
      vertex 16.0709 20.1299 5
      vertex 16.764 18.8332 1
      vertex 16.764 18.8332 5
    endloop
  endfacet
  facet normal -0.995186 -0.0980086 0
    outer loop
      vertex 15.6441 21.5368 1
      vertex 15.5 23 5
      vertex 15.5 23 1
    endloop
  endfacet
  facet normal -0.995186 -0.0980086 0
    outer loop
      vertex 15.5 23 5
      vertex 15.6441 21.5368 1
      vertex 15.6441 21.5368 5
    endloop
  endfacet
  facet normal 0.956936 0.290298 0
    outer loop
      vertex 30.3559 24.4632 5
      vertex 29.9291 25.8701 1
      vertex 29.9291 25.8701 5
    endloop
  endfacet
  facet normal 0.956936 0.290298 0
    outer loop
      vertex 29.9291 25.8701 1
      vertex 30.3559 24.4632 5
      vertex 30.3559 24.4632 1
    endloop
  endfacet
  facet normal 0.290298 0.956936 -0
    outer loop
      vertex 25.8701 29.9291 1
      vertex 24.4632 30.3559 5
      vertex 25.8701 29.9291 5
    endloop
  endfacet
  facet normal 0.290298 0.956936 0
    outer loop
      vertex 24.4632 30.3559 5
      vertex 25.8701 29.9291 1
      vertex 24.4632 30.3559 1
    endloop
  endfacet
  facet normal 0 0 1
    outer loop
      vertex 27.5 23 5
      vertex 30.5 23 5
      vertex 30.3559 24.4632 5
    endloop
  endfacet
  facet normal 0 0 1
    outer loop
      vertex 27.4135 23.8779 5
      vertex 30.3559 24.4632 5
      vertex 29.9291 25.8701 5
    endloop
  endfacet
  facet normal 0 0 1
    outer loop
      vertex 30.5 23 5
      vertex 27.5 23 5
      vertex 30.3559 21.5368 5
    endloop
  endfacet
  facet normal 0 0 1
    outer loop
      vertex 27.1575 24.7221 5
      vertex 29.9291 25.8701 5
      vertex 29.236 27.1668 5
    endloop
  endfacet
  facet normal -0 0 1
    outer loop
      vertex 27.4135 22.1221 5
      vertex 30.3559 21.5368 5
      vertex 27.5 23 5
    endloop
  endfacet
  facet normal 0 0 1
    outer loop
      vertex 26.7416 25.5001 5
      vertex 29.236 27.1668 5
      vertex 28.3033 28.3033 5
    endloop
  endfacet
  facet normal 0 0 1
    outer loop
      vertex 30.3559 21.5368 5
      vertex 27.4135 22.1221 5
      vertex 29.9291 20.1299 5
    endloop
  endfacet
  facet normal -0 0 1
    outer loop
      vertex 27.1575 21.2779 5
      vertex 29.9291 20.1299 5
      vertex 27.4135 22.1221 5
    endloop
  endfacet
  facet normal 0 0 1
    outer loop
      vertex 30.3559 24.4632 5
      vertex 27.4135 23.8779 5
      vertex 27.5 23 5
    endloop
  endfacet
  facet normal 0 0 1
    outer loop
      vertex 26.182 26.182 5
      vertex 28.3033 28.3033 5
      vertex 27.1668 29.236 5
    endloop
  endfacet
  facet normal 0 0 1
    outer loop
      vertex 29.9291 25.8701 5
      vertex 27.1575 24.7221 5
      vertex 27.4135 23.8779 5
    endloop
  endfacet
  facet normal 0 0 1
    outer loop
      vertex 29.236 27.1668 5
      vertex 26.7416 25.5001 5
      vertex 27.1575 24.7221 5
    endloop
  endfacet
  facet normal 0 0 1
    outer loop
      vertex 28.3033 28.3033 5
      vertex 26.182 26.182 5
      vertex 26.7416 25.5001 5
    endloop
  endfacet
  facet normal 0 0 1
    outer loop
      vertex 25.5001 26.7416 5
      vertex 27.1668 29.236 5
      vertex 25.8701 29.9291 5
    endloop
  endfacet
  facet normal 0 0 1
    outer loop
      vertex 27.1668 29.236 5
      vertex 25.5001 26.7416 5
      vertex 26.182 26.182 5
    endloop
  endfacet
  facet normal 0 0 1
    outer loop
      vertex 25.8701 29.9291 5
      vertex 24.7221 27.1575 5
      vertex 25.5001 26.7416 5
    endloop
  endfacet
  facet normal 0 0 1
    outer loop
      vertex 24.4632 30.3559 5
      vertex 24.7221 27.1575 5
      vertex 25.8701 29.9291 5
    endloop
  endfacet
  facet normal 0 0 1
    outer loop
      vertex 24.4632 30.3559 5
      vertex 23.8779 27.4135 5
      vertex 24.7221 27.1575 5
    endloop
  endfacet
  facet normal 0 0 1
    outer loop
      vertex 23 30.5 5
      vertex 23.8779 27.4135 5
      vertex 24.4632 30.3559 5
    endloop
  endfacet
  facet normal 0 0 1
    outer loop
      vertex 23 30.5 5
      vertex 23 27.5 5
      vertex 23.8779 27.4135 5
    endloop
  endfacet
  facet normal 0 0 1
    outer loop
      vertex 23 30.5 5
      vertex 22.1221 27.4135 5
      vertex 23 27.5 5
    endloop
  endfacet
  facet normal -0 0 1
    outer loop
      vertex 21.5368 30.3559 5
      vertex 22.1221 27.4135 5
      vertex 23 30.5 5
    endloop
  endfacet
  facet normal 0 0 1
    outer loop
      vertex 21.5368 30.3559 5
      vertex 21.2779 27.1575 5
      vertex 22.1221 27.4135 5
    endloop
  endfacet
  facet normal -0 0 1
    outer loop
      vertex 20.1299 29.9291 5
      vertex 21.2779 27.1575 5
      vertex 21.5368 30.3559 5
    endloop
  endfacet
  facet normal 0 0 1
    outer loop
      vertex 21.2779 27.1575 5
      vertex 20.1299 29.9291 5
      vertex 20.4999 26.7416 5
    endloop
  endfacet
  facet normal -0 0 1
    outer loop
      vertex 18.8332 29.236 5
      vertex 20.4999 26.7416 5
      vertex 20.1299 29.9291 5
    endloop
  endfacet
  facet normal 0 0 1
    outer loop
      vertex 20.4999 26.7416 5
      vertex 18.8332 29.236 5
      vertex 19.818 26.182 5
    endloop
  endfacet
  facet normal -0 0 1
    outer loop
      vertex 17.6967 28.3033 5
      vertex 19.818 26.182 5
      vertex 18.8332 29.236 5
    endloop
  endfacet
  facet normal 0 0 1
    outer loop
      vertex 19.818 26.182 5
      vertex 17.6967 28.3033 5
      vertex 19.2584 25.5001 5
    endloop
  endfacet
  facet normal -0 0 1
    outer loop
      vertex 16.764 27.1668 5
      vertex 19.2584 25.5001 5
      vertex 17.6967 28.3033 5
    endloop
  endfacet
  facet normal 0 0 1
    outer loop
      vertex 19.2584 25.5001 5
      vertex 16.764 27.1668 5
      vertex 18.8425 24.7221 5
    endloop
  endfacet
  facet normal -0 0 1
    outer loop
      vertex 16.0709 25.8701 5
      vertex 18.8425 24.7221 5
      vertex 16.764 27.1668 5
    endloop
  endfacet
  facet normal 0 0 1
    outer loop
      vertex 29.9291 20.1299 5
      vertex 27.1575 21.2779 5
      vertex 29.236 18.8332 5
    endloop
  endfacet
  facet normal -0 0 1
    outer loop
      vertex 26.7416 20.4999 5
      vertex 29.236 18.8332 5
      vertex 27.1575 21.2779 5
    endloop
  endfacet
  facet normal 0 0 1
    outer loop
      vertex 29.236 18.8332 5
      vertex 26.7416 20.4999 5
      vertex 28.3033 17.6967 5
    endloop
  endfacet
  facet normal -0 0 1
    outer loop
      vertex 26.182 19.818 5
      vertex 28.3033 17.6967 5
      vertex 26.7416 20.4999 5
    endloop
  endfacet
  facet normal 0 0 1
    outer loop
      vertex 28.3033 17.6967 5
      vertex 26.182 19.818 5
      vertex 27.1668 16.764 5
    endloop
  endfacet
  facet normal -0 0 1
    outer loop
      vertex 25.5001 19.2584 5
      vertex 27.1668 16.764 5
      vertex 26.182 19.818 5
    endloop
  endfacet
  facet normal 0 0 1
    outer loop
      vertex 27.1668 16.764 5
      vertex 25.5001 19.2584 5
      vertex 25.8701 16.0709 5
    endloop
  endfacet
  facet normal -0 0 1
    outer loop
      vertex 24.7221 18.8425 5
      vertex 25.8701 16.0709 5
      vertex 25.5001 19.2584 5
    endloop
  endfacet
  facet normal 0 0 1
    outer loop
      vertex 24.7221 18.8425 5
      vertex 24.4632 15.6441 5
      vertex 25.8701 16.0709 5
    endloop
  endfacet
  facet normal -0 0 1
    outer loop
      vertex 23.8779 18.5865 5
      vertex 24.4632 15.6441 5
      vertex 24.7221 18.8425 5
    endloop
  endfacet
  facet normal -0 0 1
    outer loop
      vertex 23 18.5 5
      vertex 24.4632 15.6441 5
      vertex 23.8779 18.5865 5
    endloop
  endfacet
  facet normal 0 0 1
    outer loop
      vertex 23 18.5 5
      vertex 23 15.5 5
      vertex 24.4632 15.6441 5
    endloop
  endfacet
  facet normal 0 0 1
    outer loop
      vertex 22.1221 18.5865 5
      vertex 23 15.5 5
      vertex 23 18.5 5
    endloop
  endfacet
  facet normal 0 0 1
    outer loop
      vertex 22.1221 18.5865 5
      vertex 21.5368 15.6441 5
      vertex 23 15.5 5
    endloop
  endfacet
  facet normal 0 0 1
    outer loop
      vertex 21.2779 18.8425 5
      vertex 21.5368 15.6441 5
      vertex 22.1221 18.5865 5
    endloop
  endfacet
  facet normal 0 0 1
    outer loop
      vertex 20.1299 16.0709 5
      vertex 21.2779 18.8425 5
      vertex 20.4999 19.2584 5
    endloop
  endfacet
  facet normal 0 0 1
    outer loop
      vertex 21.2779 18.8425 5
      vertex 20.1299 16.0709 5
      vertex 21.5368 15.6441 5
    endloop
  endfacet
  facet normal 0 0 1
    outer loop
      vertex 18.8332 16.764 5
      vertex 20.4999 19.2584 5
      vertex 19.818 19.818 5
    endloop
  endfacet
  facet normal 0 0 1
    outer loop
      vertex 17.6967 17.6967 5
      vertex 19.818 19.818 5
      vertex 19.2584 20.4999 5
    endloop
  endfacet
  facet normal 0 0 1
    outer loop
      vertex 16.764 18.8332 5
      vertex 19.2584 20.4999 5
      vertex 18.8425 21.2779 5
    endloop
  endfacet
  facet normal 0 0 1
    outer loop
      vertex 20.4999 19.2584 5
      vertex 18.8332 16.764 5
      vertex 20.1299 16.0709 5
    endloop
  endfacet
  facet normal 0 0 1
    outer loop
      vertex 16.0709 20.1299 5
      vertex 18.8425 21.2779 5
      vertex 18.5865 22.1221 5
    endloop
  endfacet
  facet normal 0 0 1
    outer loop
      vertex 15.6441 21.5368 5
      vertex 18.5865 22.1221 5
      vertex 18.5 23 5
    endloop
  endfacet
  facet normal 0 0 1
    outer loop
      vertex 18.8425 24.7221 5
      vertex 16.0709 25.8701 5
      vertex 18.5865 23.8779 5
    endloop
  endfacet
  facet normal 0 0 1
    outer loop
      vertex 19.818 19.818 5
      vertex 17.6967 17.6967 5
      vertex 18.8332 16.764 5
    endloop
  endfacet
  facet normal -0 0 1
    outer loop
      vertex 15.6441 24.4632 5
      vertex 18.5865 23.8779 5
      vertex 16.0709 25.8701 5
    endloop
  endfacet
  facet normal 0 0 1
    outer loop
      vertex 19.2584 20.4999 5
      vertex 16.764 18.8332 5
      vertex 17.6967 17.6967 5
    endloop
  endfacet
  facet normal 0 0 1
    outer loop
      vertex 18.5865 23.8779 5
      vertex 15.6441 24.4632 5
      vertex 18.5 23 5
    endloop
  endfacet
  facet normal 0 0 1
    outer loop
      vertex 18.8425 21.2779 5
      vertex 16.0709 20.1299 5
      vertex 16.764 18.8332 5
    endloop
  endfacet
  facet normal 0 0 1
    outer loop
      vertex 15.5 23 5
      vertex 18.5 23 5
      vertex 15.6441 24.4632 5
    endloop
  endfacet
  facet normal 0 0 1
    outer loop
      vertex 18.5865 22.1221 5
      vertex 15.6441 21.5368 5
      vertex 16.0709 20.1299 5
    endloop
  endfacet
  facet normal 0 0 1
    outer loop
      vertex 18.5 23 5
      vertex 15.5 23 5
      vertex 15.6441 21.5368 5
    endloop
  endfacet
  facet normal 0.773011 -0.634393 0
    outer loop
      vertex 28.3033 17.6967 5
      vertex 29.236 18.8332 1
      vertex 29.236 18.8332 5
    endloop
  endfacet
  facet normal 0.773011 -0.634393 0
    outer loop
      vertex 29.236 18.8332 1
      vertex 28.3033 17.6967 5
      vertex 28.3033 17.6967 1
    endloop
  endfacet
  facet normal 0.881921 -0.471396 0
    outer loop
      vertex 29.236 18.8332 5
      vertex 29.9291 20.1299 1
      vertex 29.9291 20.1299 5
    endloop
  endfacet
  facet normal 0.881921 -0.471396 0
    outer loop
      vertex 29.9291 20.1299 1
      vertex 29.236 18.8332 5
      vertex 29.236 18.8332 1
    endloop
  endfacet
  facet normal 0.634393 -0.773011 0
    outer loop
      vertex 27.1668 16.764 1
      vertex 28.3033 17.6967 5
      vertex 27.1668 16.764 5
    endloop
  endfacet
  facet normal 0.634393 -0.773011 0
    outer loop
      vertex 28.3033 17.6967 5
      vertex 27.1668 16.764 1
      vertex 28.3033 17.6967 1
    endloop
  endfacet
  facet normal -0.471396 -0.881921 0
    outer loop
      vertex 18.8332 16.764 1
      vertex 20.1299 16.0709 5
      vertex 18.8332 16.764 5
    endloop
  endfacet
  facet normal -0.471396 -0.881921 -0
    outer loop
      vertex 20.1299 16.0709 5
      vertex 18.8332 16.764 1
      vertex 20.1299 16.0709 1
    endloop
  endfacet
  facet normal -0.956936 -0.290298 0
    outer loop
      vertex 16.0709 20.1299 1
      vertex 15.6441 21.5368 5
      vertex 15.6441 21.5368 1
    endloop
  endfacet
  facet normal -0.956936 -0.290298 0
    outer loop
      vertex 15.6441 21.5368 5
      vertex 16.0709 20.1299 1
      vertex 16.0709 20.1299 5
    endloop
  endfacet
  facet normal -0.773011 -0.634393 0
    outer loop
      vertex 17.6967 17.6967 1
      vertex 16.764 18.8332 5
      vertex 16.764 18.8332 1
    endloop
  endfacet
  facet normal -0.773011 -0.634393 0
    outer loop
      vertex 16.764 18.8332 5
      vertex 17.6967 17.6967 1
      vertex 17.6967 17.6967 5
    endloop
  endfacet
  facet normal -0.634379 -0.773022 0
    outer loop
      vertex 25.5001 26.7416 2
      vertex 26.182 26.182 5
      vertex 25.5001 26.7416 5
    endloop
  endfacet
  facet normal -0.634379 -0.773022 -0
    outer loop
      vertex 26.182 26.182 5
      vertex 25.5001 26.7416 2
      vertex 26.182 26.182 2
    endloop
  endfacet
  facet normal -0.995181 0.0980558 0
    outer loop
      vertex 27.4135 22.1221 2
      vertex 27.5 23 5
      vertex 27.5 23 2
    endloop
  endfacet
  facet normal -0.995181 0.0980558 0
    outer loop
      vertex 27.5 23 5
      vertex 27.4135 22.1221 2
      vertex 27.4135 22.1221 5
    endloop
  endfacet
  facet normal 0.290196 0.956967 -0
    outer loop
      vertex 22.1221 18.5865 2
      vertex 21.2779 18.8425 5
      vertex 22.1221 18.5865 5
    endloop
  endfacet
  facet normal 0.290196 0.956967 0
    outer loop
      vertex 21.2779 18.8425 5
      vertex 22.1221 18.5865 2
      vertex 21.2779 18.8425 2
    endloop
  endfacet
  facet normal -0.956967 -0.290196 0
    outer loop
      vertex 27.4135 23.8779 2
      vertex 27.1575 24.7221 5
      vertex 27.1575 24.7221 2
    endloop
  endfacet
  facet normal -0.956967 -0.290196 0
    outer loop
      vertex 27.1575 24.7221 5
      vertex 27.4135 23.8779 2
      vertex 27.4135 23.8779 5
    endloop
  endfacet
  facet normal 0.290196 -0.956967 0
    outer loop
      vertex 21.2779 27.1575 2
      vertex 22.1221 27.4135 5
      vertex 21.2779 27.1575 5
    endloop
  endfacet
  facet normal 0.290196 -0.956967 0
    outer loop
      vertex 22.1221 27.4135 5
      vertex 21.2779 27.1575 2
      vertex 22.1221 27.4135 2
    endloop
  endfacet
  facet normal 0.881898 -0.471441 0
    outer loop
      vertex 18.8425 24.7221 5
      vertex 19.2584 25.5001 2
      vertex 19.2584 25.5001 5
    endloop
  endfacet
  facet normal 0.881898 -0.471441 0
    outer loop
      vertex 19.2584 25.5001 2
      vertex 18.8425 24.7221 5
      vertex 18.8425 24.7221 2
    endloop
  endfacet
  facet normal 0.881898 0.471441 0
    outer loop
      vertex 19.2584 20.4999 5
      vertex 18.8425 21.2779 2
      vertex 18.8425 21.2779 5
    endloop
  endfacet
  facet normal 0.881898 0.471441 0
    outer loop
      vertex 18.8425 21.2779 2
      vertex 19.2584 20.4999 5
      vertex 19.2584 20.4999 2
    endloop
  endfacet
  facet normal -0.881898 -0.471441 0
    outer loop
      vertex 27.1575 24.7221 2
      vertex 26.7416 25.5001 5
      vertex 26.7416 25.5001 2
    endloop
  endfacet
  facet normal -0.881898 -0.471441 0
    outer loop
      vertex 26.7416 25.5001 5
      vertex 27.1575 24.7221 2
      vertex 27.1575 24.7221 5
    endloop
  endfacet
  facet normal -0.773022 -0.634379 0
    outer loop
      vertex 26.7416 25.5001 2
      vertex 26.182 26.182 5
      vertex 26.182 26.182 2
    endloop
  endfacet
  facet normal -0.773022 -0.634379 0
    outer loop
      vertex 26.182 26.182 5
      vertex 26.7416 25.5001 2
      vertex 26.7416 25.5001 5
    endloop
  endfacet
  facet normal -0.471441 -0.881898 0
    outer loop
      vertex 24.7221 27.1575 2
      vertex 25.5001 26.7416 5
      vertex 24.7221 27.1575 5
    endloop
  endfacet
  facet normal -0.471441 -0.881898 -0
    outer loop
      vertex 25.5001 26.7416 5
      vertex 24.7221 27.1575 2
      vertex 25.5001 26.7416 2
    endloop
  endfacet
  facet normal -0.0980558 -0.995181 0
    outer loop
      vertex 23 27.5 2
      vertex 23.8779 27.4135 5
      vertex 23 27.5 5
    endloop
  endfacet
  facet normal -0.0980558 -0.995181 -0
    outer loop
      vertex 23.8779 27.4135 5
      vertex 23 27.5 2
      vertex 23.8779 27.4135 2
    endloop
  endfacet
  facet normal 0.995181 -0.0980558 0
    outer loop
      vertex 18.5 23 5
      vertex 18.5865 23.8779 2
      vertex 18.5865 23.8779 5
    endloop
  endfacet
  facet normal 0.995181 -0.0980558 0
    outer loop
      vertex 18.5865 23.8779 2
      vertex 18.5 23 5
      vertex 18.5 23 2
    endloop
  endfacet
  facet normal 0.773022 -0.634379 0
    outer loop
      vertex 19.2584 25.5001 5
      vertex 19.818 26.182 2
      vertex 19.818 26.182 5
    endloop
  endfacet
  facet normal 0.773022 -0.634379 0
    outer loop
      vertex 19.818 26.182 2
      vertex 19.2584 25.5001 5
      vertex 19.2584 25.5001 2
    endloop
  endfacet
  facet normal 0.471441 -0.881898 0
    outer loop
      vertex 20.4999 26.7416 2
      vertex 21.2779 27.1575 5
      vertex 20.4999 26.7416 5
    endloop
  endfacet
  facet normal 0.471441 -0.881898 0
    outer loop
      vertex 21.2779 27.1575 5
      vertex 20.4999 26.7416 2
      vertex 21.2779 27.1575 2
    endloop
  endfacet
  facet normal 0.0980558 -0.995181 0
    outer loop
      vertex 22.1221 27.4135 2
      vertex 23 27.5 5
      vertex 22.1221 27.4135 5
    endloop
  endfacet
  facet normal 0.0980558 -0.995181 0
    outer loop
      vertex 23 27.5 5
      vertex 22.1221 27.4135 2
      vertex 23 27.5 2
    endloop
  endfacet
  facet normal 0.634379 -0.773022 0
    outer loop
      vertex 19.818 26.182 2
      vertex 20.4999 26.7416 5
      vertex 19.818 26.182 5
    endloop
  endfacet
  facet normal 0.634379 -0.773022 0
    outer loop
      vertex 20.4999 26.7416 5
      vertex 19.818 26.182 2
      vertex 20.4999 26.7416 2
    endloop
  endfacet
  facet normal -0.995181 -0.0980558 0
    outer loop
      vertex 27.5 23 2
      vertex 27.4135 23.8779 5
      vertex 27.4135 23.8779 2
    endloop
  endfacet
  facet normal -0.995181 -0.0980558 0
    outer loop
      vertex 27.4135 23.8779 5
      vertex 27.5 23 2
      vertex 27.5 23 5
    endloop
  endfacet
  facet normal -0.0980558 0.995181 0
    outer loop
      vertex 23.8779 18.5865 2
      vertex 23 18.5 5
      vertex 23.8779 18.5865 5
    endloop
  endfacet
  facet normal -0.0980558 0.995181 0
    outer loop
      vertex 23 18.5 5
      vertex 23.8779 18.5865 2
      vertex 23 18.5 2
    endloop
  endfacet
  facet normal -0.773022 0.634379 0
    outer loop
      vertex 26.182 19.818 2
      vertex 26.7416 20.4999 5
      vertex 26.7416 20.4999 2
    endloop
  endfacet
  facet normal -0.773022 0.634379 0
    outer loop
      vertex 26.7416 20.4999 5
      vertex 26.182 19.818 2
      vertex 26.182 19.818 5
    endloop
  endfacet
  facet normal -0.290196 0.956967 0
    outer loop
      vertex 24.7221 18.8425 2
      vertex 23.8779 18.5865 5
      vertex 24.7221 18.8425 5
    endloop
  endfacet
  facet normal -0.290196 0.956967 0
    outer loop
      vertex 23.8779 18.5865 5
      vertex 24.7221 18.8425 2
      vertex 23.8779 18.5865 2
    endloop
  endfacet
  facet normal -0.471441 0.881898 0
    outer loop
      vertex 25.5001 19.2584 2
      vertex 24.7221 18.8425 5
      vertex 25.5001 19.2584 5
    endloop
  endfacet
  facet normal -0.471441 0.881898 0
    outer loop
      vertex 24.7221 18.8425 5
      vertex 25.5001 19.2584 2
      vertex 24.7221 18.8425 2
    endloop
  endfacet
  facet normal 0.0980558 0.995181 -0
    outer loop
      vertex 23 18.5 2
      vertex 22.1221 18.5865 5
      vertex 23 18.5 5
    endloop
  endfacet
  facet normal 0.0980558 0.995181 0
    outer loop
      vertex 22.1221 18.5865 5
      vertex 23 18.5 2
      vertex 22.1221 18.5865 2
    endloop
  endfacet
  facet normal 0.634379 0.773022 -0
    outer loop
      vertex 20.4999 19.2584 2
      vertex 19.818 19.818 5
      vertex 20.4999 19.2584 5
    endloop
  endfacet
  facet normal 0.634379 0.773022 0
    outer loop
      vertex 19.818 19.818 5
      vertex 20.4999 19.2584 2
      vertex 19.818 19.818 2
    endloop
  endfacet
  facet normal 0.995181 0.0980558 0
    outer loop
      vertex 18.5865 22.1221 5
      vertex 18.5 23 2
      vertex 18.5 23 5
    endloop
  endfacet
  facet normal 0.995181 0.0980558 0
    outer loop
      vertex 18.5 23 2
      vertex 18.5865 22.1221 5
      vertex 18.5865 22.1221 2
    endloop
  endfacet
  facet normal 0 0 1
    outer loop
      vertex 27.4135 23.8779 2
      vertex 27.4135 22.1221 2
      vertex 27.5 23 2
    endloop
  endfacet
  facet normal 0 0 1
    outer loop
      vertex 27.1575 24.7221 2
      vertex 27.4135 22.1221 2
      vertex 27.4135 23.8779 2
    endloop
  endfacet
  facet normal 0 0 1
    outer loop
      vertex 27.1575 24.7221 2
      vertex 27.1575 21.2779 2
      vertex 27.4135 22.1221 2
    endloop
  endfacet
  facet normal 0 0 1
    outer loop
      vertex 26.7416 25.5001 2
      vertex 27.1575 21.2779 2
      vertex 27.1575 24.7221 2
    endloop
  endfacet
  facet normal 0 0 1
    outer loop
      vertex 26.7416 25.5001 2
      vertex 26.7416 20.4999 2
      vertex 27.1575 21.2779 2
    endloop
  endfacet
  facet normal 0 0 1
    outer loop
      vertex 26.182 26.182 2
      vertex 26.7416 20.4999 2
      vertex 26.7416 25.5001 2
    endloop
  endfacet
  facet normal 0 0 1
    outer loop
      vertex 26.182 26.182 2
      vertex 26.182 19.818 2
      vertex 26.7416 20.4999 2
    endloop
  endfacet
  facet normal 0 0 1
    outer loop
      vertex 25.5001 26.7416 2
      vertex 26.182 19.818 2
      vertex 26.182 26.182 2
    endloop
  endfacet
  facet normal 0 0 1
    outer loop
      vertex 25.5001 26.7416 2
      vertex 25.5001 19.2584 2
      vertex 26.182 19.818 2
    endloop
  endfacet
  facet normal 0 0 1
    outer loop
      vertex 24.7221 27.1575 2
      vertex 25.5001 19.2584 2
      vertex 25.5001 26.7416 2
    endloop
  endfacet
  facet normal 0 0 1
    outer loop
      vertex 24.7221 27.1575 2
      vertex 24.7221 18.8425 2
      vertex 25.5001 19.2584 2
    endloop
  endfacet
  facet normal 0 0 1
    outer loop
      vertex 23.8779 27.4135 2
      vertex 24.7221 18.8425 2
      vertex 24.7221 27.1575 2
    endloop
  endfacet
  facet normal 0 0 1
    outer loop
      vertex 23.8779 27.4135 2
      vertex 23.8779 18.5865 2
      vertex 24.7221 18.8425 2
    endloop
  endfacet
  facet normal 0 0 1
    outer loop
      vertex 23 27.5 2
      vertex 23.8779 18.5865 2
      vertex 23.8779 27.4135 2
    endloop
  endfacet
  facet normal 0 0 1
    outer loop
      vertex 23 27.5 2
      vertex 23 18.5 2
      vertex 23.8779 18.5865 2
    endloop
  endfacet
  facet normal -0 0 1
    outer loop
      vertex 22.1221 27.4135 2
      vertex 23 18.5 2
      vertex 23 27.5 2
    endloop
  endfacet
  facet normal 0 0 1
    outer loop
      vertex 22.1221 27.4135 2
      vertex 22.1221 18.5865 2
      vertex 23 18.5 2
    endloop
  endfacet
  facet normal -0 0 1
    outer loop
      vertex 21.2779 27.1575 2
      vertex 22.1221 18.5865 2
      vertex 22.1221 27.4135 2
    endloop
  endfacet
  facet normal 0 0 1
    outer loop
      vertex 21.2779 27.1575 2
      vertex 21.2779 18.8425 2
      vertex 22.1221 18.5865 2
    endloop
  endfacet
  facet normal -0 0 1
    outer loop
      vertex 20.4999 26.7416 2
      vertex 21.2779 18.8425 2
      vertex 21.2779 27.1575 2
    endloop
  endfacet
  facet normal 0 0 1
    outer loop
      vertex 20.4999 26.7416 2
      vertex 20.4999 19.2584 2
      vertex 21.2779 18.8425 2
    endloop
  endfacet
  facet normal -0 0 1
    outer loop
      vertex 19.818 26.182 2
      vertex 20.4999 19.2584 2
      vertex 20.4999 26.7416 2
    endloop
  endfacet
  facet normal 0 0 1
    outer loop
      vertex 19.818 26.182 2
      vertex 19.818 19.818 2
      vertex 20.4999 19.2584 2
    endloop
  endfacet
  facet normal -0 0 1
    outer loop
      vertex 19.2584 25.5001 2
      vertex 19.818 19.818 2
      vertex 19.818 26.182 2
    endloop
  endfacet
  facet normal 0 0 1
    outer loop
      vertex 19.2584 25.5001 2
      vertex 19.2584 20.4999 2
      vertex 19.818 19.818 2
    endloop
  endfacet
  facet normal -0 0 1
    outer loop
      vertex 18.8425 24.7221 2
      vertex 19.2584 20.4999 2
      vertex 19.2584 25.5001 2
    endloop
  endfacet
  facet normal 0 0 1
    outer loop
      vertex 18.8425 24.7221 2
      vertex 18.8425 21.2779 2
      vertex 19.2584 20.4999 2
    endloop
  endfacet
  facet normal -0 0 1
    outer loop
      vertex 18.5865 23.8779 2
      vertex 18.8425 21.2779 2
      vertex 18.8425 24.7221 2
    endloop
  endfacet
  facet normal 0 0 1
    outer loop
      vertex 18.5865 23.8779 2
      vertex 18.5865 22.1221 2
      vertex 18.8425 21.2779 2
    endloop
  endfacet
  facet normal 0 -0 1
    outer loop
      vertex 18.5865 22.1221 2
      vertex 18.5865 23.8779 2
      vertex 18.5 23 2
    endloop
  endfacet
  facet normal -0.290196 -0.956967 0
    outer loop
      vertex 23.8779 27.4135 2
      vertex 24.7221 27.1575 5
      vertex 23.8779 27.4135 5
    endloop
  endfacet
  facet normal -0.290196 -0.956967 -0
    outer loop
      vertex 24.7221 27.1575 5
      vertex 23.8779 27.4135 2
      vertex 24.7221 27.1575 2
    endloop
  endfacet
  facet normal 0.956967 -0.290196 0
    outer loop
      vertex 18.5865 23.8779 5
      vertex 18.8425 24.7221 2
      vertex 18.8425 24.7221 5
    endloop
  endfacet
  facet normal 0.956967 -0.290196 0
    outer loop
      vertex 18.8425 24.7221 2
      vertex 18.5865 23.8779 5
      vertex 18.5865 23.8779 2
    endloop
  endfacet
  facet normal -0.956967 0.290196 0
    outer loop
      vertex 27.1575 21.2779 2
      vertex 27.4135 22.1221 5
      vertex 27.4135 22.1221 2
    endloop
  endfacet
  facet normal -0.956967 0.290196 0
    outer loop
      vertex 27.4135 22.1221 5
      vertex 27.1575 21.2779 2
      vertex 27.1575 21.2779 5
    endloop
  endfacet
  facet normal -0.634379 0.773022 0
    outer loop
      vertex 26.182 19.818 2
      vertex 25.5001 19.2584 5
      vertex 26.182 19.818 5
    endloop
  endfacet
  facet normal -0.634379 0.773022 0
    outer loop
      vertex 25.5001 19.2584 5
      vertex 26.182 19.818 2
      vertex 25.5001 19.2584 2
    endloop
  endfacet
  facet normal 0.471441 0.881898 -0
    outer loop
      vertex 21.2779 18.8425 2
      vertex 20.4999 19.2584 5
      vertex 21.2779 18.8425 5
    endloop
  endfacet
  facet normal 0.471441 0.881898 0
    outer loop
      vertex 20.4999 19.2584 5
      vertex 21.2779 18.8425 2
      vertex 20.4999 19.2584 2
    endloop
  endfacet
  facet normal 0.956967 0.290196 0
    outer loop
      vertex 18.8425 21.2779 5
      vertex 18.5865 22.1221 2
      vertex 18.5865 22.1221 5
    endloop
  endfacet
  facet normal 0.956967 0.290196 0
    outer loop
      vertex 18.5865 22.1221 2
      vertex 18.8425 21.2779 5
      vertex 18.8425 21.2779 2
    endloop
  endfacet
  facet normal 0.773022 0.634379 0
    outer loop
      vertex 19.818 19.818 5
      vertex 19.2584 20.4999 2
      vertex 19.2584 20.4999 5
    endloop
  endfacet
  facet normal 0.773022 0.634379 0
    outer loop
      vertex 19.2584 20.4999 2
      vertex 19.818 19.818 5
      vertex 19.818 19.818 2
    endloop
  endfacet
  facet normal -0.881898 0.471441 0
    outer loop
      vertex 26.7416 20.4999 2
      vertex 27.1575 21.2779 5
      vertex 27.1575 21.2779 2
    endloop
  endfacet
  facet normal -0.881898 0.471441 0
    outer loop
      vertex 27.1575 21.2779 5
      vertex 26.7416 20.4999 2
      vertex 26.7416 20.4999 5
    endloop
  endfacet
endsolid OpenSCAD_Model
